HIERARCHY
ROOT Hips
{
    OFFSET 0.000000 97.120003 0.000000
    CHANNELS 6 Xposition Yposition Zposition Yrotation Xrotation Zrotation
    JOINT RightUpLeg
    {
        OFFSET -11.000000 -0.000000 0.000000
        CHANNELS 3 Yrotation Xrotation Zrotation
        JOINT RightLeg
        {
            OFFSET 0.000000 -45.062000 0.000000
            CHANNELS 3 Yrotation Xrotation Zrotation
            JOINT RightFoot
            {
                OFFSET 0.000000 -42.057999 0.000000
                CHANNELS 3 Yrotation Xrotation Zrotation
                End Site
                {
                    OFFSET 0.000000 -10.000000 15.120000
                }
            }
        }
    }
    JOINT LeftUpLeg
    {
        OFFSET 11.000000 -0.000000 0.000000
        CHANNELS 3 Yrotation Xrotation Zrotation
        JOINT LeftLeg
        {
            OFFSET 0.000000 -45.062000 0.000000
            CHANNELS 3 Yrotation Xrotation Zrotation
            JOINT LeftFoot
            {
                OFFSET 0.000000 -42.057999 0.000000
                CHANNELS 3 Yrotation Xrotation Zrotation
                End Site
                {
                    OFFSET 0.000000 -10.000000 15.120000
                }
            }
        }
    }
    JOINT Spine
    {
        OFFSET 0.000000 8.120000 0.000000
        CHANNELS 3 Yrotation Xrotation Zrotation
        JOINT Spine1
        {
            OFFSET 0.000000 17.980000 0.000000
            CHANNELS 3 Yrotation Xrotation Zrotation
            JOINT Spine2
            {
                OFFSET 0.000000 12.760000 0.000000
                CHANNELS 3 Yrotation Xrotation Zrotation
                JOINT Neck
                {
                    OFFSET 0.000000 19.139999 0.000000
                    CHANNELS 3 Yrotation Xrotation Zrotation
                    JOINT Neck1
                    {
                        OFFSET 0.000000 4.250000 0.000000
                        CHANNELS 3 Yrotation Xrotation Zrotation
                        JOINT Head
                        {
                            OFFSET 0.000000 4.250000 0.000000
                            CHANNELS 3 Yrotation Xrotation Zrotation
                            End Site
                            {
                                OFFSET 0.000000 19.120001 0.000000
                            }
                        }
                    }
                }
                JOINT RightShoulder
                {
                    OFFSET -2.900000 13.340000 0.000000
                    CHANNELS 3 Yrotation Xrotation Zrotation
                    JOINT RightArm
                    {
                        OFFSET -16.100000 0.000000 0.000000
                        CHANNELS 3 Yrotation Xrotation Zrotation
                        JOINT RightForeArm
                        {
                            OFFSET -28.000000 0.000000 0.000000
                            CHANNELS 3 Yrotation Xrotation Zrotation
                            JOINT RightHand
                            {
                                OFFSET -26.000000 0.000000 0.000000
                                CHANNELS 3 Yrotation Xrotation Zrotation
                                JOINT RightHandThumb1
                                {
                                    OFFSET -1.937000 -0.484000 2.518000
                                    CHANNELS 3 Yrotation Xrotation Zrotation
                                    JOINT RightHandThumb2
                                    {
                                        OFFSET -3.872000 0.000000 0.000000
                                        CHANNELS 3 Yrotation Xrotation Zrotation
                                        JOINT RightHandThumb3
                                        {
                                            OFFSET -2.690000 0.000000 0.000000
                                            CHANNELS 3 Yrotation Xrotation Zrotation
                                            End Site
                                            {
                                                OFFSET -2.537000 0.000000 0.000000
                                            }
                                        }
                                    }
                                }
                                JOINT RightInHandIndex
                                {
                                    OFFSET -3.389000 0.535000 2.080000
                                    CHANNELS 3 Yrotation Xrotation Zrotation
                                    JOINT RightHandIndex1
                                    {
                                        OFFSET -5.485000 -0.096000 1.051000
                                        CHANNELS 3 Yrotation Xrotation Zrotation
                                        JOINT RightHandIndex2
                                        {
                                            OFFSET -3.806000 0.000000 0.000000
                                            CHANNELS 3 Yrotation Xrotation Zrotation
                                            JOINT RightHandIndex3
                                            {
                                                OFFSET -2.158000 0.000000 0.000000
                                                CHANNELS 3 Yrotation Xrotation Zrotation
                                                End Site
                                                {
                                                    OFFSET -1.898000 0.000000 0.000000
                                                }
                                            }
                                        }
                                    }
                                }
                                JOINT RightInHandMiddle
                                {
                                    OFFSET -3.556000 0.544000 0.796000
                                    CHANNELS 3 Yrotation Xrotation Zrotation
                                    JOINT RightHandMiddle1
                                    {
                                        OFFSET -5.441000 -0.088000 0.330000
                                        CHANNELS 3 Yrotation Xrotation Zrotation
                                        JOINT RightHandMiddle2
                                        {
                                            OFFSET -4.153000 0.000000 0.000000
                                            CHANNELS 3 Yrotation Xrotation Zrotation
                                            JOINT RightHandMiddle3
                                            {
                                                OFFSET -2.603000 0.000000 0.000000
                                                CHANNELS 3 Yrotation Xrotation Zrotation
                                                End Site
                                                {
                                                    OFFSET -2.076000 0.000000 0.000000
                                                }
                                            }
                                        }
                                    }
                                }
                                JOINT RightInHandRing
                                {
                                    OFFSET -3.539000 0.566000 -0.136000
                                    CHANNELS 3 Yrotation Xrotation Zrotation
                                    JOINT RightHandRing1
                                    {
                                        OFFSET -4.873000 -0.023000 -0.504000
                                        CHANNELS 3 Yrotation Xrotation Zrotation
                                        JOINT RightHandRing2
                                        {
                                            OFFSET -3.619000 0.000000 0.000000
                                            CHANNELS 3 Yrotation Xrotation Zrotation
                                            JOINT RightHandRing3
                                            {
                                                OFFSET -2.511000 0.000000 0.000000
                                                CHANNELS 3 Yrotation Xrotation Zrotation
                                                End Site
                                                {
                                                    OFFSET -1.952000 0.000000 0.000000
                                                }
                                            }
                                        }
                                    }
                                }
                                JOINT RightInHandPinky
                                {
                                    OFFSET -3.324000 0.494000 -1.264000
                                    CHANNELS 3 Yrotation Xrotation Zrotation
                                    JOINT RightHandPinky1
                                    {
                                        OFFSET -4.354000 -0.023000 -1.147000
                                        CHANNELS 3 Yrotation Xrotation Zrotation
                                        JOINT RightHandPinky2
                                        {
                                            OFFSET -2.898000 0.000000 0.000000
                                            CHANNELS 3 Yrotation Xrotation Zrotation
                                            JOINT RightHandPinky3
                                            {
                                                OFFSET -1.831000 0.000000 0.000000
                                                CHANNELS 3 Yrotation Xrotation Zrotation
                                                End Site
                                                {
                                                    OFFSET -1.730000 0.000000 0.000000
                                                }
                                            }
                                        }
                                    }
                                }
                            }
                        }
                    }
                }
                JOINT LeftShoulder
                {
                    OFFSET 2.900000 13.340000 0.000000
                    CHANNELS 3 Yrotation Xrotation Zrotation
                    JOINT LeftArm
                    {
                        OFFSET 16.100000 0.000000 0.000000
                        CHANNELS 3 Yrotation Xrotation Zrotation
                        JOINT LeftForeArm
                        {
                            OFFSET 28.000000 0.000000 0.000000
                            CHANNELS 3 Yrotation Xrotation Zrotation
                            JOINT LeftHand
                            {
                                OFFSET 26.000000 0.000000 0.000000
                                CHANNELS 3 Yrotation Xrotation Zrotation
                                JOINT LeftHandThumb1
                                {
                                    OFFSET 1.937000 -0.484000 2.518000
                                    CHANNELS 3 Yrotation Xrotation Zrotation
                                    JOINT LeftHandThumb2
                                    {
                                        OFFSET 3.872000 0.000000 0.000000
                                        CHANNELS 3 Yrotation Xrotation Zrotation
                                        JOINT LeftHandThumb3
                                        {
                                            OFFSET 2.690000 0.000000 0.000000
                                            CHANNELS 3 Yrotation Xrotation Zrotation
                                            End Site
                                            {
                                                OFFSET 2.537000 0.000000 0.000000
                                            }
                                        }
                                    }
                                }
                                JOINT LeftInHandIndex
                                {
                                    OFFSET 3.389000 0.535000 2.080000
                                    CHANNELS 3 Yrotation Xrotation Zrotation
                                    JOINT LeftHandIndex1
                                    {
                                        OFFSET 5.485000 -0.096000 1.051000
                                        CHANNELS 3 Yrotation Xrotation Zrotation
                                        JOINT LeftHandIndex2
                                        {
                                            OFFSET 3.806000 0.000000 0.000000
                                            CHANNELS 3 Yrotation Xrotation Zrotation
                                            JOINT LeftHandIndex3
                                            {
                                                OFFSET 2.158000 0.000000 0.000000
                                                CHANNELS 3 Yrotation Xrotation Zrotation
                                                End Site
                                                {
                                                    OFFSET 1.898000 0.000000 0.000000
                                                }
                                            }
                                        }
                                    }
                                }
                                JOINT LeftInHandMiddle
                                {
                                    OFFSET 3.556000 0.544000 0.796000
                                    CHANNELS 3 Yrotation Xrotation Zrotation
                                    JOINT LeftHandMiddle1
                                    {
                                        OFFSET 5.441000 -0.088000 0.330000
                                        CHANNELS 3 Yrotation Xrotation Zrotation
                                        JOINT LeftHandMiddle2
                                        {
                                            OFFSET 4.153000 0.000000 0.000000
                                            CHANNELS 3 Yrotation Xrotation Zrotation
                                            JOINT LeftHandMiddle3
                                            {
                                                OFFSET 2.603000 0.000000 0.000000
                                                CHANNELS 3 Yrotation Xrotation Zrotation
                                                End Site
                                                {
                                                    OFFSET 2.076000 0.000000 0.000000
                                                }
                                            }
                                        }
                                    }
                                }
                                JOINT LeftInHandRing
                                {
                                    OFFSET 3.539000 0.566000 -0.136000
                                    CHANNELS 3 Yrotation Xrotation Zrotation
                                    JOINT LeftHandRing1
                                    {
                                        OFFSET 4.873000 -0.023000 -0.504000
                                        CHANNELS 3 Yrotation Xrotation Zrotation
                                        JOINT LeftHandRing2
                                        {
                                            OFFSET 3.619000 0.000000 0.000000
                                            CHANNELS 3 Yrotation Xrotation Zrotation
                                            JOINT LeftHandRing3
                                            {
                                                OFFSET 2.511000 0.000000 0.000000
                                                CHANNELS 3 Yrotation Xrotation Zrotation
                                                End Site
                                                {
                                                    OFFSET 1.952000 0.000000 0.000000
                                                }
                                            }
                                        }
                                    }
                                }
                                JOINT LeftInHandPinky
                                {
                                    OFFSET 3.324000 0.494000 -1.264000
                                    CHANNELS 3 Yrotation Xrotation Zrotation
                                    JOINT LeftHandPinky1
                                    {
                                        OFFSET 4.354000 -0.023000 -1.147000
                                        CHANNELS 3 Yrotation Xrotation Zrotation
                                        JOINT LeftHandPinky2
                                        {
                                            OFFSET 2.898000 0.000000 0.000000
                                            CHANNELS 3 Yrotation Xrotation Zrotation
                                            JOINT LeftHandPinky3
                                            {
                                                OFFSET 1.831000 0.000000 0.000000
                                                CHANNELS 3 Yrotation Xrotation Zrotation
                                                End Site
                                                {
                                                    OFFSET 1.730000 0.000000 0.000000
                                                }
                                            }
                                        }
                                    }
                                }
                            }
                        }
                    }
                }
            }
        }
    }
}
MOTION
Frames: 492
Frame Time: 0.011111
0.000000 97.119995 0.000000 0.000000 0.000000 0.000000 0.000000 0.000000 0.000000 0.000000 0.000000 0.000000 0.000000 0.000000 0.000000 0.000000 0.000000 0.000000 0.000000 0.000000 0.000000 0.000000 0.000000 0.000000 0.000000 0.000000 0.000000 0.000000 0.000000 0.000000 0.000000 0.000000 0.000000 0.000000 0.000000 0.000000 0.000000 0.000000 0.000000 0.000000 0.000000 0.000000 0.000000 0.000000 0.000000 0.000000 0.000000 0.000000 0.000000 0.000000 0.000000 0.000000 0.000000 0.000000 0.000000 0.000000 0.000000 0.000000 0.000000 0.000000 0.000000 0.000000 0.000000 0.000000 0.000000 0.000000 0.000000 0.000000 0.000000 0.000000 0.000000 0.000000 0.000000 0.000000 0.000000 0.000000 0.000000 0.000000 0.000000 0.000000 0.000000 0.000000 0.000000 0.000000 0.000000 0.000000 0.000000 0.000000 0.000000 0.000000 0.000000 0.000000 0.000000 0.000000 0.000000 0.000000 0.000000 0.000000 0.000000 0.000000 0.000000 0.000000 0.000000 0.000000 0.000000 0.000000 0.000000 0.000000 0.000000 0.000000 0.000000 0.000000 0.000000 0.000000 0.000000 0.000000 0.000000 0.000000 0.000000 0.000000 0.000000 0.000000 0.000000 0.000000 0.000000 0.000000 0.000000 0.000000 0.000000 0.000000 0.000000 0.000000 0.000000 0.000000 0.000000 0.000000 0.000000 0.000000 0.000000 0.000000 0.000000 0.000000 0.000000 0.000000 0.000000 0.000000 0.000000 0.000000 0.000000 0.000000 0.000000 0.000000 0.000000 0.000000 0.000000 0.000000 0.000000 0.000000 0.000000 0.000000 0.000000 0.000000 0.000000 0.000000 0.000000 0.000000 0.000000 0.000000 0.000000 0.000000 0.000000 0.000000 0.000000 0.000000 0.000000 0.000000 0.000000 0.000000 0.000000 0.000000
2.304968 97.108337 -0.530223 89.253746 -176.510986 179.853989 0.248265 5.805557 -0.892820 176.761627 179.250412 -179.925385 0.579068 -4.447035 -0.268154 11.021812 3.901098 3.321831 171.447754 178.301010 179.662796 179.154099 -176.532593 176.632904 0.496757 4.080706 0.107984 0.496935 4.001818 0.155824 2.305539 2.887325 0.359224 0.000010 -4.012675 0.457195 0.000003 -4.681480 0.473532 172.099457 -176.617538 -179.245102 7.891748 0.371740 -0.084606 21.425102 -8.593924 78.616936 177.820419 -174.551483 -178.845245 176.144363 178.381958 175.397354 47.610756 39.117764 7.825200 0.000009 -0.000011 9.113754 0.000008 -0.000004 6.069737 180.000000 180.000000 179.999985 15.000010 0.000006 30.556341 0.000001 0.000007 25.000654 180.000000 180.000000 -162.499542 180.000000 180.000000 179.999985 0.000003 -0.000008 36.058502 0.000006 -0.000005 36.058495 180.000000 179.999985 -155.985031 180.000000 180.000000 179.999985 170.000000 -180.000000 -146.276077 0.000001 0.000005 33.723911 180.000000 -179.999985 -157.539871 180.000000 180.000000 179.999985 160.000015 -180.000000 -160.481216 0.000006 -0.000005 29.278166 180.000000 179.999985 -160.500748 176.041534 -178.150711 179.478500 164.867432 -170.995941 98.570999 0.513506 2.708132 0.309481 9.852386 8.603855 0.649703 124.314117 127.024864 162.931259 179.999985 -179.999985 173.683456 179.999985 -179.999985 175.793182 180.000000 -179.999985 -179.999985 165.000015 -179.999985 154.188812 180.000000 179.999985 158.881790 0.000003 0.000004 -14.782778 180.000000 -179.999985 -179.999985 0.000021 -0.000012 -32.067196 0.000011 0.000000 -32.067211 0.000008 -0.000007 -21.356745 180.000000 -179.999985 -179.999985 10.000054 -0.000009 -30.669138 0.000047 -0.000035 -30.669127 0.000022 -0.000024 -20.425652 180.000000 -179.999985 -179.999985 20.000057 -0.000025 -24.282162 0.000087 -0.000052 -36.423283 0.000039 -0.000068 -24.257872
2.312206 97.107002 -0.526513 89.247147 -176.496063 179.853012 0.241472 5.811196 -0.896240 176.772308 179.241119 -179.923401 0.581985 -4.447114 -0.267220 11.008070 3.894588 3.318522 171.440414 178.261459 179.662369 179.182281 -176.511932 176.641876 0.499197 4.092533 0.109029 0.500385 4.013390 0.158105 2.321568 2.895404 0.363756 179.999985 -175.964661 -179.559219 0.000030 -4.707883 0.456504 172.103882 -176.596680 -179.252701 7.891979 0.371729 -0.101565 21.429800 -8.606656 78.641548 177.811951 -174.578232 -178.849808 176.138504 178.376648 175.399963 47.682465 39.147160 7.958385 180.000000 180.000000 -170.861755 180.000000 179.999985 -173.913940 0.000002 -0.000000 0.000000 15.000009 0.000010 30.561825 0.000006 -0.000005 25.005117 180.000000 179.999985 -162.496414 0.000002 -0.000000 0.000000 0.000012 0.000009 36.059181 0.000002 -0.000006 36.059196 179.999985 179.999985 -155.984573 0.000002 -0.000000 0.000000 170.000000 179.999985 -146.280609 0.000003 -0.000014 33.719379 179.999985 179.999985 -157.542892 0.000002 -0.000000 0.000000 160.000015 -179.999985 -160.478348 0.000012 -0.000007 29.282495 179.999985 -180.000000 -160.497849 176.021393 -178.137009 179.509445 164.876495 -170.984741 98.532982 0.521326 2.777190 0.332958 9.876227 8.830868 0.762357 124.324348 127.062241 162.947800 179.999985 -179.999985 173.679306 179.999985 179.999985 175.790436 0.000000 -0.000000 0.000000 165.000031 -179.999985 154.180573 0.000033 -0.000018 -21.124987 0.000022 -0.000008 -14.787480 0.000000 -0.000000 0.000000 0.000036 0.000005 -32.068039 0.000033 -0.000017 -32.068024 179.999985 -179.999969 158.642700 0.000000 -0.000000 0.000000 10.000051 0.000005 -30.654402 0.000026 -0.000025 -30.654408 0.000013 -0.000032 -20.415825 0.000000 -0.000000 0.000000 20.000019 -0.000000 -24.255436 0.000056 -0.000034 -36.383163 0.000013 -0.000043 -24.231188
2.319348 97.106956 -0.522066 89.240120 -176.480637 179.851471 0.231220 5.817363 -0.898869 176.786697 179.233139 -179.923218 0.584996 -4.446012 -0.265005 10.995886 3.892867 3.313419 171.432114 178.230316 179.667191 179.210495 -176.497955 176.644608 0.502073 4.103117 0.109744 0.503774 4.023758 0.159586 2.337071 2.902650 0.367152 0.000009 -4.069374 0.416827 179.999985 -175.252396 -179.568268 172.138077 -176.565048 -179.265305 7.891647 0.374557 -0.115452 21.443657 -8.619795 78.665688 177.798386 -174.603958 -178.853912 176.135117 178.377197 175.402817 47.682964 39.150490 7.958133 0.000002 -0.000002 9.136916 0.000002 -0.000002 6.085193 0.000000 -0.000002 0.000000 15.000000 -0.000003 30.543982 0.000004 0.000016 24.990507 0.000011 0.000001 17.493361 0.000000 -0.000002 0.000000 179.999985 -179.999985 -143.941284 179.999985 179.999985 -143.941284 180.000000 180.000000 -155.984909 0.000000 -0.000002 0.000000 170.000000 179.999985 -146.276611 180.000000 179.999985 -146.276627 0.000012 -0.000010 22.459755 0.000000 -0.000002 0.000000 160.000000 179.999985 -160.474838 0.000002 -0.000000 29.287710 0.000006 -0.000006 19.505617 175.999435 -178.124802 179.530655 164.891663 -170.973709 98.521622 0.536438 2.917438 0.358493 9.888220 8.979569 0.835414 124.302582 127.049294 162.910187 179.999985 179.999985 173.674454 180.000000 -180.000000 175.787186 0.000002 -0.000000 0.000000 165.000046 -179.999985 154.187973 0.000026 -0.000008 -21.118921 0.000015 -0.000011 -14.783241 0.000002 -0.000000 0.000000 0.000005 -0.000000 -32.052258 0.000010 -0.000009 -32.052250 0.000010 0.000000 -21.346794 0.000002 -0.000000 0.000000 10.000028 -0.000012 -30.637325 0.000030 -0.000004 -30.637342 0.000012 -0.000010 -20.404457 0.000002 -0.000000 0.000000 20.000044 -0.000003 -24.246765 0.000057 -0.000041 -36.370163 0.000010 -0.000047 -24.222517
2.326221 97.107285 -0.516127 89.233833 -176.465439 179.849701 0.216981 5.823215 -0.902958 176.801727 179.227127 -179.922562 0.590196 -4.442955 -0.262516 10.982728 3.896005 3.307681 171.427673 178.207840 179.673386 179.233353 -176.488678 176.644196 0.504636 4.112181 0.110594 0.506190 4.032640 0.161235 2.348239 2.908857 0.370370 180.000000 -175.902832 -179.603333 180.000000 -175.219986 -179.589172 172.173874 -176.539093 -179.276535 7.895897 0.378207 -0.127134 21.465733 -8.626918 78.691216 177.784622 -174.621979 -178.861755 176.135590 178.380478 175.412216 47.691891 39.143417 7.957699 180.000000 -180.000000 -170.865494 180.000000 -179.999985 -173.916397 0.000002 -0.000002 -0.000003 15.000006 -0.000003 30.576971 180.000000 -179.999985 -154.982452 179.999985 179.999985 -162.487732 0.000002 -0.000002 -0.000003 0.000006 -0.000002 36.057880 0.000009 0.000004 36.057880 180.000000 -179.999985 -155.985458 0.000002 -0.000002 -0.000003 170.000000 -179.999985 -146.281921 0.000001 -0.000008 33.718102 180.000000 -180.000000 -157.543747 0.000002 -0.000002 -0.000003 160.000015 179.999985 -160.477448 0.000009 -0.000006 29.283815 180.000000 179.999985 -160.496979 175.985672 -178.108719 179.550919 164.908737 -170.966263 98.518822 0.550716 3.052704 0.371463 9.897250 9.103855 0.899722 124.291740 127.051147 162.893051 180.000000 -179.999985 173.671295 180.000000 180.000000 175.785095 0.000000 0.000000 -0.000002 165.000046 179.999985 154.200058 0.000023 -0.000010 -21.109034 0.000011 -0.000008 -14.776325 0.000000 0.000000 -0.000002 0.000011 -0.000006 -32.050510 0.000003 0.000001 -32.050537 0.000001 -0.000005 -21.345648 0.000000 0.000000 -0.000002 10.000001 -0.000008 -30.622330 0.000019 0.000000 -30.622351 180.000000 -179.999985 159.605530 0.000000 0.000000 -0.000002 20.000002 0.000003 -24.216717 0.000034 -0.000005 -36.325119 0.000009 -0.000028 -24.192499
2.332759 97.107452 -0.510164 89.225883 -176.452789 179.850708 0.202709 5.826587 -0.909338 176.816483 179.220657 -179.923172 0.598181 -4.440331 -0.259024 10.969303 3.899214 3.300226 171.429214 178.188309 179.676224 179.250046 -176.479279 176.643616 0.507447 4.119796 0.111161 0.508776 4.040122 0.161821 2.360176 2.914104 0.372314 0.000009 -4.116388 0.381352 180.000000 -175.197556 -179.605026 172.197784 -176.521042 -179.285049 7.898529 0.373601 -0.138230 21.489929 -8.624361 78.723312 177.771500 -174.633423 -178.874100 176.138550 178.381622 175.422882 47.692924 39.141991 7.956737 0.000002 -0.000000 9.133966 180.000000 179.999985 -173.916779 0.000000 -0.000002 -0.000003 15.000006 -0.000012 30.578142 0.000004 0.000004 25.018471 180.000000 -179.999985 -162.487061 0.000000 -0.000002 -0.000003 0.000006 -0.000002 36.047821 180.000000 179.999985 -143.952194 0.000000 0.000002 24.007847 0.000000 -0.000002 -0.000003 170.000015 -179.999985 -146.284805 180.000000 179.999985 -146.284805 180.000000 179.999985 -157.545670 0.000000 -0.000002 -0.000003 160.000015 -179.999985 -160.478180 0.000000 0.000007 29.282749 0.000009 -0.000008 19.502295 175.976974 -178.083405 179.572571 164.921509 -170.968811 98.510902 0.564581 3.169178 0.381542 9.900731 9.196839 0.953185 124.287354 127.057144 162.883636 180.000000 179.999985 173.667786 180.000000 -180.000000 175.782730 0.000000 -0.000000 0.000000 165.000015 -180.000000 154.213028 0.000010 -0.000014 -21.098436 0.000006 -0.000017 -14.768899 0.000000 -0.000000 0.000000 180.000000 -180.000000 147.955475 0.000004 -0.000002 -32.044548 0.000001 -0.000003 -21.341661 0.000000 -0.000000 0.000000 9.999999 0.000001 -30.616812 0.000017 0.000003 -30.616804 180.000000 -179.999985 159.609192 0.000000 -0.000000 0.000000 19.999992 -0.000006 -24.199987 0.000015 -0.000008 -36.300003 0.000011 -0.000001 -24.175817
2.339118 97.107681 -0.504675 89.222443 -176.437393 179.854843 0.187180 5.834004 -0.917396 176.823288 179.215164 -179.926849 0.610497 -4.436714 -0.251191 10.956984 3.899073 3.291767 171.425446 178.163635 179.675446 179.262466 -176.471588 176.640976 0.509898 4.131462 0.111850 0.511423 4.051544 0.162436 2.372443 2.922251 0.374379 179.999985 -175.853088 -179.643021 180.000000 -175.161911 -179.630249 172.235931 -176.492386 -179.298737 7.900378 0.377422 -0.150115 21.520473 -8.626266 78.747871 177.754578 -174.652588 -178.889786 176.148224 178.392807 175.441208 47.685726 39.123562 7.930114 180.000000 -180.000000 -170.870651 0.000005 -0.000002 6.080133 0.000002 0.000000 -0.000002 15.000006 0.000003 30.574795 180.000000 -180.000000 -154.984253 180.000000 179.999985 -162.488983 0.000002 0.000000 -0.000002 0.000016 0.000000 36.068863 180.000000 -179.999985 -143.931122 0.000011 0.000000 24.021866 0.000002 0.000000 -0.000002 170.000000 179.999985 -146.288467 180.000000 179.999985 -146.288483 0.000013 -0.000004 22.451878 0.000002 0.000000 -0.000002 160.000015 179.999985 -160.470551 0.000008 -0.000002 29.294180 0.000001 0.000003 19.509941 175.963287 -178.051788 179.592865 164.949875 -170.970718 98.503502 0.584487 3.385768 0.403563 9.904928 9.335565 1.035006 124.396103 127.218788 163.044205 0.000003 0.000000 -6.339725 0.000002 -0.000002 -4.222261 0.000003 -0.000000 0.000000 164.999710 179.999969 154.155762 179.999786 179.999878 158.854721 179.999893 179.999863 165.198303 0.000003 -0.000000 0.000000 179.999863 179.999985 147.916183 179.999893 179.999924 147.916168 179.999969 179.999908 158.632187 0.000003 -0.000000 0.000000 9.999854 0.000008 -30.653318 179.999878 179.999908 149.346680 179.999969 179.999893 159.584885 0.000003 -0.000000 0.000000 19.999851 0.000018 -24.231758 179.999817 179.999908 143.652344 179.999954 179.999847 155.792450
2.338696 97.107773 -0.501213 89.184425 -176.426926 179.849487 0.203713 5.841363 -0.913930 176.844818 179.215286 -179.927597 0.609628 -4.435420 -0.247012 10.937925 3.924556 3.305938 171.470993 178.176697 179.661545 179.278748 -176.467422 176.650192 0.515618 4.125012 0.112715 0.516923 4.045223 0.163366 2.398079 2.917353 0.377076 0.000018 -4.126388 0.366899 180.000000 -175.185883 -179.619995 172.237167 -176.510757 -179.295151 7.883357 0.317804 -0.161274 21.553837 -8.579268 78.834709 177.737320 -174.599823 -178.905472 176.140610 178.365738 175.424637 47.694080 39.144905 7.965381 0.000002 -0.000000 9.136918 0.000000 0.000003 6.085185 0.000005 0.000000 -0.000003 15.000000 0.000005 30.583088 180.000000 180.000000 -154.977463 0.000009 -0.000009 17.515764 0.000005 0.000000 -0.000003 0.000002 0.000012 36.078087 0.000005 -0.000007 36.078075 180.000000 -179.999985 -155.972015 0.000005 0.000000 -0.000003 170.000000 -179.999985 -146.281525 0.000007 -0.000001 33.718456 180.000000 -180.000000 -157.543503 0.000005 0.000000 -0.000003 160.000015 -180.000000 -160.466232 180.000000 179.999985 -150.699356 0.000002 -0.000007 19.514229 175.969467 -178.036285 179.588898 164.888931 -171.013428 98.501221 0.577693 3.161005 0.387505 9.884408 9.075686 0.918597 124.081917 126.774864 162.574951 180.000000 180.000000 173.674866 0.000003 0.000000 -4.212546 0.000003 -0.000000 0.000002 165.000000 -179.999985 154.377655 180.000000 179.999985 159.036255 179.999985 -179.999985 165.325378 0.000003 -0.000000 0.000002 180.000000 179.999985 148.036514 179.999985 179.999985 148.036530 180.000000 179.999985 158.712326 0.000003 -0.000000 0.000002 9.999992 -0.000002 -30.521832 179.999985 179.999985 149.478165 179.999985 179.999985 159.672455 0.000003 -0.000000 0.000002 19.999998 0.000004 -24.086910 179.999985 179.999985 143.869659 180.000000 179.999985 155.937180
2.341402 97.107910 -0.496662 89.170280 -176.414352 179.847961 0.200001 5.845752 -0.916356 176.860748 179.208435 -179.928513 0.611796 -4.434565 -0.242601 10.924905 3.928221 3.304389 171.474899 178.157425 179.659363 179.301270 -176.456161 176.655899 0.519172 4.130363 0.114041 0.520306 4.050473 0.164579 2.413853 2.920914 0.379934 0.000007 -4.139197 0.355293 179.999985 -175.170944 -179.632004 172.254120 -176.498611 -179.301773 7.880365 0.303516 -0.174226 21.574106 -8.573802 78.875397 177.723785 -174.604568 -178.916382 176.140396 178.363129 175.427200 47.690910 39.139339 7.955765 0.000000 -0.000000 9.135214 0.000005 -0.000002 6.084051 0.000002 0.000000 -0.000003 15.000009 0.000003 30.581249 179.999985 179.999985 -154.978943 0.000000 -0.000000 17.514711 0.000002 0.000000 -0.000003 0.000002 -0.000006 36.076012 180.000000 179.999985 -143.923965 0.000004 0.000000 24.026638 0.000002 0.000000 -0.000003 170.000015 180.000000 -146.286926 0.000000 0.000002 33.713047 0.000003 -0.000003 22.452896 0.000002 0.000000 -0.000003 160.000015 -180.000000 -160.461136 179.999985 179.999985 -150.691681 180.000000 -180.000000 -160.480667 175.960159 -178.016785 179.606003 164.888702 -171.019272 98.488602 0.585309 3.196823 0.393890 9.889491 9.135911 0.953693 124.141624 126.845970 162.657196 180.000000 180.000000 173.671127 0.000003 0.000000 -4.215020 0.000000 -0.000000 0.000002 165.000000 -179.999985 154.368484 180.000000 179.999985 159.028748 180.000000 179.999985 165.320114 0.000000 -0.000000 0.000002 179.999985 -179.999985 148.017014 179.999985 179.999985 148.017029 0.000005 0.000011 -21.300669 0.000000 -0.000000 0.000002 9.999996 -0.000007 -30.537489 179.999985 179.999985 149.462494 179.999985 179.999985 159.662018 0.000000 -0.000000 0.000002 19.999989 -0.000012 -24.099747 179.999985 179.999985 143.850388 180.000000 179.999985 155.924347
2.345001 97.108017 -0.491488 89.155457 -176.402023 179.846283 0.197297 5.849836 -0.918531 176.878830 179.201218 -179.929688 0.611650 -4.434282 -0.237416 10.912007 3.932437 3.303372 171.479202 178.138596 179.656631 179.324234 -176.444321 176.661896 0.522735 4.135000 0.115670 0.523688 4.055002 0.165490 2.429475 2.924001 0.382374 179.999985 -175.849518 -179.655411 180.000000 -175.157761 -179.643112 172.270538 -176.487823 -179.308060 7.876782 0.287779 -0.186463 21.594213 -8.567871 78.917114 177.710068 -174.608780 -178.927902 176.140472 178.361023 175.428894 47.675938 39.131397 7.938993 180.000000 179.999985 -170.863876 0.000004 0.000002 6.084654 0.000000 -0.000000 0.000000 15.000009 -0.000000 30.581036 0.000006 -0.000006 25.020836 180.000000 180.000000 -162.485413 0.000000 -0.000000 0.000000 0.000011 0.000000 36.075230 0.000002 -0.000003 36.075226 180.000000 -180.000000 -155.973892 0.000000 -0.000000 0.000000 170.000015 -179.999985 -146.271851 180.000000 179.999985 -146.271835 0.000006 -0.000003 22.462957 0.000000 -0.000000 0.000000 160.000000 179.999985 -160.464005 0.000006 0.000004 29.303991 0.000006 -0.000003 19.516449 175.951813 -177.996964 179.621063 164.888947 -171.026108 98.479057 0.593192 3.234448 0.399527 9.892205 9.177186 0.979024 124.225189 126.915924 162.766510 180.000000 179.999985 173.668488 0.000002 0.000003 -4.216798 0.000000 -0.000003 0.000000 165.000000 179.999985 154.351669 180.000000 -179.999985 159.015015 179.999985 179.999985 165.310516 0.000000 -0.000003 0.000000 180.000000 -179.999985 147.995041 180.000000 179.999985 147.995041 179.999985 179.999985 158.684692 0.000000 -0.000003 0.000000 10.000002 0.000005 -30.557791 180.000000 179.999985 149.442230 180.000000 179.999985 159.648514 0.000000 -0.000003 0.000000 20.000002 0.000006 -24.122807 179.999985 -180.000000 143.815796 0.000004 0.000013 -24.098688
2.348946 97.108116 -0.486265 89.140167 -176.389832 179.844406 0.195522 5.853753 -0.920533 176.898376 179.194000 -179.930984 0.609711 -4.434108 -0.231410 10.899096 3.936691 3.302701 171.483826 178.119476 179.653366 179.347397 -176.431702 176.668488 0.526290 4.139058 0.117823 0.526948 4.059006 0.166166 2.444666 2.926697 0.384466 0.000001 -4.159853 0.334958 0.000017 -4.853167 0.346923 172.285416 -176.478806 -179.313766 7.872766 0.270236 -0.198314 21.614065 -8.561150 78.959312 177.696503 -174.612213 -178.939362 176.140945 178.359131 175.429626 47.671440 39.128712 7.931445 0.000001 -0.000004 9.135253 0.000002 -0.000002 6.084084 180.000000 -180.000000 180.000000 15.000008 0.000002 30.580549 180.000000 179.999985 -154.979538 0.000007 -0.000002 17.514320 180.000000 -180.000000 180.000000 0.000000 -0.000000 36.076900 0.000011 -0.000010 36.076878 180.000000 180.000000 -155.972794 180.000000 -180.000000 180.000000 170.000000 -179.999985 -146.276199 0.000005 0.000004 33.723824 180.000000 180.000000 -157.539932 180.000000 -180.000000 180.000000 160.000015 -179.999985 -160.464203 0.000004 -0.000010 29.303701 180.000000 -180.000000 -160.483719 175.944641 -177.976486 179.634842 164.889725 -171.033981 98.470894 0.600553 3.268197 0.403417 9.893353 9.204485 0.996869 124.312996 126.998299 162.876389 180.000000 -180.000000 173.661514 0.000002 0.000002 -4.221439 0.000000 -0.000000 0.000000 165.000000 179.999985 154.327682 180.000000 180.000000 158.995407 180.000000 -179.999985 165.296783 0.000000 -0.000000 0.000000 180.000000 180.000000 147.971832 179.999985 -179.999985 147.971848 0.000013 0.000007 -21.330759 0.000000 -0.000000 0.000000 9.999999 -0.000000 -30.583937 0.000000 0.000000 -30.583927 180.000000 -179.999985 159.631088 0.000000 -0.000000 0.000000 19.999998 -0.000005 -24.148977 180.000000 180.000000 143.776520 0.000002 0.000006 -24.124838
2.352374 97.108200 -0.481051 89.124687 -176.377945 179.842453 0.194865 5.857573 -0.922410 176.918137 179.186737 -179.932434 0.606767 -4.434460 -0.224648 10.885248 3.940517 3.302041 171.489029 178.099258 179.649612 179.371262 -176.418015 176.676132 0.529694 4.142623 0.120645 0.530097 4.062507 0.166559 2.459294 2.929060 0.386107 180.000000 -175.833374 -179.673126 0.000003 -4.861058 0.338545 172.297272 -176.472198 -179.318649 7.868211 0.250556 -0.210015 21.633512 -8.553850 79.002014 177.683243 -174.614655 -178.950790 176.141571 178.357010 175.429276 47.668701 39.128334 7.929795 180.000000 179.999985 -170.864182 0.000002 0.000002 6.084455 0.000000 -0.000000 0.000000 15.000008 -0.000006 30.582272 180.000000 -179.999985 -154.978149 180.000000 179.999985 -162.484711 0.000000 -0.000000 0.000000 0.000003 -0.000003 36.074490 180.000000 179.999985 -143.925507 180.000000 179.999985 -155.974411 0.000000 -0.000000 0.000000 170.000000 179.999985 -146.275772 0.000001 0.000002 33.724224 180.000000 179.999985 -157.539673 0.000000 -0.000000 0.000000 160.000015 179.999985 -160.465240 180.000000 -180.000000 -150.697845 0.000002 -0.000007 19.515224 175.938568 -177.955353 179.647842 164.890610 -171.042969 98.462929 0.607127 3.294994 0.405731 9.892993 9.220831 1.008991 124.376976 127.049622 162.958588 0.000000 0.000000 -6.340886 0.000002 -0.000002 -4.223037 0.000000 -0.000000 0.000000 165.000000 180.000000 154.315918 0.000003 0.000002 -21.014261 180.000000 179.999985 165.290039 0.000000 -0.000000 0.000000 180.000000 179.999985 147.953995 0.000001 -0.000002 -32.045990 180.000000 180.000000 158.657364 0.000000 -0.000000 0.000000 10.000005 -0.000001 -30.606413 0.000001 0.000004 -30.606413 180.000000 179.999985 159.616119 0.000000 -0.000000 0.000000 19.999987 -0.000003 -24.175247 0.000008 0.000004 -36.262882 0.000003 0.000001 -24.151087
2.355201 97.108276 -0.475126 89.109131 -176.366302 179.840424 0.195756 5.861332 -0.924332 176.937271 179.179382 -179.933853 0.603093 -4.435448 -0.217086 10.869845 3.943328 3.300970 171.494736 178.076920 179.645615 179.396530 -176.403137 176.685287 0.532823 4.145767 0.124289 0.533114 4.065627 0.166581 2.473458 2.931186 0.387260 179.999985 -175.828979 -179.679901 0.000009 -4.866197 0.331534 172.306168 -176.467743 -179.322845 7.863166 0.228732 -0.221728 21.652395 -8.546292 79.044853 177.670303 -174.615982 -178.962250 176.142136 178.354645 175.427582 47.660355 39.121685 7.920941 0.000001 -0.000005 9.137247 180.000000 179.999985 -173.914597 0.000000 -0.000000 0.000000 15.000000 0.000004 30.585499 0.000001 0.000003 25.024492 180.000000 -180.000000 -162.482849 0.000000 -0.000000 0.000000 0.000001 -0.000002 36.075554 180.000000 -180.000000 -143.924438 179.999985 180.000000 -155.973694 0.000000 -0.000000 0.000000 170.000000 -179.999985 -146.277023 180.000000 179.999985 -146.276993 0.000006 -0.000003 22.459503 0.000000 -0.000000 0.000000 160.000015 180.000000 -160.464386 180.000000 -179.999985 -150.696548 0.000003 -0.000001 19.516096 175.933060 -177.933823 179.660019 164.891373 -171.052734 98.454597 0.612752 3.315435 0.407225 9.891380 9.227441 1.015916 124.413177 127.080666 163.002014 180.000000 180.000000 173.655823 0.000002 0.000002 -4.225215 0.000000 -0.000000 0.000000 165.000015 -179.999985 154.307190 180.000000 -179.999985 158.978622 0.000003 0.000000 -14.714967 0.000000 -0.000000 0.000000 0.000001 0.000002 -32.055794 0.000003 0.000002 -32.055794 0.000001 -0.000003 -21.349152 0.000000 -0.000000 0.000000 9.999995 0.000007 -30.602470 0.000005 -0.000000 -30.602465 180.000000 180.000000 159.618759 0.000000 -0.000000 0.000000 20.000002 -0.000000 -24.185499 179.999985 -179.999985 143.721756 0.000009 0.000009 -24.161310
2.358565 97.108337 -0.469440 89.093529 -176.354935 179.838165 0.198486 5.864749 -0.926251 176.955338 179.171997 -179.934738 0.598834 -4.436728 -0.208991 10.852776 3.944301 3.299212 171.500824 178.051575 179.642288 179.423233 -176.387192 176.695557 0.535580 4.148566 0.128964 0.536043 4.068408 0.166261 2.487225 2.933102 0.387890 180.000000 -175.826630 -179.685577 180.000000 -175.131073 -179.674347 172.312607 -176.465179 -179.326447 7.857829 0.205550 -0.233420 21.671144 -8.539326 79.087212 177.657639 -174.616333 -178.973557 176.142365 178.352295 175.424561 47.661766 39.121635 7.919289 180.000000 180.000000 -170.864227 0.000000 -0.000000 6.084417 0.000003 0.000002 -0.000003 14.999999 0.000007 30.583801 0.000001 0.000004 25.023108 180.000000 179.999985 -162.483826 0.000003 0.000002 -0.000003 0.000003 0.000010 36.079758 0.000002 -0.000005 36.079750 0.000003 -0.000002 24.029125 0.000003 0.000002 -0.000003 170.000000 -180.000000 -146.276199 180.000000 -179.999985 -146.276199 180.000000 179.999985 -157.539932 0.000003 0.000002 -0.000003 160.000015 179.999985 -160.466370 179.999985 179.999985 -150.699539 180.000000 -179.999985 -160.485916 175.927719 -177.912323 179.671249 164.892319 -171.062637 98.446228 0.616878 3.330257 0.408009 9.889693 9.226960 1.018723 124.410942 127.084221 162.999069 0.000002 -0.000002 -6.345130 180.000000 -180.000000 175.774170 0.000000 0.000002 0.000000 165.000000 -179.999985 154.302032 0.000002 0.000001 -21.025612 180.000000 179.999985 165.282074 0.000000 0.000002 0.000000 180.000000 180.000000 147.946152 0.000000 -0.000001 -32.053852 0.000000 -0.000001 -21.347866 0.000000 0.000002 0.000000 9.999996 0.000003 -30.596615 0.000005 0.000007 -30.596632 180.000000 -179.999985 159.622650 0.000000 0.000002 0.000000 19.999994 0.000003 -24.187410 180.000000 -180.000000 143.718857 0.000001 -0.000003 -24.163216
2.362463 97.108284 -0.463224 89.078148 -176.344162 179.835754 0.202221 5.867412 -0.928686 176.973495 179.164505 -179.934769 0.593359 -4.438238 -0.200357 10.833648 3.942901 3.295839 171.507507 178.022720 179.640594 179.451477 -176.370285 176.706726 0.537811 4.150952 0.134804 0.538819 4.070816 0.165425 2.500255 2.934807 0.387798 0.000004 -4.173540 0.309951 180.000000 -175.130875 -179.678970 172.316650 -176.464600 -179.329437 7.852722 0.181655 -0.245046 21.689899 -8.533619 79.128456 177.645248 -174.615891 -178.984436 176.142120 178.350113 175.420349 47.667919 39.117691 7.918942 0.000003 -0.000007 9.133831 180.000000 179.999985 -173.916870 0.000000 -0.000002 0.000000 15.000004 0.000006 30.586451 0.000002 -0.000006 25.025290 0.000003 -0.000006 17.517702 0.000000 -0.000002 0.000000 180.000000 -180.000000 -143.918091 180.000000 179.999985 -143.918091 180.000000 -180.000000 -155.969452 0.000000 -0.000002 0.000000 170.000000 -179.999985 -146.276138 0.000000 0.000001 33.723869 180.000000 -180.000000 -157.539917 0.000000 -0.000002 0.000000 160.000015 179.999985 -160.462585 0.000003 -0.000003 29.306114 179.999985 -179.999985 -160.482132 175.922607 -177.890854 179.681839 164.893631 -171.072174 98.437721 0.619878 3.339621 0.407798 9.887609 9.223353 1.019343 124.393211 127.071678 162.972122 180.000000 179.999985 173.653168 0.000000 0.000000 -4.226998 0.000000 -0.000000 0.000000 165.000015 -179.999985 154.303741 0.000003 0.000003 -21.024202 0.000003 0.000001 -14.716944 0.000000 -0.000000 0.000000 0.000004 -0.000002 -32.050793 0.000007 0.000002 -32.050777 180.000000 -179.999985 158.654190 0.000000 -0.000000 0.000000 10.000008 -0.000000 -30.590572 180.000000 179.999985 149.409439 0.000001 -0.000003 -20.373312 0.000000 -0.000000 0.000000 20.000008 -0.000003 -24.178196 180.000000 -179.999985 143.732712 0.000000 0.000000 -24.154020
2.365905 97.108421 -0.457813 89.061615 -176.332230 179.832825 0.207658 5.870855 -0.930759 176.990494 179.156128 -179.933868 0.588578 -4.440116 -0.192348 10.815280 3.943314 3.293279 171.514160 177.994736 179.639587 179.480453 -176.353378 176.717682 0.540288 4.153831 0.140447 0.541792 4.073718 0.164720 2.514240 2.936815 0.387995 179.999985 -175.826096 -179.694321 0.000007 -4.869544 0.316580 172.320175 -176.463867 -179.332230 7.847719 0.157813 -0.256916 21.707155 -8.528966 79.170097 177.632950 -174.615402 -178.994934 176.142120 178.347824 175.415314 47.676331 39.119038 7.920963 180.000000 180.000000 -170.869522 0.000003 -0.000000 6.080892 180.000000 180.000000 -179.999985 15.000004 -0.000012 30.585970 180.000000 -180.000000 -154.975128 0.000003 -0.000005 17.517416 180.000000 180.000000 -179.999985 180.000000 -180.000000 -143.914017 0.000002 -0.000003 36.085972 179.999985 179.999985 -155.966736 180.000000 180.000000 -179.999985 170.000000 -179.999985 -146.278580 179.999985 179.999985 -146.278564 0.000003 -0.000004 22.458467 180.000000 180.000000 -179.999985 160.000015 180.000000 -160.459747 0.000003 0.000006 29.310364 180.000000 179.999985 -160.479309 175.917389 -177.870712 179.692474 164.894531 -171.080460 98.429962 0.622915 3.344668 0.407320 9.883954 9.217743 1.018831 124.369072 127.038963 162.935440 180.000000 180.000000 173.653717 180.000000 -179.999985 175.773361 0.000000 -0.000000 0.000000 165.000015 179.999985 154.309219 0.000007 -0.000003 -21.019732 0.000006 0.000010 -14.713810 0.000000 -0.000000 0.000000 0.000004 0.000006 -32.047516 180.000000 -179.999985 147.952484 180.000000 -179.999985 158.656372 0.000000 -0.000000 0.000000 9.999993 0.000007 -30.587458 0.000007 -0.000005 -30.587469 0.000003 0.000002 -20.371239 0.000000 -0.000000 0.000000 20.000006 0.000002 -24.156332 0.000002 -0.000010 -36.234501 180.000000 179.999985 155.867828
2.369412 97.108170 -0.449150 89.047394 -176.324387 179.830460 0.210890 5.870326 -0.935037 177.013504 179.148087 -179.932922 0.577802 -4.442739 -0.181982 10.791903 3.934707 3.284801 171.523712 177.956558 179.641418 179.509003 -176.333771 176.731888 0.541163 4.154893 0.149092 0.544118 4.074840 0.162535 2.525445 2.937740 0.385885 0.000002 -4.169546 0.303254 0.000003 -4.864470 0.314102 172.319809 -176.467392 -179.334213 7.843304 0.132723 -0.268793 21.727203 -8.525997 79.207870 177.620544 -174.613251 -179.004608 176.142853 178.347382 175.408417 47.671440 39.114132 7.914053 0.000000 0.000005 9.130735 0.000001 -0.000009 6.081082 0.000003 0.000002 -0.000003 15.000019 0.000003 30.588165 179.999985 180.000000 -154.973282 0.000007 -0.000002 17.518692 0.000003 0.000002 -0.000003 180.000000 179.999985 -143.917572 180.000000 179.999985 -143.917572 0.000010 -0.000001 24.030886 0.000003 0.000002 -0.000003 170.000000 179.999985 -146.276306 0.000007 -0.000000 33.723709 179.999985 -179.999985 -157.540024 0.000003 0.000002 -0.000003 160.000000 179.999985 -160.462341 180.000000 179.999985 -150.693527 180.000000 179.999985 -160.481873 175.912415 -177.850204 179.701889 164.896912 -171.087860 98.421059 0.623974 3.345242 0.404844 9.880195 9.217339 1.019916 124.352402 127.028648 162.921509 180.000000 180.000000 173.657516 0.000004 -0.000005 -4.224111 0.000000 -0.000000 0.000000 165.000015 -179.999985 154.315399 0.000003 0.000002 -21.014683 0.000000 -0.000002 -14.710260 0.000000 -0.000000 0.000000 180.000000 179.999985 147.965744 0.000001 -0.000003 -32.034245 180.000000 179.999985 158.665192 0.000000 -0.000000 0.000000 10.000004 0.000002 -30.587374 180.000000 -179.999985 149.412643 0.000003 0.000004 -20.371189 0.000000 -0.000000 0.000000 19.999989 -0.000010 -24.161016 180.000000 179.999985 143.758469 180.000000 179.999985 155.863159
2.374543 97.107971 -0.440334 89.034836 -176.318817 179.828766 0.212129 5.867713 -0.940372 177.039932 179.141464 -179.932404 0.564049 -4.444716 -0.170625 10.765911 3.920284 3.273308 171.528397 177.912552 179.644150 179.543274 -176.313034 176.747131 0.541139 4.154794 0.159342 0.546025 4.074855 0.159356 2.534760 2.937935 0.382421 180.000000 -175.837021 -179.698288 179.999985 -175.143173 -179.687515 172.318344 -176.472839 -179.335831 7.839311 0.107480 -0.280506 21.749334 -8.523735 79.243553 177.607956 -174.610535 -179.014053 176.143295 178.347443 175.401688 47.678215 39.122749 7.911736 0.000002 0.000002 9.123900 180.000000 179.999985 -173.923492 180.000000 180.000000 180.000000 14.999987 0.000003 30.588667 180.000000 179.999985 -154.972931 180.000000 179.999985 -162.481064 180.000000 180.000000 180.000000 0.000004 -0.000003 36.079876 0.000002 -0.000003 36.079884 0.000014 -0.000001 24.029200 180.000000 180.000000 180.000000 170.000000 180.000000 -146.282211 0.000002 -0.000007 33.717777 179.999985 179.999985 -157.543961 180.000000 180.000000 180.000000 160.000015 180.000000 -160.465714 180.000000 -180.000000 -150.698593 0.000003 -0.000002 19.514742 175.907364 -177.826416 179.710938 164.900711 -171.097992 98.410469 0.624044 3.346211 0.401401 9.877005 9.219978 1.021933 124.364006 127.018845 162.934647 180.000000 -180.000000 173.659760 180.000000 -179.999985 175.777390 180.000000 -179.999985 -180.000000 165.000015 179.999985 154.315048 180.000000 -179.999985 158.985016 0.000010 0.000006 -14.710470 180.000000 -179.999985 -180.000000 0.000003 0.000010 -32.041763 0.000003 0.000003 -32.041794 0.000003 0.000001 -21.339823 180.000000 -179.999985 -180.000000 10.000005 0.000003 -30.595989 0.000001 0.000007 -30.596010 180.000000 -179.999985 159.623062 180.000000 -179.999985 -180.000000 20.000002 -0.000000 -24.168562 0.000003 0.000006 -36.252861 0.000001 -0.000007 -24.144398
2.380954 97.107819 -0.430896 89.024086 -176.315170 179.828079 0.211348 5.863482 -0.947018 177.068634 179.136276 -179.932343 0.548098 -4.445859 -0.158513 10.736790 3.900495 3.258741 171.532242 177.862717 179.647766 179.579224 -176.291168 176.763412 0.540046 4.153689 0.171266 0.547442 4.073938 0.155058 2.541890 2.937592 0.377240 179.999985 -175.846451 -179.698502 0.000016 -4.845815 0.312248 172.315262 -176.480927 -179.336868 7.836202 0.083000 -0.291745 21.774343 -8.523040 79.276947 177.595047 -174.606888 -179.024353 176.143188 178.348007 175.395279 47.670261 39.120651 7.901569 180.000000 180.000000 -170.876846 180.000000 180.000000 -173.923965 180.000000 -180.000000 180.000000 15.000008 -0.000000 30.585775 0.000002 -0.000007 25.024740 0.000003 -0.000002 17.517303 180.000000 -180.000000 180.000000 180.000000 179.999985 -143.916199 0.000005 -0.000007 36.083790 180.000000 179.999985 -155.968185 180.000000 -180.000000 180.000000 170.000000 -179.999985 -146.281906 179.999985 179.999985 -146.281891 180.000000 -179.999985 -157.543747 180.000000 -180.000000 180.000000 160.000015 -179.999985 -160.461670 180.000000 -179.999985 -150.692490 0.000010 -0.000002 19.518793 175.903824 -177.798187 179.718964 164.904556 -171.112061 98.398582 0.623669 3.349703 0.397384 9.873892 9.224166 1.024108 124.413002 127.028175 162.969208 180.000000 -179.999985 173.649277 180.000000 179.999985 175.770432 0.000000 -0.000000 0.000000 165.000000 -179.999985 154.320358 179.999985 -179.999985 158.989380 180.000000 179.999985 165.292542 0.000000 -0.000000 0.000000 0.000003 -0.000011 -32.043606 180.000000 180.000000 147.956406 179.999985 -179.999985 158.658936 0.000000 -0.000000 0.000000 9.999999 -0.000007 -30.598036 0.000003 0.000003 -30.598059 0.000006 0.000005 -20.378307 0.000000 -0.000000 0.000000 19.999996 -0.000005 -24.172274 180.000000 -179.999985 143.741577 180.000000 179.999985 155.851868
2.388139 97.107559 -0.420985 89.015884 -176.313354 179.828461 0.208662 5.857801 -0.954962 177.097687 179.132126 -179.932938 0.531085 -4.446990 -0.144379 10.703156 3.876174 3.241044 171.538742 177.808395 179.652557 179.614029 -176.268631 176.780273 0.537859 4.151764 0.184856 0.548138 4.072217 0.149616 2.545846 2.936800 0.370361 0.000014 -4.139415 0.303437 179.999985 -175.170670 -179.685715 172.309067 -176.493210 -179.336929 7.833878 0.057909 -0.302749 21.802935 -8.523155 79.308990 177.581039 -174.601593 -179.036697 176.142807 178.347733 175.389511 47.671993 39.125454 7.899398 0.000001 -0.000004 9.119853 0.000002 0.000005 6.073802 180.000000 180.000000 -179.999985 15.000002 -0.000004 30.579567 180.000000 179.999985 -154.980347 0.000000 0.000001 17.513754 180.000000 180.000000 -179.999985 179.999985 179.999985 -143.921127 0.000003 -0.000013 36.078876 180.000000 179.999985 -155.971451 180.000000 180.000000 -179.999985 170.000000 -179.999985 -146.286087 0.000000 0.000002 33.713951 180.000000 -179.999985 -157.546524 180.000000 180.000000 -179.999985 160.000000 180.000000 -160.471146 0.000000 0.000014 29.293291 0.000002 -0.000009 19.509327 175.903107 -177.765793 179.725357 164.907410 -171.129761 98.385574 0.623137 3.357101 0.393566 9.870317 9.227924 1.025013 124.414108 127.041107 163.005539 180.000000 180.000000 173.664520 0.000000 0.000000 -4.219442 180.000000 180.000000 -180.000000 165.000015 -180.000000 154.314407 0.000002 -0.000001 -21.015467 180.000000 -179.999985 165.289185 180.000000 180.000000 -180.000000 0.000006 -0.000002 -32.045727 180.000000 -180.000000 147.954285 0.000004 -0.000000 -21.342455 180.000000 180.000000 -180.000000 9.999987 -0.000003 -30.599859 0.000003 0.000001 -30.599852 179.999985 -179.999985 159.620499 180.000000 180.000000 -180.000000 20.000013 0.000003 -24.180019 180.000000 179.999985 143.729965 180.000000 -179.999985 155.844147
2.396350 97.107170 -0.409252 89.010605 -176.313583 179.829803 0.203517 5.850403 -0.964698 177.126892 179.128815 -179.934189 0.513643 -4.448747 -0.125628 10.663921 3.847414 3.219815 171.549606 177.750229 179.658478 179.647125 -176.245926 176.798080 0.534472 4.148908 0.200076 0.548088 4.069645 0.143092 2.546481 2.935437 0.361756 0.000011 -4.120920 0.307537 180.000000 -175.192261 -179.681488 172.299637 -176.509460 -179.336029 7.832127 0.030855 -0.314013 21.835348 -8.523373 79.341011 177.565002 -174.594421 -179.050613 176.142471 178.346771 175.383423 47.657524 39.127743 7.884826 180.000000 -180.000000 -170.881287 180.000000 179.999985 -173.926926 0.000003 0.000002 -0.000003 14.999993 -0.000004 30.581608 0.000006 -0.000003 25.021309 0.000007 -0.000001 17.514910 0.000003 0.000002 -0.000003 0.000000 -0.000000 36.077881 180.000000 179.999985 -143.922119 0.000000 -0.000000 24.027857 0.000003 0.000002 -0.000003 170.000000 179.999985 -146.280624 0.000007 -0.000000 33.719372 180.000000 -180.000000 -157.542908 0.000003 0.000002 -0.000003 160.000015 179.999985 -160.472244 180.000000 -180.000000 -150.708389 0.000004 0.000001 19.508226 175.904755 -177.729370 179.730026 164.909256 -171.151184 98.371422 0.622655 3.369197 0.390278 9.866072 9.229355 1.023909 124.419296 127.050209 163.011322 0.000000 -0.000003 -6.337056 0.000000 -0.000002 -4.220484 0.000003 -0.000002 -0.000005 165.000015 179.999985 154.315262 180.000000 -180.000000 158.985214 180.000000 179.999985 165.289642 0.000003 -0.000002 -0.000005 0.000003 0.000010 -32.046520 179.999985 -179.999985 147.953491 179.999985 -180.000000 158.657028 0.000003 -0.000002 -0.000005 10.000010 -0.000003 -30.598299 0.000009 0.000001 -30.598314 180.000000 180.000000 159.621536 0.000003 -0.000002 -0.000005 19.999992 -0.000008 -24.178759 0.000003 -0.000003 -36.268162 0.000006 0.000006 -24.154606
2.405748 97.107246 -0.396580 89.008858 -176.315948 179.832062 0.194904 5.841041 -0.976457 177.156387 179.126007 -179.935638 0.495693 -4.451284 -0.102336 10.618525 3.814497 3.195188 171.565384 177.688965 179.665604 179.677948 -176.223633 176.816788 0.530040 4.144999 0.216792 0.547206 4.065999 0.135534 2.543149 2.933513 0.351487 179.999985 -175.901138 -179.686676 179.999985 -175.217987 -179.675491 172.287979 -176.528900 -179.334335 7.831029 0.001829 -0.325205 21.871981 -8.523208 79.372910 177.547058 -174.585129 -179.065491 176.141647 178.345886 175.376831 47.660416 39.119896 7.880286 0.000000 0.000002 9.117346 0.000003 -0.000004 6.072143 0.000003 0.000002 -0.000003 15.000010 -0.000003 30.581671 180.000000 180.000000 -154.978638 0.000003 -0.000001 17.514959 0.000003 0.000002 -0.000003 0.000002 0.000001 36.079044 0.000001 -0.000007 36.079048 179.999985 179.999985 -155.971359 0.000003 0.000002 -0.000003 170.000000 179.999985 -146.279694 0.000012 0.000003 33.720314 0.000003 -0.000001 22.457726 0.000003 0.000002 -0.000003 160.000000 -180.000000 -160.470306 0.000004 -0.000005 29.294538 180.000000 -179.999985 -160.489822 175.908081 -177.689774 179.733124 164.909821 -171.176239 98.356102 0.621790 3.384821 0.387347 9.861484 9.228201 1.020898 124.456131 127.054512 163.048264 180.000000 180.000000 173.661118 0.000000 0.000000 -4.221707 0.000000 -0.000000 0.000000 165.000000 179.999985 154.317078 180.000000 -179.999985 158.986664 0.000003 0.000001 -14.709323 0.000000 -0.000000 0.000000 0.000003 0.000003 -32.042992 180.000000 179.999985 147.957001 180.000000 -179.999985 158.659378 0.000000 -0.000000 0.000000 9.999995 0.000011 -30.598827 0.000001 0.000007 -30.598841 0.000007 0.000001 -20.378815 0.000000 -0.000000 0.000000 20.000004 0.000001 -24.173615 180.000000 179.999985 143.739563 0.000004 -0.000001 -24.149458
2.416677 97.106873 -0.383228 89.011452 -176.320160 179.835236 0.182650 5.829906 -0.990558 177.184570 179.123032 -179.936554 0.478312 -4.454889 -0.075750 10.566802 3.778211 3.167329 171.585724 177.625336 179.673996 179.706055 -176.201767 176.836197 0.524463 4.140104 0.234851 0.545244 4.061439 0.127043 2.535187 2.931008 0.339676 180.000000 -175.927109 -179.679260 0.000009 -4.751713 0.332196 172.274277 -176.551895 -179.332016 7.830379 -0.029092 -0.336104 21.913570 -8.521956 79.404213 177.527512 -174.573181 -179.080963 176.140594 178.345245 175.369003 47.651493 39.101387 7.867537 180.000000 -180.000000 -170.879486 0.000002 0.000002 6.074250 0.000000 -0.000000 0.000000 15.000006 0.000009 30.583155 0.000009 -0.000008 25.022583 180.000000 -180.000000 -162.484192 0.000000 -0.000000 0.000000 0.000003 0.000010 36.082676 0.000002 0.000005 36.082664 0.000000 0.000002 24.031044 0.000000 -0.000000 0.000000 170.000000 -179.999985 -146.274338 180.000000 -180.000000 -146.274323 180.000000 179.999985 -157.538696 0.000000 -0.000000 0.000000 160.000015 -179.999985 -160.472107 180.000000 179.999985 -150.708145 0.000003 -0.000001 19.508379 175.912872 -177.647598 179.734650 164.908966 -171.204819 98.339516 0.620157 3.401840 0.384634 9.856658 9.225971 1.016912 124.457848 127.054848 163.057053 0.000000 -0.000003 -6.335478 0.000002 0.000000 -4.219439 0.000000 -0.000000 0.000000 165.000015 -179.999985 154.323730 0.000011 0.000005 -21.007853 0.000003 0.000003 -14.705500 0.000000 -0.000000 0.000000 180.000000 180.000000 147.956406 180.000000 -179.999985 147.956451 180.000000 180.000000 158.658966 0.000000 -0.000000 0.000000 9.999999 -0.000012 -30.591959 0.000009 0.000001 -30.591984 180.000000 -180.000000 159.625763 0.000000 -0.000000 0.000000 20.000008 0.000016 -24.173994 0.000001 -0.000003 -36.260967 0.000001 -0.000003 -24.149803
2.426045 97.106483 -0.368710 89.018188 -176.326080 179.839325 0.167477 5.817768 -1.007087 177.209595 179.119431 -179.936600 0.462754 -4.460217 -0.046647 10.509622 3.739547 3.136471 171.609207 177.559799 179.683701 179.731995 -176.180023 176.856277 0.517849 4.134253 0.254005 0.542302 4.055963 0.117689 2.522568 2.927948 0.326373 180.000000 -175.957428 -179.670105 0.000005 -4.716340 0.341679 172.258514 -176.578735 -179.329025 7.830060 -0.061918 -0.346770 21.960276 -8.519986 79.435394 177.505981 -174.558090 -179.097229 176.140121 178.345322 175.359161 47.682102 39.131489 7.897675 0.000000 -0.000000 9.112471 180.000000 179.999985 -173.931107 0.000003 0.000003 -0.000003 15.000006 -0.000007 30.590580 180.000000 179.999985 -154.971344 0.000010 -0.000005 17.520067 0.000003 0.000003 -0.000003 179.999985 -179.999985 -143.915649 180.000000 179.999985 -143.915619 0.000001 0.000003 24.032181 0.000003 0.000003 -0.000003 170.000000 -179.999985 -146.271484 180.000000 179.999985 -146.271500 0.000006 -0.000003 22.463190 0.000003 0.000003 -0.000003 160.000000 179.999985 -160.467499 0.000007 -0.000014 29.298731 180.000000 179.999985 -160.487030 175.918945 -177.603638 179.734802 164.906296 -171.236237 98.321709 0.617802 3.419227 0.381907 9.851445 9.223617 1.012621 124.477577 127.057571 163.076035 0.000004 -0.000002 -6.336956 0.000000 0.000000 -4.220419 0.000000 -0.000000 0.000000 165.000015 179.999985 154.327713 180.000000 -179.999985 158.995392 0.000000 -0.000001 -14.703223 0.000000 -0.000000 0.000000 180.000000 179.999985 147.954208 180.000000 -180.000000 147.954208 180.000000 179.999985 158.657501 0.000000 -0.000000 0.000000 9.999999 0.000009 -30.595993 0.000002 -0.000007 -30.595993 0.000006 0.000005 -20.376936 0.000000 -0.000000 0.000000 19.999998 -0.000000 -24.168486 180.000000 179.999985 143.747284 179.999985 180.000000 155.855682
2.434980 97.105995 -0.353456 89.029358 -176.333313 179.844284 0.149867 5.805026 -1.025783 177.230881 179.115067 -179.935730 0.448833 -4.466927 -0.015790 10.447427 3.699007 3.103045 171.634323 177.493057 179.694565 179.756912 -176.158951 176.876801 0.510160 4.127587 0.273889 0.538374 4.049675 0.107521 2.505378 2.924393 0.311676 179.999985 -175.992249 -179.659363 0.000006 -4.675720 0.352809 172.240509 -176.609573 -179.325455 7.830255 -0.096267 -0.357211 22.011534 -8.517581 79.467018 177.482437 -174.539795 -179.114700 176.140457 178.346481 175.348709 47.688099 39.143993 7.908447 0.000000 -0.000000 9.111457 0.000000 -0.000000 6.068222 180.000000 -180.000000 179.999985 15.000000 0.000008 30.597055 0.000002 -0.000006 25.033953 0.000007 0.000001 17.523767 180.000000 -180.000000 179.999985 0.000006 0.000003 36.091930 180.000000 180.000000 -143.908066 179.999985 179.999985 -155.962769 180.000000 -180.000000 179.999985 170.000000 179.999985 -146.266815 0.000007 -0.000001 33.733196 179.999985 -180.000000 -157.533707 180.000000 -180.000000 179.999985 160.000015 179.999985 -160.465958 0.000001 0.000010 29.301064 0.000008 -0.000012 19.514503 175.926117 -177.558746 179.733658 164.900772 -171.269852 98.303368 0.614870 3.435803 0.378996 9.846212 9.222021 1.008541 124.477318 127.067406 163.077896 180.000000 180.000000 173.662292 0.000003 0.000002 -4.220912 0.000003 -0.000000 0.000002 165.000000 179.999985 154.328278 180.000000 -179.999985 158.995865 180.000000 -180.000000 165.297104 0.000003 -0.000000 0.000002 179.999985 -180.000000 147.945648 0.000005 0.000006 -32.054340 179.999985 -179.999985 158.651810 0.000003 -0.000000 0.000002 10.000000 0.000001 -30.599302 180.000000 180.000000 149.400711 179.999985 -180.000000 159.620880 0.000003 -0.000000 0.000002 20.000004 -0.000002 -24.174398 180.000000 -180.000000 143.738388 180.000000 -179.999985 155.849777
2.443242 97.105492 -0.337824 89.045975 -176.340988 179.850189 0.129006 5.792549 -1.046851 177.248581 179.109879 -179.933701 0.436167 -4.475209 0.016553 10.380167 3.657743 3.067215 171.660233 177.425797 179.706589 179.780487 -176.138504 176.897354 0.501341 4.120448 0.294174 0.533285 4.042935 0.096673 2.482984 2.920566 0.295696 0.000001 -3.968573 0.352574 0.000003 -4.630005 0.365163 172.219803 -176.644287 -179.321564 7.831272 -0.131412 -0.367528 22.065935 -8.515152 79.498459 177.457520 -174.518661 -179.132721 176.141388 178.348404 175.338440 47.697506 39.151958 7.927010 180.000000 -179.999985 -170.885971 0.000000 0.000002 6.069926 0.000002 -0.000003 -0.000000 15.000006 -0.000004 30.604046 179.999985 -179.999985 -154.960312 0.000004 0.000003 17.527761 0.000002 -0.000003 -0.000000 180.000000 179.999985 -143.908264 0.000000 0.000001 36.091732 0.000007 -0.000001 24.037092 0.000002 -0.000003 -0.000000 170.000000 -179.999985 -146.266953 0.000006 -0.000004 33.733032 180.000000 179.999985 -157.533783 0.000002 -0.000003 -0.000000 160.000015 180.000000 -160.463699 0.000001 -0.000004 29.304459 180.000000 179.999985 -160.483231 175.933792 -177.513199 179.731094 164.891907 -171.305145 98.284714 0.610935 3.449991 0.375842 9.841775 9.222507 1.005284 124.464218 127.069374 163.063187 180.000000 179.999985 173.661484 180.000000 -180.000000 175.778549 0.000000 -0.000000 0.000000 165.000000 180.000000 154.320679 180.000000 179.999985 158.989639 179.999985 -179.999985 165.292755 0.000000 -0.000000 0.000000 0.000004 0.000005 -32.059711 180.000000 -179.999985 147.940292 180.000000 -179.999985 158.648239 0.000000 -0.000000 0.000000 10.000003 -0.000010 -30.602875 180.000000 179.999985 149.397095 0.000006 0.000005 -20.381527 0.000000 -0.000000 0.000000 20.000002 -0.000015 -24.180445 180.000000 179.999985 143.729309 0.000006 0.000006 -24.156267
2.451035 97.104973 -0.321237 89.068054 -176.348648 179.857025 0.104493 5.780720 -1.070224 177.263824 179.103699 -179.930801 0.424165 -4.485018 0.050385 10.309017 3.616693 3.029240 171.686478 177.359146 179.719788 179.802032 -176.119247 176.917480 0.491610 4.113102 0.314482 0.527163 4.035985 0.085281 2.455738 2.916671 0.278678 180.000000 -176.074738 -179.634552 0.000017 -4.579483 0.378490 172.195847 -176.682617 -179.317429 7.832625 -0.167919 -0.378326 22.122246 -8.512448 79.530388 177.431824 -174.495361 -179.150192 176.142899 178.350494 175.328094 47.700432 39.168911 7.938460 0.000000 -0.000000 9.113487 0.000002 -0.000002 6.069578 180.000000 -180.000000 180.000000 14.999991 0.000001 30.578341 180.000000 179.999985 -154.981369 0.000003 -0.000006 17.513054 180.000000 -180.000000 180.000000 0.000002 -0.000004 36.093014 0.000012 -0.000007 36.093014 0.000000 0.000001 24.037954 180.000000 -180.000000 180.000000 170.000000 180.000000 -146.267471 180.000000 180.000000 -146.267456 0.000000 0.000001 22.465868 180.000000 -180.000000 180.000000 160.000015 -179.999985 -160.467957 180.000000 179.999985 -150.701935 179.999985 -180.000000 -160.487473 175.941498 -177.467178 179.727234 164.879257 -171.341583 98.265900 0.606280 3.460795 0.372464 9.838092 9.225405 1.003229 124.465691 127.075439 163.063095 180.000000 -180.000000 173.659546 0.000003 0.000000 -4.222754 0.000000 -0.000000 0.000000 165.000015 180.000000 154.310394 0.000000 -0.000002 -21.018776 0.000006 0.000007 -14.713134 0.000000 -0.000000 0.000000 180.000000 -180.000000 147.933319 180.000000 -179.999985 147.933304 180.000000 179.999985 158.643585 0.000000 -0.000000 0.000000 10.000001 0.000009 -30.606781 179.999985 -179.999985 149.393234 0.000007 0.000001 -20.384111 0.000000 -0.000000 0.000000 20.000004 0.000007 -24.186077 0.000004 -0.000001 -36.279114 0.000000 0.000000 -24.161882
2.457928 97.104256 -0.303253 89.094688 -176.355682 179.864273 0.077351 5.770099 -1.095066 177.277023 179.096497 -179.927887 0.412200 -4.496161 0.085829 10.235999 3.577028 2.990360 171.712402 177.294403 179.733032 179.821426 -176.101654 176.937668 0.481194 4.105695 0.334239 0.520217 4.028959 0.073340 2.424718 2.912769 0.260702 0.000001 -3.878053 0.379460 180.000000 -175.475601 -179.606979 172.168259 -176.724472 -179.312881 7.834180 -0.206510 -0.389657 22.178753 -8.508663 79.563240 177.406876 -174.471069 -179.166473 176.144226 178.352386 175.318054 47.690357 39.187511 7.942093 180.000000 179.999985 -170.885300 0.000003 -0.000002 6.070403 0.000003 0.000002 -0.000003 15.000014 0.000002 30.570076 180.000000 179.999985 -154.988144 180.000000 179.999985 -162.491684 0.000003 0.000002 -0.000003 179.999985 179.999985 -143.900803 180.000000 179.999985 -143.900833 0.000013 -0.000005 24.042051 0.000003 0.000002 -0.000003 170.000000 -179.999985 -146.270569 180.000000 180.000000 -146.270569 0.000013 -0.000004 22.463795 0.000003 0.000002 -0.000003 160.000000 179.999985 -160.474289 0.000005 -0.000007 29.288555 0.000000 0.000002 19.506191 175.949203 -177.421585 179.723007 164.862122 -171.378494 98.247086 0.601751 3.468257 0.368894 9.834132 9.230000 1.002373 124.445297 127.072472 163.042786 180.000000 179.999985 173.660751 0.000000 -0.000005 -4.221950 180.000000 -179.999985 -180.000000 165.000000 -179.999985 154.304733 0.000005 0.000001 -21.023392 180.000000 180.000000 165.283646 180.000000 -179.999985 -180.000000 180.000000 180.000000 147.928848 0.000004 -0.000002 -32.071114 180.000000 180.000000 158.640625 180.000000 -179.999985 -180.000000 10.000002 0.000005 -30.613636 180.000000 179.999985 149.386353 179.999985 -179.999985 159.611328 180.000000 -179.999985 -180.000000 20.000010 0.000002 -24.192064 180.000000 -180.000000 143.711914 180.000000 180.000000 155.832123
2.464433 97.103516 -0.283856 89.125038 -176.361465 179.871613 0.048969 5.760985 -1.120495 177.287155 179.088181 -179.925797 0.400685 -4.508688 0.123052 10.163158 3.539596 2.951766 171.736679 177.232544 179.744843 179.838654 -176.085876 176.958679 0.470340 4.098265 0.352896 0.512637 4.021897 0.060751 2.390801 2.908844 0.241684 0.000007 -3.827221 0.394751 0.000005 -4.465103 0.408846 172.136276 -176.769547 -179.307785 7.835937 -0.245877 -0.400041 22.233959 -8.504167 79.595818 177.384323 -174.447128 -179.181274 176.144592 178.353867 175.308868 47.676044 39.202423 7.937934 0.000002 0.000002 9.115071 180.000000 180.000000 -173.929367 0.000000 -0.000000 0.000000 14.999997 -0.000003 30.564386 0.000006 -0.000004 25.007214 0.000006 -0.000004 17.505060 0.000000 -0.000000 0.000000 180.000000 179.999985 -143.931656 180.000000 179.999985 -143.931641 0.000006 -0.000002 24.021515 0.000000 -0.000000 0.000000 170.000000 180.000000 -146.271271 180.000000 179.999985 -146.271271 180.000000 179.999985 -157.536667 0.000000 -0.000000 0.000000 160.000000 179.999985 -160.479660 0.000000 -0.000000 29.280491 180.000000 180.000000 -160.499191 175.956970 -177.377274 179.719437 164.839859 -171.415543 98.228386 0.597086 3.473028 0.365678 9.830294 9.235228 1.002215 124.426865 127.071396 163.019119 0.000002 0.000002 -6.341133 180.000000 -179.999985 175.776810 0.000000 -0.000000 0.000000 165.000015 180.000000 154.298050 180.000000 -179.999985 158.971130 180.000000 -180.000000 165.279785 0.000000 -0.000000 0.000000 0.000004 -0.000006 -32.071507 180.000000 180.000000 147.928482 0.000007 0.000001 -21.359636 0.000000 -0.000000 0.000000 9.999999 0.000001 -30.613447 180.000000 -179.999985 149.386536 0.000007 -0.000000 -20.388569 0.000000 -0.000000 0.000000 19.999998 -0.000011 -24.192835 180.000000 179.999985 143.710724 180.000000 180.000000 155.831345
2.469733 97.102776 -0.263123 89.158882 -176.365723 179.878891 0.019452 5.754056 -1.145852 177.293640 179.078888 -179.925110 0.390312 -4.522847 0.161930 10.092187 3.505531 2.914240 171.757904 177.174850 179.755005 179.853546 -176.071930 176.980270 0.459277 4.090984 0.370067 0.504525 4.014952 0.047746 2.354513 2.905057 0.221981 180.000000 -176.226669 -179.589005 0.000003 -4.402225 0.425659 172.099289 -176.817383 -179.302261 7.837838 -0.285137 -0.408999 22.286736 -8.499251 79.626984 177.364365 -174.425125 -179.194031 176.144531 178.355469 175.300888 47.652500 39.207047 7.922586 0.000000 -0.000000 9.117167 0.000000 -0.000000 6.072033 180.000000 180.000000 179.999985 15.000006 0.000006 30.559782 0.000001 0.000004 25.003462 0.000006 -0.000005 17.502420 180.000000 180.000000 179.999985 180.000000 179.999985 -143.933441 180.000000 179.999985 -143.933441 0.000004 0.000001 24.020334 180.000000 180.000000 179.999985 170.000000 -180.000000 -146.274933 179.999985 -180.000000 -146.274933 0.000000 0.000003 22.460899 180.000000 180.000000 179.999985 160.000015 179.999985 -160.490173 0.000004 -0.000005 29.264765 180.000000 179.999985 -160.509659 175.964981 -177.334366 179.716522 164.812607 -171.452316 98.209831 0.591841 3.476195 0.362978 9.827590 9.240033 1.002370 124.406174 127.059029 162.986618 0.000000 0.000000 -6.344112 180.000000 179.999985 175.774841 0.000000 0.000000 -0.000002 165.000000 179.999985 154.292542 0.000000 -0.000003 -21.033367 0.000003 0.000003 -14.723371 0.000000 0.000000 -0.000002 179.999985 179.999985 147.926544 0.000007 0.000001 -32.073463 180.000000 -179.999985 158.639084 0.000000 0.000000 -0.000002 9.999994 0.000002 -30.614029 0.000002 -0.000001 -30.614031 0.000000 -0.000002 -20.388950 0.000000 0.000000 -0.000002 19.999985 0.000000 -24.197203 0.000005 -0.000000 -36.295845 0.000004 -0.000003 -24.173016
2.475723 97.102097 -0.242488 89.194611 -176.370422 179.886276 179.988083 174.252121 178.829224 177.297501 179.072647 -179.924988 0.382459 -4.535217 0.200524 10.018521 3.469142 2.876465 171.779770 177.114716 179.764603 179.868423 -176.057617 177.001907 0.447691 4.083241 0.387728 0.495972 4.007600 0.034676 2.316113 2.900920 0.202015 0.000013 -3.717971 0.427635 0.000052 -4.337647 0.442896 172.062057 -176.866501 -179.296585 7.839896 -0.324820 -0.416897 22.341415 -8.494671 79.655914 177.342117 -174.403641 -179.206268 176.144470 178.356873 175.293381 47.629940 39.212521 7.904931 180.000000 -180.000000 -170.882629 0.000000 -0.000000 6.072172 180.000000 180.000000 -180.000000 15.000002 0.000011 30.554739 0.000003 -0.000003 24.999325 0.000004 0.000003 17.499512 180.000000 180.000000 -180.000000 180.000000 179.999985 -143.936813 0.000000 0.000001 36.063187 180.000000 -179.999985 -155.981918 180.000000 180.000000 -180.000000 170.000000 -180.000000 -146.289825 180.000000 -180.000000 -146.289841 179.999985 179.999985 -157.549026 180.000000 180.000000 -180.000000 160.000015 179.999985 -160.498978 0.000009 -0.000001 29.251497 180.000000 -179.999985 -160.518524 175.973663 -177.288467 179.713028 164.783768 -171.493439 98.191750 0.586386 3.478758 0.359192 9.825655 9.243948 1.001836 124.358429 127.042709 162.935974 180.000000 -179.999985 173.658905 0.000002 0.000003 -4.223140 180.000000 179.999985 180.000000 165.000000 180.000000 154.287964 0.000008 -0.000004 -21.037142 0.000010 0.000004 -14.725994 180.000000 179.999985 180.000000 180.000000 179.999985 147.927185 179.999985 -179.999985 147.927200 0.000000 -0.000001 -21.360485 180.000000 179.999985 180.000000 10.000004 0.000006 -30.617201 180.000000 179.999985 149.382767 180.000000 -179.999985 159.608978 180.000000 179.999985 180.000000 19.999987 -0.000003 -24.194246 180.000000 -179.999985 143.708618 179.999985 179.999985 155.829926
2.479028 97.101257 -0.220476 89.235016 -176.369507 179.893463 179.954987 174.252899 178.804718 177.295380 179.060150 -179.928070 0.377510 -4.553051 0.243310 9.960485 3.448451 2.842284 171.788162 177.073822 179.773285 179.877029 -176.050186 177.022781 0.436694 4.077455 0.400980 0.487062 4.002072 0.021214 2.276026 2.898143 0.181561 0.000016 -3.658672 0.445403 0.000050 -4.268464 0.461290 172.013428 -176.919266 -179.290314 7.842370 -0.364376 -0.425209 22.384735 -8.488455 79.683586 177.328369 -174.389587 -179.212128 176.145554 178.359879 175.288971 47.594429 39.205959 7.874646 0.000002 -0.000000 9.120797 0.000002 -0.000000 6.074459 180.000000 -180.000000 -179.999985 14.999993 0.000004 30.552662 0.000005 -0.000007 24.997581 179.999985 179.999985 -162.501678 180.000000 -180.000000 -179.999985 0.000002 -0.000001 36.057480 179.999985 179.999985 -143.942520 0.000006 -0.000004 24.014278 180.000000 -180.000000 -179.999985 170.000000 179.999985 -146.290161 180.000000 -180.000000 -146.290176 0.000000 0.000001 22.450747 180.000000 -180.000000 -179.999985 160.000000 179.999985 -160.505676 180.000000 179.999985 -150.758530 180.000000 179.999985 -160.525162 175.983231 -177.249084 179.710983 164.744766 -171.526962 98.173080 0.581388 3.478837 0.359261 9.823145 9.246912 1.002316 124.340286 127.036461 162.913193 0.000000 0.000000 -6.341692 0.000000 0.000000 -4.223563 180.000000 -180.000000 -179.999985 165.000000 179.999985 154.288910 180.000000 -180.000000 158.963669 0.000003 0.000002 -14.725439 180.000000 -180.000000 -179.999985 180.000000 179.999985 147.926987 179.999985 180.000000 147.927002 0.000000 0.000000 -21.360619 180.000000 -180.000000 -179.999985 9.999993 -0.000009 -30.611265 0.000004 0.000003 -30.611269 179.999985 -179.999985 159.612900 180.000000 -180.000000 -179.999985 19.999985 0.000001 -24.197172 179.999985 -179.999985 143.704239 180.000000 179.999985 155.827026
2.479412 97.100761 -0.198199 89.275871 -176.365723 179.900391 179.923706 174.251709 178.780045 177.292908 179.042938 -179.931412 0.370911 -4.574554 0.288172 9.910321 3.436260 2.810482 171.791367 177.042923 179.781128 179.883087 -176.045959 177.043289 0.426412 4.072757 0.411739 0.478352 3.997544 0.007654 2.237000 2.896069 0.160992 0.000025 -3.598351 0.463331 0.000043 -4.198079 0.479865 171.959473 -176.973007 -179.283875 7.844504 -0.403551 -0.434018 22.418222 -8.481316 79.713234 177.320511 -174.381943 -179.215973 176.147034 178.363922 175.285522 47.569138 39.200165 7.837529 180.000000 -180.000000 -170.884216 0.000005 -0.000005 6.071115 180.000000 -179.999985 180.000000 14.999990 -0.000014 30.549831 179.999985 179.999985 -155.004623 180.000000 179.999985 -162.503250 180.000000 -179.999985 180.000000 179.999985 -179.999985 -143.939667 0.000005 -0.000008 36.060329 0.000001 0.000004 24.016182 180.000000 -179.999985 180.000000 170.000000 -179.999985 -146.288940 180.000000 -180.000000 -146.288971 0.000004 0.000000 22.451561 180.000000 -179.999985 180.000000 160.000015 -179.999985 -160.506760 179.999985 -180.000000 -150.760132 0.000002 -0.000006 19.473747 175.991989 -177.215012 179.710403 164.703644 -171.554520 98.153954 0.575517 3.478861 0.361143 9.820329 9.250349 1.003935 124.336845 127.023170 162.897812 0.000004 -0.000003 -6.345103 0.000002 0.000000 -4.225827 0.000000 0.000000 -0.000003 165.000015 -179.999985 154.283966 0.000006 0.000005 -21.040411 0.000000 -0.000002 -14.728291 0.000000 0.000000 -0.000003 0.000001 -0.000009 -32.077606 0.000004 -0.000002 -32.077599 0.000001 -0.000003 -21.363697 0.000000 0.000000 -0.000003 9.999998 0.000003 -30.614773 179.999985 -180.000000 149.385208 180.000000 179.999985 159.610550 0.000000 0.000000 -0.000003 19.999996 -0.000000 -24.202017 0.000002 0.000001 -36.303005 179.999985 180.000000 155.822174
2.480225 97.100204 -0.174896 89.315956 -176.359161 179.906982 179.895813 174.249435 178.754745 177.291794 179.021561 -179.933609 0.360441 -4.597808 0.332891 9.869051 3.431704 2.780748 171.788193 177.021454 179.788040 179.887726 -176.045181 177.063782 0.417108 4.069214 0.419739 0.470122 3.994230 -0.006173 2.200041 2.894750 0.140346 0.000057 -3.539595 0.480507 0.000012 -4.129526 0.497683 171.903000 -177.025330 -179.277679 7.846459 -0.442219 -0.442506 22.447565 -8.472094 79.743462 177.319046 -174.374176 -179.216843 176.149048 178.369263 175.282440 47.547626 39.199181 7.816809 180.000000 -179.999985 -170.884171 0.000004 0.000003 6.071111 180.000000 -180.000000 180.000000 15.000002 -0.000000 30.551435 0.000003 -0.000001 24.996611 0.000000 -0.000000 17.497627 180.000000 -180.000000 180.000000 0.000003 -0.000003 36.057800 180.000000 179.999985 -143.942184 0.000003 -0.000002 24.014500 180.000000 -180.000000 180.000000 170.000000 179.999985 -146.286240 0.000007 -0.000001 33.713799 0.000000 -0.000000 22.453377 180.000000 -180.000000 180.000000 160.000015 179.999985 -160.510468 180.000000 -179.999985 -150.765686 180.000000 179.999985 -160.529968 175.999115 -177.185226 179.712494 164.664780 -171.577591 98.135254 0.567882 3.481299 0.363458 9.816039 9.255877 1.006686 124.347443 127.032997 162.912872 180.000000 179.999985 173.655014 0.000000 -0.000002 -4.225795 0.000000 -0.000003 0.000000 165.000000 -179.999985 154.284485 0.000004 0.000006 -21.039930 180.000000 -179.999985 165.272034 0.000000 -0.000003 0.000000 0.000006 -0.000002 -32.078220 0.000005 0.000006 -32.078209 0.000003 0.000002 -21.364094 0.000000 -0.000003 0.000000 10.000003 0.000009 -30.620955 180.000000 -179.999985 149.379089 0.000000 -0.000002 -20.393541 0.000000 -0.000003 0.000000 20.000002 0.000006 -24.204222 179.999985 -179.999985 143.693680 180.000000 180.000000 155.819992
2.478710 97.099579 -0.150963 89.355072 -176.349640 179.913315 179.871826 174.245468 178.729111 177.293030 178.996033 -179.934891 0.344451 -4.623069 0.375484 9.836501 3.435047 2.753177 171.776123 177.008575 179.793839 179.893936 -176.046753 177.084091 0.408774 4.066999 0.424920 0.462408 3.992118 -0.020219 2.165840 2.894366 0.119593 0.000025 -3.482657 0.496702 0.000034 -4.063086 0.514444 171.844269 -177.076080 -179.271881 7.848628 -0.479396 -0.451049 22.471352 -8.461243 79.773979 177.324783 -174.366257 -179.214233 176.151657 178.375412 175.279831 47.534100 39.199585 7.801291 180.000000 -180.000000 -170.885712 0.000002 -0.000000 6.070112 0.000002 -0.000003 -0.000003 15.000004 0.000012 30.543629 180.000000 179.999985 -155.009750 0.000006 -0.000003 17.493166 0.000002 -0.000003 -0.000003 180.000000 -179.999985 -143.946716 180.000000 179.999985 -143.946732 0.000003 -0.000001 24.011478 0.000002 -0.000003 -0.000003 170.000000 -180.000000 -146.280762 0.000003 -0.000003 33.719200 0.000004 0.000001 22.457003 0.000002 -0.000003 -0.000003 160.000015 179.999985 -160.519424 0.000001 0.000010 29.220867 180.000000 180.000000 -160.538895 176.004745 -177.159607 179.717300 164.626938 -171.596359 98.117241 0.556830 3.485023 0.364931 9.813091 9.263515 1.011937 124.379265 127.020729 162.944748 180.000000 -180.000000 173.656357 0.000000 -0.000003 -4.224883 0.000003 -0.000000 0.000000 165.000015 179.999985 154.282806 179.999985 -180.000000 158.958664 0.000007 0.000000 -14.728951 0.000003 -0.000000 0.000000 179.999985 179.999985 147.921555 0.000002 0.000004 -32.078442 0.000000 0.000000 -21.364248 0.000003 -0.000000 0.000000 9.999996 -0.000007 -30.620489 0.000004 0.000006 -30.620527 180.000000 -179.999985 159.606750 0.000003 -0.000000 0.000000 20.000013 0.000006 -24.211544 0.000004 -0.000002 -36.317287 0.000012 0.000008 -24.187349
2.475749 97.098946 -0.126341 89.392632 -176.337173 179.919479 179.852982 174.239563 178.703491 177.290375 178.966507 -179.935822 0.328762 -4.650492 0.416037 9.812502 3.445535 2.727890 171.758652 177.002884 179.797852 179.898544 -176.050018 177.104599 0.401350 4.066031 0.427276 0.455428 3.991239 -0.034497 2.134901 2.894803 0.098884 0.000024 -3.426974 0.512011 0.000032 -3.998150 0.530299 171.783279 -177.125687 -179.266449 7.851213 -0.514371 -0.459521 22.481224 -8.448999 79.804733 177.338943 -174.365982 -179.207626 176.155350 178.381134 175.277618 47.531391 39.202965 7.802947 0.000002 0.000002 9.115400 180.000000 -179.999985 -173.929123 180.000000 180.000000 179.999985 15.000010 -0.000003 30.548052 179.999985 -179.999985 -155.006134 180.000000 179.999985 -162.504303 180.000000 180.000000 179.999985 0.000008 -0.000003 36.053955 180.000000 179.999985 -143.946030 179.999985 179.999985 -155.988052 180.000000 180.000000 179.999985 170.000000 -179.999985 -146.279175 180.000000 -179.999985 -146.279175 0.000003 -0.000001 22.458065 180.000000 180.000000 179.999985 160.000000 -180.000000 -160.521988 180.000000 -179.999985 -150.782990 180.000000 179.999985 -160.541458 176.009460 -177.138077 179.724304 164.591324 -171.611023 98.099915 0.538564 3.491155 0.363684 9.813371 9.272916 1.021338 124.392059 127.032204 162.955322 180.000000 180.000000 173.652710 180.000000 -180.000000 175.772720 0.000003 -0.000002 -0.000000 165.000015 -180.000000 154.292877 0.000002 -0.000001 -21.033094 180.000000 179.999985 165.276840 0.000003 -0.000002 -0.000000 0.000009 0.000001 -32.075436 0.000003 0.000003 -32.075443 0.000000 -0.000003 -21.362242 0.000003 -0.000002 -0.000000 10.000009 -0.000004 -30.617023 0.000004 -0.000001 -30.617037 180.000000 179.999985 159.609055 0.000003 -0.000002 -0.000000 19.999996 0.000002 -24.208582 180.000000 -179.999985 143.687134 180.000000 -179.999985 155.815628
2.471351 97.098534 -0.100279 89.427818 -176.322433 179.925323 179.840927 174.231857 178.678558 177.306564 178.934311 -179.938400 0.289706 -4.679328 0.457131 9.797240 3.461984 2.704905 171.740906 177.002747 179.799377 179.896927 -176.054077 177.126266 0.394859 4.066124 0.426837 0.449358 3.991385 -0.048943 2.108151 2.895924 0.078192 0.000001 -3.373543 0.526339 0.000033 -3.935801 0.545131 171.720978 -177.173355 -179.261383 7.853911 -0.547238 -0.467371 22.488178 -8.433828 79.834137 177.360901 -174.363525 -179.197327 176.159515 178.385986 175.277206 47.539570 39.210423 7.807936 180.000000 -179.999985 -170.888062 0.000003 -0.000000 6.068538 0.000000 -0.000000 0.000000 15.000010 -0.000011 30.548557 180.000000 -180.000000 -155.005722 0.000006 -0.000004 17.495989 0.000000 -0.000000 0.000000 0.000005 -0.000002 36.048798 180.000000 -180.000000 -143.951218 0.000007 -0.000002 24.008482 0.000000 -0.000000 0.000000 170.000000 180.000000 -146.271378 0.000012 -0.000006 33.728600 180.000000 -180.000000 -157.536743 0.000000 -0.000000 0.000000 160.000000 -179.999985 -160.527664 0.000001 0.000005 29.208494 0.000010 -0.000005 19.452858 176.013794 -177.120422 179.733597 164.557724 -171.621887 98.082954 0.514206 3.498973 0.360717 9.811564 9.283488 1.033177 124.420204 127.034485 162.984863 180.000000 -180.000000 173.652145 180.000000 -180.000000 175.772308 0.000000 -0.000000 0.000000 165.000000 179.999985 154.292068 0.000010 0.000004 -21.033758 0.000003 0.000000 -14.723629 0.000000 -0.000000 0.000000 0.000003 0.000001 -32.076935 180.000000 179.999985 147.923065 0.000000 -0.000002 -21.363241 0.000000 -0.000000 0.000000 10.000000 0.000007 -30.621063 180.000000 -179.999985 149.378952 0.000010 0.000000 -20.393625 0.000000 -0.000000 0.000000 20.000002 -0.000000 -24.213335 0.000011 -0.000002 -36.319988 180.000000 179.999985 155.810867
2.463485 97.097939 -0.072026 89.460228 -176.305923 179.930893 179.836899 174.222778 178.654205 177.307510 178.898682 -179.942657 0.260658 -4.710820 0.498752 9.789438 3.483602 2.683895 171.713211 177.006882 179.797729 179.900772 -176.057892 177.149323 0.389400 4.067173 0.423780 0.444230 3.992456 -0.063634 2.086112 2.897760 0.057602 0.000016 -3.323309 0.539335 0.000027 -3.877192 0.558596 171.658585 -177.218140 -179.256805 7.856522 -0.578445 -0.475211 22.488115 -8.415527 79.863464 177.391312 -174.364182 -179.184357 176.162888 178.389496 175.280258 47.550262 39.219479 7.817899 180.000000 -180.000000 -170.890732 180.000000 -179.999985 -173.933228 180.000000 180.000000 -179.999985 14.999993 0.000004 30.550217 0.000004 0.000001 24.995626 0.000000 0.000002 17.496939 180.000000 180.000000 -179.999985 0.000002 0.000012 36.050842 180.000000 -179.999985 -143.949158 0.000000 0.000001 24.009861 180.000000 180.000000 -179.999985 170.000000 -179.999985 -146.269287 180.000000 180.000000 -146.269287 0.000003 -0.000004 22.464645 180.000000 180.000000 -179.999985 160.000015 180.000000 -160.529266 0.000002 -0.000004 29.206104 180.000000 179.999985 -160.548721 176.017899 -177.105362 179.745331 164.529373 -171.629807 98.065346 0.485752 3.510756 0.357150 9.806808 9.293583 1.046301 124.453995 127.035805 163.012100 0.000000 0.000000 -6.352406 0.000000 0.000000 -4.230701 180.000000 179.999985 -179.999985 165.000000 -180.000000 154.293930 0.000004 -0.000004 -21.032217 0.000006 0.000007 -14.722562 180.000000 179.999985 -179.999985 0.000004 0.000005 -32.080486 0.000006 0.000004 -32.080509 0.000000 0.000000 -21.365597 180.000000 179.999985 -179.999985 9.999996 -0.000001 -30.621967 0.000005 0.000008 -30.621954 180.000000 -179.999985 159.605774 180.000000 179.999985 -179.999985 19.999998 0.000004 -24.216293 180.000000 -179.999985 143.675568 0.000003 0.000002 -24.192066
2.454557 97.097244 -0.040351 89.489136 -176.288269 179.936340 179.841400 174.213913 178.630539 177.305283 178.859299 -179.950073 0.229521 -4.744702 0.542931 9.786556 3.508739 2.664096 171.686920 177.013565 179.792633 179.901825 -176.061142 177.174652 0.384939 4.069061 0.418247 0.440240 3.994324 -0.078537 2.069164 2.900170 0.037024 0.000017 -3.276947 0.550976 0.000021 -3.823118 0.570655 171.597656 -177.259521 -179.252731 7.858675 -0.608243 -0.483106 22.482275 -8.393876 79.892662 177.429291 -174.368378 -179.169174 176.165421 178.391403 175.285995 47.571400 39.229042 7.832725 0.000002 0.000005 9.103993 180.000000 180.000000 -173.936737 0.000003 0.000003 0.000000 15.000006 0.000005 30.554403 179.999985 -179.999985 -155.000916 0.000000 0.000003 17.499352 0.000003 0.000003 0.000000 180.000000 179.999985 -143.952545 180.000000 -179.999985 -143.952545 180.000000 -180.000000 -155.992401 0.000003 0.000003 0.000000 170.000000 179.999985 -146.267975 0.000003 -0.000002 33.732033 0.000004 0.000001 22.465528 0.000003 0.000003 0.000000 160.000000 179.999985 -160.530518 0.000002 -0.000004 29.204205 180.000000 -179.999985 -160.550003 176.021774 -177.091629 179.759491 164.504471 -171.636185 98.046265 0.453408 3.525006 0.353050 9.801608 9.300526 1.060574 124.480362 127.029289 163.035583 0.000002 0.000000 -6.353440 180.000000 -180.000000 175.768616 0.000000 0.000002 0.000000 165.000015 180.000000 154.294525 0.000001 0.000004 -21.031754 0.000004 -0.000001 -14.722219 0.000000 0.000002 0.000000 0.000000 -0.000007 -32.076981 0.000013 0.000003 -32.076958 180.000000 -179.999985 158.636719 0.000000 0.000002 0.000000 10.000007 0.000004 -30.624947 0.000000 0.000000 -30.624916 0.000007 -0.000000 -20.396202 0.000000 0.000002 0.000000 20.000002 -0.000000 -24.221275 0.000002 0.000011 -36.331917 0.000000 0.000000 -24.197054
2.445015 97.096710 -0.006091 89.513191 -176.270004 179.941605 179.854950 174.206390 178.608047 177.298950 178.816010 -179.961395 0.198044 -4.780571 0.590516 9.786122 3.536689 2.645033 171.665802 177.022659 179.784668 179.899994 -176.064056 177.202484 0.381771 4.071507 0.410481 0.437431 3.996779 -0.093798 2.057993 2.902948 0.016418 0.000016 -3.234987 0.561556 0.000003 -3.774153 0.581605 171.539810 -177.296982 -179.248978 7.860114 -0.637097 -0.490554 22.472649 -8.368487 79.921143 177.473160 -174.376282 -179.152206 176.167480 178.392441 175.293427 47.566452 39.224068 7.824404 180.000000 -180.000000 -170.896408 180.000000 179.999985 -173.937012 0.000003 0.000000 -0.000003 15.000004 -0.000000 30.554117 0.000003 -0.000004 24.998831 0.000000 -0.000000 17.499176 0.000003 0.000000 -0.000003 0.000001 0.000002 36.047169 0.000004 -0.000000 36.047180 180.000000 179.999985 -155.992584 0.000003 0.000000 -0.000003 170.000015 -179.999985 -146.262375 180.000000 180.000000 -146.262375 0.000000 0.000002 22.469273 0.000003 0.000000 -0.000003 160.000015 -179.999985 -160.532150 180.000000 179.999985 -150.798187 0.000003 -0.000002 19.448389 176.026443 -177.078964 179.775177 164.484726 -171.641937 98.026306 0.417284 3.543014 0.348421 9.796010 9.304767 1.075360 124.481262 127.019714 163.032623 0.000002 0.000004 -6.353593 0.000000 0.000000 -4.231495 0.000000 -0.000000 0.000000 165.000015 180.000000 154.298859 0.000013 0.000004 -21.028198 180.000000 -180.000000 165.280258 0.000000 -0.000000 0.000000 0.000004 0.000006 -32.074936 180.000000 180.000000 147.925064 0.000010 0.000003 -21.361906 0.000000 -0.000000 0.000000 10.000010 -0.000001 -30.616917 0.000009 0.000006 -30.616917 0.000006 0.000008 -20.390863 0.000000 -0.000000 0.000000 20.000002 -0.000000 -24.221281 0.000006 0.000004 -36.331940 0.000003 0.000004 -24.197073
2.435875 97.096275 0.030054 89.532036 -176.251663 179.946915 179.876999 174.200912 178.586578 177.287170 178.768982 -179.976883 0.168478 -4.818191 0.642261 9.784366 3.567092 2.625675 171.652267 177.034073 179.774368 179.896835 -176.066574 177.233246 0.379864 4.074240 0.400685 0.435816 3.999480 -0.109570 2.052402 2.905990 -0.004458 0.000039 -3.197697 0.571290 179.999985 -176.269348 -179.408310 171.485840 -177.330338 -179.245377 7.861087 -0.664168 -0.497109 22.460939 -8.340343 79.948204 177.521088 -174.387894 -179.134567 176.168808 178.393753 175.302917 47.562229 39.224316 7.808321 0.000000 0.000002 9.097445 180.000000 -180.000000 -173.941101 0.000002 -0.000003 -0.000003 15.000000 0.000002 30.553112 180.000000 -179.999985 -155.001984 0.000000 -0.000000 17.498590 0.000002 -0.000003 -0.000003 180.000000 -180.000000 -143.952469 179.999985 180.000000 -143.952438 180.000000 179.999985 -155.992340 0.000002 -0.000003 -0.000003 170.000000 179.999985 -146.260178 0.000002 -0.000005 33.739807 180.000000 180.000000 -157.529282 0.000002 -0.000003 -0.000003 159.999985 179.999985 -160.534164 180.000000 179.999985 -150.801254 0.000004 0.000003 19.446350 176.033020 -177.067612 179.791077 164.469711 -171.647812 98.006371 0.377739 3.565793 0.343074 9.790214 9.306274 1.089869 124.518517 127.005211 163.048645 0.000021 0.000022 -6.362624 0.000015 0.000013 -4.237514 0.000000 -0.000002 0.000000 165.000000 -179.999985 154.309769 0.000008 0.000005 -21.019297 0.000006 0.000005 -14.713507 0.000000 -0.000002 0.000000 0.000001 0.000002 -32.065273 0.000000 -0.000001 -32.065300 0.000007 0.000002 -21.355484 0.000000 -0.000002 0.000000 9.999993 0.000013 -30.608063 0.000005 0.000007 -30.608082 180.000000 180.000000 159.615021 0.000000 -0.000002 0.000000 19.999990 0.000016 -24.211487 0.000006 0.000004 -36.317253 0.000006 0.000005 -24.187277
2.425486 97.095749 0.069260 89.546906 -176.234009 179.952911 179.904785 174.197830 178.564560 177.269653 178.717941 -179.996185 0.142517 -4.858579 0.698608 9.776836 3.599750 2.603799 171.647934 177.046967 179.763260 179.894089 -176.067612 177.266846 0.379116 4.076984 0.389210 0.435115 4.002213 -0.125852 2.051070 2.909030 -0.025732 0.000001 -3.165385 0.579619 0.000010 -3.692942 0.600333 171.437866 -177.359283 -179.242325 7.861876 -0.688048 -0.502701 22.448797 -8.310956 79.972755 177.570145 -174.402191 -179.116882 176.170380 178.395660 175.314224 47.556610 39.206585 7.782901 0.000002 -0.000002 9.092443 180.000000 180.000000 -173.944412 0.000002 -0.000000 0.000002 15.000010 0.000002 30.553814 0.000006 -0.000006 24.998573 180.000000 180.000000 -162.500992 0.000002 -0.000000 0.000002 0.000007 -0.000008 36.041096 0.000006 -0.000002 36.041088 0.000003 -0.000002 24.003374 0.000002 -0.000000 0.000002 170.000000 -179.999985 -146.258881 0.000001 0.000002 33.741119 0.000007 -0.000001 22.471590 0.000002 -0.000000 0.000002 160.000015 180.000000 -160.532928 180.000000 179.999985 -150.799377 0.000001 0.000003 19.447628 176.041000 -177.057739 179.806717 164.460526 -171.653839 97.986229 0.335365 3.593176 0.337016 9.784429 9.306279 1.103722 124.291016 126.910446 162.866425 0.000004 -0.000003 -6.315438 180.000000 180.000000 175.793915 180.000000 180.000000 -179.999985 165.000000 179.999985 154.324493 0.000008 0.000005 -21.007221 179.999985 -180.000000 165.294937 180.000000 180.000000 -179.999985 180.000000 180.000000 147.951111 0.000006 0.000005 -32.048897 180.000000 179.999985 158.655426 180.000000 180.000000 -179.999985 9.999990 -0.000002 -30.592968 0.000007 0.000013 -30.593008 180.000000 180.000000 159.625092 180.000000 180.000000 -179.999985 19.999987 0.000006 -24.194248 180.000000 -179.999985 143.708618 0.000004 -0.000004 -24.170063
2.413541 97.095253 0.112268 89.558479 -176.217529 179.960007 179.935745 174.197723 178.540359 177.247528 178.662399 179.981644 0.120986 -4.902118 0.760010 9.760614 3.634033 2.577243 171.653152 177.060455 179.753555 179.893509 -176.066605 177.302200 0.379445 4.079641 0.376402 0.435085 4.004856 -0.142575 2.053061 2.912066 -0.047327 0.000006 -3.138272 0.585818 0.000012 -3.661321 0.606739 171.398468 -177.383453 -179.240311 7.862232 -0.709582 -0.508196 22.437912 -8.280260 79.995163 177.617279 -174.417892 -179.099762 176.173447 178.398514 175.327042 47.558472 39.193008 7.766541 180.000000 179.999985 -170.912720 0.000004 0.000002 6.052110 0.000000 -0.000000 0.000000 15.000009 0.000001 30.553482 0.000002 -0.000005 24.998304 179.999985 179.999985 -162.501190 0.000000 -0.000000 0.000000 0.000003 -0.000006 36.043552 179.999985 179.999985 -143.956436 180.000000 180.000000 -155.994995 0.000000 -0.000000 0.000000 170.000000 180.000000 -146.251877 0.000000 -0.000000 33.748116 0.000000 0.000002 22.476255 0.000000 -0.000000 0.000000 160.000000 -180.000000 -160.529800 0.000003 -0.000001 29.205301 180.000000 -180.000000 -160.549271 176.049622 -177.049133 179.821838 164.457657 -171.659973 97.965042 0.291169 3.621926 0.330578 9.778828 9.308553 1.117008 124.286110 126.893478 162.871384 180.000000 -180.000000 173.692810 0.000003 0.000000 -4.200585 0.000000 0.000002 0.000003 165.000015 180.000000 154.338516 0.000001 0.000002 -20.995756 180.000000 180.000000 165.302979 0.000000 0.000002 0.000003 180.000000 179.999985 147.964035 0.000010 0.000002 -32.035961 0.000000 -0.000001 -21.335953 0.000000 0.000002 0.000003 9.999996 0.000001 -30.583582 0.000003 0.000001 -30.583593 0.000003 0.000001 -20.368673 0.000000 0.000002 0.000003 20.000002 -0.000003 -24.184130 180.000000 180.000000 143.723816 0.000001 -0.000003 -24.159929
2.401384 97.094635 0.159339 89.566879 -176.202454 179.968445 179.969223 174.201233 178.512848 177.221634 178.602020 179.957687 0.103610 -4.948626 0.826836 9.735069 3.669268 2.544586 171.671402 177.073730 179.746719 179.892212 -176.063492 177.338821 0.380766 4.082043 0.362425 0.435673 4.007255 -0.159882 2.057987 2.914968 -0.069518 180.000000 -176.883972 -179.409637 0.000000 -3.635362 0.611435 171.367950 -177.403259 -179.239105 7.862032 -0.729330 -0.513611 22.428982 -8.248368 80.016319 177.661469 -174.433960 -179.084091 176.175598 178.401428 175.339844 47.582222 39.185795 7.771078 180.000000 -180.000000 -170.919556 0.000000 0.000003 6.047562 180.000000 180.000000 -179.999985 15.000002 -0.000002 30.564007 180.000000 179.999985 -154.993088 180.000000 -180.000000 -162.495163 180.000000 180.000000 -179.999985 180.000000 179.999985 -143.952774 0.000005 0.000005 36.047226 0.000003 -0.000000 24.007460 180.000000 180.000000 -179.999985 170.000000 -179.999985 -146.245743 180.000000 179.999985 -146.245743 0.000004 0.000000 22.480341 180.000000 180.000000 -179.999985 160.000015 -179.999985 -160.524780 0.000001 -0.000002 29.212826 0.000001 0.000005 19.455740 176.058746 -177.041611 179.836395 164.464539 -171.666672 97.942818 0.245534 3.656102 0.323459 9.774032 9.311790 1.129594 124.271057 126.865601 162.865540 180.000000 180.000000 173.703079 0.000000 0.000000 -4.193754 0.000000 -0.000000 0.000000 165.000000 179.999985 154.355850 0.000004 -0.000002 -20.981577 0.000000 -0.000002 -14.687099 0.000000 -0.000000 0.000000 0.000002 0.000006 -32.026409 180.000000 -180.000000 147.973618 180.000000 180.000000 158.670410 0.000000 -0.000000 0.000000 9.999998 0.000003 -30.571503 0.000002 0.000004 -30.571497 0.000000 0.000000 -20.360628 0.000000 -0.000000 0.000000 19.999994 0.000002 -24.171347 0.000003 0.000001 -36.257050 0.000005 -0.000006 -24.147175
2.388605 97.093819 0.210144 89.572197 -176.189117 179.978210 0.004498 5.791376 -1.518625 177.192947 178.536606 179.932556 0.089973 -4.998170 0.898131 9.698340 3.704503 2.504923 171.706619 177.084915 179.743301 179.888214 -176.057144 177.376999 0.383091 4.083840 0.347427 0.436813 4.009046 -0.177900 2.065417 2.917478 -0.092508 179.999985 -176.902084 -179.406189 0.000003 -3.614244 0.615012 171.345749 -177.419266 -179.238388 7.861124 -0.746905 -0.517960 22.422684 -8.215926 80.036453 177.701981 -174.448822 -179.071487 176.174072 178.403305 175.350754 47.614655 39.166206 7.780441 0.000000 0.000002 9.075480 0.000002 0.000002 6.044272 180.000000 -180.000000 180.000000 15.000000 0.000005 30.575724 0.000000 0.000002 25.016499 0.000003 -0.000004 17.511549 180.000000 -180.000000 180.000000 0.000001 0.000002 36.054924 0.000000 0.000001 36.054913 180.000000 180.000000 -155.987442 180.000000 -180.000000 180.000000 170.000000 179.999985 -146.235657 0.000000 -0.000000 33.764336 0.000000 0.000003 22.487041 180.000000 -180.000000 180.000000 160.000000 -179.999985 -160.512222 0.000003 0.000006 29.231663 0.000003 -0.000001 19.468292 176.068146 -177.035355 179.850433 164.476410 -171.674591 97.919846 0.200074 3.690217 0.316132 9.769894 9.319079 1.142050 124.291306 126.862633 162.903122 180.000000 -180.000000 173.711700 0.000000 -0.000002 -4.188013 0.000003 -0.000000 0.000000 165.000000 -179.999985 154.379761 180.000000 180.000000 159.037979 180.000000 -179.999985 165.326584 0.000003 -0.000000 0.000000 180.000000 -179.999985 147.978897 180.000000 180.000000 147.978897 0.000003 0.000001 -21.326059 0.000003 -0.000000 0.000000 10.000001 -0.000001 -30.563984 0.000003 -0.000004 -30.563993 0.000006 0.000005 -20.355614 0.000003 -0.000000 0.000000 20.000002 -0.000001 -24.166370 0.000001 0.000004 -36.249557 0.000004 -0.000001 -24.142199
2.375371 97.093315 0.260166 89.575493 -176.176117 179.988113 0.046187 5.782765 -1.550038 177.170746 178.469269 179.908554 0.065404 -5.048767 0.969298 9.661030 3.741302 2.465261 171.756714 177.098480 179.740662 179.872070 -176.051498 177.414963 0.385845 4.085718 0.332047 0.438271 4.010928 -0.196227 2.074699 2.920090 -0.115727 0.000010 -3.081004 0.597190 180.000000 -176.405502 -179.381470 171.324249 -177.434219 -179.237595 7.859634 -0.764285 -0.522039 22.418911 -8.182274 80.059448 177.744110 -174.462814 -179.061310 176.170670 178.404953 175.361160 47.706970 39.196800 7.856042 0.000003 -0.000002 9.061062 180.000000 179.999985 -173.965347 0.000003 0.000002 -0.000003 15.000004 0.000012 30.585218 0.000012 -0.000007 25.024271 180.000000 179.999985 -162.483002 0.000003 0.000002 -0.000003 180.000000 179.999985 -143.936096 0.000010 -0.000003 36.063911 0.000003 -0.000003 24.018555 0.000003 0.000002 -0.000003 170.000000 -179.999985 -146.225525 0.000011 -0.000001 33.774460 0.000000 0.000002 22.493797 0.000003 0.000002 -0.000003 160.000015 180.000000 -160.494385 0.000002 -0.000006 29.258430 180.000000 179.999985 -160.513870 176.077499 -177.029556 179.864594 164.489883 -171.681946 97.897552 0.152283 3.725304 0.307836 9.765588 9.328272 1.153998 124.334061 126.864822 162.967087 0.000000 -0.000002 -6.279357 180.000000 179.999985 175.817963 0.000000 -0.000000 0.000003 165.000015 179.999985 154.406036 180.000000 179.999985 159.059494 0.000003 0.000001 -14.658377 0.000000 -0.000000 0.000003 0.000002 -0.000007 -32.018097 180.000000 -179.999985 147.981888 0.000000 -0.000002 -21.324049 0.000000 -0.000000 0.000003 10.000003 -0.000014 -30.561357 180.000000 180.000000 149.438614 179.999985 179.999985 159.646133 0.000000 -0.000000 0.000003 20.000002 -0.000020 -24.161480 179.999985 -179.999985 143.757767 179.999985 -179.999985 155.862656
2.358522 97.091888 0.324044 89.576004 -176.167084 -179.999725 0.078192 5.768721 -1.592166 177.144608 178.397278 179.882217 0.056029 -5.101947 1.048190 9.597020 3.771423 2.410289 171.815262 177.096115 179.741165 179.876266 -176.033493 177.458878 0.389689 4.085704 0.315462 0.440097 4.010982 -0.215419 2.085467 2.921448 -0.140031 180.000000 -176.929535 -179.401810 0.000007 -3.582222 0.619534 171.321228 -177.443375 -179.238281 7.856988 -0.778321 -0.522057 22.419609 -8.149263 80.074814 177.772217 -174.471710 -179.054932 176.165726 178.405334 175.369110 47.735622 39.206066 7.886706 0.000003 -0.000000 9.060246 0.000004 0.000005 6.034115 0.000000 -0.000002 0.000000 14.999999 -0.000009 30.611870 179.999985 -179.999985 -154.953918 179.999985 -179.999985 -162.467743 0.000000 -0.000002 0.000000 0.000014 -0.000008 36.074757 180.000000 179.999985 -143.925247 0.000013 -0.000004 24.025778 0.000000 -0.000002 0.000000 170.000015 -179.999985 -146.221298 180.000000 179.999985 -146.221298 0.000000 -0.000000 22.496614 0.000000 -0.000002 0.000000 160.000015 -179.999985 -160.489838 0.000001 0.000016 29.265265 0.000001 0.000003 19.490669 176.088272 -177.025574 179.877274 164.507599 -171.695267 97.875427 0.108100 3.754278 0.297597 9.763338 9.340193 1.166960 124.362694 126.900719 163.019302 0.000001 0.000005 -6.275045 180.000000 -179.999985 175.820770 0.000003 0.000000 -0.000003 165.000000 179.999985 154.420212 0.000001 0.000002 -20.928951 0.000004 -0.000002 -14.650257 0.000003 0.000000 -0.000003 0.000004 -0.000006 -32.025135 0.000008 -0.000005 -32.025169 179.999985 -179.999985 158.671265 0.000003 0.000000 -0.000003 9.999998 -0.000012 -30.566153 180.000000 -179.999985 149.433823 180.000000 -179.999985 159.642914 0.000003 0.000000 -0.000003 19.999987 -0.000015 -24.174784 179.999985 -179.999985 143.737823 180.000000 -179.999985 155.849380
2.340653 97.090561 0.394839 89.576050 -176.160294 -179.986328 0.107034 5.752006 -1.639063 177.114990 178.323212 179.852905 0.053097 -5.156533 1.132457 9.515392 3.797791 2.346671 171.889099 177.085632 179.744080 179.883026 -176.009445 177.506027 0.393897 4.084557 0.298527 0.441915 4.009896 -0.234795 2.096317 2.922014 -0.164670 0.000004 -3.062483 0.597844 0.000002 -3.572912 0.619212 171.326797 -177.450027 -179.239777 7.854081 -0.790041 -0.520771 22.419334 -8.117954 80.085381 177.792755 -174.480988 -179.050049 176.160141 178.405746 175.375992 47.763931 39.216652 7.928784 0.000005 0.000001 9.064902 0.000005 -0.000000 6.037213 180.000000 179.999985 -180.000000 14.999999 -0.000008 30.581837 179.999985 -179.999985 -154.978470 0.000016 -0.000006 17.515057 180.000000 179.999985 -180.000000 0.000004 0.000006 36.073704 0.000003 -0.000002 36.073711 180.000000 179.999985 -155.974899 180.000000 179.999985 -180.000000 170.000000 -179.999985 -146.216187 0.000006 0.000002 33.783829 0.000000 0.000003 22.500023 180.000000 179.999985 -180.000000 160.000015 -179.999985 -160.471725 180.000000 179.999985 -150.707581 180.000000 179.999985 -160.491257 176.099503 -177.022690 179.888748 164.524307 -171.710678 97.851807 0.067352 3.777437 0.287863 9.763419 9.351616 1.181377 124.384003 126.927834 163.054718 0.000004 -0.000005 -6.273715 0.000002 0.000000 -4.178280 0.000000 -0.000002 0.000000 165.000015 -179.999985 154.422592 0.000002 -0.000004 -20.926970 180.000000 180.000000 165.351135 0.000000 -0.000002 0.000000 0.000001 -0.000028 -32.038513 0.000009 -0.000008 -32.038506 180.000000 -179.999985 158.662338 0.000000 -0.000002 0.000000 10.000003 -0.000011 -30.583555 0.000002 -0.000007 -30.583546 180.000000 -179.999985 159.631363 0.000000 -0.000002 0.000000 19.999983 -0.000019 -24.191858 180.000000 -179.999985 143.712189 180.000000 180.000000 155.832291
2.323714 97.089188 0.470874 89.575363 -176.155655 -179.971848 0.131779 5.733002 -1.689636 177.080872 178.247940 179.819382 0.058787 -5.212131 1.222339 9.422473 3.821974 2.273077 171.984543 177.070435 179.753540 179.879990 -175.981415 177.555145 0.398704 4.082312 0.281242 0.443725 4.007747 -0.254294 2.107207 2.921838 -0.189490 179.999985 -176.943481 -179.403488 0.000015 -3.565958 0.617792 171.340302 -177.454803 -179.241974 7.850866 -0.800520 -0.518630 22.423923 -8.087821 80.090546 177.805328 -174.485077 -179.044815 176.153214 178.407196 175.380142 47.766926 39.232235 7.946972 0.000011 0.000009 9.068110 0.000007 0.000006 6.039358 180.000000 179.999985 -180.000000 15.000000 0.000006 30.580286 180.000000 179.999985 -154.979767 180.000000 180.000000 -162.485825 180.000000 179.999985 -180.000000 0.000003 -0.000001 36.101704 180.000000 -179.999985 -143.898254 0.000003 -0.000002 24.043743 180.000000 179.999985 -180.000000 170.000000 179.999985 -146.210510 180.000000 -179.999985 -146.210510 0.000006 -0.000003 22.503796 180.000000 179.999985 -180.000000 160.000015 179.999985 -160.463730 0.000001 -0.000002 29.304415 0.000001 0.000005 19.516754 176.110825 -177.020599 179.898346 164.540985 -171.728271 97.826836 0.032281 3.795498 0.280065 9.762914 9.361057 1.196004 124.383812 126.951767 163.062134 180.000000 180.000000 173.725708 0.000004 -0.000005 -4.178708 0.000000 -0.000000 0.000000 165.000000 -179.999985 154.419464 0.000003 -0.000005 -20.929522 0.000003 -0.000000 -14.650646 0.000000 -0.000000 0.000000 0.000004 0.000003 -32.052731 0.000003 -0.000011 -32.052704 180.000000 -179.999985 158.652893 0.000000 -0.000000 0.000000 10.000001 -0.000010 -30.599602 0.000003 -0.000004 -30.599606 179.999985 179.999985 159.620667 0.000000 -0.000000 0.000000 20.000008 0.000005 -24.212307 180.000000 -179.999985 143.681610 180.000000 -180.000000 155.811920
2.302536 97.087555 0.557385 89.575493 -176.151779 -179.956497 0.145391 5.714765 -1.747004 177.046600 178.171768 179.783844 0.074106 -5.269977 1.318204 9.304417 3.846481 2.186877 172.067139 177.049042 179.769775 179.914169 -175.947418 177.605911 0.404026 4.079309 0.263435 0.445344 4.004868 -0.274329 2.117242 2.921121 -0.215003 180.000000 -176.948242 -179.405045 0.000002 -3.560370 0.616219 171.360367 -177.458450 -179.244431 7.847571 -0.810599 -0.515940 22.423790 -8.059330 80.093025 177.810303 -174.492706 -179.041260 176.145615 178.410202 175.383224 47.778015 39.237621 7.980702 0.000004 0.000010 9.078253 0.000005 0.000005 6.046116 180.000000 179.999985 180.000000 15.000000 0.000009 30.580109 180.000000 -180.000000 -154.979904 0.000000 0.000003 17.514059 180.000000 179.999985 180.000000 0.000000 0.000012 36.067532 0.000001 0.000002 36.067539 0.000006 -0.000003 24.020964 180.000000 179.999985 180.000000 170.000000 180.000000 -146.212952 180.000000 179.999985 -146.212936 180.000000 -180.000000 -157.497818 180.000000 179.999985 180.000000 160.000000 179.999985 -160.457932 0.000004 0.000001 29.313107 179.999985 179.999985 -160.477478 176.121704 -177.019730 179.907150 164.558548 -171.748138 97.800888 0.007225 3.809867 0.276406 9.759470 9.369545 1.209408 124.370247 126.969734 163.047012 0.000000 -0.000007 -6.278052 0.000001 0.000007 -4.181153 0.000000 -0.000000 0.000003 165.000015 -179.999985 154.431824 0.000008 -0.000017 -20.919392 0.000005 -0.000012 -14.643596 0.000000 -0.000000 0.000003 180.000000 -179.999985 147.928513 0.000003 0.000002 -32.071476 0.000004 -0.000003 -21.359612 0.000000 -0.000000 0.000003 10.000012 0.000006 -30.608046 180.000000 -179.999985 149.391968 0.000007 -0.000000 -20.384949 0.000000 -0.000000 0.000003 19.999987 -0.000010 -24.232183 0.000003 -0.000010 -36.348312 179.999985 180.000000 155.792007
2.275792 97.085556 0.652946 89.577477 -176.147430 -179.940155 0.139948 5.699016 -1.815214 177.020721 178.094452 179.751007 0.097535 -5.330964 1.418666 9.179364 3.869187 2.093092 172.161530 177.013779 179.786255 179.941360 -175.901855 177.663071 0.410152 4.075828 0.245125 0.446547 4.001491 -0.294977 2.125362 2.920163 -0.241605 0.000010 -3.047373 0.593640 0.000001 -3.555278 0.614837 171.385925 -177.461685 -179.246933 7.844169 -0.819495 -0.511786 22.421782 -8.032951 80.091934 177.806076 -174.504303 -179.044037 176.139008 178.418182 175.389511 47.780590 39.238861 8.014343 0.000008 0.000013 9.093513 0.000004 0.000010 6.056298 180.000000 180.000000 -179.999985 15.000006 -0.000006 30.583637 180.000000 179.999985 -154.977036 0.000003 -0.000001 17.516096 180.000000 180.000000 -179.999985 180.000000 -179.999985 -143.928680 180.000000 179.999985 -143.928680 0.000004 0.000001 24.023502 180.000000 180.000000 -179.999985 170.000000 180.000000 -146.207840 0.000001 0.000002 33.792137 179.999985 179.999985 -157.494415 180.000000 180.000000 -179.999985 160.000015 -179.999985 -160.448380 180.000000 180.000000 -150.672546 180.000000 179.999985 -160.467911 176.132034 -177.020248 179.915237 164.576767 -171.770340 97.774117 179.991531 176.178238 -179.723557 9.758575 9.374226 1.222753 124.323677 126.983299 162.995636 0.000000 0.000000 -6.281567 0.000000 -0.000003 -4.183542 180.000000 180.000000 -179.999985 165.000015 179.999985 154.356583 0.000000 -0.000001 -20.980991 0.000000 -0.000003 -14.686674 180.000000 180.000000 -179.999985 180.000000 -180.000000 147.913818 180.000000 -180.000000 147.913818 0.000003 0.000004 -21.369419 180.000000 180.000000 -179.999985 9.999987 -0.000013 -30.624376 0.000003 0.000003 -30.624411 0.000003 0.000002 -20.395847 180.000000 180.000000 -179.999985 19.999985 -0.000003 -24.246367 180.000000 -179.999985 143.630432 0.000000 -0.000002 -24.222141
2.243834 97.083107 0.759201 89.581650 -176.142334 -179.922943 0.118212 5.686081 -1.893934 177.003159 178.016266 179.721344 0.126179 -5.394761 1.523378 9.036511 3.892424 1.987520 172.279358 176.968246 179.810059 179.960724 -175.847107 177.724045 0.417033 4.072127 0.226572 0.447215 3.997919 -0.316064 2.131053 2.918991 -0.268854 0.000006 -3.042955 0.592454 0.000005 -3.550125 0.613620 171.415863 -177.464920 -179.249588 7.841038 -0.826708 -0.505674 22.417727 -8.009223 80.086266 177.792282 -174.509399 -179.052353 176.134018 178.421204 175.396545 47.765358 39.238644 8.038029 0.000007 0.000008 9.112668 0.000004 0.000007 6.069046 180.000000 180.000000 179.999985 15.000017 0.000004 30.592178 179.999985 180.000000 -154.970032 180.000000 180.000000 -162.479019 180.000000 180.000000 179.999985 0.000004 0.000006 36.080166 180.000000 180.000000 -143.919846 180.000000 179.999985 -155.970627 180.000000 180.000000 179.999985 170.000015 -179.999985 -146.180161 0.000010 -0.000015 33.819881 0.000013 -0.000006 22.524029 180.000000 180.000000 179.999985 160.000015 -179.999985 -160.438217 180.000000 179.999985 -150.657288 180.000000 179.999985 -160.457764 176.142426 -177.022171 179.921265 164.596085 -171.793686 97.747299 179.983841 176.167648 -179.720886 9.760056 9.381904 1.237848 124.282135 126.980911 162.944534 180.000000 -180.000000 173.715347 0.000000 0.000000 -4.185587 0.000000 -0.000002 0.000000 165.000000 180.000000 154.350464 180.000000 -180.000000 159.014023 180.000000 179.999985 165.309814 0.000000 -0.000002 0.000000 179.999985 179.999985 147.910538 0.000001 -0.000002 -32.089451 0.000000 -0.000002 -21.371586 0.000000 -0.000002 0.000000 10.000003 0.000013 -30.630526 0.000005 0.000001 -30.630507 0.000000 -0.000002 -20.399927 0.000000 -0.000002 0.000000 19.999981 -0.000003 -24.255087 0.000014 0.000003 -36.382671 180.000000 179.999985 155.769150
2.212859 97.080414 0.871087 89.588249 -176.136520 -179.905106 0.081254 5.674980 -1.980729 176.995087 177.939041 179.694397 0.157811 -5.458765 1.630706 8.833989 3.919511 1.860386 172.455887 176.917725 179.854126 179.979416 -175.786682 177.783783 0.424506 4.068212 0.207926 0.447366 3.994113 -0.337394 2.134239 2.917716 -0.296640 0.000008 -3.037935 0.591565 0.000004 -3.544236 0.612679 171.448608 -177.468704 -179.252213 7.838809 -0.832095 -0.498028 22.408133 -7.988336 80.073265 177.771927 -174.516968 -179.060608 176.128906 178.425842 175.402222 47.755093 39.232010 8.055091 0.000002 0.000002 9.127981 180.000000 179.999985 -173.920761 180.000000 180.000000 180.000000 14.999990 0.000003 30.589514 0.000007 0.000001 25.027754 0.000000 0.000003 17.519419 180.000000 180.000000 180.000000 0.000003 0.000008 36.083454 0.000003 -0.000001 36.083454 0.000000 0.000001 24.031591 180.000000 180.000000 180.000000 170.000000 179.999985 -146.245163 0.000002 -0.000006 33.754826 180.000000 179.999985 -157.519287 180.000000 180.000000 180.000000 160.000015 180.000000 -160.432800 180.000000 179.999985 -150.649200 0.000003 -0.000004 19.547636 176.153244 -177.025650 179.924347 164.616058 -171.817490 97.721992 179.984528 176.158310 -179.716217 9.762923 9.389038 1.254784 124.256371 126.980949 162.914810 0.000000 0.000000 -6.285840 180.000000 180.000000 175.813629 0.000003 -0.000002 0.000002 165.000000 -179.999985 154.357788 180.000000 -179.999985 159.020020 0.000003 0.000003 -14.685981 0.000003 -0.000002 0.000002 180.000000 179.999985 147.903030 180.000000 -179.999985 147.903046 0.000016 0.000008 -21.376575 0.000003 -0.000002 0.000002 10.000008 0.000004 -30.634443 180.000000 180.000000 149.365585 0.000006 0.000008 -20.402534 0.000003 -0.000002 0.000002 19.999994 0.000002 -24.260588 180.000000 -179.999985 143.609131 0.000004 -0.000003 -24.236336
2.177005 97.076836 0.992462 89.597588 -176.130478 -179.887039 0.029782 5.665921 -2.076519 177.001755 177.859711 179.670929 0.186136 -5.526641 1.741249 8.636583 3.947967 1.718188 172.625580 176.859497 179.914856 179.998138 -175.717270 177.843536 0.432081 4.063742 0.189281 0.447011 3.989804 -0.359121 2.135274 2.916055 -0.325099 0.000015 -3.031423 0.591418 0.000000 -3.536654 0.612550 171.482178 -177.473785 -179.254623 7.837776 -0.835604 -0.488937 22.393005 -7.968863 80.048660 177.746964 -174.525635 -179.063782 176.123657 178.431473 175.406723 47.739998 39.219204 8.048038 0.000004 0.000005 9.135257 0.000000 0.000007 6.084086 0.000003 0.000002 -0.000003 15.000014 0.000012 30.587927 0.000002 -0.000005 25.026468 180.000000 180.000000 -162.481461 0.000003 0.000002 -0.000003 0.000006 0.000003 36.088303 180.000000 179.999985 -143.911682 179.999985 179.999985 -155.965179 0.000003 0.000002 -0.000003 170.000000 179.999985 -146.248444 0.000003 -0.000002 33.751560 0.000009 -0.000008 22.478537 0.000003 0.000002 -0.000003 160.000015 179.999985 -160.424408 180.000000 180.000000 -150.636627 180.000000 179.999985 -160.443985 176.164246 -177.031006 179.925629 164.637222 -171.840271 97.696129 179.994980 176.149689 -179.707916 9.766921 9.401924 1.275598 124.246773 126.975250 162.892151 0.000002 -0.000002 -6.291048 0.000003 0.000004 -4.189830 180.000000 -180.000000 -180.000000 165.000015 179.999985 154.367615 179.999985 -179.999985 159.028061 180.000000 -180.000000 165.319641 180.000000 -180.000000 -180.000000 0.000002 -0.000001 -32.093124 0.000006 0.000004 -32.093136 180.000000 179.999985 158.625977 180.000000 -180.000000 -180.000000 10.000006 0.000005 -30.636438 0.000002 -0.000001 -30.636425 0.000006 0.000005 -20.403881 180.000000 -180.000000 -180.000000 19.999998 -0.000003 -24.266438 0.000003 0.000001 -36.399677 179.999985 -179.999985 155.757812
2.132562 97.072571 1.122447 89.611069 -176.123566 -179.869247 179.967407 174.340851 177.819351 177.026825 177.771591 179.651169 0.202528 -5.604375 1.854963 8.422515 3.974455 1.564628 172.753174 176.786179 179.984436 0.071969 -4.364215 -2.097642 0.438814 4.058886 0.170832 0.446154 3.985059 -0.381326 2.133873 2.914078 -0.354337 0.000001 -3.022791 0.592345 0.000028 -3.526600 0.613500 171.514694 -177.480820 -179.256638 7.838211 -0.837569 -0.478049 22.369463 -7.949769 80.014854 177.719559 -174.537033 -179.063263 176.118286 178.437576 175.410019 47.709633 39.203064 8.030379 0.000000 0.000003 9.145402 0.000000 0.000003 6.090834 0.000003 0.000003 0.000000 15.000012 0.000022 30.564461 180.000000 179.999985 -154.992706 180.000000 179.999985 -162.494888 0.000003 0.000003 0.000000 0.000006 0.000007 36.092449 0.000000 0.000001 36.092445 179.999985 179.999985 -155.962418 0.000003 0.000003 0.000000 170.000000 179.999985 -146.252594 0.000002 -0.000010 33.747402 180.000000 -179.999985 -157.524231 0.000003 0.000003 0.000000 160.000015 179.999985 -160.421097 180.000000 179.999985 -150.631638 0.000003 -0.000004 19.559315 176.175339 -177.038040 179.927002 164.670914 -171.859879 97.664940 0.015338 3.869297 0.305732 9.770042 9.423582 1.301621 124.263191 126.982986 162.903198 180.000000 -180.000000 173.704285 180.000000 -179.999985 175.807068 180.000000 -180.000000 -180.000000 165.000000 -179.999985 154.396667 180.000000 -180.000000 159.051834 0.000003 0.000004 -14.663743 180.000000 -180.000000 -180.000000 180.000000 179.999985 147.915939 180.000000 -180.000000 147.915939 179.999985 -179.999985 158.632034 180.000000 -180.000000 -180.000000 9.999997 0.000004 -30.629057 180.000000 179.999985 149.370926 180.000000 -179.999985 159.601028 180.000000 -180.000000 -180.000000 20.000002 0.000013 -24.270777 0.000000 -0.000012 -36.406166 0.000010 0.000004 -24.246513
2.081004 97.067741 1.261668 89.630867 -176.113266 -179.852493 179.886795 174.344070 177.707581 177.078033 177.674667 179.636292 0.204453 -5.690990 1.970144 8.186220 3.996725 1.401956 172.921310 176.689758 -179.941086 0.121090 -4.461143 -2.033389 0.443972 4.054620 0.153025 0.444540 3.980937 -0.403967 2.129025 2.912526 -0.384383 0.000006 -3.011486 0.594876 0.000012 -3.513393 0.616127 171.543259 -177.490311 -179.257797 7.840012 -0.839105 -0.465300 22.336224 -7.929851 79.975876 177.692230 -174.551849 -179.062317 176.112686 178.444092 175.412415 47.682732 39.178890 8.004341 0.000000 0.000003 9.152003 0.000000 0.000005 6.095225 0.000000 -0.000000 0.000000 15.000010 -0.000003 30.648001 0.000004 0.000002 25.075619 0.000003 -0.000002 17.552935 0.000000 -0.000000 0.000000 0.000002 -0.000011 36.102852 180.000000 179.999985 -143.897141 0.000000 0.000001 24.044502 0.000000 -0.000000 0.000000 170.000000 180.000000 -146.253998 0.000001 -0.000002 33.745998 0.000000 0.000001 22.474842 0.000000 -0.000000 0.000000 160.000015 -180.000000 -160.411514 0.000003 0.000012 29.382763 0.000003 -0.000001 19.568928 176.187729 -177.045120 179.928391 164.703812 -171.878098 97.630890 0.045455 3.887622 0.324288 9.773322 9.444065 1.332473 124.271873 126.981224 162.905838 0.000000 0.000000 -6.298656 0.000002 0.000000 -4.194895 0.000000 -0.000000 0.000000 165.000000 -179.999985 154.450348 180.000000 180.000000 159.095749 180.000000 180.000000 165.367004 0.000000 -0.000000 0.000000 180.000000 -179.999985 147.933792 0.000009 0.000005 -32.066208 0.000003 0.000005 -21.356117 0.000000 -0.000000 0.000000 9.999999 -0.000007 -30.654373 0.000008 0.000009 -30.654385 179.999985 -179.999985 159.584183 0.000000 -0.000000 0.000000 19.999989 -0.000002 -24.273220 0.000002 -0.000012 -36.409832 0.000002 0.000009 -24.248955
2.026342 97.061958 1.406755 89.660622 -176.098129 -179.843674 179.790970 174.349091 177.610352 177.148956 177.564880 179.624817 0.193389 -5.784248 2.072610 7.923251 4.017484 1.226905 173.100403 176.568542 -179.863770 0.176281 -4.576172 -1.952677 0.445186 4.051516 0.142458 0.442100 3.977980 -0.427007 2.120282 2.911811 -0.415156 180.000000 -177.003143 -179.400406 0.000002 -3.496344 0.621010 171.563858 -177.502945 -179.257721 7.842970 -0.841438 -0.451305 22.294107 -7.907217 79.933372 177.667480 -174.568573 -179.061325 176.106659 178.450653 175.413574 47.658016 39.157135 7.983714 0.000000 0.000002 9.159594 0.000003 -0.000002 6.100297 180.000000 -180.000000 180.000000 15.000010 0.000007 30.644962 0.000004 0.000000 25.073132 0.000000 0.000003 17.551191 180.000000 -180.000000 180.000000 180.000000 179.999985 -143.894577 180.000000 179.999985 -143.894562 0.000007 -0.000001 24.046219 180.000000 -180.000000 180.000000 170.000000 -180.000000 -146.255066 180.000000 179.999985 -146.255035 0.000009 -0.000006 22.474140 180.000000 -180.000000 180.000000 160.000015 -179.999985 -160.404129 0.000002 0.000007 29.393827 180.000000 179.999985 -160.423706 176.202393 -177.051315 179.929047 164.739548 -171.896225 97.596367 0.083887 3.909080 0.344707 9.776469 9.469046 1.370114 124.278923 126.983063 162.905350 180.000000 179.999985 173.697006 180.000000 -179.999985 175.802185 0.000000 -0.000000 0.000002 165.000000 -179.999985 154.508606 0.000001 -0.000003 -20.856598 0.000003 0.000003 -14.599609 0.000000 -0.000000 0.000002 180.000000 180.000000 147.948776 0.000003 0.000001 -32.051201 180.000000 179.999985 158.653900 0.000000 -0.000000 0.000002 10.000003 0.000006 -30.655746 180.000000 -179.999985 149.344254 180.000000 180.000000 159.583267 0.000000 -0.000000 0.000002 20.000000 0.000005 -24.267918 0.000003 0.000006 -36.401875 0.000002 0.000006 -24.243639
1.971440 97.055069 1.554856 89.692444 -176.077713 -179.812408 179.680557 174.341965 177.469727 177.241791 177.460434 179.622986 0.170049 -5.878177 2.184113 7.646394 4.026277 1.035695 173.275604 176.413193 -179.787888 0.245536 -4.706834 -1.877892 0.448426 4.050036 0.109001 0.438777 3.976433 -0.450449 2.107663 2.912072 -0.446695 0.000009 -2.978769 0.606290 180.000000 -176.524780 -179.372040 171.574646 -177.518829 -179.256454 7.847223 -0.845132 -0.436327 22.245432 -7.880460 79.888031 177.647049 -174.584213 -179.060242 176.102097 178.457733 175.414490 47.639297 39.138512 7.967937 0.000000 0.000003 9.165872 180.000000 179.999985 -173.895523 0.000005 -0.000002 -0.000003 14.999997 -0.000003 30.642815 180.000000 180.000000 -154.928589 0.000003 -0.000001 17.549978 0.000005 -0.000002 -0.000003 0.000006 -0.000004 36.110241 180.000000 -180.000000 -143.889771 0.000003 -0.000003 24.049423 0.000005 -0.000002 -0.000003 170.000000 179.999985 -146.254913 0.000004 -0.000006 33.745060 180.000000 179.999985 -157.525772 0.000005 -0.000002 -0.000003 160.000015 180.000000 -160.398346 180.000000 179.999985 -150.597519 0.000003 -0.000004 19.582058 176.219772 -177.056885 179.928940 164.771667 -171.913986 97.561951 0.131844 3.924419 0.366529 9.778553 9.501961 1.415953 124.271263 126.988190 162.892151 180.000000 -179.999985 173.693512 0.000000 -0.000005 -4.200137 180.000000 180.000000 180.000000 165.000000 -179.999985 154.552017 180.000000 -179.999985 159.178925 180.000000 180.000000 165.425262 180.000000 180.000000 180.000000 0.000000 -0.000002 -32.039570 179.999985 -179.999985 147.960419 0.000006 0.000005 -21.338350 180.000000 180.000000 180.000000 10.000000 0.000001 -30.656149 0.000002 0.000006 -30.656153 180.000000 -179.999985 159.582993 180.000000 180.000000 180.000000 19.999998 0.000001 -24.301662 180.000000 -179.999985 143.547501 0.000006 0.000003 -24.277363
1.908898 97.046837 1.707141 89.731926 -176.050278 -179.783463 179.567688 174.329819 177.326950 177.355011 177.342026 179.623581 0.121099 -5.984007 2.298140 7.367152 4.027283 0.844381 173.403534 176.227753 -179.713486 0.356918 -4.853719 -1.800058 0.450122 4.050801 0.076735 0.434609 3.977115 -0.474351 2.091024 2.913900 -0.478996 180.000000 -177.042572 -179.385345 0.000010 -3.450336 0.636615 171.573273 -177.537796 -179.254059 7.853381 -0.850171 -0.420764 22.186913 -7.849663 79.840569 177.632828 -174.601364 -179.058563 176.101089 178.466370 175.416611 47.617519 39.128429 7.957170 0.000000 0.000002 9.173656 180.000000 -180.000000 -173.890350 180.000000 -180.000000 180.000000 15.000002 -0.000003 30.644440 0.000006 -0.000002 25.072718 0.000000 -0.000000 17.550907 180.000000 -180.000000 180.000000 180.000000 179.999985 -143.887527 180.000000 179.999985 -143.887558 180.000000 -180.000000 -155.949112 180.000000 -180.000000 180.000000 170.000000 -179.999985 -146.259659 180.000000 179.999985 -146.259659 0.000003 -0.000002 22.471066 180.000000 -180.000000 180.000000 160.000015 -179.999985 -160.391983 180.000000 179.999985 -150.587982 0.000003 -0.000002 19.588406 176.239960 -177.061844 179.928329 164.804581 -171.930328 97.527946 0.187210 3.942115 0.389793 9.781003 9.535229 1.467618 124.261139 126.982178 162.880341 0.000002 0.000000 -6.305914 180.000000 180.000000 175.800262 0.000000 -0.000002 0.000000 165.000000 -179.999985 154.611252 180.000000 180.000000 159.227371 179.999985 180.000000 165.459167 0.000000 -0.000002 0.000000 179.999985 -179.999985 148.002365 180.000000 -179.999985 148.002365 180.000000 -180.000000 158.689575 0.000000 -0.000002 0.000000 10.000001 0.000001 -30.659004 180.000000 -179.999985 149.340988 0.000007 0.000001 -20.418892 0.000000 -0.000002 0.000000 20.000008 0.000000 -24.303904 180.000000 -179.999985 143.544128 0.000001 -0.000003 -24.279604
1.841315 97.037300 1.865430 89.779549 -176.014313 -179.756516 179.449768 174.313858 177.182800 177.471909 177.206116 179.623871 0.065469 -6.103567 2.416346 7.062714 4.022374 0.650167 173.557587 176.012100 -179.640091 0.459584 -5.016635 -1.715175 0.450056 4.054531 0.044473 0.429520 3.980676 -0.498663 2.070312 2.917758 -0.512067 0.000003 -2.932955 0.624676 0.000016 -3.421780 0.646993 171.556030 -177.559830 -179.250412 7.862190 -0.855928 -0.405014 22.124483 -7.815328 79.790901 177.625183 -174.614334 -179.056061 176.102188 178.475830 175.419449 47.607910 39.127548 7.959476 180.000000 -180.000000 -170.820389 0.000002 0.000003 6.113590 0.000003 0.000002 -0.000003 15.000009 0.000005 30.643026 0.000002 -0.000008 25.071554 180.000000 179.999985 -162.449905 0.000003 0.000002 -0.000003 180.000000 179.999985 -143.881668 0.000001 0.000002 36.118347 0.000009 -0.000006 24.054823 0.000003 0.000002 -0.000003 170.000000 -180.000000 -146.260071 0.000003 -0.000003 33.739914 180.000000 -179.999985 -157.529221 0.000003 0.000002 -0.000003 160.000015 179.999985 -160.390320 0.000000 0.000002 29.414562 0.000000 0.000002 19.590090 176.263016 -177.065964 179.927643 164.837265 -171.944931 97.494972 0.248120 3.965319 0.414823 9.784796 9.555624 1.522391 124.226486 126.980103 162.838882 180.000000 180.000000 173.692154 0.000000 0.000000 -4.201036 0.000000 -0.000000 0.000002 165.000000 -179.999985 154.717224 179.999985 -180.000000 159.314087 179.999985 179.999985 165.519867 0.000000 -0.000000 0.000002 180.000000 -179.999985 148.040451 179.999985 -179.999985 148.040482 0.000003 0.000004 -21.285034 0.000000 -0.000000 0.000002 10.000008 -0.000002 -30.657366 180.000000 -179.999985 149.342636 180.000000 180.000000 159.582199 0.000000 -0.000000 0.000002 20.000002 0.000001 -24.308298 0.000002 -0.000001 -36.462448 0.000006 0.000003 -24.283993
1.771080 97.027939 2.025798 89.828033 -175.980118 -179.731094 179.317810 174.294189 177.035583 177.605362 177.080002 179.628555 0.006532 -6.220935 2.535885 6.727198 4.016557 0.454256 173.746048 175.796936 -179.567581 0.558717 -5.181230 -1.627545 0.450305 4.057295 0.014326 0.424520 3.983308 -0.522643 2.049746 2.920964 -0.544702 0.000044 -2.907901 0.635029 0.000045 -3.392570 0.657708 171.540955 -177.582397 -179.246628 7.870296 -0.861567 -0.389970 22.047804 -7.781362 79.741730 177.619171 -174.637207 -179.052826 176.103485 178.485641 175.420929 47.591640 39.133759 7.958506 0.000009 0.000011 9.185005 0.000002 0.000008 6.117222 180.000000 180.000000 -179.999985 15.000023 0.000009 30.635017 180.000000 -179.999985 -154.935028 0.000001 0.000003 17.545475 180.000000 180.000000 -179.999985 180.000000 179.999985 -143.881821 180.000000 180.000000 -143.881790 0.000000 0.000002 24.054733 180.000000 180.000000 -179.999985 170.000000 179.999985 -146.260910 0.000000 0.000002 33.739124 180.000000 179.999985 -157.529785 180.000000 180.000000 -179.999985 160.000000 179.999985 -160.383301 0.000007 -0.000000 29.425053 179.999985 179.999985 -160.402908 176.284225 -177.070511 179.927734 164.866806 -171.959488 97.460869 0.311178 3.980631 0.441368 9.788188 9.578271 1.577171 124.193428 126.941933 162.796127 180.000000 179.999985 173.695419 0.000000 0.000000 -4.198874 180.000000 180.000000 -180.000000 164.999908 -179.999954 154.948532 179.999939 -179.999985 159.503357 179.999969 179.999985 165.652374 180.000000 180.000000 -180.000000 179.999985 -179.999985 148.186554 179.999985 180.000000 148.186554 179.999985 179.999985 158.812271 180.000000 180.000000 -180.000000 9.999997 -0.000005 -30.648813 0.000000 0.000005 -30.648813 180.000000 179.999985 159.587875 180.000000 180.000000 -180.000000 20.000004 0.000004 -24.301701 179.999985 -179.999985 143.547470 179.999985 179.999985 155.722610
1.706562 97.015610 2.185671 89.892097 -175.923782 -179.706833 179.196030 174.275177 176.894821 177.719131 176.902985 179.619980 179.941467 -173.633484 -177.335510 6.396977 4.002043 0.250569 173.888885 175.526703 -179.485245 0.684406 -5.368044 -1.537336 0.446488 4.068666 -0.020395 0.417552 3.994335 -0.548515 2.020481 2.930077 -0.580108 0.000062 -2.877011 0.648490 0.000097 -3.356512 0.671638 171.482635 -177.610748 -179.240005 7.887107 -0.867902 -0.373344 21.956879 -7.741355 79.691017 177.630249 -174.663818 -179.049194 176.105591 178.496567 175.424210 47.588890 39.130901 7.976282 0.000001 0.000014 9.196011 0.000007 0.000008 6.124514 180.000000 180.000000 -179.999985 15.000006 0.000017 30.643831 179.999985 180.000000 -154.927780 0.000003 -0.000001 17.550550 180.000000 180.000000 -179.999985 0.000000 -0.000000 36.123653 179.999985 179.999985 -143.876328 0.000007 -0.000002 24.058376 180.000000 180.000000 -179.999985 170.000000 179.999985 -146.266373 180.000000 180.000000 -146.266418 179.999985 179.999985 -157.533417 180.000000 180.000000 -179.999985 160.000092 -179.999985 -160.309326 0.000129 -0.000006 29.536043 0.000075 0.000030 19.671009 176.313171 -177.073410 179.930344 164.894531 -171.968430 97.429573 0.382600 4.006776 0.469945 9.790071 9.596351 1.640194 124.068161 126.924255 162.682266 0.000011 0.000016 -6.291737 0.000012 0.000009 -4.190278 0.000003 -0.000000 0.000002 165.000000 -180.000000 155.129303 180.000000 -179.999985 159.651245 179.999985 -179.999985 165.755890 0.000003 -0.000000 0.000002 179.999985 -179.999985 148.218399 179.999985 -179.999985 148.218414 179.999985 179.999985 158.833481 0.000003 -0.000000 0.000002 9.999996 -0.000003 -30.645451 0.000008 -0.000003 -30.645439 179.999985 179.999985 159.590134 0.000003 -0.000000 0.000002 20.000002 0.000003 -24.296103 179.999985 -179.999985 143.555832 180.000000 179.999985 155.728195
1.639044 97.001625 2.347230 89.964127 -175.855026 -179.682343 179.075119 174.257584 176.755951 177.840897 176.693924 179.603806 179.858948 -173.470490 -177.202057 6.069722 3.981747 0.043846 174.004105 175.222427 -179.402573 0.827890 -5.570338 -1.444942 0.440272 4.084941 -0.058710 0.409406 4.010139 -0.575588 1.986134 2.942610 -0.617346 0.000057 -2.844050 0.664187 0.000056 -3.318062 0.687913 171.406128 -177.641373 -179.231583 7.908551 -0.874172 -0.355016 21.869335 -7.697943 79.638550 177.648376 -174.685410 -179.047592 176.108612 178.508041 175.431107 47.584133 39.136204 7.985666 0.000006 0.000005 9.201417 180.000000 179.999985 -173.871857 180.000000 -180.000000 -179.999985 15.000008 0.000001 30.643196 0.000011 0.000001 25.071697 180.000000 179.999985 -162.449814 180.000000 -180.000000 -179.999985 0.000000 -0.000000 36.123260 179.999985 179.999985 -143.876740 179.999985 179.999985 -155.941910 180.000000 -180.000000 -179.999985 170.000000 -179.999985 -146.264297 180.000000 179.999985 -146.264313 0.000013 -0.000003 22.467989 180.000000 -180.000000 -179.999985 160.000000 -179.999985 -160.459152 0.000001 -0.000002 29.311275 180.000000 -179.999985 -160.478699 176.349731 -177.074341 179.929733 164.925720 -171.976517 97.403847 0.457464 4.037333 0.499092 9.791986 9.609307 1.707938 124.185555 126.896675 162.739609 180.000000 179.999985 173.679642 0.000000 -0.000002 -4.209361 180.000000 -180.000000 -179.999985 164.999969 -179.999985 155.100677 179.999985 180.000000 159.627838 179.999985 179.999985 165.739456 180.000000 -180.000000 -179.999985 179.999969 -179.999985 148.247269 179.999969 -179.999985 148.247299 179.999985 179.999985 158.852692 180.000000 -180.000000 -179.999985 10.000001 0.000006 -30.634535 0.000000 0.000012 -30.634546 0.000000 -0.000002 -20.402603 180.000000 -180.000000 -179.999985 19.999996 0.000015 -24.277231 0.000014 0.000001 -36.415840 0.000002 0.000006 -24.252953
1.570268 96.985909 2.509956 90.042686 -175.774857 -179.656586 178.961716 174.246765 176.621292 177.960373 176.443054 179.576538 179.764450 -173.284317 -177.063400 5.752017 3.956772 -0.165242 174.113510 174.887924 -179.319794 0.962346 -5.786787 -1.350205 0.431627 4.106141 -0.101538 0.400348 4.030737 -0.603463 1.947446 2.958527 -0.655788 0.000047 -2.808620 0.680340 0.000068 -3.276702 0.704655 171.304535 -177.674484 -179.222321 7.933235 -0.880158 -0.334674 21.775558 -7.651504 79.583626 177.675522 -174.714493 -179.046829 176.112320 178.520187 175.442551 47.578964 39.135151 7.994637 0.000004 0.000003 9.208639 180.000000 179.999985 -173.867035 0.000002 -0.000002 -0.000000 14.999995 -0.000010 30.645891 180.000000 179.999985 -154.926132 0.000004 0.000002 17.551712 0.000002 -0.000002 -0.000000 0.000005 0.000005 36.132439 179.999985 -179.999985 -143.867569 180.000000 179.999985 -155.935791 0.000002 -0.000002 -0.000000 170.000000 -180.000000 -146.261230 0.000006 -0.000003 33.738766 179.999985 -180.000000 -157.529984 0.000002 -0.000002 -0.000000 160.000000 179.999985 -160.454102 180.000000 179.999985 -150.681183 0.000001 0.000005 19.526337 176.391937 -177.073441 179.927200 164.965317 -171.981567 97.380905 0.535036 4.076062 0.528418 9.792603 9.639610 1.784034 124.147980 126.902840 162.692230 0.000002 0.000002 -6.325225 180.000000 179.999985 175.787399 0.000005 -0.000000 0.000000 164.999969 -179.999985 155.142975 179.999969 -179.999985 159.662460 179.999985 179.999985 165.763718 0.000005 -0.000000 0.000000 179.999954 -179.999985 148.277924 179.999969 179.999985 148.277908 179.999969 179.999985 158.873093 0.000005 -0.000000 0.000000 10.000004 0.000002 -30.639122 0.000013 -0.000003 -30.639109 180.000000 -179.999985 159.594345 0.000005 -0.000000 0.000000 19.999985 -0.000012 -24.289871 0.000005 -0.000000 -36.434830 0.000000 0.000000 -24.265612
1.500556 96.967766 2.671196 90.126282 -175.683563 -179.628723 178.865250 174.247116 176.496674 178.070084 176.141525 179.530502 179.656982 -173.072754 -176.922028 5.440539 3.932773 -0.380783 174.201797 174.534332 -179.229782 1.108783 -6.011741 -1.259765 0.420532 4.132311 -0.150330 0.390529 4.056168 -0.631762 1.905560 2.977766 -0.694916 0.000063 -2.769006 0.694230 0.000059 -3.230534 0.719038 171.164017 -177.711502 -179.213531 7.960683 -0.886495 -0.313343 21.682877 -7.602005 79.525505 177.710785 -174.741058 -179.041687 176.114731 178.526993 175.451218 47.576416 39.121048 7.985881 0.000004 0.000003 9.209504 0.000005 0.000007 6.133514 180.000000 180.000000 -179.999985 15.000012 0.000004 30.644344 0.000003 -0.000002 25.072641 180.000000 180.000000 -162.449127 180.000000 180.000000 -179.999985 180.000000 179.999985 -143.861877 180.000000 -179.999985 -143.861877 0.000003 -0.000003 24.067972 180.000000 180.000000 -179.999985 170.000000 -179.999985 -146.259430 179.999985 179.999985 -146.259399 0.000003 -0.000003 22.471209 180.000000 180.000000 -179.999985 160.000000 179.999985 -160.455154 179.999985 -179.999985 -150.682770 179.999985 179.999985 -160.474716 176.436996 -177.071487 179.925659 164.991272 -171.982544 97.359085 0.617050 4.106684 0.558612 9.794588 9.651094 1.864974 124.111313 126.903450 162.656281 180.000000 -180.000000 173.676163 0.000002 -0.000003 -4.211681 0.000000 -0.000002 -0.000003 164.999969 -179.999985 155.194809 179.999985 179.999985 159.704834 179.999985 179.999985 165.793396 0.000000 -0.000002 -0.000003 179.999985 -179.999985 148.342438 179.999969 179.999985 148.342407 179.999985 179.999985 158.916061 0.000000 -0.000002 -0.000003 9.999988 0.000002 -30.651621 0.000010 -0.000006 -30.651621 0.000006 0.000006 -20.413998 0.000000 -0.000002 -0.000003 20.000019 0.000012 -24.290867 0.000014 0.000001 -36.436279 0.000011 -0.000001 -24.266584
1.428367 96.947601 2.831197 90.213562 -175.580322 -179.597778 178.789368 174.262695 176.382904 178.167908 175.779617 179.462189 179.535736 -172.836441 -176.782761 5.137503 3.912174 -0.600363 174.249603 174.163101 -179.139206 1.285121 -6.245712 -1.173359 0.407250 4.163452 -0.206935 0.380099 4.086424 -0.660661 1.861135 3.000431 -0.734914 0.000054 -2.726080 0.706956 0.000032 -3.180422 0.732194 170.990814 -177.751617 -179.204849 7.989930 -0.893336 -0.290156 21.596500 -7.548837 79.463158 177.753433 -174.768417 -179.032104 176.114090 178.532013 175.452789 47.671665 39.044453 8.071098 179.999985 -179.999969 -170.770523 179.999985 -179.999985 -173.853149 0.000000 -0.000000 0.000000 15.000014 0.000005 30.651764 180.000000 -179.999985 -154.921295 0.000006 -0.000003 17.555099 0.000000 -0.000000 0.000000 0.000004 0.000002 36.143085 180.000000 179.999985 -143.856888 0.000001 0.000003 24.071285 0.000000 -0.000000 0.000000 170.000000 179.999985 -146.254318 180.000000 179.999985 -146.254318 0.000003 -0.000001 22.474627 0.000000 -0.000000 0.000000 160.000000 179.999985 -160.444992 180.000000 179.999985 -150.667511 0.000002 -0.000007 19.535439 176.483948 -177.068954 179.925842 165.025696 -171.979034 97.336845 0.702103 4.146294 0.588360 9.796765 9.661852 1.952382 124.094032 126.934708 162.644409 180.000000 -179.999985 173.673569 0.000003 0.000000 -4.213386 0.000000 -0.000000 0.000003 164.999969 -179.999985 155.247620 179.999985 -179.999985 159.748077 179.999985 -180.000000 165.823654 0.000000 -0.000000 0.000003 179.999985 -179.999985 148.401428 179.999969 179.999985 148.401428 179.999985 179.999985 158.955368 0.000000 -0.000000 0.000003 10.000002 -0.000011 -30.658464 180.000000 -180.000000 149.341507 180.000000 -179.999985 159.581467 0.000000 -0.000000 0.000003 20.000006 0.000001 -24.306482 0.000013 0.000004 -36.459709 0.000007 -0.000000 -24.282177
1.354058 96.924431 2.993604 90.303253 -175.465057 -179.562531 178.736313 174.298996 176.278748 178.246658 175.345337 179.369080 179.406525 -172.571198 -176.642181 4.854473 3.892394 -0.814301 174.298798 173.771835 -179.063782 1.437027 -6.489923 -1.081535 0.391745 4.199519 -0.273430 0.369261 4.121472 -0.690166 1.814823 3.026423 -0.775745 0.000046 -2.681234 0.719835 0.000070 -3.128090 0.745555 170.795120 -177.793793 -179.195679 8.020289 -0.900809 -0.263879 21.514969 -7.491874 79.399643 177.803177 -174.803619 -179.024185 176.111832 178.540405 175.453629 47.411545 39.120552 7.811296 0.000005 0.000001 9.199630 0.000002 0.000003 6.126953 0.000000 0.000002 0.000002 14.999999 -0.000003 30.661573 0.000004 0.000003 25.086760 0.000000 -0.000000 17.560719 0.000000 0.000002 0.000002 0.000001 0.000003 36.155731 180.000000 179.999985 -143.844269 0.000009 -0.000005 24.079733 0.000000 0.000002 0.000002 170.000015 179.999985 -146.245819 180.000000 -179.999985 -146.245819 180.000000 180.000000 -157.519730 0.000000 0.000002 0.000002 160.000015 180.000000 -160.434402 179.999985 179.999985 -150.651566 180.000000 -179.999985 -160.453934 176.532715 -177.065887 179.928833 165.055298 -171.971542 97.313187 0.792139 4.178473 0.619771 9.798019 9.674210 2.044824 124.091301 126.960373 162.653427 0.000000 0.000000 -6.325204 180.000000 -180.000000 175.787415 0.000003 -0.000000 0.000000 165.000000 -179.999985 155.289795 179.999985 179.999985 159.782593 180.000000 179.999985 165.847778 0.000003 -0.000000 0.000000 179.999969 -179.999985 148.448044 179.999969 -180.000000 148.448074 180.000000 179.999985 158.986389 0.000003 -0.000000 0.000000 10.000000 0.000008 -30.658922 0.000009 0.000006 -30.658943 180.000000 179.999985 159.581161 0.000003 -0.000000 0.000000 20.000008 0.000009 -24.321621 0.000004 -0.000001 -36.482418 0.000009 0.000005 -24.297293
1.279444 96.897942 3.153743 90.394142 -175.337631 -179.521469 178.709763 174.360565 176.186676 178.299210 174.831421 179.247055 179.273254 -172.275711 -176.497528 4.594699 3.875014 -1.022249 174.334366 173.365814 -179.004578 1.576826 -6.740448 -0.985386 0.374562 4.240666 -0.351815 0.357967 4.161425 -0.720083 1.766836 3.055877 -0.817127 0.000051 -2.634683 0.732638 0.000057 -3.073819 0.758811 170.579315 -177.837631 -179.186340 8.051449 -0.908933 -0.234569 21.444605 -7.431802 79.339180 177.856644 -174.828583 -179.023499 176.111313 178.539795 175.457489 47.391735 39.086548 7.778715 0.000006 0.000005 9.202390 0.000004 0.000005 6.128790 0.000003 0.000000 -0.000002 14.999971 -0.000018 30.719650 179.999985 -179.999985 -154.865768 180.000000 -179.999985 -162.406021 0.000003 0.000000 -0.000002 0.000002 0.000016 36.164673 180.000000 179.999985 -143.835327 0.000003 -0.000001 24.085665 0.000003 0.000000 -0.000002 170.000000 179.999985 -146.240662 0.000008 -0.000009 33.759338 0.000004 0.000000 22.483715 0.000003 0.000000 -0.000002 160.000015 180.000000 -160.424957 179.999985 180.000000 -150.637436 0.000001 0.000008 19.555468 176.583511 -177.061874 179.935074 165.082809 -171.960480 97.288589 0.886507 4.203552 0.651101 9.797480 9.690992 2.140235 124.108856 126.987083 162.682800 180.000000 -180.000000 173.675201 180.000000 180.000000 175.787689 0.000000 0.000002 0.000000 165.000015 -179.999985 155.308212 179.999985 -179.999985 159.797653 180.000000 179.999985 165.858337 0.000000 0.000002 0.000000 179.999985 -179.999985 148.509506 179.999985 179.999985 148.509506 179.999985 179.999985 159.027328 0.000000 0.000002 0.000000 10.000003 0.000007 -30.656118 180.000000 179.999985 149.343903 0.000007 0.000001 -20.416967 0.000000 0.000002 0.000000 20.000011 -0.000002 -24.326475 0.000003 -0.000010 -36.489712 0.000008 -0.000007 -24.302153
1.211111 96.868858 3.307204 90.483902 -175.200089 -179.472153 178.713974 174.455963 176.109177 178.308731 174.231277 179.091736 179.149887 -171.953140 -176.351334 4.360483 3.863363 -1.228252 174.344681 172.955688 -178.957260 1.716510 -6.991920 -0.887924 0.356695 4.286190 -0.444153 0.346359 4.205628 -0.750424 1.717489 3.088232 -0.859212 0.000046 -2.586695 0.745262 0.000056 -3.017810 0.771875 170.346100 -177.883011 -179.177048 8.083090 -0.917134 -0.202761 21.388605 -7.368849 79.278603 177.916962 -174.860519 -179.027740 176.109253 178.556244 175.466431 47.377590 39.067379 7.765707 0.000007 0.000003 9.208035 0.000004 0.000010 6.132540 0.000003 -0.000000 0.000002 14.999990 0.000009 30.582193 0.000004 0.000004 25.021790 0.000004 0.000002 17.515249 0.000003 -0.000000 0.000002 0.000009 0.000006 36.172390 0.000000 0.000001 36.172371 0.000004 0.000001 24.090813 0.000003 -0.000000 0.000002 170.000000 179.999985 -146.238785 180.000000 -179.999985 -146.238785 180.000000 -180.000000 -157.515045 0.000003 -0.000000 0.000002 160.000015 179.999985 -160.420105 179.999985 -179.999985 -150.630173 180.000000 179.999985 -160.439682 176.635834 -177.056641 179.944153 165.103287 -171.947861 97.266022 0.983095 4.227962 0.679308 9.798024 9.699812 2.235530 124.115250 127.014030 162.709274 180.000000 -180.000000 173.680038 180.000000 -179.999985 175.790909 0.000000 -0.000000 0.000000 165.000000 -179.999985 155.326889 0.000001 0.000005 -20.187094 179.999985 -179.999985 165.869034 0.000000 -0.000000 0.000000 179.999985 -179.999985 148.605774 179.999985 179.999985 148.605789 180.000000 179.999985 159.091461 0.000000 -0.000000 0.000000 10.000010 -0.000006 -30.648073 0.000000 -0.000007 -30.648066 0.000004 -0.000001 -20.411619 0.000000 -0.000000 0.000000 20.000004 0.000004 -24.343624 0.000009 -0.000004 -36.515404 0.000000 -0.000002 -24.319279
1.138703 96.834999 3.450915 90.566475 -175.052933 -179.414398 178.759384 174.583496 176.048813 178.263580 173.537903 178.899521 179.042572 -171.600342 -176.203903 4.160337 3.866457 -1.431164 174.286636 172.551758 -178.921127 1.896858 -7.243166 -0.795307 0.339527 4.335732 -0.552157 0.335126 4.253708 -0.780726 1.670021 3.123404 -0.901051 0.000036 -2.537241 0.757905 0.000045 -2.960133 0.784972 170.098907 -177.929871 -179.167755 8.115229 -0.924555 -0.168734 21.347160 -7.303956 79.212868 177.979584 -174.875122 -179.031906 176.110001 178.559143 175.477829 47.371262 39.054958 7.770437 0.000007 0.000005 9.216987 0.000005 0.000007 6.138507 0.000002 0.000002 -0.000003 15.000008 -0.000003 30.585102 0.000000 -0.000000 25.024147 0.000003 -0.000003 17.516903 0.000002 0.000002 -0.000003 0.000006 0.000009 36.181713 0.000006 -0.000005 36.181709 180.000000 -180.000000 -155.902985 0.000002 0.000002 -0.000003 170.000000 179.999985 -146.232117 0.000005 -0.000001 33.767902 180.000000 179.999985 -157.510590 0.000002 0.000002 -0.000003 160.000015 179.999985 -160.408905 180.000000 -179.999985 -150.613342 180.000000 179.999985 -160.428497 176.689117 -177.050888 179.956070 165.106186 -171.933807 97.243935 1.084282 4.230796 0.707178 9.798982 9.710674 2.330066 124.123756 127.032692 162.735260 180.000000 -180.000000 173.685059 0.000000 0.000000 -4.205769 180.000000 180.000000 180.000000 164.999985 -179.999985 155.353760 180.000000 179.999985 159.834885 179.999985 180.000000 165.884415 180.000000 180.000000 180.000000 179.999985 -179.999985 148.672775 179.999985 179.999985 148.672775 180.000000 179.999985 159.136093 180.000000 180.000000 180.000000 10.000008 0.000003 -30.650187 0.000020 -0.000003 -30.650183 0.000002 -0.000008 -20.413025 180.000000 180.000000 180.000000 19.999992 0.000003 -24.356907 0.000011 0.000005 -36.535351 179.999985 -179.999985 155.667450
1.065795 96.796654 3.579684 90.633194 -174.894714 -179.349396 178.841507 174.762421 176.013885 178.167145 172.720245 178.658997 178.958832 -171.213547 -176.054123 4.003299 3.889303 -1.628054 174.132767 172.160019 -178.895050 2.144834 -7.491315 -0.714173 0.325705 4.389850 -0.676675 0.325120 4.306235 -0.810345 1.628534 3.161714 -0.941589 0.000035 -2.486552 0.771061 0.000033 -2.900951 0.798599 169.841431 -177.978012 -179.158417 8.148707 -0.930829 -0.131474 21.320875 -7.238878 79.139145 178.045044 -174.885345 -179.034729 176.110809 178.568298 175.492401 47.386623 39.061314 7.811565 0.000007 0.000006 9.228574 0.000007 0.000001 6.146216 180.000000 -180.000000 180.000000 15.000004 0.000005 30.593081 0.000000 0.000001 25.030689 180.000000 180.000000 -162.478500 180.000000 -180.000000 180.000000 179.999985 -179.999985 -143.773911 180.000000 -179.999985 -143.773926 0.000018 -0.000014 24.126564 180.000000 -180.000000 180.000000 170.000000 -179.999985 -146.224197 180.000000 179.999985 -146.224182 0.000003 -0.000002 22.494686 180.000000 -180.000000 180.000000 160.000000 179.999985 -160.400238 0.000005 -0.000003 29.399641 179.999985 -179.999985 -160.419830 176.742920 -177.044876 179.971085 165.108887 -171.916687 97.219406 1.187982 4.240275 0.734993 9.801062 9.712344 2.420183 124.129852 127.035835 162.755157 0.000000 0.000000 -6.308787 180.000000 179.999985 175.798340 0.000000 -0.000002 0.000000 165.000000 -180.000000 155.368515 179.999985 180.000000 159.846970 180.000000 179.999985 165.892883 0.000000 -0.000002 0.000000 179.999985 -179.999985 148.734909 179.999985 179.999985 148.734909 180.000000 179.999985 159.177444 0.000000 -0.000002 0.000000 10.000002 -0.000006 -30.737459 0.000003 0.000003 -30.737453 0.000003 0.000002 -20.471157 0.000000 -0.000002 0.000000 20.000002 -0.000002 -24.364052 180.000000 179.999985 143.453934 180.000000 -179.999985 155.660324
0.999727 96.750443 3.693650 90.679153 -174.730927 -179.275452 178.999557 175.027863 176.012741 177.979980 171.738556 178.359467 178.901184 -170.793671 -175.900726 3.882102 3.926339 -1.820250 173.945923 171.784714 -178.876389 2.409410 -7.733671 -0.643060 0.317580 4.446515 -0.817416 0.316719 4.361193 -0.839827 1.594601 3.201919 -0.981356 0.000034 -2.434719 0.784610 0.000045 -2.840522 0.812629 169.577377 -178.027267 -179.149200 8.180948 -0.934824 -0.094535 21.316397 -7.177113 79.057884 178.110352 -174.880341 -179.035507 176.112961 178.574631 175.509079 47.404125 39.072990 7.864635 0.000012 0.000001 9.243603 0.000004 0.000005 6.156237 0.000002 -0.000000 0.000002 15.000010 0.000006 30.596249 0.000006 -0.000002 25.033291 180.000000 -180.000000 -162.476700 0.000002 -0.000000 0.000002 0.000004 0.000006 36.105659 180.000000 -179.999985 -143.894348 0.000002 -0.000005 24.046364 0.000002 -0.000000 0.000002 170.000000 179.999985 -146.217148 0.000004 -0.000005 33.782818 0.000013 -0.000006 22.499359 0.000002 -0.000000 0.000002 160.000015 179.999985 -160.388153 179.999985 -179.999985 -150.582230 0.000003 -0.000002 19.592237 176.795685 -177.038345 179.987854 165.109482 -171.897247 97.193085 1.293858 4.242043 0.764527 9.803568 9.717854 2.505461 124.154602 127.032135 162.792374 180.000000 -180.000000 173.697372 0.000005 -0.000003 -4.197554 0.000000 0.000000 -0.000002 165.000000 -180.000000 155.438126 180.000000 179.999985 159.903931 180.000000 -179.999985 165.932739 0.000000 0.000000 -0.000002 179.999985 -179.999985 148.812332 179.999985 -179.999985 148.812317 0.000005 0.000008 -20.770996 0.000000 0.000000 -0.000002 10.000004 0.000000 -30.733498 180.000000 179.999985 149.266510 0.000000 0.000000 -20.468500 0.000000 0.000000 -0.000002 19.999987 -0.000002 -24.352198 0.000000 0.000000 -36.528336 0.000001 -0.000003 -24.327856
0.934964 96.697273 3.792286 90.703133 -174.568878 -179.192581 179.227524 175.378342 176.036560 177.714432 170.601776 178.010544 178.861252 -170.353699 -175.746902 3.808336 3.972764 -2.005603 173.736252 171.429260 -178.863846 2.669521 -7.969949 -0.583393 0.313936 4.503221 -0.972911 0.309734 4.416166 -0.871447 1.567716 3.242283 -1.023499 0.000020 -2.382033 0.800153 0.000023 -2.779036 0.828726 169.313736 -178.077545 -179.139404 8.209909 -0.936583 -0.057653 21.324551 -7.122632 78.972366 178.177414 -174.878708 -179.033035 176.115234 178.587341 175.526657 47.431320 39.087822 7.933518 0.000004 0.000008 9.261098 0.000005 0.000003 6.167893 180.000000 -180.000000 179.999985 15.000004 -0.000001 30.602257 0.000004 0.000002 25.038221 0.000007 -0.000002 17.526737 180.000000 -180.000000 179.999985 0.000006 -0.000004 36.109779 0.000001 0.000002 36.109776 0.000012 -0.000008 24.049101 180.000000 -180.000000 179.999985 170.000000 180.000000 -146.213989 0.000003 0.000005 33.785992 180.000000 -180.000000 -157.498520 180.000000 -180.000000 179.999985 160.000015 180.000000 -160.378403 180.000000 -179.999985 -150.567612 179.999985 179.999985 -160.398026 176.848221 -177.031174 -179.990982 165.103088 -171.876389 97.166061 1.401728 4.236463 0.794411 9.805812 9.723533 2.586517 124.183372 127.024857 162.829681 180.000000 180.000000 173.702118 180.000000 -179.999985 175.805618 180.000000 180.000000 180.000000 165.000000 180.000000 155.483200 0.000002 -0.000003 -20.059196 0.000006 0.000008 -14.041436 180.000000 180.000000 180.000000 179.999985 -179.999985 148.905594 180.000000 179.999985 148.905563 179.999985 180.000000 159.291138 180.000000 180.000000 180.000000 9.999999 -0.000003 -30.730158 180.000000 -179.999985 149.269821 0.000000 0.000000 -20.466295 180.000000 180.000000 180.000000 19.999998 -0.000003 -24.344135 180.000000 -179.999985 143.483780 0.000000 0.000000 -24.319803
0.875054 96.636299 3.873153 90.703392 -174.411270 -179.106567 179.526535 175.813385 176.085068 177.369202 169.314957 177.620148 178.839294 -169.914474 -175.598938 3.783015 4.025126 -2.175558 173.500854 171.093857 -178.859482 2.928431 -8.199727 -0.538099 0.313105 4.559296 -1.137578 0.304116 4.470482 -0.907344 1.547986 3.282477 -1.070771 0.000023 -2.328856 0.819657 0.000016 -2.717005 0.848937 169.058731 -178.128616 -179.128006 8.237226 -0.939401 -0.012870 21.349518 -7.074356 78.878853 178.244751 -174.877167 -179.032455 176.117874 178.603973 175.550278 47.468498 39.111050 8.008317 0.000004 0.000003 9.274459 0.000003 -0.000000 6.176786 0.000000 -0.000002 -0.000002 15.000004 0.000002 30.612139 0.000004 0.000000 25.046293 0.000003 -0.000002 17.532408 0.000000 -0.000002 -0.000002 180.000000 180.000000 -143.885391 180.000000 179.999985 -143.885422 0.000010 -0.000002 24.052309 0.000000 -0.000002 -0.000002 170.000000 -179.999985 -146.188217 0.000010 -0.000009 33.811775 0.000000 0.000002 22.518652 0.000000 -0.000002 -0.000002 160.000000 -179.999985 -160.364212 0.000002 0.000001 29.453665 180.000000 180.000000 -160.383850 176.902283 -177.023148 -179.961899 165.092667 -171.854279 97.139534 1.511927 4.221166 0.823592 9.807465 9.735105 2.664429 124.193413 127.013252 162.841690 0.000002 0.000000 -6.295033 0.000002 0.000002 -4.192493 180.000000 180.000000 -180.000000 165.000000 179.999985 155.509354 0.000007 0.000001 -20.037800 0.000000 0.000000 -14.026459 180.000000 180.000000 -180.000000 180.000000 -180.000000 148.995392 180.000000 179.999985 148.995392 0.000006 0.000002 -20.649061 180.000000 180.000000 -180.000000 10.000004 0.000003 -30.749327 180.000000 -180.000000 149.250687 0.000007 0.000001 -20.479048 180.000000 180.000000 -180.000000 19.999996 0.000010 -24.336098 0.000000 0.000005 -36.504147 0.000001 -0.000003 -24.311756
0.821031 96.558678 3.932570 90.678291 -174.259552 -179.029800 179.921753 176.356262 176.175797 176.919662 167.854187 177.183456 178.835602 -169.501068 -175.463913 3.778901 4.079268 -2.315585 173.289490 170.778412 -178.868423 3.164345 -8.424115 -0.504317 0.314998 4.614101 -1.297673 0.300573 4.523567 -0.946477 1.538365 3.322144 -1.121604 0.000031 -2.275227 0.841669 0.000016 -2.654444 0.871731 168.816452 -178.180267 -179.116058 8.260448 -0.944720 0.039457 21.397966 -7.031413 78.774597 178.310791 -174.873672 -179.041077 176.119720 178.628922 175.587051 47.503876 39.120609 8.085189 0.000002 -0.000000 9.293618 0.000002 0.000005 6.189545 0.000005 0.000000 -0.000002 15.000002 -0.000002 30.623793 180.000000 179.999985 -154.944153 0.000000 -0.000000 17.539085 0.000005 0.000000 -0.000002 0.000007 -0.000000 36.124447 180.000000 180.000000 -143.875549 0.000003 -0.000001 24.058886 0.000005 0.000000 -0.000002 170.000015 179.999985 -146.292648 0.000000 0.000001 33.707348 0.000000 0.000001 22.449099 0.000005 0.000000 -0.000002 160.000015 -180.000000 -160.347916 180.000000 -179.999985 -150.521851 0.000003 -0.000001 19.632448 176.955292 -177.014801 -179.929977 165.078262 -171.831146 97.115570 1.623962 4.198844 0.851502 9.809464 9.747800 2.737718 124.198219 127.015030 162.842758 0.000000 -0.000002 -6.297400 0.000002 -0.000002 -4.194076 0.000000 -0.000000 0.000000 165.000015 179.999985 155.522049 0.000004 -0.000002 -20.027437 0.000003 0.000000 -14.019199 0.000000 -0.000000 0.000000 180.000000 -180.000000 149.069077 180.000000 -179.999985 149.069077 0.000004 -0.000003 -20.600002 0.000000 -0.000000 0.000000 9.999990 0.000002 -30.777960 0.000003 0.000001 -30.777973 180.000000 -180.000000 159.501877 0.000000 -0.000000 0.000000 19.999996 -0.000012 -24.343479 180.000000 179.999985 143.484756 0.000001 -0.000003 -24.319141
0.764589 96.349579 3.881509 90.647934 -174.108154 -178.886841 0.355344 3.102824 -3.909459 176.461517 166.423004 176.742538 178.785736 -169.078491 -175.213699 3.717092 4.129904 -2.488275 173.176636 170.451401 -178.880966 3.358488 -8.661304 -0.508355 0.318121 4.669613 -1.524579 0.296696 4.576891 -0.985426 1.526787 3.361686 -1.172368 0.000196 -2.221844 0.863913 0.000245 -2.592176 0.894782 168.570343 -178.232346 -179.103729 8.284250 -0.949869 0.094302 21.458895 -6.984066 78.664322 178.380630 -174.875824 -179.054901 176.119583 178.662262 175.631348 47.544655 39.127232 8.163207 0.000015 0.000016 9.311709 0.000011 0.000010 6.201596 0.000000 -0.000000 0.000000 15.000006 -0.000006 30.643322 180.000000 179.999985 -154.928177 0.000003 -0.000002 17.550266 0.000000 -0.000000 0.000000 179.999954 179.999985 -143.991043 179.999954 -179.999985 -143.991043 179.999985 -179.999985 -156.018036 0.000000 -0.000000 0.000000 170.000015 -179.999985 -146.282059 0.000005 0.000003 33.717930 0.000002 -0.000006 22.456139 0.000000 -0.000000 0.000000 159.999985 -179.999985 -160.322266 179.999969 -179.999985 -150.483429 179.999985 -179.999985 -160.341949 177.010605 -177.004181 -179.901413 165.073700 -171.809341 97.095039 1.735251 4.180386 0.875637 9.810856 9.773123 2.816153 124.197922 127.028145 162.839691 0.000007 -0.000005 -6.301235 0.000000 -0.000009 -4.196626 0.000003 -0.000000 0.000000 165.000000 -179.999985 155.523880 180.000000 179.999985 159.974106 179.999985 180.000000 165.981888 0.000003 -0.000000 0.000000 0.000007 -0.000001 -30.860355 0.000016 -0.000006 -30.860338 180.000000 -179.999985 159.447021 0.000003 -0.000000 0.000000 9.999865 0.000008 -30.726204 179.999878 179.999939 149.273819 179.999985 179.999908 159.536362 0.000003 -0.000000 0.000000 19.999975 0.000002 -24.358379 179.999969 179.999985 143.462479 179.999985 179.999969 155.665985
0.710062 96.495895 4.048206 90.592766 -173.971741 -179.002701 0.974353 2.233029 -3.364017 175.662155 164.348999 176.125305 178.881577 -168.637100 -175.274719 3.758360 4.194634 -2.439427 172.998611 170.217606 -178.926117 3.547691 -8.853588 -0.437246 0.313777 4.718441 -1.500672 0.298834 4.625124 -1.028765 1.544532 3.398717 -1.226685 0.000205 -2.165198 0.886951 0.000225 -2.526089 0.918604 168.356125 -178.286270 -179.093491 8.288529 -0.959745 0.154258 21.539532 -6.961540 78.519325 178.425598 -174.846741 -179.046234 176.126389 178.668137 175.677460 47.574142 39.133247 8.217637 0.000009 0.000006 9.323384 0.000006 0.000010 6.209368 0.000000 0.000002 0.000000 15.000009 0.000000 30.647230 179.999985 180.000000 -154.924973 0.000003 -0.000005 17.552509 0.000000 0.000002 0.000000 179.999924 179.999985 -143.873093 179.999924 -179.999954 -143.873093 179.999985 -179.999954 -155.939468 0.000000 0.000002 0.000000 170.000015 179.999985 -146.274200 0.000012 -0.000001 33.725796 0.000005 0.000006 22.461388 0.000000 0.000002 0.000000 159.999985 179.999985 -160.304123 179.999985 -179.999985 -150.456146 179.999985 -179.999985 -160.323822 177.053314 -177.000046 -179.872177 165.036789 -171.782242 97.079117 1.851689 4.138654 0.900716 9.813228 9.792706 2.876898 124.210335 127.056297 162.850281 0.000004 -0.000010 -6.307817 0.000007 -0.000003 -4.201002 0.000000 -0.000000 0.000000 164.999969 180.000000 155.511078 179.999985 179.999985 159.963608 180.000000 179.999985 165.974533 0.000000 -0.000000 0.000000 0.000003 0.000003 -30.827305 179.999985 179.999985 149.172699 179.999985 -180.000000 159.469009 0.000000 -0.000000 0.000000 9.999958 0.000001 -30.956545 179.999969 179.999985 149.043457 180.000000 179.999969 159.382950 0.000000 -0.000000 0.000000 19.999956 -0.000001 -24.382654 179.999954 179.999985 143.425995 179.999985 179.999969 155.641708
0.686454 96.551064 4.189271 90.506035 -173.842422 -179.130936 1.835610 1.245819 -2.818209 174.552444 162.123108 175.445694 179.046860 -168.345673 -175.349335 3.816648 4.259445 -2.376870 172.903992 170.018875 -178.982040 3.664437 -9.023900 -0.340385 0.313703 4.764660 -1.466563 0.304477 4.670867 -1.074650 1.578961 3.434548 -1.283104 0.000180 -2.107440 0.910784 0.000233 -2.458674 0.943297 168.163895 -178.340897 -179.084000 8.283243 -0.972326 0.215386 21.633669 -6.952099 78.369423 178.463394 -174.820038 -179.036087 176.131531 178.687683 175.722702 47.595528 39.144459 8.261050 0.000001 -0.000002 9.331857 180.000000 -179.999985 -173.784973 0.000003 0.000003 0.000000 15.000017 -0.000003 30.645163 0.000008 -0.000003 25.073307 0.000007 0.000002 17.551329 0.000003 0.000003 0.000000 0.000018 -0.000011 36.371559 0.000017 0.000007 36.371605 179.999985 179.999985 -155.776505 0.000003 0.000003 0.000000 170.000031 -179.999985 -146.277359 0.000017 0.000007 33.722656 0.000000 0.000019 22.459307 0.000003 0.000003 0.000000 160.000015 179.999985 -160.281525 0.000018 0.000002 29.577700 0.000004 0.000001 19.698771 177.090164 -176.999100 -179.842239 164.982132 -171.752762 97.063492 1.971693 4.072558 0.931964 9.814869 9.820087 2.927509 124.203903 127.096542 162.841110 0.000002 0.000002 -6.316526 180.000000 180.000000 175.793213 0.000000 -0.000002 0.000000 164.999969 -180.000000 155.484482 179.999985 179.999985 159.941864 179.999985 179.999985 165.959305 0.000000 -0.000002 0.000000 179.999985 -179.999985 149.173676 179.999985 179.999985 149.173691 180.000000 179.999985 159.469666 0.000000 -0.000002 0.000000 9.999957 0.000006 -31.000340 179.999969 179.999969 148.999680 179.999985 179.999985 159.353806 0.000000 -0.000002 0.000000 19.999769 -0.000001 -24.317980 179.999695 179.999847 143.523041 179.999908 179.999802 155.706314
0.664181 96.576660 4.327879 90.385689 -173.719894 -179.258636 2.649446 0.139575 -2.327426 173.436096 159.770706 174.724487 179.266846 -168.215591 -175.429260 3.901600 4.324234 -2.307031 172.798233 169.843094 -179.051025 3.795655 -9.180762 -0.232939 0.317583 4.808582 -1.434293 0.313735 4.714360 -1.123719 1.631102 3.469588 -1.342279 0.000172 -2.051169 0.937351 0.000197 -2.393048 0.970855 168.009644 -178.394150 -179.073959 8.269674 -0.987558 0.277058 21.727001 -6.956286 78.219376 178.493149 -174.775208 -179.025192 176.140503 178.695282 175.767548 47.605980 39.172516 8.291480 180.000000 180.000000 -170.665848 180.000000 -179.999985 -173.783447 180.000000 180.000000 -179.999985 15.000038 0.000010 30.640591 0.000014 0.000002 25.069536 0.000002 0.000013 17.548670 180.000000 180.000000 -179.999985 0.000035 -0.000003 36.363148 0.000030 0.000024 36.363152 0.000009 0.000025 24.217834 180.000000 180.000000 -179.999985 170.000031 179.999985 -146.279770 0.000041 0.000019 33.720219 0.000008 0.000021 22.457663 180.000000 180.000000 -179.999985 160.000015 -179.999985 -160.278503 0.000050 0.000017 29.582253 0.000031 0.000021 19.701782 177.123291 -177.000565 -179.813797 164.909180 -171.723969 97.056168 2.091655 4.008699 0.962315 9.818266 9.836429 2.963112 124.193436 127.130089 162.841553 180.000000 179.999985 173.682983 180.000000 179.999985 175.792862 0.000005 -0.000000 0.000000 164.999939 179.999985 155.445328 179.999969 179.999985 159.909851 179.999985 179.999985 165.936874 0.000005 -0.000000 0.000000 179.999985 179.999985 149.162537 179.999985 179.999985 149.162506 180.000000 179.999985 159.462250 0.000005 -0.000000 0.000000 9.999951 -0.000015 -31.040218 179.999985 179.999969 148.959793 179.999985 179.999969 159.327194 0.000005 -0.000000 0.000000 19.999954 0.000012 -24.532301 179.999939 179.999985 143.201523 179.999985 179.999969 155.492233
0.666798 96.591331 4.450183 90.229500 -173.604202 -179.381149 3.615324 -1.076422 -1.874814 172.118118 157.306885 173.928604 179.517715 -168.251587 -175.501694 4.015200 4.378211 -2.232087 172.551620 169.679047 -179.136703 4.073065 -9.321078 -0.136722 0.327525 4.850698 -1.407481 0.326690 4.756068 -1.176489 1.700944 3.504221 -1.404819 0.000153 -1.995976 0.965529 0.000178 -2.328652 0.999987 167.888702 -178.446152 -179.063965 8.249661 -1.004964 0.337792 21.801020 -6.975653 78.074226 178.527145 -174.756638 -179.014694 176.147247 178.735901 175.820740 47.613010 39.235699 8.325302 180.000000 180.000000 -170.670410 0.000003 -0.000002 6.213496 180.000000 -180.000000 -179.999985 15.000030 -0.000009 30.609489 0.000014 0.000014 25.044128 0.000002 0.000014 17.530874 180.000000 -180.000000 -179.999985 0.000032 -0.000005 36.334110 0.000035 0.000018 36.334080 0.000009 0.000025 24.198509 180.000000 -180.000000 -179.999985 170.000046 -179.999985 -146.298737 0.000039 0.000018 33.701283 0.000006 0.000033 22.445036 180.000000 -180.000000 -179.999985 160.000046 -180.000000 -160.284973 0.000078 0.000034 29.572533 0.000032 0.000043 19.695295 177.152252 -177.004471 -179.785995 164.821487 -171.696381 97.061127 2.211810 3.932948 0.985602 9.823423 9.881087 2.985721 124.218697 127.169777 162.889969 0.000003 0.000016 -6.313641 180.000000 179.999985 175.795120 0.000000 -0.000000 0.000000 164.999954 -179.999985 155.400375 179.999969 179.999985 159.873001 179.999985 179.999985 165.911118 0.000000 -0.000000 0.000000 179.999969 179.999985 149.148026 179.999969 179.999985 149.148041 179.999985 179.999985 159.452606 0.000000 -0.000000 0.000000 9.999955 0.000001 -31.064610 179.999985 179.999985 148.935394 179.999985 179.999969 159.310959 0.000000 -0.000000 0.000000 19.999987 0.000012 -24.559505 179.999985 179.999985 143.160751 180.000000 179.999985 155.465057
0.713404 96.602867 4.560860 90.036850 -173.494720 -179.496689 4.656684 -2.394426 -1.473835 170.636017 154.755020 173.046967 179.825241 -168.460983 -175.579681 4.169364 4.414270 -2.147827 172.504456 169.531708 -179.222565 4.143245 -9.439980 -0.010369 0.344526 4.891806 -1.386848 0.343259 4.796804 -1.233258 1.788388 3.539189 -1.471022 0.000146 -1.941100 0.993240 0.000148 -2.264616 1.028725 167.791641 -178.497498 -179.055023 8.224618 -1.023660 0.396064 21.837259 -7.012264 77.937119 178.568207 -174.760712 -179.002365 176.157852 178.767258 175.874863 47.611862 39.296474 8.360246 180.000000 179.999985 -170.669800 0.000000 -0.000000 6.213905 0.000003 0.000002 0.000000 15.000038 0.000007 30.589617 0.000030 0.000025 25.027868 0.000007 0.000021 17.519501 0.000003 0.000002 0.000000 0.000053 0.000013 36.310478 0.000054 0.000033 36.310413 0.000008 0.000036 24.182768 0.000003 0.000002 0.000000 170.000061 179.999985 -146.319183 0.000052 0.000038 33.680794 0.000008 0.000040 22.431402 0.000003 0.000002 0.000000 160.000092 -179.999985 -160.303467 0.000115 0.000053 29.544821 0.000052 0.000062 19.676842 177.176590 -177.010056 -179.759476 164.720001 -171.670456 97.081871 2.329314 3.858429 1.002406 9.831715 9.927998 2.995046 124.232864 127.208229 162.931641 180.000000 179.999985 173.692490 180.000000 179.999985 175.799194 0.000003 -0.000002 0.000002 164.999924 179.999985 155.357162 179.999969 179.999969 159.837692 179.999985 179.999985 165.886383 0.000003 -0.000002 0.000002 179.999741 179.999985 149.204117 179.999786 179.999847 149.204117 179.999939 179.999847 159.489944 0.000003 -0.000002 0.000002 9.999969 0.000008 -31.094231 179.999985 179.999985 148.905746 179.999985 179.999985 159.291229 0.000003 -0.000002 0.000002 19.999977 -0.000005 -24.570324 179.999985 179.999985 143.144485 179.999985 179.999985 155.454239
0.777747 96.610680 4.681827 89.811211 -173.390320 -179.605362 5.683007 -3.807851 -1.133457 169.100601 152.134232 172.079163 0.148119 -11.145143 4.344096 4.252533 4.440232 -2.081136 172.559799 169.392960 -179.304810 4.214995 -9.548232 0.123514 0.366347 4.932843 -1.372250 0.363236 4.837461 -1.293792 1.892718 3.575157 -1.540757 0.000118 -1.887081 1.019834 0.000134 -2.201604 1.056247 167.717941 -178.547653 -179.047348 8.195211 -1.043012 0.451084 21.927088 -7.067641 77.798439 178.586838 -174.640945 -178.983521 176.175476 178.763626 175.921570 47.616592 39.365242 8.401783 0.000001 0.000003 9.329093 180.000000 179.999985 -173.786835 180.000000 179.999985 -180.000000 15.000055 0.000003 30.556835 0.000021 0.000015 25.001053 0.000017 0.000021 17.500721 180.000000 179.999985 -180.000000 0.000061 0.000011 36.278851 0.000035 0.000032 36.278877 0.000005 0.000037 24.161716 180.000000 179.999985 -180.000000 170.000061 179.999985 -146.348999 0.000049 0.000043 33.651001 0.000017 0.000033 22.411562 180.000000 179.999985 -180.000000 160.000092 179.999985 -160.339600 0.000113 0.000039 29.490582 0.000053 0.000067 19.640722 177.195938 -177.017319 -179.735611 164.600357 -171.646881 97.123001 2.442210 3.780084 1.014679 9.842519 9.977695 2.995854 124.263107 127.234184 162.989914 0.000003 0.000014 -6.299259 0.000001 0.000009 -4.195301 0.000000 -0.000000 0.000000 164.999939 179.999985 155.306030 179.999954 179.999985 159.795837 179.999985 179.999985 165.857086 0.000000 -0.000000 0.000000 179.999954 179.999985 148.981140 179.999954 179.999954 148.981140 179.999985 179.999969 159.341431 0.000000 -0.000000 0.000000 9.999966 0.000004 -31.108019 179.999985 179.999985 148.891983 180.000000 179.999985 159.282059 0.000000 -0.000000 0.000000 19.999973 0.000002 -24.580418 179.999985 179.999985 143.129379 180.000000 179.999985 155.444153
0.834603 96.616821 4.817997 89.557487 -173.288330 -179.709305 6.847573 -5.311711 -0.823499 167.270264 149.464767 170.950729 0.518839 -10.597342 4.269280 4.361738 4.466260 -2.027357 172.560684 169.251602 -179.383621 4.344949 -9.658166 0.258315 0.390045 4.975048 -1.362770 0.386555 4.879347 -1.357383 2.012989 3.613189 -1.612907 0.000106 -1.834307 1.044377 0.000118 -2.140010 1.081667 167.666931 -178.596069 -179.041321 8.161282 -1.062833 0.503048 21.944574 -7.142975 77.674118 178.640518 -174.664093 -178.962845 176.172775 178.862442 175.968613 47.584839 39.433720 8.419486 180.000000 180.000000 -170.666656 180.000000 -180.000000 -173.783997 0.000000 0.000002 0.000003 15.000040 0.000001 30.523918 0.000024 0.000030 24.974108 0.000021 0.000022 17.481859 0.000000 0.000002 0.000003 0.000053 0.000004 36.251118 0.000036 0.000022 36.251137 0.000001 0.000036 24.143248 0.000000 0.000002 0.000003 170.000061 -179.999985 -146.377335 0.000045 0.000037 33.622681 0.000017 0.000034 22.392704 0.000000 0.000002 0.000003 160.000458 179.999985 -160.279572 0.000634 0.000235 29.580679 0.000287 0.000335 19.700706 177.210281 -177.026672 -179.714798 164.480469 -171.623383 97.185196 2.550119 3.710490 1.021782 9.855834 10.023789 2.989727 124.255295 127.255234 163.008392 0.000004 0.000014 -6.289759 0.000003 0.000010 -4.188984 0.000000 -0.000000 0.000000 164.999939 179.999985 155.254852 179.999954 179.999969 159.753967 179.999985 179.999985 165.827789 0.000000 -0.000000 0.000000 179.999939 179.999985 148.943359 179.999954 179.999969 148.943329 179.999985 179.999969 159.316269 0.000000 -0.000000 0.000000 9.999972 0.000003 -31.129765 179.999985 179.999985 148.870224 180.000000 179.999985 159.267548 0.000000 -0.000000 0.000000 19.999979 -0.000006 -24.591257 179.999985 179.999985 143.113098 180.000000 179.999985 155.433319
0.886475 96.620850 4.966651 89.281219 -173.190140 -179.807968 8.055903 -6.908845 -0.550886 165.239243 146.760452 169.647644 0.905661 -9.940708 4.212735 4.456243 4.487372 -1.990572 172.609131 169.104050 -179.452301 4.466723 -9.771033 0.398307 0.414427 5.018151 -1.357671 0.412398 4.922197 -1.423827 2.146057 3.653046 -1.687573 0.000073 -1.783002 1.065603 0.000078 -2.080164 1.103655 167.637054 -178.642487 -179.037598 8.122710 -1.082899 0.551537 21.944880 -7.237065 77.559853 178.680511 -174.604172 -178.937744 176.183853 178.888947 176.004898 47.556572 39.489853 8.427797 180.000000 -180.000000 -170.665176 0.000003 -0.000005 6.216985 0.000000 0.000000 -0.000002 15.000043 -0.000001 30.495670 0.000029 0.000022 24.951014 0.000017 0.000022 17.465700 0.000000 0.000000 -0.000002 0.000033 -0.000004 36.218651 0.000022 0.000023 36.218639 0.000008 0.000023 24.121630 0.000000 0.000000 -0.000002 170.000046 179.999985 -146.407623 0.000043 0.000020 33.592358 180.000000 179.999969 -157.627472 0.000000 0.000000 -0.000002 160.000107 179.999985 -160.566910 0.000116 0.000046 29.149639 0.000046 0.000068 19.413654 177.220734 -177.037521 -179.696228 164.345276 -171.600662 97.267532 2.653750 3.648331 1.024677 9.871821 10.057354 2.977764 124.417427 127.282913 163.238235 179.999985 -179.999954 173.733871 179.999985 -179.999969 175.826752 180.000000 -180.000000 -179.999985 164.999924 179.999985 155.198166 179.999969 179.999969 159.707581 179.999985 179.999969 165.795319 180.000000 -180.000000 -179.999985 179.999924 179.999985 148.901550 179.999954 179.999954 148.901550 179.999985 179.999954 159.288422 180.000000 -180.000000 -179.999985 9.999969 -0.000010 -31.144457 179.999985 179.999985 148.855530 0.000004 0.000018 -20.742226 180.000000 -180.000000 -179.999985 19.999968 -0.000002 -24.601782 179.999985 179.999985 143.097321 0.000002 0.000025 -24.577196
0.943007 96.622215 5.121606 88.989258 -173.098816 -179.899734 9.251535 -8.570868 -0.332238 163.100662 144.058044 168.189789 1.268380 -9.216559 4.187845 4.506956 4.494075 -1.972041 172.746460 168.947113 -179.509857 4.561356 -9.883851 0.541731 0.439043 5.061048 -1.356366 0.439899 4.964861 -1.492932 2.287099 3.693717 -1.764761 0.000060 -1.732991 1.082082 0.000076 -2.021840 1.120729 167.626144 -178.686813 -179.036896 8.079083 -1.102344 0.594341 21.920916 -7.347388 77.459816 178.725174 -174.544235 -178.911285 176.193848 178.918213 176.036545 47.489525 39.550774 8.394480 0.000002 -0.000000 9.332345 180.000000 -179.999985 -173.784653 0.000000 0.000002 0.000000 15.000031 0.000002 30.455963 0.000014 0.000014 24.918495 0.000012 0.000009 17.442944 0.000000 0.000002 0.000000 0.000023 -0.000000 36.191814 0.000016 0.000016 36.191814 0.000010 0.000015 24.103737 0.000000 0.000002 0.000000 170.000031 -179.999985 -146.435211 0.000026 0.000022 33.564789 0.000007 0.000019 22.354151 0.000000 0.000002 0.000000 160.000076 179.999985 -160.609711 0.000107 0.000031 29.085436 0.000045 0.000058 19.370913 177.224548 -177.053253 -179.683197 164.205276 -171.576172 97.372421 2.753291 3.596129 1.024324 9.890158 10.078288 2.961809 123.782593 127.252121 162.487930 0.000002 0.000004 -6.298005 0.000003 0.000007 -4.194461 0.000000 -0.000002 0.000000 164.999939 179.999985 155.133438 179.999954 179.999969 159.654648 179.999985 179.999969 165.758240 0.000000 -0.000002 0.000000 179.999939 179.999985 148.849442 179.999954 179.999969 148.849426 179.999985 179.999954 159.253708 0.000000 -0.000002 0.000000 9.999993 0.000003 -31.158388 179.999985 179.999985 148.841629 180.000000 179.999985 159.248520 0.000000 -0.000002 0.000000 20.000006 0.000009 -24.617556 179.999985 179.999985 143.073700 0.000007 0.000017 -24.592934
1.004793 96.621086 5.275670 88.687073 -173.009766 -179.987976 10.368852 -10.247278 -0.184610 160.980316 141.398209 166.633133 1.580671 -8.470181 4.206159 4.527284 4.488711 -1.963128 172.923553 168.778305 -179.560226 4.659031 -9.996072 0.682212 0.463483 5.105135 -1.357570 0.468200 5.008777 -1.563161 2.432540 3.736085 -1.842861 0.000034 -1.684554 1.093781 0.000066 -1.965314 1.132841 167.633713 -178.728912 -179.039154 8.033378 -1.122085 0.634364 21.891642 -7.467197 77.370537 178.770050 -174.462997 -178.884399 176.206802 178.932877 176.064957 47.455559 39.568909 8.368040 0.000002 -0.000002 9.329920 0.000003 -0.000002 6.213721 180.000000 -180.000000 180.000000 14.999990 -0.000019 30.438370 180.000000 179.999985 -155.095856 0.000008 0.000005 17.432890 180.000000 -180.000000 180.000000 0.000003 -0.000001 36.176041 180.000000 179.999985 -143.823944 0.000000 0.000002 24.093254 180.000000 -180.000000 180.000000 170.000000 -179.999985 -146.458893 0.000008 0.000008 33.541088 0.000007 -0.000000 22.338377 180.000000 -180.000000 180.000000 160.000046 -179.999985 -160.658829 0.000054 0.000011 29.011742 0.000017 0.000040 19.321825 177.218323 -177.077805 -179.678558 164.052261 -171.549316 97.503410 2.850231 3.526194 1.023608 9.910128 10.100619 2.945234 123.680191 127.236313 162.383301 0.000005 0.000002 -6.292750 180.000000 -180.000000 175.809021 0.000000 -0.000000 0.000000 164.999939 179.999985 155.059753 179.999969 179.999969 159.594330 179.999985 179.999969 165.716049 0.000000 -0.000000 0.000000 179.999939 179.999985 148.788788 179.999954 179.999969 148.788803 179.999985 179.999954 159.213333 0.000000 -0.000000 0.000000 9.999987 -0.000002 -31.173208 0.000001 0.000009 -31.173222 180.000000 179.999985 159.238647 0.000000 -0.000000 0.000000 20.000002 0.000004 -24.627174 179.999985 179.999985 143.059235 180.000000 179.999985 155.397461
1.066297 96.619591 5.428545 88.379578 -172.917892 179.923187 11.455558 -11.939264 -0.097660 158.787125 138.784256 164.950928 1.870028 -7.770813 4.248525 4.494437 4.478254 -1.959957 173.158539 168.600098 -179.603912 4.759923 -10.107583 0.819680 0.487724 5.151986 -1.358849 0.497125 5.055459 -1.631293 2.580911 3.780962 -1.917592 0.000033 -1.635502 1.096756 0.000023 -1.908084 1.135927 167.655197 -178.770111 -179.047012 7.988048 -1.142709 0.671157 21.841108 -7.587726 77.290909 178.822006 -174.387527 -178.859985 176.217392 178.953735 176.093674 47.405849 39.562523 8.314151 0.000002 -0.000005 9.328126 0.000005 -0.000004 6.212529 0.000000 0.000002 0.000000 15.000006 0.000004 30.428944 180.000000 -180.000000 -155.103592 0.000001 0.000003 17.427483 0.000000 0.000002 0.000000 179.999985 179.999985 -143.828674 180.000000 -179.999985 -143.828659 0.000003 -0.000004 24.090099 0.000000 0.000002 0.000000 170.000000 -180.000000 -146.464706 180.000000 -179.999985 -146.464722 180.000000 -180.000000 -157.665512 0.000000 0.000002 0.000000 160.000015 -180.000000 -160.684784 0.000035 0.000021 28.972832 0.000023 0.000013 19.295895 177.203995 -177.107712 -179.681625 163.900726 -171.521576 97.651436 2.944279 3.457487 1.023075 9.931965 10.129714 2.930496 123.601524 127.209938 162.294800 0.000000 0.000000 -6.290094 0.000002 0.000002 -4.189212 0.000000 -0.000002 0.000000 164.999954 179.999985 154.980865 179.999969 179.999969 159.529816 179.999985 179.999985 165.670868 0.000000 -0.000002 0.000000 179.999954 179.999985 148.721802 179.999969 179.999954 148.721756 179.999985 179.999969 159.168701 0.000000 -0.000002 0.000000 9.999991 0.000010 -31.183352 179.999985 179.999985 148.816635 180.000000 179.999985 159.231903 0.000000 -0.000002 0.000000 20.000000 0.000006 -24.634798 0.000003 0.000003 -36.952179 180.000000 179.999985 155.389816
1.132025 96.618561 5.578121 88.072052 -172.821701 179.831879 12.545337 -13.653846 -0.062275 156.424881 136.224854 163.098984 2.154303 -7.174927 4.286748 4.504551 4.464115 -1.947054 173.371170 168.414032 -179.645065 4.842533 -10.214367 0.957091 0.512116 5.201595 -1.358034 0.526498 5.104869 -1.694092 2.730684 3.828064 -1.984846 0.000017 -1.582602 1.086340 0.000041 -1.846363 1.125131 167.684036 -178.812607 -179.063660 7.941288 -1.161439 0.696446 21.778933 -7.705719 77.221634 178.877960 -174.308655 -178.833115 176.225220 178.974609 176.116669 47.441437 39.576618 8.361543 0.000067 -0.000064 9.331146 0.000048 -0.000030 6.214545 180.000000 -180.000000 179.999985 14.999993 -0.000006 30.428148 180.000000 179.999985 -155.104218 0.000009 -0.000011 17.427038 180.000000 -180.000000 179.999985 179.999985 180.000000 -143.825928 180.000000 -179.999985 -143.825958 179.999985 -180.000000 -155.908066 180.000000 -180.000000 179.999985 170.000000 -180.000000 -146.462753 179.999985 -179.999985 -146.462738 180.000000 -179.999985 -157.664185 180.000000 -180.000000 179.999985 160.000015 179.999985 -160.709915 180.000000 -180.000000 -151.064896 180.000000 179.999985 -160.729202 177.183365 -177.139786 -179.693283 163.754517 -171.495056 97.807274 3.035361 3.405162 1.022963 9.956655 10.153722 2.918038 123.564598 127.185188 162.244080 0.000002 -0.000002 -6.291139 180.000000 -180.000000 175.810104 0.000002 -0.000002 0.000002 164.999954 179.999985 154.900009 179.999985 179.999985 159.463669 179.999985 179.999985 165.624542 0.000002 -0.000002 0.000002 179.999969 179.999985 148.645920 179.999985 179.999969 148.645935 179.999985 179.999985 159.118179 0.000002 -0.000002 0.000002 9.999994 0.000001 -31.195824 180.000000 -179.999985 148.804184 0.000006 0.000005 -20.776417 0.000002 -0.000002 0.000002 19.999998 0.000001 -24.639256 180.000000 -179.999985 143.041107 0.000001 -0.000003 -24.614614
1.204360 96.618805 5.719308 87.768761 -172.720642 179.736526 13.620083 -15.369845 -0.072508 153.878799 133.750183 161.061218 2.443882 -6.700224 4.307591 4.508432 4.449200 -1.928086 173.596085 168.228943 -179.678421 4.918644 -10.309804 1.090164 0.536718 5.253848 -1.355062 0.555335 5.156919 -1.751551 2.877725 3.877027 -2.044980 0.000008 -1.526930 1.066401 0.000019 -1.781420 1.104490 167.720306 -178.856049 -179.086533 7.894967 -1.176965 0.710876 21.720249 -7.819345 77.160675 178.934158 -174.219254 -178.795990 176.231934 178.989563 176.129288 46.909775 39.180298 7.532305 0.000002 -0.000000 9.277390 0.000001 -0.000003 6.178751 180.000000 -180.000000 180.000000 14.999990 0.000007 30.434633 180.000000 -179.999985 -155.098923 180.000000 179.999985 -162.569260 180.000000 -180.000000 180.000000 179.999985 179.999985 -143.817780 180.000000 -179.999985 -143.817764 0.000009 -0.000009 24.097353 180.000000 -180.000000 180.000000 170.000000 -179.999985 -146.446594 179.999985 179.999985 -146.446594 180.000000 -179.999985 -157.653427 180.000000 -180.000000 180.000000 160.000000 179.999985 -160.714828 179.999985 -179.999985 -151.072235 0.000007 0.000001 19.265894 177.159439 -177.173355 -179.709167 163.613739 -171.470123 97.966148 3.123737 3.367811 1.023954 9.984711 10.174141 2.909392 123.543945 127.161583 162.210739 0.000002 -0.000002 -6.292390 0.000000 0.000000 -4.190732 0.000000 -0.000000 0.000000 164.999985 179.999985 154.821564 179.999985 179.999985 159.399460 179.999985 179.999985 165.579620 0.000000 -0.000000 0.000000 179.999985 179.999985 148.573013 179.999985 179.999985 148.573013 0.000002 0.000029 -20.930384 0.000000 -0.000000 0.000000 10.000001 -0.000006 -31.203115 0.000008 0.000008 -31.203121 179.999985 180.000000 159.218735 0.000000 -0.000000 0.000000 20.000002 -0.000002 -24.637899 0.000006 0.000002 -36.956871 0.000002 -0.000008 -24.613270
1.277333 96.620216 5.851852 87.472870 -172.615555 179.635895 14.630036 -17.070889 -0.117131 151.211258 131.406860 158.861877 2.713574 -6.332784 4.313519 4.374381 4.438955 -1.919827 173.959213 168.055725 -179.692932 4.993547 -10.391449 1.215447 0.561298 5.308271 -1.350353 0.582887 5.211083 -1.803952 3.018246 3.927188 -2.098744 0.000012 -1.470141 1.041282 0.000005 -1.715168 1.078475 167.765121 -178.899628 -179.112808 7.852578 -1.189190 0.718541 21.662739 -7.924085 77.111725 178.992203 -174.124451 -178.759079 176.239410 178.992752 176.138535 46.807766 39.039158 7.349144 0.000002 0.000002 9.273369 0.000002 -0.000004 6.176066 0.000000 -0.000002 -0.000003 15.000010 -0.000001 30.454199 0.000016 0.000003 24.917061 0.000001 0.000006 17.441952 0.000000 -0.000002 -0.000003 179.999985 -179.999985 -143.800049 0.000004 0.000001 36.199970 179.999985 -180.000000 -155.890823 0.000000 -0.000002 -0.000003 170.000000 -180.000000 -146.424454 180.000000 -180.000000 -146.424438 180.000000 -179.999985 -157.638672 0.000000 -0.000002 -0.000003 160.000000 -180.000000 -160.709259 179.999985 179.999985 -151.063889 180.000000 -179.999985 -160.728546 177.135498 -177.207474 -179.723907 163.485657 -171.446503 98.122986 3.209408 3.343043 1.026429 10.016033 10.187377 2.904459 123.572617 127.135941 162.227737 0.000000 0.000000 -6.294417 0.000000 0.000000 -4.192090 0.000000 -0.000000 0.000000 165.000000 179.999985 154.752167 179.999985 179.999985 159.342697 180.000000 179.999985 165.539886 0.000000 -0.000000 0.000000 179.999985 179.999985 148.506454 179.999985 179.999985 148.506439 180.000000 179.999985 159.025299 0.000000 -0.000000 0.000000 9.999990 -0.000005 -31.203669 0.000002 0.000000 -31.203671 180.000000 -179.999985 159.218353 0.000000 -0.000000 0.000000 20.000002 -0.000005 -24.630072 0.000005 -0.000004 -36.945099 0.000004 -0.000001 -24.605444
1.361763 96.619308 5.980154 87.173592 -172.508423 179.538086 15.604675 -18.753462 -0.203924 148.452927 129.167450 156.499435 2.965065 -5.892756 4.327762 4.431862 4.421048 -1.894244 174.065933 167.865372 -179.719727 5.136809 -10.472169 1.338713 0.586959 5.363610 -1.346507 0.610892 5.266037 -1.858262 3.160859 3.978201 -2.154598 0.000063 -1.413202 1.014580 0.000117 -1.648714 1.050812 167.812363 -178.942810 -179.140259 7.809799 -1.201913 0.724519 21.608694 -8.030905 77.077530 179.053436 -174.014465 -178.730713 176.246796 178.990646 176.147659 46.686722 38.869915 7.123817 0.000000 0.000002 9.264918 0.000001 0.000002 6.170423 0.000000 -0.000000 0.000000 14.999903 0.000020 30.399311 179.999939 -179.999985 -155.127838 179.999969 -179.999969 -162.589493 0.000000 -0.000000 0.000000 179.999924 179.999985 -143.792358 179.999924 -179.999985 -143.792374 179.999969 -179.999954 -155.885712 0.000000 -0.000000 0.000000 169.999878 179.999985 -146.401932 179.999893 -179.999969 -146.401932 179.999969 -179.999939 -157.623718 0.000000 -0.000000 0.000000 159.999908 179.999985 -160.702927 179.999847 -179.999985 -151.054398 179.999924 -179.999939 -160.722229 177.110580 -177.242447 -179.738129 163.331390 -171.424377 98.284668 3.299062 3.301067 1.032361 10.048830 10.205059 2.900886 123.633034 127.130829 162.276733 180.000000 -179.999985 173.698914 180.000000 -180.000000 175.803497 0.000000 0.000003 0.000000 164.999878 179.999954 154.672134 179.999924 179.999924 159.277206 179.999985 179.999924 165.494034 0.000000 0.000003 0.000000 179.999832 179.999939 148.442719 179.999893 179.999847 148.442673 179.999985 179.999878 158.982864 0.000000 0.000003 0.000000 10.000066 -0.000019 -31.203392 0.000039 -0.000049 -31.203394 0.000008 -0.000044 -20.781452 0.000000 0.000003 0.000000 20.000130 -0.000053 -24.624741 0.000145 -0.000144 -36.937111 0.000019 -0.000136 -24.600130
1.439299 96.624374 6.102664 86.901047 -172.401581 179.427322 16.340183 -20.411644 -0.273909 145.877350 127.114960 154.125137 2.998255 -5.779503 4.370378 4.426174 4.417548 -1.860687 174.322510 167.708221 -179.715897 5.175983 -10.529416 1.446596 0.610141 5.419539 -1.337758 0.634538 5.321690 -1.899150 3.281680 4.028184 -2.194482 0.000031 -1.354136 0.980290 0.000067 -1.579819 1.015289 167.872192 -178.987030 -179.172531 7.778557 -1.203930 0.720753 21.569710 -8.106649 77.051834 179.117249 -173.912048 -178.715149 176.252533 178.989929 176.165665 46.662746 38.775124 7.049438 0.000005 -0.000007 9.266053 0.000006 -0.000005 6.171191 180.000000 180.000000 180.000000 14.999934 0.000034 30.428871 179.999969 -179.999985 -155.103653 179.999969 -179.999985 -162.572571 180.000000 180.000000 180.000000 0.000102 -0.000023 36.274357 0.000104 0.000042 36.274353 0.000058 0.000057 24.158701 180.000000 180.000000 180.000000 169.999908 179.999969 -146.372696 179.999924 -179.999969 -146.372711 179.999985 -179.999969 -157.604218 180.000000 180.000000 180.000000 159.999924 179.999985 -160.679260 179.999878 -180.000000 -151.018829 179.999924 -179.999954 -160.698578 177.088867 -177.275955 -179.747116 163.292694 -171.399582 98.429825 3.373753 3.363333 1.026622 10.086050 10.226213 2.905313 123.743904 127.096786 162.377930 179.999985 -180.000000 173.696732 179.999985 179.999985 175.802032 0.000002 -0.000002 -0.000000 164.999771 179.999893 154.675339 179.999863 179.999847 159.279800 179.999954 179.999847 165.495865 0.000002 -0.000002 -0.000000 179.999893 179.999954 148.392319 179.999939 179.999893 148.392273 179.999985 179.999908 158.949234 0.000002 -0.000002 -0.000000 10.000089 -0.000032 -31.198723 0.000064 -0.000071 -31.198740 0.000000 -0.000059 -20.778355 0.000002 -0.000002 -0.000000 20.000154 -0.000056 -24.605179 0.000166 -0.000169 -36.907772 0.000015 -0.000166 -24.580595
1.505418 96.631470 6.226880 86.641197 -172.291245 179.303146 16.879074 -22.076517 -0.345668 143.296051 125.146347 151.623093 2.979067 -5.858129 4.391356 4.381339 4.429307 -1.817818 174.619888 167.569778 -179.698669 5.206449 -10.578248 1.537901 0.632078 5.476568 -1.325290 0.656484 5.378420 -1.930300 3.393206 4.077875 -2.222203 0.000026 -1.294091 0.942777 0.000059 -1.509756 0.976409 167.937119 -179.031647 -179.206848 7.755711 -1.201926 0.712634 21.526241 -8.164015 77.027443 179.177155 -173.810654 -178.703384 176.264023 178.964081 176.185730 46.677227 38.729485 7.023945 180.000000 179.999985 -170.740158 180.000000 179.999985 -173.832932 0.000002 -0.000002 -0.000003 14.999971 0.000017 30.453331 179.999985 -179.999985 -155.083618 179.999985 -179.999985 -162.558533 0.000002 -0.000002 -0.000003 179.999985 179.999985 -143.795090 179.999969 -179.999985 -143.795074 179.999985 -179.999985 -155.887497 0.000002 -0.000002 -0.000003 169.999954 179.999985 -146.346085 179.999954 -179.999985 -146.346069 179.999985 -179.999985 -157.586487 0.000002 -0.000002 -0.000003 159.999924 179.999985 -160.658569 179.999878 179.999985 -150.987885 179.999939 -179.999969 -160.677902 177.069565 -177.307953 -179.754684 163.221802 -171.385208 98.565300 3.442445 3.372819 1.023170 10.124069 10.253237 2.914721 123.854279 127.052010 162.471313 179.999985 -179.999985 173.692902 179.999985 -180.000000 175.799500 0.000000 0.000003 0.000000 165.000000 179.999985 154.540222 180.000000 179.999985 159.169296 180.000000 179.999985 165.418488 0.000000 0.000003 0.000000 179.999954 179.999985 148.349365 179.999985 179.999954 148.349380 179.999985 179.999954 158.920685 0.000000 0.000003 0.000000 10.000109 -0.000039 -31.185434 0.000059 -0.000095 -31.185417 0.000006 -0.000072 -20.769489 0.000000 0.000003 0.000000 20.000134 -0.000062 -24.570019 0.000173 -0.000174 -36.855053 0.000021 -0.000163 -24.545454
1.558500 96.643005 6.341705 86.399261 -172.179077 179.167465 17.643795 -23.844835 -0.377798 140.058609 123.301704 148.626587 2.853331 -6.118359 4.420489 4.405832 4.454599 -1.749756 174.832230 167.446381 -179.678482 5.238088 -10.619222 1.608507 0.651826 5.533828 -1.309226 0.676269 5.435239 -1.951650 3.493118 4.126215 -2.238035 0.000007 -1.232902 0.902720 0.000026 -1.438382 0.934956 168.004089 -179.076981 -179.242783 7.735488 -1.194431 0.700203 21.479216 -8.203321 77.003204 179.239212 -173.746155 -178.695862 176.268951 178.965027 176.208267 46.772236 38.738140 7.119016 0.000002 0.000007 9.261104 0.000000 -0.000000 6.167901 0.000003 0.000002 -0.000003 14.999975 0.000015 30.469393 179.999985 179.999985 -155.070480 179.999985 -179.999985 -162.549332 0.000003 0.000002 -0.000003 179.999985 179.999985 -143.780731 179.999985 179.999985 -143.780701 179.999985 -179.999985 -155.877945 0.000003 0.000002 -0.000003 169.999985 179.999985 -146.324173 179.999985 -180.000000 -146.324188 179.999985 -179.999985 -157.571884 0.000003 0.000002 -0.000003 159.999939 179.999969 -160.637634 179.999893 179.999985 -150.956467 179.999924 -179.999985 -160.656998 177.051224 -177.339645 -179.762177 163.192307 -171.371735 98.684242 3.500865 3.396413 1.024861 10.160589 10.268603 2.929074 123.910957 126.983383 162.495163 179.999985 -180.000000 173.687393 180.000000 -179.999985 175.795807 180.000000 179.999985 -180.000000 165.000000 -180.000000 154.529099 180.000000 -179.999985 159.160172 0.000003 0.000000 -14.587891 180.000000 179.999985 -180.000000 179.999954 179.999985 148.322647 179.999985 179.999969 148.322647 179.999985 179.999969 158.902893 180.000000 179.999985 -180.000000 10.000109 -0.000037 -31.151564 0.000068 -0.000091 -31.151546 0.000004 -0.000077 -20.746943 180.000000 179.999985 -180.000000 20.000135 -0.000056 -24.521852 0.000154 -0.000161 -36.782780 0.000005 -0.000151 -24.497339
1.612334 96.657936 6.439513 86.179672 -172.068787 179.024200 18.323109 -25.665489 -0.427038 136.471283 121.579674 145.294769 2.764007 -6.590764 4.392810 4.488407 4.488904 -1.656087 175.022156 167.343628 -179.653900 5.213577 -10.647250 1.664358 0.669064 5.590477 -1.290234 0.692575 5.491361 -1.963915 3.575206 4.172307 -2.243405 180.000000 -178.828751 -179.139099 0.000023 -1.366432 0.891639 168.074265 -179.122513 -179.279831 7.712377 -1.179509 0.682527 21.461205 -8.229395 76.973267 179.292465 -173.681564 -178.691589 176.272125 178.960785 176.229736 46.898312 38.797413 7.276230 0.000004 0.000012 9.264402 0.000002 0.000002 6.170101 180.000000 -180.000000 180.000000 14.999976 0.000012 30.480085 179.999985 180.000000 -155.061783 179.999985 -180.000000 -162.543228 180.000000 -180.000000 180.000000 179.999985 179.999985 -143.773270 179.999985 -179.999985 -143.773300 179.999985 -179.999985 -155.872986 180.000000 -180.000000 180.000000 170.000122 -179.999939 -146.264801 0.000137 -0.000008 33.735146 0.000072 0.000049 22.467628 180.000000 -180.000000 180.000000 159.999939 179.999969 -160.610382 179.999908 179.999985 -150.915558 179.999939 -179.999985 -160.629761 177.035904 -177.371017 -179.770599 163.183640 -171.361115 98.785820 3.548993 3.412099 1.030016 10.194034 10.285410 2.947828 123.972458 126.903969 162.513229 180.000000 -179.999985 173.678375 179.999985 -179.999985 175.789810 0.000000 -0.000000 0.000000 165.000000 -180.000000 154.529022 179.999985 -179.999985 159.160156 179.999985 -179.999985 165.412094 0.000000 -0.000000 0.000000 179.999985 179.999985 148.302444 179.999985 179.999969 148.302444 0.000003 0.000021 -21.110565 0.000000 -0.000000 0.000000 10.000092 -0.000030 -31.107319 0.000052 -0.000072 -31.107332 0.000003 -0.000053 -20.717482 0.000000 -0.000000 0.000000 20.000120 -0.000048 -24.459578 0.000128 -0.000114 -36.689327 0.000013 -0.000109 -24.435135
1.654702 96.678497 6.527506 85.983818 -171.962784 178.873184 18.963184 -27.487896 -0.487737 132.710159 120.007515 141.758621 2.588348 -7.249671 4.385709 4.584298 4.534666 -1.541624 175.260147 167.268936 -179.622360 5.105028 -10.662531 1.712585 0.682299 5.646802 -1.268294 0.704363 5.547070 -1.966554 3.634695 4.215966 -2.238327 179.999985 -178.889481 -179.182053 0.000008 -1.295599 0.847150 168.152359 -179.167175 -179.317337 7.694312 -1.162097 0.659685 21.456398 -8.240904 76.937439 179.333954 -173.626297 -178.690735 176.274780 178.958893 176.250992 47.051750 38.889801 7.481492 0.000006 0.000013 9.269282 0.000005 0.000005 6.173337 180.000000 -180.000000 180.000000 14.999985 0.000004 30.494087 0.000000 -0.000000 24.949690 179.999985 -180.000000 -162.535202 180.000000 -180.000000 180.000000 0.000000 -0.000000 36.240894 180.000000 -179.999985 -143.759109 180.000000 -179.999985 -155.863571 180.000000 -180.000000 180.000000 170.000000 -179.999985 -146.351013 0.000009 -0.000000 33.648998 0.000005 0.000008 22.410221 180.000000 -180.000000 180.000000 159.999969 179.999985 -160.583969 179.999924 179.999954 -150.875961 179.999954 -179.999985 -160.603409 177.028473 -177.399490 -179.780029 163.224411 -171.348587 98.866379 3.585890 3.467785 1.033739 10.224314 10.295820 2.966020 124.020935 126.849785 162.521515 180.000000 -179.999985 173.666687 180.000000 -180.000000 175.782028 0.000000 -0.000000 0.000000 165.000000 179.999985 154.531219 180.000000 179.999985 159.161896 180.000000 179.999985 165.413315 0.000000 -0.000000 0.000000 179.999954 179.999985 148.295898 179.999985 179.999969 148.295914 180.000000 179.999969 158.885056 0.000000 -0.000000 0.000000 10.000049 -0.000020 -31.057177 0.000036 -0.000040 -31.057177 0.000003 -0.000038 -20.684063 0.000000 -0.000000 0.000000 20.000071 -0.000007 -24.397673 0.000071 -0.000083 -36.596497 0.000021 -0.000064 -24.373274
1.687041 96.702705 6.601274 85.811226 -171.864029 178.715454 19.570429 -29.304285 -0.579143 128.715546 118.603737 138.013092 2.396345 -8.076124 4.362948 4.721081 4.592374 -1.403288 175.435043 167.224152 -179.595627 4.995198 -10.665809 1.744575 0.692327 5.701290 -1.243872 0.712133 5.600834 -1.959539 3.673523 4.256167 -2.222651 179.999985 -178.949280 -179.225571 179.999985 -178.774155 -179.197937 168.234467 -179.211044 -179.354965 7.682980 -1.143850 0.633116 21.454514 -8.237090 76.895111 179.356491 -173.585693 -178.694870 176.283173 178.957779 176.274078 47.205830 38.992817 7.702104 0.000007 0.000015 9.278281 0.000003 0.000007 6.179347 0.000000 -0.000000 0.000000 15.000002 -0.000013 30.505878 0.000001 0.000005 24.959335 0.000004 0.000000 17.471527 0.000000 -0.000000 0.000000 180.000000 179.999985 -143.756119 180.000000 179.999985 -143.756119 180.000000 -179.999985 -155.861572 0.000000 -0.000000 0.000000 170.000015 -179.999985 -146.351242 0.000031 -0.000009 33.648720 0.000017 -0.000002 22.410044 0.000000 -0.000000 0.000000 159.999969 179.999985 -160.557419 179.999939 179.999969 -150.836136 179.999969 -179.999985 -160.576859 177.025986 -177.426041 -179.790619 163.285797 -171.338409 98.926910 3.611028 3.510405 1.037883 10.251074 10.323878 2.985287 124.057983 126.814537 162.532898 0.000003 0.000000 -6.340842 180.000000 -180.000000 175.776978 180.000000 180.000000 -180.000000 165.000000 179.999985 154.535690 179.999985 179.999985 159.165573 179.999985 179.999985 165.415909 180.000000 180.000000 -180.000000 179.999954 179.999985 148.275162 179.999954 179.999954 148.275177 180.000000 179.999969 158.871246 180.000000 180.000000 -180.000000 10.000023 0.000004 -31.018381 0.000014 -0.000017 -31.018354 0.000006 -0.000013 -20.658237 180.000000 180.000000 -180.000000 20.000029 -0.000005 -24.343771 0.000032 -0.000015 -36.515640 0.000006 -0.000027 -24.319431
1.709749 96.730110 6.659375 85.661156 -171.774918 178.552277 20.278700 -31.116531 -0.691594 124.321739 117.450516 133.999359 2.225936 -9.008631 4.299940 4.978384 4.663638 -1.229822 175.509827 167.215622 -179.579041 4.840466 -10.654880 1.768971 0.700045 5.752476 -1.217561 0.716635 5.651209 -1.943302 3.695092 4.292051 -2.196632 180.000000 -179.008347 -179.269043 179.999969 -178.843079 -179.242935 168.315887 -179.254456 -179.392258 7.674087 -1.123557 0.604527 21.446383 -8.216952 76.844276 179.364731 -173.559891 -178.699524 176.294800 178.952789 176.296707 47.354034 39.108833 7.926529 0.000006 0.000017 9.287994 0.000001 0.000010 6.185815 0.000003 -0.000000 0.000000 15.000004 0.000005 30.505568 0.000001 0.000003 24.959106 0.000009 -0.000007 17.471375 0.000003 -0.000000 0.000000 180.000000 179.999985 -143.752731 179.999985 179.999985 -143.752747 0.000000 0.000002 24.140669 0.000003 -0.000000 0.000000 170.000015 -179.999985 -146.356110 0.000040 -0.000016 33.643894 0.000029 0.000004 22.406839 0.000003 -0.000000 0.000000 159.999969 179.999985 -160.531448 179.999969 179.999985 -150.797211 179.999969 -179.999985 -160.550919 177.023315 -177.453171 -179.804398 163.362198 -171.331818 98.971069 3.622863 3.560725 1.040925 10.274169 10.351404 3.001784 124.103195 126.832115 162.578598 180.000000 180.000000 173.654724 0.000002 0.000000 -4.225959 0.000000 0.000000 -0.000003 164.999954 179.999985 154.528259 179.999985 179.999985 159.159470 179.999985 179.999985 165.411636 0.000000 0.000000 -0.000003 179.999939 179.999985 148.238190 179.999969 179.999954 148.238205 179.999985 179.999954 158.846634 0.000000 0.000000 -0.000003 9.999914 0.000018 -30.958460 179.999954 179.999939 149.041534 179.999985 179.999954 159.381653 0.000000 0.000000 -0.000003 19.999994 -0.000001 -24.316343 180.000000 180.000000 143.525513 180.000000 -179.999985 155.707993
1.721813 96.758789 6.706204 85.532707 -171.697266 178.384949 20.740913 -32.889164 -0.897908 120.304359 116.362930 130.215210 2.044730 -9.968719 4.212602 5.334493 4.745975 -1.028957 175.484207 167.242188 -179.570923 4.664176 -10.631808 1.785777 0.705564 5.799902 -1.189797 0.717976 5.697782 -1.918662 3.700392 4.323545 -2.161467 179.999985 -179.066223 -179.311554 0.000014 -1.089394 0.713016 168.396210 -179.297119 -179.428650 7.667399 -1.102075 0.575243 21.416603 -8.178821 76.783287 179.367798 -173.556244 -178.699661 176.305511 178.943344 176.316650 47.515404 39.221718 8.162369 0.000001 0.000012 9.297919 0.000001 0.000010 6.192405 180.000000 180.000000 180.000000 15.000000 -0.000008 30.506439 0.000006 -0.000018 24.959816 0.000003 -0.000001 17.471872 180.000000 180.000000 180.000000 180.000000 -179.999985 -143.747192 0.000001 -0.000007 36.252819 180.000000 179.999985 -155.855637 180.000000 180.000000 180.000000 170.000015 -179.999985 -146.376923 0.000027 -0.000017 33.623051 0.000025 0.000002 22.392948 180.000000 180.000000 180.000000 160.000000 179.999985 -160.510071 179.999985 179.999985 -150.765121 180.000000 -179.999985 -160.529572 177.023483 -177.477493 -179.818802 163.461899 -171.328217 98.996559 3.621859 3.626286 1.042223 10.293101 10.382185 3.014970 124.150597 126.889549 162.638733 180.000000 179.999985 173.648972 0.000003 0.000010 -4.229784 0.000000 0.000002 0.000000 164.999939 179.999985 154.497406 179.999985 179.999985 159.134262 179.999985 179.999985 165.393982 0.000000 0.000002 0.000000 179.999939 179.999985 148.185303 179.999969 179.999954 148.185287 179.999985 179.999969 158.811401 0.000000 0.000002 0.000000 9.999958 0.000002 -31.041546 179.999985 179.999985 148.958450 180.000000 179.999985 159.326324 0.000000 0.000002 0.000000 19.999983 -0.000003 -24.309563 179.999985 179.999985 143.535629 179.999985 179.999985 155.714722
1.725214 96.789810 6.741593 85.423798 -171.632095 178.214661 21.261007 -34.643356 -1.148000 116.306732 115.439079 126.475677 1.796475 -10.903724 4.136343 5.805408 4.834559 -0.801536 175.335190 167.298996 -179.571304 4.475508 -10.598688 1.795718 0.708692 5.843392 -1.160568 0.716625 5.740352 -1.886904 3.691339 4.350710 -2.118563 179.999985 -179.123047 -179.353043 179.999985 -178.976898 -179.329956 168.474533 -179.339142 -179.464127 7.662604 -1.079471 0.546262 21.364845 -8.128868 76.714462 179.367081 -173.590652 -178.697495 176.313293 178.936066 176.333511 47.619949 39.311466 8.331290 0.000003 0.000019 9.307527 180.000000 179.999985 -173.801178 180.000000 180.000000 179.999985 15.000016 -0.000011 30.503744 0.000010 -0.000001 24.957584 0.000013 -0.000004 17.470314 180.000000 180.000000 179.999985 0.000002 -0.000017 36.254143 0.000006 -0.000003 36.254124 0.000003 -0.000000 24.145239 180.000000 180.000000 179.999985 170.000015 -179.999985 -146.392685 0.000037 -0.000008 33.607323 0.000015 0.000005 22.382465 180.000000 180.000000 179.999985 160.000000 179.999985 -160.500244 0.000006 0.000009 29.249649 0.000003 -0.000002 19.480255 177.031708 -177.494766 -179.828979 163.548218 -171.336807 99.000847 3.606044 3.678629 1.042675 10.307953 10.412639 3.023906 124.144997 126.967026 162.685532 0.000002 0.000004 -6.338998 0.000000 -0.000002 -4.221780 0.000002 -0.000002 -0.000000 164.999969 180.000000 154.450638 179.999985 179.999985 159.095947 179.999985 179.999985 165.367188 0.000002 -0.000002 -0.000000 179.999954 179.999985 148.122101 179.999969 179.999969 148.122101 179.999985 179.999969 158.769302 0.000002 -0.000002 -0.000000 9.999964 0.000011 -31.070845 179.999985 179.999985 148.929153 179.999985 179.999985 159.306824 0.000002 -0.000002 -0.000000 19.999887 0.000012 -24.286455 179.999863 179.999893 143.570328 179.999969 179.999908 155.737839
1.710437 96.827026 6.772766 85.332352 -171.578888 178.042542 21.856970 -36.381557 -1.431135 112.228973 114.719299 122.731094 1.555854 -11.779602 4.043337 6.330940 4.932198 -0.556315 175.176971 167.389862 -179.572937 4.222944 -10.556756 1.807129 0.709117 5.883165 -1.129696 0.713046 5.779216 -1.849293 3.670530 4.374089 -2.069355 180.000000 -179.176804 -179.390991 179.999985 -179.039597 -179.369232 168.551086 -179.379135 -179.496750 7.658796 -1.055405 0.518753 21.295235 -8.074567 76.640060 179.355789 -173.651474 -178.695007 176.316086 178.942917 176.348831 47.670757 39.374691 8.440191 180.000000 179.999985 -170.680008 180.000000 179.999985 -173.792892 0.000000 0.000002 0.000000 15.000012 -0.000015 30.491535 0.000010 -0.000008 24.947603 0.000016 -0.000008 17.463337 0.000000 0.000002 0.000000 0.000001 0.000009 36.244995 0.000009 0.000006 36.244995 0.000003 -0.000000 24.139158 0.000000 0.000002 0.000000 170.000015 -179.999985 -146.416031 0.000034 -0.000017 33.583961 0.000025 0.000005 22.366926 0.000000 0.000002 0.000000 160.000015 -179.999985 -160.496124 0.000005 -0.000008 29.255814 0.000007 0.000001 19.484364 177.045425 -177.508209 -179.838196 163.619019 -171.359024 98.990509 3.572254 3.713468 1.042848 10.319354 10.448888 3.027339 124.173820 127.041016 162.758713 0.000001 0.000009 -6.331443 180.000000 180.000000 175.783249 0.000000 -0.000000 0.000000 164.999985 179.999985 154.397247 179.999985 179.999985 159.052307 180.000000 179.999985 165.336594 0.000000 -0.000000 0.000000 179.999969 179.999985 148.060654 179.999985 179.999985 148.060654 180.000000 179.999969 158.728409 0.000000 -0.000000 0.000000 9.999979 0.000002 -31.104841 179.999985 179.999985 148.895157 179.999985 179.999985 159.284180 0.000000 -0.000000 0.000000 19.999975 0.000011 -24.433205 179.999969 179.999985 143.350189 180.000000 179.999969 155.591232
1.680698 96.866051 6.801805 85.255890 -171.536469 177.870605 22.399372 -38.088757 -1.764976 108.415932 114.083298 119.203873 1.288767 -12.546472 3.970146 6.848649 5.038517 -0.304504 175.134644 167.517090 -179.567322 3.846357 -10.503910 1.830006 0.707329 5.919943 -1.097653 0.707642 5.815082 -1.807071 3.640104 4.394464 -2.015206 180.000000 -179.224335 -179.422226 180.000000 -179.095047 -179.401581 168.626724 -179.414810 -179.524261 7.654999 -1.029776 0.493207 21.183584 -8.018547 76.565086 179.339615 -173.756470 -178.692673 176.317871 178.957214 176.363358 47.666164 39.406891 8.478520 180.000000 179.999985 -170.667877 180.000000 179.999985 -173.784805 180.000000 180.000000 179.999985 15.000009 -0.000014 30.477196 0.000013 -0.000003 24.935898 0.000007 0.000001 17.455118 180.000000 180.000000 179.999985 180.000000 -179.999985 -143.761459 0.000005 -0.000005 36.238537 180.000000 -179.999985 -155.865112 180.000000 180.000000 179.999985 170.000015 -179.999985 -146.446701 0.000018 -0.000005 33.553299 0.000007 0.000000 22.346495 180.000000 180.000000 179.999985 160.000015 -179.999985 -160.500107 0.000020 -0.000012 29.249872 0.000012 -0.000011 19.480412 177.060623 -177.521378 -179.850052 163.683014 -171.388138 98.973503 3.525049 3.746736 1.040676 10.327278 10.494161 3.024584 124.179642 127.124451 162.815613 180.000000 179.999985 173.678391 0.000002 0.000005 -4.210187 180.000000 180.000000 -180.000000 164.999969 -179.999985 154.345032 179.999985 179.999985 159.009598 180.000000 179.999985 165.306702 180.000000 180.000000 -180.000000 179.999985 -179.999985 148.002975 179.999985 179.999985 148.002991 180.000000 179.999985 158.689972 180.000000 180.000000 -180.000000 9.999984 -0.000005 -31.134659 180.000000 179.999985 148.865356 179.999985 179.999985 159.264313 180.000000 180.000000 -180.000000 19.999975 -0.000015 -24.471823 179.999985 179.999985 143.292267 180.000000 179.999985 155.552643
1.643579 96.907150 6.814601 85.192123 -171.502853 177.700623 23.040369 -39.772327 -2.122275 104.617897 113.646400 115.784286 1.051572 -13.225008 3.890224 7.400528 5.146885 -0.050084 174.849243 167.657028 -179.574097 3.667186 -10.449485 1.820269 0.704677 5.954799 -1.064557 0.700752 5.849023 -1.761396 3.601880 4.412765 -1.957511 179.999985 -179.266495 -179.448975 179.999985 -179.144241 -179.429306 168.699783 -179.446548 -179.548035 7.650976 -1.002371 0.469071 21.046137 -7.963834 76.489281 179.313568 -173.878876 -178.689896 176.319519 178.977310 176.374680 47.606628 39.396736 8.443075 180.000000 179.999985 -170.654633 180.000000 179.999985 -173.776016 180.000000 -180.000000 180.000000 14.999997 -0.000009 30.453413 0.000012 -0.000007 24.916414 0.000007 -0.000001 17.441498 180.000000 -180.000000 180.000000 180.000000 -180.000000 -143.766052 0.000003 -0.000002 36.233936 179.999985 179.999985 -155.868195 180.000000 -180.000000 180.000000 170.000000 -179.999985 -146.474472 0.000017 -0.000002 33.525513 0.000010 -0.000001 22.327997 180.000000 -180.000000 180.000000 160.000015 -179.999985 -160.515900 0.000010 -0.000008 29.226137 0.000013 -0.000007 19.464603 177.076172 -177.534576 -179.864380 163.740891 -171.419601 98.952972 3.470320 3.777851 1.035044 10.330439 10.538079 3.016042 124.160995 127.195770 162.856567 0.000006 0.000009 -6.304502 180.000000 179.999985 175.801193 0.000000 -0.000000 0.000000 165.000000 180.000000 154.297913 179.999985 179.999985 158.970993 180.000000 179.999985 165.279724 0.000000 -0.000000 0.000000 179.999969 179.999985 147.970947 179.999969 179.999969 147.970963 179.999985 179.999985 158.668671 0.000000 -0.000000 0.000000 10.000001 0.000004 -31.163876 180.000000 180.000000 148.836166 180.000000 179.999985 159.244858 0.000000 -0.000000 0.000000 19.999994 0.000009 -24.505501 179.999985 180.000000 143.241760 0.000001 0.000012 -24.481001
1.600509 96.948189 6.816681 85.140450 -171.475891 177.534546 23.640324 -41.407551 -2.536250 101.211281 113.234764 112.713310 0.789459 -13.821179 3.830166 7.970749 5.257457 0.204443 174.451096 167.812119 -179.585159 3.571007 -10.391847 1.797104 0.701042 5.988909 -1.030945 0.692589 5.882182 -1.713375 3.556998 4.430118 -1.897407 180.000000 -179.304413 -179.473633 179.999985 -179.188492 -179.454819 168.769104 -179.475067 -179.569778 7.647563 -0.973092 0.445487 20.876341 -7.911994 76.416252 179.270035 -173.981339 -178.685089 176.329926 178.966690 176.377487 47.517601 39.342403 8.353051 180.000000 179.999985 -170.642242 180.000000 179.999985 -173.767731 180.000000 180.000000 -180.000000 15.000004 -0.000001 30.439257 180.000000 179.999985 -155.095139 180.000000 -180.000000 -162.566605 180.000000 180.000000 -180.000000 180.000000 179.999985 -143.760513 0.000000 -0.000011 36.239464 0.000003 -0.000004 24.135496 180.000000 180.000000 -180.000000 170.000000 -179.999985 -146.494995 0.000007 -0.000006 33.505024 180.000000 -180.000000 -157.685669 180.000000 180.000000 -180.000000 160.000031 -179.999954 -160.516083 0.000070 -0.000043 29.225878 0.000050 -0.000009 19.464430 177.091400 -177.548111 -179.881180 163.774399 -171.454315 98.931999 3.409178 3.800147 1.027571 10.329562 10.564264 3.000175 124.111038 127.237328 162.858948 180.000000 179.999985 173.715515 0.000003 0.000004 -4.185470 0.000000 -0.000000 0.000000 165.000000 180.000000 154.260712 180.000000 179.999985 158.940598 179.999985 -180.000000 165.258408 0.000000 -0.000000 0.000000 180.000000 179.999985 147.833817 180.000000 179.999985 147.833817 179.999985 180.000000 158.577332 0.000000 -0.000000 0.000000 10.000008 0.000007 -31.182125 180.000000 180.000000 148.817886 0.000006 0.000005 -20.767298 0.000000 -0.000000 0.000000 20.000000 0.000007 -24.524397 180.000000 179.999985 143.213379 180.000000 180.000000 155.500137
1.551293 96.990051 6.827187 85.100792 -171.454285 177.373398 24.258606 -42.989784 -3.004868 98.130104 112.868294 109.977592 0.536406 -14.342149 3.772125 8.546044 5.371244 0.460159 174.238312 167.993713 -179.585831 3.270590 -10.324402 1.805626 0.695769 6.023174 -0.997094 0.683303 5.915488 -1.663819 3.506471 4.447275 -1.835898 180.000000 -179.337692 -179.496307 180.000000 -179.227325 -179.478317 168.834732 -179.500000 -179.589447 7.645536 -0.942074 0.421749 20.685440 -7.864674 76.346390 179.221725 -174.097061 -178.678818 176.336258 178.971542 176.374741 47.435715 39.264668 8.257463 180.000000 179.999985 -170.629349 180.000000 179.999985 -173.759155 180.000000 -180.000000 180.000000 15.000009 -0.000002 30.440998 180.000000 180.000000 -155.093735 180.000000 179.999985 -162.565613 180.000000 -180.000000 180.000000 0.000003 0.000010 36.254314 179.999985 179.999985 -143.745682 179.999985 -179.999985 -155.854630 180.000000 -180.000000 180.000000 170.000000 179.999985 -146.503967 0.000001 -0.000004 33.496021 0.000007 0.000002 22.308342 180.000000 -180.000000 180.000000 160.000000 179.999985 -160.620514 179.999985 179.999985 -150.930801 180.000000 -179.999985 -160.639908 177.105789 -177.562119 -179.900452 163.784531 -171.490234 98.912285 3.342981 3.806506 1.019790 10.325940 10.585121 2.979179 124.032181 127.254234 162.820663 0.000004 -0.000002 -6.264806 180.000000 179.999985 175.827652 180.000000 180.000000 -180.000000 165.000015 179.999985 154.231934 179.999985 -179.999985 158.917023 180.000000 180.000000 165.241928 180.000000 180.000000 -180.000000 180.000000 180.000000 147.816147 180.000000 179.999985 147.816162 180.000000 -180.000000 158.565567 180.000000 180.000000 -180.000000 9.999994 -0.000003 -31.186800 180.000000 180.000000 148.813202 180.000000 -179.999985 159.229584 180.000000 180.000000 -180.000000 19.999998 0.000002 -24.529739 0.000004 -0.000002 -36.794613 0.000001 -0.000005 -24.505203
1.499284 97.034439 6.838375 85.061546 -171.428543 177.206161 24.949089 -44.606419 -3.515202 94.875153 112.564056 107.086708 0.262681 -14.859505 3.718812 9.061620 5.491871 0.716334 174.017029 168.182465 -179.589600 3.040619 -10.256132 1.803071 0.690797 6.059175 -0.961524 0.674118 5.950525 -1.611685 3.455838 4.465561 -1.770859 179.999954 -179.369705 -179.518692 179.999969 -179.264664 -179.501526 168.899734 -179.523880 -179.608826 7.643841 -0.911749 0.397651 20.477219 -7.818604 76.277786 179.175217 -174.231842 -178.673691 176.340759 178.985306 176.367569 47.338074 39.168266 8.140527 179.999969 179.999939 -170.614670 179.999985 179.999969 -173.749390 0.000000 -0.000002 0.000000 14.999973 0.000047 30.440996 179.999954 179.999985 -155.093719 179.999985 -179.999985 -162.565613 0.000000 -0.000002 0.000000 179.999939 179.999908 -143.725281 179.999878 179.999969 -143.725250 179.999908 -179.999985 -155.841019 0.000000 -0.000002 0.000000 170.000000 -179.999985 -146.508575 0.000008 -0.000002 33.491428 0.000023 -0.000007 22.305258 0.000000 -0.000002 0.000000 159.999939 179.999893 -160.607727 179.999878 179.999924 -150.911591 179.999908 179.999985 -160.627121 177.120819 -177.573746 -179.920898 163.774170 -171.533859 98.891762 3.271840 3.791537 1.012019 10.320573 10.611887 2.957044 123.632683 127.181618 162.413483 0.000022 0.000030 -6.241836 0.000015 0.000009 -4.157071 0.000003 0.000002 -0.000003 165.000015 180.000000 154.198883 0.000006 0.000006 -21.110027 179.999985 -179.999985 165.223007 0.000003 0.000002 -0.000003 0.000019 0.000010 -32.198620 0.000027 -0.000018 -32.198547 0.000001 -0.000022 -21.444263 0.000003 0.000002 -0.000003 10.000075 -0.000010 -31.194994 0.000056 -0.000036 -31.194998 0.000015 -0.000046 -20.775852 0.000003 0.000002 -0.000003 20.000086 -0.000014 -24.535664 0.000114 -0.000052 -36.803463 0.000049 -0.000082 -24.511124
1.434000 97.075729 6.847712 85.049065 -171.419037 177.061157 25.624910 -46.066566 -4.129915 92.531677 112.214920 105.119171 0.065788 -15.229444 3.654487 9.627073 5.605732 0.956651 173.761826 168.384201 -179.596252 2.763436 -10.187131 1.820072 0.682136 6.094408 -0.928487 0.662278 5.984712 -1.561757 3.393009 4.483069 -1.710196 179.999985 -179.393127 -179.537674 179.999985 -179.291992 -179.521164 168.956787 -179.541077 -179.624420 7.642924 -0.875194 0.372567 20.224174 -7.783636 76.221344 179.119476 -174.353012 -178.661484 176.350586 178.980820 176.351425 47.297958 39.086742 8.078974 179.999985 179.999954 -170.603241 179.999985 179.999985 -173.741745 0.000002 -0.000000 0.000000 14.999969 0.000033 30.454338 179.999985 179.999985 -155.082840 179.999985 179.999985 -162.557953 0.000002 -0.000000 0.000000 179.999969 179.999939 -143.700958 179.999924 179.999985 -143.700912 179.999954 -179.999985 -155.824844 0.000002 -0.000000 0.000000 170.000015 -179.999985 -146.506088 0.000034 -0.000017 33.493908 0.000025 0.000004 22.306929 0.000002 -0.000000 0.000000 159.999969 179.999954 -160.587540 179.999924 179.999939 -150.881302 179.999939 179.999985 -160.606949 177.131927 -177.588135 -179.946564 163.795609 -171.558624 98.877556 3.201707 3.834313 1.001915 10.313204 10.628307 2.929983 123.563202 127.119217 162.345932 0.000016 0.000011 -6.226889 0.000002 0.000002 -4.147117 0.000000 -0.000000 0.000000 165.000015 -179.999985 154.189102 0.000011 -0.000001 -21.117985 0.000008 -0.000005 -14.782598 0.000000 -0.000000 0.000000 0.000043 -0.000000 -32.195831 0.000020 -0.000019 -32.195801 0.000001 -0.000026 -21.442413 0.000000 -0.000000 0.000000 10.000067 -0.000006 -31.176693 0.000057 -0.000044 -31.176676 0.000017 -0.000035 -20.763670 0.000000 -0.000000 0.000000 20.000076 -0.000002 -24.512482 0.000117 -0.000080 -36.768734 0.000043 -0.000085 -24.487974
1.363449 97.111481 6.852897 85.046371 -171.419342 176.928284 26.167400 -47.351521 -4.792486 90.946342 111.773407 103.855827 179.923386 -164.486893 -176.431534 10.122234 5.717325 1.171421 173.458633 168.586899 -179.602478 2.594868 -10.123060 1.826410 0.672377 6.128711 -0.897369 0.649337 6.018010 -1.513475 3.325384 4.500048 -1.652326 179.999985 -179.411835 -179.555283 179.999969 -179.313766 -179.539398 169.011627 -179.554398 -179.638458 7.645483 -0.837290 0.347239 19.950417 -7.752434 76.171417 179.066895 -174.489136 -178.647430 176.355942 178.983032 176.336502 47.258644 39.018234 8.025216 179.999985 179.999985 -170.591980 179.999985 179.999985 -173.734268 0.000002 0.000002 -0.000002 15.000032 -0.000011 30.475040 0.000025 -0.000021 24.934107 0.000017 0.000001 17.453875 0.000002 0.000002 -0.000002 179.999985 179.999969 -143.680603 179.999969 179.999985 -143.680603 179.999954 -179.999985 -155.811279 0.000002 0.000002 -0.000002 170.000046 -179.999908 -146.505035 0.000086 -0.000034 33.494987 0.000061 0.000011 22.307644 0.000002 0.000002 -0.000002 159.999969 179.999954 -160.569443 179.999954 179.999954 -150.854156 179.999969 179.999985 -160.588867 177.141037 -177.608978 -179.973022 163.753235 -171.578568 98.872307 3.135299 3.821284 0.994292 10.305792 10.614659 2.897259 123.504898 127.033333 162.270401 0.000003 0.000005 -6.217594 0.000000 -0.000002 -4.140914 180.000000 -180.000000 180.000000 165.000015 -179.999985 154.192169 0.000012 -0.000011 -21.115501 180.000000 -179.999985 165.219177 180.000000 -180.000000 180.000000 0.000030 -0.000004 -32.178497 0.000023 -0.000019 -32.178474 0.000010 -0.000016 -21.430889 180.000000 -180.000000 180.000000 10.000068 -0.000005 -31.148504 0.000048 -0.000040 -31.148478 0.000022 -0.000024 -20.744904 180.000000 -180.000000 180.000000 20.000069 -0.000013 -24.475080 0.000097 -0.000069 -36.712643 0.000043 -0.000068 -24.450619
1.280836 97.147438 6.860598 85.049385 -171.427277 176.803696 26.929840 -48.546047 -5.417606 89.674301 111.518410 103.037735 179.788635 -164.284271 -176.504532 10.561027 5.829784 1.367698 173.256760 168.797241 -179.599762 2.375069 -10.060844 1.843918 0.662047 6.161526 -0.867432 0.636663 6.049828 -1.466063 3.258996 4.516279 -1.595425 179.999985 -179.428421 -179.571274 179.999985 -179.333160 -179.555984 169.063309 -179.566299 -179.651062 7.656215 -0.800443 0.324012 19.658159 -7.718077 76.127754 179.005966 -174.605133 -178.631729 176.350937 178.976166 176.328918 47.514179 39.038059 8.149434 179.999680 179.999405 -170.654846 179.999725 179.999649 -173.776138 0.000000 -0.000000 0.000002 14.999997 -0.000032 30.468630 0.000025 -0.000014 24.928890 0.000008 0.000005 17.450212 0.000000 -0.000000 0.000002 179.999985 179.999969 -143.668549 179.999985 179.999985 -143.668549 179.999985 180.000000 -155.803223 0.000000 -0.000000 0.000002 170.000046 -179.999924 -146.518753 0.000078 -0.000038 33.481220 0.000078 0.000006 22.298492 0.000000 -0.000000 0.000002 160.000015 179.999985 -160.559387 179.999985 179.999985 -150.839066 179.999985 179.999985 -160.578812 177.147629 -177.635223 -179.999710 163.691101 -171.589294 98.872765 3.074011 3.784449 0.989046 10.299706 10.629767 2.867936 123.503387 126.962067 162.251617 180.000000 -180.000000 173.786972 0.000002 0.000005 -4.137860 0.000003 0.000002 -0.000003 165.000015 -179.999985 154.203262 0.000013 -0.000012 -21.106394 0.000008 -0.000005 -14.774483 0.000003 0.000002 -0.000003 0.000022 -0.000003 -32.159573 0.000009 -0.000019 -32.159595 180.000000 -179.999985 158.581726 0.000003 0.000002 -0.000003 10.000052 -0.000008 -31.119072 0.000029 -0.000033 -31.119036 0.000011 -0.000024 -20.725290 0.000003 0.000002 -0.000003 20.000067 -0.000002 -24.437410 0.000069 -0.000040 -36.656101 0.000020 -0.000046 -24.412964
1.187838 97.177086 6.866540 85.055672 -171.442627 176.688629 27.529734 -49.644794 -6.103052 89.012810 111.099075 102.730568 179.713181 -164.115967 -176.557983 10.968838 5.942080 1.543959 172.911179 169.001846 -179.599106 2.327424 -10.009246 1.840857 0.652691 6.190966 -0.839210 0.625336 6.078394 -1.420036 3.198856 4.530697 -1.540040 179.999985 -179.447662 -179.585098 179.999985 -179.355591 -179.570282 169.108887 -179.580704 -179.662781 7.666471 -0.760374 0.304056 19.365160 -7.678963 76.090523 178.943665 -174.711227 -178.616638 176.336975 178.964966 176.327942 46.877151 38.835052 7.756238 0.000008 -0.000016 9.504052 0.000011 -0.000011 6.329691 0.000003 -0.000000 0.000000 15.000016 -0.000015 30.462780 0.000014 -0.000001 24.924097 0.000024 -0.000003 17.446878 0.000003 -0.000000 0.000000 180.000000 179.999985 -143.662903 179.999985 179.999985 -143.662918 179.999985 180.000000 -155.799484 0.000003 -0.000000 0.000000 170.000046 -179.999924 -146.538910 0.000078 -0.000041 33.461109 0.000044 0.000011 22.285074 0.000003 -0.000000 0.000000 160.000015 179.999985 -160.556061 179.999985 179.999985 -150.834061 179.999985 179.999985 -160.575500 177.149292 -177.665512 179.973953 163.627777 -171.592651 98.876350 3.018815 3.766794 0.984947 10.295384 10.638225 2.837625 123.525635 126.919930 162.267731 180.000000 -179.999985 173.790939 180.000000 -179.999985 175.864746 0.000002 0.000002 -0.000003 165.000031 -179.999985 154.216690 0.000010 -0.000015 -21.095415 0.000011 -0.000007 -14.766797 0.000002 0.000002 -0.000003 0.000048 -0.000012 -32.172180 0.000047 -0.000027 -32.172184 0.000010 -0.000035 -21.426670 0.000002 0.000002 -0.000003 10.000030 -0.000003 -31.095720 0.000020 -0.000014 -31.095695 0.000006 -0.000013 -20.709732 0.000002 0.000002 -0.000003 20.000031 -0.000003 -24.406048 0.000046 -0.000021 -36.609077 0.000015 -0.000037 -24.381645
1.091405 97.204773 6.880053 85.063965 -171.465332 176.583374 28.270411 -50.691364 -6.779178 88.694138 110.755028 102.811523 179.590210 -164.013580 -176.553497 11.343379 6.052339 1.704846 172.783737 169.214661 -179.585403 2.090496 -9.957258 1.866506 0.643591 6.217112 -0.812742 0.615030 6.103737 -1.376262 3.143622 4.543291 -1.487098 179.999985 -179.469055 -179.597107 179.999985 -179.380569 -179.582703 169.152786 -179.597137 -179.673737 7.674336 -0.716781 0.286682 19.066732 -7.633370 76.063728 178.899124 -174.845398 -178.604355 176.309052 178.977661 176.332092 46.999489 38.899944 7.891963 0.000003 -0.000011 9.496513 0.000003 -0.000002 6.324663 0.000000 -0.000000 0.000000 14.999954 0.000102 30.428982 179.999908 179.999954 -155.103577 179.999939 179.999985 -162.572510 0.000000 -0.000000 0.000000 179.999985 179.999969 -143.659225 179.999969 179.999985 -143.659241 179.999985 -179.999985 -155.797073 0.000000 -0.000000 0.000000 170.000046 -179.999924 -146.557907 0.000081 -0.000058 33.442059 0.000051 0.000009 22.272415 0.000000 -0.000000 0.000000 160.000000 179.999985 -160.554245 179.999985 179.999985 -150.831345 179.999985 179.999985 -160.573669 177.149933 -177.698120 179.949280 163.551468 -171.591507 98.883438 2.969928 3.726244 0.982790 10.293091 10.653348 2.809996 123.572861 126.899490 162.301041 180.000000 -179.999985 173.786163 0.000000 0.000000 -4.138413 180.000000 180.000000 -180.000000 165.000000 179.999985 154.234268 180.000000 -179.999985 158.918945 180.000000 -179.999985 165.243256 180.000000 180.000000 -180.000000 179.999985 180.000000 147.889465 179.999985 180.000000 147.889435 180.000000 179.999985 158.614380 180.000000 180.000000 -180.000000 10.000005 0.000000 -31.077000 0.000005 -0.000013 -31.077000 0.000004 -0.000003 -20.697290 180.000000 180.000000 -180.000000 20.000002 -0.000011 -24.382874 0.000016 -0.000020 -36.574364 179.999985 -179.999985 155.641464
0.991479 97.231453 6.894223 85.071259 -171.495499 176.489639 29.052425 -51.673859 -7.461630 88.698761 110.483528 103.240997 179.494614 -163.972092 -176.536469 11.631259 6.156589 1.833504 172.619904 169.414612 -179.568054 1.977284 -9.915534 1.879084 0.635449 6.240311 -0.789471 0.605178 6.126195 -1.335029 3.090827 4.554267 -1.437525 179.999985 -179.490845 -179.607834 179.999969 -179.405991 -179.593811 169.200211 -179.614090 -179.683990 7.683977 -0.672306 0.271455 18.774487 -7.582129 76.049652 178.855652 -174.969635 -178.598221 176.280930 178.980301 176.339981 47.199768 39.012363 8.118612 179.999985 179.999985 -170.515823 179.999985 179.999985 -173.683548 0.000002 -0.000000 0.000000 14.999968 0.000074 30.468643 179.999954 179.999954 -155.071121 179.999954 179.999985 -162.549774 0.000002 -0.000000 0.000000 179.999985 179.999954 -143.653839 179.999954 179.999985 -143.653870 179.999985 -179.999985 -155.793488 0.000002 -0.000000 0.000000 170.000000 -179.999969 -146.588638 0.000034 -0.000017 33.411373 0.000014 0.000001 22.251951 0.000002 -0.000000 0.000000 159.999969 179.999969 -160.552444 179.999969 179.999939 -150.828720 179.999969 179.999985 -160.571930 177.153534 -177.730988 179.927322 163.475037 -171.584671 98.892471 2.926703 3.693847 0.980412 10.292529 10.657380 2.784689 123.624649 126.897781 162.342880 180.000000 -179.999985 173.779755 180.000000 -179.999985 175.857315 0.000000 -0.000000 0.000000 165.000000 179.999985 154.244904 0.000003 0.000004 -21.072353 180.000000 180.000000 165.249359 0.000000 -0.000000 0.000000 179.999985 179.999985 147.886826 0.000002 0.000017 -32.113140 180.000000 179.999985 158.612625 0.000000 -0.000000 0.000000 9.999992 0.000008 -31.063894 180.000000 -179.999985 148.936111 180.000000 180.000000 159.311462 0.000000 -0.000000 0.000000 20.000000 0.000001 -24.366919 0.000009 -0.000006 -36.550369 0.000004 -0.000001 -24.342548
0.871970 97.254181 6.908249 85.080948 -171.533157 176.401138 29.693346 -52.579426 -8.145720 89.139839 110.124954 104.024994 179.388367 -163.964600 -176.491989 11.812981 6.270097 1.943260 172.546951 169.610565 -179.546066 1.876381 -9.891930 1.889112 0.624554 6.260461 -0.763837 0.595866 6.145736 -1.296409 3.040754 4.563503 -1.391095 179.999985 -179.513153 -179.617554 179.999985 -179.432022 -179.603897 169.251999 -179.631561 -179.693726 7.695088 -0.627129 0.258147 18.525471 -7.529949 76.045761 178.796860 -175.055389 -178.602280 176.256042 178.979385 176.353989 47.268982 38.993721 8.185062 179.999985 179.999985 -170.509537 179.999985 179.999985 -173.679352 180.000000 -180.000000 179.999985 14.999968 0.000069 30.493711 179.999954 179.999985 -155.050613 179.999969 179.999985 -162.535431 180.000000 -180.000000 179.999985 179.999985 179.999939 -143.639160 179.999954 179.999969 -143.639160 179.999954 180.000000 -155.783661 180.000000 -180.000000 179.999985 170.000000 -179.999985 -146.604767 0.000009 -0.000006 33.395222 180.000000 180.000000 -157.758759 180.000000 -180.000000 179.999985 159.999985 179.999939 -160.542618 179.999939 179.999939 -150.813904 179.999939 179.999985 -160.562073 177.159439 -177.764236 179.908707 163.406403 -171.572235 98.901711 2.887532 3.664750 0.976917 10.293355 10.652795 2.763800 123.648857 126.907608 162.355072 0.000000 -0.000007 -6.228892 180.000000 180.000000 175.851562 0.000000 -0.000000 0.000000 165.000000 179.999985 154.245895 180.000000 180.000000 158.928452 0.000003 0.000006 -14.750095 0.000000 -0.000000 0.000000 179.999985 -180.000000 147.875107 180.000000 179.999985 147.875107 0.000005 0.000010 -21.395184 0.000000 -0.000000 0.000000 9.999995 -0.000004 -31.064507 180.000000 179.999985 148.935486 0.000002 0.000007 -20.688972 0.000000 -0.000000 0.000000 20.000002 -0.000000 -24.362087 180.000000 179.999985 143.456894 0.000004 -0.000003 -24.337721
0.746736 97.274033 6.923078 85.089005 -171.575836 176.322250 30.344042 -53.430492 -8.785177 89.829735 109.861877 105.058098 179.335846 -163.985062 -176.444092 11.939775 6.383713 2.034077 172.479309 169.799667 -179.524002 1.825602 -9.877029 1.893246 0.614185 6.278380 -0.739774 0.587038 6.163092 -1.259975 2.993229 4.571563 -1.347546 179.999985 -179.535873 -179.626862 179.999985 -179.458511 -179.613541 169.308990 -179.649414 -179.703247 7.707292 -0.581296 0.245939 18.286287 -7.474051 76.056023 178.736694 -175.141586 -178.616425 176.233124 178.980270 176.373138 47.342930 38.965046 8.264995 179.999985 179.999985 -170.495804 179.999985 179.999985 -173.670212 0.000003 0.000002 -0.000005 14.999989 0.000042 30.525190 179.999954 179.999985 -155.024841 179.999985 179.999985 -162.517395 0.000003 0.000002 -0.000005 179.999924 179.999802 -143.651566 179.999802 179.999893 -143.651550 179.999863 -179.999985 -155.791916 0.000003 0.000002 -0.000005 170.000015 -179.999985 -146.607117 0.000013 -0.000016 33.392879 0.000004 0.000001 22.239660 0.000003 0.000002 -0.000005 159.999985 179.999924 -160.518646 179.999939 179.999924 -150.777969 179.999954 179.999985 -160.538132 177.167191 -177.797989 179.893661 163.371124 -171.548218 98.909134 2.853679 3.635896 0.970840 10.295604 10.671655 2.752000 123.661316 126.924820 162.350967 180.000000 -180.000000 173.759186 0.000004 -0.000003 -4.156365 0.000002 -0.000002 -0.000000 164.999985 179.999985 154.259811 179.999985 179.999985 158.939835 0.000001 0.000018 -14.742125 0.000002 -0.000002 -0.000000 180.000000 179.999985 147.858658 180.000000 179.999985 147.858658 180.000000 180.000000 158.593872 0.000002 -0.000002 -0.000000 9.999995 -0.000004 -31.068636 0.000007 -0.000001 -31.068636 180.000000 179.999985 159.308289 0.000002 -0.000002 -0.000000 19.999998 -0.000000 -24.367048 180.000000 179.999985 143.449417 179.999985 -179.999985 155.657318
0.614068 97.290291 6.941525 85.095383 -171.627869 176.253326 30.860813 -54.209530 -9.397381 90.930405 109.588768 106.437057 179.325592 -164.040588 -176.390488 12.041181 6.493097 2.112570 172.563080 169.990555 -179.499054 1.647083 -9.865405 1.915036 0.603658 6.292357 -0.717448 0.578667 6.176576 -1.225776 2.948218 4.577203 -1.306730 179.999985 -179.558868 -179.636429 179.999985 -179.485352 -179.623459 169.371582 -179.667450 -179.713028 7.720474 -0.534344 0.233907 18.061090 -7.413193 76.076485 178.675705 -175.218964 -178.636078 176.211777 178.984634 176.396683 47.424953 38.942646 8.352152 179.999985 179.999985 -170.484085 179.999985 179.999985 -173.662399 180.000000 -180.000000 -180.000000 15.000002 0.000035 30.552898 179.999985 179.999985 -155.002182 179.999985 179.999985 -162.501526 180.000000 -180.000000 -180.000000 179.999985 179.999969 -143.517258 179.999969 179.999985 -143.517242 179.999985 -179.999985 -155.702484 180.000000 -180.000000 -180.000000 170.000000 179.999985 -146.613968 0.000007 -0.000006 33.386009 0.000003 -0.000001 22.235086 180.000000 -180.000000 -180.000000 160.000000 179.999939 -160.488052 179.999954 179.999924 -150.732071 179.999969 179.999985 -160.507553 177.176041 -177.832886 179.881866 163.377274 -171.508133 98.914742 2.827698 3.642405 0.959674 10.297397 10.678336 2.743074 123.650124 126.946579 162.328827 0.000000 -0.000002 -6.249959 0.000004 -0.000003 -4.162471 0.000002 -0.000002 -0.000000 165.000015 179.999985 154.180420 0.000012 0.000009 -21.125126 179.999985 -179.999985 165.212433 0.000002 -0.000002 -0.000000 180.000000 179.999985 147.845032 0.000006 0.000004 -32.154995 180.000000 179.999985 158.584778 0.000002 -0.000002 -0.000000 10.000003 0.000002 -31.073877 0.000001 0.000002 -31.073887 180.000000 179.999985 159.304810 0.000002 -0.000002 -0.000000 19.999996 -0.000000 -24.370178 180.000000 -180.000000 143.444702 180.000000 -180.000000 155.654190
0.474317 97.303627 6.961239 85.097710 -171.697525 176.195251 31.309235 -54.935688 -9.960179 92.371994 109.360626 108.108299 179.325928 -164.127991 -176.318130 12.133061 6.589259 2.174128 172.593933 170.173096 -179.477005 1.532688 -9.863870 1.929115 0.593373 6.299006 -0.696769 0.570817 6.182937 -1.194057 2.905604 4.577954 -1.269268 179.999985 -179.581955 -179.647064 179.999985 -179.512283 -179.634460 169.440872 -179.685455 -179.723404 7.735297 -0.486112 0.221390 17.846689 -7.348333 76.107635 178.613373 -175.282898 -178.659561 176.196014 178.977264 176.422119 47.499313 38.918869 8.434297 179.999985 179.999985 -170.470901 179.999985 179.999985 -173.653625 0.000000 -0.000000 0.000000 14.999980 0.000026 30.573084 179.999985 180.000000 -154.985657 179.999985 179.999985 -162.489975 0.000000 -0.000000 0.000000 179.999985 179.999985 -143.490204 179.999985 179.999985 -143.490219 179.999985 -179.999985 -155.684479 0.000000 -0.000000 0.000000 170.000000 -179.999985 -146.613174 0.000018 -0.000011 33.386829 0.000013 -0.000006 22.235622 0.000000 -0.000000 0.000000 160.000000 179.999954 -160.454041 179.999985 179.999954 -150.681076 179.999969 179.999985 -160.473602 177.185822 -177.869629 179.873688 163.415100 -171.456787 98.917793 2.804288 3.651495 0.945617 10.298001 10.673750 2.734716 123.619156 126.956467 162.285629 180.000000 180.000000 173.743103 180.000000 179.999985 175.832916 0.000000 0.000002 0.000000 165.000000 179.999985 154.156052 0.000000 -0.000002 -21.145048 0.000003 0.000001 -14.801542 0.000000 0.000002 0.000000 0.000009 0.000007 -32.174747 180.000000 -179.999985 147.825272 0.000000 -0.000003 -21.428377 0.000000 0.000002 0.000000 10.000008 -0.000006 -31.078365 0.000001 0.000011 -31.078362 0.000004 -0.000001 -20.698179 0.000000 0.000002 0.000000 20.000006 0.000008 -24.376581 0.000001 -0.000002 -36.564877 0.000006 0.000005 -24.352196
0.327447 97.314880 6.978087 85.095520 -171.784042 176.148209 31.768497 -55.627449 -10.433901 93.922264 109.330482 109.894508 179.369965 -164.237503 -176.240021 12.241157 6.670392 2.223749 172.560471 170.345886 -179.459229 1.468245 -9.872554 1.936988 0.583431 6.298293 -0.677847 0.563354 6.182062 -1.165058 2.865080 4.573870 -1.235427 179.999985 -179.604736 -179.659454 0.000005 -0.461151 0.352708 169.518280 -179.703003 -179.734787 7.749502 -0.434543 0.211227 17.658184 -7.282033 76.143585 178.548035 -175.324738 -178.684769 176.181778 178.972473 176.450668 47.564877 38.905678 8.507626 180.000000 179.999985 -170.461121 180.000000 180.000000 -173.647110 0.000002 -0.000002 0.000002 14.999997 -0.000006 30.591885 179.999985 179.999985 -154.970276 180.000000 179.999985 -162.479187 0.000002 -0.000002 0.000002 180.000000 179.999985 -143.470215 179.999985 179.999985 -143.470215 179.999985 -179.999985 -155.671158 0.000002 -0.000002 0.000002 170.000000 179.999954 -146.640259 179.999954 179.999969 -146.640274 179.999969 179.999985 -157.782394 0.000002 -0.000002 0.000002 160.000015 179.999985 -160.420135 179.999985 179.999969 -150.630188 179.999985 180.000000 -160.439713 177.196259 -177.908798 179.870300 163.488464 -171.397934 98.916054 2.776689 3.674909 0.929895 10.298366 10.668160 2.723499 123.590050 126.957191 162.248566 0.000002 -0.000002 -6.260052 180.000000 -180.000000 175.830795 0.000000 -0.000000 0.000000 165.000000 -180.000000 154.140884 0.000001 -0.000005 -21.157448 0.000013 0.000004 -14.810222 0.000000 -0.000000 0.000000 0.000001 0.000004 -32.184872 0.000000 0.000000 -32.184853 0.000000 -0.000001 -21.435116 0.000000 -0.000000 0.000000 10.000002 0.000001 -31.083179 180.000000 -179.999985 148.916840 0.000000 0.000000 -20.701380 0.000000 -0.000000 0.000000 20.000006 0.000007 -24.377325 180.000000 -180.000000 143.434052 180.000000 -179.999985 155.647064
0.175000 97.321014 6.992808 85.088440 -171.884583 176.112183 32.116673 -56.261658 -10.832210 95.738853 109.359589 111.879829 179.438080 -164.366455 -176.152756 12.322775 6.741741 2.259693 172.548706 170.512680 -179.446014 1.410302 -9.889284 1.943393 0.573721 6.291811 -0.660512 0.555870 6.175555 -1.138096 2.824639 4.565941 -1.204495 179.999985 -179.626083 -179.675461 179.999985 -179.563751 -179.663879 169.606903 -179.718903 -179.748138 7.761598 -0.379132 0.205245 17.481785 -7.215216 76.182304 178.488586 -175.368515 -178.713272 176.166077 178.978973 176.483963 47.626484 38.900143 8.581597 180.000000 179.999985 -170.451355 0.000000 -0.000000 6.359386 0.000000 -0.000000 0.000000 14.999993 -0.000001 30.598055 0.000005 -0.000003 25.034771 0.000004 0.000000 17.524342 0.000000 -0.000000 0.000000 180.000000 179.999985 -143.452194 180.000000 -179.999985 -143.452209 179.999985 179.999985 -155.659180 0.000000 -0.000000 0.000000 170.000000 -179.999985 -146.569992 0.000004 0.000001 33.430004 0.000012 -0.000009 22.264372 0.000000 -0.000000 0.000000 160.000000 179.999985 -160.398331 179.999985 179.999985 -150.597519 179.999985 179.999985 -160.417923 177.208969 -177.948608 179.870117 163.586136 -171.334930 98.910645 2.743322 3.700363 0.911711 10.298059 10.661273 2.707244 123.593010 126.941086 162.239334 180.000000 -180.000000 173.736725 180.000000 -180.000000 175.828644 0.000000 0.000002 0.000000 165.000015 179.999985 154.132401 179.999985 -179.999985 158.835602 180.000000 180.000000 165.184921 0.000000 0.000002 0.000000 180.000000 -179.999985 147.814011 0.000003 0.000001 -32.186008 180.000000 -179.999985 158.564133 0.000000 0.000002 0.000000 10.000005 0.000001 -31.081480 179.999985 179.999985 148.918533 179.999985 -179.999985 159.299744 0.000000 0.000002 0.000000 20.000004 -0.000009 -24.373129 0.000000 0.000000 -36.559696 0.000006 0.000005 -24.348763
0.018118 97.324066 7.004735 85.075699 -171.999329 176.087112 32.377876 -56.841457 -11.147302 97.690521 109.505180 113.959518 179.574463 -164.508377 -176.073746 12.437033 6.796712 2.290575 172.514343 170.667191 -179.438766 1.344487 -9.916530 1.948813 0.563998 6.280301 -0.644175 0.547827 6.164092 -1.112604 2.781711 4.554480 -1.175950 179.999985 -179.644653 -179.697266 179.999985 -179.585434 -179.686462 169.710190 -179.731812 -179.764496 7.773813 -0.324654 0.201096 17.310057 -7.145785 76.224838 178.430283 -175.401642 -178.739929 176.157349 178.972778 176.516037 47.681652 38.906231 8.646771 180.000000 180.000000 -170.446396 0.000002 -0.000000 6.362690 0.000003 0.000002 -0.000002 15.000012 0.000006 30.597450 179.999985 -180.000000 -154.965729 0.000003 -0.000001 17.523996 0.000003 0.000002 -0.000002 0.000002 0.000006 36.555161 0.000004 0.000001 36.555164 179.999985 179.999985 -155.654266 0.000003 0.000002 -0.000002 170.000015 -179.999985 -146.585693 0.000006 -0.000004 33.414314 180.000000 -180.000000 -157.746078 0.000003 0.000002 -0.000002 160.000015 179.999985 -160.381454 179.999985 179.999985 -150.572159 180.000000 179.999985 -160.401077 177.227020 -177.986572 179.870743 163.671509 -171.275208 98.904724 2.703049 3.713442 0.890261 10.296353 10.629668 2.682765 123.625465 126.909012 162.271561 0.000003 0.000002 -6.258537 180.000000 -179.999985 175.831818 0.000000 -0.000000 0.000000 165.000000 179.999985 154.131714 180.000000 -179.999985 158.835052 180.000000 179.999985 165.184540 0.000000 -0.000000 0.000000 180.000000 179.999985 147.823578 180.000000 -180.000000 147.823578 180.000000 180.000000 158.570511 0.000000 -0.000000 0.000000 10.000002 -0.000002 -31.071230 180.000000 -180.000000 148.928757 180.000000 179.999985 159.306564 0.000000 -0.000000 0.000000 20.000006 -0.000006 -24.357512 180.000000 179.999985 143.463745 180.000000 -179.999985 155.666840
-0.146692 97.323921 7.013349 85.056908 -172.128098 176.073471 32.552231 -57.371471 -11.370129 99.714294 109.763626 116.065170 179.766388 -164.663300 -175.999237 12.570894 6.836163 2.313574 172.456650 170.804016 -179.436951 1.285542 -9.959354 1.949823 0.554449 6.263451 -0.629064 0.539220 6.147434 -1.089364 2.736298 4.539413 -1.150762 179.999985 -179.659943 -179.725479 180.000000 -179.603256 -179.715698 169.827652 -179.741257 -179.784241 7.785133 -0.273758 0.199844 17.159124 -7.072914 76.267960 178.368744 -175.415649 -178.758774 176.155640 178.963043 176.543854 47.732174 38.917233 8.703096 0.000000 0.000002 9.554833 180.000000 179.999985 -173.636475 180.000000 180.000000 -179.999985 15.000006 -0.000008 30.598642 0.000001 -0.000009 25.035265 0.000000 0.000001 17.524685 180.000000 180.000000 -179.999985 179.999985 -179.999985 -143.440857 0.000000 -0.000000 36.559158 180.000000 -180.000000 -155.651596 180.000000 180.000000 -179.999985 170.000000 -179.999985 -146.604385 0.000004 0.000001 33.395618 180.000000 -180.000000 -157.758514 180.000000 180.000000 -179.999985 160.000000 -179.999985 -160.373016 180.000000 -179.999985 -150.559540 0.000004 0.000004 19.607355 177.250137 -178.023285 179.873627 163.776550 -171.215668 98.896179 2.653503 3.736275 0.864705 10.294168 10.586439 2.652792 123.670479 126.878410 162.324799 180.000000 -180.000000 173.749786 0.000002 0.000000 -4.162652 0.000000 -0.000000 0.000000 165.000000 -179.999985 154.151978 0.000000 -0.000001 -21.148375 180.000000 -180.000000 165.196136 0.000000 -0.000000 0.000000 180.000000 179.999985 147.845047 0.000003 0.000003 -32.154953 0.000004 -0.000001 -21.415199 0.000000 -0.000000 0.000000 10.000001 -0.000001 -31.047291 180.000000 180.000000 148.952698 0.000000 0.000000 -20.677492 0.000000 -0.000000 0.000000 19.999990 0.000000 -24.329006 180.000000 180.000000 143.506500 0.000003 0.000004 -24.304684
-0.309613 97.323914 7.022239 85.035133 -172.261871 176.059799 32.666328 -57.890797 -11.601821 101.698692 110.077751 118.135391 0.035565 -15.178581 4.057891 12.660206 6.874051 2.330541 172.439148 170.942688 -179.437088 1.232863 -10.002672 1.950886 0.546422 6.243795 -0.613996 0.531104 6.128046 -1.066441 2.692996 4.522474 -1.125857 179.999924 -179.676453 -179.752274 179.999939 -179.622528 -179.743439 169.947250 -179.751740 -179.803467 7.796318 -0.222638 0.199612 16.994959 -6.996760 76.316940 178.304474 -175.430435 -178.775909 176.154083 178.941101 176.569992 47.785416 38.928795 8.755885 0.000012 -0.000010 9.552837 0.000007 0.000003 6.362193 0.000000 -0.000000 0.000000 15.000031 -0.000046 30.594210 0.000039 -0.000016 25.031651 0.000038 -0.000002 17.522123 0.000000 -0.000000 0.000000 179.999985 179.999985 -143.441055 0.000002 0.000006 36.558949 0.000002 -0.000009 24.348242 0.000000 -0.000000 0.000000 170.000046 -179.999924 -146.626373 0.000070 -0.000048 33.373604 0.000056 -0.000000 22.226816 0.000000 -0.000000 0.000000 160.000015 -179.999985 -160.367325 0.000014 -0.000013 29.449013 0.000009 -0.000008 19.613075 177.272797 -178.064362 179.877701 163.893387 -171.146439 98.885406 2.609080 3.784030 0.840267 10.291054 10.518997 2.618504 123.712212 126.818748 162.362930 179.999985 -179.999985 173.757629 179.999985 -179.999985 175.842560 0.000000 -0.000000 0.000000 164.999985 179.999985 154.197342 179.999985 179.999985 158.888718 179.999985 179.999985 165.222107 0.000000 -0.000000 0.000000 0.000009 0.000004 -32.121525 0.000015 -0.000003 -32.121540 179.999985 -179.999985 158.607040 0.000000 -0.000000 0.000000 10.000021 0.000014 -31.020626 0.000031 -0.000004 -31.020679 0.000011 -0.000024 -20.659752 0.000000 -0.000000 0.000000 20.000053 0.000017 -24.227402 0.000112 -0.000024 -36.341122 0.000046 -0.000051 -24.203190
-0.495926 97.315186 7.030838 85.003983 -172.415421 176.070953 32.600945 -58.317070 -11.617598 104.081978 110.473747 120.452065 0.290298 -14.938793 4.140760 12.752726 6.903335 2.324570 172.393036 171.059692 -179.443069 1.211595 -10.073640 1.937350 0.537244 6.217155 -0.601969 0.521023 6.101732 -1.048975 2.641433 4.500757 -1.109316 179.999924 -179.684235 -179.795532 179.999939 -179.631638 -179.788254 170.092789 -179.753311 -179.831085 7.801526 -0.179270 0.209645 16.830700 -6.908714 76.380989 178.271469 -175.464310 -178.805420 176.154419 178.928055 176.597107 47.797207 38.929047 8.759878 180.000000 180.000000 -170.450806 180.000000 -180.000000 -173.640259 0.000002 0.000000 -0.000003 14.999997 -0.000008 30.573153 0.000001 0.000007 25.014408 0.000000 0.000002 17.510078 0.000002 0.000000 -0.000003 180.000000 179.999985 -143.443619 179.999985 180.000000 -143.443558 179.999985 -179.999985 -155.653427 0.000002 0.000000 -0.000003 170.000031 -179.999969 -146.654236 0.000028 -0.000001 33.345795 0.000021 0.000003 22.208288 0.000002 0.000000 -0.000003 160.000015 -179.999985 -160.371094 0.000008 0.000003 29.443388 0.000007 0.000002 19.609314 177.307495 -178.096252 179.887405 164.019638 -171.094803 98.870407 2.538442 3.815578 0.807396 10.290766 10.467254 2.583127 123.806931 126.848236 162.481339 179.999985 -179.999985 173.760956 179.999985 -179.999985 175.844788 0.000002 -0.000002 -0.000007 165.000015 -179.999985 154.222733 0.000015 -0.000005 -21.090509 0.000001 -0.000008 -14.763332 0.000002 -0.000002 -0.000007 0.000035 -0.000006 -32.116489 0.000042 -0.000010 -32.116512 0.000024 -0.000018 -21.389585 0.000002 -0.000002 -0.000007 10.000049 -0.000004 -31.034273 0.000048 -0.000013 -31.034262 0.000029 -0.000028 -20.668819 0.000002 -0.000002 -0.000007 20.000038 0.000003 -24.303402 0.000070 -0.000009 -36.455120 0.000032 -0.000035 -24.279099
-0.695729 97.302681 7.033041 84.970169 -172.576736 176.094620 32.526535 -58.709053 -11.507508 106.190460 111.071037 122.482819 0.654901 -14.691344 4.213068 12.876688 6.923813 2.311040 172.274612 171.155731 -179.451187 1.233402 -10.162219 1.910253 0.526450 6.188446 -0.591466 0.509667 6.073473 -1.034078 2.584401 4.477677 -1.096644 179.999969 -179.686020 -179.848328 179.999954 -179.633698 -179.842896 170.249863 -179.748947 -179.863480 7.803610 -0.140506 0.223656 16.677345 -6.819986 76.443230 178.244125 -175.483521 -178.832489 176.173355 178.906784 176.617874 47.814865 38.924610 8.768682 179.999985 179.999985 -170.453430 180.000000 179.999985 -173.641998 0.000000 -0.000000 0.000003 14.999991 0.000024 30.567142 179.999985 179.999985 -154.990570 179.999985 -179.999985 -162.493362 0.000000 -0.000000 0.000003 179.999985 179.999969 -143.440323 179.999969 179.999985 -143.440308 179.999985 -179.999985 -155.651276 0.000000 -0.000000 0.000003 170.000000 -179.999969 -146.666489 0.000008 0.000003 33.333492 0.000017 -0.000002 22.200113 0.000000 -0.000000 0.000003 160.000015 -180.000000 -160.374222 0.000003 -0.000003 29.438686 180.000000 -180.000000 -160.393845 177.347443 -178.123688 179.899918 164.127182 -171.065781 98.859955 2.443359 3.807882 0.765527 10.290801 10.385902 2.539835 123.859718 126.878181 162.577148 179.999985 -179.999985 173.775330 0.000002 -0.000002 -4.145636 0.000000 -0.000000 0.000003 165.000046 179.999985 154.225296 0.000037 -0.000012 -21.088366 0.000032 -0.000011 -14.761874 0.000000 -0.000000 0.000003 0.000065 0.000014 -32.124348 0.000053 -0.000024 -32.124355 0.000018 -0.000038 -21.394831 0.000000 -0.000000 0.000003 10.000056 0.000008 -31.060377 0.000049 -0.000024 -31.060398 0.000018 -0.000023 -20.686234 0.000000 -0.000000 0.000003 20.000051 0.000006 -24.327208 0.000070 -0.000022 -36.490822 0.000026 -0.000041 -24.302896
-0.903896 97.286163 7.031976 84.934921 -172.744400 176.131332 32.180920 -59.026352 -11.323652 108.742149 111.486160 124.797394 0.940994 -14.397846 4.283207 13.057667 6.933189 2.294248 172.160324 171.233124 -179.460526 1.193554 -10.264589 1.883060 0.513632 6.158638 -0.582473 0.497057 6.044083 -1.021485 2.521842 4.453827 -1.087638 179.999985 -179.678726 -179.911896 179.999939 -179.625198 -179.908722 170.415115 -179.735855 -179.901199 7.802510 -0.105838 0.239096 16.534990 -6.732742 76.502800 178.229752 -175.510422 -178.857834 176.200577 178.897369 176.635361 47.803082 38.909607 8.757090 180.000000 -180.000000 -170.449326 0.000003 0.000003 6.360737 0.000000 -0.000002 0.000000 14.999975 0.000021 30.573391 179.999985 179.999985 -154.985397 179.999985 180.000000 -162.489792 0.000000 -0.000002 0.000000 179.999985 179.999969 -143.430511 179.999969 179.999985 -143.430496 179.999969 -179.999985 -155.644714 0.000000 -0.000002 0.000000 170.000015 -179.999985 -146.675064 180.000000 -180.000000 -146.675064 0.000001 0.000007 22.194410 0.000000 -0.000002 0.000000 160.000000 180.000000 -160.378738 179.999985 179.999969 -150.568085 179.999985 -179.999985 -160.398361 177.388290 -178.151886 179.915100 164.229538 -171.049652 98.852737 2.325566 3.799520 0.715266 10.290606 10.295845 2.492110 123.897614 126.934067 162.644928 180.000000 -179.999985 173.778702 180.000000 179.999985 175.856628 180.000000 180.000000 -180.000000 165.000031 179.999985 154.205307 0.000041 -0.000017 -21.104717 0.000014 -0.000028 -14.773312 180.000000 180.000000 -180.000000 0.000144 0.000011 -32.117626 0.000137 -0.000069 -32.117626 0.000055 -0.000086 -21.390320 180.000000 180.000000 -180.000000 10.000039 0.000003 -31.094830 0.000043 -0.000013 -31.094830 0.000015 -0.000023 -20.709162 180.000000 180.000000 -180.000000 20.000051 -0.000000 -24.363825 0.000057 -0.000015 -36.545719 0.000022 -0.000039 -24.339476
-1.121275 97.265030 7.024901 84.899574 -172.917389 176.181320 31.888046 -59.306519 -11.028603 110.858604 112.133247 126.705421 1.324143 -14.091790 4.314965 13.183541 6.941553 2.259378 172.103149 171.293823 -179.470642 1.150600 -10.382093 1.848862 0.499137 6.128233 -0.574944 0.483220 6.014159 -1.010986 2.453890 4.429627 -1.081863 179.999969 -179.663010 -179.986465 179.999985 -179.606873 -179.985977 170.585938 -179.714813 -179.944412 7.798148 -0.073987 0.254305 16.391964 -6.648904 76.559715 178.220062 -175.512756 -178.875046 176.235504 178.866394 176.645294 47.807148 38.899460 8.752357 179.999985 -179.999985 -170.450684 179.999985 179.999985 -173.640152 0.000000 0.000000 -0.000003 14.999951 0.000022 30.575109 179.999969 179.999985 -154.983978 179.999969 180.000000 -162.488800 0.000000 0.000000 -0.000003 179.999985 179.999969 -143.419891 179.999954 -179.999985 -143.419861 179.999969 -179.999985 -155.637634 0.000000 0.000000 -0.000003 170.000000 179.999985 -146.681564 179.999985 179.999985 -146.681534 179.999985 -179.999985 -157.809921 0.000000 0.000000 -0.000003 159.999893 179.999741 -160.464127 179.999664 179.999725 -150.696198 179.999725 179.999954 -160.483658 177.426865 -178.181808 179.932037 164.328735 -171.039078 98.846581 2.191227 3.772634 0.660704 10.289535 10.192925 2.437921 123.909538 126.980324 162.676941 180.000000 -179.999985 173.779800 180.000000 -180.000000 175.857361 0.000002 -0.000000 0.000000 165.000046 179.999985 154.174286 0.000028 -0.000019 -21.130125 0.000015 -0.000013 -14.791075 0.000002 -0.000000 0.000000 0.000016 0.000006 -32.251472 0.000011 -0.000014 -32.251450 0.000012 -0.000010 -21.479490 0.000002 -0.000000 0.000000 10.000021 0.000003 -31.129568 0.000006 -0.000011 -31.129553 0.000012 -0.000008 -20.732292 0.000002 -0.000000 0.000000 20.000008 0.000005 -24.403412 0.000024 -0.000007 -36.605148 0.000013 -0.000011 -24.379023
-1.357105 97.237755 7.018439 84.866524 -173.094772 176.244125 31.484352 -59.516350 -10.667031 113.256943 112.666458 128.797607 1.576278 -13.793426 4.360535 13.323155 6.946431 2.208719 171.919922 171.328293 -179.478241 1.219195 -10.521013 1.794686 0.482658 6.097834 -0.568761 0.468062 5.984190 -1.002194 2.380156 4.405281 -1.078892 179.999985 -179.640717 179.928101 179.999985 -179.580856 179.925537 170.760635 -179.687378 -179.993393 7.790540 -0.044412 0.269023 16.243258 -6.568713 76.613068 178.233459 -175.554214 -178.889587 176.264557 178.864227 176.654785 47.832314 38.871098 8.767951 180.000000 179.999985 -170.446503 180.000000 -179.999985 -173.637375 0.000003 -0.000000 0.000000 14.999969 0.000034 30.590067 179.999969 179.999985 -154.971756 179.999985 -179.999985 -162.480225 0.000003 -0.000000 0.000000 179.999969 179.999969 -143.402374 179.999954 179.999985 -143.402374 179.999969 -179.999985 -155.625977 0.000003 -0.000000 0.000000 170.000000 179.999985 -146.681320 179.999985 179.999985 -146.681320 179.999985 -180.000000 -157.809769 0.000003 -0.000000 0.000000 159.999969 179.999969 -160.263565 179.999939 179.999969 -150.395370 179.999954 179.999985 -160.283279 177.461517 -178.213165 179.949951 164.417114 -171.034637 98.842293 2.042132 3.728950 0.602530 10.286839 10.073421 2.374508 123.826523 126.901733 162.601044 0.000061 0.000002 -6.199310 0.000034 -0.000004 -4.128728 0.000002 -0.000003 -0.000000 165.000015 -179.999985 154.146576 0.000025 -0.000006 -21.152790 0.000012 -0.000013 -14.806945 0.000002 -0.000003 -0.000000 0.000014 -0.000005 -32.268555 0.000007 0.000000 -32.268581 180.000000 -179.999985 158.509140 0.000002 -0.000003 -0.000000 10.000006 -0.000000 -31.147131 0.000002 -0.000012 -31.147152 180.000000 180.000000 159.255981 0.000002 -0.000003 -0.000000 20.000017 -0.000003 -24.422039 0.000010 -0.000004 -36.633049 0.000011 -0.000001 -24.397604
-1.604587 97.204910 7.016155 84.837303 -173.276443 176.319305 31.021528 -59.655186 -10.252512 115.574287 113.245728 130.790939 1.882691 -13.510195 4.378495 13.402221 6.954581 2.137770 171.841232 171.351364 -179.484970 1.237998 -10.672847 1.744598 0.464420 6.067401 -0.563801 0.451581 5.954190 -0.995022 2.300452 4.381001 -1.078570 179.999969 -179.612518 179.831985 0.000007 -0.452064 -0.174045 170.937119 -179.654205 179.951859 7.779561 -0.016755 0.283740 16.092579 -6.491731 76.660370 178.247711 -175.553528 -178.890549 176.301178 178.833817 176.654663 47.879353 38.853931 8.805770 180.000000 179.999985 -170.444733 180.000000 -180.000000 -173.636200 0.000002 -0.000000 0.000000 14.999958 0.000028 30.607618 179.999985 -179.999985 -154.957413 179.999969 -179.999985 -162.470184 0.000002 -0.000000 0.000000 179.999969 179.999969 -143.379517 179.999969 -179.999985 -143.379501 179.999985 -179.999985 -155.610748 0.000002 -0.000000 0.000000 169.999985 179.999985 -146.671844 179.999985 -179.999985 -146.671844 179.999985 -179.999985 -157.803452 0.000002 -0.000000 0.000000 159.999969 179.999969 -160.241226 179.999954 179.999985 -150.361847 179.999969 179.999985 -160.260971 177.491943 -178.244980 179.967987 164.512039 -171.033279 98.838356 1.880509 3.690439 0.541492 10.282377 9.936421 2.299717 123.899635 127.097527 162.690216 0.000005 -0.000001 -6.230141 0.000007 0.000000 -4.149270 0.000000 -0.000000 0.000000 165.000015 179.999985 154.123566 0.000011 -0.000004 -21.171627 0.000007 -0.000003 -14.820134 0.000000 -0.000000 0.000000 0.000005 0.000002 -32.274376 0.000001 -0.000003 -32.274410 180.000000 -179.999985 158.505264 0.000000 -0.000000 0.000000 10.000001 -0.000001 -31.145987 0.000008 -0.000005 -31.146004 180.000000 -179.999985 159.256775 0.000000 -0.000000 0.000000 19.999992 -0.000016 -24.425322 0.000010 0.000002 -36.638004 0.000004 -0.000001 -24.400898
-1.858682 97.168060 7.027103 84.812843 -173.464920 176.406326 30.513063 -59.720352 -9.809213 118.165031 113.719772 132.990021 2.059900 -13.229343 4.390300 13.420021 6.963838 2.048659 172.027573 171.374359 -179.494873 1.042632 -10.829255 1.726151 0.444735 6.035924 -0.559988 0.433780 5.923164 -0.989612 2.214876 4.355828 -1.081073 179.999985 -179.579330 179.725952 179.999969 -179.509262 179.716187 171.112900 -179.616211 179.891586 7.764869 0.009450 0.299422 15.936513 -6.417162 76.701332 178.279953 -175.577621 -178.885559 176.332611 178.824646 176.654236 47.932087 38.836060 8.848623 0.000002 -0.000004 9.557080 0.000002 -0.000000 6.365001 0.000005 -0.000000 0.000002 14.999973 0.000020 30.627691 179.999969 -179.999985 -154.940979 180.000000 -179.999985 -162.458694 0.000005 -0.000000 0.000002 179.999985 179.999969 -143.360214 179.999969 -179.999985 -143.360168 179.999985 -179.999985 -155.597916 0.000005 -0.000000 0.000002 170.000000 179.999985 -146.657440 179.999985 180.000000 -146.657410 179.999985 -179.999985 -157.793839 0.000005 -0.000000 0.000002 160.000000 179.999969 -160.212662 179.999954 179.999985 -150.319000 179.999985 -179.999985 -160.232437 177.518402 -178.276550 179.985504 164.591110 -171.037201 98.837814 1.709491 3.637193 0.479471 10.276944 9.796443 2.214610 123.886543 127.078896 162.654236 180.000000 180.000000 173.762299 0.000003 0.000000 -4.154320 0.000000 -0.000000 0.000000 165.000015 -180.000000 154.113678 0.000015 -0.000003 -21.179710 180.000000 -179.999985 165.174210 0.000000 -0.000000 0.000000 0.000001 0.000001 -32.278671 0.000014 -0.000010 -32.278671 0.000001 -0.000003 -21.497578 0.000000 -0.000000 0.000000 10.000001 -0.000009 -31.153746 0.000012 0.000002 -31.153767 0.000004 -0.000004 -20.748390 0.000000 -0.000000 0.000000 20.000000 0.000002 -24.427118 0.000012 -0.000003 -36.640678 0.000004 -0.000001 -24.402706
-2.124154 97.126137 7.037116 84.795334 -173.657089 176.503693 30.020399 -59.714664 -9.339895 120.473694 114.316284 134.938568 2.321259 -12.943948 4.357316 13.546262 6.962952 1.953017 171.915268 171.367661 -179.498962 1.034450 -11.006079 1.680360 0.423764 6.004267 -0.556974 0.414558 5.891957 -0.985799 2.122961 4.330490 -1.086268 179.999985 -179.542084 179.611160 179.999985 -179.465759 179.597275 171.287094 -179.574341 179.826355 7.746065 0.034253 0.316846 15.749739 -6.343217 76.741386 178.326675 -175.622025 -178.874985 176.368134 178.806000 176.648285 47.980076 38.804039 8.881948 0.000023 -0.000000 9.560490 0.000014 0.000006 6.367281 0.000000 -0.000000 0.000000 14.999984 0.000011 30.652185 179.999985 179.999985 -154.920929 180.000000 -179.999985 -162.444672 0.000000 -0.000000 0.000000 179.999985 179.999985 -143.336960 179.999985 -179.999985 -143.336975 179.999985 -180.000000 -155.582413 0.000000 -0.000000 0.000000 170.000000 179.999985 -146.645111 179.999985 179.999985 -146.645111 0.000002 -0.000007 22.214371 0.000000 -0.000000 0.000000 159.999985 179.999985 -160.184296 179.999985 179.999985 -150.276459 179.999985 -179.999985 -160.204117 177.541718 -178.306900 -179.998291 164.647919 -171.046814 98.842628 1.531798 3.566688 0.417804 10.271822 9.654511 2.120348 123.884850 127.077049 162.645157 180.000000 -180.000000 173.758987 180.000000 -179.999985 175.843475 0.000000 0.000000 -0.000003 165.000015 179.999985 154.104767 0.000009 -0.000013 -21.187000 0.000001 -0.000008 -14.830897 0.000000 0.000000 -0.000003 0.000019 -0.000009 -32.283222 0.000007 -0.000011 -32.283199 0.000008 -0.000006 -21.500616 0.000000 0.000000 -0.000003 10.000010 -0.000014 -31.156376 0.000010 -0.000003 -31.156416 180.000000 -179.999985 159.249832 0.000000 0.000000 -0.000003 20.000017 -0.000001 -24.430424 0.000008 -0.000012 -36.645638 0.000006 -0.000013 -24.405993
-2.398619 97.080299 7.048258 84.787376 -173.846054 176.609161 29.562353 -59.628376 -8.855478 122.805298 114.911812 136.898666 2.487113 -12.631604 4.301965 13.662150 6.967929 1.848569 171.816544 171.350342 -179.503983 1.013119 -11.192665 1.637359 0.401570 5.974804 -0.554339 0.393893 5.862911 -0.983023 2.024658 4.306568 -1.093266 180.000000 -179.501617 179.488800 179.999985 -179.418564 179.470551 171.458206 -179.529526 179.756760 7.722392 0.057729 0.336406 15.565988 -6.269533 76.774529 178.384842 -175.686386 -178.859879 176.396896 178.809647 176.646820 48.021996 38.777565 8.896566 0.000041 -0.000005 9.555738 0.000023 0.000000 6.364139 0.000000 -0.000000 0.000000 15.000004 -0.000007 30.668375 180.000000 180.000000 -154.907700 0.000007 -0.000000 17.564611 0.000000 -0.000000 0.000000 180.000000 -180.000000 -143.322479 0.000005 0.000003 36.677505 179.999985 179.999985 -155.572784 0.000000 -0.000000 0.000000 170.000000 -179.999985 -146.634125 180.000000 180.000000 -146.634140 0.000001 0.000005 22.221670 0.000000 -0.000000 0.000000 160.000000 179.999985 -160.157227 179.999985 179.999985 -150.235825 179.999985 -180.000000 -160.177078 177.561142 -178.337585 -179.981216 164.716507 -171.054153 98.847733 1.349169 3.506018 0.356984 10.268167 9.527617 2.023123 123.923813 127.095871 162.696320 180.000000 180.000000 173.760361 180.000000 180.000000 175.844391 180.000000 180.000000 -180.000000 165.000015 -179.999985 154.090164 0.000011 -0.000005 -21.198967 0.000008 -0.000006 -14.839283 180.000000 180.000000 -180.000000 0.000015 0.000003 -32.295223 0.000008 -0.000004 -32.295216 0.000005 -0.000007 -21.508623 180.000000 180.000000 -180.000000 10.000017 0.000014 -31.164627 0.000013 -0.000007 -31.164593 0.000008 -0.000004 -20.755632 180.000000 180.000000 -180.000000 20.000004 -0.000002 -24.438564 0.000018 -0.000007 -36.657887 0.000008 -0.000007 -24.414145
-2.678996 97.030998 7.057484 84.789726 -174.033829 176.720947 29.138475 -59.455982 -8.384279 125.370880 115.435883 139.059387 2.459636 -12.280493 4.235380 13.829552 6.973534 1.743204 171.650818 171.323196 -179.505981 0.998104 -11.386361 1.591234 0.377723 5.946969 -0.551454 0.371163 5.835444 -0.980497 1.916560 4.283462 -1.101504 180.000000 -179.458603 179.360229 180.000000 -179.368362 179.337387 171.629898 -179.482407 179.683441 7.700715 0.076435 0.354300 15.368993 -6.193097 76.807793 178.447906 -175.757904 -178.840149 176.420044 178.805176 176.651688 48.066803 38.835697 8.894173 179.999954 179.999985 -170.483780 179.999969 -179.999985 -173.662216 0.000003 -0.000000 0.000000 15.000017 -0.000006 30.670275 0.000012 -0.000001 25.093876 0.000001 0.000004 17.565712 0.000003 -0.000000 0.000000 0.000007 -0.000001 36.679493 0.000006 -0.000003 36.679489 0.000007 0.000002 24.428530 0.000003 -0.000000 0.000000 170.000000 -180.000000 -146.632202 0.000010 -0.000008 33.367767 179.999985 179.999985 -157.777054 0.000003 -0.000000 0.000000 160.000000 179.999985 -160.147354 180.000000 179.999985 -150.221024 180.000000 179.999985 -160.167206 177.581451 -178.369522 -179.961548 164.749741 -171.062149 98.856590 1.163990 3.427889 0.297882 10.266153 9.407788 1.926003 124.028206 127.190895 162.853485 0.000003 0.000004 -6.234311 180.000000 -179.999985 175.847946 180.000000 180.000000 179.999985 165.000015 -179.999985 154.068024 0.000011 -0.000001 -21.217075 0.000005 -0.000010 -14.851953 180.000000 180.000000 179.999985 0.000015 -0.000003 -32.315105 0.000005 -0.000006 -32.315083 0.000004 -0.000005 -21.521854 180.000000 180.000000 179.999985 10.000010 -0.000001 -31.183697 0.000010 -0.000011 -31.183689 0.000001 -0.000007 -20.768347 180.000000 180.000000 179.999985 20.000011 0.000006 -24.458942 0.000028 -0.000009 -36.688438 0.000008 -0.000007 -24.434492
-2.970808 96.978989 7.062831 84.802559 -174.223602 176.837875 28.723465 -59.203568 -7.931719 127.832359 116.014481 141.130997 2.449826 -11.855968 4.131644 13.926465 6.990072 1.624661 171.538239 171.297226 -179.503342 0.990578 -11.585846 1.539846 0.353542 5.918516 -0.548470 0.347697 5.807367 -0.978936 1.805363 4.259950 -1.111159 180.000000 -179.415375 179.227341 179.999985 -179.317947 179.199768 171.787796 -179.435150 179.607361 7.675591 0.089111 0.370530 15.178776 -6.111806 76.841667 178.507294 -175.820374 -178.814346 176.438431 178.795944 176.659271 48.030617 38.462051 8.732919 0.000037 0.000007 9.562388 0.000027 0.000002 6.368552 0.000000 0.000000 -0.000002 15.000014 -0.000017 30.661224 180.000000 179.999985 -154.913559 0.000011 0.000005 17.560509 0.000000 0.000000 -0.000002 0.000007 -0.000001 36.675407 0.000005 0.000004 36.675392 0.000001 0.000007 24.425804 0.000000 0.000000 -0.000002 170.000000 180.000000 -146.637802 0.000014 -0.000001 33.362160 0.000007 0.000002 22.219206 0.000000 0.000000 -0.000002 160.000015 179.999985 -160.142471 0.000003 0.000005 29.786308 0.000004 0.000003 19.837685 177.596710 -178.401917 -179.939407 164.771225 -171.069717 98.868866 0.977793 3.344886 0.240509 10.265486 9.299704 1.834150 123.927483 127.064224 162.706894 180.000000 -180.000000 173.769608 180.000000 -180.000000 175.850555 0.000002 -0.000002 -0.000000 165.000015 -180.000000 154.043900 0.000014 0.000001 -21.236816 0.000000 -0.000003 -14.865770 0.000002 -0.000002 -0.000000 0.000007 0.000001 -32.338219 0.000005 -0.000006 -32.338219 0.000008 -0.000004 -21.537258 0.000002 -0.000002 -0.000000 10.000010 -0.000014 -31.214661 0.000011 -0.000006 -31.214685 0.000001 -0.000007 -20.788969 0.000002 -0.000002 -0.000000 20.000017 -0.000009 -24.493769 0.000013 -0.000008 -36.740639 0.000011 -0.000005 -24.469276
-3.277251 96.925392 7.067921 84.827667 -174.414383 176.957993 28.271215 -58.871655 -7.492718 130.241684 116.631111 143.148758 2.460763 -11.308660 4.003441 13.985424 7.018991 1.496985 171.453156 171.276505 -179.492752 0.982893 -11.788889 1.483501 0.328655 5.888837 -0.545190 0.323726 5.778090 -0.978376 1.691872 4.235472 -1.122313 180.000000 -179.373779 179.090637 179.999985 -179.269440 179.058167 171.940262 -179.389389 179.528564 7.646182 0.100301 0.388066 14.999591 -6.027291 76.875107 178.563309 -175.879181 -178.787399 176.451950 178.784470 176.667892 48.138252 38.530319 8.769676 0.000028 -0.000004 9.509820 0.000019 -0.000001 6.333534 0.000003 -0.000000 0.000002 14.999934 0.000052 30.609352 179.999939 179.999985 -154.955978 179.999954 -179.999985 -162.469193 0.000003 -0.000000 0.000002 0.000003 -0.000008 36.663864 0.000005 0.000003 36.663864 0.000001 0.000004 24.418129 0.000003 -0.000000 0.000002 170.000000 -179.999985 -146.650345 0.000009 -0.000005 33.349659 0.000010 -0.000000 22.210869 0.000003 -0.000000 0.000002 160.000015 -179.999985 -160.145050 180.000000 179.999985 -150.217575 180.000000 -179.999985 -160.164917 177.607635 -178.434540 -179.916092 164.771500 -171.080139 98.888214 0.792175 3.251372 0.184817 10.265228 9.203362 1.750973 123.949982 127.129532 162.773605 180.000000 -180.000000 173.778854 180.000000 179.999985 175.856720 180.000000 179.999985 179.999985 165.000015 179.999985 154.009659 0.000000 -0.000002 -21.264812 180.000000 -179.999985 165.114639 180.000000 179.999985 179.999985 0.000008 0.000002 -32.370998 0.000005 -0.000005 -32.370987 180.000000 -179.999985 158.440918 180.000000 179.999985 179.999985 10.000010 0.000007 -31.251278 0.000003 -0.000003 -31.251265 0.000000 -0.000002 -20.813349 180.000000 179.999985 179.999985 20.000008 0.000003 -24.538836 0.000009 -0.000001 -36.808277 180.000000 -179.999985 155.485687
-3.596921 96.870255 7.071994 84.866890 -174.604996 177.079300 27.799530 -58.460312 -7.065614 132.294128 117.389038 144.856857 2.635365 -10.646325 3.824261 14.015436 7.061923 1.365997 171.410614 171.268326 -179.475952 0.948456 -11.989979 1.426884 0.302839 5.858284 -0.541021 0.299416 5.747951 -0.977581 1.576735 4.210289 -1.133228 180.000000 -179.334671 178.952759 180.000000 -179.223801 178.915375 172.082565 -179.346039 179.448654 7.611757 0.113096 0.406326 14.789778 -5.940857 76.916100 178.625977 -175.974335 -178.769760 176.456543 178.774765 176.681625 48.171692 38.504879 8.716779 0.000017 -0.000005 9.474998 0.000011 0.000005 6.310350 0.000000 -0.000000 0.000000 15.000012 -0.000003 30.759525 180.000000 -180.000000 -154.833115 0.000001 0.000005 17.616814 0.000000 -0.000000 0.000000 0.000001 -0.000004 36.653805 0.000003 -0.000002 36.653782 179.999985 179.999985 -155.588562 0.000000 -0.000000 0.000000 170.000015 -179.999985 -146.658676 179.999985 179.999985 -146.658691 0.000001 0.000005 22.205315 0.000000 -0.000000 0.000000 160.000015 179.999985 -160.144119 179.999985 180.000000 -150.216217 0.000000 -0.000000 19.835999 177.612228 -178.467529 -179.892944 164.768829 -171.089340 98.912811 0.608677 3.166344 0.130253 10.263968 9.112607 1.676938 123.944359 127.184021 162.798599 0.000004 -0.000002 -6.215832 0.000003 0.000000 -4.139739 0.000000 0.000002 0.000003 165.000015 -180.000000 153.970093 180.000000 -179.999985 158.702805 0.000007 -0.000003 -14.908044 0.000000 0.000002 0.000003 0.000001 0.000001 -32.406261 0.000000 0.000000 -32.406273 0.000004 -0.000000 -21.582586 0.000000 0.000002 0.000003 10.000004 0.000004 -31.298195 0.000001 0.000002 -31.298204 0.000004 -0.000001 -20.844606 0.000000 0.000002 0.000003 19.999998 -0.000002 -24.592232 0.000010 -0.000009 -36.888363 180.000000 -179.999985 155.432343
-3.927719 96.813980 7.074315 84.921242 -174.794586 177.199997 27.318989 -57.967869 -6.654483 134.328735 118.169624 146.544861 2.796843 -9.876079 3.574889 14.029819 7.115462 1.237041 171.377075 171.267822 -179.454926 0.906397 -12.190668 1.368938 0.275844 5.827114 -0.535315 0.274514 5.717203 -0.975387 1.458521 4.184522 -1.142435 0.000002 -0.701404 -1.183771 180.000000 -179.181686 178.773941 172.213364 -179.305710 179.369095 7.575730 0.127658 0.422032 14.576020 -5.854969 76.957596 178.682541 -176.088394 -178.753922 176.453842 178.771408 176.698486 48.227154 38.484116 8.694128 0.000007 -0.000001 9.443519 0.000007 -0.000000 6.289378 0.000000 -0.000000 0.000000 14.999993 -0.000001 30.752653 0.000000 0.000002 25.161268 180.000000 -179.999985 -162.387115 0.000000 -0.000000 0.000000 0.000001 -0.000002 36.648346 0.000001 0.000002 36.648350 0.000003 -0.000002 24.407785 0.000000 -0.000000 0.000000 170.000000 -180.000000 -146.666367 179.999985 179.999985 -146.666367 0.000003 -0.000002 22.200195 0.000000 -0.000000 0.000000 160.000015 180.000000 -160.136139 180.000000 179.999985 -150.204193 180.000000 -179.999985 -160.155991 177.613434 -178.500320 -179.872299 164.741135 -171.098892 98.946068 0.429343 3.066227 0.077351 10.260555 9.027514 1.611725 123.903214 127.226616 162.767288 180.000000 180.000000 173.782440 0.000003 0.000000 -4.140901 0.000000 -0.000000 0.000000 165.000000 179.999985 153.922302 180.000000 -179.999985 158.663712 0.000010 -0.000000 -14.935414 0.000000 -0.000000 0.000000 0.000005 0.000001 -32.441639 0.000003 0.000003 -32.441639 180.000000 -179.999985 158.393875 0.000000 -0.000000 0.000000 10.000002 0.000001 -31.342897 0.000000 0.000000 -31.342892 0.000001 -0.000005 -20.874369 0.000000 -0.000000 0.000000 20.000006 0.000004 -24.644056 0.000001 -0.000007 -36.966095 0.000004 -0.000004 -24.619413
-4.242456 96.759201 7.075241 84.987091 -174.961655 177.323151 26.768610 -57.368637 -6.181994 136.441238 118.991951 148.337555 2.968330 -9.053088 3.237266 14.125446 7.173293 1.119018 171.338272 171.254715 -179.431076 0.777231 -12.388286 1.319075 0.247135 5.804196 -0.529042 0.247901 5.694567 -0.973137 1.332160 4.164153 -1.152089 179.999954 -179.263016 178.677353 179.999954 -179.140198 178.630112 172.341187 -179.265656 179.287964 7.538504 0.141834 0.435528 14.371813 -5.773757 76.991959 178.732651 -176.190704 -178.728943 176.450958 178.766953 176.713501 48.288967 38.473980 8.677749 0.000053 -0.000006 9.409002 0.000037 0.000007 6.266380 0.000003 0.000002 -0.000003 14.999997 -0.000020 30.751720 0.000005 0.000006 25.160492 0.000004 0.000005 17.612318 0.000003 0.000002 -0.000003 179.999985 179.999985 -143.230789 179.999985 179.999985 -143.230804 179.999985 179.999985 -155.511719 0.000003 0.000002 -0.000003 170.000000 -179.999969 -146.667419 0.000027 -0.000029 33.332558 0.000010 -0.000000 22.199484 0.000003 0.000002 -0.000003 160.000000 179.999924 -160.126083 179.999969 179.999908 -150.189133 179.999954 179.999969 -160.145950 177.612030 -178.536438 -179.851532 164.716187 -171.116989 98.983070 0.240427 2.969038 0.020704 10.256718 8.930256 1.546069 123.827835 127.278664 162.688263 179.999985 179.999985 173.773224 179.999985 -179.999985 175.852966 180.000000 179.999985 -180.000000 165.000000 179.999985 153.854080 179.999985 180.000000 158.607880 180.000000 -180.000000 165.025528 180.000000 179.999985 -180.000000 179.999985 180.000000 147.514023 180.000000 179.999985 147.514023 0.000011 0.000014 -21.635654 180.000000 179.999985 -180.000000 9.999999 0.000010 -31.403164 0.000002 -0.000001 -31.403168 180.000000 -179.999985 159.085495 180.000000 179.999985 -180.000000 19.999990 0.000003 -24.716013 0.000015 0.000005 -37.074013 180.000000 -179.999985 155.308701
-4.603188 96.701500 7.053968 85.069824 -175.176559 177.435074 26.184992 -56.717117 -5.763327 138.409988 119.841423 149.865067 3.086638 -8.358541 3.006896 14.119211 7.221593 0.994362 171.202103 171.261856 -179.399567 0.834086 -12.595654 1.245914 0.219895 5.760821 -0.518874 0.223202 5.651803 -0.965462 1.213664 4.129531 -1.154093 179.999985 -179.234589 178.546463 179.999954 -179.107025 178.494568 172.446213 -179.232803 179.210861 7.502915 0.157595 0.441034 14.142287 -5.687816 77.036842 178.760620 -176.334564 -178.705994 176.441925 178.763428 176.726746 48.380878 38.476421 8.722737 0.000020 -0.000007 9.387294 0.000016 -0.000001 6.251927 0.000000 -0.000000 0.000000 15.000010 0.000026 30.744171 0.000004 -0.000011 25.154285 179.999985 -179.999985 -162.392014 0.000000 -0.000000 0.000000 179.999985 179.999985 -143.229568 179.999985 179.999985 -143.229599 179.999985 -180.000000 -155.510910 0.000000 -0.000000 0.000000 170.000000 -179.999985 -146.677734 0.000020 -0.000017 33.322216 0.000020 -0.000004 22.192612 0.000000 -0.000000 0.000000 160.000000 179.999939 -160.108063 179.999985 179.999908 -150.162125 179.999954 179.999954 -160.127960 177.600876 -178.566956 -179.841064 164.708542 -171.108780 99.026535 0.079962 2.908740 -0.025928 10.245947 8.852777 1.494980 123.716599 127.220253 162.523682 179.999985 179.999985 173.761154 179.999985 180.000000 175.844910 180.000000 -179.999985 -179.999985 165.000000 179.999985 153.840729 179.999985 179.999985 158.596970 0.000003 0.000006 -14.982138 180.000000 -179.999985 -179.999985 179.999985 179.999985 147.506165 179.999985 179.999985 147.506180 0.000004 0.000016 -21.640879 180.000000 -179.999985 -179.999985 9.999987 0.000009 -31.425007 179.999985 179.999985 148.574997 0.000005 0.000013 -20.929050 180.000000 -179.999985 -179.999985 19.999979 0.000016 -24.739428 179.999969 179.999985 142.890869 0.000001 0.000026 -24.714653
-4.987016 96.640549 7.031702 85.154068 -175.417038 177.541855 25.746473 -56.156342 -5.468929 140.065033 120.662315 151.010254 3.107805 -7.658815 2.881828 14.057303 7.269089 0.868095 171.027710 171.285645 -179.367584 0.984284 -12.807151 1.164750 0.194358 5.705578 -0.507674 0.200423 5.597492 -0.955875 1.103513 4.086782 -1.152800 179.999954 -179.210571 178.421432 179.999969 -179.078995 178.365067 172.544022 -179.204437 179.136765 7.465487 0.174009 0.447023 13.934294 -5.596442 77.080444 178.770004 -176.474182 -178.683701 176.429123 178.761826 176.741333 48.438526 38.484718 8.759190 0.000001 -0.000003 9.375710 180.000000 179.999985 -173.755783 0.000000 0.000002 0.000000 14.999999 0.000009 30.746798 180.000000 179.999985 -154.843567 0.000000 0.000001 17.609529 0.000000 0.000002 0.000000 179.999985 179.999985 -143.224121 179.999985 179.999985 -143.224106 179.999985 179.999985 -155.507263 0.000000 0.000002 0.000000 170.000000 179.999619 -146.793777 179.999786 179.999680 -146.793777 179.999786 179.999893 -157.884628 0.000000 0.000002 0.000000 160.000015 179.999939 -160.090652 179.999985 179.999893 -150.136002 179.999954 179.999954 -160.110565 177.591400 -178.593460 -179.833939 164.695770 -171.087662 99.072685 179.936966 177.130203 179.933319 10.232566 8.771571 1.447611 123.568008 127.108345 162.302292 180.000000 180.000000 173.750519 179.999985 179.999985 175.837860 180.000000 180.000000 -179.999985 164.999985 179.999985 153.851944 180.000000 179.999985 158.606155 180.000000 179.999985 165.024307 180.000000 180.000000 -179.999985 179.999985 179.999985 147.517914 179.999985 179.999985 147.517883 179.999985 179.999985 158.366928 180.000000 180.000000 -179.999985 9.999968 0.000015 -31.421412 180.000000 179.999969 148.578629 179.999985 179.999985 159.073364 180.000000 180.000000 -179.999985 19.999937 0.000017 -24.740082 179.999954 179.999939 142.889832 180.000000 179.999954 155.284637
-5.380725 96.575058 7.015906 85.233955 -175.663696 177.645172 25.585220 -55.690746 -5.473591 141.468155 121.322258 152.011612 2.996978 -6.980238 2.768757 14.039564 7.324712 0.761986 170.977234 171.332611 -179.348480 0.964894 -13.013063 1.119800 0.170675 5.644239 -0.496742 0.180141 5.537132 -0.946012 1.004983 4.040009 -1.149816 179.999985 -179.191757 178.305176 179.999969 -179.057068 178.244644 172.629105 -179.181213 179.067520 7.428905 0.200787 0.458478 13.734093 -5.503328 77.123207 178.761200 -176.611801 -178.665512 176.414780 178.749496 176.757858 48.505871 38.474716 8.803579 179.999985 179.999985 -170.631058 179.999985 180.000000 -173.760284 0.000002 -0.000000 0.000002 15.000009 -0.000002 30.746902 179.999985 179.999985 -154.843445 179.999985 179.999985 -162.390396 0.000002 -0.000000 0.000002 180.000000 179.999985 -143.218262 179.999985 179.999985 -143.218246 179.999985 179.999985 -155.503357 0.000002 -0.000000 0.000002 170.000000 -179.999969 -146.575027 0.000010 -0.000021 33.424976 0.000003 -0.000001 22.261034 0.000002 -0.000000 0.000002 160.000015 179.999939 -160.072128 179.999985 179.999863 -150.108185 179.999985 179.999939 -160.092041 177.587570 -178.618896 -179.825897 164.682205 -171.059769 99.121567 179.804214 177.151672 179.893448 10.217566 8.693935 1.404650 123.462646 126.957779 162.128143 180.000000 179.999985 173.747620 180.000000 179.999985 175.835892 180.000000 -179.999985 -179.999985 164.999969 179.999985 153.877365 180.000000 179.999985 158.626938 180.000000 179.999985 165.038864 180.000000 -179.999985 -179.999985 179.999985 179.999985 147.549774 179.999985 179.999969 147.549774 0.000009 0.000026 -21.611845 180.000000 -179.999985 -179.999985 9.999951 0.000015 -31.392557 179.999985 179.999969 148.607468 180.000000 179.999969 159.092560 180.000000 -179.999985 -179.999985 19.999954 0.000029 -24.700882 179.999954 179.999908 142.948654 179.999985 179.999939 155.323822
-5.782267 96.510933 7.004004 85.303978 -175.909470 177.747330 25.780964 -55.290558 -5.791616 142.449570 121.833687 152.846222 3.194488 -6.353251 2.560880 14.186901 7.389921 0.682309 170.918701 171.399490 -179.334335 0.794578 -13.211102 1.105341 0.149424 5.582184 -0.486052 0.163546 5.476154 -0.936458 0.923854 3.993328 -1.145513 0.000004 -0.827483 -1.802524 179.999985 -179.034592 178.133102 172.714417 -179.158478 179.003387 7.390136 0.244154 0.473953 13.535004 -5.418309 77.162460 178.742615 -176.757965 -178.657043 176.395615 178.726700 176.779602 48.547207 38.464645 8.845085 179.999985 179.999985 -170.626877 179.999985 179.999985 -173.757492 180.000000 180.000000 -179.999985 15.000002 0.000020 30.750320 180.000000 179.999985 -154.840652 180.000000 -180.000000 -162.388458 180.000000 180.000000 -179.999985 0.000001 0.000036 36.790958 180.000000 179.999985 -143.209015 179.999985 179.999985 -155.497223 180.000000 180.000000 -179.999985 170.000000 -179.999985 -146.583603 0.000007 -0.000036 33.416367 0.000016 -0.000005 22.255312 180.000000 180.000000 -179.999985 160.000046 179.999924 -160.047836 180.000000 179.999878 -150.071732 179.999954 179.999924 -160.067795 177.581497 -178.640656 -179.813995 164.694946 -171.020126 99.167160 179.674622 177.156250 179.853745 10.202762 8.632330 1.368507 123.424019 126.827484 162.037933 180.000000 179.999985 173.747131 0.000002 -0.000003 -4.164431 0.000000 -0.000000 0.000000 165.000015 179.999969 153.916199 0.000005 0.000028 -21.341284 0.000005 0.000012 -14.938903 0.000000 -0.000000 0.000000 179.999985 179.999985 147.597290 179.999985 179.999969 147.597275 0.000000 0.000017 -21.580198 0.000000 -0.000000 0.000000 9.999892 0.000086 -31.413658 179.999969 179.999863 148.586365 0.000018 0.000088 -20.921499 0.000000 -0.000000 0.000000 19.999949 0.000016 -24.635120 179.999969 179.999924 143.047287 180.000000 179.999954 155.389511
-6.194534 96.439949 6.981813 85.363136 -176.145462 177.849609 26.336500 -54.924343 -6.294222 142.494751 122.367210 153.065964 3.371340 -5.782677 2.275619 14.424442 7.476620 0.612853 170.633224 171.468506 -179.310333 0.777845 -13.415091 1.066969 0.129624 5.528927 -0.474646 0.148687 5.423767 -0.925000 0.850789 3.953138 -1.137717 0.000002 -0.854598 -1.903455 179.999985 -179.002991 178.028564 172.802185 -179.129822 178.944000 7.362881 0.289036 0.479364 13.352401 -5.338634 77.198158 178.711273 -176.906784 -178.657852 176.377335 178.700287 176.807083 48.557724 38.431347 8.864255 179.999985 179.999985 -170.612381 179.999985 179.999985 -173.747864 180.000000 -180.000000 180.000000 15.000017 0.000019 30.756298 179.999985 179.999985 -154.835800 179.999985 179.999985 -162.385025 180.000000 -180.000000 180.000000 0.000006 0.000046 36.800026 179.999985 179.999969 -143.199982 179.999985 179.999985 -155.491180 180.000000 -180.000000 180.000000 170.000000 -179.999985 -146.597977 0.000008 -0.000033 33.402020 0.000008 -0.000010 22.245729 180.000000 -180.000000 180.000000 160.000031 179.999908 -160.024307 0.000015 0.000136 29.963535 179.999969 179.999908 -160.044296 177.580032 -178.650574 -179.804642 164.708939 -170.970352 99.213806 179.538223 177.147354 179.813248 10.189406 8.568942 1.338900 123.472282 126.715866 162.049042 180.000000 179.999985 173.747421 180.000000 179.999985 175.835770 0.000000 -0.000000 0.000000 165.000015 179.999985 153.971878 179.999985 179.999985 158.704269 0.000015 0.000019 -14.907005 0.000000 -0.000000 0.000000 179.999985 179.999985 147.648438 0.000001 0.000020 -32.351555 0.000002 0.000007 -21.546144 0.000000 -0.000000 0.000000 10.000002 0.000018 -31.185940 179.999985 179.999985 148.814056 180.000000 179.999985 159.230179 0.000000 -0.000000 0.000000 19.999996 0.000023 -24.574106 179.999985 179.999969 143.138885 180.000000 179.999985 155.450485
-6.627444 96.360840 6.958584 85.414925 -176.363770 177.948059 26.830069 -54.571011 -6.836196 143.091919 122.614655 153.793381 3.213713 -5.251827 1.952791 14.519013 7.592944 0.545227 170.519958 171.539825 -179.307404 0.734211 -13.627876 1.045296 0.108506 5.488389 -0.460947 0.132675 5.383891 -0.909692 0.772024 3.921812 -1.125142 0.000015 -0.891762 -1.998356 0.000007 -1.040400 -2.069733 172.909332 -179.093704 178.888916 7.357172 0.330024 0.470794 13.212902 -5.261730 77.225639 178.653397 -177.041077 -178.660461 176.371658 178.675690 176.836456 48.570980 38.401653 8.883041 179.999985 179.999985 -170.600418 179.999985 179.999985 -173.739883 180.000000 -180.000000 -179.999985 14.999997 0.000035 30.763668 179.999985 179.999985 -154.829742 179.999985 179.999985 -162.380814 180.000000 -180.000000 -179.999985 0.000019 0.000040 36.815090 179.999985 179.999969 -143.184937 179.999985 179.999985 -155.481140 180.000000 -180.000000 -179.999985 169.999985 -179.999985 -146.605698 0.000005 -0.000030 33.394302 0.000005 -0.000010 22.240606 180.000000 -180.000000 -179.999985 160.000046 179.999924 -159.994110 0.000015 0.000150 30.008850 179.999985 179.999924 -160.014114 177.579742 -178.654297 -179.799927 164.810623 -170.900360 99.253555 179.384399 177.082413 179.767685 10.179492 8.517532 1.321389 123.575195 126.660187 162.137024 180.000000 179.999985 173.746689 180.000000 179.999985 175.835342 0.000000 -0.000000 0.000003 165.000000 179.999985 154.023804 0.000008 0.000013 -21.253271 179.999985 -179.999985 165.122726 0.000000 -0.000000 0.000003 180.000000 179.999985 147.681686 180.000000 179.999985 147.681671 0.000006 0.000003 -21.524021 0.000000 -0.000000 0.000003 9.999994 -0.000004 -31.155888 0.000002 0.000004 -31.155884 180.000000 180.000000 159.250183 0.000000 -0.000000 0.000003 19.999985 0.000001 -24.535746 179.999985 179.999985 143.196396 180.000000 179.999985 155.488800
-7.076381 96.289948 6.930884 85.459190 -176.560699 178.038971 27.343988 -54.280449 -7.269384 142.776367 122.935265 153.737167 3.329172 -4.796754 1.588719 14.485813 7.733666 0.474505 170.245865 171.593918 -179.291122 0.998401 -13.853533 0.965423 0.095564 5.459373 -0.444601 0.123937 5.355361 -0.892935 0.727668 3.899736 -1.107339 0.000011 -0.934868 -2.084029 0.000011 -1.090670 -2.158455 172.980545 -179.052704 178.840469 7.327621 0.372998 0.458950 13.070524 -5.182990 77.254814 178.592194 -177.189240 -178.672195 176.369751 178.655899 176.868698 48.582287 38.349827 8.896912 179.999985 179.999985 -170.583420 179.999985 179.999985 -173.728546 0.000005 0.000002 -0.000002 14.999999 0.000030 30.772547 0.000003 0.000022 25.177526 179.999985 179.999985 -162.375732 0.000005 0.000002 -0.000002 0.000018 0.000044 36.828236 179.999985 179.999954 -143.171783 179.999985 179.999985 -155.472412 0.000005 0.000002 -0.000002 170.000000 179.999985 -146.620819 180.000000 -179.999985 -146.620834 0.000010 -0.000002 22.230501 0.000005 0.000002 -0.000002 160.000031 179.999939 -159.956619 0.000016 0.000112 30.065083 179.999985 179.999939 -159.976669 177.537109 -178.663757 -179.793182 164.937881 -170.816254 99.298553 179.210541 177.015091 179.713989 10.165798 8.472401 1.318900 123.720993 126.661224 162.263489 180.000000 179.999985 173.732040 0.000003 0.000017 -4.174453 0.000000 -0.000002 -0.000003 165.000015 -179.999985 154.049988 180.000000 -179.999985 158.768188 0.000004 -0.000005 -14.862287 0.000000 -0.000002 -0.000003 180.000000 -179.999985 147.697189 0.000004 -0.000002 -32.302811 179.999985 -179.999985 158.486328 0.000000 -0.000002 -0.000003 10.000017 -0.000012 -31.146172 0.000009 -0.000020 -31.146124 180.000000 -179.999985 159.256668 0.000000 -0.000002 -0.000003 19.999939 0.000050 -24.560129 179.999969 179.999878 143.159790 0.000028 0.000081 -24.535572
-7.516613 96.230988 6.884347 85.494240 -176.734680 178.124878 27.653751 -54.056793 -7.575162 142.846817 123.007744 153.898041 3.406111 -4.433790 1.231342 14.466640 7.893225 0.427223 170.225357 171.662903 -179.280365 0.999525 -14.064207 0.919475 0.080131 5.445232 -0.424829 0.111717 5.341376 -0.870129 0.666171 3.887663 -1.083043 0.000034 -0.988384 -2.166355 0.000040 -1.153122 -2.243721 173.097900 -179.004242 178.794128 7.331769 0.413748 0.429342 13.009925 -5.093349 77.268867 178.533051 -177.278275 -178.687637 176.367203 178.637421 176.899445 48.590668 38.301060 8.910247 179.999985 179.999985 -170.566132 179.999985 179.999985 -173.717072 180.000000 180.000000 179.999985 15.000010 0.000039 30.778872 179.999985 179.999969 -154.817276 179.999985 179.999985 -162.372086 180.000000 180.000000 179.999985 0.000020 0.000065 36.845348 180.000000 179.999954 -143.154663 179.999985 179.999985 -155.460999 180.000000 180.000000 179.999985 170.000015 179.999985 -146.627518 180.000000 179.999985 -146.627518 179.999985 179.999985 -157.773926 180.000000 180.000000 179.999985 160.000061 179.999924 -159.937866 0.000016 0.000137 30.093250 179.999985 179.999924 -159.957901 177.522171 -178.672058 -179.805832 165.057434 -170.721420 99.357452 179.019836 176.987915 179.651703 10.136133 8.448210 1.334139 123.860863 126.685997 162.385208 180.000000 179.999985 173.713928 0.000005 0.000010 -4.186553 0.000000 -0.000000 0.000000 165.000015 -179.999985 154.042664 179.999985 -179.999985 158.762177 180.000000 -179.999985 165.133530 0.000000 -0.000000 0.000000 0.000016 -0.000018 -32.309563 180.000000 -179.999985 147.690430 0.000001 -0.000007 -21.518179 0.000000 -0.000000 0.000000 10.000022 -0.000013 -31.164640 0.000002 -0.000021 -31.164623 0.000002 -0.000008 -20.755642 0.000000 -0.000000 0.000000 20.000013 -0.000020 -24.451523 0.000016 -0.000027 -36.677277 180.000000 -179.999985 155.572922
-7.929389 96.126762 6.777616 85.518234 -176.886826 178.208862 28.132767 -53.913525 -7.767354 142.408112 123.047867 153.555023 3.365474 -4.166535 0.904233 14.660963 8.056251 0.404891 169.914062 171.708481 -179.227844 1.104483 -14.276302 0.826456 0.060889 5.445824 -0.404710 0.093899 5.341771 -0.839682 0.577814 3.885401 -1.051039 0.000024 -1.051546 -2.246555 0.000050 -1.226798 -2.326788 173.265015 -178.949127 178.748825 7.380739 0.452374 0.378697 13.095779 -5.000003 77.249199 178.459518 -177.249802 -178.693588 176.371002 178.624512 176.921112 48.612473 38.248642 8.944271 179.999985 179.999985 -170.543747 180.000000 179.999985 -173.702148 0.000000 0.000000 -0.000003 15.000021 0.000046 30.798792 179.999985 179.999969 -154.800995 179.999985 179.999985 -162.360687 0.000000 0.000000 -0.000003 0.000027 0.000043 36.871708 179.999985 179.999954 -143.128296 179.999985 179.999985 -155.443436 0.000000 0.000000 -0.000003 170.000031 179.999985 -146.625198 179.999985 179.999985 -146.625183 0.000001 0.000007 22.227633 0.000000 0.000000 -0.000003 160.000076 179.999908 -159.894211 0.000027 0.000127 30.158689 179.999969 179.999908 -159.914307 177.546997 -178.675812 -179.846970 165.272781 -170.606903 99.423126 178.806488 176.855026 179.572601 10.095995 8.388959 1.350921 123.994392 126.708946 162.487122 0.000003 0.000009 -6.310400 180.000000 179.999985 175.797287 0.000002 0.000002 0.000000 165.000015 -179.999985 154.023697 180.000000 -179.999985 158.746658 180.000000 -179.999985 165.122665 0.000002 0.000002 0.000000 0.000009 -0.000012 -32.329842 180.000000 -179.999985 147.670135 180.000000 -179.999985 158.468323 0.000002 0.000002 0.000000 10.000013 -0.000004 -31.181719 180.000000 -179.999985 148.818283 180.000000 -179.999985 159.232986 0.000002 0.000002 0.000000 20.000023 -0.000021 -24.471365 0.000002 -0.000037 -36.707039 180.000000 -179.999985 155.553101
-8.349423 96.045273 6.705666 85.534370 -177.023270 178.279160 28.515350 -53.839401 -7.876538 141.209335 123.139305 152.528595 3.877296 -4.051145 0.569132 14.941187 8.226863 0.388454 169.313950 171.726959 -179.135483 1.437931 -14.499590 0.684320 0.050330 5.456112 -0.378728 0.085179 5.351824 -0.805597 0.531538 3.891270 -1.010396 0.000030 -1.117807 -2.318150 0.000052 -1.304107 -2.400953 173.385834 -178.891190 178.709564 7.383266 0.493329 0.326383 13.156376 -4.914320 77.229752 178.396667 -177.238754 -178.707642 176.383209 178.601471 176.932098 48.662319 38.205765 9.017668 180.000000 -180.000000 -170.517838 180.000000 180.000000 -173.684875 0.000003 -0.000000 0.000000 15.000014 0.000046 30.832222 0.000002 0.000022 25.226362 179.999985 179.999985 -162.341522 0.000003 -0.000000 0.000000 0.000018 0.000039 36.908871 179.999985 179.999954 -143.091110 179.999985 179.999985 -155.418701 0.000003 -0.000000 0.000000 170.000000 179.999985 -146.614670 180.000000 179.999985 -146.614700 0.000001 0.000003 22.234617 0.000003 -0.000000 0.000000 160.000031 179.999939 -159.835968 0.000020 0.000115 30.246021 179.999985 179.999939 -159.856140 177.510544 -178.684631 -179.893661 165.487778 -170.484818 99.513794 178.576630 176.753143 179.475693 10.050440 8.356400 1.369945 124.103775 126.768257 162.581024 180.000000 -179.999985 173.667480 0.000002 0.000000 -4.217453 180.000000 -180.000000 -179.999985 165.000000 -179.999985 153.998642 180.000000 -179.999985 158.726181 180.000000 -179.999985 165.108307 180.000000 -180.000000 -179.999985 179.999985 179.999985 147.624603 0.000015 0.000047 -32.375389 0.000027 0.000023 -21.562019 180.000000 -180.000000 -179.999985 10.000003 -0.000019 -31.191917 0.000002 -0.000012 -31.191917 180.000000 -180.000000 159.226181 180.000000 -180.000000 -179.999985 20.000002 -0.000015 -24.496691 180.000000 -179.999969 143.254974 180.000000 -179.999985 155.527786
-8.789377 95.955864 6.626667 85.550194 -177.150711 178.332458 28.810835 -53.856346 -7.921999 140.670654 122.945114 151.933136 3.712128 -4.064139 0.330872 14.917261 8.417263 0.391907 169.214005 171.761017 -179.088715 1.563709 -14.726595 0.577582 0.034342 5.474590 -0.345010 0.078733 5.369854 -0.764809 0.495022 3.903284 -0.960030 0.000040 -1.188901 -2.381959 0.000028 -1.387050 -2.467031 173.507187 -178.829880 178.675156 7.383719 0.533634 0.264229 13.034348 -4.840435 77.245277 178.375641 -177.378082 -178.752518 176.402222 178.558533 176.933151 48.739979 38.184013 9.136609 180.000000 -179.999985 -170.488617 0.000001 0.000003 6.334581 0.000002 -0.000002 -0.000000 15.000002 0.000015 30.867489 180.000000 179.999985 -154.744797 179.999985 179.999985 -162.321350 0.000002 -0.000002 -0.000000 0.000004 0.000018 36.942562 179.999985 179.999969 -143.057449 179.999985 179.999985 -155.396255 0.000002 -0.000002 -0.000000 170.000000 -179.999985 -146.607315 179.999985 179.999985 -146.607315 180.000000 180.000000 -157.760468 0.000002 -0.000002 -0.000000 160.000076 179.999863 -159.805344 0.000025 0.000209 30.291954 179.999954 179.999847 -159.825546 177.462555 -178.695496 -179.951065 165.661560 -170.359421 99.628517 178.327881 176.669800 179.372269 10.003832 8.294850 1.371987 124.181038 126.836639 162.669586 0.000003 0.000000 -6.341896 0.000000 0.000000 -4.223697 0.000002 0.000002 -0.000003 165.000000 180.000000 153.967728 0.000004 -0.000004 -21.299129 180.000000 -180.000000 165.090622 0.000002 0.000002 -0.000003 0.000005 -0.000004 -32.306477 180.000000 -179.999985 147.693497 179.999985 -179.999985 158.483887 0.000002 0.000002 -0.000003 9.999998 -0.000006 -31.207537 0.000003 0.000001 -31.207548 180.000000 -179.999985 159.215775 0.000002 0.000002 -0.000003 20.000006 -0.000005 -24.515133 0.000006 0.000002 -36.772713 180.000000 -179.999985 155.509369
-9.289431 95.915703 6.498695 85.542831 -177.274475 178.363937 28.811640 -53.979546 -7.739123 139.859131 122.633354 151.041580 3.856082 -4.335048 0.025175 14.962956 8.611762 0.457453 169.328690 171.797272 -179.071991 1.421398 -14.964057 0.510329 0.033732 5.498885 -0.297024 0.072353 5.393618 -0.716961 0.457894 3.919453 -0.900440 0.000037 -1.262972 -2.439056 0.000035 -1.473456 -2.526164 173.628143 -178.766663 178.644791 7.388185 0.571813 0.193240 13.195143 -4.769183 77.187958 178.306152 -177.239670 -178.751526 176.425400 178.510040 176.926178 48.834900 38.195568 9.292286 180.000000 179.999985 -170.459274 180.000000 179.999985 -173.645874 180.000000 180.000000 180.000000 15.000010 0.000007 30.895802 180.000000 179.999985 -154.721619 180.000000 180.000000 -162.305145 180.000000 180.000000 180.000000 0.000003 0.000004 36.970009 179.999985 179.999985 -143.030014 0.000004 0.000003 24.622030 180.000000 180.000000 180.000000 170.000000 -180.000000 -146.600510 180.000000 -179.999985 -146.600510 0.000007 0.000000 22.244066 180.000000 180.000000 180.000000 160.000015 179.999985 -159.625763 0.000004 0.000041 30.561375 180.000000 179.999985 -159.646118 177.414261 -178.705200 179.980820 165.751221 -170.240662 99.767769 178.056656 176.629150 179.278259 9.961296 8.201564 1.346822 124.297043 126.906693 162.773529 0.000018 -0.000018 -6.364506 0.000014 -0.000017 -4.238771 0.000000 -0.000000 0.000000 165.000015 179.999985 153.954376 180.000000 180.000000 158.689941 0.000006 0.000003 -14.917046 0.000000 -0.000000 0.000000 180.000000 -179.999985 147.682251 180.000000 -179.999985 147.682266 0.000006 0.000004 -21.523623 0.000000 -0.000000 0.000000 9.999993 -0.000012 -31.213243 180.000000 -179.999985 148.786743 180.000000 -179.999985 159.211975 0.000000 -0.000000 0.000000 19.999998 -0.000006 -24.524874 179.999985 -179.999985 143.212708 180.000000 -179.999985 155.499649
-9.754444 95.857689 6.397463 85.524033 -177.401642 178.400482 28.614723 -54.191090 -7.469678 139.191238 122.169678 150.151581 3.893890 -4.783091 -0.178146 15.005523 8.792349 0.511646 169.390091 171.814209 -179.057281 1.346937 -15.201159 0.440002 0.038192 5.525543 -0.261775 0.069517 5.419747 -0.664428 0.436413 3.937771 -0.833280 0.000022 -1.338095 -2.490365 0.000021 -1.561118 -2.579306 173.745667 -178.702972 178.617783 7.387198 0.607637 0.118151 13.167295 -4.711594 77.161636 178.297028 -177.331711 -178.792068 176.441971 178.514648 176.923981 48.930756 38.214443 9.451632 0.000002 -0.000002 9.569192 180.000000 179.999985 -173.626923 0.000003 -0.000000 0.000000 15.000000 -0.000000 30.913443 0.000003 0.000006 25.292820 0.000006 -0.000007 17.704966 0.000003 -0.000000 0.000000 0.000000 -0.000005 36.988430 0.000001 0.000002 36.988422 0.000003 -0.000004 24.634291 0.000003 -0.000000 0.000000 170.000000 -179.999985 -146.604248 180.000000 -179.999985 -146.604263 180.000000 -180.000000 -157.758438 0.000003 -0.000000 0.000000 160.000015 179.999985 -159.590698 0.000004 0.000020 30.613926 180.000000 179.999985 -159.611130 177.352341 -178.712189 179.907669 165.794968 -170.130554 99.923203 177.763260 176.628479 179.193039 9.920233 8.141962 1.308367 124.454178 126.911224 163.216263 0.000000 0.000000 -6.226844 0.000005 0.000000 -4.147079 0.000000 -0.000000 0.000000 165.000000 179.999985 153.967682 0.000010 0.000001 -21.299173 0.000010 0.000006 -14.909409 0.000000 -0.000000 0.000000 179.999985 180.000000 147.676346 180.000000 180.000000 147.676346 180.000000 180.000000 158.472458 0.000000 -0.000000 0.000000 9.999997 -0.000014 -31.230381 179.999985 -179.999985 148.769623 180.000000 -179.999985 159.200546 0.000000 -0.000000 0.000000 19.999990 -0.000007 -24.538599 179.999985 -179.999985 143.192078 0.000000 0.000000 -24.514057
-10.197967 95.750305 6.323805 85.495872 -177.536331 178.456177 28.359356 -54.477467 -7.171188 138.363052 121.647079 149.039871 3.969010 -5.345543 -0.307007 15.114370 8.957024 0.535484 169.472626 171.814011 -179.053650 1.183960 -15.434909 0.413968 0.045341 5.552825 -0.250350 0.068350 5.446451 -0.608311 0.422112 3.956630 -0.760740 0.000005 -1.412746 -2.535291 0.000017 -1.648205 -2.625841 173.855820 -178.640015 178.594467 7.384270 0.642021 0.040613 13.142694 -4.667170 77.119415 178.289810 -177.389481 -178.823929 176.466095 178.494324 176.907822 48.999390 38.242863 9.568538 180.000000 180.000000 -170.413559 0.000004 0.000001 6.384562 0.000000 -0.000000 0.000000 15.000006 -0.000006 30.911516 0.000001 0.000003 25.291237 179.999985 179.999985 -162.296143 0.000000 -0.000000 0.000000 180.000000 -180.000000 -143.012573 0.000001 0.000003 36.987427 180.000000 -180.000000 -155.366364 0.000000 -0.000000 0.000000 170.000000 -179.999985 -146.612823 180.000000 179.999985 -146.612823 180.000000 -180.000000 -157.764145 0.000000 -0.000000 0.000000 160.000000 -179.999985 -159.565460 0.000004 0.000013 30.651815 0.000003 -0.000004 20.414114 177.284393 -178.715332 179.831345 165.704727 -170.042282 100.108269 177.454727 176.741013 179.116577 9.879787 8.100140 1.264107 124.546028 126.991112 163.389603 180.000000 -179.999985 173.796387 180.000000 179.999985 175.868393 0.000000 -0.000000 0.000000 165.000000 -180.000000 153.989944 0.000000 -0.000001 -21.280966 0.000003 0.000001 -14.896662 0.000000 -0.000000 0.000000 180.000000 -180.000000 147.667496 179.999985 -179.999985 147.667511 180.000000 180.000000 158.466553 0.000000 -0.000000 0.000000 9.999990 -0.000007 -31.254782 179.999985 -179.999985 148.745193 179.999985 179.999985 159.184296 0.000000 -0.000000 0.000000 19.999998 -0.000009 -24.567207 179.999985 -179.999985 143.149185 179.999985 -179.999985 155.457352
-10.628529 95.622375 6.293038 85.444756 -177.677277 178.533752 28.217379 -54.842022 -6.987419 137.985443 120.878136 148.260406 3.702500 -5.861391 -0.384556 15.258938 9.119220 0.504684 169.290451 171.796036 -179.021118 1.278921 -15.676749 0.357956 0.059700 5.578655 -0.259051 0.067331 5.471702 -0.552559 0.408245 3.974399 -0.688648 0.000148 -1.488835 -2.579206 0.000226 -1.736959 -2.671326 173.979706 -178.576553 178.571228 7.390619 0.679795 -0.038869 13.122170 -4.622448 77.076843 178.290939 -177.456055 -178.862930 176.491318 178.487427 176.888992 49.079292 38.267471 9.696589 180.000000 -179.999985 -170.395020 0.000006 -0.000007 6.396911 180.000000 -180.000000 -179.999985 14.999969 -0.000058 30.929415 0.000005 -0.000048 25.305918 0.000019 -0.000031 17.714132 180.000000 -180.000000 -179.999985 179.999985 -179.999969 -142.996796 0.000007 -0.000033 37.003201 0.000017 -0.000018 24.644131 180.000000 -180.000000 -179.999985 169.999985 -179.999954 -146.623047 0.000003 -0.000049 33.376934 0.000023 -0.000025 22.229021 180.000000 -180.000000 -179.999985 160.000015 -179.999985 -159.537735 0.000002 -0.000004 30.693380 0.000001 0.000007 20.441799 177.225723 -178.715027 179.753906 165.994873 -169.916931 100.224449 177.118820 176.570465 179.028687 9.835986 8.193921 1.229329 124.739662 127.110138 163.689438 179.999985 -179.999985 173.821594 179.999985 -179.999985 175.885178 180.000000 -180.000000 179.999985 164.999863 -179.999847 154.018097 179.999847 -179.999924 158.742096 179.999878 -179.999985 165.119461 180.000000 -180.000000 179.999985 179.999908 -179.999847 147.657532 179.999847 -179.999924 147.657516 179.999878 179.999985 158.459900 180.000000 -180.000000 179.999985 9.999932 -0.000175 -31.302586 179.999847 -179.999878 148.697479 179.999878 -179.999985 159.152512 180.000000 -180.000000 179.999985 19.999937 -0.000276 -24.610374 179.999725 -179.999649 143.084457 179.999725 -179.999939 155.414215
-11.084096 95.510826 6.311761 85.421394 -177.785599 178.622910 27.516153 -55.117401 -6.715524 138.432739 119.820518 148.280960 3.394467 -6.462286 -0.578648 15.431936 9.315031 0.461074 169.075165 171.755905 -178.993774 1.349537 -15.920489 0.334519 0.064878 5.620556 -0.278785 0.066329 5.512692 -0.493952 0.394120 4.003582 -0.612725 0.000158 -1.559628 -2.610151 0.000214 -1.819553 -2.703382 174.071838 -178.517349 178.555984 7.386278 0.717885 -0.118967 13.261599 -4.608400 76.956825 178.272980 -177.403458 -178.860764 176.505844 178.532013 176.878387 49.159595 38.303486 9.733813 179.999985 179.999954 -170.425690 179.999985 179.999969 -173.623505 180.000000 -180.000000 180.000000 15.000000 -0.000065 30.909044 0.000010 -0.000034 25.289202 0.000017 -0.000025 17.702452 180.000000 -180.000000 180.000000 179.999985 -179.999985 -143.008575 0.000011 -0.000043 36.991417 0.000005 -0.000010 24.636276 180.000000 -180.000000 180.000000 169.999969 -179.999969 -146.637192 180.000000 -179.999954 -146.637253 0.000039 -0.000030 22.219608 180.000000 -180.000000 180.000000 160.000000 -179.999985 -159.533600 180.000000 -179.999985 -149.300385 0.000013 -0.000006 20.445946 177.144852 -178.715347 179.676392 165.487732 -169.892410 100.497009 176.780243 176.933670 178.969025 9.804828 8.066765 1.176446 124.714775 127.201111 163.696198 179.999924 -179.999969 173.820953 179.999954 -179.999985 175.884750 0.000002 -0.000002 -0.000000 164.999832 -179.999817 153.988312 179.999817 -179.999908 158.717728 179.999863 -179.999985 165.102402 0.000002 -0.000002 -0.000000 179.999893 -179.999832 147.625290 179.999847 -179.999908 147.625336 179.999878 179.999985 158.438446 0.000002 -0.000002 -0.000000 9.999961 -0.000116 -31.357327 179.999893 -179.999924 148.642715 179.999908 -179.999985 159.116028 0.000002 -0.000002 -0.000000 19.999920 -0.000271 -24.689096 179.999756 -179.999695 142.966370 179.999741 -179.999939 155.335587
-11.573506 95.398643 6.234853 85.430717 -177.887390 178.700500 26.865116 -55.360641 -6.208021 138.052261 119.079826 147.526321 3.309267 -7.084833 -0.723534 15.566684 9.513285 0.460360 168.869141 171.705368 -178.973938 1.423098 -16.167767 0.289441 0.054573 5.668719 -0.292179 0.063726 5.559809 -0.429959 0.372010 4.037091 -0.530459 0.000099 -1.629499 -2.638225 0.000151 -1.901096 -2.732453 174.151245 -178.458832 178.542465 7.382979 0.746468 -0.204216 13.394550 -4.611112 76.818024 178.253860 -177.351212 -178.845703 176.517807 178.585342 176.869766 48.968365 38.250916 9.654324 0.000015 -0.000022 9.641853 0.000012 -0.000011 6.421474 180.000000 180.000000 -180.000000 14.999982 -0.000031 30.887495 0.000007 -0.000030 25.271563 0.000018 -0.000020 17.690123 180.000000 180.000000 -180.000000 179.999985 -179.999985 -143.024567 0.000013 -0.000037 36.975433 0.000018 -0.000014 24.625645 180.000000 180.000000 -180.000000 169.999985 -179.999954 -146.658020 0.000008 -0.000034 33.341969 0.000017 -0.000021 22.205767 180.000000 180.000000 -180.000000 160.000000 -179.999969 -159.533691 179.999985 -179.999985 -149.300507 0.000000 -0.000017 20.445845 177.062820 -178.715500 179.596329 165.749908 -169.785110 100.639633 176.374771 176.640640 178.878738 9.768451 8.072332 1.148538 124.629181 127.273674 163.591278 179.999924 -179.999969 173.799957 179.999954 -179.999985 175.870758 0.000000 -0.000002 0.000000 164.999847 -179.999802 153.932220 179.999832 -179.999908 158.671844 179.999863 -179.999985 165.070297 0.000000 -0.000002 0.000000 179.999939 -179.999863 147.571152 179.999878 -179.999924 147.571152 179.999908 180.000000 158.402390 0.000000 -0.000002 0.000000 9.999983 -0.000056 -31.413549 179.999969 -179.999969 148.586426 179.999969 -179.999985 159.078568 0.000000 -0.000002 0.000000 19.999975 -0.000200 -24.778248 179.999847 -179.999756 142.832596 179.999817 -179.999939 155.246506
-12.075077 95.280281 6.079476 85.469391 -177.983566 178.758789 26.091141 -55.591854 -5.355228 136.790024 118.722458 145.854004 3.547692 -7.730331 -0.800586 15.651530 9.697965 0.493821 168.471603 171.621796 -178.931076 1.731489 -16.416830 0.168554 0.037795 5.719632 -0.297265 0.059740 5.609692 -0.358997 0.341583 4.072567 -0.439876 0.000116 -1.693753 -2.661996 0.000121 -1.976035 -2.757068 174.214432 -178.404877 178.531448 7.377564 0.759712 -0.291749 13.499990 -4.623357 76.669762 178.229828 -177.320648 -178.817154 176.534409 178.637131 176.855713 48.945694 38.218456 9.564274 0.000011 -0.000023 9.617296 0.000010 -0.000011 6.405125 180.000000 180.000000 180.000000 15.000002 -0.000010 30.857897 0.000001 -0.000026 25.247335 0.000018 -0.000017 17.673149 180.000000 180.000000 180.000000 179.999985 -179.999985 -143.039230 180.000000 -179.999985 -143.039230 0.000009 -0.000009 24.615873 180.000000 180.000000 180.000000 169.999969 -179.999985 -146.678360 180.000000 -179.999985 -146.678391 0.000011 -0.000013 22.192175 180.000000 180.000000 180.000000 160.000000 -179.999985 -159.538437 180.000000 -179.999985 -149.307663 180.000000 -179.999985 -159.558899 176.986526 -178.720139 179.513306 165.416275 -169.738968 100.902306 176.007370 176.898209 178.823334 9.733739 7.985331 1.118234 124.312256 127.239304 163.222366 179.999863 -179.999954 173.789963 179.999924 -179.999985 175.864120 180.000000 180.000000 -180.000000 164.999817 -179.999817 153.868759 179.999817 -179.999939 158.619919 179.999847 179.999985 165.033920 180.000000 180.000000 -180.000000 179.999954 -179.999939 147.512589 179.999924 -179.999969 147.512558 179.999954 179.999985 158.363373 180.000000 180.000000 -180.000000 10.000004 0.000010 -31.449100 0.000004 0.000005 -31.449093 0.000009 0.000005 -20.945082 180.000000 180.000000 -180.000000 19.999954 -0.000105 -24.865566 179.999878 -179.999878 142.701630 179.999893 -179.999985 155.159286
-12.531571 95.166031 6.059181 85.519569 -178.083206 178.799011 24.372566 -55.811127 -4.167048 137.595093 117.849899 145.680557 3.267259 -8.381946 -0.787650 15.708993 9.852190 0.528457 168.529953 171.539185 -178.944168 1.572283 -16.632683 0.182668 0.032872 5.764224 -0.295438 0.055464 5.653361 -0.283859 0.308982 4.103507 -0.343997 0.000071 -1.745387 -2.675394 0.000110 -2.036292 -2.770962 174.255783 -178.361679 178.526199 7.364498 0.772594 -0.370307 13.541888 -4.651323 76.520187 178.207016 -177.332108 -178.778580 176.550247 178.678299 176.832230 48.919193 38.193798 9.462879 0.000004 -0.000011 9.586552 0.000009 -0.000000 6.384619 0.000003 0.000002 -0.000003 15.000004 -0.000006 30.852259 0.000002 -0.000014 25.242758 0.000006 -0.000006 17.669930 0.000003 0.000002 -0.000003 180.000000 -179.999985 -143.053375 0.000004 -0.000019 36.946621 180.000000 -180.000000 -155.393555 0.000003 0.000002 -0.000003 170.000000 -179.999985 -146.696243 179.999985 -179.999985 -146.696259 0.000020 -0.000021 22.180302 0.000003 0.000002 -0.000003 160.000000 -179.999985 -159.552368 180.000000 180.000000 -149.328583 0.000002 -0.000007 20.427156 176.912369 -178.735321 179.429337 165.569885 -169.643936 101.087402 175.597763 176.634979 178.742416 9.691834 7.958565 1.099878 124.080902 127.204857 162.914291 179.999878 -179.999985 173.765244 179.999924 -179.999985 175.847656 0.000000 -0.000000 0.000000 164.999878 -179.999908 153.785095 179.999893 -179.999969 158.551437 179.999924 179.999985 164.986023 0.000000 -0.000000 0.000000 180.000000 179.999985 147.464935 0.000003 0.000001 -32.535065 0.000013 0.000003 -21.668356 0.000000 -0.000000 0.000000 10.000037 0.000084 -31.467237 0.000075 0.000035 -31.467228 0.000053 -0.000004 -20.957188 0.000000 -0.000000 0.000000 19.999989 -0.000015 -24.931387 179.999985 -179.999985 142.602936 179.999985 -179.999985 155.093536
-12.981318 95.034355 6.029903 85.585121 -178.191772 178.823227 22.728634 -56.025497 -2.868496 137.996048 117.128494 145.108810 3.030762 -9.053018 -0.684911 15.718886 9.989000 0.565174 168.646957 171.457382 -178.947266 1.390142 -16.816801 0.196839 0.032878 5.800728 -0.287462 0.052851 5.689047 -0.205659 0.283350 4.128796 -0.243391 0.000056 -1.785433 -2.679781 0.000058 -2.083010 -2.775511 174.266296 -178.327820 178.526337 7.337821 0.790235 -0.437781 13.529593 -4.698473 76.367371 178.196442 -177.374023 -178.732910 176.553513 178.702591 176.798233 48.832016 38.103642 9.302440 180.000000 179.999985 -170.425156 180.000000 -180.000000 -173.623169 180.000000 -179.999985 -180.000000 15.000000 0.000003 30.822062 0.000001 0.000014 25.218046 180.000000 179.999985 -162.347382 180.000000 -179.999985 -180.000000 0.000004 -0.000009 36.928783 0.000001 0.000012 36.928837 0.000007 0.000001 24.594589 180.000000 -179.999985 -180.000000 170.000000 179.999985 -146.719360 0.000003 -0.000015 33.280632 0.000004 0.000001 22.164904 180.000000 -179.999985 -180.000000 160.000015 179.999985 -159.564667 0.000012 0.000004 30.652990 180.000000 179.999985 -159.585098 176.832657 -178.754929 179.345184 165.258926 -169.604919 101.377037 175.233276 176.788666 178.694489 9.643049 7.920894 1.081756 123.857788 127.112823 162.577728 179.999954 -179.999985 173.732819 179.999969 -179.999985 175.826065 0.000000 -0.000002 0.000000 165.000000 -179.999985 153.715088 180.000000 -180.000000 158.494171 179.999985 -179.999985 164.945908 0.000000 -0.000002 0.000000 0.000052 0.000064 -32.553249 0.000076 0.000019 -32.553234 0.000052 -0.000016 -21.680466 0.000000 -0.000002 0.000000 10.000066 0.000118 -31.450655 0.000106 0.000046 -31.450644 0.000074 -0.000005 -20.946138 0.000000 -0.000002 0.000000 20.000019 0.000048 -24.957636 0.000048 0.000049 -37.436466 0.000048 0.000004 -24.932674
-13.457699 94.939293 5.981208 85.662956 -178.304535 178.830643 21.140663 -56.169807 -1.588115 138.184555 116.519463 144.398636 2.882540 -9.744856 -0.538603 15.731521 10.122719 0.612068 168.648117 171.359253 -178.922699 1.322537 -16.984192 0.176220 0.034692 5.833335 -0.276239 0.049911 5.721015 -0.120746 0.254944 4.151343 -0.134360 0.000066 -1.819201 -2.679466 0.000060 -2.122405 -2.775169 174.266266 -178.299240 178.529205 7.320294 0.809270 -0.501170 13.484256 -4.770103 76.206070 178.182632 -177.425690 -178.673019 176.552902 178.697433 176.746826 48.863422 38.137455 9.298800 0.000000 0.000002 9.547863 180.000000 180.000000 -173.641129 0.000000 -0.000000 0.000000 15.000021 0.000013 30.819504 0.000008 0.000012 25.215944 0.000006 0.000017 17.651178 0.000000 -0.000000 0.000000 0.000061 0.000042 36.893707 0.000025 0.000063 36.893692 179.999985 179.999954 -155.428802 0.000000 -0.000000 0.000000 170.000000 179.999985 -146.731995 0.000008 0.000005 33.267998 0.000007 0.000002 22.156481 0.000000 -0.000000 0.000000 160.000015 179.999985 -159.568848 0.000019 0.000037 30.646725 0.000017 0.000018 20.410715 176.767029 -178.770523 179.257217 165.113297 -169.558060 101.648087 174.857788 176.744598 178.642822 9.594155 7.881146 1.060546 123.664589 126.984390 162.289291 179.999985 179.999985 173.715439 179.999985 -180.000000 175.814468 0.000000 -0.000003 0.000000 165.000656 179.999512 153.509171 0.000652 0.000116 -21.674290 0.000453 -0.000092 -15.171996 0.000000 -0.000003 0.000000 0.000087 0.000085 -32.535851 0.000109 0.000027 -32.535843 0.000075 -0.000027 -21.668852 0.000000 -0.000003 0.000000 10.000078 0.000109 -31.409584 0.000114 0.000053 -31.409580 0.000078 -0.000010 -20.918774 0.000000 -0.000003 0.000000 20.000042 0.000101 -24.956549 0.000096 0.000099 -37.434803 0.000103 0.000023 -24.931591
-13.968115 94.877930 5.892771 85.751656 -178.419479 178.813034 19.666948 -56.230835 -0.367830 137.610855 116.200859 143.172653 3.120875 -10.454527 -0.448973 15.791636 10.236135 0.693203 168.382996 171.210419 -178.865692 1.485510 -17.137049 0.085822 0.038883 5.863628 -0.257947 0.047949 5.750673 -0.028685 0.229551 4.172228 -0.015585 0.000069 -1.848485 -2.673642 0.000049 -2.156565 -2.769123 174.246750 -178.274200 178.535614 7.304700 0.831885 -0.555188 13.392502 -4.877902 76.036385 178.154678 -177.517899 -178.599274 176.553848 178.680542 176.678497 48.894936 38.139603 9.310326 0.000010 -0.000008 9.537944 180.000000 -179.999985 -173.647705 0.000000 -0.000000 0.000000 15.000045 0.000010 30.838728 0.000021 0.000037 25.231693 0.000002 0.000034 17.662180 0.000000 -0.000000 0.000000 0.000039 0.000013 36.973999 0.000025 0.000053 36.974010 0.000003 0.000029 24.624680 0.000000 -0.000000 0.000000 170.000031 -179.999985 -146.731171 0.000012 0.000027 33.268871 0.000004 0.000018 22.157059 0.000000 -0.000000 0.000000 160.000031 179.999985 -159.546265 0.000038 0.000022 30.680595 0.000006 0.000034 20.433268 176.710587 -178.781342 179.170273 164.978745 -169.525330 101.929482 174.478470 176.667572 178.596573 9.559109 7.821558 1.033590 123.503700 126.817841 162.040512 0.000018 -0.000009 -6.292420 0.000017 -0.000001 -4.190746 0.000002 -0.000002 -0.000007 165.000168 179.999878 153.956299 0.000173 0.000023 -21.308470 0.000121 -0.000026 -14.915928 0.000002 -0.000002 -0.000007 0.000086 0.000091 -32.487839 0.000124 0.000025 -32.487816 0.000079 -0.000033 -21.636896 0.000002 -0.000002 -0.000007 10.000058 0.000093 -31.342607 0.000107 0.000042 -31.342621 0.000078 -0.000010 -20.874170 0.000002 -0.000002 -0.000007 20.000025 0.000081 -24.902855 0.000088 0.000096 -37.354271 0.000091 0.000015 -24.877949
-14.499335 94.841431 5.802135 85.848618 -178.534119 178.762329 18.365885 -56.230446 0.846641 138.102310 115.634186 142.878494 2.640792 -11.132023 -0.227331 15.937560 10.312240 0.830218 168.183731 171.011780 -178.833862 1.483323 -17.248226 0.034434 0.050578 5.893786 -0.229872 0.050272 5.780155 0.071029 0.222853 4.192885 0.115069 0.000086 -1.875921 -2.662945 0.000048 -2.188570 -2.758048 174.205276 -178.250443 178.545547 7.281786 0.854456 -0.598392 13.271349 -5.012203 75.860352 178.119034 -177.641846 -178.514847 176.557724 178.641266 176.589951 48.911072 38.107662 9.321927 0.000003 -0.000009 9.545717 0.000007 -0.000004 6.357435 0.000000 -0.000000 0.000002 15.000060 0.000023 30.883753 0.000032 0.000033 25.268513 0.000013 0.000036 17.687969 0.000000 -0.000000 0.000002 0.000055 0.000015 37.018295 0.000037 0.000045 37.018303 0.000007 0.000046 24.654207 0.000000 -0.000000 0.000002 170.000107 179.999985 -146.738434 0.000067 0.000069 33.261570 0.000007 0.000072 22.152212 0.000000 -0.000000 0.000002 160.000031 179.999985 -159.517517 0.000053 0.000039 30.723707 0.000021 0.000041 20.462000 176.641556 -178.788315 179.090942 164.892471 -169.507858 102.210205 174.082214 176.532455 178.552643 9.530930 7.794006 1.012830 123.455399 126.665024 161.943817 0.000011 -0.000005 -6.286983 0.000007 -0.000001 -4.187128 180.000000 180.000000 -180.000000 165.000137 179.999893 154.049896 0.000139 0.000017 -21.231890 0.000089 -0.000020 -14.862306 180.000000 180.000000 -180.000000 0.000063 0.000070 -32.419868 0.000096 0.000024 -32.419853 0.000073 -0.000017 -21.591618 180.000000 180.000000 -180.000000 10.000026 0.000054 -31.260649 0.000070 0.000043 -31.260674 0.000055 0.000005 -20.819590 180.000000 180.000000 -180.000000 20.000006 0.000076 -24.835123 0.000049 0.000096 -37.252666 0.000057 0.000028 -24.810295
-15.019830 94.827896 5.735634 85.950523 -178.641220 178.674850 16.768635 -56.167168 2.074156 138.825211 115.042198 142.856781 2.361596 -11.819496 -0.082390 16.302412 10.339710 1.013766 167.780060 170.736786 -178.777008 1.473534 -17.293606 -0.016327 0.069073 5.927324 -0.190971 0.054875 5.812932 0.180551 0.224911 4.215589 0.259547 0.000057 -1.903312 -2.648154 0.000062 -2.220526 -2.742736 174.140884 -178.226273 178.558655 7.270959 0.887837 -0.629343 13.144595 -5.172040 75.669876 178.077545 -177.765808 -178.420044 176.561050 178.603302 176.489349 48.940826 38.060745 9.352593 0.000012 -0.000010 9.561035 0.000009 -0.000004 6.367661 0.000002 0.000005 0.000002 15.000079 0.000000 30.948277 0.000040 0.000044 25.321318 0.000026 0.000031 17.724911 0.000002 0.000005 0.000002 0.000079 0.000005 37.087357 0.000040 0.000044 37.087360 180.000000 179.999954 -155.299820 0.000002 0.000005 0.000002 170.000061 179.999985 -146.613358 0.000041 0.000043 33.386662 0.000009 0.000030 22.235498 0.000002 0.000005 0.000002 160.000076 179.999985 -159.475906 0.000065 0.000035 30.786196 0.000027 0.000037 20.503584 176.574310 -178.794220 179.016418 164.620651 -169.532516 102.537224 173.692780 176.627594 178.532303 9.504247 7.787975 1.003995 123.449455 126.538109 161.897736 0.000011 -0.000006 -6.283736 0.000005 -0.000003 -4.184965 0.000000 -0.000000 0.000000 165.000092 179.999939 154.154648 0.000076 0.000019 -21.146198 0.000063 -0.000008 -14.802340 0.000000 -0.000000 0.000000 0.000031 0.000052 -32.335217 0.000051 0.000031 -32.335213 0.000042 -0.000002 -21.535250 0.000000 -0.000000 0.000000 10.000009 0.000036 -31.181486 0.000021 0.000027 -31.181469 0.000020 0.000007 -20.766874 0.000000 -0.000000 0.000000 19.999964 0.000054 -24.751970 0.000009 0.000059 -37.127968 0.000038 0.000035 -24.727226
-15.560673 94.838676 5.618781 86.060631 -178.738052 178.560944 15.615534 -56.056076 3.189784 139.026505 114.641762 142.503769 2.038538 -12.486567 0.109465 16.434624 10.328994 1.223017 167.531006 170.393768 -178.751587 1.528538 -17.249571 -0.090835 0.086752 5.969909 -0.141453 0.062580 5.854545 0.297696 0.239824 4.244278 0.415379 0.000043 -1.936446 -2.633534 0.000047 -2.259196 -2.727601 174.063293 -178.197006 178.572617 7.278050 0.939536 -0.650632 13.014016 -5.371998 75.456856 178.030243 -177.894119 -178.320709 176.565689 178.563385 176.379684 48.980946 38.017952 9.416985 0.000015 -0.000012 9.587104 0.000015 -0.000009 6.385009 0.000005 0.000000 -0.000003 15.000071 0.000012 31.026886 0.000040 0.000021 25.385609 0.000009 0.000033 17.769945 0.000005 0.000000 -0.000003 0.000049 0.000002 37.156235 0.000043 0.000031 37.156239 0.000007 0.000033 24.746033 0.000005 0.000000 -0.000003 170.000046 179.999985 -146.549545 0.000043 0.000012 33.450439 0.000019 0.000026 22.277985 0.000005 0.000000 -0.000003 160.000046 179.999985 -159.419418 0.000069 0.000024 30.870874 0.000041 0.000034 20.559994 176.503555 -178.791321 178.941345 164.453522 -169.570068 102.856041 173.271698 176.640213 178.496994 9.481193 7.751720 1.012554 123.452339 126.425667 161.874466 0.000007 0.000000 -6.276489 0.000004 -0.000003 -4.180149 0.000003 0.000003 0.000003 165.000046 179.999969 154.253555 0.000044 0.000016 -21.065285 0.000034 0.000005 -14.745690 0.000003 0.000003 0.000003 0.000001 0.000032 -32.260391 0.000013 0.000016 -32.260399 0.000010 0.000002 -21.485430 0.000003 0.000003 0.000003 9.999990 0.000016 -31.131737 0.000009 0.000024 -31.131750 0.000009 0.000010 -20.733742 0.000003 0.000003 0.000003 19.999977 0.000031 -24.680573 179.999985 179.999969 142.979156 0.000014 0.000031 -24.655891
-16.125355 94.878647 5.487141 86.174591 -178.822235 178.426651 14.620573 -55.871147 4.166372 139.240860 114.291618 142.280243 1.720302 -13.136169 0.303199 16.530447 10.269820 1.457765 167.346161 169.952835 -178.734680 1.544527 -17.107159 -0.167412 0.105420 6.028276 -0.077543 0.074515 5.911626 0.421286 0.272827 4.283407 0.581718 0.000044 -1.981248 -2.623627 0.000049 -2.311459 -2.717329 173.971375 -178.157333 178.585190 7.291818 0.991021 -0.679011 12.890920 -5.607660 75.231056 177.977798 -178.036148 -178.217117 176.570755 178.535294 176.261078 49.056152 38.029125 9.533234 0.000015 -0.000010 9.606053 0.000009 0.000001 6.397624 0.000005 0.000000 -0.000002 15.000031 0.000004 31.097837 0.000018 0.000010 25.443689 0.000010 0.000020 17.810581 0.000005 0.000000 -0.000002 0.000023 0.000005 37.216770 0.000019 0.000015 37.216751 0.000013 0.000011 24.786366 0.000005 0.000000 -0.000002 170.000031 179.999985 -146.492142 0.000020 0.000019 33.507847 0.000018 0.000005 22.316217 0.000005 0.000000 -0.000002 160.000031 179.999985 -159.352692 0.000043 0.000016 30.970932 0.000021 0.000020 20.626654 176.420883 -178.768539 178.859100 164.387543 -169.615997 103.170258 172.829880 176.618927 178.435974 9.454738 7.710675 1.051376 123.448372 126.329018 161.846298 180.000000 -180.000000 173.729004 180.000000 179.999985 175.823502 180.000000 180.000000 -179.999985 165.000015 179.999985 154.336700 0.000012 0.000012 -20.997253 0.000013 0.000008 -14.698073 180.000000 180.000000 -179.999985 179.999985 179.999985 147.795059 180.000000 179.999985 147.795059 0.000009 0.000008 -21.448502 180.000000 180.000000 -179.999985 9.999899 0.000077 -31.163834 179.999969 179.999878 148.836151 0.000018 0.000074 -20.755131 180.000000 180.000000 -179.999985 19.999975 0.000003 -24.628866 179.999985 179.999969 143.056671 180.000000 179.999985 155.395752
-16.724655 94.958534 5.336706 86.292175 -178.890945 178.271072 13.901083 -55.593220 5.003603 139.297440 114.073372 142.060455 1.401395 -13.763258 0.498882 16.690416 10.152402 1.725249 167.231567 169.385941 -178.717255 1.412719 -16.875872 -0.222003 0.122855 6.101128 0.002249 0.090285 5.982839 0.549362 0.322399 4.331817 0.755854 0.000026 -2.036017 -2.618587 0.000035 -2.375353 -2.712127 173.875031 -178.108871 178.595871 7.309998 1.039506 -0.718616 12.789371 -5.869763 75.004807 177.925446 -178.218674 -178.111725 176.572327 178.547394 176.134415 49.056316 37.993576 9.564825 0.000011 -0.000006 9.632577 0.000006 -0.000004 6.415305 0.000005 -0.000003 -0.000003 15.000016 0.000001 31.141514 0.000011 0.000003 25.479410 0.000001 0.000007 17.835592 0.000005 -0.000003 -0.000003 0.000022 0.000001 37.250103 0.000015 0.000003 37.250122 180.000000 179.999985 -155.191437 0.000005 -0.000003 -0.000003 170.000015 179.999985 -146.460342 0.000015 0.000001 33.539650 180.000000 179.999985 -157.662598 0.000005 -0.000003 -0.000003 160.000015 179.999985 -159.305603 0.000020 0.000002 31.041609 0.000008 0.000005 20.673719 176.328110 -178.735931 178.772385 164.421539 -169.658386 103.477516 172.379181 176.571899 178.353714 9.421500 7.669048 1.115483 123.465233 126.269089 161.837463 180.000000 179.999985 173.726395 180.000000 -180.000000 175.821777 180.000000 180.000000 -179.999985 165.000000 179.999985 154.394897 180.000000 -179.999985 159.050369 180.000000 179.999985 165.335266 180.000000 180.000000 -179.999985 180.000000 180.000000 147.827911 0.000005 0.000008 -32.172066 180.000000 179.999985 158.573395 180.000000 180.000000 -179.999985 10.000007 -0.000001 -30.865482 0.000002 -0.000019 -30.865488 0.000007 -0.000002 -20.556433 180.000000 180.000000 -179.999985 19.999979 0.000003 -24.595821 179.999985 179.999985 143.106232 180.000000 179.999985 155.428757
-17.352631 95.094940 5.185830 86.409111 -178.944504 178.097931 13.258542 -55.220768 5.744948 139.624557 113.876770 142.168365 1.032343 -14.360788 0.688082 16.610573 9.985338 1.999620 167.422226 168.717178 -178.738144 1.170991 -16.475367 -0.237564 0.140789 6.184700 0.093478 0.109165 6.064567 0.680199 0.385440 4.386688 0.935342 0.000022 -2.097193 -2.618103 0.000019 -2.446734 -2.711614 173.785385 -178.054977 178.604263 7.338132 1.092398 -0.766899 12.709756 -6.155158 74.786163 177.871643 -178.420685 -178.008148 176.573669 178.575027 175.997314 49.073639 38.009731 9.621572 180.000000 -180.000000 -170.352142 180.000000 180.000000 -173.574539 0.000005 0.000000 -0.000003 14.999999 -0.000001 31.161970 0.000005 -0.000003 25.496170 180.000000 179.999985 -162.152664 0.000005 0.000000 -0.000003 180.000000 -179.999985 -142.735443 180.000000 179.999985 -142.735428 179.999985 179.999985 -155.181808 0.000005 0.000000 -0.000003 170.000015 180.000000 -146.442123 0.000017 -0.000002 33.557865 0.000002 0.000012 22.349541 0.000005 0.000000 -0.000003 160.000015 -179.999985 -159.286209 0.000005 -0.000001 31.070681 0.000005 -0.000008 20.693079 176.229675 -178.703369 178.684128 164.518372 -169.690292 103.780876 171.938049 176.530548 178.262329 9.379022 7.617135 1.192302 123.466843 126.233742 161.823135 180.000000 179.999985 173.724731 0.000002 0.000002 -4.179332 180.000000 180.000000 -179.999985 165.000015 179.999985 154.423859 0.000007 0.000001 -20.925943 179.999985 180.000000 165.351837 180.000000 180.000000 -179.999985 0.000002 0.000006 -32.153713 180.000000 -179.999985 147.846283 0.000006 0.000004 -21.414381 180.000000 180.000000 -179.999985 10.000016 0.000001 -30.881618 0.000009 -0.000012 -30.881628 0.000003 -0.000017 -20.567167 180.000000 180.000000 -179.999985 19.999847 0.000036 -24.616734 179.999832 179.999878 143.074875 179.999969 179.999863 155.407852
-17.977631 95.267502 5.032936 86.526855 -178.983368 177.913818 12.729527 -54.774342 6.405638 139.436722 113.931282 141.952484 0.972553 -14.925219 0.793412 16.589821 9.743307 2.278848 167.567596 167.932968 -178.748184 0.850203 -15.835172 -0.211078 0.156775 6.278450 0.189981 0.131026 6.156221 0.813788 0.461010 4.447402 1.120152 0.000011 -2.163015 -2.623289 0.000017 -2.523504 -2.716981 173.707977 -177.997208 178.609329 7.377040 1.148201 -0.826568 12.742721 -6.457081 74.569023 177.797577 -178.548828 -177.906906 176.575287 178.605255 175.851700 49.087860 38.061176 9.660422 180.000000 180.000000 -170.355057 180.000000 179.999985 -173.576462 180.000000 180.000000 -179.999985 15.000000 0.000008 31.157249 180.000000 -180.000000 -154.507736 180.000000 -179.999985 -162.155396 180.000000 180.000000 -179.999985 179.999985 -180.000000 -142.738464 180.000000 -179.999985 -142.738464 179.999985 180.000000 -155.183823 180.000000 180.000000 -179.999985 170.000000 -180.000000 -146.417938 179.999985 180.000000 -146.417938 179.999985 -179.999985 -157.634338 180.000000 180.000000 -179.999985 160.000000 180.000000 -159.283310 0.000008 0.000005 31.075052 0.000003 -0.000001 20.695986 176.125519 -178.669983 178.593704 164.666168 -169.709518 104.074303 171.517334 176.486145 178.168884 9.327028 7.525539 1.277113 123.481186 126.222305 161.821487 0.000000 0.000000 -6.281708 180.000000 -180.000000 175.816376 0.000000 -0.000000 0.000000 165.000000 180.000000 154.438385 180.000000 -179.999985 159.085953 0.000003 -0.000000 -14.639830 0.000000 -0.000000 0.000000 0.000010 0.000001 -32.150372 0.000006 0.000003 -32.150356 180.000000 -179.999985 158.587860 0.000000 -0.000000 0.000000 10.000020 -0.000001 -30.915085 0.000015 -0.000017 -30.915079 0.000013 -0.000012 -20.589453 0.000000 -0.000000 0.000000 20.000011 -0.000001 -24.347836 0.000025 -0.000011 -36.521767 0.000010 -0.000015 -24.323486
-18.596395 95.424088 4.896732 86.644951 -179.010727 177.712097 12.145563 -54.330177 7.074848 140.176193 113.717018 142.472244 0.474006 -15.457434 1.008058 16.581617 9.481745 2.567808 167.705353 167.127884 -178.754547 0.492317 -15.153898 -0.149439 0.170693 6.378390 0.294501 0.155572 6.253850 0.951259 0.545840 4.511805 1.310609 0.000157 -2.234235 -2.630390 0.000160 -2.606633 -2.724326 173.626694 -177.934570 178.613983 7.415753 1.209901 -0.888109 12.965714 -6.754466 74.302620 177.673904 -178.472061 -177.766510 176.579163 178.625916 175.698196 49.118881 38.153046 9.719633 0.000046 -0.000019 9.631728 0.000036 -0.000011 6.414716 0.000005 0.000000 -0.000002 15.000002 -0.000012 31.134632 180.000000 179.999985 -154.526199 0.000000 0.000001 17.831671 0.000005 0.000000 -0.000002 0.000147 -0.000030 37.238960 0.000143 0.000060 37.238956 0.000037 0.000090 24.801174 0.000005 0.000000 -0.000002 170.000092 -179.999985 -146.466721 0.000074 0.000031 33.533325 0.000043 0.000040 22.333204 0.000005 0.000000 -0.000002 159.999832 179.999939 -159.279327 179.999710 -179.999985 -148.918991 179.999847 -179.999878 -159.300034 176.022369 -178.639984 178.503250 164.993652 -169.685333 104.336678 171.068970 176.196625 178.047989 9.286536 7.324453 1.365141 123.429344 126.235321 161.762787 180.000000 -179.999985 173.714066 180.000000 -179.999985 175.813553 0.000002 0.000002 0.000000 164.999908 -180.000000 154.433578 179.999954 179.999969 159.082031 179.999969 179.999969 165.357437 0.000002 0.000002 0.000000 179.999008 -179.999969 147.701340 179.999130 179.999512 147.701340 179.999710 179.999420 158.489075 0.000002 0.000002 0.000000 10.000793 0.000034 -30.939121 0.000686 -0.000386 -30.939104 0.000267 -0.000455 -20.605440 0.000002 0.000002 0.000000 20.000366 0.000002 -24.399277 0.000512 -0.000199 -36.598911 0.000187 -0.000314 -24.374901
-19.216705 95.727501 4.684386 86.764786 -179.022827 177.546936 12.330531 -53.690300 7.544134 140.068375 114.091202 142.435699 0.035816 -15.874269 1.260015 16.676645 9.097100 2.789146 167.768372 166.081161 -178.755264 179.991943 -165.755249 179.971939 0.178392 6.490107 0.363875 0.182821 6.362994 1.089013 0.644175 4.581816 1.504296 0.000068 -2.302845 -2.647019 0.000162 -2.686665 -2.741623 173.586243 -177.874817 178.611176 7.477162 1.269881 -0.974794 13.222588 -7.089267 74.125031 177.563187 -178.482101 -177.707458 176.584198 178.660690 175.529678 49.068928 38.189213 9.697067 0.000087 -0.000036 9.633423 0.000061 -0.000012 6.415861 0.000000 -0.000000 0.000002 15.000127 -0.000023 31.122583 0.000095 0.000031 25.463903 0.000049 0.000049 17.824753 0.000000 -0.000000 0.000002 0.000256 -0.000054 37.243755 0.000244 0.000103 37.243706 0.000106 0.000148 24.804331 0.000000 -0.000000 0.000002 170.000168 -179.999969 -146.469391 0.000171 0.000059 33.530586 0.000075 0.000097 22.331345 0.000000 -0.000000 0.000002 159.999771 179.999924 -159.297134 179.999619 -179.999969 -148.945694 179.999802 -179.999847 -159.317825 175.902008 -178.602722 178.411392 164.786499 -169.774109 104.690674 170.726700 176.555939 178.010742 9.223655 7.039991 1.451625 123.432663 126.230621 161.744400 179.999969 -179.999893 173.703827 179.999985 -179.999939 175.806732 0.000000 0.000002 0.000000 165.000107 179.999985 154.472641 0.000086 -0.000031 -20.886063 0.000047 -0.000041 -14.620203 0.000000 0.000002 0.000000 0.000634 0.000061 -32.000786 0.000564 -0.000282 -32.000755 0.000221 -0.000361 -21.312510 0.000000 0.000002 0.000000 10.001600 0.000143 -30.944838 0.001434 -0.000718 -30.944817 0.000572 -0.000913 -20.609232 0.000000 0.000002 0.000000 20.000671 0.000059 -24.407209 0.000940 -0.000347 -36.610775 0.000379 -0.000559 -24.382807
-19.836246 96.038971 4.601718 86.882851 -179.034515 177.339432 11.707578 -53.028111 8.194273 140.937729 114.198853 143.157654 179.770386 -163.701340 -178.636963 16.706076 8.629086 3.055625 167.885208 164.947632 -178.765762 179.470490 -166.838577 -179.921066 0.196318 6.603737 0.484569 0.210488 6.474030 1.224482 0.743622 4.651879 1.695821 0.000039 -2.367173 -2.668617 0.000056 -2.761697 -2.763938 173.568604 -177.819031 178.604156 7.550169 1.324630 -1.073565 13.618337 -7.421417 73.954720 177.430573 -178.352692 -177.652054 176.590973 178.658768 175.348450 48.887344 38.114803 9.517633 0.000043 -0.000021 9.652513 0.000039 -0.000009 6.428547 0.000000 -0.000000 0.000000 15.000241 -0.000069 31.124584 0.000198 0.000041 25.465559 0.000111 0.000089 17.825891 0.000000 -0.000000 0.000000 0.000520 -0.000146 37.246777 0.000515 0.000192 37.246761 0.000192 0.000300 24.806326 0.000000 -0.000000 0.000000 170.000320 -179.999893 -146.463928 0.000330 0.000107 33.536076 0.000152 0.000172 22.335012 0.000000 -0.000000 0.000000 160.000153 -179.999939 -159.372818 0.000247 0.000024 30.940775 0.000145 0.000092 20.606544 175.770828 -178.558487 178.317764 165.224396 -169.830765 104.862694 170.287292 176.301254 177.926300 9.162704 6.664826 1.531434 122.822075 126.055908 161.062103 179.999939 -179.999878 173.719894 179.999954 -179.999924 175.817429 0.000000 -0.000000 0.000000 164.999969 -180.000000 154.437836 179.999969 179.999985 159.085526 179.999985 179.999985 165.359863 0.000000 -0.000000 0.000000 0.001290 0.000180 -32.005127 0.001177 -0.000536 -32.005108 0.000470 -0.000723 -21.315413 0.000000 -0.000000 0.000000 10.001486 0.000191 -31.124319 0.001361 -0.000616 -31.124311 0.000571 -0.000809 -20.728804 0.000000 -0.000000 0.000000 20.000780 0.000107 -24.464426 0.001125 -0.000361 -36.696606 0.000459 -0.000634 -24.439957
-20.480370 96.392044 4.449814 87.007256 -179.044373 177.146515 11.436420 -52.304382 8.779544 141.062866 114.658478 143.335922 179.685318 -163.328506 -178.571960 16.274586 8.113288 3.299398 168.477585 163.697266 -178.856552 178.879105 -168.092529 -179.787384 0.212070 6.719529 0.599524 0.237841 6.587156 1.357936 0.841045 4.722237 1.884923 180.000000 -177.574112 177.302277 0.000038 -2.830213 -2.794105 173.571533 -177.768097 178.591309 7.634277 1.371654 -1.182729 14.072538 -7.757653 73.815224 177.324509 -178.331238 -177.659348 176.583588 178.728989 175.191299 48.756035 38.150105 9.425323 0.000046 -0.000023 9.658194 0.000037 -0.000009 6.432344 0.000003 0.000002 0.000000 15.000405 -0.000136 31.134619 0.000333 0.000080 25.473787 0.000196 0.000146 17.831638 0.000003 0.000002 0.000000 0.000739 -0.000256 37.283115 0.000745 0.000242 37.283142 0.000296 0.000424 24.830564 0.000003 0.000002 0.000000 170.001160 -179.999603 -146.508438 0.001176 0.000293 33.491520 0.000553 0.000596 22.305355 0.000003 0.000002 0.000000 160.000168 -179.999939 -159.354584 0.000276 0.000002 30.968132 0.000154 0.000100 20.624765 175.637329 -178.508957 178.224655 165.542053 -169.935410 105.034523 169.894562 176.300476 177.871033 9.080040 6.360207 1.616873 123.422447 126.166466 161.737564 179.999847 -179.999725 173.717072 179.999878 -179.999832 175.815567 0.000000 -0.000000 0.000003 165.000427 179.999908 154.499481 0.000356 -0.000086 -20.864084 0.000201 -0.000146 -14.604848 0.000000 -0.000000 0.000003 0.001055 0.000187 -32.175404 0.000988 -0.000405 -32.175388 0.000411 -0.000576 -21.428818 0.000000 -0.000000 0.000003 10.002217 0.000382 -31.211218 0.002095 -0.000830 -31.211212 0.000887 -0.001203 -20.786654 0.000000 -0.000000 0.000003 20.000628 0.000108 -24.560593 0.000902 -0.000245 -36.840885 0.000393 -0.000505 -24.536024
-21.123377 96.781311 4.352347 87.132309 -179.053253 176.969025 10.765934 -51.486351 9.389187 142.336258 114.916565 144.400482 179.444565 -162.993484 -178.526505 16.281643 7.470788 3.548859 168.620834 162.275421 -178.918274 178.317871 -169.539017 -179.662338 0.233954 6.836034 0.710159 0.264172 6.701000 1.488549 0.933680 4.792083 2.070334 180.000000 -177.523621 177.268707 179.999985 -177.110870 177.171143 173.592880 -177.724457 178.574234 7.727722 1.409706 -1.298965 14.544080 -8.103651 73.715683 177.230423 -178.321518 -177.711716 176.572906 178.784668 175.040741 48.661312 38.178013 9.342558 0.000154 -0.000078 9.653288 0.000106 -0.000033 6.429099 180.000000 180.000000 -180.000000 15.000610 -0.000249 31.159023 0.000539 0.000069 25.493734 0.000323 0.000207 17.845608 180.000000 180.000000 -180.000000 0.000795 -0.000321 37.359634 0.000832 0.000232 37.359623 0.000333 0.000465 24.881498 180.000000 180.000000 -180.000000 170.000504 -179.999786 -146.311371 0.000540 0.000106 33.688599 0.000257 0.000262 22.436615 180.000000 180.000000 -180.000000 160.000519 -179.999771 -159.368210 0.000802 -0.000034 30.947714 0.000484 0.000256 20.611168 175.509766 -178.456024 178.133316 165.823334 -170.078506 105.181999 169.556595 176.469742 177.835434 8.958781 6.134993 1.706797 124.209229 126.181969 162.665543 179.999969 -179.999954 173.760910 179.999969 -179.999969 175.844757 180.000000 180.000000 -179.999985 165.000641 179.999847 154.462814 0.000515 -0.000102 -20.894051 0.000309 -0.000207 -14.625844 180.000000 180.000000 -179.999985 0.001532 0.000338 -32.252087 0.001462 -0.000533 -32.252090 0.000642 -0.000821 -21.479889 180.000000 180.000000 -179.999985 10.001892 0.000398 -31.490721 0.001813 -0.000647 -31.490692 0.000807 -0.001002 -20.972813 180.000000 180.000000 -179.999985 20.000549 0.000123 -24.635075 0.000832 -0.000178 -36.952606 0.000357 -0.000418 -24.610432
-21.803694 97.210594 4.191519 87.268982 -179.068176 176.818909 10.561423 -50.640671 9.904586 142.959320 115.457024 144.986404 179.200882 -162.705551 -178.460709 16.050495 6.707514 3.799330 169.087097 160.677917 -179.076477 177.619476 -171.197418 -179.463394 0.253856 6.949480 0.812298 0.288462 6.811796 1.613192 1.016731 4.859479 2.247170 179.999985 -177.483841 177.235214 179.999985 -177.064484 177.136444 173.629501 -177.690247 178.555695 7.828662 1.437206 -1.420116 15.055140 -8.457485 73.645607 177.142960 -178.262512 -177.796112 176.548981 178.797058 174.891205 48.544056 38.227360 9.291579 0.000206 -0.000110 9.668578 0.000148 -0.000049 6.439275 0.000002 -0.000002 0.000003 15.000639 -0.000325 31.229702 0.000588 0.000044 25.551579 0.000354 0.000206 17.886097 0.000002 -0.000002 0.000003 0.000506 -0.000242 37.485203 0.000543 0.000102 37.485172 0.000257 0.000277 24.965128 0.000002 -0.000002 0.000003 170.000580 -179.999695 -146.256790 0.000668 0.000074 33.743202 0.000341 0.000280 22.472977 0.000002 -0.000002 0.000003 160.000412 -179.999756 -159.295120 0.000735 -0.000108 31.057274 0.000459 0.000194 20.684179 175.392288 -178.401093 178.044083 166.077377 -170.256226 105.301857 169.251389 176.695786 177.808868 8.822052 5.888727 1.788226 124.289909 126.201187 162.765793 179.999924 -179.999908 173.764847 179.999954 -179.999954 175.847412 0.000002 0.000000 -0.000007 165.000809 179.999771 154.395844 0.000680 -0.000110 -20.948864 0.000414 -0.000249 -14.664198 0.000002 0.000000 -0.000007 0.001856 0.000486 -32.403221 0.001833 -0.000592 -32.403240 0.000814 -0.000985 -21.580545 0.000002 0.000000 -0.000007 10.001971 0.000516 -31.701609 0.001963 -0.000612 -31.701654 0.000884 -0.001032 -21.113287 0.000002 0.000000 -0.000007 20.000565 0.000153 -24.696255 0.000878 -0.000153 -37.044418 0.000403 -0.000436 -24.671551
-22.510679 97.671967 3.979625 87.419846 -179.091904 176.700668 10.586750 -49.766857 10.357762 143.358551 116.142052 145.432205 178.933044 -162.453705 -178.397858 15.630273 5.815192 4.046666 169.776962 158.898651 -179.300583 176.923813 -173.061508 -179.250076 0.273936 7.057708 0.905543 0.309500 6.917502 1.730078 1.085917 4.923371 2.412416 179.999985 -177.455521 177.204147 179.999985 -177.031418 177.104309 173.677307 -177.666138 178.537140 7.936456 1.453202 -1.546206 15.672053 -8.810846 73.580887 177.079712 -178.216492 -177.921280 176.519501 178.882187 174.770187 48.368370 38.312687 9.202581 0.000367 -0.000235 9.681862 0.000270 -0.000116 6.448119 180.000000 179.999985 -180.000000 15.000298 -0.000194 31.345623 0.000306 -0.000008 25.646425 0.000190 0.000085 17.952494 180.000000 179.999985 -180.000000 0.000421 -0.000268 37.556984 0.000499 0.000037 37.556988 0.000240 0.000228 25.012939 180.000000 179.999985 -180.000000 170.000504 -179.999664 -146.169037 0.000592 -0.000002 33.830959 0.000321 0.000230 22.531433 180.000000 179.999985 -180.000000 160.000107 -179.999939 -159.198151 0.000185 -0.000048 31.202805 0.000123 0.000026 20.781055 175.286545 -178.345200 177.957458 166.314636 -170.463028 105.392540 168.963669 176.925186 177.787704 8.685246 5.616469 1.854266 124.395218 126.231758 162.926575 179.999969 -179.999954 173.784027 179.999969 -179.999985 175.860153 180.000000 -180.000000 180.000000 165.000793 179.999725 154.275757 0.000675 -0.000081 -21.047115 0.000423 -0.000232 -14.732989 180.000000 -180.000000 180.000000 0.001791 0.000566 -32.657387 0.001810 -0.000505 -32.657387 0.000837 -0.000938 -21.749802 180.000000 -180.000000 180.000000 10.001478 0.000452 -32.010891 0.001505 -0.000396 -32.010883 0.000698 -0.000755 -21.319258 180.000000 -180.000000 180.000000 20.000687 0.000214 -24.758764 0.001075 -0.000138 -37.138142 0.000520 -0.000505 -24.733990
-23.202547 98.156265 3.830180 87.580055 -179.126328 176.619629 10.018186 -48.813427 10.832633 144.799606 116.614471 146.658646 178.706039 -162.210175 -178.431213 15.241156 4.788871 4.280685 170.418777 156.949249 -179.543488 176.270981 -175.097031 -179.036316 0.300147 7.158591 0.989948 0.327035 7.016052 1.836031 1.140460 4.983012 2.561780 179.999969 -177.438568 177.177902 179.999985 -177.011673 177.077103 173.731125 -177.652084 178.520309 8.053319 1.462393 -1.674714 16.378691 -9.168372 73.515663 177.031021 -178.068710 -178.055252 176.545715 178.923904 174.638153 47.721039 38.037266 8.651423 179.999527 179.999634 -170.207687 179.999649 179.999817 -173.478317 180.000000 -180.000000 -180.000000 15.000358 -0.000299 31.384081 0.000371 -0.000046 25.677895 0.000248 0.000084 17.974514 180.000000 -180.000000 -180.000000 0.000307 -0.000263 37.628407 0.000388 -0.000004 37.628410 0.000207 0.000161 25.060522 180.000000 -180.000000 -180.000000 170.000381 -179.999695 -146.082397 0.000464 -0.000036 33.917622 0.000288 0.000150 22.589132 180.000000 -180.000000 -180.000000 160.000153 -179.999847 -159.187180 0.000277 -0.000099 31.219265 0.000187 0.000035 20.792028 175.189789 -178.288101 177.873993 166.359146 -170.708496 105.504585 168.727295 177.284683 177.785416 8.552920 5.294890 1.897835 124.596504 126.288383 163.184341 179.999985 -179.999985 173.796219 179.999985 -179.999985 175.868317 0.000000 -0.000000 0.000000 165.000763 179.999725 154.138733 0.000650 -0.000057 -21.159218 0.000415 -0.000196 -14.811457 0.000000 -0.000000 0.000000 0.001577 0.000570 -32.955704 0.001622 -0.000380 -32.955723 0.000765 -0.000804 -21.948496 0.000000 -0.000000 0.000000 10.001403 0.000504 -32.240215 0.001455 -0.000324 -32.240223 0.000709 -0.000696 -21.471994 0.000000 -0.000000 0.000000 20.000429 0.000149 -24.894127 0.000664 -0.000055 -37.341145 0.000330 -0.000291 -24.869226
-23.883368 98.669205 3.691463 87.760170 -179.175415 176.585815 9.725202 -47.845600 11.219247 146.052307 117.220551 147.744751 178.377258 -162.011169 -178.424362 14.704404 3.656674 4.478331 171.188431 154.854355 -179.812119 175.666702 -177.219757 -178.814056 0.320910 7.250885 1.062393 0.341244 7.106206 1.927795 1.182457 5.037848 2.690800 179.999969 -177.431778 177.157822 179.999985 -177.003708 177.056305 173.782822 -177.646820 178.506516 8.171294 1.455152 -1.807582 17.162699 -9.524289 73.449417 177.008316 -177.819260 -178.188950 176.612213 178.934601 174.491058 49.034042 39.139946 10.340316 0.000450 -0.000377 9.689881 0.000336 -0.000195 6.453457 180.000000 180.000000 -180.000000 15.000375 -0.000356 31.440235 0.000428 -0.000098 25.723822 0.000290 0.000065 18.006681 180.000000 180.000000 -180.000000 0.000269 -0.000258 37.684013 0.000363 -0.000036 37.684025 0.000218 0.000130 25.097567 180.000000 180.000000 -180.000000 170.000275 -179.999725 -146.010315 0.000406 -0.000086 33.989670 0.000255 0.000106 22.637129 180.000000 180.000000 -180.000000 160.000015 -179.999985 -159.143372 0.000037 -0.000014 31.284975 0.000019 0.000010 20.835794 175.101562 -178.227234 177.793518 166.299240 -170.972305 105.611862 168.542831 177.694809 177.800491 8.422961 4.944949 1.916522 124.895409 126.381477 163.545105 0.000003 0.000004 -6.197994 180.000000 -180.000000 175.872131 0.000000 0.000002 0.000000 165.000687 179.999695 153.990677 0.000617 -0.000027 -21.280359 0.000405 -0.000171 -14.896238 0.000000 0.000002 0.000000 0.001228 0.000529 -33.273983 0.001313 -0.000231 -33.274006 0.000638 -0.000626 -22.160473 0.000000 0.000002 0.000000 10.001101 0.000475 -32.521416 0.001187 -0.000202 -32.521404 0.000594 -0.000543 -21.659258 0.000000 0.000002 0.000000 20.000425 0.000192 -24.967010 0.000692 -0.000016 -37.450508 0.000368 -0.000289 -24.942030
-24.553963 99.198669 3.584388 87.962433 -179.236679 176.589371 9.370173 -46.845478 11.559998 147.542984 117.839546 148.978668 178.001663 -161.845673 -178.398483 14.161826 2.435246 4.636595 171.915665 152.635361 179.922760 175.160156 -179.311676 -178.601883 0.336376 7.331313 1.124777 0.351627 7.184831 2.006404 1.209398 5.086061 2.800492 0.000000 -2.562884 -2.853204 179.999985 -177.009964 177.044891 173.834991 -177.652222 178.497192 8.283945 1.425194 -1.940413 17.997215 -9.869820 73.390602 177.034042 -177.547806 -178.327576 176.684174 178.989334 174.343414 49.101101 39.319538 10.676322 0.000374 -0.000339 9.773539 0.000280 -0.000182 6.509192 180.000000 -179.999985 180.000000 15.000310 -0.000351 31.526964 0.000353 -0.000111 25.794790 0.000258 0.000038 18.056339 180.000000 -179.999985 180.000000 0.000150 -0.000178 37.754044 0.000210 -0.000041 37.754044 0.000124 0.000069 25.144188 180.000000 -179.999985 180.000000 170.000259 -179.999695 -145.944504 0.000378 -0.000112 34.055450 0.000247 0.000085 22.680956 180.000000 -179.999985 180.000000 159.999969 179.999954 -159.131302 179.999924 179.999939 -148.696945 179.999939 -180.000000 -159.152161 175.036972 -178.175888 177.721207 166.205444 -171.233353 105.691765 168.405869 178.070923 177.827606 8.291162 4.597701 1.911204 125.224236 126.519012 163.948944 0.000039 0.000033 -6.194405 0.000032 0.000022 -4.125469 0.000003 -0.000000 0.000000 165.000641 179.999664 153.821777 0.000590 0.000004 -21.418530 0.000391 -0.000141 -14.992969 0.000003 -0.000000 0.000000 0.000904 0.000444 -33.585526 0.001006 -0.000131 -33.585510 0.000508 -0.000440 -22.367956 0.000003 -0.000000 0.000000 10.000784 0.000392 -32.807781 0.000877 -0.000094 -32.807789 0.000443 -0.000367 -21.849991 0.000003 -0.000000 0.000000 20.000422 0.000213 -25.063442 0.000703 0.000032 -37.595161 0.000381 -0.000281 -25.038370
-25.200171 99.731758 3.479962 88.189949 -179.306686 176.619019 9.047626 -45.840057 11.864575 148.985306 118.524452 150.146622 177.616272 -161.715378 -178.354172 13.420825 1.156530 4.755096 172.698853 150.327942 179.661880 174.847473 178.657913 -178.448349 0.343638 7.395659 1.178013 0.356751 7.247778 2.073320 1.214857 5.125237 2.891796 179.999985 -177.457687 177.147705 0.000004 -2.966039 -2.954162 173.892212 -177.671082 178.493820 8.405100 1.393442 -2.056083 18.851778 -10.214698 73.329254 177.104645 -177.162827 -178.451920 176.773026 178.970062 174.172958 49.221470 39.519508 11.083479 0.000232 -0.000221 9.861332 0.000173 -0.000116 6.567659 180.000000 180.000000 -179.999985 15.000084 -0.000117 31.632385 0.000112 -0.000045 25.881025 0.000081 0.000009 18.116734 180.000000 180.000000 -179.999985 0.000034 -0.000044 37.806614 0.000056 -0.000016 37.806614 0.000041 0.000012 25.179205 180.000000 180.000000 -179.999985 170.000153 -179.999771 -145.863464 0.000255 -0.000101 34.136551 0.000166 0.000047 22.734945 180.000000 180.000000 -179.999985 159.999939 179.999878 -159.138016 179.999847 179.999863 -148.707001 179.999863 179.999985 -159.158875 175.010849 -178.148880 177.662338 166.106110 -171.485016 105.737923 168.312302 178.381668 177.861923 8.158511 4.258125 1.882604 125.495331 126.683823 164.279373 0.000058 0.000041 -6.202103 0.000043 0.000029 -4.130577 0.000000 -0.000000 0.000000 165.000458 179.999725 153.607391 0.000438 0.000035 -21.593988 0.000297 -0.000086 -15.115775 0.000000 -0.000000 0.000000 0.000565 0.000331 -33.886688 0.000658 -0.000040 -33.886692 0.000353 -0.000266 -22.568546 0.000000 -0.000000 0.000000 10.000463 0.000284 -33.073357 0.000546 -0.000016 -33.073353 0.000295 -0.000209 -22.026857 0.000000 -0.000000 0.000000 20.000290 0.000184 -25.205032 0.000496 0.000060 -37.807560 0.000294 -0.000171 -25.179823
-25.814682 100.259956 3.374961 88.439194 -179.381958 176.671616 8.636502 -44.841553 12.132855 150.372650 119.246399 151.251328 177.341827 -161.610977 -178.338638 12.595166 -0.177283 4.836966 173.479111 147.965195 179.394577 174.691940 176.654617 -178.327225 0.348402 7.448515 1.222269 0.360475 7.299454 2.128854 1.216749 5.157400 2.967238 179.999985 -177.491180 177.163330 0.000003 -2.926932 -2.937974 173.933151 -177.701111 178.499069 8.516768 1.362067 -2.143225 19.724222 -10.567534 73.243088 177.231171 -176.693115 -178.571152 176.875153 178.915726 174.004227 49.302460 39.731575 11.431556 0.000074 -0.000073 9.935276 0.000059 -0.000041 6.616897 0.000000 -0.000003 0.000000 14.999997 0.000017 31.675463 180.000000 179.999985 -154.083725 179.999985 179.999985 -161.858597 0.000000 -0.000003 0.000000 179.999985 179.999939 -142.171204 179.999939 179.999985 -142.171204 179.999969 -179.999985 -154.806015 0.000000 -0.000003 0.000000 170.000092 -179.999847 -145.799393 0.000162 -0.000078 34.200603 0.000121 0.000012 22.777605 0.000000 -0.000003 0.000000 159.999863 179.999725 -159.153320 179.999664 179.999695 -148.729996 179.999695 179.999939 -159.174164 174.995865 -178.133148 177.620041 165.985397 -171.737534 105.760323 168.261063 178.669769 177.901459 8.024019 3.963372 1.836215 125.710518 126.860481 164.530579 0.000048 0.000030 -6.222323 0.000035 0.000017 -4.144069 0.000003 0.000002 -0.000002 165.000320 179.999771 153.409348 0.000319 0.000050 -21.755987 0.000214 -0.000052 -15.229182 0.000003 0.000002 -0.000002 0.000349 0.000236 -34.134575 0.000423 0.000006 -34.134560 0.000227 -0.000159 -22.733616 0.000003 0.000002 -0.000002 10.000271 0.000193 -33.284645 0.000320 0.000014 -33.284611 0.000182 -0.000111 -22.167564 0.000003 0.000002 -0.000002 20.000181 0.000140 -25.336863 0.000329 0.000073 -38.005299 0.000192 -0.000107 -25.311531
-26.400133 100.785324 3.268015 88.707825 -179.457672 176.744034 8.258585 -43.851425 12.343307 151.555252 120.043610 152.210342 177.169159 -161.534470 -178.340805 11.747033 -1.572353 4.895223 174.189224 145.523499 179.101746 174.707367 174.802719 -178.253845 0.348446 7.495584 1.260159 0.361081 7.345566 2.177544 1.205607 5.187062 3.031947 0.000020 -2.466399 -2.806555 180.000000 -177.122528 177.093231 173.976624 -177.739288 178.512405 8.632655 1.326071 -2.212243 20.601301 -10.934004 73.123711 177.421844 -176.169617 -178.685501 176.989075 178.843781 173.845032 49.293919 39.970699 11.627620 179.999985 179.999985 -170.030899 179.999985 179.999985 -173.360550 180.000000 180.000000 -179.999985 14.999935 0.000131 31.683147 179.999893 179.999924 -154.077423 179.999924 179.999985 -161.854202 180.000000 180.000000 -179.999985 179.999725 179.999405 -142.141449 179.999435 179.999710 -142.141449 179.999588 -179.999924 -154.786209 180.000000 180.000000 -179.999985 170.000046 -179.999924 -145.747009 0.000071 -0.000042 34.252968 0.000056 0.000003 22.812481 180.000000 180.000000 -179.999985 159.999863 179.999634 -159.224625 179.999603 179.999588 -148.836914 179.999619 179.999893 -159.245377 175.004974 -178.117218 177.583435 165.871597 -171.998505 105.757027 168.227402 178.884903 177.936707 7.897809 3.678764 1.774052 125.771919 127.015045 164.605515 0.000030 0.000020 -6.246069 0.000023 0.000013 -4.159871 0.000000 -0.000000 0.000000 165.000427 179.999634 153.272812 0.000453 0.000110 -21.867691 0.000324 -0.000050 -15.307383 0.000000 -0.000000 0.000000 0.000197 0.000159 -34.339508 0.000250 0.000025 -34.339539 0.000143 -0.000086 -22.870119 0.000000 -0.000000 0.000000 10.000122 0.000108 -33.450924 0.000169 0.000020 -33.450939 0.000096 -0.000044 -22.278315 0.000000 -0.000000 0.000000 20.000103 0.000091 -25.454243 0.000186 0.000063 -38.181370 0.000129 -0.000044 -25.428793
-26.953388 101.302597 3.168606 88.990128 -179.531815 176.833084 7.831398 -42.861038 12.501478 152.920059 120.819901 153.298325 176.951416 -161.487350 -178.322296 11.039605 -3.030844 4.944148 174.665161 142.990631 178.757553 174.882339 173.257935 -178.229279 0.345692 7.538372 1.292428 0.359229 7.387483 2.220128 1.184583 5.214965 3.087224 0.000007 -2.418589 -2.764282 0.000013 -2.821682 -2.863007 174.015244 -177.782440 178.532928 8.750548 1.287408 -2.262331 21.462908 -11.314498 72.955757 177.687653 -175.608658 -178.781647 177.115891 178.739197 173.692032 49.194767 40.165844 11.642278 179.999969 179.999954 -170.031006 179.999969 179.999969 -173.360626 0.000000 -0.000002 0.000000 14.999935 0.000190 31.643768 179.999878 179.999893 -154.109650 179.999893 179.999985 -161.876755 0.000000 -0.000002 0.000000 179.999924 179.999756 -142.370682 179.999802 179.999847 -142.370697 179.999847 -179.999985 -154.938873 0.000000 -0.000002 0.000000 170.000000 -179.999985 -145.715790 0.000002 0.000005 34.284210 0.000006 -0.000005 22.833286 0.000000 -0.000002 0.000000 159.999893 179.999664 -159.343979 179.999680 179.999557 -149.015976 179.999664 179.999847 -159.364639 175.038589 -178.101120 177.552689 165.757538 -172.274490 105.735565 168.205688 179.069931 177.963959 7.776880 3.460148 1.700990 125.672173 127.123070 164.489227 0.000012 0.000004 -6.272311 0.000007 0.000005 -4.177344 180.000000 179.999985 -180.000000 165.000076 179.999924 152.844055 0.000085 0.000030 -22.218491 0.000069 0.000002 -15.552940 180.000000 179.999985 -180.000000 0.000098 0.000109 -34.513847 0.000148 0.000030 -34.513840 0.000085 -0.000039 -22.986229 180.000000 179.999985 -180.000000 10.000038 0.000040 -33.576202 0.000051 0.000019 -33.576172 0.000033 -0.000009 -22.361740 180.000000 179.999985 -180.000000 20.000050 0.000057 -25.553165 0.000091 0.000044 -38.329727 0.000057 -0.000020 -25.527611
-27.483267 101.833939 3.079219 89.280640 -179.604691 176.938538 7.544529 -41.888054 12.572542 154.053864 121.667839 154.245789 176.775162 -161.470978 -178.293945 10.364376 -4.536093 4.991655 175.182663 140.370667 178.365616 175.057663 172.004318 -178.132523 0.341654 7.577785 1.317224 0.357251 7.426103 2.255863 1.164585 5.241054 3.133477 0.000002 -2.368978 -2.712220 0.000014 -2.763807 -2.809083 174.035156 -177.827057 178.560059 8.858721 1.246627 -2.290576 22.268377 -11.710471 72.729599 178.046570 -175.079300 -178.855011 177.246735 178.711548 173.563065 49.019176 40.391460 11.525127 179.999985 179.999969 -170.068253 179.999985 179.999985 -173.385452 0.000000 -0.000002 -0.000003 14.999971 0.000134 31.553308 179.999924 179.999924 -154.183655 179.999939 179.999985 -161.928558 0.000000 -0.000002 -0.000003 179.999969 179.999847 -142.485199 179.999878 179.999908 -142.485214 179.999893 -180.000000 -155.015137 0.000000 -0.000002 -0.000003 170.000000 179.999985 -145.716080 0.000001 -0.000004 34.283920 0.000001 0.000003 22.833096 0.000000 -0.000002 -0.000003 159.999924 179.999725 -159.502914 179.999771 179.999649 -149.254379 179.999756 179.999878 -159.523407 175.087616 -178.083420 177.529572 165.677032 -172.552872 105.692581 168.192657 179.186661 177.976883 7.663524 3.322318 1.615873 125.463577 127.170715 164.253098 180.000000 180.000000 173.710144 0.000002 0.000002 -4.189041 0.000000 -0.000000 0.000000 165.000015 179.999969 152.726791 0.000036 0.000019 -22.314455 0.000027 0.000004 -15.620118 0.000000 -0.000000 0.000000 0.000048 0.000070 -34.669323 0.000077 0.000028 -34.669319 0.000058 -0.000012 -23.089775 0.000000 -0.000000 0.000000 10.000011 0.000006 -33.632137 0.000020 0.000004 -33.632145 0.000003 0.000001 -22.399012 0.000000 -0.000000 0.000000 20.000010 0.000011 -25.627953 0.000029 0.000025 -38.441940 0.000015 -0.000004 -25.602331
-28.015768 102.354660 2.986394 89.584900 -179.677383 177.049515 7.291120 -40.914833 12.631729 155.119598 122.537544 155.119003 176.570923 -161.462112 -178.232376 9.799488 -6.039858 5.033855 174.585007 137.767960 177.855164 176.002502 170.778320 -178.649490 0.335718 7.616017 1.342106 0.353348 7.463576 2.291042 1.135957 5.267052 3.177654 0.000178 -2.317185 -2.656870 0.000188 -2.703313 -2.751758 174.049713 -177.873383 178.589523 8.970037 1.201057 -2.316290 23.079025 -12.092047 72.491310 178.416306 -174.553253 -178.950516 177.381790 178.622787 173.436691 48.706570 40.543919 11.234121 179.999664 179.999329 -170.104019 179.999710 179.999588 -173.409286 180.000000 -180.000000 -179.999985 14.999922 0.000492 31.423689 179.999725 179.999680 -154.289719 179.999741 179.999878 -162.002823 180.000000 -180.000000 -179.999985 179.999817 179.998672 -142.605042 179.999054 179.999069 -142.605057 179.999115 179.999893 -155.094971 180.000000 -180.000000 -179.999985 170.000290 -179.997864 -145.860168 0.001455 -0.001615 34.139793 0.001410 -0.000351 22.737097 180.000000 -180.000000 -179.999985 159.999634 179.996948 -159.710617 179.997894 179.995865 -149.565903 179.997406 179.998337 -159.730911 175.140610 -178.066055 177.509232 165.583466 -172.826385 105.651718 168.191254 179.306824 177.984055 7.547066 3.209455 1.521267 125.220047 127.179321 163.975098 179.999985 -179.999985 173.697281 179.999985 -179.999985 175.802368 180.000000 180.000000 -180.000000 165.000107 179.999756 152.628525 0.000175 0.000136 -22.394838 0.000143 0.000039 -15.676389 180.000000 180.000000 -180.000000 0.000374 0.000906 -34.803944 0.000823 0.000525 -34.803959 0.000653 -0.000024 -23.179443 180.000000 180.000000 -180.000000 9.999977 -0.000090 -33.678532 179.999939 -179.999969 146.321487 179.999954 -180.000000 157.570099 180.000000 180.000000 -180.000000 19.999933 -0.000178 -25.691719 179.999817 -179.999786 141.462372 179.999832 -179.999969 154.333939
-28.498209 102.852867 2.977558 89.865005 -179.743439 177.179016 6.975735 -39.973862 12.563215 156.518875 123.314095 156.278458 176.321198 -161.491074 -178.185425 9.430651 -7.704649 5.132836 175.070358 134.951675 177.304840 176.120087 170.069153 -178.385223 0.342751 7.653113 1.357016 0.355087 7.499886 2.312431 1.136663 5.291135 3.207393 0.000217 -2.271412 -2.585342 0.000161 -2.649928 -2.677649 174.013199 -177.914368 178.630829 9.059923 1.162766 -2.304974 23.755926 -12.542067 72.146362 178.957245 -174.021118 -178.973755 177.542587 178.528000 173.297195 48.271893 40.613735 10.735166 179.999802 179.999527 -170.164185 179.999817 179.999725 -173.449356 0.000000 0.000002 0.000000 15.000032 -0.000258 31.375774 0.000132 -0.000175 25.671051 0.000128 -0.000063 17.969738 0.000000 0.000002 0.000000 179.999893 179.998810 -142.659607 179.999176 179.999100 -142.659546 179.999207 179.999847 -155.131287 0.000000 0.000002 0.000000 170.000214 -179.997559 -145.788940 0.001540 -0.001882 34.211052 0.001561 -0.000464 22.784563 0.000000 0.000002 0.000000 159.999802 179.997253 -159.838898 179.998322 179.996231 -149.758331 179.997772 179.998398 -159.859055 175.212753 -178.040359 177.494400 165.564774 -173.083694 105.588814 168.222565 179.307159 177.959976 7.457424 3.222147 1.432533 124.737862 127.052231 163.457764 179.999985 -179.999985 173.716980 179.999985 -179.999985 175.815506 0.000000 -0.000000 0.000000 165.000015 179.999893 152.581284 0.000066 0.000062 -22.433468 0.000055 0.000026 -15.703448 0.000000 -0.000000 0.000000 0.000297 0.000997 -34.905861 0.000818 0.000632 -34.905895 0.000700 0.000037 -23.247299 0.000000 -0.000000 0.000000 9.999947 -0.000182 -33.683224 179.999847 -179.999863 146.316788 179.999878 -179.999985 157.566986 0.000000 -0.000000 0.000000 19.999895 -0.000426 -25.701067 179.999603 -179.999481 141.448334 179.999588 -179.999893 154.324661
-28.959641 103.349426 2.974533 90.127869 -179.807343 177.317963 6.785659 -39.073765 12.416390 157.583786 124.145653 157.253403 176.203720 -161.535889 -178.194061 8.488811 -9.417953 5.258539 175.392075 132.078491 176.705002 176.599380 169.652725 -178.419998 0.352458 7.688611 1.366035 0.358765 7.534621 2.328141 1.147973 5.313755 3.230724 0.000183 -2.229532 -2.508538 0.000207 -2.601062 -2.598117 173.967194 -177.952179 178.675949 9.146455 1.132226 -2.280876 24.397522 -13.016206 71.731720 179.557220 -173.516235 -178.963058 177.745804 178.430328 173.147720 47.767620 40.626930 10.184263 179.999863 179.999619 -170.203781 179.999863 179.999771 -173.475708 0.000000 0.000002 0.000000 15.000026 -0.000421 31.380426 0.000194 -0.000284 25.674871 0.000215 -0.000127 17.972399 0.000000 0.000002 0.000000 179.999969 179.998764 -142.705185 179.999207 179.999023 -142.705200 179.999207 179.999802 -155.161667 0.000000 0.000002 0.000000 170.000046 -179.997498 -145.698395 0.001463 -0.002040 34.301563 0.001569 -0.000564 22.844849 0.000000 0.000002 0.000000 159.999985 179.997604 -159.957443 179.998734 179.996628 -149.936142 179.998154 179.998474 -159.977463 175.304230 -178.012619 177.477417 165.563782 -173.333755 105.520653 168.268280 179.262405 177.925430 7.387252 3.277947 1.348500 124.207062 126.902687 162.890289 179.999985 -179.999969 173.742416 179.999985 -179.999985 175.832443 0.000000 0.000000 -0.000002 165.000015 -179.999985 152.555069 179.999985 -179.999985 157.545029 0.000000 -0.000002 -15.718452 0.000000 0.000000 -0.000002 0.000210 0.000890 -35.045155 0.000681 0.000600 -35.045177 0.000610 0.000071 -23.340080 0.000000 0.000000 -0.000002 10.000058 0.000322 -33.593433 0.000241 0.000241 -33.593468 0.000208 0.000038 -22.373249 0.000000 0.000000 -0.000002 19.999926 -0.000488 -25.654659 179.999588 -179.999374 141.518005 179.999512 -179.999847 154.370987
-29.396185 103.836906 2.978897 90.370338 -179.868698 177.463120 6.670901 -38.204357 12.212115 158.578369 124.983185 158.212143 176.092117 -161.603348 -178.224457 7.574220 -11.178474 5.406970 175.802200 129.170425 176.095917 176.955734 169.535095 -178.338943 0.366648 7.722898 1.369928 0.367554 7.568085 2.335735 1.185257 5.334006 3.246499 0.000174 -2.190881 -2.426188 0.000155 -2.555990 -2.512810 173.897156 -177.987198 178.725418 9.219078 1.108317 -2.239711 24.963610 -13.520790 71.260002 0.250187 -6.994646 1.085887 177.951843 178.328293 172.985672 47.394924 40.659531 9.786692 179.999924 179.999741 -170.236191 179.999924 179.999847 -173.497299 0.000002 -0.000002 -0.000003 14.999978 -0.000770 31.383900 0.000327 -0.000547 25.677725 0.000369 -0.000249 17.974422 0.000002 -0.000002 -0.000003 0.000042 0.001060 37.238865 179.999374 179.999130 -142.761108 179.999329 179.999786 -155.198898 0.000002 -0.000002 -0.000003 169.999893 -179.997269 -145.606323 0.001473 -0.002315 34.393650 0.001683 -0.000720 22.906179 0.000002 -0.000002 -0.000003 160.000107 179.998001 -160.068176 179.999115 179.997116 -150.102234 179.998535 179.998627 -160.088074 175.394958 -177.982727 177.467239 165.640594 -173.572113 105.425179 168.297195 179.106888 177.883240 7.354573 3.359840 1.273163 123.764885 126.739677 162.429565 179.999985 -179.999954 173.777313 179.999985 -179.999985 175.855698 0.000000 -0.000000 0.000000 165.000000 -179.999969 152.554047 179.999985 -179.999969 157.544220 179.999985 -179.999985 164.280975 0.000000 -0.000000 0.000000 0.000123 0.000673 -35.194302 0.000503 0.000483 -35.194298 0.000446 0.000068 -23.439400 0.000000 -0.000000 0.000000 9.999977 -0.000142 -33.698311 179.999908 -179.999878 146.301682 179.999908 -179.999985 157.556931 0.000000 -0.000000 0.000000 19.999952 -0.000555 -25.596619 179.999588 -179.999283 141.605087 179.999481 -179.999817 154.428970
-29.809147 104.314377 3.006034 90.589348 -179.925613 177.607056 6.533179 -37.329662 11.969997 159.600311 125.839539 159.218384 176.027191 -161.690063 -178.290878 6.664257 -12.960750 5.572573 176.568771 126.216637 175.563858 177.087509 169.740494 -178.033340 0.384095 7.756592 1.372237 0.381125 7.600885 2.337523 1.246285 5.352501 3.257603 0.000158 -2.154847 -2.341131 0.000147 -2.513950 -2.424728 173.813629 -178.020065 178.777039 9.298120 1.093204 -2.188447 25.445086 -14.055359 70.737991 1.119169 -7.505465 1.164957 178.084152 178.254211 172.810211 47.233154 40.773308 9.672671 179.999878 179.999664 -170.248871 179.999893 179.999802 -173.505753 0.000002 0.000002 0.000000 14.999958 -0.000798 31.416203 0.000301 -0.000570 25.704151 0.000359 -0.000268 17.992910 0.000002 0.000002 0.000000 0.000113 0.001320 37.203487 179.999298 179.998886 -142.796570 179.999207 179.999710 -155.222504 0.000002 0.000002 0.000000 169.999741 -179.997070 -145.498749 0.001463 -0.002579 34.501202 0.001778 -0.000856 22.977823 0.000002 0.000002 0.000000 160.000168 179.997986 -160.152313 179.999252 179.997070 -150.228485 179.998596 179.998550 -160.172165 175.488998 -177.949600 177.460480 165.777328 -173.804825 105.306511 168.324554 178.882751 177.835693 7.335817 3.482548 1.216741 123.411407 126.599457 162.068146 179.999985 -179.999969 173.810806 179.999985 -179.999985 175.878006 0.000000 -0.000000 0.000002 164.999969 -179.999924 152.554642 179.999969 -179.999954 157.544724 179.999954 -179.999985 164.281296 0.000000 -0.000000 0.000002 0.000076 0.000437 -35.322147 0.000308 0.000306 -35.322109 0.000286 0.000049 -23.524513 0.000000 -0.000000 0.000002 10.000001 -0.000149 -33.677315 179.999893 -179.999878 146.322739 179.999908 -179.999985 157.570923 0.000000 -0.000000 0.000002 19.999950 -0.000638 -25.524982 179.999512 -179.999176 141.712509 179.999405 -179.999756 154.500549
-30.207577 104.789093 3.055815 90.782288 -179.976471 177.747223 6.425329 -36.454750 11.700758 160.731781 126.694260 160.304886 175.880890 -161.797058 -178.339691 5.775964 -14.733313 5.750185 176.845154 123.307182 174.877213 177.427551 170.335541 -177.969208 0.406323 7.789937 1.372605 0.401152 7.633302 2.334138 1.339113 5.368543 3.265782 0.000139 -2.119565 -2.255110 0.000110 -2.472784 -2.335637 173.710220 -178.052170 178.829956 9.366519 1.083523 -2.130224 25.852386 -14.616984 70.178352 2.109591 -8.003912 1.261646 178.168106 178.224792 172.639145 47.256081 40.968430 9.784192 179.999786 179.999420 -170.257736 179.999786 179.999634 -173.511658 180.000000 180.000000 -179.999985 15.000008 0.000038 31.483648 179.999985 179.999985 -154.240662 179.999985 179.999985 -161.968475 180.000000 180.000000 -179.999985 0.000231 0.001891 37.165085 179.999069 179.998367 -142.834930 179.998825 179.999496 -155.248047 180.000000 180.000000 -179.999985 169.999756 -179.997955 -145.330185 0.000952 -0.001810 34.669853 0.001199 -0.000630 23.090097 180.000000 180.000000 -179.999985 160.000290 179.997726 -160.233871 179.999268 179.996658 -150.350784 179.998474 179.998306 -160.253647 175.576248 -177.912613 177.458542 165.970917 -174.037933 105.162514 168.365860 178.612900 177.784927 7.329902 3.639170 1.179258 123.163284 126.521301 161.806519 179.999985 -179.999969 173.826843 179.999985 -179.999985 175.888672 0.000000 -0.000000 0.000000 164.999985 -179.999847 152.561462 179.999908 -179.999878 157.550308 179.999924 -179.999954 164.285202 0.000000 -0.000000 0.000000 0.000043 0.000242 -35.411549 0.000156 0.000162 -35.411537 0.000164 0.000032 -23.584074 0.000000 -0.000000 0.000000 9.999980 -0.000209 -33.659069 179.999863 -179.999847 146.340912 179.999863 -179.999969 157.583069 0.000000 -0.000000 0.000000 19.999983 -0.000318 -25.383200 179.999786 -179.999588 141.925201 179.999725 -179.999878 154.642181
-30.588600 105.256485 3.105096 90.949806 179.979614 177.884476 6.348268 -35.590935 11.402197 161.516129 127.630608 161.187531 175.962784 -161.914886 -178.450928 4.826752 -16.530710 5.944291 177.113358 120.398926 174.134781 177.725739 171.379013 -177.888992 0.431219 7.821823 1.369935 0.425837 7.664205 2.325474 1.454926 5.382219 3.269877 0.000100 -2.082460 -2.168354 0.000124 -2.429498 -2.245778 173.596893 -178.086029 178.883255 9.422166 1.077797 -2.067851 26.145325 -15.215870 69.609932 3.157189 -8.370483 1.366051 178.218475 178.307922 172.494781 47.408924 41.325962 10.046780 179.999756 179.999329 -170.295486 179.999756 179.999588 -173.536789 180.000000 -180.000000 180.000000 15.000084 0.000666 31.506153 179.999771 179.999496 -154.222214 179.999725 179.999756 -161.955551 180.000000 -180.000000 180.000000 0.000319 0.002326 37.086506 179.998840 179.997940 -142.913483 179.998566 179.999374 -155.300354 180.000000 -180.000000 180.000000 169.999878 -179.999084 -145.181961 0.000409 -0.000797 34.818027 0.000535 -0.000283 23.188797 180.000000 -180.000000 180.000000 160.000351 179.997330 -160.332947 179.999161 179.996017 -150.499435 179.998215 179.997971 -160.352615 175.668732 -177.875931 177.462540 166.217529 -174.275497 104.989861 168.420166 178.305023 177.732635 7.364962 3.829432 1.155122 123.008591 126.485703 161.661377 179.999985 -179.999969 173.843506 179.999985 -179.999985 175.899780 180.000000 -179.999985 -180.000000 164.999969 -179.999771 152.579056 179.999893 -179.999847 157.564667 179.999893 -179.999939 164.295273 180.000000 -179.999985 -180.000000 0.000007 0.000057 -35.471809 0.000039 0.000037 -35.471806 0.000053 0.000013 -23.624207 180.000000 -179.999985 -180.000000 9.999969 -0.000213 -33.627796 179.999863 -179.999832 146.372192 179.999863 -179.999954 157.603867 180.000000 -179.999985 -180.000000 19.999952 -0.000517 -25.360321 179.999634 -179.999298 141.959473 179.999527 -179.999786 154.665009
-30.955181 105.717705 3.158598 91.094872 179.943710 178.019989 6.313792 -34.734032 11.092270 162.337723 128.568970 162.080978 175.972946 -162.048920 -178.529633 3.947016 -18.437353 6.176860 176.987366 117.435974 173.141724 178.023773 172.787201 -177.829529 0.456670 7.851803 1.363636 0.453025 7.693191 2.311165 1.584152 5.394032 3.268162 0.000108 -2.041377 -2.080884 0.000089 -2.381589 -2.155195 173.489838 -178.123627 178.936295 9.471704 1.074558 -2.003906 26.395367 -15.827184 69.030312 4.254909 -8.673706 1.466659 178.253677 178.398148 172.382858 47.528492 41.703072 10.249050 179.999771 179.999374 -170.352310 179.999786 179.999603 -173.574646 0.000000 -0.000002 -0.000003 15.000170 0.001092 31.484385 179.999649 179.999176 -154.240036 179.999542 179.999588 -161.968063 0.000000 -0.000002 -0.000003 0.000357 0.002259 36.949764 179.998932 179.997986 -143.050262 179.998627 179.999344 -155.391449 0.000000 -0.000002 -0.000003 169.999908 -179.999390 -145.119873 0.000274 -0.000563 34.880108 0.000375 -0.000211 23.230167 0.000000 -0.000002 -0.000003 160.000458 179.997086 -160.478302 179.999191 179.995651 -150.717484 179.998138 179.997726 -160.497833 175.770798 -177.841431 177.473526 166.473785 -174.522598 104.802650 168.495697 178.003738 177.678085 7.429953 4.042425 1.144200 123.004791 126.488495 161.687332 179.999985 -179.999985 173.858078 179.999985 -179.999985 175.909470 180.000000 -179.999985 -180.000000 164.999969 -179.999756 152.615829 179.999878 -179.999847 157.594772 179.999863 -179.999924 164.316315 180.000000 -179.999985 -180.000000 0.000068 0.000611 -35.417282 0.000433 0.000464 -35.417290 0.000401 0.000085 -23.587919 180.000000 -179.999985 -180.000000 9.999977 -0.000200 -33.588284 179.999878 -179.999847 146.411728 179.999878 -179.999969 157.630203 180.000000 -179.999985 -180.000000 19.999987 -0.000469 -25.264277 179.999695 -179.999374 142.103622 179.999573 -179.999802 154.760986
-31.309175 106.169113 3.200840 91.220505 179.916382 178.154617 6.401131 -33.883698 10.770419 162.931213 129.571152 162.831924 176.019379 -162.203964 -178.607376 3.310335 -20.424442 6.463453 176.026352 114.486984 171.604202 178.331375 174.411560 -177.779388 0.484054 7.880326 1.353028 0.484110 7.720733 2.289248 1.733679 5.404097 3.258914 0.000097 -1.995397 -1.990131 0.000078 -2.327941 -2.061184 173.371368 -178.165710 178.991058 9.501675 1.069646 -1.937584 26.545647 -16.479916 68.470085 5.396248 -8.831168 1.568086 178.286728 178.578995 172.289459 47.665920 42.119442 10.469834 179.999832 179.999466 -170.417816 179.999832 179.999664 -173.618271 0.000000 -0.000000 0.000000 15.000212 0.001279 31.421377 179.999603 179.999023 -154.291580 179.999466 179.999496 -162.004120 0.000000 -0.000000 0.000000 0.000382 0.002137 36.798157 179.999023 179.998062 -143.201828 179.998703 179.999344 -155.492416 0.000000 -0.000000 0.000000 169.999924 -179.999573 -145.071976 0.000189 -0.000401 34.928020 0.000249 -0.000145 23.262049 0.000000 -0.000000 0.000000 160.000702 179.995941 -160.621918 179.999008 179.993912 -150.932892 179.997467 179.996765 -160.641296 175.854965 -177.803711 177.496902 166.760223 -174.798035 104.596687 168.571762 177.679092 177.625763 7.509038 4.258284 1.144116 123.130142 126.518097 161.841736 179.999985 -179.999985 173.862900 179.999985 -179.999985 175.912689 180.000000 -180.000000 180.000000 164.999954 -179.999756 152.663040 179.999878 -179.999847 157.633423 179.999878 -179.999924 164.343399 180.000000 -180.000000 180.000000 179.999985 -179.999847 144.376099 179.999908 -179.999893 144.376129 179.999908 -179.999985 156.274490 180.000000 -180.000000 180.000000 9.999982 -0.000195 -33.549770 179.999878 -179.999847 146.450226 179.999878 -179.999954 157.655853 180.000000 -180.000000 180.000000 19.999987 -0.000405 -25.167507 179.999725 -179.999466 142.248718 179.999649 -179.999832 154.857635
-31.655090 106.618713 3.238371 91.327904 179.896484 178.289917 6.466854 -33.026970 10.453906 163.553696 130.599426 163.583557 176.058884 -162.385239 -178.686218 2.365388 -22.426971 6.807682 175.588654 111.533363 170.108765 178.432510 176.207626 -177.480286 0.514793 7.907065 1.337657 0.518384 7.746531 2.259413 1.900273 5.412649 3.241321 0.000085 -1.944286 -1.893981 0.000064 -2.268310 -1.961606 173.236923 -178.212509 179.048859 9.513463 1.062832 -1.871661 26.581043 -17.202084 67.944267 6.556926 -8.868419 1.675569 178.315582 178.785431 172.205597 47.740635 42.529728 10.625211 179.999878 179.999512 -170.483276 179.999847 179.999695 -173.661865 0.000000 -0.000002 -0.000003 15.000179 0.001023 31.314590 179.999695 179.999207 -154.378983 179.999573 179.999588 -162.065277 0.000000 -0.000002 -0.000003 0.000322 0.001716 36.619644 179.999237 179.998428 -143.380310 179.998978 179.999466 -155.611298 0.000000 -0.000002 -0.000003 169.999939 -179.999619 -145.036728 0.000157 -0.000341 34.963268 0.000214 -0.000129 23.285534 0.000000 -0.000002 -0.000003 160.000443 179.997604 -160.996796 179.999466 179.996384 -151.495163 179.998550 179.998047 -161.015793 175.915115 -177.761841 177.531891 167.080780 -175.121948 104.372635 168.631790 177.354294 177.579056 7.603566 4.481373 1.151133 123.293640 126.591927 162.061874 179.999985 -179.999985 173.872208 179.999985 -179.999985 175.918900 0.000002 0.000003 -0.000003 164.999954 -179.999802 152.718353 179.999908 -179.999863 157.678665 179.999893 -179.999939 164.375092 0.000002 0.000003 -0.000003 179.999985 -179.999832 144.403717 179.999893 -179.999878 144.403702 179.999878 -179.999969 156.292877 0.000002 0.000003 -0.000003 9.999985 -0.000154 -33.503426 179.999908 -179.999863 146.496582 179.999908 -179.999969 157.686722 0.000002 0.000003 -0.000003 20.000006 -0.000288 -25.066076 179.999832 -179.999619 142.400879 179.999756 -179.999863 154.959000
-32.006382 107.062027 3.251440 91.422890 179.881973 178.426117 6.811288 -32.178143 10.128040 163.822968 131.717392 164.128036 176.063354 -162.590729 -178.743851 1.303086 -24.451891 7.220188 174.948486 108.626244 168.288010 178.443146 178.180969 -177.073593 0.546846 7.931564 1.317755 0.555204 7.770122 2.221633 2.080853 5.419748 3.214974 0.000059 -1.889927 -1.794858 0.000078 -2.204896 -1.858974 173.086243 -178.262360 179.108368 9.508235 1.053570 -1.807868 26.523188 -17.972506 67.461769 7.747526 -8.824407 1.786290 178.338654 178.984039 172.124725 47.740818 42.868542 10.657456 179.999908 179.999542 -170.555099 179.999893 179.999710 -173.709702 0.000000 -0.000000 0.000000 15.000140 0.000699 31.210060 179.999802 179.999451 -154.464462 179.999725 179.999710 -162.125153 0.000000 -0.000000 0.000000 0.000261 0.001202 36.445805 179.999496 179.998871 -143.554169 179.999283 179.999588 -155.727081 0.000000 -0.000000 0.000000 169.999893 -179.999512 -145.008926 0.000189 -0.000458 34.991062 0.000278 -0.000175 23.304050 0.000000 -0.000000 0.000000 160.000351 179.998337 -161.240692 179.999710 179.997452 -151.861053 179.999039 179.998596 -161.259460 175.954163 -177.720474 177.577576 167.419952 -175.483887 104.137276 168.679703 177.004745 177.539444 7.714117 4.690122 1.157747 123.154648 126.541115 162.134949 0.001224 0.001006 -6.007510 0.000880 0.000577 -4.001001 0.000003 0.000003 -0.000003 164.999985 -179.999847 152.774094 179.999924 -179.999893 157.724289 179.999924 -179.999954 164.406998 0.000003 0.000003 -0.000003 179.999985 -179.999832 144.443558 179.999893 -179.999863 144.443573 179.999893 -179.999985 156.319443 0.000003 0.000003 -0.000003 10.000003 -0.000159 -33.463730 179.999924 -179.999878 146.536285 179.999924 -179.999985 157.713165 0.000003 0.000003 -0.000003 20.000021 -0.000286 -24.997492 179.999832 -179.999603 142.503799 179.999741 -179.999863 155.027527
-32.360195 107.495819 3.281299 91.506386 179.870758 178.562790 7.025844 -31.317841 9.835669 164.339478 132.797272 164.772690 175.977264 -162.799286 -178.791870 0.508499 -26.503187 7.702430 173.456192 105.827171 165.692978 178.300964 -179.744980 -176.506088 0.586206 7.953894 1.292338 0.596985 7.791614 2.173742 2.287378 5.424910 3.178466 0.000044 -1.835226 -1.692988 0.000025 -2.141089 -1.753432 172.886032 -178.312485 179.170547 9.467119 1.037230 -1.738754 26.306986 -18.787554 67.052040 8.990315 -8.619012 1.919379 178.350357 179.266327 172.023544 47.772022 43.161221 10.661288 179.999969 179.999603 -170.643463 179.999939 179.999741 -173.768555 180.000000 180.000000 -179.999985 15.000082 0.000389 31.119602 179.999893 179.999695 -154.538513 179.999847 179.999847 -162.176956 180.000000 180.000000 -179.999985 0.000193 0.000841 36.299126 179.999649 179.999207 -143.700867 179.999496 179.999710 -155.824799 180.000000 180.000000 -179.999985 169.999893 -179.999496 -144.956558 0.000198 -0.000473 35.043438 0.000278 -0.000174 23.338921 180.000000 180.000000 -179.999985 160.000290 179.998718 -161.438919 179.999786 179.998047 -152.158371 179.999268 179.998917 -161.457474 175.953461 -177.680634 177.641083 167.772583 -175.870743 103.894791 168.744980 176.680893 177.501816 7.824081 4.930821 1.172665 124.609428 127.137222 163.147705 0.000005 0.000004 -6.385942 0.000008 0.000004 -4.253036 180.000000 179.999985 180.000000 164.999985 -179.999863 152.823883 179.999954 -179.999924 157.764999 179.999954 -179.999969 164.435501 180.000000 179.999985 180.000000 179.999985 -179.999847 144.496002 179.999893 -179.999878 144.496002 179.999908 -179.999985 156.354324 180.000000 179.999985 180.000000 9.999998 -0.000138 -33.416672 179.999939 -179.999893 146.583359 179.999939 -179.999969 157.744507 180.000000 179.999985 180.000000 20.000013 -0.000197 -24.900978 179.999893 -179.999741 142.648529 179.999832 -179.999893 155.123917
-32.716583 107.918465 3.313795 91.584007 179.860367 178.699448 7.221822 -30.451586 9.570847 164.789932 133.900742 165.347382 175.918793 -163.012192 -178.861526 179.734756 -151.431473 -171.758041 170.508286 103.198975 161.802551 178.200699 -177.661453 -176.004990 0.606006 7.968950 1.271672 0.617667 7.806214 2.135130 2.393231 5.432228 3.141340 0.000027 -1.778423 -1.604456 0.000036 -2.074816 -1.661761 172.814316 -178.365707 179.220444 9.553756 1.040517 -1.721999 26.070450 -19.603779 66.682281 10.264386 -8.444907 2.040956 178.352707 179.503448 171.923248 47.772163 43.350861 10.564979 179.999985 179.999741 -170.740219 179.999985 179.999832 -173.832993 180.000000 180.000000 -180.000000 15.000073 0.000322 31.062731 179.999908 179.999741 -154.585037 179.999878 179.999863 -162.209534 180.000000 180.000000 -180.000000 0.000130 0.000614 36.172909 179.999771 179.999435 -143.827087 179.999634 179.999786 -155.908844 180.000000 180.000000 -180.000000 169.999878 -179.999527 -144.888855 0.000190 -0.000452 35.111141 0.000264 -0.000173 23.384031 180.000000 180.000000 -180.000000 160.000229 179.998947 -161.623947 179.999847 179.998413 -152.435913 179.999420 179.999100 -161.642334 176.079498 -177.656540 177.657089 168.102264 -176.281601 103.661552 168.833267 176.378281 177.464417 7.929982 5.165883 1.185865 124.721222 127.256714 163.298706 180.000000 -179.999985 173.607925 0.000000 -0.000002 -4.257128 0.000000 -0.000003 0.000000 165.000000 -179.999908 152.872467 179.999969 -179.999939 157.804749 179.999954 -179.999969 164.463318 0.000000 -0.000003 0.000000 180.000000 -179.999878 144.556519 179.999939 -179.999908 144.556519 179.999924 -179.999985 156.394623 0.000000 -0.000003 0.000000 10.000001 -0.000112 -33.369286 179.999954 -179.999908 146.630707 179.999939 -179.999985 157.776047 0.000000 -0.000003 0.000000 20.000006 -0.000155 -24.826473 179.999924 -179.999786 142.760284 179.999878 -179.999924 155.198349
-33.078739 108.332146 3.349007 91.661507 179.848343 178.835785 7.392986 -29.579704 9.336517 165.260666 135.012634 165.892410 175.821045 -163.228928 -178.929398 179.051193 -149.355286 -171.174820 165.191422 100.823784 155.744797 178.087799 -175.636154 -175.506699 0.622615 7.979086 1.248597 0.634328 7.816149 2.092661 2.481248 5.438164 3.096666 0.000023 -1.719584 -1.513870 0.000038 -2.006163 -1.567932 172.759232 -178.421158 179.270752 9.651276 1.042748 -1.711447 25.864693 -20.400282 66.341255 11.564140 -8.338746 2.134998 178.375076 179.722748 171.825668 47.701336 43.463291 10.374190 0.000005 0.000149 9.169945 179.999985 179.999908 -173.892822 0.000000 -0.000000 0.000000 15.000077 0.000315 31.005835 179.999924 179.999756 -154.631577 179.999878 179.999863 -162.242111 0.000000 -0.000000 0.000000 0.000121 0.000508 36.060600 179.999802 179.999527 -143.939407 179.999710 179.999832 -155.983643 0.000000 -0.000000 0.000000 169.999924 -179.999664 -144.797470 0.000128 -0.000309 35.202515 0.000188 -0.000120 23.444878 0.000000 -0.000000 0.000000 160.000183 179.999161 -161.817230 179.999878 179.998703 -152.725861 179.999542 179.999268 -161.835403 176.213531 -177.640945 177.672470 168.408875 -176.712662 103.440643 168.942856 176.098145 177.427017 8.029519 5.408780 1.195448 124.751434 127.367607 163.372040 0.000003 0.000002 -6.392342 180.000000 180.000000 175.742706 180.000000 180.000000 -180.000000 165.000000 -179.999939 152.921936 179.999969 -179.999954 157.845230 179.999985 -179.999985 164.491669 180.000000 180.000000 -180.000000 0.000001 -0.000095 -35.380215 179.999939 -179.999924 144.619781 179.999954 -179.999985 156.436768 180.000000 180.000000 -180.000000 10.000007 -0.000081 -33.313408 179.999969 -179.999924 146.686584 179.999969 -179.999985 157.813278 180.000000 180.000000 -180.000000 20.000006 -0.000120 -24.749578 179.999954 -179.999832 142.875626 179.999908 -179.999924 155.275162
-33.449478 108.736511 3.380866 91.744461 179.832932 178.971527 7.572674 -28.703236 9.130593 165.628586 136.155029 166.348740 175.745239 -163.446396 -179.008377 178.425674 -147.276428 -170.561859 156.623077 98.791336 146.548401 178.036591 -173.684418 -175.077850 0.646059 7.985976 1.218552 0.657592 7.822820 2.037988 2.603523 5.441079 3.040024 0.000025 -1.660380 -1.412459 0.000023 -1.937114 -1.462904 172.643768 -178.477173 179.329025 9.689711 1.031173 -1.680179 25.648182 -21.182304 66.042305 12.888064 -8.271358 2.198317 178.455704 179.897827 171.748795 47.298874 43.564659 10.084506 0.000299 0.001891 9.194134 0.000000 0.001279 6.123292 0.000000 -0.000000 0.000000 15.000051 0.000239 30.926168 179.999954 179.999817 -154.696793 179.999908 179.999893 -162.287750 0.000000 -0.000000 0.000000 0.000070 0.000313 35.926933 179.999878 179.999725 -144.073074 179.999832 179.999893 -156.072662 0.000000 -0.000000 0.000000 169.999969 -179.999847 -144.709290 0.000070 -0.000163 35.290707 0.000096 -0.000059 23.503605 0.000000 -0.000000 0.000000 160.000122 179.999435 -162.036896 179.999924 179.999146 -153.055344 179.999710 179.999512 -162.054855 176.275986 -177.628738 177.719238 168.708466 -177.159134 103.227821 169.062775 175.819244 177.394913 8.128117 5.654019 1.192800 124.701439 127.459251 163.353012 0.000003 0.000002 -6.392773 0.000002 0.000002 -4.257574 0.000000 -0.000003 0.000000 165.000000 -179.999969 152.967545 179.999985 -179.999985 157.882523 179.999985 -179.999985 164.517776 0.000000 -0.000003 0.000000 0.000003 -0.000071 -35.309204 179.999969 -179.999939 144.690826 179.999969 -179.999985 156.484070 0.000000 -0.000003 0.000000 10.000008 -0.000057 -33.254402 179.999985 -179.999954 146.745621 179.999969 -179.999985 157.852570 0.000000 -0.000003 0.000000 20.000004 -0.000074 -24.667475 179.999985 -179.999893 142.998810 179.999939 -179.999954 155.357193
-33.827991 109.144592 3.414388 91.820900 179.814377 179.106583 7.746209 -27.824892 8.942742 166.007141 137.299347 166.794785 175.642731 -163.662033 -179.088318 177.725830 -145.182617 -169.890076 143.141663 97.089119 132.427048 177.978165 -171.750824 -174.632111 0.678912 7.992253 1.184454 0.688807 7.828904 1.977149 2.764846 5.441882 2.980057 0.000262 -1.600480 -1.306708 0.000307 -1.867183 -1.353384 172.501358 -178.533859 179.390717 9.678662 1.009878 -1.631203 25.642796 -21.913876 65.690567 14.205734 -8.412645 2.195619 178.567688 -179.917816 171.660049 48.076569 43.186703 8.844011 180.000000 179.998413 -171.706299 179.999847 179.998947 -174.476410 180.000000 179.999985 -180.000000 15.001672 0.008432 30.958536 179.997635 179.993378 -154.670303 179.996536 179.996490 -162.269196 180.000000 179.999985 -180.000000 0.000883 0.004260 35.800766 179.998230 179.996017 -144.199234 179.997498 179.998535 -156.156662 180.000000 179.999985 -180.000000 169.999527 -179.997620 -144.626526 0.000969 -0.002211 35.373463 0.001386 -0.000815 23.558756 180.000000 179.999985 -180.000000 160.001572 179.992126 -162.278503 179.998703 179.988068 -153.417770 179.995697 179.993240 -162.296219 176.286148 -177.613434 177.787872 169.030182 -177.615997 103.012459 169.176819 175.527756 177.362549 8.228835 5.904119 1.200959 124.630226 127.553139 163.295227 179.999985 -179.999985 173.597946 179.999985 180.000000 175.736252 0.000000 -0.000000 0.000002 165.000015 -179.999542 153.007919 179.999847 -179.999649 157.915558 179.999817 -179.999817 164.540894 0.000000 -0.000000 0.000002 0.000241 -0.001373 -35.249710 179.999405 -179.998734 144.750275 179.999207 -179.999542 156.523682 0.000000 -0.000000 0.000002 10.000331 -0.001315 -33.213848 179.999588 -179.998718 146.786148 179.999283 -179.999451 157.879562 0.000000 -0.000000 0.000002 20.000427 -0.001350 -24.588642 179.999771 -179.997894 143.117020 179.999039 -179.998962 155.435928
-34.188129 109.525871 3.490702 91.925232 179.792252 179.242340 7.371528 -26.911562 8.850126 167.070312 138.348419 167.479233 175.432938 -163.863403 -179.177536 176.897018 -143.131790 -169.258728 125.620911 96.196098 114.288399 178.068954 -169.906143 -174.345856 0.697765 7.989879 1.148803 0.704595 7.826760 1.912774 2.854920 5.442885 2.906029 0.000247 -1.541018 -1.197021 0.000259 -1.797801 -1.239734 172.387985 -178.591461 179.453293 9.725590 0.991252 -1.605604 25.273649 -22.686722 65.518707 15.611876 -8.271270 2.211399 178.630432 -179.816101 171.648865 47.656273 43.274139 8.313017 179.999954 179.998413 -171.792694 179.999832 179.998962 -174.533936 180.000000 180.000000 -180.000000 15.000497 0.002754 30.570625 179.999237 179.997864 -154.987671 179.998871 179.998871 -162.491364 180.000000 180.000000 -180.000000 0.000113 0.000591 35.580177 179.999741 179.999451 -144.419800 179.999664 179.999802 -156.303619 180.000000 180.000000 -180.000000 169.999603 -179.997940 -144.556808 0.000872 -0.001905 35.443180 0.001211 -0.000697 23.605183 180.000000 180.000000 -180.000000 160.001251 179.993317 -162.515060 179.998825 179.989883 -153.772583 179.996353 179.994278 -162.532547 176.326309 -177.622116 177.852036 169.280411 -178.079956 102.829315 169.314987 175.248825 177.347473 8.325601 6.165946 1.160519 124.461975 127.619774 163.146194 179.999969 180.000000 173.599915 179.999985 179.999985 175.737534 180.000000 180.000000 -180.000000 165.000031 -179.999557 153.040466 179.999863 -179.999664 157.942200 179.999847 -179.999817 164.559555 180.000000 180.000000 -180.000000 0.000333 -0.001480 -35.161499 179.999451 -179.998611 144.838501 179.999176 -179.999466 156.582443 180.000000 180.000000 -180.000000 10.000458 -0.001460 -33.136242 179.999588 -179.998520 146.863770 179.999237 -179.999329 157.931274 180.000000 180.000000 -180.000000 20.000507 -0.001359 -24.497921 179.999878 -179.997818 143.253067 179.999069 -179.998901 155.526550
-34.562675 109.897110 3.541571 92.050919 179.770950 179.378998 7.303662 -26.004169 8.741725 167.620239 139.494919 167.897858 175.284775 -164.073395 -179.261642 176.185532 -141.112625 -168.622147 106.442924 96.162735 94.591835 178.171509 -168.114105 -174.090210 0.709395 7.985319 1.110779 0.716827 7.822512 1.843670 2.929457 5.444419 2.823709 0.000244 -1.483668 -1.084009 0.000241 -1.730913 -1.122690 172.268143 -178.647812 179.517960 9.769142 0.969560 -1.581725 25.050917 -23.390118 65.344635 17.003197 -8.281713 2.127381 178.689514 -179.746231 171.676605 47.373531 43.353413 7.885746 179.999893 179.998672 -171.891953 179.999817 179.999130 -174.600037 0.000000 -0.000000 0.000000 15.000326 0.001876 30.465027 179.999451 179.998535 -155.074097 179.999207 179.999222 -162.551880 0.000000 -0.000000 0.000000 0.000637 0.003515 35.658218 179.998474 179.996750 -144.341843 179.997910 179.998825 -156.251648 0.000000 -0.000000 0.000000 169.999664 -179.998108 -144.492249 0.000831 -0.001737 35.507721 0.001129 -0.000622 23.648149 0.000000 -0.000000 0.000000 160.000885 179.994904 -162.756912 179.999039 179.992310 -154.135391 179.997208 179.995682 -162.774170 176.358551 -177.639801 177.919113 169.562103 -178.542511 102.640869 169.457779 174.920471 177.356323 8.421081 6.437292 1.094106 124.293053 127.666534 162.997299 179.999954 179.999985 173.606155 179.999985 179.999985 175.741730 0.000000 0.000003 0.000000 165.000061 -179.999619 153.078201 179.999893 -179.999695 157.973068 179.999847 -179.999817 164.581161 0.000000 0.000003 0.000000 0.000424 -0.001395 -35.044342 179.999542 -179.998611 144.955627 179.999222 -179.999420 156.660446 0.000000 0.000003 0.000000 10.000523 -0.001373 -33.018551 179.999710 -179.998550 146.981430 179.999313 -179.999298 158.009644 0.000000 0.000003 0.000000 20.000511 -0.001151 -24.379658 0.000013 -0.001906 -36.569523 179.999252 -179.998962 155.644699
-34.939819 110.249184 3.576599 92.194931 179.750259 179.520905 7.330099 -25.126892 8.627323 168.016281 140.634476 168.214020 175.119141 -164.283188 -179.329803 175.217331 -139.142273 -167.993088 90.876015 96.632042 78.359978 178.303955 -166.388046 -173.893280 0.715835 7.978243 1.069183 0.724512 7.815909 1.768638 2.984274 5.446616 2.730975 0.000211 -1.428523 -0.967806 0.000220 -1.666578 -1.002350 172.146652 -178.702911 179.584549 9.800500 0.945529 -1.559154 24.889187 -24.047195 65.188477 18.325521 -8.010558 2.166652 178.811630 -179.362350 171.563950 47.230225 43.485512 7.625846 179.999893 179.999069 -171.987610 179.999847 179.999390 -174.663757 180.000000 179.999985 180.000000 15.000041 0.000166 30.344137 179.999969 179.999878 -155.172974 179.999939 179.999939 -162.621078 180.000000 179.999985 180.000000 0.000164 0.001061 35.459332 179.999512 179.999023 -144.540634 179.999390 179.999664 -156.384109 180.000000 179.999985 180.000000 169.999451 -179.996338 -144.491943 0.001690 -0.003324 35.508057 0.002193 -0.001141 23.648359 180.000000 179.999985 180.000000 160.000534 179.996597 -162.979935 179.999252 179.994904 -154.469910 179.998093 179.997131 -162.996948 176.386734 -177.664993 177.990524 169.860825 -179.001892 102.449387 169.607529 174.543289 177.393188 8.524122 6.733040 1.004791 124.054871 127.714958 162.798798 179.999985 179.999985 173.624374 179.999985 179.999985 175.753830 180.000000 179.999985 179.999985 165.000046 -179.999725 153.121307 179.999939 -179.999771 158.008362 179.999924 -179.999863 164.605850 180.000000 179.999985 179.999985 0.000429 -0.001199 -34.913177 179.999680 -179.998764 145.086838 179.999344 -179.999451 156.747833 180.000000 179.999985 179.999985 10.000529 -0.001174 -32.889088 179.999817 -179.998718 147.110901 179.999435 -179.999344 158.095871 180.000000 179.999985 179.999985 20.000574 -0.001066 -24.277643 0.000097 -0.001820 -36.416458 179.999344 -179.998993 155.746628
-35.317909 110.586342 3.620077 92.353088 179.730118 179.669693 7.281673 -24.261297 8.511257 168.360291 141.759933 168.484955 175.040543 -164.487976 -179.433472 173.795578 -137.211670 -167.366608 79.114334 97.170242 65.647385 178.455215 -164.777084 -173.743317 0.717471 7.968612 1.023568 0.726140 7.806870 1.687653 3.012190 5.449711 2.626797 0.000151 -1.375000 -0.848551 0.000182 -1.604151 -0.878857 172.034683 -178.757278 179.652710 9.837493 0.922166 -1.535715 24.824179 -24.645378 65.027306 19.547951 -8.029297 2.044518 178.993896 -179.245575 171.585098 47.220081 43.627163 7.546274 179.999893 179.999329 -172.058929 179.999863 179.999588 -174.711243 0.000002 0.000000 -0.000005 15.000000 -0.000046 30.330654 0.000018 -0.000014 24.815960 0.000031 -0.000025 17.371174 0.000002 0.000000 -0.000005 0.000182 0.001344 35.429577 179.999390 179.998810 -144.570435 179.999191 179.999588 -156.403870 0.000002 0.000000 -0.000005 169.999664 -179.997482 -144.313217 0.001208 -0.002265 35.686779 0.001539 -0.000746 23.767382 0.000002 0.000000 -0.000005 160.000336 179.997452 -163.138153 179.999374 179.996185 -154.707199 179.998550 179.997879 -163.155014 176.420273 -177.695267 178.066986 169.990021 -179.459473 102.319420 169.793808 174.277954 177.434341 8.625854 7.003940 0.880376 123.826355 127.742393 162.600388 180.000000 179.999985 173.641769 180.000000 179.999985 175.765411 0.000002 0.000003 -0.000003 164.999374 179.997879 153.369812 0.000346 0.001778 -21.788321 0.000679 0.001054 -15.251822 0.000002 0.000003 -0.000003 0.000414 -0.000951 -34.777367 179.999802 -179.998978 145.222595 179.999527 -179.999527 156.838257 0.000002 0.000003 -0.000003 10.000517 -0.000976 -32.759518 179.999908 -179.998917 147.240494 179.999573 -179.999420 158.182159 0.000002 0.000003 -0.000003 20.000492 -0.000837 -24.155916 0.000164 -0.001445 -36.233883 179.999527 -179.999161 155.868240
-35.701447 110.918953 3.669520 92.522545 179.711624 179.821671 7.259918 -23.397890 8.396254 168.844589 142.849014 168.799362 174.788651 -164.694427 -179.530045 173.270111 -135.373459 -166.721405 72.818886 98.454002 59.149151 178.660202 -163.368652 -173.669586 0.714928 7.957685 0.976700 0.723391 7.796710 1.601749 3.020410 5.453827 2.513607 0.000113 -1.324746 -0.728517 0.000156 -1.545501 -0.754529 171.924774 -178.809311 179.721405 9.883778 0.899488 -1.510363 24.737591 -25.210796 64.880577 20.774654 -7.829432 2.020843 179.149414 -178.926605 171.500610 47.398411 43.807442 7.700859 179.999908 179.999588 -172.112732 179.999908 179.999741 -174.747086 0.000000 -0.000003 0.000000 15.000040 0.000425 30.350838 179.999847 179.999710 -155.167480 179.999832 179.999847 -162.617249 0.000000 -0.000003 0.000000 0.000115 0.001204 35.366745 179.999390 179.998932 -144.633224 179.999283 179.999680 -156.445740 0.000000 -0.000003 0.000000 169.999802 -179.997620 -144.197433 0.001225 -0.002063 35.802559 0.001464 -0.000639 23.844534 0.000000 -0.000003 0.000000 160.000168 179.998016 -163.271317 179.999390 179.997055 -154.907013 179.998825 179.998398 -163.288055 176.455002 -177.726547 178.145264 170.156326 -179.909607 102.178261 169.990509 173.980835 177.501572 8.687644 7.336186 0.761577 123.654404 127.790787 162.442337 180.000000 179.999985 173.645294 180.000000 180.000000 175.767731 0.000000 -0.000000 0.000000 165.000046 -179.999847 152.909271 179.999985 -179.999847 157.834869 179.999969 -179.999924 164.484406 0.000000 -0.000000 0.000000 0.000389 -0.000821 -34.660568 179.999863 -179.999084 145.339432 179.999588 -179.999573 156.916077 0.000000 -0.000000 0.000000 10.000449 -0.000812 -32.635136 179.999969 -179.999069 147.364883 179.999649 -179.999496 158.265015 0.000000 -0.000000 0.000000 20.000406 -0.000652 -24.046398 0.000177 -0.001145 -36.069626 179.999649 -179.999313 155.977631
-36.091850 111.250771 3.732697 92.698402 179.696243 179.975769 7.228004 -22.536251 8.277533 169.320038 143.925919 169.102081 174.538803 -164.903000 -179.663666 172.354721 -133.716965 -166.102966 69.233788 99.417053 55.129868 178.910034 -162.148636 -173.674713 0.711164 7.946569 0.928167 0.718145 7.786353 1.512225 3.017998 5.458725 2.394278 0.000120 -1.278866 -0.610268 0.000129 -1.491985 -0.632054 171.808105 -178.857758 179.789505 9.931400 0.876810 -1.483937 24.746273 -25.717999 64.707817 21.952412 -7.780220 1.893163 179.299805 -178.761887 171.510620 47.505123 43.992256 7.823666 179.999924 179.999695 -172.149139 179.999924 179.999802 -174.771332 0.000000 -0.000000 0.000002 15.000034 0.000406 30.328304 179.999847 179.999710 -155.185944 179.999832 179.999847 -162.630157 0.000000 -0.000000 0.000002 0.000064 0.001074 35.300030 179.999435 179.999084 -144.699982 179.999329 179.999725 -156.490204 0.000000 -0.000000 0.000002 169.999939 -179.998901 -144.021362 0.000606 -0.000933 35.978603 0.000678 -0.000259 23.961763 0.000000 -0.000000 0.000002 160.000076 179.998413 -163.390961 179.999466 179.997726 -155.086472 179.999039 179.998779 -163.407593 176.484253 -177.756195 178.221802 170.312866 179.644226 102.044434 170.196671 173.674011 177.591980 8.728683 7.669349 0.634280 123.477646 127.839890 162.279236 180.000000 179.999985 173.648849 180.000000 179.999985 175.770142 0.000000 -0.000000 0.000000 165.000046 -179.999832 152.929810 179.999985 -179.999847 157.851669 179.999969 -179.999908 164.496170 0.000000 -0.000000 0.000000 0.000367 -0.000698 -34.541470 179.999893 -179.999207 145.458557 179.999649 -179.999603 156.995377 0.000000 -0.000000 0.000000 10.000439 -0.000698 -32.521503 179.999985 -179.999176 147.478516 179.999695 -179.999542 158.340683 0.000000 -0.000000 0.000000 20.000380 -0.000566 -23.953270 0.000171 -0.001021 -35.929897 179.999710 -179.999390 156.070694
-36.484070 111.571350 3.820940 92.876801 179.684937 -179.869827 7.085679 -21.677382 8.156787 169.934738 144.954559 169.447250 174.263885 -165.104843 -179.818588 171.342285 -132.206482 -165.485489 67.424690 100.181404 52.858700 179.158966 -161.068634 -173.732300 0.706865 7.935190 0.877947 0.711212 7.775784 1.420152 3.007954 5.464022 2.270613 0.000083 -1.236593 -0.495087 0.000097 -1.442668 -0.512774 171.684677 -178.903214 179.856064 9.979551 0.854548 -1.456688 24.879303 -26.144426 64.498459 23.096771 -7.789846 1.706201 179.436722 -178.601364 171.538086 47.637878 44.198296 7.993292 179.999924 179.999741 -172.179840 179.999939 179.999832 -174.791763 0.000002 -0.000000 0.000000 15.000017 0.000356 30.302767 179.999847 179.999725 -155.206848 179.999847 179.999878 -162.644791 0.000002 -0.000000 0.000000 0.000029 0.000937 35.228302 179.999481 179.999207 -144.771698 179.999435 179.999771 -156.537949 0.000002 -0.000000 0.000000 170.000000 -179.999359 -143.932129 0.000358 -0.000510 36.067863 0.000394 -0.000136 24.021210 0.000002 -0.000000 0.000000 160.000015 179.998642 -163.494873 179.999466 179.998016 -155.242325 179.999130 179.998947 -163.511414 176.508911 -177.783859 178.294174 170.402756 179.212524 101.940620 170.430206 173.412048 177.692871 8.769645 7.999565 0.501542 123.268753 127.889107 162.090149 0.000007 0.000002 -6.343209 0.000004 -0.000003 -4.224576 180.000000 -180.000000 180.000000 165.000061 -179.999832 152.954620 179.999985 -179.999847 157.871979 179.999969 -179.999908 164.510391 180.000000 -180.000000 180.000000 0.000330 -0.000622 -34.426224 179.999924 -179.999313 145.573746 179.999695 -179.999649 157.072128 180.000000 -180.000000 180.000000 10.000392 -0.000648 -32.407784 179.999985 -179.999222 147.592209 179.999725 -179.999588 158.416428 180.000000 -180.000000 180.000000 20.000345 -0.000510 -23.860264 0.000159 -0.000914 -35.790401 179.999725 -179.999451 156.163589
-36.893566 111.880424 3.922458 93.055099 179.677185 -179.716782 6.980044 -20.822224 8.017907 170.347061 145.981735 169.714584 174.123871 -165.290298 179.982956 170.443375 -130.792877 -164.840027 66.943268 100.875069 52.034222 179.410919 -160.116699 -173.847031 0.701562 7.923096 0.825601 0.703201 7.764529 1.326572 2.993463 5.468981 2.144319 0.000049 -1.197080 -0.383964 0.000055 -1.396601 -0.397674 171.554214 -178.946289 179.920456 10.026507 0.832375 -1.428334 25.075872 -26.480579 64.270119 24.227489 -7.836067 1.470312 179.560974 -178.457916 171.593979 47.865021 44.411259 8.235623 0.000003 -0.000000 7.778238 180.000000 -179.999985 -174.819687 180.000000 180.000000 -180.000000 15.000010 0.000390 30.277248 179.999847 179.999725 -155.227722 179.999832 179.999893 -162.659393 180.000000 180.000000 -180.000000 179.999985 179.999176 -144.846558 179.999512 179.999329 -144.846558 179.999481 179.999832 -156.587799 180.000000 180.000000 -180.000000 170.000000 -179.999542 -143.877411 0.000265 -0.000365 36.122574 0.000295 -0.000089 24.057627 180.000000 180.000000 -180.000000 159.999969 179.998856 -163.607864 179.999481 179.998367 -155.411819 179.999237 179.999146 -163.624268 176.530075 -177.808685 178.362564 170.353470 178.814026 101.893463 170.721146 173.267380 177.783585 8.809031 8.308101 0.363629 123.092293 127.929924 161.917862 0.000007 -0.000006 -6.342473 0.000002 -0.000007 -4.224077 180.000000 180.000000 -179.999985 165.000076 -179.999817 152.982758 179.999985 -179.999832 157.895020 179.999969 -179.999908 164.526489 180.000000 180.000000 -179.999985 0.000258 -0.000519 -34.302124 179.999939 -179.999435 145.697861 179.999756 -179.999725 157.154785 180.000000 180.000000 -179.999985 10.000336 -0.000565 -32.280064 180.000000 -179.999344 147.719910 179.999756 -179.999634 158.501495 180.000000 180.000000 -179.999985 20.000280 -0.000436 -23.758699 0.000133 -0.000743 -35.638065 179.999786 -179.999542 156.265045
-37.309532 112.179169 4.044035 93.230598 179.672775 -179.565567 6.811481 -19.967981 7.868560 170.835739 146.969635 170.007370 173.975159 -165.464371 179.773209 169.548325 -129.481949 -164.175278 67.202080 101.379707 51.963341 179.571838 -159.288177 -173.936859 0.695669 7.910034 0.771156 0.694663 7.752256 1.231930 2.976426 5.473175 2.016269 0.000042 -1.159727 -0.277773 0.000074 -1.353001 -0.287702 171.417099 -178.987427 179.982040 10.070597 0.810610 -1.397605 25.360394 -26.735039 64.009636 25.326389 -7.910621 1.195826 179.671417 -178.314072 171.664520 48.024799 44.693077 8.522509 0.000015 -0.000049 7.774830 0.000016 -0.000031 5.178030 0.000002 0.000000 -0.000003 14.999990 0.000289 30.237610 179.999863 179.999786 -155.260147 179.999847 179.999893 -162.682083 0.000002 0.000000 -0.000003 179.999985 179.999344 -144.932053 179.999588 179.999466 -144.932053 179.999588 179.999863 -156.644730 0.000002 0.000000 -0.000003 170.000031 -179.999741 -143.824600 0.000172 -0.000200 36.175419 0.000156 -0.000040 24.092821 0.000002 0.000000 -0.000003 159.999954 179.999115 -163.726395 179.999573 179.998749 -155.589600 179.999390 179.999359 -163.742676 176.549088 -177.829834 178.427994 169.993591 178.439056 101.966232 171.089676 173.452606 177.809189 8.845899 8.617795 0.235044 122.886772 127.965469 161.696075 0.000009 -0.000003 -6.349742 0.000000 -0.000009 -4.228926 0.000000 -0.000000 0.000003 165.000046 -179.999863 153.029922 179.999985 -179.999893 157.933563 179.999969 -179.999924 164.553513 0.000000 -0.000000 0.000003 0.000204 -0.000380 -34.178734 179.999954 -179.999557 145.821259 179.999802 -179.999786 157.236969 0.000000 -0.000000 0.000003 10.000101 -0.000158 -32.108429 179.999985 -179.999802 147.891617 179.999939 -179.999893 158.615784 0.000000 -0.000000 0.000003 20.000233 -0.000331 -23.659086 0.000100 -0.000631 -35.488605 179.999817 -179.999619 156.364594
-37.734367 112.466263 4.184615 93.400185 179.672791 -179.416199 6.598001 -19.113258 7.703949 171.216446 147.955368 170.265778 173.972092 -165.631134 179.522141 168.513367 -128.279968 -163.499893 67.725395 101.584633 52.066978 179.690750 -158.543381 -174.025024 0.690032 7.896110 0.715207 0.685769 7.739145 1.136301 2.957961 5.476585 1.886643 0.000030 -1.124091 -0.177454 0.000017 -1.311442 -0.183782 171.275146 -179.026917 -179.959793 10.112738 0.787233 -1.367757 25.714840 -26.930819 63.723240 26.369135 -8.014759 0.890381 179.771027 -178.181915 171.748718 48.135822 44.948677 8.763185 0.000038 -0.000092 7.778773 0.000032 -0.000053 5.180653 180.000000 180.000000 -180.000000 14.999982 0.000242 30.200037 179.999893 179.999847 -155.290894 179.999863 179.999924 -162.703598 180.000000 180.000000 -180.000000 179.999969 179.999512 -145.016861 179.999695 179.999603 -145.016846 179.999710 179.999908 -156.701233 180.000000 180.000000 -180.000000 170.000015 -179.999847 -143.788284 0.000103 -0.000114 36.211689 0.000091 -0.000018 24.117012 180.000000 180.000000 -180.000000 159.999954 179.999298 -163.840591 179.999619 179.999023 -155.760849 179.999496 179.999512 -163.856735 176.567047 -177.846542 178.490784 170.019226 178.088684 101.909805 171.395935 173.244949 177.929352 8.890132 8.910872 0.110400 122.660522 127.984520 161.447632 0.000004 -0.000008 -6.355805 0.000004 -0.000007 -4.232975 0.000000 -0.000000 0.000000 165.000031 -179.999878 153.067703 179.999985 -179.999893 157.964493 179.999985 -179.999954 164.575134 0.000000 -0.000000 0.000000 0.000122 -0.000282 -34.058262 179.999954 -179.999710 145.941727 179.999863 -179.999847 157.317200 0.000000 -0.000000 0.000000 10.000215 -0.000392 -32.095901 179.999985 -179.999542 147.904129 179.999847 -179.999756 158.624130 0.000000 -0.000000 0.000000 20.000183 -0.000295 -23.558073 0.000075 -0.000539 -35.337112 179.999847 -179.999695 156.465485
-38.177238 112.745651 4.354259 93.559875 179.677887 -179.271423 6.252513 -18.249836 7.530497 171.739075 148.909012 170.571075 173.979568 -165.791199 179.263184 167.484085 -127.196114 -162.813950 68.974487 101.627342 52.967667 179.781433 -157.889481 -174.112885 0.684642 7.881763 0.658909 0.677209 7.725614 1.040612 2.940963 5.479317 1.757172 0.000018 -1.090484 -0.084381 0.000031 -1.272229 -0.087386 171.130737 -179.064285 -179.905869 10.155090 0.759254 -1.345919 25.980507 -27.110006 63.464096 27.378510 -8.051090 0.629601 179.856491 -178.082062 171.857834 48.155045 45.173557 8.928513 0.000032 -0.000084 7.797772 0.000025 -0.000046 5.193316 180.000000 180.000000 -180.000000 14.999982 0.000194 30.159872 179.999924 179.999878 -155.323761 179.999908 179.999954 -162.726608 180.000000 180.000000 -180.000000 179.999954 179.999664 -145.100250 179.999771 179.999741 -145.100266 179.999786 179.999954 -156.756775 180.000000 180.000000 -180.000000 170.000015 -179.999939 -143.760315 0.000045 -0.000051 36.239666 0.000050 -0.000011 24.135622 180.000000 180.000000 -180.000000 159.999954 179.999527 -163.960632 179.999710 179.999329 -155.940933 179.999649 179.999680 -163.976669 176.584763 -177.857224 178.548630 169.953125 177.755585 101.899643 171.708435 173.133362 178.034821 8.946995 9.170235 -0.016272 122.468407 127.988373 161.204330 0.000009 -0.000005 -6.374632 0.000003 -0.000002 -4.245496 0.000000 0.000002 0.000000 165.000015 -179.999908 153.107574 179.999985 -179.999924 157.997131 179.999985 -179.999954 164.597992 0.000000 0.000002 0.000000 0.000092 -0.000208 -33.951466 179.999969 -179.999771 146.048538 179.999878 -179.999893 157.388321 0.000000 0.000002 0.000000 10.000143 -0.000267 -31.945389 179.999969 -179.999695 148.054626 179.999878 -179.999832 158.724396 0.000000 0.000002 0.000000 19.999977 0.000040 -23.403688 180.000000 179.999939 144.894485 0.000017 0.000035 -23.380281
-38.644291 113.013550 4.517463 93.709213 179.688446 -179.135117 6.307156 -17.374725 7.328487 171.891785 149.925705 170.780731 173.933807 -165.962494 179.022858 166.411087 -126.238396 -162.116333 70.952690 101.425087 54.604176 179.800568 -157.369843 -174.172104 0.675724 7.866508 0.603182 0.669762 7.711154 0.944559 2.929252 5.480870 1.627772 0.000023 -1.058872 0.001588 0.000016 -1.235339 0.001637 170.986191 -179.099625 -179.856186 10.195193 0.729755 -1.326651 26.318409 -27.238493 63.188797 28.362732 -8.063716 0.379114 179.872253 -177.921646 171.918167 48.147694 45.328835 9.051961 0.000011 -0.000035 7.825891 0.000013 -0.000018 5.212048 180.000000 179.999985 180.000000 14.999989 0.000126 30.116240 179.999939 179.999924 -155.359467 179.999939 179.999969 -162.751633 180.000000 179.999985 180.000000 179.999969 179.999786 -145.180054 179.999847 179.999847 -145.180038 179.999847 179.999969 -156.809921 180.000000 179.999985 180.000000 170.000000 -179.999985 -143.743759 0.000023 -0.000027 36.256226 0.000017 -0.000002 24.146650 180.000000 179.999985 180.000000 159.999954 179.999695 -164.070877 179.999802 179.999588 -156.106308 179.999756 179.999802 -164.086792 176.602600 -177.862701 178.602814 169.943192 177.441833 101.887138 172.008453 172.997269 178.149292 9.013427 9.407491 -0.133427 122.314125 127.965233 160.970108 0.000004 -0.000005 -6.404112 0.000003 0.000000 -4.265132 0.000000 -0.000000 0.000000 165.000015 -179.999924 153.153763 179.999985 -179.999939 158.034912 179.999985 -179.999969 164.624435 0.000000 -0.000000 0.000000 0.000041 -0.000148 -33.844727 179.999969 -179.999847 146.155273 179.999939 -179.999939 157.459412 0.000000 -0.000000 0.000000 10.000072 -0.000194 -31.803474 179.999969 -179.999802 148.196518 179.999908 -179.999893 158.818863 0.000000 -0.000000 0.000000 20.000086 -0.000196 -23.459690 0.000009 -0.000338 -35.189548 179.999878 -179.999817 156.563766
-39.123333 113.266281 4.690819 93.840225 179.704422 -179.008835 6.364351 -16.498251 7.123567 172.104507 150.917679 171.025421 173.843903 -166.130112 178.781158 165.358246 -125.412956 -161.415741 73.774345 101.076736 57.135841 179.806168 -156.921432 -174.234451 0.667645 7.849235 0.546950 0.663967 7.694741 0.847022 2.925617 5.480580 1.497352 0.000009 -1.028869 0.081204 0.000007 -1.200360 0.084103 170.844635 -179.133179 -179.810318 10.229980 0.702427 -1.300858 26.614000 -27.351522 62.928703 29.305876 -8.046605 0.156941 179.800385 -177.786636 171.995789 48.063847 45.436310 9.052717 0.000010 -0.000011 7.841643 0.000003 -0.000007 5.222527 0.000001 -0.000000 0.000000 14.999997 0.000083 30.076372 179.999969 179.999954 -155.392075 179.999954 179.999985 -162.774445 0.000001 -0.000000 0.000000 179.999985 179.999863 -145.251068 179.999908 179.999908 -145.251068 179.999924 179.999985 -156.857224 0.000001 -0.000000 0.000000 170.000000 -179.999985 -143.732620 0.000013 -0.000015 36.267365 0.000004 0.000003 24.154079 0.000001 -0.000000 0.000000 159.999985 179.999847 -164.180161 179.999893 179.999786 -156.270203 179.999878 179.999893 -164.195938 176.621521 -177.864731 178.656723 169.932846 177.144043 101.897232 172.304306 172.873810 178.257950 9.085155 9.582876 -0.251179 122.157936 127.919250 160.731018 0.000005 0.000002 -6.430549 0.000002 0.000000 -4.282749 0.000000 -0.000000 0.000000 165.000015 -179.999939 153.200760 179.999985 -179.999954 158.073349 179.999985 -179.999985 164.651337 0.000000 -0.000000 0.000000 0.000024 -0.000085 -33.743629 179.999969 -179.999908 146.256378 179.999954 -179.999969 157.526764 0.000000 -0.000000 0.000000 10.000038 -0.000122 -31.672787 179.999985 -179.999878 148.327225 179.999939 -179.999939 158.905930 0.000000 -0.000000 0.000000 20.000051 -0.000128 -23.319815 179.999985 -179.999802 145.020264 179.999924 -179.999878 156.703506
-39.608086 113.503014 4.881085 93.947037 179.725342 -178.893631 6.256682 -15.631400 6.926046 172.487503 151.850143 171.327148 173.774933 -166.281494 178.519760 164.406113 -124.727493 -160.736115 77.508446 100.655998 60.644424 179.803711 -156.491318 -174.292969 0.663264 7.830334 0.490288 0.659960 7.676682 0.749660 2.930292 5.478618 1.368105 0.000004 -1.001393 0.152375 0.000010 -1.168294 0.157825 170.710968 -179.164001 -179.769424 10.259575 0.676809 -1.271445 27.002230 -27.420332 62.650127 30.170893 -8.152413 -0.161552 179.697433 -177.714890 172.118240 47.953815 45.507027 8.991649 0.000002 -0.000014 7.848065 0.000003 -0.000004 5.226808 180.000000 180.000000 -179.999985 14.999991 0.000044 30.035421 179.999985 179.999985 -155.425568 179.999985 179.999985 -162.797897 180.000000 180.000000 -179.999985 179.999985 179.999924 -145.319321 179.999954 179.999954 -145.319366 179.999954 179.999985 -156.902679 180.000000 180.000000 -179.999985 170.000000 -179.999985 -143.721680 0.000001 0.000003 36.278316 0.000003 -0.000001 24.161362 180.000000 180.000000 -179.999985 159.999985 179.999908 -164.261795 179.999939 179.999863 -156.392700 179.999924 179.999939 -164.277527 176.644287 -177.861359 178.706573 169.965302 176.860123 101.917572 172.591858 172.757172 178.357651 9.152902 9.725238 -0.354093 122.019951 127.850365 160.511444 0.000007 0.000000 -6.452736 0.000002 0.000003 -4.297501 0.000000 -0.000003 -0.000002 165.000000 -179.999969 153.264038 179.999985 -179.999985 158.125137 179.999985 -179.999985 164.687592 0.000000 -0.000003 -0.000002 0.000000 0.000005 -33.633633 180.000000 179.999985 146.366348 0.000010 0.000004 -22.399998 0.000000 -0.000003 -0.000002 10.000010 -0.000053 -31.546474 179.999985 -179.999939 148.453522 179.999985 -179.999985 158.990051 0.000000 -0.000003 -0.000002 20.000019 -0.000063 -23.187782 179.999985 -179.999893 145.218353 179.999954 -179.999954 156.835403
-40.111256 113.742241 5.060079 94.056587 179.749741 -178.775604 6.490304 -14.756783 6.706220 172.464188 152.847397 171.535751 173.737762 -166.440033 178.247421 163.474442 -124.070984 -160.016525 81.815376 100.318291 64.782722 179.780975 -156.037872 -174.340744 0.657694 7.812350 0.432783 0.655771 7.659590 0.651229 2.933974 5.477314 1.237432 0.000008 -0.973612 0.223388 0.000005 -1.135881 0.231367 170.574753 -179.195389 -179.728836 10.288483 0.651589 -1.241225 27.314959 -27.502625 62.386845 31.034822 -8.202559 -0.438955 179.596649 -177.655029 172.248520 47.811245 45.540588 8.900883 0.000056 -0.000131 7.864085 0.000044 -0.000084 5.237473 180.000000 180.000000 -180.000000 14.999926 0.000402 29.991549 179.999786 179.999771 -155.461472 179.999802 179.999908 -162.823029 180.000000 180.000000 -180.000000 179.999817 179.999252 -145.392044 179.999451 179.999512 -145.392044 179.999512 179.999939 -156.951096 180.000000 180.000000 -180.000000 170.000015 -179.999908 -143.720734 0.000065 -0.000054 36.279247 0.000064 -0.000010 24.162001 180.000000 180.000000 -180.000000 159.999786 179.999115 -164.312698 179.999313 179.998810 -156.469009 179.999252 179.999451 -164.328384 176.675812 -177.859558 178.755508 169.962723 176.586197 101.944565 172.895905 172.665329 178.460114 9.221076 9.860530 -0.458189 121.894135 127.757225 160.287689 0.000051 0.000027 -6.478975 0.000030 0.000010 -4.315009 180.000000 180.000000 -180.000000 164.999878 -179.999634 153.339890 179.999771 -179.999756 158.187210 179.999786 -179.999908 164.731033 180.000000 180.000000 -180.000000 179.999939 -179.999603 146.366318 179.999725 -179.999710 146.366364 179.999741 -179.999939 157.599991 180.000000 180.000000 -180.000000 9.999988 -0.000397 -31.414274 179.999756 -179.999680 148.585754 179.999756 -179.999893 159.078125 180.000000 180.000000 -180.000000 20.000000 -0.000480 -23.043392 179.999725 -179.999313 145.434891 179.999603 -179.999725 156.979630
-40.608013 113.941895 5.283471 94.105682 179.778564 -178.687378 6.270519 -13.918697 6.533682 173.214645 153.644226 171.939362 173.457230 -166.550552 178.008682 162.627670 -123.674629 -159.462631 87.768669 99.770576 70.575905 179.802689 -155.761490 -174.425720 0.661661 7.790409 0.376385 0.655995 7.638487 0.558147 2.957168 5.471684 1.116087 0.000017 -0.953216 0.273080 0.000011 -1.112069 0.282857 170.467484 -179.218246 -179.700455 10.310319 0.628546 -1.214924 27.681627 -27.558582 62.118439 31.755404 -8.319493 -0.720607 179.497452 -177.618027 172.380569 47.732552 45.584049 8.868305 0.000057 -0.000117 7.875791 0.000037 -0.000080 5.245278 0.000000 -0.000000 0.000000 14.999952 0.000150 29.951643 179.999924 179.999908 -155.494095 179.999908 179.999954 -162.845886 0.000000 -0.000000 0.000000 179.999847 179.999466 -145.448502 179.999588 179.999634 -145.448486 179.999634 179.999969 -156.988708 0.000000 -0.000000 0.000000 170.000015 -179.999924 -143.715515 0.000064 -0.000046 36.284451 0.000056 -0.000001 24.165461 0.000000 -0.000000 0.000000 159.999847 179.999405 -164.388641 179.999527 179.999207 -156.582962 179.999496 179.999649 -164.404221 176.703186 -177.838303 178.789566 170.114151 176.315643 101.991211 173.135193 172.518539 178.538345 9.275976 9.934690 -0.529319 121.389015 127.407356 159.811020 0.001442 0.000669 -6.377604 0.001006 0.000336 -4.247479 0.000000 -0.000000 0.000003 164.999893 -179.999771 153.411133 179.999847 -179.999863 158.245468 179.999863 -179.999969 164.771820 0.000000 -0.000000 0.000003 179.999924 -179.999771 146.443619 179.999817 -179.999847 146.443619 179.999847 -179.999985 157.651428 0.000000 -0.000000 0.000003 9.999961 -0.000179 -31.332762 179.999863 -179.999863 148.667267 179.999863 -179.999969 159.132401 0.000000 -0.000000 0.000003 19.999958 -0.000242 -22.946142 179.999817 -179.999680 145.580795 179.999771 -179.999893 157.076813
-41.105515 114.125908 5.519260 94.123726 179.807251 -178.616409 5.649123 -13.103955 6.378230 174.144470 154.377411 172.361252 173.422531 -166.636688 177.722031 162.001556 -123.405647 -159.001373 95.110893 99.323929 77.831367 179.784271 -155.577499 -174.488327 0.670261 7.765765 0.321310 0.658633 7.614691 0.468553 2.990997 5.463422 1.000497 0.000006 -0.936962 0.311648 0.000015 -1.093122 0.322782 170.375519 -179.236465 -179.678467 10.327514 0.605622 -1.189963 27.883806 -27.643164 61.910801 32.434753 -8.329321 -0.887450 179.398422 -177.584167 172.510727 47.731430 45.640263 8.928426 0.000020 -0.000060 7.893102 0.000026 -0.000029 5.256807 0.000000 -0.000003 0.000000 14.999969 0.000133 29.936968 179.999939 179.999939 -155.506119 179.999954 179.999985 -162.854279 0.000000 -0.000003 0.000000 179.999863 179.999557 -145.495041 179.999649 179.999710 -145.495041 179.999710 179.999985 -157.019714 0.000000 -0.000003 0.000000 170.000015 -179.999939 -143.709671 0.000053 -0.000046 36.290314 0.000056 -0.000001 24.169346 0.000000 -0.000003 0.000000 159.999863 179.999496 -164.438065 179.999603 179.999359 -156.657089 179.999588 179.999725 -164.453598 176.727234 -177.807098 178.814041 170.316208 176.044739 102.060280 173.344101 172.382721 178.593918 9.322689 9.982111 -0.582936 122.316422 127.957886 160.489563 179.999847 -179.999924 173.354996 179.999893 -179.999969 175.574432 0.000003 -0.000003 -0.000000 164.999924 -179.999908 153.468552 179.999924 -179.999954 158.292465 179.999939 -179.999985 164.804733 0.000003 -0.000003 -0.000000 179.999939 -179.999908 146.499969 179.999908 -179.999954 146.499969 179.999924 179.999985 157.688980 0.000003 -0.000003 -0.000000 9.999977 -0.000049 -31.279282 179.999954 -179.999969 148.720749 179.999969 -180.000000 159.167999 0.000003 -0.000003 -0.000000 19.999954 -0.000105 -22.880697 179.999893 -179.999878 145.678940 179.999908 -179.999969 157.142166
-41.627682 114.289474 5.719736 94.120659 179.835205 -178.563934 6.084317 -12.313293 6.190540 173.921539 155.229553 172.526062 173.424316 -166.731781 177.483948 161.422852 -123.253494 -158.650772 103.781067 98.986801 86.448112 179.846008 -155.465195 -174.589478 0.673840 7.738315 0.268904 0.663731 7.588132 0.382547 3.035538 5.452592 0.890980 179.999985 -179.073914 -179.661682 0.000023 -1.080421 0.350377 170.298904 -179.248856 -179.663055 10.339185 0.583508 -1.165793 28.035263 -27.729788 61.734154 33.098938 -8.120773 -0.815139 179.272324 -177.377029 172.458588 47.755032 45.719784 9.000699 0.000021 -0.000036 7.898921 0.000006 -0.000021 5.260677 0.000001 -0.000000 0.000003 14.999999 0.000001 29.917780 0.000001 0.000003 24.478186 0.000010 -0.000005 17.134735 0.000001 -0.000000 0.000003 179.999908 179.999710 -145.544128 179.999756 179.999817 -145.544128 179.999786 179.999985 -157.052399 0.000001 -0.000000 0.000003 170.000031 -179.999924 -143.705124 0.000073 -0.000053 36.294884 0.000053 0.000003 24.172409 0.000001 -0.000000 0.000003 159.999908 179.999710 -164.497482 179.999756 179.999603 -156.746201 179.999741 179.999817 -164.512985 176.755264 -177.778854 178.838547 170.578430 175.789474 102.132179 173.518463 172.231644 178.638657 9.361186 9.991663 -0.627248 122.436142 128.018127 160.691193 179.999847 -179.999939 173.379791 179.999893 -179.999969 175.590942 180.000000 180.000000 -180.000000 164.999985 -179.999985 153.506378 179.999985 -179.999985 158.323410 179.999985 -180.000000 164.826401 180.000000 180.000000 -180.000000 180.000000 -179.999985 146.539108 179.999985 -179.999985 146.539124 180.000000 179.999985 157.715057 180.000000 180.000000 -180.000000 10.000017 0.000017 -31.249601 0.000012 0.000007 -31.249594 0.000026 0.000012 -20.812220 180.000000 180.000000 -180.000000 20.000010 -0.000016 -22.837105 179.999985 180.000000 145.744370 0.000002 0.000007 -22.814259
-42.150471 114.435280 5.927158 94.089645 179.862411 -178.528580 6.127844 -11.550324 6.024478 174.001236 155.991486 172.741852 173.539948 -166.801788 177.264420 160.992722 -123.211151 -158.435501 113.567703 98.839951 96.224045 179.876495 -155.400772 -174.674988 0.679711 7.708377 0.218465 0.671217 7.559125 0.300070 3.090141 5.439471 0.787190 0.000006 -0.920120 0.353956 179.999985 -178.926529 -179.633408 170.239044 -179.255859 -179.653732 10.345551 0.563805 -1.142442 28.124199 -27.823597 61.591553 33.697529 -8.017235 -0.832016 179.165283 -177.294662 172.523056 47.878475 45.795181 9.171986 0.000009 -0.000014 7.906455 0.000003 -0.000004 5.265696 180.000000 180.000000 -180.000000 15.000010 -0.000003 29.916628 180.000000 179.999985 -155.522766 0.000001 0.000007 17.134054 180.000000 180.000000 -180.000000 179.999939 179.999756 -145.581451 179.999817 179.999847 -145.581467 179.999847 179.999985 -157.077255 180.000000 180.000000 -180.000000 170.000015 -179.999924 -143.696136 0.000073 -0.000042 36.303841 0.000066 -0.000000 24.178343 180.000000 180.000000 -180.000000 159.999939 179.999771 -164.536224 179.999802 179.999725 -156.804337 179.999832 179.999878 -164.551682 176.784668 -177.754623 178.864166 170.934219 175.550064 102.193420 173.653641 172.065155 178.672440 9.390328 10.040466 -0.623959 122.620171 128.123779 160.982880 179.999847 -179.999939 173.406204 179.999893 -179.999985 175.608521 0.000003 -0.000003 0.000002 164.999969 -179.999985 153.510010 179.999985 -179.999985 158.326370 179.999985 179.999985 164.828461 0.000003 -0.000003 0.000002 0.000009 0.000012 -33.449894 0.000013 0.000004 -33.449894 180.000000 -179.999985 157.722366 0.000003 -0.000003 0.000002 10.000041 0.000032 -31.248514 0.000048 0.000017 -31.248518 0.000023 -0.000010 -20.811510 0.000003 -0.000003 0.000002 20.000019 0.000036 -22.826229 0.000040 0.000020 -34.239372 0.000029 -0.000008 -22.803410
-42.684479 114.563438 6.137830 94.032898 179.889267 -178.509720 6.300981 -10.805124 5.872500 173.983994 156.722137 172.926987 173.622131 -166.853516 177.098572 160.682159 -123.273041 -158.369827 123.980667 98.948753 106.672264 179.922485 -155.405121 -174.773926 0.686043 7.676448 0.169872 0.680936 7.528159 0.221014 3.154189 5.424613 0.689006 0.000002 -0.918685 0.359726 179.999985 -178.928192 -179.627411 170.196732 -179.257904 -179.649933 10.347007 0.547890 -1.120187 28.291632 -27.893286 61.443993 34.245770 -7.942637 -0.862341 179.071609 -177.222488 172.571838 47.479435 45.783329 9.012786 179.999176 179.998352 -171.974152 179.999313 179.998993 -174.654785 0.000000 -0.000003 0.000000 15.000025 -0.000041 29.913589 0.000008 -0.000012 24.474747 0.000026 -0.000011 17.132322 0.000000 -0.000003 0.000000 179.999954 179.999863 -145.621277 179.999878 179.999908 -145.621277 179.999893 -179.999985 -157.103760 0.000000 -0.000003 0.000000 170.000046 -179.999893 -143.688675 0.000086 -0.000068 36.311340 0.000061 0.000008 24.183342 0.000000 -0.000003 0.000000 159.999939 179.999802 -164.565887 179.999832 179.999741 -156.848816 179.999832 179.999893 -164.581299 176.811752 -177.731628 178.888794 171.276688 175.319427 102.281654 173.755920 171.934494 178.680145 9.411653 10.040805 -0.623728 122.777039 128.226593 161.261826 179.999893 -179.999969 173.441513 179.999939 -179.999985 175.632034 0.000000 -0.000000 0.000002 165.000000 -180.000000 153.522812 179.999985 -179.999985 158.336868 179.999985 179.999985 164.835800 0.000000 -0.000000 0.000002 0.000028 0.000008 -33.448799 0.000026 -0.000005 -33.448803 0.000027 -0.000015 -22.276899 0.000000 -0.000000 0.000002 10.000044 0.000024 -31.259193 0.000060 0.000002 -31.259180 0.000028 -0.000019 -20.818602 0.000000 -0.000000 0.000002 20.000025 0.000015 -22.833630 0.000064 0.000020 -34.250462 0.000035 -0.000017 -22.810806
-43.228184 114.676476 6.354612 93.949242 179.916687 -178.506683 6.469702 -10.074985 5.733955 173.964935 157.410126 173.104172 173.720566 -166.884827 176.965958 160.700974 -123.449425 -158.466461 134.214188 99.389145 117.017845 179.846329 -155.670654 -174.832306 0.693673 7.643643 0.122949 0.692705 7.496330 0.145183 3.227324 5.408802 0.596175 179.999985 -179.077621 -179.644135 0.000012 -1.076111 0.368562 170.172791 -179.254456 -179.651337 10.344624 0.536523 -1.099697 28.107967 -28.040422 61.403461 34.783115 -7.721837 -0.713324 178.995697 -177.221497 172.671860 48.730202 46.102955 9.818026 0.000039 -0.000078 7.737390 0.000039 -0.000043 5.153101 0.000002 -0.000003 -0.000000 15.000004 -0.000013 29.918083 0.000030 -0.000024 24.478455 0.000018 0.000004 17.134895 0.000002 -0.000003 -0.000000 179.999969 179.999893 -145.646255 179.999908 179.999939 -145.646240 179.999924 -179.999985 -157.120407 0.000002 -0.000003 -0.000000 170.000031 -179.999908 -143.670319 0.000075 -0.000046 36.329693 0.000064 0.000007 24.195562 0.000002 -0.000003 -0.000000 159.999985 179.999893 -164.608124 179.999908 179.999878 -156.912155 179.999908 179.999954 -164.623505 176.835373 -177.710739 178.914749 171.647629 175.099884 102.377266 173.822952 171.815079 178.671570 9.422754 10.031816 -0.612429 122.895248 128.347504 161.491821 179.999908 -179.999985 173.469513 179.999954 -179.999985 175.650696 0.000000 -0.000000 0.000000 165.000015 179.999985 153.532700 0.000017 0.000003 -21.655020 0.000010 -0.000000 -15.158543 0.000000 -0.000000 0.000000 0.000044 0.000020 -33.453671 0.000039 -0.000010 -33.453682 0.000032 -0.000022 -22.280142 0.000000 -0.000000 0.000000 10.000055 0.000028 -31.276133 0.000062 -0.000011 -31.276127 0.000024 -0.000016 -20.829914 0.000000 -0.000000 0.000000 20.000067 0.000023 -22.842213 0.000093 0.000007 -34.263309 0.000051 -0.000028 -22.819378
-43.783459 114.772820 6.581949 93.837906 179.946518 -178.518250 6.552565 -9.354918 5.603598 173.994751 158.050598 173.286667 173.872772 -166.892410 176.857117 160.777100 -123.735710 -158.704193 143.599503 100.117867 126.523506 179.864105 -156.243683 -174.901108 0.703360 7.611087 0.077702 0.706304 7.464746 0.071943 3.308062 5.393069 0.507691 0.000019 -0.931346 0.343068 179.999985 -178.913422 -179.644669 170.168640 -179.245514 -179.657593 10.340130 0.530423 -1.081273 28.129606 -28.134504 61.317513 35.269600 -7.574829 -0.619906 178.912048 -177.177750 172.703156 48.720455 46.143356 9.869217 0.000024 -0.000046 7.758395 0.000023 -0.000028 5.167093 0.000000 0.000000 -0.000003 15.000030 -0.000050 29.917116 0.000039 -0.000044 24.477644 0.000040 -0.000009 17.134340 0.000000 0.000000 -0.000003 179.999969 179.999939 -145.673950 179.999954 179.999969 -145.673950 179.999969 -179.999985 -157.138855 0.000000 0.000000 -0.000003 170.000046 -179.999924 -143.654343 0.000068 -0.000033 36.345669 0.000054 0.000009 24.206215 0.000000 0.000000 -0.000003 159.999969 179.999893 -164.627106 179.999908 179.999878 -156.940643 179.999893 179.999954 -164.642456 176.855560 -177.693115 178.942291 172.043854 174.892166 102.478470 173.853088 171.691208 178.655563 9.424020 10.008253 -0.601580 123.000031 128.464066 161.696945 179.999939 -179.999985 173.493073 179.999954 -179.999985 175.666367 180.000000 180.000000 -179.999985 165.000046 179.999985 153.532623 0.000039 -0.000011 -21.655104 0.000010 -0.000021 -15.158579 180.000000 180.000000 -179.999985 0.000054 0.000009 -33.471611 0.000047 -0.000004 -33.471634 0.000014 -0.000034 -22.292091 180.000000 180.000000 -179.999985 10.000072 0.000007 -31.296682 0.000069 -0.000023 -31.296658 0.000031 -0.000036 -20.843582 180.000000 180.000000 -179.999985 20.000051 0.000020 -22.868977 0.000089 -0.000023 -34.303490 0.000054 -0.000041 -22.846128
-44.355019 114.855743 6.817920 93.699158 179.978912 -178.543518 6.666093 -8.639011 5.472558 173.914215 158.668671 173.455673 174.120605 -166.877594 176.763290 161.088760 -124.069595 -159.040771 150.643890 101.126556 133.716415 179.915161 -156.870789 -174.868713 0.715191 7.578627 0.033765 0.721404 7.433242 0.000644 3.395209 5.377344 0.422510 180.000000 -179.055298 -179.677231 0.000001 -1.102174 0.334323 170.184647 -179.231934 -179.667969 10.335018 0.530367 -1.065634 28.096313 -28.235970 61.254196 35.712540 -7.465690 -0.545812 178.838623 -177.204788 172.793793 48.660728 46.170570 9.855438 0.000015 -0.000032 7.774737 0.000013 -0.000007 5.177976 0.000000 -0.000000 0.000000 15.000008 0.000006 29.941248 180.000000 -179.999985 -155.502625 180.000000 -179.999985 -162.851837 0.000000 -0.000000 0.000000 179.999985 179.999969 -145.692719 179.999969 179.999985 -145.692703 179.999985 -179.999985 -157.151337 0.000000 -0.000000 0.000000 170.000015 -179.999954 -143.630234 0.000044 -0.000018 36.369747 0.000036 0.000003 24.222242 0.000000 -0.000000 0.000000 159.999985 179.999969 -164.659576 179.999969 179.999954 -156.989365 179.999969 179.999985 -164.674911 176.873932 -177.682785 178.971985 172.363770 174.696411 102.616493 173.859314 171.641220 178.611191 9.416448 9.963846 -0.603380 123.089165 128.571686 161.897980 179.999969 -179.999985 173.524704 179.999985 -180.000000 175.687454 0.000000 0.000000 -0.000003 165.000061 179.999985 153.514313 0.000040 -0.000017 -21.670116 0.000021 -0.000026 -15.169075 0.000000 0.000000 -0.000003 0.000046 -0.000004 -33.493305 0.000042 -0.000021 -33.493305 0.000024 -0.000016 -22.306551 0.000000 0.000000 -0.000003 10.000050 0.000003 -31.338348 0.000040 -0.000017 -31.338335 0.000018 -0.000021 -20.871355 0.000000 0.000000 -0.000003 20.000034 0.000002 -22.911165 0.000061 -0.000013 -34.366764 0.000026 -0.000023 -22.888279
-44.950478 114.925529 7.069335 93.531227 -179.988068 -178.582077 6.668632 -7.919078 5.341518 173.895462 159.253357 173.641647 174.443817 -166.838196 176.681992 161.662827 -124.352936 -159.468842 154.815399 102.262222 138.143890 0.050373 -22.647203 5.233410 0.730466 7.544689 -0.009005 0.737948 7.400349 -0.069305 3.488888 5.360755 0.339819 180.000000 -179.039551 -179.702621 0.000021 -1.120499 0.307974 170.220474 -179.215729 -179.681366 10.328138 0.538890 -1.049557 28.073338 -28.328400 61.191208 36.127407 -7.347473 -0.441715 178.757065 -177.225143 172.864471 48.591331 46.158047 9.811187 0.000013 -0.000008 7.789902 0.000003 -0.000010 5.188072 180.000000 -179.999985 -179.999985 14.999997 -0.000004 29.942791 0.000000 -0.000000 24.498619 180.000000 -179.999985 -162.850952 180.000000 -179.999985 -179.999985 179.999985 179.999985 -145.709290 179.999985 179.999985 -145.709259 179.999985 -179.999985 -157.162399 180.000000 -179.999985 -179.999985 170.000015 -179.999969 -143.616089 0.000045 -0.000015 36.383877 0.000037 0.000010 24.231668 180.000000 -179.999985 -179.999985 159.999985 179.999969 -164.672516 179.999954 179.999954 -157.008789 179.999969 179.999985 -164.687851 176.887238 -177.678040 178.997711 172.685898 174.511246 102.769012 173.838211 171.601456 178.562271 9.399823 9.918045 -0.614421 123.180382 128.662399 162.067459 179.999985 180.000000 173.542603 179.999985 -180.000000 175.699371 0.000000 0.000003 0.000000 165.000031 -179.999985 153.480362 0.000032 -0.000015 -21.697886 0.000003 -0.000026 -15.188525 0.000000 0.000003 0.000000 0.000026 0.000008 -33.526398 0.000018 -0.000023 -33.526386 0.000010 -0.000017 -22.328579 0.000000 0.000003 0.000000 10.000012 0.000006 -31.380043 0.000015 -0.000017 -31.380041 180.000000 -179.999985 159.100891 0.000000 0.000003 0.000000 20.000019 0.000006 -22.950052 0.000028 -0.000016 -34.425087 0.000009 -0.000026 -22.927101
-45.569214 114.982628 7.338247 93.335236 -179.955231 -178.630554 6.619107 -7.201979 5.211083 174.007690 159.791855 173.848801 174.710510 -166.777451 176.637497 162.457809 -124.595695 -160.030655 157.223877 103.354309 140.920334 0.237475 -22.260599 5.350019 0.748902 7.508127 -0.051343 0.755820 7.364881 -0.139375 3.588498 5.342546 0.257547 0.000030 -0.976522 0.266240 0.000004 -1.139270 0.275779 170.271835 -179.198578 -179.698349 10.318104 0.558359 -1.028028 27.909460 -28.440723 61.164726 36.510532 -7.192556 -0.269956 178.690582 -177.293045 172.977341 48.499767 46.141495 9.735690 180.000000 -179.999985 -172.198730 180.000000 180.000000 -174.804352 0.000000 0.000000 -0.000003 15.000004 0.000003 29.940466 179.999985 179.999985 -155.503265 0.000001 0.000003 17.147711 0.000000 0.000000 -0.000003 179.999969 179.999939 -145.705414 179.999924 179.999985 -145.705399 179.999954 -179.999985 -157.159805 0.000000 0.000000 -0.000003 170.000031 -179.999985 -143.594406 0.000024 -0.000015 36.405609 0.000016 0.000007 24.246147 0.000000 0.000000 -0.000003 160.000000 179.999985 -164.695236 179.999985 179.999985 -157.042831 179.999985 -180.000000 -164.710526 176.889481 -177.672623 179.013382 173.024780 174.329834 102.937706 173.796677 171.582214 178.508545 9.375409 9.907242 -0.619955 123.283478 128.734787 162.226913 179.999985 179.999985 173.552719 179.999985 -179.999985 175.706116 0.000000 -0.000000 0.000005 165.000015 -179.999985 153.439590 0.000007 -0.000010 -21.731258 0.000004 -0.000003 -15.211867 0.000000 -0.000000 0.000005 0.000001 -0.000005 -33.556267 180.000000 -179.999985 146.443756 0.000006 -0.000011 -22.348454 0.000000 -0.000000 0.000005 10.000010 0.000002 -31.409281 0.000006 -0.000009 -31.409264 0.000004 -0.000003 -20.918568 0.000000 -0.000000 0.000005 20.000004 -0.000002 -22.986017 0.000008 0.000003 -34.479015 0.000003 0.000001 -22.963024
-46.195007 115.027252 7.612391 93.115807 -179.920776 -178.685181 6.634762 -6.500137 5.079381 174.080353 160.294022 174.048431 174.963654 -166.700790 176.620270 163.470383 -124.876633 -160.723282 158.316055 104.409035 142.507111 0.516991 -21.942911 5.431916 0.768836 7.470325 -0.092742 0.774566 7.328233 -0.209282 3.691894 5.323815 0.175839 0.000006 -0.992229 0.225724 0.000015 -1.157596 0.233789 170.331909 -179.180771 -179.721222 10.308919 0.585110 -1.010608 27.814610 -28.521376 61.121220 36.825821 -7.078166 -0.114248 178.647980 -177.353928 173.064804 48.407539 46.109936 9.640993 180.000000 180.000000 -172.193161 0.000007 -0.000000 5.199359 180.000000 179.999985 -180.000000 14.999984 0.000023 29.938782 179.999985 179.999985 -155.504654 179.999985 -179.999985 -162.853241 180.000000 179.999985 -180.000000 179.999985 179.999985 -145.760880 179.999985 179.999985 -145.760864 179.999985 -179.999985 -157.196732 180.000000 179.999985 -180.000000 170.000000 -179.999985 -143.578217 0.000004 0.000002 36.421787 180.000000 179.999985 -155.743088 180.000000 179.999985 -180.000000 160.000000 179.999985 -164.704681 179.999969 179.999985 -157.057007 179.999985 179.999985 -164.719971 176.884460 -177.665558 179.019699 173.357315 174.156586 103.121902 173.728058 171.509659 178.477325 9.346816 9.848818 -0.671062 123.333275 128.754227 162.317230 180.000000 -179.999985 173.567368 180.000000 -180.000000 175.715866 180.000000 -179.999985 180.000000 165.000000 179.999985 153.412079 180.000000 179.999985 158.246262 180.000000 179.999985 164.772369 180.000000 -179.999985 180.000000 179.999985 179.999985 146.427155 0.000006 0.000014 -33.572842 180.000000 -179.999985 157.640488 180.000000 -179.999985 180.000000 9.999996 0.000009 -31.427624 0.000002 0.000018 -31.427608 179.999985 179.999985 159.069199 180.000000 -179.999985 180.000000 19.999998 -0.000000 -22.997282 179.999985 180.000000 145.504074 0.000001 0.000011 -22.974285
-46.800255 115.061653 7.875033 92.890221 -179.878189 -178.684036 6.428732 -5.789135 4.879500 174.317780 160.788742 174.273636 175.290054 -166.649261 176.601852 164.593124 -125.127998 -161.577118 159.090439 105.139809 143.730728 0.650313 -21.714117 5.566290 0.769130 7.435828 -0.191342 0.793695 7.293929 -0.278072 3.796956 5.307018 0.095877 0.000016 -1.006024 0.177523 0.000012 -1.173692 0.183861 170.397095 -179.163849 -179.749084 10.303617 0.615650 -1.007331 27.722834 -28.581347 61.080292 37.091030 -6.986704 0.033843 178.620422 -177.434387 173.167236 48.286354 46.086529 9.506046 0.000000 -0.000000 7.804534 0.000000 -0.000000 5.197818 0.000000 0.000000 -0.000003 14.999999 0.000003 29.922802 179.999985 -179.999985 -155.517715 179.999985 180.000000 -162.862411 0.000000 0.000000 -0.000003 179.999985 179.999985 -145.788330 179.999985 -179.999985 -145.788330 180.000000 -179.999985 -157.215027 0.000000 0.000000 -0.000003 170.000000 179.999985 -143.557785 179.999985 -179.999985 -143.557770 179.999985 -179.999985 -155.729477 0.000000 0.000000 -0.000003 160.000000 179.999985 -164.731949 179.999985 180.000000 -157.097931 179.999985 179.999985 -164.747208 176.877686 -177.657654 179.014771 173.705414 174.002350 103.307632 173.650650 171.465622 178.445023 9.310217 9.866473 -0.704176 123.342278 128.727509 162.334915 0.000002 0.000002 -6.423310 0.000000 0.000000 -4.277928 0.000000 -0.000000 0.000000 165.000015 -179.999985 153.437256 180.000000 -179.999985 158.266846 0.000006 0.000005 -15.213213 0.000000 -0.000000 0.000000 180.000000 179.999985 146.437469 180.000000 179.999985 146.437454 0.000011 0.000014 -22.352657 0.000000 -0.000000 0.000000 9.999987 0.000006 -31.413263 180.000000 179.999985 148.586716 0.000003 0.000004 -20.921240 0.000000 -0.000000 0.000000 19.999994 0.000005 -22.983206 180.000000 179.999985 145.525192 0.000005 0.000011 -22.960218
-47.589912 115.070877 8.264196 92.584099 -179.823730 -178.976288 6.173031 -5.059927 4.965218 174.968216 161.088257 174.487106 175.268112 -166.435944 176.744141 165.718582 -125.922035 -162.185150 160.133011 106.619484 145.575241 1.045877 -21.069853 5.376738 0.874757 7.400908 0.008186 0.812987 7.263576 -0.348406 3.902892 5.293583 0.014172 0.000019 -1.015501 0.127757 180.000000 -178.815247 -179.867676 170.461044 -179.150482 -179.778473 10.298645 0.650602 -1.011074 27.627592 -28.619287 61.038811 37.330711 -6.880304 0.213858 178.580399 -177.479416 173.226852 48.213539 46.060760 9.428631 0.000010 -0.000004 7.807726 180.000000 179.999985 -174.800049 0.000000 -0.000000 0.000000 15.000004 0.000003 29.912605 179.999985 -179.999985 -155.526062 180.000000 180.000000 -162.868240 0.000000 -0.000000 0.000000 179.999985 179.999985 -145.809677 180.000000 -179.999985 -145.809692 179.999985 -179.999985 -157.229248 0.000000 -0.000000 0.000000 170.000000 -179.999985 -143.586807 180.000000 -179.999985 -143.586807 180.000000 180.000000 -155.748825 0.000000 -0.000000 0.000000 160.000000 180.000000 -164.737015 179.999985 -180.000000 -157.105530 180.000000 -179.999985 -164.752289 176.868576 -177.651627 179.000824 174.027573 173.873749 103.509468 173.574265 171.450226 178.412430 9.271962 9.916641 -0.737179 123.285980 128.665268 162.248886 0.000000 0.000000 -6.423827 0.000000 0.000000 -4.278266 0.000002 -0.000003 -0.000000 165.000015 179.999985 153.439896 0.000001 0.000011 -21.730993 180.000000 179.999985 164.788315 0.000002 -0.000003 -0.000000 179.999985 179.999985 146.469162 180.000000 179.999985 146.469162 180.000000 179.999985 157.668457 0.000002 -0.000003 -0.000000 9.999986 0.000012 -31.379169 0.000001 0.000011 -31.379148 0.000006 0.000005 -20.898523 0.000002 -0.000003 -0.000000 19.999996 0.000010 -22.948330 180.000000 179.999985 145.577515 0.000008 0.000012 -22.925373
-48.471470 115.077065 8.712115 92.260513 -179.757141 -179.263077 5.952975 -4.313003 5.020107 175.459824 161.414764 174.687027 175.389679 -166.249817 176.878281 166.806641 -126.717102 -162.803253 161.863541 107.822823 148.000885 1.129120 -20.382481 5.220544 0.989546 7.368415 0.207425 0.831926 7.236207 -0.423354 4.008162 5.283277 -0.073576 180.000000 -178.980484 -179.921509 0.000007 -1.189407 0.081292 170.531601 -179.141891 -179.808517 10.290823 0.689866 -1.014917 27.538162 -28.627129 60.996868 37.536648 -6.795026 0.378605 178.536163 -177.531052 173.291672 48.148273 46.034687 9.366524 0.000003 -0.000000 7.814897 0.000000 -0.000000 5.204720 0.000000 -0.000000 0.000003 14.999990 0.000006 29.901758 180.000000 -179.999985 -155.534927 180.000000 -179.999985 -162.874451 0.000000 -0.000000 0.000003 180.000000 -179.999985 -145.824890 180.000000 -179.999985 -145.824890 179.999985 -179.999985 -157.239365 0.000000 -0.000000 0.000003 170.000000 -180.000000 -143.587387 180.000000 180.000000 -143.587387 0.000011 0.000001 24.250788 0.000000 -0.000000 0.000003 160.000000 -180.000000 -164.746185 0.000004 -0.000006 22.880701 180.000000 -179.999985 -164.761429 176.855713 -177.649521 178.982300 174.355453 173.779846 103.719528 173.501663 171.425980 178.390335 9.237386 9.981988 -0.770530 123.126060 128.562057 162.043060 0.000002 0.000004 -6.420536 0.000000 0.000000 -4.276072 0.000000 -0.000000 0.000000 165.000000 179.999985 153.476639 0.000002 0.000010 -21.700924 179.999985 180.000000 164.809357 0.000000 -0.000000 0.000000 180.000000 179.999985 146.513245 0.000005 0.000007 -33.486755 179.999985 180.000000 157.697815 0.000000 -0.000000 0.000000 10.000006 0.000004 -31.336767 180.000000 179.999985 148.663239 180.000000 179.999985 159.129700 0.000000 -0.000000 0.000000 20.000002 0.000002 -22.911888 180.000000 179.999985 145.632156 0.000013 0.000006 -22.888979
-49.001194 114.857033 8.926661 92.085487 -179.681747 -179.551514 5.654622 -3.668819 5.101669 175.321976 161.794006 174.841507 176.073761 -166.180023 176.838470 167.678558 -127.794930 -163.721741 163.776108 108.707123 150.428940 1.163778 -20.179228 5.249639 0.954974 7.337091 0.415863 0.849855 7.210013 -0.504406 4.109883 5.274920 -0.169727 0.000008 -1.017599 0.032129 0.000014 -1.187209 0.033282 170.597855 -179.138687 -179.837585 10.281675 0.733820 -1.018836 27.444012 -28.601728 60.963627 37.716549 -6.708993 0.547097 178.485199 -177.577652 173.346573 48.052807 46.020092 9.292082 180.000000 -179.999985 -172.171967 0.000003 -0.000000 5.213472 180.000000 179.999985 179.999985 14.999997 0.000009 29.887587 0.000001 -0.000011 24.453495 180.000000 -179.999985 -162.882553 180.000000 179.999985 179.999985 180.000000 179.999985 -145.842712 0.000001 -0.000008 34.157310 0.000003 -0.000001 22.748764 180.000000 179.999985 179.999985 170.000000 179.999985 -143.591675 180.000000 -179.999985 -143.591675 180.000000 180.000000 -155.752060 180.000000 179.999985 179.999985 160.000015 179.999985 -164.751587 0.000002 0.000001 22.872641 180.000000 179.999985 -164.766815 176.839218 -177.652420 178.962112 174.669876 173.728882 103.941101 173.443604 171.412231 178.373535 9.207636 10.056193 -0.799229 122.901947 128.428955 161.767258 0.000000 0.000000 -6.411872 180.000000 180.000000 175.729706 0.000002 0.000003 -0.000003 165.000015 179.999985 153.513321 180.000000 180.000000 158.329086 180.000000 180.000000 164.830353 0.000002 0.000003 -0.000003 0.000000 0.000005 -33.439205 0.000004 0.000010 -33.439217 0.000006 0.000003 -22.270517 0.000002 0.000003 -0.000003 9.999987 0.000020 -31.293373 180.000000 -180.000000 148.706650 0.000007 0.000001 -20.841391 0.000002 0.000003 -0.000003 19.999987 0.000003 -22.871964 180.000000 179.999985 145.692062 0.000005 0.000008 -22.849104
-49.517559 114.896034 9.041709 91.908043 -179.604752 -179.694717 5.615712 -3.055263 5.090082 175.553375 162.149750 175.032578 176.129669 -166.148315 176.893372 169.008789 -128.463516 -164.649765 163.324875 109.283936 150.684143 1.257226 -20.142187 5.318692 0.892621 7.308148 0.479134 0.869110 7.183710 -0.586408 4.217389 5.266679 -0.266478 0.000134 -1.015472 -0.013247 0.000155 -1.184695 -0.013719 170.652481 -179.135849 -179.865921 10.273469 0.782299 -1.024348 27.308046 -28.582588 60.939014 37.898209 -6.633199 0.701228 178.439056 -177.649017 173.430420 47.976086 45.986050 9.221394 0.000070 0.000023 7.838364 0.000045 0.000015 5.220340 180.000000 180.000000 -180.000000 14.999971 -0.000027 29.873806 179.999985 -179.999969 -155.557816 179.999985 -179.999985 -162.890472 180.000000 180.000000 -180.000000 179.999985 -180.000000 -145.853806 180.000000 -179.999985 -145.853821 180.000000 -179.999985 -157.258652 180.000000 180.000000 -180.000000 169.999954 -179.999985 -143.588959 179.999985 -179.999939 -143.588974 180.000000 -179.999969 -155.750259 180.000000 180.000000 -180.000000 160.000031 179.999969 -164.753159 0.000043 0.000040 22.870249 0.000002 0.000041 15.231608 176.826813 -177.663544 178.947067 174.926437 173.687225 104.170265 173.394287 171.455948 178.341888 9.185760 10.160034 -0.831709 122.633148 128.267990 161.436829 179.999985 -179.999985 173.598984 179.999985 -179.999985 175.736923 0.000000 -0.000000 0.000002 165.000000 -179.999985 153.561722 180.000000 -180.000000 158.368698 0.000007 0.000001 -15.141912 0.000000 -0.000000 0.000002 179.999893 179.999817 146.630219 0.000018 0.000226 -33.369789 0.000087 0.000123 -22.224276 0.000000 -0.000000 0.000002 9.999863 0.000242 -31.154263 180.000000 179.999725 148.845749 0.000080 0.000153 -20.748722 0.000000 -0.000000 0.000002 19.999964 0.000062 -22.799379 179.999985 179.999908 145.800934 0.000030 0.000058 -22.776583
-50.058193 115.033493 9.337523 91.747108 -179.521347 -179.647217 5.260329 -2.363057 4.790710 175.811752 162.609314 175.261414 176.493362 -166.258804 176.940826 170.280228 -128.942963 -165.682327 165.210434 109.106026 152.669708 0.310442 -20.123877 5.779103 0.827978 7.283523 0.386513 0.880589 7.159477 -0.685599 4.292396 5.262659 -0.389743 0.000128 -1.000924 -0.049822 0.000143 -1.167723 -0.051596 170.677475 -179.144638 -179.890289 10.268551 0.837526 -1.030042 27.085464 -28.515078 60.945900 38.021103 -6.517847 0.920863 178.383087 -177.704575 173.483719 47.938705 45.974522 9.215226 0.000057 0.000025 7.856400 0.000045 0.000022 5.232370 0.000000 0.000003 0.000000 14.999965 -0.000018 29.868950 179.999985 -179.999939 -155.561798 179.999985 -179.999954 -162.893234 0.000000 0.000003 0.000000 179.999985 -179.999985 -145.857864 0.000001 -0.000008 34.142113 180.000000 -179.999985 -157.261353 0.000000 0.000003 0.000000 169.999954 -179.999985 -143.603409 179.999985 -179.999954 -143.603424 0.000024 -0.000033 24.240116 0.000000 0.000003 0.000000 160.000061 179.999954 -164.747116 0.000055 0.000093 22.879347 0.000012 0.000064 15.237638 176.799942 -177.675674 178.925705 175.118744 173.732315 104.442894 173.396133 171.594040 178.295319 9.173740 10.263054 -0.833871 122.246071 128.149216 160.971313 179.999969 -179.999954 173.598129 179.999985 -179.999985 175.736343 180.000000 179.999985 180.000000 165.000015 -179.999939 153.576920 0.000003 -0.000071 -21.618841 179.999985 -179.999954 164.866791 180.000000 179.999985 180.000000 179.999908 179.999863 146.709274 179.999985 179.999847 146.709290 0.000063 0.000087 -22.171597 180.000000 179.999985 180.000000 9.999832 0.000196 -31.077320 179.999969 179.999725 148.922684 0.000074 0.000163 -20.697475 180.000000 179.999985 180.000000 19.999681 0.000384 -22.864204 179.999786 179.999313 145.703720 0.000140 0.000460 -22.841339
-50.670849 115.216621 9.669704 91.593750 -179.436630 -179.549698 4.604288 -1.598091 4.410239 176.262878 163.114594 175.506958 176.962341 -166.423859 176.978333 171.023453 -129.393616 -166.726334 165.082108 109.089928 152.923126 0.676039 -20.207022 5.843830 0.772911 7.259078 0.254194 0.888298 7.134943 -0.792307 4.351241 5.259382 -0.524850 0.000169 -0.979248 -0.079767 0.000154 -1.142483 -0.082627 170.685394 -179.160110 -179.911423 10.263556 0.892007 -1.037563 26.825886 -28.418512 60.979404 38.128742 -6.381459 1.172530 178.301712 -177.745880 173.516678 47.920177 45.979137 9.231412 0.000042 0.000018 7.872627 0.000021 0.000020 5.243170 180.000000 179.999985 -180.000000 14.999987 -0.000015 29.852222 180.000000 -179.999985 -155.575455 0.000005 -0.000015 17.097178 180.000000 179.999985 -180.000000 0.000012 0.000021 34.134655 180.000000 179.999985 -145.865372 179.999985 179.999985 -157.266312 180.000000 179.999985 -180.000000 169.999954 -179.999939 -143.610428 0.000004 -0.000087 36.389561 0.000036 -0.000043 24.235441 180.000000 179.999985 -180.000000 160.000076 179.999893 -164.739990 0.000040 0.000170 22.890049 179.999985 179.999893 -164.755249 176.764420 -177.687057 178.903656 175.652054 173.842056 104.624962 173.368118 171.382248 178.362579 9.144438 10.307812 -0.815356 121.877647 128.032562 160.508911 179.999969 -179.999969 173.588699 179.999985 -179.999985 175.730072 0.000000 -0.000000 0.000000 165.000092 -179.999893 153.566940 0.000026 -0.000120 -21.627031 179.999985 -179.999924 164.861053 0.000000 -0.000000 0.000000 179.999954 179.999939 146.757004 179.999985 179.999924 146.756989 0.000009 0.000045 -22.139858 0.000000 -0.000000 0.000000 9.999949 0.000071 -30.988436 179.999985 179.999893 149.011581 0.000008 0.000053 -20.638296 0.000000 -0.000000 0.000000 20.000042 -0.000039 -22.664198 0.000026 -0.000074 -33.996288 179.999985 -179.999954 157.358475
-51.351376 115.327751 9.916973 91.448814 -179.351898 -179.401489 3.765751 -0.789470 3.988142 176.858521 163.665558 175.752594 177.451843 -166.680405 176.991852 172.445541 -129.793915 -167.837799 164.548172 108.965752 152.734360 0.450106 -20.289412 6.227730 0.725330 7.231545 0.075300 0.892785 7.106924 -0.910907 4.397291 5.255027 -0.677367 0.000148 -0.948113 -0.097167 0.000190 -1.106121 -0.100663 170.675980 -179.184952 -179.926041 10.261456 0.948417 -1.021173 26.617130 -28.273052 61.008247 38.163303 -6.311907 1.353865 178.209808 -177.775650 173.545197 47.959293 45.998436 9.294504 0.000040 0.000033 7.880461 0.000025 0.000024 5.248386 0.000000 -0.000000 0.000000 14.999969 -0.000038 29.851526 180.000000 -179.999985 -155.576035 0.000005 -0.000035 17.096794 0.000000 -0.000000 0.000000 0.000025 0.000035 34.136604 0.000005 0.000052 34.136600 179.999985 179.999985 -157.265030 0.000000 -0.000000 0.000000 169.999939 -179.999893 -143.621155 0.000006 -0.000113 36.378834 0.000054 -0.000057 24.228281 0.000000 -0.000000 0.000000 160.000076 179.999878 -164.722122 0.000043 0.000211 22.916815 179.999969 179.999847 -164.737396 176.725113 -177.706879 178.901764 176.142059 174.004379 104.825546 173.374619 171.234421 178.421814 9.103193 10.322648 -0.767325 121.578239 127.939499 160.080231 0.000006 0.000011 -6.445564 0.000003 0.000005 -4.292742 0.000000 0.000003 0.000000 165.000107 -179.999878 153.537262 0.000033 -0.000134 -21.651337 179.999985 -179.999908 164.844055 0.000000 0.000003 0.000000 180.000000 -179.999985 146.787155 180.000000 -179.999985 146.787170 0.000004 -0.000004 -22.119747 0.000000 0.000003 0.000000 10.000032 -0.000036 -30.947689 0.000013 -0.000021 -30.947706 180.000000 -179.999969 159.388840 0.000000 0.000003 0.000000 20.000128 -0.000114 -22.658062 0.000114 -0.000233 -33.987114 179.999985 -179.999832 157.364609
-52.057159 115.525246 10.168425 91.320541 -179.269669 -179.292374 3.113204 -0.000983 3.621685 177.467133 164.188446 175.972290 177.696411 -167.027878 177.061050 173.403870 -130.209503 -168.885086 163.390778 108.885094 151.991425 0.860189 -20.616816 6.441376 0.687695 7.199472 -0.061147 0.894839 7.075266 -1.038111 4.433169 5.248855 -0.842796 0.000160 -0.907629 -0.104684 0.000179 -1.058910 -0.108422 170.647720 -179.218689 -179.935776 10.261385 1.004695 -0.978634 26.328569 -28.104378 61.065483 38.093742 -6.209192 1.591068 178.165817 -177.797333 173.567947 48.001854 46.018398 9.360330 0.000049 0.000072 7.887777 0.000020 0.000054 5.253259 180.000000 -179.999985 180.000000 14.999982 -0.000030 29.842415 0.000002 -0.000025 24.416513 0.000014 -0.000019 17.091547 180.000000 -179.999985 180.000000 0.000039 0.000070 34.141968 179.999985 179.999908 -145.858002 179.999985 179.999969 -157.261444 180.000000 -179.999985 180.000000 169.999939 -179.999878 -143.640472 0.000035 -0.000134 36.359535 0.000078 -0.000062 24.215441 180.000000 -179.999985 180.000000 160.000076 179.999847 -164.697723 0.000029 0.000245 22.953442 179.999954 179.999847 -164.712982 176.684402 -177.731125 178.912766 176.549026 174.217316 105.050720 173.423080 171.194321 178.464981 9.062539 10.328758 -0.692579 121.400017 127.905945 159.795380 0.000033 0.000048 -6.484938 0.000021 0.000028 -4.318956 0.000000 -0.000000 0.000000 165.000107 -179.999893 153.496063 0.000044 -0.000105 -21.685038 179.999985 -179.999924 164.820465 0.000000 -0.000000 0.000000 179.999649 179.999710 146.723526 179.999878 179.999557 146.723526 0.000099 0.000296 -22.162123 0.000000 -0.000000 0.000000 10.000072 -0.000060 -30.948868 0.000032 -0.000101 -30.948860 180.000000 -179.999939 159.388046 0.000000 -0.000000 0.000000 20.000147 -0.000116 -22.690226 0.000140 -0.000243 -34.035370 179.999985 -179.999817 157.332458
-52.713150 115.650330 10.376925 91.206261 -179.190887 -179.188889 2.212873 0.738766 3.252280 178.247879 164.687622 176.172043 177.988663 -167.532394 177.120850 174.904343 -130.608154 -169.982727 160.195618 109.056824 149.605103 1.496132 -21.226511 6.613282 0.656529 7.164549 -0.188659 0.895247 7.041131 -1.169716 4.462076 5.241284 -1.014929 0.000168 -0.858915 -0.105329 0.000209 -1.002060 -0.109093 170.589920 -179.260071 -179.942215 10.260446 1.055643 -0.922543 25.896011 -27.902599 61.175888 37.960068 -6.048833 1.912003 178.161987 -177.819351 173.585297 48.028095 46.023628 9.429010 0.000046 0.000076 7.908009 0.000027 0.000062 5.266728 0.000000 -0.000000 0.000000 14.999967 -0.000069 29.842291 180.000000 -179.999954 -155.583588 0.000021 -0.000041 17.091501 0.000000 -0.000000 0.000000 0.000032 0.000058 34.156399 179.999985 179.999924 -145.843613 179.999985 179.999985 -157.251846 0.000000 -0.000000 0.000000 169.999908 -179.999802 -143.654541 0.000054 -0.000208 36.345428 0.000113 -0.000094 24.206062 0.000000 -0.000000 0.000000 159.999802 -179.999390 -164.582764 179.999939 -179.999023 -156.874146 0.000210 -0.000613 15.401841 176.643707 -177.753403 178.925064 176.998978 174.477753 105.261475 173.483322 171.128540 178.530350 9.023688 10.297562 -0.599379 121.349594 127.878723 159.655624 0.000057 0.000079 -6.522450 0.000049 0.000048 -4.343972 0.000000 -0.000000 0.000000 165.000061 -179.999969 153.454376 0.000011 -0.000058 -21.719151 180.000000 -179.999969 164.796585 0.000000 -0.000000 0.000000 0.000096 -0.000077 -33.112072 0.000037 -0.000112 -33.112083 179.999985 -179.999924 157.947342 0.000000 -0.000000 0.000000 10.000096 -0.000064 -30.965195 0.000042 -0.000127 -30.965195 179.999985 -179.999908 159.377182 0.000000 -0.000000 0.000000 20.000185 -0.000150 -22.720629 0.000198 -0.000314 -34.080959 179.999985 -179.999756 157.302078
-53.355289 115.819344 10.676353 91.111580 -179.113358 -179.075104 1.883948 1.428308 2.837654 178.422104 165.193787 176.361115 178.287903 -168.197754 177.218277 175.715622 -131.090927 -171.009735 160.055313 108.889748 149.831589 1.618621 -21.838541 6.754210 0.620657 7.128302 -0.325040 0.895060 7.005602 -1.305053 4.488420 5.232996 -1.192319 0.000144 -0.802926 -0.103478 0.000155 -0.936732 -0.107172 170.541534 -179.307907 -179.948441 10.258307 1.098971 -0.856070 25.554781 -27.596603 61.275650 37.767727 -5.972652 2.147357 178.170288 -177.845291 173.601105 48.019512 46.023033 9.465487 0.000027 0.000089 7.930572 0.000013 0.000063 5.281761 0.000003 0.000003 -0.000003 14.999968 -0.000079 29.830530 0.000006 -0.000071 24.406809 0.000025 -0.000042 17.084755 0.000003 0.000003 -0.000003 0.000024 0.000071 34.166462 179.999985 179.999924 -145.833572 179.999969 179.999969 -157.245148 0.000003 0.000003 -0.000003 169.999924 -179.999786 -143.689606 0.000067 -0.000223 36.310406 0.000120 -0.000092 24.182713 0.000003 0.000003 -0.000003 160.000015 179.999908 -164.764252 180.000000 179.999847 -157.146378 179.999969 179.999908 -164.779495 176.603363 -177.768555 178.936340 177.319366 174.792145 105.497368 173.602753 171.205215 178.577881 8.986971 10.224855 -0.483593 121.146439 127.832016 159.178726 179.999756 -179.999649 173.357529 179.999817 -179.999786 175.576126 180.000000 180.000000 -180.000000 164.999969 179.999985 153.431259 0.000002 0.000019 -21.738031 179.999985 179.999985 164.783371 180.000000 180.000000 -180.000000 0.000123 -0.000090 -33.130322 0.000063 -0.000141 -33.130333 179.999985 -179.999893 157.935211 180.000000 180.000000 -180.000000 10.000138 -0.000106 -30.984867 0.000081 -0.000140 -30.984873 179.999985 -179.999878 159.364059 180.000000 180.000000 -180.000000 20.000219 -0.000145 -22.764694 0.000228 -0.000330 -34.147057 180.000000 -179.999741 157.258057
-54.011673 115.985062 11.017654 91.024452 -179.034973 -178.934036 1.376328 2.063934 2.367241 178.734924 165.619110 176.530609 178.605957 -168.985535 177.349075 176.214600 -131.704208 -171.989212 161.568665 108.685364 151.502502 1.493746 -22.275978 6.829722 0.586743 7.092592 -0.488425 0.895013 6.970335 -1.443449 4.515712 5.225150 -1.373673 0.000139 -0.741047 -0.094401 0.000181 -0.864546 -0.097782 170.447708 -179.361435 -179.950638 10.255452 1.134511 -0.780649 25.247549 -27.210674 61.386032 37.509876 -5.945594 2.331499 178.193649 -177.880310 173.621979 47.993805 45.993294 9.471855 0.000018 0.000107 7.953276 0.000007 0.000071 5.296882 0.000000 -0.000000 0.000000 14.999965 -0.000076 29.816502 0.000017 -0.000067 24.395294 0.000021 -0.000045 17.076712 0.000000 -0.000000 0.000000 0.000027 0.000088 34.176342 179.999985 179.999908 -145.823669 179.999969 179.999969 -157.238556 0.000000 -0.000000 0.000000 169.999939 -179.999771 -143.726486 0.000093 -0.000243 36.273518 0.000143 -0.000100 24.158169 0.000000 -0.000000 0.000000 160.000031 179.999878 -164.749405 0.000000 0.000172 22.875927 179.999969 179.999908 -164.764648 176.567978 -177.777969 178.952240 177.709976 175.215759 105.671745 173.790207 171.235504 178.671280 8.950737 10.135231 -0.328646 122.079567 127.926003 160.521423 0.000052 0.000076 -6.494825 0.000043 0.000049 -4.325552 0.000000 -0.000000 0.000000 165.000000 179.999985 153.435104 179.999985 179.999985 158.265076 0.000012 0.000014 -15.214439 0.000000 -0.000000 0.000000 0.000154 -0.000098 -33.161091 0.000068 -0.000158 -33.161091 179.999985 -179.999878 157.914719 0.000000 -0.000000 0.000000 10.000138 -0.000076 -31.019150 0.000066 -0.000134 -31.019131 179.999985 -179.999893 159.341248 0.000000 -0.000000 0.000000 20.000210 -0.000126 -22.817036 0.000204 -0.000280 -34.225555 180.000000 -179.999756 157.205795
-54.703735 116.316376 11.349636 90.938103 -178.956299 -178.767609 1.043197 2.639289 1.871048 178.783569 165.973358 176.684052 179.002731 -169.894226 177.480621 177.089325 -132.451340 -172.974823 162.537216 108.761986 152.745987 1.272101 -22.612492 6.954784 0.559811 7.057860 -0.677655 0.895445 6.935758 -1.584397 4.545619 5.218140 -1.557949 0.000115 -0.674495 -0.078197 0.000146 -0.786919 -0.081002 170.333603 -179.419678 -179.949280 10.251430 1.163395 -0.694661 24.882868 -26.781446 61.535030 37.183147 -5.908416 2.527000 178.231720 -177.924530 173.646439 47.894848 45.927956 9.395896 0.000007 0.000104 7.979151 180.000000 179.999924 -174.685883 180.000000 180.000000 -180.000000 14.999968 -0.000103 29.801762 0.000013 -0.000083 24.383257 0.000045 -0.000045 17.068264 180.000000 180.000000 -180.000000 0.000022 0.000093 34.191559 179.999985 179.999908 -145.808441 179.999969 179.999969 -157.228424 180.000000 180.000000 -180.000000 169.999939 -179.999741 -143.768921 0.000095 -0.000236 36.231071 0.000136 -0.000085 24.129887 180.000000 180.000000 -180.000000 160.000031 179.999817 -164.736496 179.999985 179.999725 -157.104767 179.999908 179.999832 -164.751770 176.544662 -177.788971 178.983475 177.937637 175.725586 105.838898 174.055847 171.409576 178.757523 8.915691 9.994305 -0.147502 122.357399 127.891983 160.731476 0.000035 0.000048 -6.533627 0.000026 0.000028 -4.351391 0.000000 0.000005 0.000002 164.999939 179.999954 153.433167 179.999969 179.999954 158.263489 180.000000 179.999954 164.784439 0.000000 0.000005 0.000002 0.000152 -0.000081 -33.196140 0.000066 -0.000162 -33.196117 179.999985 -179.999878 157.891373 0.000000 0.000005 0.000002 10.000146 -0.000084 -31.048717 0.000074 -0.000139 -31.048712 179.999985 -179.999878 159.321548 0.000000 0.000005 0.000002 20.000198 -0.000105 -22.864243 0.000207 -0.000276 -34.296371 0.000009 -0.000218 -22.841381
-55.385941 116.577354 11.636030 90.853806 -178.881134 -178.593460 0.658826 3.129435 1.385256 178.884018 166.210693 176.808014 179.384521 -170.920792 177.622314 177.943771 -133.226883 -173.897675 163.084793 108.943596 153.608734 1.168233 -22.975405 7.042904 0.536907 7.022099 -0.876269 0.896766 6.900211 -1.727525 4.579656 5.210732 -1.744678 0.000113 -0.603450 -0.051260 0.000108 -0.704026 -0.053082 170.205475 -179.482788 -179.942276 10.244749 1.187016 -0.595032 24.479864 -26.307564 61.716095 36.779457 -5.870327 2.725610 178.295853 -177.980240 173.673904 47.691280 45.816357 9.208701 0.000004 0.000056 8.011496 180.000000 179.999969 -174.664337 180.000000 -179.999985 -179.999985 14.999971 -0.000129 29.783245 0.000027 -0.000104 24.368097 0.000044 -0.000052 17.057661 180.000000 -179.999985 -179.999985 0.000026 0.000096 34.207497 179.999969 179.999908 -145.792526 179.999954 179.999969 -157.217804 180.000000 -179.999985 -179.999985 169.999954 -179.999786 -143.819443 0.000085 -0.000190 36.180515 0.000122 -0.000068 24.096233 180.000000 -179.999985 -179.999985 160.000061 179.999725 -164.707245 179.999969 179.999588 -157.060852 179.999863 179.999741 -164.722519 176.531204 -177.801743 179.030090 178.115860 176.301559 105.971275 174.360306 171.639206 178.854691 8.878429 9.769156 0.047093 122.542641 127.792717 160.836990 0.000024 0.000034 -6.561973 0.000015 0.000013 -4.370275 180.000000 -179.999985 -179.999985 164.999954 179.999969 153.451523 179.999985 179.999954 158.278519 179.999985 179.999969 164.794968 180.000000 -179.999985 -179.999985 0.000183 -0.000106 -33.228428 0.000094 -0.000184 -33.228405 179.999985 -179.999847 157.869858 180.000000 -179.999985 -179.999985 10.000185 -0.000102 -31.076824 0.000095 -0.000176 -31.076818 180.000000 -179.999847 159.302841 180.000000 -179.999985 -179.999985 20.000198 -0.000118 -22.908476 0.000198 -0.000260 -34.362720 0.000008 -0.000228 -22.885563
-56.092197 116.873917 11.885059 90.770699 -178.816483 -178.423828 0.370617 3.526866 0.916816 178.718018 166.338043 176.914108 179.935806 -172.058533 177.727737 178.518890 -134.030151 -174.728760 163.527710 109.216492 154.367798 1.333057 -23.369951 7.001316 0.514409 6.981886 -1.073648 0.899494 6.860389 -1.872345 4.620070 5.200809 -1.933071 0.000085 -0.529476 -0.016823 0.000101 -0.617707 -0.017428 170.066986 -179.549286 -179.931396 10.235194 1.205247 -0.481648 23.971624 -25.797123 61.952396 36.315342 -5.784079 2.975128 178.342285 -178.043030 173.699326 47.877880 45.602795 9.058633 0.000005 0.002598 7.896822 179.999756 179.998291 -174.740723 0.000000 -0.000000 0.000002 14.999976 -0.000076 29.754917 0.000022 -0.000061 24.344936 0.000026 -0.000035 17.041454 0.000000 -0.000000 0.000002 0.000032 0.000151 34.222649 179.999939 179.999847 -145.777359 179.999908 179.999939 -157.207703 0.000000 -0.000000 0.000002 169.999969 -179.999817 -143.863052 0.000084 -0.000171 36.136944 0.000103 -0.000057 24.067204 0.000000 -0.000000 0.000002 160.000076 179.999634 -164.656845 179.999954 179.999466 -156.985275 179.999832 179.999680 -164.672195 176.522446 -177.813614 179.091934 178.212570 176.931198 106.076393 174.696198 171.970840 178.947357 8.843059 9.498569 0.273423 122.621277 127.658134 160.837418 0.000026 0.000031 -6.578717 0.000023 0.000021 -4.381429 0.000003 0.000003 0.000000 164.999969 179.999985 153.469406 179.999985 179.999985 158.293152 180.000000 179.999985 164.805191 0.000003 0.000003 0.000000 0.000173 -0.000109 -33.274494 0.000091 -0.000174 -33.274498 180.000000 -179.999863 157.839172 0.000003 0.000003 0.000000 10.000164 -0.000084 -31.124510 0.000090 -0.000145 -31.124498 179.999985 -179.999863 159.271088 0.000003 0.000003 0.000000 20.000122 -0.000056 -22.963453 0.000121 -0.000177 -34.445179 0.000017 -0.000136 -22.940479
-56.781971 117.191124 12.118544 90.682938 -178.767487 -178.271011 179.844559 176.200607 -179.530472 178.699860 166.313797 176.977219 0.581027 -6.704279 -2.181618 178.832535 -134.856491 -175.440567 163.566101 109.649033 154.775345 1.869534 -23.759315 6.794906 0.493263 6.935048 -1.259720 0.904241 6.814274 -2.017526 4.669067 5.186914 -2.121276 0.000055 -0.454041 0.020475 0.000086 -0.529726 0.021190 169.922089 -179.617325 -179.919327 10.225887 1.217662 -0.358500 23.340895 -25.250990 62.254524 35.847107 -5.509017 3.399904 178.274338 -177.992203 173.613342 46.285305 45.628159 8.591629 180.000000 179.999908 -171.570663 179.999985 179.999939 -174.386063 0.000000 -0.000000 0.000000 15.000004 0.000015 29.733339 179.999985 179.999969 -155.672729 180.000000 179.999985 -162.970917 0.000000 -0.000000 0.000000 0.000037 0.000217 34.253246 179.999908 179.999802 -145.746750 179.999893 179.999924 -157.187332 0.000000 -0.000000 0.000000 170.000000 -179.999878 -143.905487 0.000059 -0.000116 36.094524 0.000075 -0.000040 24.038956 0.000000 -0.000000 0.000000 160.000061 179.999634 -164.579178 179.999939 179.999451 -156.868759 179.999817 179.999680 -164.594589 176.517380 -177.823441 179.172287 178.346771 177.615524 106.115074 175.014450 172.319809 179.047821 8.830808 9.223269 0.546045 122.723831 127.500427 160.838959 0.000034 0.000033 -6.603480 0.000023 0.000020 -4.397904 0.000000 0.000003 0.000000 164.999954 179.999985 153.480347 179.999985 179.999969 158.302109 179.999985 179.999985 164.811478 0.000000 0.000003 0.000000 0.000122 -0.000074 -33.329544 0.000064 -0.000120 -33.329544 179.999985 -179.999908 157.802521 0.000000 0.000003 0.000000 10.000139 -0.000080 -31.170206 0.000074 -0.000139 -31.170206 179.999985 -179.999893 159.240646 0.000000 0.000003 0.000000 20.000126 -0.000056 -22.998131 0.000117 -0.000157 -34.497204 0.000004 -0.000139 -22.975126
-57.434906 117.541336 12.356503 90.582169 -178.731354 -178.153641 179.345764 176.051926 -179.924454 178.640259 166.118393 176.995514 1.254388 -5.388999 -2.099394 179.160568 -135.735947 -175.985672 164.988602 110.083969 156.223419 1.701083 -24.015347 6.869109 0.477115 6.882532 -1.418368 0.911572 6.762958 -2.161196 4.729096 5.169924 -2.306493 0.000050 -0.377835 0.058359 0.000058 -0.440806 0.060434 169.776215 -179.686188 -179.907349 10.219583 1.225125 -0.228271 22.741743 -24.651329 62.577553 35.271126 -5.305208 3.731163 178.178314 -178.006042 173.586838 46.171654 45.419640 8.455648 180.000000 179.999924 -171.534912 179.999985 179.999954 -174.362259 0.000000 -0.000000 0.000000 15.000017 0.000066 29.735641 179.999985 179.999939 -155.670853 179.999985 179.999969 -162.969604 0.000000 -0.000000 0.000000 0.000038 0.000217 34.307461 179.999908 179.999802 -145.692505 179.999878 179.999939 -157.151199 0.000000 -0.000000 0.000000 170.000000 -179.999893 -143.940216 0.000040 -0.000076 36.059772 0.000054 -0.000025 24.015810 0.000000 -0.000000 0.000000 160.000061 179.999680 -164.483658 179.999939 179.999512 -156.725494 179.999832 179.999710 -164.499176 176.516556 -177.829651 179.271011 178.429993 178.337326 106.109322 175.315018 172.777618 179.131302 8.843439 8.939096 0.853293 122.835594 127.347755 160.838120 0.000032 0.000027 -6.635402 0.000023 0.000013 -4.419192 0.000000 -0.000000 0.000000 164.999969 179.999985 153.500443 179.999985 179.999969 158.318542 0.000007 0.000024 -15.177020 0.000000 -0.000000 0.000000 0.000076 -0.000047 -33.376896 0.000039 -0.000072 -33.376896 180.000000 -179.999939 157.770996 0.000000 -0.000000 0.000000 10.000102 -0.000060 -31.219887 0.000056 -0.000098 -31.219887 180.000000 -179.999924 159.207550 0.000000 -0.000000 0.000000 20.000116 -0.000062 -23.040134 0.000103 -0.000147 -34.560169 0.000004 -0.000125 -23.017069
-58.000828 118.061470 12.554085 90.423286 -178.702408 -178.119492 178.960831 175.892899 179.788605 178.534729 165.716537 176.962601 1.913069 -4.160635 -2.029613 179.402618 -136.680420 -176.404327 165.666824 110.804115 157.095901 1.953629 -24.194803 6.781721 0.510600 6.826985 -1.502729 0.921846 6.709516 -2.301530 4.801581 5.152146 -2.485944 0.000027 -0.301927 0.094822 0.000040 -0.352264 0.098195 169.634384 -179.754639 -179.896576 10.214662 1.227707 -0.090946 22.050695 -24.016928 62.958054 34.646713 -5.027005 4.102170 178.076477 -178.024353 173.559326 46.087334 45.211792 8.357183 179.999985 179.999924 -171.494476 179.999985 179.999954 -174.335312 0.000000 -0.000000 0.000000 15.000000 0.000016 29.763933 180.000000 179.999985 -155.647690 180.000000 180.000000 -162.953384 0.000000 -0.000000 0.000000 0.000023 0.000154 34.381115 179.999939 179.999847 -145.618851 179.999924 179.999954 -157.102158 0.000000 -0.000000 0.000000 170.000000 -179.999908 -143.970917 0.000040 -0.000076 36.029079 0.000051 -0.000025 23.995369 0.000000 -0.000000 0.000000 160.000046 179.999741 -164.372208 179.999954 179.999619 -156.558319 179.999863 179.999786 -164.387833 176.519684 -177.831741 179.387436 178.508224 179.093155 106.046349 175.594330 173.267502 179.215714 8.860173 8.643862 1.180887 122.991684 127.238350 160.886703 0.000022 0.000015 -6.674528 0.000016 0.000009 -4.445239 0.000000 -0.000000 0.000000 164.999985 179.999985 153.519730 179.999985 179.999985 158.334320 179.999985 179.999985 164.834015 0.000000 -0.000000 0.000000 0.000062 -0.000040 -33.412964 0.000031 -0.000067 -33.412983 180.000000 -179.999954 157.746964 0.000000 -0.000000 0.000000 10.000083 -0.000051 -31.267405 0.000038 -0.000099 -31.267384 180.000000 -179.999924 159.175919 0.000000 -0.000000 0.000000 20.000092 -0.000069 -23.090298 0.000105 -0.000153 -34.635437 0.000000 -0.000122 -23.067211
-58.577164 118.585083 12.732344 90.235764 -178.675430 -178.110138 178.676132 175.874359 179.583954 178.367081 165.126953 176.889206 2.554870 -2.858625 -2.026439 179.675980 -137.672333 -176.799179 166.037369 111.672081 157.741928 2.338438 -24.327087 6.648916 0.548757 6.771613 -1.577457 0.935496 6.656320 -2.435050 4.887949 5.135138 -2.654742 0.000009 -0.228122 0.127615 0.000011 -0.266147 0.132166 169.503738 -179.820969 -179.888031 10.209784 1.224080 0.049695 21.424999 -23.335905 63.346386 33.946896 -4.743397 4.445616 177.963638 -178.030045 173.515411 46.003284 44.989727 8.285933 180.000000 179.999954 -171.436935 179.999985 179.999969 -174.297012 0.000000 -0.000007 0.000000 15.000004 0.000038 29.766460 179.999985 179.999969 -155.645630 179.999985 179.999985 -162.951935 0.000000 -0.000007 0.000000 0.000009 0.000076 34.460327 179.999985 179.999939 -145.539673 179.999969 179.999969 -157.049408 0.000000 -0.000007 0.000000 170.000000 -179.999954 -144.015121 0.000020 -0.000048 35.984875 0.000028 -0.000016 23.965914 0.000000 -0.000007 0.000000 160.000015 179.999878 -164.241760 179.999985 179.999802 -156.362656 179.999939 179.999893 -164.257523 176.524033 -177.830154 179.518326 178.566986 179.878952 105.933350 175.856537 173.797455 179.297455 8.870082 8.332806 1.512708 123.212486 127.174034 161.029388 0.000008 0.000006 -6.709542 0.000006 0.000000 -4.468575 0.000000 -0.000000 0.000000 165.000000 -180.000000 153.540985 0.000001 0.000011 -21.648277 180.000000 179.999985 164.846207 0.000000 -0.000000 0.000000 0.000052 -0.000042 -33.461700 0.000025 -0.000060 -33.461716 179.999985 -179.999954 157.714508 0.000000 -0.000000 0.000000 10.000059 -0.000046 -31.331120 0.000037 -0.000068 -31.331110 179.999985 -179.999954 159.133469 0.000000 -0.000000 0.000000 20.000069 -0.000039 -23.171024 0.000068 -0.000108 -34.756531 180.000000 -179.999908 156.852158
-59.184151 119.114067 12.897262 90.043030 -178.648209 -178.114380 178.282593 175.830856 179.389603 178.327805 164.578293 176.815994 3.161441 -1.497742 -2.041276 179.901001 -138.683044 -177.207886 165.745087 112.630600 157.890854 3.090872 -24.490170 6.393274 0.588612 6.714808 -1.649426 0.950962 6.601663 -2.567228 4.981859 5.117119 -2.821043 0.000278 -0.153649 0.161739 0.000301 -0.179268 0.167483 169.373352 -179.888351 -179.879105 10.205503 1.215568 0.196471 20.819296 -22.629692 63.732025 33.235542 -4.451459 4.775866 177.843796 -178.021927 173.459030 45.926758 44.770809 8.227590 179.999649 179.997726 -171.379501 179.999557 179.998550 -174.258743 180.000000 -179.999985 180.000000 15.000088 0.000490 29.816191 179.999847 179.999619 -155.604950 179.999802 179.999802 -162.923447 180.000000 -179.999985 180.000000 0.000762 0.004927 34.455326 179.997818 179.995514 -145.544647 179.997116 179.998367 -157.052734 180.000000 -179.999985 180.000000 169.999664 -179.997711 -144.045227 0.001066 -0.002071 35.954803 0.001378 -0.000697 23.945898 180.000000 -179.999985 180.000000 160.000534 179.996292 -164.104416 179.999222 179.994431 -156.156647 179.998032 179.996841 -164.120316 176.529434 -177.828918 179.659653 178.770782 -179.311661 105.770813 176.097427 174.219040 179.409241 8.859454 8.011913 1.878411 123.408104 127.117279 161.177017 0.000156 0.000056 -6.732164 0.000109 0.000028 -4.483623 0.000002 -0.000000 0.000002 165.000504 -179.999588 153.568832 0.000211 -0.000497 -21.625521 0.000021 -0.000364 -15.137851 0.000002 -0.000000 0.000002 0.002482 -0.002022 -33.523819 0.000949 -0.003069 -33.523830 179.999405 -179.997940 157.673126 0.000002 -0.000000 0.000002 10.002359 -0.001920 -31.415731 0.001000 -0.002848 -31.415710 179.999588 -179.998032 159.077148 0.000002 -0.000000 0.000002 20.002420 -0.002031 -23.276167 0.002109 -0.004241 -34.914249 179.999527 -179.996872 156.747086
-59.748753 119.663910 13.041028 89.777466 -178.625839 -178.154480 178.164322 176.191422 179.370895 178.171814 163.507629 176.622177 3.710232 -0.128276 -2.150036 0.115896 -40.277092 2.518682 166.339981 113.599205 158.753036 3.449442 -24.542913 6.186525 0.631200 6.660537 -1.712234 0.972424 6.549633 -2.682076 5.100613 5.102489 -2.961353 0.000232 -0.087599 0.184068 0.000250 -0.102178 0.190629 169.289429 -179.946899 -179.876160 10.211330 1.204520 0.335843 20.319120 -21.879091 64.127106 32.363319 -4.162583 5.063900 177.739212 -178.034454 173.407028 45.729362 44.517532 8.114763 179.999634 179.997681 -171.280777 179.999512 179.998520 -174.193008 180.000000 179.999985 -180.000000 14.999993 -0.000067 29.849712 0.000021 -0.000047 24.422489 0.000044 -0.000031 17.095707 180.000000 179.999985 -180.000000 0.000293 0.001812 34.712505 179.999207 179.998337 -145.287506 179.998932 179.999390 -156.881454 180.000000 179.999985 -180.000000 169.999557 -179.997223 -144.103119 0.001252 -0.002507 35.896908 0.001667 -0.000866 23.907312 180.000000 179.999985 -180.000000 160.000473 179.996948 -163.964966 179.999405 179.995422 -155.947433 179.998398 179.997375 -163.981033 176.528015 -177.821396 179.810837 178.510818 -178.499817 105.642929 176.382233 175.264313 179.407288 8.846018 7.873998 2.234395 123.867256 127.158257 161.641205 0.000065 0.000016 -6.752584 0.000043 0.000006 -4.497211 180.000000 -180.000000 180.000000 165.001312 -179.998764 153.594620 0.000504 -0.001355 -21.604439 179.999985 -179.998978 164.876923 180.000000 -180.000000 180.000000 0.002274 -0.002068 -33.672703 0.000745 -0.002970 -33.672684 179.999313 -179.998077 157.573959 180.000000 -180.000000 180.000000 10.002132 -0.001951 -31.555716 0.000776 -0.002797 -31.555710 179.999481 -179.998154 158.983902 180.000000 -180.000000 180.000000 20.002201 -0.002117 -23.424520 0.001752 -0.004210 -35.136806 179.999329 -179.997025 156.598892
-60.277809 120.223030 13.161017 89.478439 -178.605698 -178.207169 178.281693 176.772583 179.439560 177.867416 162.131485 176.349670 4.148009 1.227900 -2.282272 0.343399 -39.230595 2.310897 167.055237 114.617935 159.727005 3.727829 -24.527414 5.947904 0.675322 6.610666 -1.767921 0.995855 6.501928 -2.783357 5.225714 5.090562 -3.082802 0.000148 -0.027355 0.193969 0.000193 -0.031928 0.200893 169.225250 -179.999008 -179.879929 10.216146 1.190533 0.448468 19.880995 -21.113651 64.524628 31.431211 -3.855439 5.334747 177.635101 -178.070984 173.368225 45.450333 44.256962 7.954860 179.999634 179.997849 -171.165115 179.999527 179.998627 -174.115952 180.000000 180.000000 -180.000000 14.999949 -0.000430 29.859575 0.000149 -0.000347 24.430498 0.000186 -0.000187 17.101383 180.000000 180.000000 -180.000000 0.000240 0.001532 34.783573 179.999329 179.998596 -145.216461 179.999100 179.999496 -156.834152 180.000000 180.000000 -180.000000 169.999313 -179.995712 -144.149200 0.001953 -0.003894 35.850758 0.002560 -0.001348 23.876631 180.000000 180.000000 -180.000000 160.000412 179.997498 -163.843109 179.999512 179.996231 -155.764664 179.998672 179.997864 -163.859268 176.522415 -177.807922 179.948532 178.325790 -177.654556 105.461159 176.513474 175.486115 179.532227 8.906577 7.060495 2.319445 124.422295 127.259865 162.246307 180.000000 -180.000000 173.236328 0.000000 -0.000001 -4.504615 0.000000 0.000000 -0.000003 165.001099 -179.998856 153.494781 0.000394 -0.001258 -21.686083 179.999924 -179.999069 164.819748 0.000000 0.000000 -0.000003 0.001962 -0.001998 -33.839390 0.000504 -0.002770 -33.839344 179.999252 -179.998291 157.462982 0.000000 0.000000 -0.000003 10.001892 -0.001974 -31.709099 0.000583 -0.002664 -31.709099 179.999374 -179.998276 158.881760 0.000000 0.000000 -0.000003 20.001966 -0.002155 -23.586958 0.001396 -0.004168 -35.380451 179.999146 -179.997208 156.436646
-60.770554 120.805481 13.279714 89.151466 -178.587448 -178.270096 178.556000 177.538437 179.566391 177.299118 160.475784 176.008499 4.509098 2.681617 -2.462549 0.590641 -38.167099 2.160328 168.069687 115.681206 160.910675 3.808744 -24.435553 5.751635 0.721452 6.564677 -1.816809 1.019843 6.458024 -2.874004 5.351257 5.080679 -3.190080 0.000122 0.029767 0.192721 0.000177 0.034730 0.199580 169.168365 179.952744 -179.889893 10.217715 1.175116 0.532714 19.440760 -20.337824 64.953178 30.506651 -3.538524 5.583041 177.482742 -178.143066 173.350677 45.206089 43.971375 7.848984 179.999725 179.998276 -171.032867 179.999634 179.998901 -174.027908 0.000002 0.000000 -0.000003 14.999928 -0.000524 29.845516 0.000160 -0.000405 24.419041 0.000219 -0.000219 17.093338 0.000002 0.000000 -0.000003 0.000207 0.001344 34.846767 179.999435 179.998795 -145.153229 179.999207 179.999557 -156.792053 0.000002 0.000000 -0.000003 169.999527 -179.997101 -144.353027 0.001302 -0.002634 35.646965 0.001729 -0.000922 23.740871 0.000002 0.000000 -0.000003 160.000320 179.998032 -163.732742 179.999634 179.997055 -155.599106 179.998962 179.998322 -163.748993 176.511642 -177.794312 -179.922287 178.199417 -176.777130 105.239960 176.693344 176.194397 179.578064 8.897271 6.797141 2.547031 124.983421 127.392082 162.876709 179.999939 179.999985 173.230118 179.999954 179.999985 175.491241 0.000005 -0.000000 0.000000 165.000977 -179.998856 153.396576 0.000294 -0.001183 -21.766415 179.999893 -179.999146 164.763519 0.000005 -0.000000 0.000000 0.001635 -0.001878 -34.013783 0.000310 -0.002462 -34.013767 179.999237 -179.998550 157.346817 0.000005 -0.000000 0.000000 10.001569 -0.001860 -31.881968 0.000332 -0.002407 -31.881933 179.999329 -179.998520 158.766632 0.000005 -0.000000 0.000000 20.001703 -0.002178 -23.767076 0.001009 -0.004024 -35.650604 179.998993 -179.997452 156.256699
-61.228432 121.386864 13.397672 88.802292 -178.570831 -178.340790 178.978943 178.462662 179.736328 176.412552 158.551193 175.577301 4.836084 4.145096 -2.683497 0.800036 -37.104485 2.057112 169.066254 116.794106 162.042389 3.893876 -24.295246 5.537606 0.768640 6.520985 -1.861283 1.042449 6.416264 -2.958563 5.469382 5.071691 -3.290051 0.000090 0.084785 0.186843 0.000119 0.098922 0.193496 169.127518 179.906860 -179.902405 10.221682 1.162192 0.601876 19.089712 -19.564280 65.388321 29.537525 -3.271926 5.762133 177.303299 -178.259857 173.364410 44.978489 43.723564 7.773044 179.999817 179.998886 -170.902954 179.999771 179.999298 -173.941360 180.000000 180.000000 -180.000000 14.999946 -0.000439 29.821768 0.000142 -0.000345 24.399609 0.000181 -0.000176 17.079731 180.000000 180.000000 -180.000000 0.000198 0.001239 34.903351 179.999451 179.998871 -145.096649 179.999283 179.999588 -156.754379 180.000000 180.000000 -180.000000 169.999557 -179.997299 -144.476990 0.001198 -0.002451 35.522972 0.001601 -0.000869 23.658289 180.000000 180.000000 -180.000000 160.000320 179.998077 -163.652527 179.999634 179.997116 -155.478745 179.998993 179.998367 -163.668854 176.497528 -177.785446 -179.791199 178.103592 -175.862900 104.990959 176.844574 176.804352 179.635742 8.881148 6.501681 2.716742 125.498360 127.540520 163.483307 179.999893 179.999985 173.234436 179.999939 179.999969 175.494110 0.000000 -0.000000 0.000000 165.000793 -179.998932 153.290634 0.000178 -0.001066 -21.853123 179.999847 -179.999268 164.702850 0.000000 -0.000000 0.000000 0.001248 -0.001681 -34.194248 0.000077 -0.002086 -34.194221 179.999268 -179.998810 157.226639 0.000000 -0.000000 0.000000 10.001193 -0.001675 -32.058247 0.000112 -0.002048 -32.058224 179.999329 -179.998810 158.649216 0.000000 -0.000000 0.000000 20.001318 -0.002002 -23.969843 0.000568 -0.003575 -35.954765 179.998917 -179.997849 156.054153
-61.646442 121.961067 13.513258 88.439217 -178.555649 -178.419067 179.425842 179.536392 179.940109 175.338257 156.359009 175.017502 4.997993 5.499755 -2.858293 0.969086 -36.075703 2.015872 170.004318 117.920937 163.072037 3.973166 -24.113810 5.314042 0.815621 6.479778 -1.899396 1.064270 6.377038 -3.036475 5.582488 5.063713 -3.381799 0.000065 0.136947 0.177425 0.000062 0.159765 0.183761 169.099686 179.863831 -179.916534 10.216652 1.152456 0.657061 18.843527 -18.827734 65.829887 28.492702 -2.978812 5.909232 177.111084 -178.347427 173.377457 44.822708 43.496868 7.710659 179.999893 179.999329 -170.805130 179.999847 179.999573 -173.876190 0.000000 -0.000000 0.000000 14.999978 -0.000131 29.790749 0.000039 -0.000096 24.374237 0.000059 -0.000047 17.061956 0.000000 -0.000000 0.000000 0.000182 0.001226 34.959614 179.999451 179.998886 -145.040359 179.999268 179.999588 -156.716858 0.000000 -0.000000 0.000000 169.999634 -179.997772 -144.614014 0.001003 -0.002046 35.385983 0.001331 -0.000726 23.567068 0.000000 -0.000000 0.000000 160.000336 179.998077 -163.566971 179.999649 179.997116 -155.350449 179.998978 179.998352 -163.583420 176.467422 -177.782578 -179.659882 178.018631 -174.936035 104.735123 176.970657 177.473755 179.677475 8.844131 6.329629 2.870271 125.894470 127.700714 163.984436 179.999908 179.999939 173.246796 179.999939 179.999954 175.502380 180.000000 -180.000000 180.000000 165.000534 -179.999146 153.176804 0.000084 -0.000829 -21.946239 179.999847 -179.999435 164.637619 180.000000 -180.000000 180.000000 0.000826 -0.001328 -34.378937 179.999939 -179.998428 145.621063 179.999374 -179.999161 157.103622 180.000000 -180.000000 180.000000 10.002056 -0.003483 -32.090340 179.999863 -179.995941 147.909653 179.998474 -179.997772 158.627853 180.000000 -180.000000 180.000000 20.001007 -0.001874 -24.171629 0.000211 -0.003186 -36.257408 179.998856 -179.998215 155.852539
-62.036877 122.528519 13.643704 88.070961 -178.541092 -178.503632 179.881134 -179.264282 -179.834885 174.129944 153.939423 174.303879 4.845132 6.749454 -2.898043 0.972880 -35.074909 2.034538 171.276138 119.032646 164.262024 3.951133 -23.890474 5.114237 0.859856 6.441743 -1.930505 1.084952 6.340874 -3.106189 5.688722 5.056730 -3.463355 0.000043 0.186630 0.162439 0.000067 0.217750 0.168218 169.081055 179.823547 -179.933624 10.196115 1.144946 0.696262 18.699657 -18.117052 66.273163 27.359705 -2.750494 5.983645 176.925400 -178.479019 173.428879 44.778503 43.309212 7.724079 179.999939 179.999664 -170.731064 179.999924 179.999786 -173.826904 0.000000 -0.000000 0.000000 15.000016 0.000152 29.774334 179.999969 179.999878 -155.639160 179.999954 179.999954 -162.947418 0.000000 -0.000000 0.000000 0.000179 0.001204 35.022804 179.999466 179.998917 -144.977203 179.999298 179.999603 -156.674820 0.000000 -0.000000 0.000000 169.999741 -179.998383 -144.749039 0.000725 -0.001495 35.250957 0.000960 -0.000533 23.477131 0.000000 -0.000000 0.000000 160.000305 179.998199 -163.466080 179.999680 179.997269 -155.199127 179.999039 179.998444 -163.482605 176.416260 -177.786362 -179.532852 177.892975 -174.044144 104.508278 177.023560 178.132996 179.696198 8.800518 6.162059 2.972099 126.155373 127.854187 164.351135 179.999924 179.999878 173.264359 179.999969 179.999924 175.514069 180.000000 179.999985 180.000000 165.000412 -179.999283 153.077850 0.000024 -0.000676 -22.027231 179.999847 -179.999557 164.580948 180.000000 179.999985 180.000000 0.000538 -0.001028 -34.539135 179.999878 -179.998856 145.460876 179.999496 -179.999435 156.996918 180.000000 179.999985 180.000000 10.000494 -0.001004 -32.632694 179.999863 -179.998871 147.367310 179.999542 -179.999435 158.266632 180.000000 179.999985 180.000000 20.000694 -0.001622 -24.385971 179.999954 -179.997360 143.421051 179.998917 -179.998611 155.638397
-62.393890 123.085320 13.757908 87.702904 -178.524719 -178.591782 0.430840 -2.018878 0.398950 172.705322 151.348038 173.399796 4.983933 7.872229 -3.098415 0.968439 -34.089130 2.073929 172.325745 120.188042 165.258163 4.006906 -23.633881 4.886654 0.899685 6.408197 -1.956225 1.101730 6.308979 -3.167431 5.775379 5.050242 -3.535827 0.000015 0.234170 0.141093 0.000041 0.273217 0.146097 169.083786 179.785797 -179.954086 10.170873 1.137694 0.718069 18.656326 -17.414064 66.715065 26.182255 -2.551659 6.016634 176.737396 -178.614105 173.498108 44.839188 43.142372 7.793981 179.999985 179.999893 -170.682678 179.999985 179.999924 -173.794662 0.000000 0.000002 0.000000 15.000031 0.000282 29.777866 179.999908 179.999786 -155.636307 179.999878 179.999893 -162.945419 0.000000 0.000002 0.000000 0.000180 0.001250 35.090939 179.999435 179.998886 -144.909088 179.999252 179.999603 -156.629440 0.000000 0.000002 0.000000 169.999832 -179.998917 -144.864105 0.000472 -0.000975 35.135899 0.000645 -0.000355 23.400494 0.000000 0.000002 0.000000 160.000320 179.998108 -163.364594 179.999649 179.997147 -155.046921 179.998978 179.998398 -163.381241 176.355591 -177.795517 -179.413208 177.764191 -173.170349 104.304794 177.016159 178.732529 179.697327 8.764272 5.974865 3.022213 126.203888 127.943893 164.494293 179.999969 179.999893 173.293488 179.999985 179.999924 175.533478 0.000000 -0.000000 0.000000 165.000244 -179.999466 152.978622 179.999985 -179.999527 157.891617 179.999847 -179.999695 164.524139 0.000000 -0.000000 0.000000 0.000317 -0.000735 -34.679947 179.999847 -179.999207 145.320068 179.999603 -179.999634 156.903168 0.000000 -0.000000 0.000000 10.000277 -0.000737 -32.772278 179.999847 -179.999237 147.227753 179.999619 -179.999634 158.173660 0.000000 -0.000000 0.000000 20.001020 -0.003100 -24.473152 179.999435 -179.995148 143.290314 179.997742 -179.997650 155.551331
-62.725986 123.632935 13.871872 87.342392 -178.503983 -178.686768 0.757484 -3.359844 0.626471 171.289703 148.613998 172.280685 4.818109 8.870840 -3.142565 0.966335 -33.113525 2.134420 173.478561 121.359863 166.271408 3.929625 -23.334723 4.724936 0.934220 6.380393 -1.976241 1.115588 6.282619 -3.218489 5.846844 5.045208 -3.596313 0.000024 0.279709 0.113523 0.000027 0.326325 0.117577 169.097900 179.750458 -179.977905 10.135256 1.129786 0.722184 18.663906 -16.725264 67.173874 24.979612 -2.348362 6.024882 176.528900 -178.735107 173.577286 45.054375 42.972256 7.943027 179.999985 179.999924 -170.665909 179.999985 179.999954 -173.783478 0.000000 -0.000000 0.000005 15.000053 0.000507 29.787895 179.999847 179.999619 -155.628082 179.999786 179.999802 -162.939667 0.000000 -0.000000 0.000005 0.000162 0.001176 35.176971 179.999451 179.998932 -144.823013 179.999298 179.999619 -156.572144 0.000000 -0.000000 0.000005 169.999893 -179.999329 -144.952499 0.000300 -0.000617 35.047482 0.000394 -0.000221 23.341625 0.000000 -0.000000 0.000005 160.000320 179.998154 -163.236481 179.999649 179.997192 -154.854721 179.998993 179.998413 -163.253235 176.275620 -177.808929 -179.303833 177.587112 -172.296997 104.135223 176.981873 179.333496 179.681381 8.713545 5.812719 3.030397 126.108185 127.970291 164.460327 179.999985 179.999924 173.321732 0.000001 0.000053 -4.447737 0.000000 -0.000002 0.000000 165.000137 -179.999680 152.893677 179.999985 -179.999725 157.822113 179.999908 -179.999832 164.475479 0.000000 -0.000002 0.000000 0.000158 -0.000475 -34.797302 179.999847 -179.999527 145.202698 179.999741 -179.999786 156.824997 0.000000 -0.000002 0.000000 10.000142 -0.000442 -32.889553 179.999863 -179.999557 147.110458 179.999771 -179.999802 158.095581 0.000000 -0.000002 0.000000 20.000214 -0.000879 -25.043625 179.999725 -179.998672 142.434525 179.999329 -179.999420 154.981415
-63.039253 124.175331 13.982784 86.996307 -178.478516 -178.793793 1.437595 -4.791379 0.874426 169.214951 145.738220 170.817337 4.597462 9.728602 -3.138783 0.934184 -32.144928 2.204056 174.508698 122.566978 167.162170 3.896522 -23.008884 4.569024 0.963187 6.359072 -1.989294 1.126272 6.262411 -3.256865 5.901768 5.041356 -3.641703 0.000010 0.323067 0.080001 0.000013 0.376932 0.082868 169.119461 179.717667 179.995178 10.078307 1.119829 0.709413 18.733191 -16.052580 67.650497 23.753500 -2.150854 6.002687 176.343979 -178.860321 173.673172 45.305744 42.787315 8.099762 179.999954 179.999863 -170.658340 179.999969 179.999924 -173.778442 0.000000 0.000003 0.000000 15.000055 0.000572 29.826872 179.999817 179.999573 -155.596191 179.999741 179.999786 -162.917343 0.000000 0.000003 0.000000 0.000142 0.001096 35.277786 179.999481 179.999039 -144.722214 179.999344 179.999680 -156.504974 0.000000 0.000003 0.000000 169.999939 -179.999588 -145.018875 0.000184 -0.000371 34.981140 0.000241 -0.000133 23.297430 0.000000 0.000003 0.000000 160.000275 179.998398 -163.075363 179.999680 179.997574 -154.613037 179.999130 179.998642 -163.092300 176.174911 -177.825699 -179.208359 177.379883 -171.421356 104.003601 176.929688 179.904968 179.654190 8.606954 5.647242 2.982257 125.916412 127.911423 164.273499 0.000001 0.000077 -6.659510 0.000008 0.000052 -4.435239 180.000000 179.999985 180.000000 165.000046 -179.999817 152.834900 179.999985 -179.999847 157.774002 179.999954 -179.999908 164.441803 180.000000 179.999985 180.000000 0.000075 -0.000300 -34.880302 179.999893 -179.999710 145.119675 179.999847 -179.999878 156.769730 180.000000 179.999985 180.000000 10.000044 -0.000209 -32.973804 179.999954 -179.999817 147.026184 179.999893 -179.999908 158.039459 180.000000 179.999985 180.000000 20.000090 -0.000516 -25.200705 179.999817 -179.999252 142.198975 179.999588 -179.999695 154.824509
-63.346619 124.710548 14.083530 86.674866 -178.450684 -178.909927 2.547436 -6.392227 1.148790 165.926407 142.719116 168.815796 4.813792 10.404308 -3.402774 1.010233 -31.177235 2.267744 175.392624 123.804893 167.928162 3.780476 -22.660128 4.479159 0.983716 6.343836 -1.996180 1.131471 6.247970 -3.283042 5.929326 5.037393 -3.673833 0.000016 0.364123 0.041437 0.000009 0.424813 0.042906 169.152832 179.687363 179.965683 9.993240 1.106491 0.682796 18.878397 -15.396750 68.143532 22.509687 -1.982833 5.940174 176.237732 -178.991302 173.788788 45.539246 42.581627 8.267019 179.999954 179.999847 -170.631607 179.999954 179.999908 -173.760666 0.000000 -0.000003 0.000000 15.000045 0.000552 29.886602 179.999802 179.999588 -155.547333 179.999756 179.999802 -162.883118 0.000000 -0.000003 0.000000 0.000113 0.000923 35.397816 179.999573 179.999191 -144.602203 179.999451 179.999725 -156.425049 0.000000 -0.000003 0.000000 169.999969 -179.999771 -145.069809 0.000099 -0.000210 34.930214 0.000138 -0.000075 23.263517 0.000000 -0.000003 0.000000 160.000244 179.998596 -162.900192 179.999725 179.997894 -154.350266 179.999222 179.998810 -162.917297 176.062057 -177.845306 -179.128769 177.079681 -170.550583 103.930260 176.891861 -179.533264 179.627014 8.448332 5.411149 2.869575 125.532265 127.754768 163.852097 0.000007 0.000055 -6.638151 0.000007 0.000028 -4.421011 180.000000 179.999985 180.000000 165.000015 -179.999924 152.796677 179.999985 -179.999939 157.742752 179.999985 -179.999969 164.419907 180.000000 179.999985 180.000000 0.000113 -0.000509 -34.917168 179.999802 -179.999527 145.082840 179.999725 -179.999817 156.745163 180.000000 179.999985 180.000000 10.000023 -0.000081 -33.016140 179.999985 -179.999924 146.983887 179.999969 -179.999969 158.011261 180.000000 179.999985 180.000000 20.000044 -0.000331 -25.303059 179.999847 -179.999527 142.045395 179.999725 -179.999817 154.722260
-63.653629 125.240852 14.162233 86.384300 -178.424240 -179.030899 2.994173 -8.160577 1.403021 162.851410 139.541626 166.387955 4.947090 10.921585 -3.595742 1.137447 -30.211990 2.309055 175.986664 125.087746 168.507339 3.758639 -22.295639 4.379766 0.993845 6.333956 -1.997516 1.129267 6.238465 -3.297627 5.920571 5.031886 -3.694739 179.999985 179.597366 179.998276 0.000010 0.469751 -0.001798 169.203033 179.659637 179.933990 9.896786 1.089647 0.643065 19.075506 -14.760513 68.654587 21.226967 -1.820891 5.855814 176.206680 -179.123474 173.912933 45.769711 42.349545 8.448753 179.999954 179.999893 -170.589142 179.999969 179.999939 -173.732361 180.000000 -180.000000 179.999985 15.000030 0.000470 29.966772 179.999847 179.999664 -155.481720 179.999802 179.999832 -162.837219 180.000000 -180.000000 179.999985 0.000081 0.000718 35.532299 179.999649 179.999359 -144.467697 179.999573 179.999786 -156.335480 180.000000 -180.000000 179.999985 170.000000 -179.999863 -145.105087 0.000062 -0.000121 34.894936 0.000085 -0.000046 23.240023 180.000000 -180.000000 179.999985 160.000214 179.998825 -162.701202 179.999756 179.998215 -154.051804 179.999329 179.999008 -162.718506 175.945923 -177.866409 -179.067383 176.706741 -169.680664 103.913719 176.873260 -179.017792 179.605911 8.260580 5.122767 2.711393 125.038864 127.547157 163.283340 0.000004 0.000029 -6.622867 0.000004 0.000017 -4.410827 180.000000 -180.000000 180.000000 165.000015 -179.999985 152.776901 179.999985 -179.999985 157.726562 180.000000 -179.999985 164.408600 180.000000 -180.000000 180.000000 0.000006 -0.000041 -35.065445 179.999985 -179.999969 144.934540 179.999985 -179.999985 156.646408 180.000000 -180.000000 180.000000 10.000002 -0.000051 -33.038300 179.999985 -179.999969 146.961716 179.999985 -179.999985 157.996506 180.000000 -180.000000 180.000000 20.000025 -0.000285 -25.379747 179.999847 -179.999603 141.930389 179.999756 -179.999847 154.645630
-63.961445 125.768784 14.219156 86.126373 -178.402267 -179.154846 3.338708 -10.036369 1.647783 159.165939 136.348190 163.360870 5.270666 11.244939 -3.883870 1.336730 -29.247799 2.327954 176.394547 126.419685 168.984879 3.756136 -21.902355 4.290816 0.991913 6.328690 -1.993332 1.118214 6.233186 -3.300591 5.868670 5.023611 -3.705083 179.999985 179.561661 179.950745 179.999985 179.488602 179.948990 169.276855 179.634735 179.900360 9.809497 1.068496 0.588743 19.312405 -14.144944 69.180710 19.856575 -1.686809 5.752137 176.254028 -179.277130 174.040955 46.026535 42.089031 8.639687 179.999954 179.999908 -170.546661 179.999969 179.999954 -173.704071 0.000002 0.000000 -0.000003 15.000016 0.000379 30.055258 179.999847 179.999725 -155.409317 179.999832 179.999863 -162.786530 0.000002 0.000000 -0.000003 0.000058 0.000542 35.671066 179.999741 179.999527 -144.328934 179.999680 179.999847 -156.243057 0.000002 0.000000 -0.000003 170.000000 -179.999878 -145.129883 0.000049 -0.000105 34.870110 0.000060 -0.000031 23.223528 0.000002 0.000000 -0.000003 160.000320 179.998016 -162.531036 179.999557 179.997009 -153.796524 179.998856 179.998352 -162.548508 175.838501 -177.885986 -179.027481 176.249115 -168.813049 103.958488 176.863358 -178.512558 179.589554 8.067628 4.746820 2.520846 124.413139 127.341324 162.561600 0.000007 0.000031 -6.613822 0.000003 0.000015 -4.404801 0.000002 -0.000000 0.000000 165.000015 -179.999985 152.771271 179.999985 -179.999985 157.721954 180.000000 -179.999985 164.405365 0.000002 -0.000000 0.000000 0.000009 -0.000056 -35.074585 179.999985 -179.999954 144.925415 179.999985 -179.999985 156.640320 0.000002 -0.000000 0.000000 10.000006 -0.000072 -33.048927 179.999969 -179.999939 146.951050 179.999954 -179.999985 157.989410 0.000002 -0.000000 0.000000 20.000004 -0.000228 -25.465414 179.999878 -179.999695 141.801865 179.999817 -179.999893 154.560028
-64.267006 126.295769 14.260263 85.899498 -178.386703 -179.280396 3.522436 -11.997774 1.871820 155.669418 133.127426 159.851883 5.235288 11.434155 -3.775233 1.596618 -28.290863 2.331792 176.707993 127.783096 169.419037 3.725085 -21.485170 4.224033 0.981065 6.326361 -1.983987 1.100176 6.230511 -3.293353 5.782529 5.012482 -3.705929 0.000003 0.471846 -0.098893 0.000007 0.550490 -0.102415 169.361938 179.611771 179.865967 9.722857 1.043495 0.524071 19.548502 -13.552124 69.729179 18.457348 -1.501144 5.640463 176.335037 -179.396072 174.173447 46.246925 41.822613 8.807845 179.999985 179.999954 -170.496323 179.999985 179.999969 -173.670532 180.000000 180.000000 179.999985 15.000000 0.000229 30.161182 179.999924 179.999832 -155.322647 179.999893 179.999908 -162.725861 180.000000 180.000000 179.999985 0.000027 0.000327 35.819103 179.999847 179.999725 -144.180862 179.999817 179.999908 -156.144455 180.000000 180.000000 179.999985 170.000000 -179.999908 -145.161148 0.000038 -0.000079 34.838856 0.000053 -0.000030 23.202673 180.000000 180.000000 179.999985 160.000107 179.999435 -161.946274 179.999863 179.999146 -152.919403 179.999649 179.999542 -161.964310 175.736984 -177.902679 -179.006866 175.721298 -167.951340 104.061226 176.849426 -178.028076 179.577347 7.875603 4.350133 2.323909 124.030281 127.185242 162.028244 0.000188 0.000998 -6.648720 0.000197 0.000645 -4.428037 0.000000 -0.000002 0.000000 165.000000 -179.999985 152.766449 179.999985 -179.999985 157.718018 179.999985 -179.999985 164.402618 0.000000 -0.000002 0.000000 0.000002 -0.000057 -35.096809 179.999969 -179.999939 144.903198 179.999969 -179.999985 156.625534 0.000000 -0.000002 0.000000 10.000009 -0.000050 -33.078259 179.999985 -179.999954 146.921753 179.999969 -179.999985 157.969879 0.000000 -0.000002 0.000000 20.000004 -0.000158 -25.561323 179.999908 -179.999786 141.658020 179.999863 -179.999939 154.464233
-64.569977 126.817368 14.298233 85.698997 -178.378204 -179.405502 4.369058 -14.000152 2.096984 150.577316 130.144226 155.388977 5.384595 11.398104 -3.674793 1.847688 -27.334146 2.322963 177.037186 129.175186 169.873123 3.667845 -21.047426 4.170701 0.966194 6.325230 -1.971059 1.077667 6.228805 -3.277771 5.673849 4.998847 -3.698305 0.000004 0.503964 -0.148071 179.999985 179.412048 179.846649 169.444611 179.589859 179.832108 9.626530 1.015576 0.455591 19.751904 -12.976830 70.315643 16.994751 -1.501207 5.447562 176.468231 -179.748566 174.359436 46.459709 41.566101 8.977398 179.999985 179.999969 -170.443741 179.999985 179.999985 -173.635529 0.000002 -0.000003 -0.000000 15.000010 0.000105 30.265108 179.999985 179.999924 -155.237656 179.999969 179.999969 -162.666351 0.000002 -0.000003 -0.000000 0.000015 0.000145 35.965305 179.999924 179.999878 -144.034698 179.999924 179.999969 -156.047104 0.000002 -0.000003 -0.000000 170.000000 -179.999954 -145.199005 0.000030 -0.000054 34.801003 0.000031 -0.000018 23.177454 0.000002 -0.000003 -0.000000 160.000046 179.999741 -161.693573 179.999939 179.999603 -152.540344 179.999847 179.999802 -161.711868 175.638779 -177.915695 -179.000946 175.123596 -167.082855 104.219292 176.843719 -177.576141 179.566620 7.687140 3.947239 2.135979 121.834999 127.241493 160.581894 180.000000 -179.999985 173.797043 0.000002 -0.000003 -4.131182 180.000000 -180.000000 -180.000000 165.000000 -179.999985 152.753296 180.000000 -179.999985 157.707245 180.000000 -179.999985 164.395065 180.000000 -180.000000 -180.000000 0.000003 -0.000042 -35.138119 179.999985 -179.999969 144.861877 179.999985 -179.999985 156.598007 180.000000 -180.000000 -180.000000 10.000004 -0.000039 -33.115803 179.999985 -179.999969 146.884201 179.999985 -179.999985 157.944885 180.000000 -180.000000 -180.000000 20.000002 -0.000078 -25.665977 179.999939 -179.999893 141.500992 179.999924 -179.999969 154.359695
-64.886185 127.351105 14.337367 85.507019 -178.371658 -179.529358 4.646278 -16.025845 2.284244 144.848373 127.350624 150.036819 5.798526 11.278790 -3.751021 2.141243 -26.347427 2.306514 177.418777 130.606400 170.345078 3.508446 -20.596640 4.164033 0.940618 6.327384 -1.956059 1.044158 6.230087 -3.256567 5.512866 4.981573 -3.689105 179.999954 179.464951 179.794891 179.999924 179.375748 179.787582 169.582352 179.569473 179.794037 9.585442 0.981803 0.369750 19.801064 -12.395094 70.981377 15.543074 -1.524294 5.230524 176.660248 179.715103 174.548935 46.652351 41.296680 9.145091 179.999542 179.999237 -170.379120 179.999619 179.999557 -173.592484 0.000000 -0.000000 0.000000 14.999969 0.002167 30.378000 179.999069 179.998474 -155.145294 179.998978 179.999313 -162.601715 0.000000 -0.000000 0.000000 0.000098 0.002431 36.125008 179.998642 179.997971 -143.874969 179.998474 179.999451 -155.940735 0.000000 -0.000000 0.000000 169.999817 -179.997711 -145.250275 0.001155 -0.001971 34.749725 0.001387 -0.000650 23.143288 0.000000 -0.000000 0.000000 160.000702 179.993790 -161.433731 179.997971 179.990860 -152.150543 179.995941 179.995270 -161.452301 175.604294 -177.921753 -179.016373 174.461929 -166.184311 104.417664 176.883667 -177.110306 179.569443 7.496907 3.534914 1.950641 121.719284 127.268005 160.459473 179.999954 -179.999695 173.792542 179.999939 -179.999802 175.865860 0.000000 -0.000003 0.000000 165.000000 -179.999908 152.716644 179.999969 -179.999939 157.677261 179.999969 -179.999985 164.374084 0.000000 -0.000003 0.000000 179.999969 -179.998932 144.789383 179.999329 -179.999146 144.789368 179.999329 -179.999802 156.549713 0.000000 -0.000003 0.000000 9.999949 -0.000775 -33.184513 179.999542 -179.999390 146.815475 179.999542 -179.999832 157.899139 0.000000 -0.000003 0.000000 19.999830 -0.001845 -25.806831 179.998581 -179.997620 141.289734 179.998291 -179.999359 154.218964
-65.164787 127.860435 14.350651 85.348282 -178.374069 -179.652924 5.063813 -18.024269 2.446146 138.079758 125.014290 143.937317 6.486035 10.709853 -4.015312 2.667625 -25.388273 2.264969 177.406219 132.082520 170.673355 3.391016 -20.101326 4.134492 0.922136 6.330185 -1.935853 1.011434 6.231787 -3.222764 5.353543 4.963537 -3.663151 179.999969 179.437225 179.744354 179.999924 179.343399 179.735214 169.675568 179.551117 179.760284 9.490601 0.944778 0.289687 19.973545 -11.846671 71.629944 14.123345 -1.368387 4.973940 176.785446 179.500107 174.738739 48.060730 41.441856 9.361109 179.986572 179.977570 -170.976074 179.988693 179.986771 -173.990082 0.000000 0.000000 -0.000003 14.999913 0.001609 30.463491 179.999283 179.998901 -155.075348 179.999207 179.999512 -162.552750 0.000000 0.000000 -0.000003 0.000001 0.002470 36.199867 179.998550 179.998032 -143.800186 179.998444 179.999512 -155.890915 0.000000 0.000000 -0.000003 169.999893 -179.997375 -145.310547 0.001408 -0.002215 34.689449 0.001605 -0.000675 23.103189 0.000000 0.000000 -0.000003 160.000412 179.994370 -161.222336 179.997818 179.991806 -151.833496 179.996140 179.995895 -161.241089 175.536102 -177.921356 -179.043381 173.746078 -165.295685 104.683052 176.917313 -176.714478 179.557281 7.302179 3.120676 1.802529 121.987762 127.333427 160.728256 179.999908 -179.999664 173.769653 179.999924 -179.999786 175.850586 180.000000 180.000000 179.999985 165.000015 179.999649 152.692825 0.000134 0.000239 -22.342247 0.000149 0.000119 -15.639555 180.000000 180.000000 179.999985 179.999985 -179.999359 144.717972 179.999603 -179.999512 144.717957 179.999603 -179.999878 156.502167 180.000000 180.000000 179.999985 9.999988 -0.000336 -33.240784 179.999802 -179.999725 146.759216 179.999786 -179.999924 157.861649 180.000000 180.000000 179.999985 19.999920 -0.001046 -25.931082 179.999191 -179.998642 141.103394 179.999008 -179.999619 154.094879
-65.437874 128.361145 14.433763 85.204727 -178.381073 -179.777313 5.514199 -20.027958 2.602680 131.091019 123.051117 137.331207 7.072797 9.849563 -4.072864 2.297302 -24.445934 2.245409 178.464355 133.519562 171.519272 3.362743 -19.594490 4.017505 0.905841 6.332697 -1.912321 0.980983 6.233302 -3.183129 5.203617 4.945899 -3.628344 179.999954 179.413712 179.701218 179.999985 179.315979 179.690521 169.742615 179.535599 179.731445 9.365166 0.906460 0.213898 20.034277 -11.324795 72.313080 12.705656 -1.161520 4.686778 176.824615 179.337982 174.951355 45.683025 40.481525 9.428411 179.999893 179.999817 -169.563889 179.999908 179.999893 -173.049530 0.000002 -0.000003 -0.000003 14.999915 0.001004 30.535860 179.999527 179.999329 -155.016098 179.999512 179.999710 -162.511276 0.000002 -0.000003 -0.000003 179.999985 179.998672 -143.682281 179.999207 179.998947 -143.682266 179.999161 179.999756 -155.812378 0.000002 -0.000003 -0.000003 169.999969 -179.997391 -145.397919 0.001433 -0.002164 34.602085 0.001610 -0.000653 23.044996 0.000002 -0.000003 -0.000003 160.000259 179.995331 -161.006027 179.998032 179.993271 -151.509003 179.996719 179.996719 -161.025009 175.443375 -177.915482 -179.072250 172.991562 -164.431107 104.987610 176.916092 -176.330521 179.534958 7.124635 2.681042 1.687298 122.370239 127.358467 161.061829 179.999908 -179.999771 173.725586 179.999924 -179.999863 175.821259 0.000000 -0.000002 -0.000003 165.000031 179.999268 152.689789 0.000294 0.000519 -22.344713 0.000329 0.000262 -15.641289 0.000000 -0.000002 -0.000003 180.000000 -179.999847 144.661682 179.999893 -179.999847 144.661682 179.999893 -179.999985 156.464691 0.000000 -0.000002 -0.000003 10.000028 0.000252 -33.287853 0.000146 0.000192 -33.287838 0.000153 0.000053 -22.169685 0.000000 -0.000002 -0.000003 19.999990 -0.000177 -26.029217 179.999863 -179.999771 140.956177 179.999847 -179.999954 153.996811
-65.686501 128.842270 14.472564 85.070419 -178.394180 -179.903427 6.427970 -22.059866 2.786233 123.440781 121.610947 130.187637 7.559623 8.757274 -3.975835 2.615917 -23.526237 2.199834 178.792603 134.983719 172.032928 3.158922 -19.061136 3.976677 0.896484 6.334077 -1.884778 0.955135 6.233723 -3.137457 5.074164 4.929003 -3.583280 179.999985 179.395172 179.661423 179.999969 179.294357 179.649323 169.789017 179.524002 179.705261 9.198525 0.868045 0.143903 19.942801 -10.830633 73.036346 11.334412 -0.733859 4.375392 176.797272 179.285629 175.175354 45.931957 40.331882 9.609014 179.999924 179.999863 -169.547729 179.999939 179.999924 -173.038803 0.000000 0.000000 -0.000003 14.999946 0.000637 30.584265 179.999695 179.999573 -154.976501 179.999680 179.999832 -162.483566 0.000000 0.000000 -0.000003 179.999939 179.998489 -143.640930 179.999039 179.998810 -143.640884 179.999039 179.999756 -155.784866 0.000000 0.000000 -0.000003 170.000031 -179.997421 -145.491486 0.001485 -0.002110 34.508499 0.001616 -0.000603 22.982655 0.000000 0.000000 -0.000003 160.000076 179.996002 -160.815811 179.998154 179.994293 -151.223724 179.997086 179.997269 -160.834991 175.315475 -177.906479 -179.101257 172.611557 -163.527435 105.239716 176.776764 -176.327576 179.450119 7.025290 2.210398 1.610529 122.682030 127.315163 161.320236 179.999908 -179.999832 173.695236 179.999924 -179.999893 175.801025 0.000000 0.000000 -0.000002 165.000092 179.998749 152.704254 0.000528 0.000887 -22.332878 0.000578 0.000434 -15.633026 0.000000 0.000000 -0.000002 0.000020 0.000180 -35.365219 0.000104 0.000123 -35.365215 0.000119 0.000032 -23.553238 0.000000 0.000000 -0.000002 10.000058 0.000619 -33.292019 0.000377 0.000456 -33.292027 0.000377 0.000121 -22.172487 0.000000 0.000000 -0.000002 20.000040 0.000366 -26.066626 0.000292 0.000453 -39.099949 0.000340 0.000121 -26.040546
-65.939919 129.312088 14.507473 84.947380 -178.414169 179.966660 6.434954 -24.110977 2.927258 116.969254 120.157372 123.236282 7.889622 7.562355 -3.759050 2.861813 -22.622469 2.144445 179.024002 136.448029 172.514954 3.092602 -18.529861 3.876733 0.883703 6.336176 -1.850660 0.926558 6.234779 -3.082675 4.930400 4.910635 -3.527740 179.999985 179.382355 179.620255 179.999969 179.279419 179.606689 169.842987 179.517258 179.679123 9.039784 0.825682 0.068205 19.888275 -10.355991 73.732735 9.954901 -0.294458 4.019622 176.750214 179.351807 175.404419 46.245777 40.211426 9.854491 179.999924 179.999878 -169.537445 179.999939 179.999924 -173.031937 0.000000 -0.000000 0.000007 14.999317 0.005686 30.431337 179.997147 179.996292 -155.101639 179.997101 179.998505 -162.571167 0.000000 -0.000000 0.000007 179.999924 179.998917 -143.563629 179.999313 179.999191 -143.563644 179.999313 179.999847 -155.733398 0.000000 -0.000000 0.000007 170.000092 -179.997711 -145.606186 0.001365 -0.001861 34.393787 0.001444 -0.000509 22.906275 0.000000 -0.000000 0.000007 160.000015 179.996704 -160.628845 179.998337 179.995331 -150.943253 179.997513 179.997833 -160.648209 175.205048 -177.888031 -179.140289 171.700089 -162.729675 105.623276 176.595276 -175.868637 179.415665 6.979032 1.731510 1.563030 123.016022 127.199677 161.589447 179.999893 -179.999832 173.672211 179.999924 -179.999893 175.785675 0.000000 0.000003 0.000000 165.000137 179.998337 152.762665 0.000731 0.001146 -22.285099 0.000775 0.000556 -15.599551 0.000000 0.000003 0.000000 0.000046 0.000430 -35.367462 0.000292 0.000331 -35.367458 0.000276 0.000064 -23.554724 0.000000 0.000003 0.000000 10.000104 0.000878 -33.268181 0.000565 0.000663 -33.268166 0.000575 0.000173 -22.156605 0.000000 0.000003 0.000000 20.000103 0.000807 -26.067249 0.000676 0.001026 -39.100906 0.000794 0.000249 -26.041180
-66.204315 129.768997 14.582131 84.837784 -178.441422 179.831757 6.502343 -26.177681 3.066071 110.385368 119.016701 116.214592 8.186576 6.243481 -3.627303 2.825741 -21.722681 2.112319 179.993118 137.888199 173.308929 2.678884 -17.981670 3.852104 0.869130 6.337101 -1.811578 0.900272 6.234750 -3.022680 4.796035 4.892181 -3.464280 179.999985 179.374237 179.582947 0.000001 0.730081 -0.431941 169.880630 179.514191 179.655960 8.859588 0.781735 0.000257 19.797594 -9.903137 74.422432 8.562480 0.104774 3.625330 176.712769 179.363922 175.627731 46.574310 40.078106 10.119405 179.999985 179.999969 -169.520996 179.999985 179.999985 -173.020996 0.000000 -0.000000 0.000000 14.999958 0.000257 30.897747 179.999863 179.999832 -154.720032 179.999863 179.999939 -162.304016 0.000000 -0.000000 0.000000 179.999939 179.999359 -143.497147 179.999573 179.999527 -143.497147 179.999588 179.999924 -155.689102 0.000000 -0.000000 0.000000 170.000137 -179.998032 -145.725586 0.001221 -0.001533 34.274414 0.001257 -0.000398 22.826761 0.000000 -0.000000 0.000000 159.999908 179.997314 -160.452423 179.998489 179.996246 -150.678604 179.997894 179.998306 -160.471954 175.078506 -177.867203 -179.174591 170.838638 -161.948135 106.008514 176.358780 -175.423813 179.386490 6.942693 1.310851 1.532754 123.345322 127.006699 161.809189 179.999908 -179.999863 173.641525 179.999939 -179.999924 175.765244 0.000000 -0.000000 0.000000 165.000275 179.998154 152.869202 0.000865 0.001268 -22.197945 0.000895 0.000589 -15.538559 0.000000 -0.000000 0.000000 0.000077 0.000446 -35.338524 0.000323 0.000336 -35.338531 0.000293 0.000050 -23.535463 0.000000 -0.000000 0.000000 10.000136 0.000822 -33.203060 0.000558 0.000603 -33.203045 0.000540 0.000138 -22.113230 0.000000 -0.000000 0.000000 20.000130 0.000810 -26.010946 0.000716 0.001006 -39.016441 0.000797 0.000222 -25.984966
-66.476280 130.218491 14.615248 84.735329 -178.475388 179.689804 6.696084 -28.273943 3.197441 103.717751 118.153145 109.235344 8.406207 4.812834 -3.557674 2.941369 -20.834541 2.076307 0.485204 40.658012 -6.116051 2.466249 -17.444916 3.762982 0.859396 6.336673 -1.766962 0.879489 6.233541 -2.957625 4.686269 4.874914 -3.391254 179.999985 179.370483 179.551071 0.000012 0.734443 -0.464960 169.884201 179.514359 179.636322 8.640729 0.737959 -0.057595 19.492538 -9.475449 75.157890 7.138291 0.328650 3.212135 176.725220 179.075592 175.803955 46.955055 39.961918 10.421107 179.999985 179.999985 -169.515915 179.999985 179.999985 -173.017593 0.000000 -0.000003 -0.000003 14.999911 0.000404 30.905609 179.999771 179.999741 -154.713608 179.999786 179.999908 -162.299530 0.000000 -0.000003 -0.000003 179.999130 179.994263 -143.663620 179.995895 179.995926 -143.663651 179.996185 179.999466 -155.799988 0.000000 -0.000003 -0.000003 170.000168 -179.998505 -145.849594 0.000979 -0.001135 34.150379 0.000967 -0.000266 22.744169 0.000000 -0.000003 -0.000003 159.999817 179.997787 -160.288788 179.998627 179.996979 -150.433197 179.998215 179.998688 -160.308487 174.904648 -177.851822 -179.198730 169.946716 -161.192917 106.407753 176.056320 -175.064148 179.353439 6.914956 0.838962 1.522125 123.724152 126.806480 162.076141 179.999985 -179.999969 173.609711 179.999985 -179.999985 175.744049 0.000000 -0.000000 0.000003 165.000275 179.998398 153.027634 0.000796 0.001093 -22.068308 0.000791 0.000497 -15.447798 0.000000 -0.000000 0.000003 0.000079 0.000412 -35.300869 0.000288 0.000289 -35.300873 0.000280 0.000044 -23.510384 0.000000 -0.000000 0.000003 10.000093 0.000526 -33.122807 0.000355 0.000375 -33.122803 0.000343 0.000078 -22.059799 0.000000 -0.000000 0.000003 20.000111 0.000552 -25.931965 0.000505 0.000651 -38.897949 0.000527 0.000130 -25.906046
-66.759712 130.649979 14.605339 84.637917 -178.515289 179.545258 7.361835 -30.418367 3.326020 96.781700 117.670830 102.382469 8.523206 3.284506 -3.535255 3.304646 -19.957897 2.038608 0.543115 39.198807 -5.726433 2.338807 -16.915319 3.650457 0.829671 6.343280 -1.712535 0.839604 6.238766 -2.876466 4.484906 4.853268 -3.307166 179.999985 179.378769 179.505783 0.000013 0.724801 -0.511883 170.013199 179.525375 179.611572 8.539234 0.681866 -0.152710 19.111860 -9.065231 75.887581 5.797489 0.807935 2.765018 176.687714 179.043442 175.980011 47.295620 39.833397 10.677073 179.999985 179.999985 -169.511810 180.000000 179.999985 -173.014862 0.000000 0.000002 0.000000 14.999943 0.000291 30.936607 179.999847 179.999847 -154.688232 179.999847 179.999939 -162.281784 0.000000 0.000002 0.000000 179.999847 179.999252 -143.092682 179.999435 179.999496 -143.092697 179.999496 179.999969 -155.419724 0.000000 0.000002 0.000000 170.000198 -179.998825 -145.957336 0.000822 -0.000862 34.042679 0.000774 -0.000169 22.672415 0.000000 0.000002 0.000000 159.999786 179.998322 -160.127106 179.998825 179.997711 -150.190659 179.998550 179.999084 -160.146988 174.841354 -177.821304 -179.255707 169.201981 -160.434296 106.784111 175.686371 -174.755127 179.323425 6.902356 0.483675 1.521091 124.085724 126.630791 162.361862 0.000045 0.000078 -6.407601 0.000037 0.000049 -4.267470 0.000000 -0.000000 0.000000 165.000473 179.997665 153.130814 0.001205 0.001535 -21.983875 0.001181 0.000670 -15.388719 0.000000 -0.000000 0.000000 0.000041 0.000192 -35.251606 0.000164 0.000148 -35.251598 0.000130 0.000013 -23.477568 0.000000 -0.000000 0.000000 10.000037 0.000184 -33.056503 0.000140 0.000127 -33.056530 0.000127 0.000025 -22.015635 0.000000 -0.000000 0.000000 20.000002 0.000063 -25.855766 0.000053 0.000075 -38.783684 0.000061 0.000009 -25.829926
-67.045738 131.064209 14.602184 84.542236 -178.560699 179.403305 7.826219 -32.547379 3.412255 90.392769 117.172401 95.942505 8.527769 1.675017 -3.555952 3.468509 -19.088514 2.024192 1.033722 37.756367 -5.194239 2.023948 -16.380579 3.567311 0.796629 6.350269 -1.655231 0.798451 6.244353 -2.790626 4.276461 4.831811 -3.217433 0.000009 0.607239 -0.538307 0.000006 0.708435 -0.557519 170.157242 179.540894 179.588470 8.453133 0.624305 -0.250176 18.619850 -8.671731 76.614861 4.502363 1.350952 2.285569 176.637299 179.063309 176.144547 47.564129 39.694302 10.859271 0.000026 -0.000030 10.492164 0.000024 -0.000020 6.987790 0.000003 0.000002 0.000000 14.999967 0.000084 30.967808 179.999954 179.999954 -154.662689 179.999954 179.999985 -162.263885 0.000003 0.000002 0.000000 179.999847 179.999496 -143.026733 179.999573 179.999680 -143.026718 179.999649 179.999985 -155.375793 0.000003 0.000002 0.000000 170.000259 -179.998993 -146.053452 0.000773 -0.000686 33.946571 0.000684 -0.000095 22.608408 0.000003 0.000002 0.000000 159.999756 179.998825 -159.975784 179.999054 179.998474 -149.963669 179.998947 179.999451 -159.995819 174.784851 -177.792099 -179.316284 168.507065 -159.692017 107.158203 175.244995 -174.499374 179.295746 6.945628 0.181760 1.534097 124.420677 126.521225 162.696655 0.000072 0.000143 -6.397754 0.000056 0.000089 -4.260900 0.000000 -0.000000 0.000000 165.000137 179.999435 153.489197 0.000299 0.000365 -21.690655 0.000286 0.000154 -15.183453 0.000000 -0.000000 0.000000 180.000000 -179.999954 144.785355 179.999954 -179.999969 144.785324 179.999969 180.000000 156.547028 0.000000 -0.000000 0.000000 9.999969 -0.000105 -33.019192 179.999924 -179.999939 146.980789 179.999924 -179.999985 158.009201 0.000000 -0.000000 0.000000 19.999905 -0.000324 -25.824802 179.999680 -179.999619 141.262772 179.999695 -179.999954 154.201019
-67.323059 131.456161 14.594357 84.437241 -178.610519 179.260910 8.474101 -34.577599 3.471634 84.452431 116.758575 90.115799 8.370919 0.040226 -3.558792 3.640838 -18.239080 2.024469 1.429121 36.328690 -4.731336 1.764758 -15.851737 3.459666 0.764967 6.357224 -1.595032 0.758523 6.249937 -2.699327 4.072842 4.811231 -3.119950 0.000002 0.588579 -0.581481 0.000011 0.686673 -0.602250 170.310471 179.560089 179.566559 8.390137 0.566124 -0.352705 18.037537 -8.293655 77.326378 3.248673 1.956282 1.769255 176.557861 179.306564 176.336990 47.848957 39.615803 11.070244 180.000000 179.999985 -169.514786 180.000000 179.999985 -173.016830 0.000000 -0.000002 -0.000003 14.999990 0.000017 30.978119 179.999985 179.999985 -154.654251 179.999985 179.999985 -162.257980 0.000000 -0.000002 -0.000003 179.999847 179.999542 -142.977203 179.999603 179.999725 -142.977219 179.999695 -179.999985 -155.342834 0.000000 -0.000002 -0.000003 169.999695 179.998947 -146.242065 179.999161 179.999329 -146.242065 179.999283 179.999939 -157.517212 0.000000 -0.000002 -0.000003 159.999802 179.999161 -159.854279 179.999252 179.998932 -149.781387 179.999207 179.999619 -159.874405 174.732666 -177.763046 -179.382599 167.800858 -158.979202 107.542320 174.738129 -174.233337 179.287994 7.020872 -0.068425 1.549416 124.675858 126.481537 163.013763 0.000059 0.000132 -6.366805 0.000050 0.000082 -4.240289 0.000000 -0.000002 0.000000 165.000046 179.999802 153.584183 0.000108 0.000125 -21.612940 0.000100 0.000053 -15.129060 0.000000 -0.000002 0.000000 179.999924 -179.999741 144.791931 179.999786 -179.999817 144.791931 179.999832 -179.999985 156.551422 0.000000 -0.000002 0.000000 9.999916 -0.000298 -33.020523 179.999756 -179.999802 146.979462 179.999802 -179.999985 158.008347 0.000000 -0.000002 0.000000 19.999836 -0.000558 -25.851042 179.999405 -179.999329 141.223434 179.999405 -179.999908 154.174805
-67.601044 131.824860 14.568989 84.317093 -178.662811 179.113083 9.138494 -36.518608 3.489292 78.998329 116.314774 84.891472 8.113148 -1.638428 -3.596020 3.882562 -17.414930 2.044478 1.511082 34.933571 -4.413414 1.697715 -15.348803 3.300416 0.737258 6.363476 -1.531387 0.722122 6.254917 -2.601948 3.884358 4.791962 -3.012631 0.000012 0.567237 -0.622015 0.000005 0.661791 -0.644220 170.462555 179.581161 179.546539 8.333274 0.505815 -0.460557 17.371920 -7.927612 78.023209 2.045823 2.454738 1.237496 176.472702 179.442505 176.502014 48.012959 39.487743 11.159236 0.000025 -0.000031 10.488626 0.000025 -0.000017 6.985407 0.000002 0.000000 -0.000003 15.000021 -0.000020 30.983049 0.000021 -0.000022 25.349762 0.000014 -0.000000 17.744822 0.000002 0.000000 -0.000003 179.999878 179.999680 -142.918396 179.999710 179.999832 -142.918411 179.999771 -179.999985 -155.303665 0.000002 0.000000 -0.000003 170.000214 -179.999451 -146.038803 0.000485 -0.000353 33.961182 0.000396 -0.000006 22.618149 0.000002 0.000000 -0.000003 159.999802 179.999390 -159.743637 179.999435 179.999268 -149.615479 179.999420 179.999771 -159.763901 174.676285 -177.735733 -179.452667 167.094284 -158.296692 107.934868 174.167419 -173.962601 179.303238 7.097568 -0.282071 1.556986 124.843895 126.484230 163.258057 0.000045 0.000105 -6.333782 0.000037 0.000066 -4.218295 0.000003 -0.000002 -0.000002 165.000000 -179.999985 153.626434 180.000000 179.999985 158.421631 180.000000 -180.000000 164.895157 0.000003 -0.000002 -0.000002 179.999908 -179.999680 144.753937 179.999741 -179.999817 144.753952 179.999786 -179.999985 156.526108 0.000003 -0.000002 -0.000002 9.999894 -0.000373 -33.062286 179.999710 -179.999756 146.937714 179.999741 -179.999969 157.980515 0.000003 -0.000002 -0.000002 19.999807 -0.000612 -25.936045 179.999329 -179.999298 141.095932 179.999344 -179.999908 154.089890
-67.881104 132.168854 14.568186 84.183022 -178.716187 178.957748 9.759580 -38.398121 3.452930 73.989449 115.694855 80.094322 7.687274 -3.366239 -3.537639 3.817335 -16.604223 2.107310 2.345244 33.597443 -3.892894 1.259158 -14.860859 3.225563 0.713389 6.368455 -1.464191 0.690928 6.258751 -2.498760 3.719136 4.774099 -2.895032 0.000012 0.545359 -0.657048 0.000005 0.636260 -0.680522 170.599884 179.602173 179.529633 8.260773 0.442124 -0.571266 16.686653 -7.568744 78.687073 0.953144 2.825876 0.704845 176.318665 179.549118 176.649933 48.122391 39.361595 11.175655 0.000010 -0.000010 10.481186 0.000011 -0.000009 6.980463 0.000000 -0.000000 0.000003 15.000012 -0.000030 30.978617 0.000023 -0.000021 25.346130 0.000017 -0.000000 17.742304 0.000000 -0.000000 0.000003 179.999878 179.999756 -142.864929 179.999786 179.999878 -142.864914 179.999847 -179.999969 -155.268036 0.000000 -0.000000 0.000003 170.000153 -179.999634 -146.134216 0.000343 -0.000203 33.865768 0.000270 0.000009 22.554596 0.000000 -0.000000 0.000003 159.999847 179.999619 -159.641037 179.999603 179.999527 -149.461578 179.999603 179.999878 -159.661407 174.604355 -177.712875 -179.523468 166.608032 -157.607101 108.294510 173.514923 -173.918564 179.271179 7.171493 -0.466610 1.548820 124.917847 126.542068 163.410538 0.000049 0.000122 -6.307008 0.000040 0.000075 -4.200480 0.000000 0.000000 -0.000002 164.999985 -179.999908 153.632248 179.999954 -179.999939 158.426392 179.999954 -179.999985 164.898468 0.000000 0.000000 -0.000002 179.999908 -179.999710 144.693192 179.999741 -179.999817 144.693192 179.999802 179.999985 156.485657 0.000000 0.000000 -0.000002 9.999887 -0.000358 -33.132339 179.999710 -179.999771 146.867691 179.999756 -179.999985 157.933868 0.000000 0.000000 -0.000002 19.999792 -0.000583 -26.056776 179.999344 -179.999344 140.914825 179.999405 -179.999954 153.969269
-68.184822 132.494186 14.518887 84.034378 -178.770294 178.792694 10.724909 -40.220913 3.377931 69.245628 115.095901 75.835342 7.033495 -5.071609 -3.342946 4.248408 -15.823245 2.164436 1.983494 32.301998 -3.781042 1.381070 -14.431901 3.029260 0.694008 6.372152 -1.392152 0.663644 6.261432 -2.389258 3.570795 4.757029 -2.767204 0.000017 0.523043 -0.688361 180.000000 179.389786 179.287064 170.733429 179.623169 179.514893 8.179993 0.374589 -0.685454 15.940697 -7.212625 79.329208 179.961243 176.846405 -179.829407 176.123932 179.687759 176.787613 48.233627 39.240459 11.202777 180.000000 -180.000000 -169.523056 180.000000 179.999985 -173.022369 180.000000 180.000000 -179.999985 14.999995 0.000008 30.971397 0.000000 0.000002 25.340210 180.000000 -180.000000 -162.261841 180.000000 180.000000 -179.999985 179.999908 179.999847 -142.812836 179.999832 179.999924 -142.812851 179.999878 -179.999985 -155.233337 180.000000 180.000000 -179.999985 170.000137 -179.999756 -146.218063 0.000242 -0.000138 33.781914 0.000191 0.000014 22.498751 180.000000 180.000000 -179.999985 159.999893 179.999771 -159.553635 179.999741 179.999741 -149.330475 179.999756 179.999939 -159.574097 174.523849 -177.694870 -179.595154 166.151886 -156.942490 108.662270 172.806656 -173.912903 179.240173 7.239204 -0.613959 1.512549 124.858757 126.604195 163.447357 0.000037 0.000089 -6.268684 0.000031 0.000052 -4.174953 0.000000 0.000000 -0.000003 164.999985 -179.999893 153.611084 179.999954 -179.999954 158.409073 179.999954 -179.999985 164.886353 0.000000 0.000000 -0.000003 179.999908 -179.999741 144.618286 179.999786 -179.999847 144.618271 179.999817 180.000000 156.435776 0.000000 0.000000 -0.000003 9.999732 -0.000713 -33.195255 179.999390 -179.999573 146.804718 179.999512 -179.999985 157.891937 0.000000 0.000000 -0.000003 19.999849 -0.000393 -26.210800 179.999557 -179.999573 140.683777 179.999588 -179.999969 153.815414
-68.487129 132.798294 14.491616 83.879700 -178.825470 178.618530 11.602482 -41.981129 3.249222 64.884438 114.304344 71.956680 6.207972 -6.676302 -3.119534 4.471820 -15.062912 2.262691 2.393604 31.063946 -3.455022 1.005868 -14.008617 2.935088 0.672282 6.374816 -1.315768 0.638319 6.263116 -2.273062 3.430365 4.740118 -2.629646 0.000019 0.499805 -0.717559 0.000009 0.583103 -0.743177 170.874420 179.644562 179.501541 8.099437 0.303731 -0.803419 15.214567 -6.863608 79.908875 179.009811 176.684921 179.684387 175.941040 179.803772 176.893738 48.320423 39.127239 11.219738 180.000000 179.999985 -169.522980 0.000000 0.000002 6.977688 180.000000 -179.999985 -179.999985 15.000002 -0.000014 30.972677 0.000005 0.000001 25.341269 0.000010 0.000000 17.738886 180.000000 -179.999985 -179.999985 179.999939 179.999908 -142.760071 179.999908 179.999969 -142.760071 179.999939 -179.999985 -155.198212 180.000000 -179.999985 -179.999985 170.000092 -179.999878 -146.299271 0.000134 -0.000065 33.700726 0.000086 0.000011 22.444683 180.000000 -179.999985 -179.999985 159.999939 179.999893 -159.478088 179.999847 179.999878 -149.217117 179.999878 179.999985 -159.498611 174.442764 -177.681427 -179.667236 165.717972 -156.321167 109.033661 172.031067 -173.945938 179.214203 7.300274 -0.756399 1.447698 124.674721 126.656517 163.345520 0.000030 0.000072 -6.231877 0.000022 0.000042 -4.150428 0.000000 -0.000000 0.000000 165.000000 -179.999985 153.575211 180.000000 -179.999985 158.379715 179.999985 -179.999985 164.865814 0.000000 -0.000000 0.000000 179.999954 -179.999847 144.521164 179.999878 -179.999908 144.521164 179.999908 179.999985 156.371094 0.000000 -0.000000 0.000000 9.999944 -0.000124 -33.478741 179.999893 -179.999924 146.521255 179.999924 179.999985 157.703171 0.000000 -0.000000 0.000000 19.999908 -0.000227 -26.357737 179.999741 -179.999771 140.463394 179.999756 -179.999985 153.668610
-68.781532 133.079025 14.461796 83.722359 -178.882156 178.436356 12.271659 -43.675575 3.057517 60.855988 113.244438 68.303024 5.194032 -8.130140 -2.829448 4.787616 -14.355543 2.382876 2.669785 29.902691 -3.195087 0.642766 -13.619783 2.829905 0.648618 6.376483 -1.235205 0.614038 6.263866 -2.150450 3.293377 4.723113 -2.483244 0.000007 0.475575 -0.743843 179.999985 179.445160 179.229584 171.022995 179.666382 179.489960 8.020198 0.230987 -0.922139 14.490441 -6.526836 80.416260 178.116226 176.599930 179.250183 175.761047 179.954666 176.986603 48.383301 39.006569 11.213540 0.000005 -0.000007 10.479186 0.000004 -0.000005 6.979145 180.000000 -179.999985 -179.999985 15.000008 0.000001 30.967182 179.999985 180.000000 -154.663208 0.000003 -0.000001 17.735746 180.000000 -179.999985 -179.999985 179.999985 179.999969 -142.712357 179.999969 179.999985 -142.712372 179.999985 -179.999985 -155.166428 180.000000 -179.999985 -179.999985 170.000031 -179.999954 -146.365646 0.000051 -0.000021 33.634361 0.000036 0.000005 22.400476 180.000000 -179.999985 -179.999985 159.999985 179.999954 -159.416458 179.999924 179.999939 -149.124680 179.999954 -180.000000 -159.437042 174.361481 -177.673615 -179.738281 165.315201 -155.757812 109.399078 171.179428 -173.996689 179.206696 7.351262 -0.885529 1.348855 124.391693 126.665421 163.131805 0.000020 0.000044 -6.190488 0.000019 0.000030 -4.122866 0.000002 -0.000002 -0.000000 165.000015 179.999985 153.563660 0.000018 0.000017 -21.629723 0.000013 0.000009 -15.140795 0.000002 -0.000002 -0.000000 179.999985 -179.999954 144.437973 179.999969 -179.999985 144.438004 179.999985 180.000000 156.315689 0.000002 -0.000002 -0.000000 9.999991 -0.000026 -33.551540 179.999985 -179.999985 146.448456 179.999985 180.000000 157.654678 0.000002 -0.000002 -0.000000 19.999935 -0.000178 -26.479504 179.999802 -179.999832 140.280762 179.999817 -179.999985 153.546982
-69.072609 133.353378 14.422697 83.560394 -178.935608 178.259720 12.883207 -45.358383 2.813503 56.522671 112.090019 64.322159 4.046796 -9.536794 -2.508664 5.264632 -13.661865 2.499700 2.818365 28.756487 -2.978399 0.234326 -13.235654 2.725814 0.624200 6.379290 -1.154932 0.590572 6.265956 -2.029782 3.159892 4.707782 -2.338765 0.000103 0.450789 -0.770723 0.000120 0.525911 -0.798260 171.175232 179.688019 179.477921 7.949324 0.154508 -1.051438 13.812526 -6.197087 80.889427 177.207092 176.648697 178.851486 175.532837 -179.900482 177.064819 48.556892 38.894115 11.289521 179.999878 179.999908 -169.534943 179.999908 179.999954 -173.030273 0.000000 0.000003 0.000000 14.999006 0.000975 30.945078 179.998886 179.999725 -154.681290 179.999222 -179.999847 -162.276886 0.000000 0.000003 0.000000 179.998291 179.998245 -142.674973 179.997574 179.999634 -142.674957 179.998550 -179.999207 -155.141541 0.000000 0.000003 0.000000 169.999878 179.999847 -146.440857 179.999817 179.999954 -146.440857 179.999893 -179.999954 -157.649597 0.000000 0.000003 0.000000 159.998947 179.998672 -159.365677 179.997818 179.998718 -149.048508 179.998322 -179.999969 -159.386292 174.281036 -177.664688 -179.807968 164.905762 -155.222122 109.762833 170.264984 -174.088104 179.211899 7.451480 -1.062622 1.249830 124.016075 126.654312 162.823029 0.000963 0.001899 -6.142769 0.000773 0.001186 -4.091093 0.000000 0.000000 -0.000003 165.001007 179.997360 153.561600 0.001682 0.001587 -21.631403 0.001496 0.000588 -15.142009 0.000000 0.000000 -0.000003 0.000256 0.000603 -35.653778 0.000562 0.000339 -35.653790 0.000436 -0.000034 -23.745398 0.000000 0.000000 -0.000003 10.000282 0.000645 -33.600651 0.000606 0.000380 -33.600658 0.000459 -0.000014 -22.378021 0.000000 0.000000 -0.000003 20.000038 0.000105 -26.708910 0.000117 0.000088 -40.063377 0.000091 0.000003 -26.682199
-69.347305 133.590393 14.390262 83.402412 -179.002579 178.056976 14.004363 -46.948849 2.524873 53.036678 111.168282 61.733402 2.967207 -10.792930 -2.372627 5.426768 -13.039630 2.654556 3.094622 27.716238 -2.762159 0.007801 -12.906389 2.585997 0.599427 6.376975 -1.067043 0.566774 6.262834 -1.891426 3.022127 4.688519 -2.171687 0.000107 0.424006 -0.788925 0.000137 0.494700 -0.817091 171.337830 179.710968 179.471390 7.879162 0.079695 -1.165837 13.178884 -5.850948 81.243683 176.478256 176.720703 178.511963 175.412598 -179.652527 177.155212 48.500759 38.622524 11.118198 0.000281 -0.000216 10.486971 0.000208 -0.000099 6.984318 180.000000 -179.999985 180.000000 14.998947 0.000938 30.989073 179.998871 179.999786 -154.645325 179.999222 -179.999786 -162.251724 180.000000 -179.999985 180.000000 179.998230 179.998352 -142.594177 179.997620 179.999786 -142.594208 179.998642 -179.999146 -155.087738 180.000000 -179.999985 180.000000 169.999374 179.999374 -146.460175 179.999161 179.999832 -146.460190 179.999466 -179.999786 -157.662506 180.000000 -179.999985 180.000000 159.998978 179.998825 -159.301804 179.997925 179.998932 -148.952713 179.998444 -179.999878 -159.322510 174.197617 -177.672363 -179.876968 164.574036 -154.716278 110.141426 169.310104 -174.227982 179.192871 7.462202 -1.180469 1.076057 123.495720 126.568047 162.397049 0.000866 0.001660 -6.062845 0.000686 0.001034 -4.037865 0.000002 0.000005 0.000002 165.000977 179.997482 153.667160 0.001624 0.001494 -21.545029 0.001463 0.000552 -15.081515 0.000002 0.000005 0.000002 0.000396 0.000889 -35.642101 0.000834 0.000487 -35.642124 0.000638 -0.000061 -23.737648 0.000002 0.000005 0.000002 10.000315 0.000678 -33.577591 0.000635 0.000391 -33.577576 0.000499 -0.000022 -22.362680 0.000002 0.000005 0.000002 20.000162 0.000305 -26.715200 0.000401 0.000327 -40.072819 0.000350 -0.000009 -26.688461
-69.622284 133.809326 14.383324 83.251526 -179.075333 177.841904 15.700869 -48.516430 2.165168 50.231956 110.596764 60.311268 1.804441 -11.962945 -2.160401 4.923014 -12.429760 2.832000 3.954006 26.729195 -2.438031 179.895294 -167.390396 -177.574997 0.574121 6.372580 -0.976251 0.543037 6.257609 -1.745536 2.882648 4.667965 -1.994869 0.000091 0.396910 -0.799983 0.000115 0.463075 -0.828527 171.498886 179.733566 179.468979 7.782620 0.008423 -1.245890 12.207435 -5.484359 81.639496 175.881958 176.587296 178.127151 175.369537 -179.521851 177.198776 48.468273 38.476360 10.988901 0.000426 -0.000307 10.481133 0.000323 -0.000151 6.980394 0.000000 -0.000002 0.000000 14.998851 0.000926 31.038422 179.998810 179.999817 -154.604889 179.999207 -179.999741 -162.223434 0.000000 -0.000002 0.000000 179.997787 179.998123 -142.522842 179.997116 179.999847 -142.522858 179.998413 -179.998901 -155.040192 0.000000 -0.000002 0.000000 169.998947 179.999008 -146.450500 179.998566 179.999771 -146.450500 179.999146 -179.999588 -157.656021 0.000000 -0.000002 0.000000 159.998856 179.998825 -159.242630 179.997772 179.998947 -148.863922 179.998367 -179.999817 -159.263367 174.106766 -177.689453 -179.941742 164.247696 -154.230927 110.544525 168.417282 -174.317184 179.176285 7.369097 -1.223645 0.867852 123.342644 126.434654 162.102325 0.002395 0.004955 -6.106459 0.001924 0.003115 -4.066904 0.000002 0.000003 0.000000 165.000839 179.997940 153.793289 0.001338 0.001195 -21.441841 0.001196 0.000437 -15.009293 0.000002 0.000003 0.000000 0.000295 0.000638 -35.595016 0.000609 0.000339 -35.595020 0.000472 -0.000053 -23.706291 0.000002 0.000003 0.000000 10.000266 0.000558 -33.544273 0.000533 0.000316 -33.544254 0.000430 -0.000012 -22.340479 0.000002 0.000003 0.000000 19.999899 -0.000171 -26.681009 179.999771 -179.999817 139.978485 179.999832 179.999985 153.345673
-69.902573 134.010941 14.339391 83.107872 -179.151566 177.621429 16.204090 -49.948868 1.694418 47.165939 109.334076 57.766727 0.820428 -13.081134 -2.076840 5.553324 -11.899941 2.980355 3.530017 25.806807 -2.423607 179.826431 -167.653610 -177.686905 0.548225 6.367564 -0.881837 0.517614 6.251803 -1.592570 2.734135 4.647040 -1.809713 0.000108 0.369556 -0.806236 0.000109 0.431147 -0.835031 171.663391 179.755814 179.469406 7.674842 -0.059484 -1.304275 12.001578 -5.124444 81.731728 175.262817 177.196274 177.985031 175.332672 -179.389999 177.253387 48.432095 38.323521 10.808716 0.000297 -0.000216 10.453778 0.000216 -0.000103 6.962221 180.000000 -180.000000 179.999985 14.998614 0.001070 31.088692 179.998566 179.999847 -154.563812 179.999069 -179.999664 -162.194672 180.000000 -180.000000 179.999985 179.998138 179.998489 -142.376434 179.997589 179.999969 -142.376419 179.998734 -179.999054 -154.942688 180.000000 -180.000000 179.999985 169.998962 179.999100 -146.383514 179.998642 179.999832 -146.383514 179.999191 -179.999588 -157.611420 180.000000 -180.000000 179.999985 159.995850 179.996048 -159.360397 179.992050 179.996719 -149.040588 179.994339 -179.999115 -159.381042 174.015320 -177.712997 179.990463 163.917603 -153.768936 110.970047 167.568344 -174.363815 179.164261 7.239464 -1.235479 0.652668 122.494499 126.380646 161.593506 0.002313 0.004715 -5.896688 0.001851 0.002975 -3.927189 180.000000 180.000000 -180.000000 165.000580 179.998672 153.923141 0.000900 0.000792 -21.335585 0.000778 0.000264 -14.934919 180.000000 180.000000 -180.000000 0.000047 0.000101 -35.539619 0.000093 0.000057 -35.539616 0.000082 -0.000007 -23.669407 180.000000 180.000000 -180.000000 10.000062 0.000127 -33.497581 0.000124 0.000072 -33.497555 0.000091 -0.000003 -22.309378 180.000000 180.000000 -180.000000 19.999905 -0.000190 -26.688528 179.999756 -179.999832 139.967224 179.999802 179.999985 153.338165
-70.182594 134.197556 14.306996 82.972748 -179.230667 177.397278 17.055769 -51.293476 1.193211 44.977901 108.365669 56.407948 179.972122 -165.861176 177.967621 5.907599 -11.395587 3.129567 3.364871 24.944139 -2.357478 179.787949 -167.884094 -177.788162 0.517584 6.363067 -0.781671 0.488110 6.246416 -1.428539 2.564039 4.625907 -1.612032 0.000124 0.341540 -0.813311 0.000087 0.398458 -0.842326 171.846054 179.778641 179.469421 7.585700 -0.125001 -1.367853 11.717525 -4.757797 81.804024 174.725708 177.788315 177.853378 175.328796 -179.341309 177.289627 48.334583 38.170170 10.575176 0.000132 -0.000089 10.428822 0.000098 -0.000040 6.945589 180.000000 180.000000 -180.000000 14.998773 0.000880 31.185555 179.998779 179.999924 -154.484543 179.999191 -179.999695 -162.139175 180.000000 180.000000 -180.000000 179.998566 179.998947 -142.226212 179.998230 -179.999954 -142.226212 179.999084 -179.999252 -154.842667 180.000000 180.000000 -180.000000 169.999313 179.999466 -146.286591 179.999130 179.999924 -146.286591 179.999481 -179.999725 -157.546875 180.000000 180.000000 -180.000000 159.998795 179.998932 -158.829498 179.997711 179.999161 -148.244247 179.998413 -179.999680 -158.850662 173.944305 -177.736679 179.903824 163.544083 -153.340149 111.419472 166.731583 -174.354370 179.177292 7.117437 -1.238364 0.445253 121.608704 126.337120 161.076172 0.002225 0.004470 -5.669861 0.001761 0.002819 -3.776129 0.000000 0.000003 0.000000 165.000488 179.998932 154.010086 0.000734 0.000607 -21.264475 0.000647 0.000215 -14.885136 0.000000 0.000003 0.000000 0.000023 0.000040 -35.530914 0.000050 0.000022 -35.530922 0.000032 -0.000002 -23.663586 0.000000 0.000003 0.000000 10.000017 0.000031 -33.486534 0.000025 0.000013 -33.486549 0.000031 -0.000001 -22.302044 0.000000 0.000003 0.000000 19.999876 -0.000217 -26.697838 179.999725 -179.999802 139.953201 179.999771 179.999985 153.328842
-70.473877 134.368774 14.278434 82.847481 -179.312439 177.172516 17.757233 -52.529785 0.671446 43.352276 107.387413 55.502003 179.218719 -164.857239 178.030930 6.515900 -10.944090 3.278643 2.937879 24.153265 -2.350818 179.729660 -168.080246 -177.867584 0.482335 6.357965 -0.677969 0.455339 6.240515 -1.256909 2.377608 4.604701 -1.406158 0.000068 0.313810 -0.818248 0.000100 0.366128 -0.847449 172.039200 179.800934 179.470490 7.507986 -0.187386 -1.429950 11.376755 -4.388106 81.853539 174.266312 178.379700 177.740921 175.351135 -179.357025 177.305801 48.244701 38.040474 10.379599 179.999985 179.999985 -169.587921 179.999985 180.000000 -173.065552 0.000003 0.000000 -0.000002 14.998974 0.000655 31.288147 179.998993 179.999969 -154.400589 179.999359 -179.999710 -162.080429 0.000003 0.000000 -0.000002 179.998947 179.999283 -142.094696 179.998749 -179.999908 -142.094727 179.999405 -179.999435 -154.755066 0.000003 0.000000 -0.000002 169.999435 179.999573 -146.223450 179.999283 179.999985 -146.223450 179.999588 -179.999741 -157.504807 0.000003 0.000000 -0.000002 159.999252 179.999405 -158.684967 179.998642 179.999573 -148.027451 179.999069 -179.999771 -158.706268 173.900742 -177.757690 179.802399 163.125015 -152.947998 111.888153 165.916656 -174.269333 179.231995 6.999073 -1.196043 0.234395 119.900955 126.233162 159.992065 0.000093 0.000203 -5.263109 0.000076 0.000127 -3.505232 0.000000 -0.000000 0.000000 165.000381 179.999161 154.092041 0.000583 0.000488 -21.197386 0.000508 0.000170 -14.838181 0.000000 -0.000000 0.000000 180.000000 -179.999985 144.474777 179.999985 -179.999985 144.474777 180.000000 179.999985 156.340210 0.000000 -0.000000 0.000000 9.999885 -0.000220 -33.470032 179.999771 -179.999863 146.529984 179.999847 179.999985 157.708954 0.000000 -0.000000 0.000000 19.999693 -0.000596 -26.690701 179.999207 -179.999420 139.963943 179.999329 179.999954 153.335983
-70.747818 134.519501 14.278856 82.726791 -179.396469 176.944427 18.383812 -53.669724 0.154890 42.569332 106.476974 55.379543 178.611313 -163.926834 178.098587 6.440303 -10.506440 3.459083 3.212497 23.423172 -2.221299 179.684937 -168.259506 -177.956802 0.450217 6.351209 -0.567844 0.421071 6.232987 -1.082292 2.183203 4.583410 -1.197014 0.000064 0.287414 -0.817332 0.000094 0.335316 -0.846531 172.231232 179.821625 179.474808 7.430377 -0.245157 -1.481048 11.103258 -4.018767 81.850342 173.871338 179.062271 177.681931 175.392151 -179.416840 177.299225 48.246334 37.925758 10.316778 0.000002 -0.000003 10.414433 180.000000 179.999985 -173.063995 180.000000 180.000000 -179.999985 14.999317 0.000406 31.394981 179.999344 -179.999985 -154.313187 179.999588 -179.999786 -162.019257 180.000000 180.000000 -179.999985 179.999237 179.999527 -141.984909 179.999115 -179.999893 -141.984924 179.999573 -179.999588 -154.681961 180.000000 180.000000 -179.999985 169.999588 179.999725 -146.157440 179.999496 179.999985 -146.157410 179.999725 -179.999817 -157.460876 180.000000 180.000000 -179.999985 159.999237 179.999435 -158.609787 179.998611 179.999619 -147.914734 179.999100 -179.999725 -158.631180 173.878433 -177.776581 179.696014 162.505630 -152.621567 112.395767 165.147446 -173.990219 179.413971 6.884740 -1.117968 0.021350 120.075462 126.313148 160.281570 179.999985 -179.999985 174.772507 180.000000 -179.999985 176.518494 0.000000 -0.000000 0.000000 165.000229 179.999481 154.177078 0.000346 0.000269 -21.127831 0.000295 0.000087 -14.789491 0.000000 -0.000000 0.000000 179.999985 -179.999985 144.474930 179.999985 -179.999985 144.474915 179.999985 179.999985 156.340302 0.000000 -0.000000 0.000000 9.999833 -0.000289 -33.482597 179.999695 -179.999847 146.517426 179.999771 179.999985 157.700592 0.000000 -0.000000 0.000000 19.999695 -0.000560 -26.737581 179.999222 -179.999451 139.893646 179.999359 179.999954 153.289169
-71.046890 134.656174 14.273643 82.625122 -179.481827 176.738464 18.934608 -54.687798 -0.399036 43.060246 105.582222 56.438313 178.448929 -163.148468 177.962433 6.394516 -10.080645 3.621202 3.364760 22.759230 -2.138512 179.704712 -168.385452 -178.039566 0.404967 6.343626 -0.474979 0.384982 6.224638 -0.906244 1.979946 4.562846 -0.986820 0.000064 0.261750 -0.810706 0.000061 0.305380 -0.839642 172.422134 179.841293 179.482315 7.353510 -0.296833 -1.520403 10.790310 -3.648738 81.838135 173.569046 179.638321 177.598267 175.435349 -179.440414 177.304718 48.374313 37.901508 10.421753 0.000001 -0.000002 10.414230 180.000000 179.999985 -173.064133 180.000000 180.000000 -179.999985 14.999476 0.000280 31.473724 179.999496 -179.999985 -154.248764 179.999725 -179.999832 -161.974136 180.000000 180.000000 -179.999985 179.999481 179.999725 -141.889084 179.999420 -179.999924 -141.889038 179.999756 -179.999710 -154.618103 180.000000 180.000000 -179.999985 169.999802 179.999863 -146.096130 179.999756 -179.999985 -146.096100 179.999878 -179.999893 -157.420013 180.000000 180.000000 -179.999985 159.999573 179.999695 -158.489273 179.999207 179.999832 -147.733902 179.999481 -179.999817 -158.510788 173.868698 -177.794556 179.590332 162.002289 -152.298538 112.873039 164.381958 -173.844833 179.532227 6.786147 -1.098793 -0.153576 120.363495 126.433563 160.654526 179.999924 -179.999847 174.780884 179.999954 -179.999908 176.524078 0.000002 0.000003 0.000002 165.000198 179.999649 154.232178 0.000254 0.000204 -21.082792 0.000209 0.000065 -14.757951 0.000002 0.000003 0.000002 179.999878 -179.999771 144.484985 179.999771 -179.999878 144.484970 179.999847 179.999985 156.346985 0.000002 0.000003 0.000002 9.999871 -0.000249 -33.515545 179.999771 -179.999878 146.484451 179.999832 179.999985 157.678635 0.000002 0.000003 0.000002 19.999784 -0.000388 -26.801813 179.999466 -179.999634 139.797226 179.999573 179.999969 153.224960
-71.355103 134.777893 14.249064 82.534729 -179.565720 176.539871 19.517424 -55.602291 -0.936422 44.948040 104.845558 58.908443 178.073242 -162.460159 178.127197 6.952549 -9.706208 3.768769 2.976374 22.144182 -2.159266 179.619171 -168.489395 -178.079041 0.357380 6.336244 -0.382778 0.346469 6.216588 -0.731062 1.765760 4.543945 -0.778825 0.000046 0.235933 -0.797264 0.000079 0.275239 -0.825738 172.612259 179.860611 179.493820 7.279612 -0.340773 -1.545075 10.705254 -3.294020 81.731857 173.308304 -179.665283 177.579315 175.474716 -179.388382 177.338486 48.580391 38.016224 10.678915 179.999969 179.999985 -169.588928 179.999985 179.999985 -173.066223 0.000003 -0.000000 0.000000 14.999717 0.000136 31.553892 179.999741 -179.999985 -154.183167 179.999847 -179.999908 -161.928238 0.000003 -0.000000 0.000000 179.999802 179.999893 -141.804184 179.999771 -179.999954 -141.804153 179.999893 -179.999878 -154.561569 0.000003 -0.000000 0.000000 170.000000 179.999985 -146.053848 179.999985 179.999985 -146.053864 179.999985 -179.999985 -157.391861 0.000003 -0.000000 0.000000 159.999802 179.999878 -158.400635 179.999680 179.999939 -147.600967 179.999817 -179.999908 -158.422256 173.867157 -177.813675 179.491791 161.263168 -152.035431 113.391953 163.678421 -173.503983 179.786972 6.695676 -1.071676 -0.327186 120.736000 126.547424 161.059464 179.999893 -179.999832 174.760544 179.999924 -179.999878 176.510513 180.000000 -180.000000 180.000000 165.000137 179.999725 154.277435 0.000204 0.000153 -21.045715 0.000174 0.000064 -14.732001 180.000000 -180.000000 180.000000 179.999939 -179.999878 144.451859 179.999893 -179.999954 144.451859 179.999924 179.999985 156.324951 180.000000 -180.000000 180.000000 9.999966 -0.000042 -33.555550 179.999969 -179.999985 146.444473 179.999969 180.000000 157.652023 180.000000 -180.000000 180.000000 19.999926 -0.000122 -26.864620 179.999832 -179.999878 139.703079 179.999863 179.999985 153.162231
-71.679024 134.891769 14.226006 82.457909 -179.646729 176.351318 20.133717 -56.408756 -1.437399 47.997856 104.250648 62.492924 177.800262 -161.827911 178.285934 7.123578 -9.324275 3.915378 2.936981 21.574474 -2.121362 179.578186 -168.564758 -178.129471 0.305910 6.329790 -0.291980 0.305236 6.209536 -0.558716 1.539257 4.527501 -0.575669 0.000058 0.208659 -0.778334 0.000057 0.243419 -0.806136 172.805786 179.880768 179.508636 7.210082 -0.375118 -1.554055 10.365989 -2.955691 81.679497 173.136078 -179.200485 177.494415 175.531265 -179.332977 177.365799 49.044853 38.385147 11.239376 179.998779 179.999359 -169.639938 179.999115 179.999725 -173.100189 0.000000 -0.000003 0.000000 14.999967 0.000015 31.610655 179.999985 -179.999985 -154.136749 179.999985 -179.999985 -161.895737 0.000000 -0.000003 0.000000 0.000000 -0.000004 38.241962 0.000002 0.000006 38.241966 180.000000 179.999985 -154.530838 0.000000 -0.000003 0.000000 170.000183 -179.999908 -146.036453 0.000204 0.000024 33.963543 0.000090 0.000086 22.619724 0.000000 -0.000003 0.000000 160.000046 -179.999969 -158.345825 0.000077 -0.000012 32.481293 0.000043 0.000026 21.632542 173.874207 -177.835617 179.402313 160.572937 -151.781570 113.888443 163.002762 -173.185425 -179.955795 6.616524 -1.070316 -0.485056 121.043961 126.591576 161.344101 179.999878 -179.999817 174.727676 179.999908 -179.999878 176.488632 0.000000 0.000002 0.000000 165.000137 179.999725 154.318527 0.000210 0.000160 -21.012108 0.000162 0.000055 -14.708461 0.000000 0.000002 0.000000 0.000048 0.000075 -35.579910 0.000078 0.000037 -35.579903 0.000061 -0.000008 -23.696205 0.000000 0.000002 0.000000 10.000090 0.000146 -33.577702 0.000137 0.000077 -33.577667 0.000114 -0.000012 -22.362751 0.000000 0.000002 0.000000 20.000051 0.000093 -26.898897 0.000125 0.000085 -40.348351 0.000105 -0.000012 -26.872002
-72.009155 134.993607 14.198859 82.393204 -179.724564 176.176239 20.406967 -57.083340 -1.866621 51.846367 103.643158 66.649803 177.622803 -161.307129 178.411896 7.525889 -8.973467 4.042136 2.592942 21.052500 -2.132005 179.588593 -168.612427 -178.180283 0.251747 6.324392 -0.203639 0.261211 6.203656 -0.390626 1.300606 4.513919 -0.379275 0.000041 0.178848 -0.756965 0.000041 0.208652 -0.783995 173.007355 179.902954 179.525055 7.145419 -0.397871 -1.548236 10.137512 -2.646508 81.571838 172.995819 -178.690094 177.446426 175.588593 -179.225586 177.422043 48.299309 37.633694 10.568877 0.000243 -0.000131 10.604479 0.000174 -0.000054 7.062590 0.000005 -0.000000 0.000000 15.000168 -0.000066 31.632458 0.000154 0.000028 25.881107 0.000085 0.000058 18.116779 0.000005 -0.000000 0.000000 0.000164 -0.000079 38.255474 0.000166 0.000053 38.255463 0.000075 0.000099 25.478134 0.000005 -0.000000 0.000000 170.000259 -179.999878 -146.063507 0.000271 0.000046 33.936497 0.000131 0.000131 22.601709 0.000005 -0.000000 0.000000 160.000183 -179.999908 -158.344315 0.000286 -0.000019 32.483547 0.000163 0.000090 21.634043 173.889832 -177.861694 179.321014 159.911255 -151.541321 114.360466 162.335815 -172.883057 -179.683578 6.562455 -1.071057 -0.646344 121.300858 126.556236 161.514801 179.999878 -179.999832 174.679886 179.999908 -179.999893 176.456818 0.000000 0.000005 0.000000 165.000137 179.999725 154.369980 0.000191 0.000150 -20.970005 0.000160 0.000045 -14.679010 0.000000 0.000005 0.000000 0.000062 0.000131 -35.570354 0.000131 0.000060 -35.570385 0.000087 -0.000017 -23.689863 0.000000 0.000005 0.000000 10.000115 0.000218 -33.557076 0.000206 0.000110 -33.557076 0.000150 -0.000019 -22.349022 0.000000 0.000005 0.000000 20.000109 0.000220 -26.892235 0.000306 0.000207 -40.338367 0.000239 -0.000030 -26.865341
-72.348579 135.081650 14.181741 82.339439 -179.799011 176.018326 20.725168 -57.656666 -2.202837 56.970867 103.361046 72.123711 177.614380 -160.849228 178.463684 7.666487 -8.618709 4.160086 2.469551 20.574286 -2.111920 179.641647 -168.634079 -178.235947 0.194550 6.319969 -0.119077 0.214606 6.198852 -0.228247 1.050868 4.503193 -0.191413 0.000038 0.146786 -0.733223 0.000040 0.171259 -0.759399 173.214447 179.927002 179.543030 7.086553 -0.407625 -1.528450 9.916876 -2.369349 81.447479 172.929413 -178.411682 177.316879 175.605194 -178.936081 177.584320 48.602566 38.045055 10.909276 0.000196 -0.000101 10.507524 0.000140 -0.000040 6.998013 0.000002 -0.000003 -0.000002 14.999753 0.000091 31.560638 179.999786 -179.999954 -154.177658 179.999863 -179.999908 -161.924362 0.000002 -0.000003 -0.000002 0.000231 -0.000089 38.221664 0.000232 0.000075 38.221664 0.000099 0.000128 25.455620 0.000002 -0.000003 -0.000002 170.000244 -179.999893 -146.127396 0.000264 0.000059 33.872601 0.000126 0.000125 22.559151 0.000002 -0.000003 -0.000002 160.000229 -179.999893 -158.386215 0.000370 -0.000026 32.420673 0.000216 0.000129 21.592190 173.913925 -177.893005 179.246948 159.387115 -151.293015 114.787628 161.645691 -172.672546 -179.442886 6.553887 -1.085180 -0.812950 121.487823 126.448265 161.552261 179.999924 -179.999893 174.616425 179.999939 -179.999924 176.414520 0.000000 -0.000000 0.000000 165.000107 179.999802 154.442169 0.000142 0.000113 -20.910934 0.000120 0.000033 -14.637664 0.000000 -0.000000 0.000000 0.000076 0.000143 -35.541882 0.000145 0.000073 -35.541878 0.000109 -0.000021 -23.670895 0.000000 -0.000000 0.000000 10.000100 0.000193 -33.504398 0.000215 0.000104 -33.504429 0.000150 -0.000019 -22.313950 0.000000 -0.000000 0.000000 20.000092 0.000157 -26.833902 0.000232 0.000161 -40.250854 0.000187 -0.000019 -26.807064
-72.693810 135.158478 14.173238 82.293442 -179.870193 175.880142 20.652826 -58.108101 -2.390307 62.638256 103.071526 77.877144 177.651855 -160.406677 178.535706 7.712531 -8.267624 4.268807 2.469349 20.137302 -2.084374 179.662430 -168.635025 -178.278198 0.134901 6.316197 -0.039144 0.165966 6.194853 -0.073077 0.792964 4.495303 -0.013821 0.000019 0.113100 -0.707018 0.000035 0.131938 -0.732272 173.423645 179.952362 179.562408 7.033813 -0.404911 -1.496402 9.707075 -2.127440 81.315025 172.856796 -177.961304 177.261734 175.665848 -178.832520 177.672653 48.748718 38.321983 11.040937 0.000155 -0.000072 10.420913 0.000112 -0.000029 6.940330 0.000000 -0.000003 -0.000003 15.000229 -0.000084 31.679096 0.000194 0.000042 25.919264 0.000108 0.000089 18.143490 0.000000 -0.000003 -0.000003 0.000195 -0.000075 38.146637 0.000191 0.000062 38.146648 0.000074 0.000111 25.405668 0.000000 -0.000003 -0.000003 170.000198 -179.999924 -146.218002 0.000200 0.000046 33.781994 0.000088 0.000094 22.498806 0.000000 -0.000003 -0.000003 160.000198 -179.999908 -158.477310 0.000300 -0.000012 32.284046 0.000180 0.000105 21.501175 173.945587 -177.929565 179.178696 158.981949 -151.040604 115.177246 160.951248 -172.526611 -179.228378 6.574959 -1.096663 -0.990238 121.579987 126.296547 161.489532 179.999969 -179.999939 174.561935 179.999985 -179.999969 176.378250 0.000000 -0.000000 0.000000 165.000076 179.999863 154.518494 0.000109 0.000089 -20.848495 0.000077 0.000020 -14.593944 0.000000 -0.000000 0.000000 0.000054 0.000094 -35.487370 0.000103 0.000047 -35.487366 0.000072 -0.000013 -23.634586 0.000000 -0.000000 0.000000 10.000069 0.000113 -33.427330 0.000123 0.000065 -33.427341 0.000083 -0.000015 -22.262604 0.000000 -0.000000 0.000000 20.000059 0.000105 -26.770079 0.000161 0.000108 -40.155113 0.000116 -0.000015 -26.743307
-73.048935 135.224442 14.163486 82.251945 -179.939209 175.764130 20.607927 -58.474068 -2.404321 69.093727 103.205879 84.450760 177.820847 -159.981598 178.572693 7.747420 -7.924648 4.365061 2.517959 19.741560 -2.063586 179.640671 -168.615540 -178.304825 0.073502 6.312508 0.035241 0.116161 6.191063 0.073189 0.531333 4.489780 0.151743 0.000014 0.078265 -0.679628 0.000020 0.091306 -0.703910 173.633011 179.978745 179.582428 6.985715 -0.391642 -1.454481 9.518404 -1.922791 81.181969 172.807205 -177.532715 177.196640 175.720581 -178.724792 177.779572 48.847580 38.552399 11.077298 0.000103 -0.000041 10.323151 0.000072 -0.000015 6.875220 180.000000 180.000000 -179.999985 15.000123 -0.000035 31.570135 0.000114 0.000032 25.830128 0.000063 0.000050 18.081081 180.000000 180.000000 -179.999985 0.000123 -0.000041 38.051304 0.000123 0.000042 38.051327 0.000038 0.000077 25.342180 180.000000 180.000000 -179.999985 170.000122 -179.999969 -146.321121 0.000102 0.000030 33.678883 0.000056 0.000052 22.430140 180.000000 180.000000 -179.999985 160.000107 -179.999954 -158.593582 0.000161 -0.000004 32.109642 0.000094 0.000055 21.385027 173.982635 -177.969971 179.115555 158.722580 -150.782181 115.527702 160.255585 -172.484940 -179.088623 6.615864 -1.123448 -1.160136 121.597435 126.152130 161.374496 179.999985 -179.999969 174.520279 179.999985 -179.999985 176.350494 0.000000 -0.000000 0.000000 165.000015 179.999924 154.597336 0.000044 0.000043 -20.783998 0.000047 0.000009 -14.548808 0.000000 -0.000000 0.000000 0.000019 0.000035 -35.430519 0.000035 0.000015 -35.430527 0.000025 -0.000005 -23.596724 0.000000 -0.000000 0.000000 10.000032 0.000061 -33.358845 0.000061 0.000024 -33.358849 0.000049 -0.000003 -22.216990 0.000000 -0.000000 0.000000 20.000027 0.000042 -26.708181 0.000068 0.000054 -40.062267 0.000044 -0.000009 -26.681475
-73.420593 135.277176 14.146929 82.211975 179.992859 175.672592 20.396755 -58.745247 -2.214489 75.757835 103.713875 91.195839 178.158630 -159.585266 178.551407 7.779546 -7.590428 4.439684 2.401338 19.387735 -2.074972 179.782516 -168.567749 -178.358994 0.011410 6.308083 0.103154 0.066056 6.186656 0.209164 0.270325 4.485926 0.303834 0.000001 0.043097 -0.652189 0.000011 0.050275 -0.675481 173.840225 -179.994415 179.602356 6.940546 -0.369524 -1.405343 9.363298 -1.756439 81.052574 172.771713 -177.108536 177.126892 175.769318 -178.617172 177.898041 48.908043 38.705929 11.038229 0.000050 -0.000017 10.229000 0.000027 -0.000003 6.812530 0.000000 -0.000000 0.000000 15.000053 -0.000018 31.465181 0.000037 0.000007 25.744215 0.000027 0.000018 18.020960 0.000000 -0.000000 0.000000 179.999954 179.999985 -142.061844 179.999954 -179.999985 -142.061844 179.999985 -179.999969 -154.733185 0.000000 -0.000000 0.000000 170.000031 -179.999985 -146.417114 0.000040 0.000013 33.582901 0.000010 0.000015 22.366198 0.000000 -0.000000 0.000000 160.000031 -179.999985 -158.694855 0.000064 -0.000001 31.957706 0.000026 0.000030 21.283836 174.023285 -178.012634 179.057129 158.516724 -150.538223 115.858490 159.567566 -172.472763 -178.970566 6.671879 -1.147284 -1.328769 121.601959 126.050797 161.276199 180.000000 -179.999985 174.486343 180.000000 -179.999985 176.327911 0.000000 -0.000003 0.000000 165.000015 179.999985 154.663940 0.000012 0.000009 -20.729519 0.000006 0.000004 -14.510663 0.000000 -0.000003 0.000000 0.000004 0.000009 -35.397388 0.000005 0.000005 -35.397377 0.000001 -0.000003 -23.574652 0.000000 -0.000003 0.000000 10.000002 0.000013 -33.301979 0.000014 0.000001 -33.301983 0.000014 -0.000001 -22.179119 0.000000 -0.000003 0.000000 20.000002 0.000008 -26.663406 0.000003 0.000001 -39.995110 0.000001 -0.000005 -26.636749
-73.796326 135.328201 14.132545 82.175529 179.924911 175.582504 20.200399 -59.014626 -2.022647 81.868134 104.399590 97.346451 178.458588 -159.145447 178.606079 7.824218 -7.260118 4.516681 2.315335 19.043198 -2.087651 179.877930 -168.515564 -178.397827 179.948105 173.695679 -179.828674 0.015071 6.183062 0.345338 0.004930 4.483335 0.455795 0.000141 0.007289 -0.623705 0.000188 0.008472 -0.645950 174.049911 -179.968018 179.622787 6.881010 -0.342437 -1.340827 9.129257 -1.598195 80.937088 172.762192 -176.753403 177.021835 175.825684 -178.550491 178.002213 48.954788 38.836437 10.951241 0.000598 -0.000134 10.124139 0.000414 -0.000021 6.742656 180.000000 -180.000000 180.000000 14.999973 0.000010 31.370184 179.999969 -179.999985 -154.333527 179.999985 -179.999985 -162.033432 180.000000 -180.000000 180.000000 179.999893 179.999985 -141.981857 179.999893 -179.999939 -141.981857 179.999954 -179.999939 -154.679886 180.000000 -180.000000 180.000000 170.000015 -179.999985 -146.507217 0.000003 0.000010 33.492764 0.000001 0.000007 22.306200 180.000000 -180.000000 180.000000 160.000122 -179.999969 -158.807831 0.000141 0.000010 31.788305 0.000078 0.000062 21.171005 174.068756 -178.054352 178.991486 158.299332 -150.301834 116.198700 158.878754 -172.473541 -178.862167 6.749789 -1.206336 -1.472678 121.586464 125.993019 161.159470 0.000029 0.000068 -5.554044 0.000029 0.000042 -3.698987 0.000000 0.000007 0.000000 164.999863 -179.999802 154.699631 179.999847 -179.999908 159.299728 179.999878 -179.999969 165.509796 0.000000 0.000007 0.000000 179.999771 -179.999680 144.641830 179.999619 -179.999847 144.641785 179.999741 179.999924 156.451447 0.000000 0.000007 0.000000 9.999825 -0.000247 -33.253311 179.999725 -179.999893 146.746750 179.999817 179.999954 157.853302 0.000000 0.000007 0.000000 19.999748 -0.000349 -26.652506 179.999466 -179.999695 140.021179 179.999588 179.999908 153.374100
-74.185387 135.355789 14.108959 82.131737 179.863388 175.563843 19.524879 -59.048454 -1.363155 88.328690 105.203278 103.528267 178.745667 -158.806686 178.648483 8.031278 -6.945329 4.529892 2.168773 18.767111 -2.112302 179.878159 -168.432205 -178.429398 179.885010 173.701462 -179.778290 179.964600 173.822388 -179.547211 179.747574 175.517456 -179.429291 0.000109 -0.025900 -0.602104 0.000124 -0.030232 -0.623593 174.256439 -179.942078 179.638565 6.860784 -0.309608 -1.302518 8.936663 -1.512174 80.871414 172.735901 -176.343628 176.941299 175.885361 -178.509293 178.095291 48.994167 38.824398 10.868767 0.000241 -0.000050 10.067389 0.000168 -0.000017 6.704889 180.000000 179.999985 -180.000000 14.999558 0.000105 31.347994 179.999680 -179.999878 -154.351654 179.999817 -179.999847 -162.046158 180.000000 179.999985 -180.000000 179.999619 179.999893 -141.992355 179.999664 -179.999847 -141.992386 179.999893 -179.999771 -154.686890 180.000000 179.999985 -180.000000 169.996216 179.999023 -146.810486 179.996292 -179.998734 -146.810440 179.998413 -179.997925 -157.895737 180.000000 179.999985 -180.000000 159.999847 179.999939 -158.839615 179.999725 -179.999985 -148.259369 179.999847 -179.999893 -158.860764 174.117401 -178.099197 178.943222 158.340088 -150.069199 116.446884 158.192566 -172.563858 -178.807556 6.895417 -1.194770 -1.662009 121.547287 126.046959 161.163193 179.999985 -179.999985 174.459534 179.999985 -179.999985 176.310043 0.000000 -0.000000 0.000000 164.999878 -179.999847 154.678955 179.999863 -179.999939 159.282806 179.999908 -179.999985 165.497971 0.000000 -0.000000 0.000000 179.999817 -179.999741 144.608307 179.999695 -179.999893 144.608322 179.999817 179.999924 156.429153 0.000000 -0.000000 0.000000 9.999747 -0.000333 -33.264809 179.999603 -179.999847 146.735184 179.999725 179.999939 157.845657 0.000000 -0.000000 0.000000 19.999638 -0.000504 -26.665960 179.999161 -179.999588 140.001099 179.999405 179.999863 153.360718
-74.588081 135.372299 14.083388 82.082466 179.803009 175.575333 18.360203 -58.953323 -0.461430 94.860199 105.948906 109.535522 179.048279 -158.593597 178.608551 8.172808 -6.626757 4.515057 1.996359 18.521404 -2.139803 179.977463 -168.328598 -178.491760 179.823441 173.709885 -179.736984 179.915878 173.830353 -179.454285 179.501541 175.518738 -179.332306 0.000086 -0.057268 -0.581655 0.000126 -0.066829 -0.602434 174.453445 -179.917404 179.653336 6.855914 -0.274409 -1.274089 8.720303 -1.461392 80.845161 172.710876 -175.955475 176.860809 175.946167 -178.490372 178.174789 49.015369 38.749813 10.778722 179.999954 179.999985 -169.965729 179.999985 179.999985 -173.317200 0.000002 -0.000002 0.000002 14.999585 0.000090 31.374823 179.999680 -179.999878 -154.329697 179.999847 -179.999817 -162.030777 0.000002 -0.000002 0.000002 179.999634 179.999908 -141.966171 179.999664 -179.999847 -141.966171 179.999908 -179.999771 -154.669449 0.000002 -0.000002 0.000002 169.999542 179.999863 -146.225433 179.999573 -179.999847 -146.225479 179.999832 -179.999741 -157.506149 0.000002 -0.000002 0.000002 159.999710 179.999924 -158.835037 179.999557 -179.999954 -148.252533 179.999756 -179.999817 -158.856186 174.164230 -178.146774 178.909210 158.417770 -149.856247 116.670357 157.484589 -172.794540 -178.867325 7.057911 -1.280807 -1.780221 121.590317 126.147354 161.268539 179.999924 -179.999847 174.471527 179.999939 -179.999893 176.318039 0.000000 -0.000000 0.000000 164.999786 -179.999695 154.681625 179.999741 -179.999847 159.285004 179.999802 -179.999985 165.499496 0.000000 -0.000000 0.000000 179.999802 -179.999725 144.585587 179.999680 -179.999893 144.585602 179.999771 179.999939 156.414017 0.000000 -0.000000 0.000000 9.999728 -0.000354 -33.294899 179.999588 -179.999847 146.705078 179.999725 179.999924 157.825607 0.000000 -0.000000 0.000000 19.999636 -0.000496 -26.712605 179.999191 -179.999573 139.931107 179.999420 179.999847 153.314102
-75.009804 135.378464 14.067028 82.030357 179.744217 175.617355 17.228241 -58.775074 0.590141 101.035126 106.920349 115.143463 179.372681 -158.789276 178.445923 8.238725 -6.301511 4.473563 1.943903 18.305302 -2.156596 0.038180 -11.788507 1.445058 179.765289 173.721680 -179.708054 179.871658 173.841553 -179.381241 179.280228 175.522049 -179.258896 0.000061 -0.086978 -0.553149 0.000081 -0.101499 -0.572880 174.615417 -179.894379 179.672760 6.836020 -0.233943 -1.227555 8.550521 -1.443118 80.825684 172.684799 -175.560104 176.807251 175.988495 -178.446762 178.259949 49.004570 38.640915 10.692525 179.999832 179.999985 -169.971298 179.999878 -180.000000 -173.320892 180.000000 180.000000 180.000000 14.999598 0.000066 31.408978 179.999695 -179.999878 -154.301727 179.999847 -179.999847 -162.011246 180.000000 180.000000 180.000000 179.999710 179.999939 -141.931046 179.999725 -179.999863 -141.931015 179.999893 -179.999817 -154.646088 180.000000 180.000000 180.000000 169.999664 179.999939 -146.174210 179.999680 -179.999863 -146.174194 179.999847 -179.999817 -157.472000 180.000000 180.000000 180.000000 159.999756 179.999939 -158.801636 179.999588 -179.999954 -148.202423 179.999771 -179.999832 -158.822845 174.195694 -178.199982 178.899673 158.501785 -149.668884 116.884590 156.792160 -172.997742 -178.901733 7.210393 -1.342710 -1.917954 121.745995 126.221298 161.408203 179.999969 -179.999924 174.444199 179.999969 -179.999939 176.299850 0.000002 0.000003 0.000003 164.999771 -179.999680 154.651077 179.999725 -179.999832 159.259979 179.999786 -179.999969 165.481995 0.000002 0.000003 0.000003 179.999786 -179.999710 144.556808 179.999649 -179.999893 144.556824 179.999771 179.999924 156.394852 0.000002 0.000003 0.000003 9.999736 -0.000361 -33.332470 179.999573 -179.999832 146.667557 179.999710 179.999939 157.800598 0.000002 0.000003 0.000003 19.999691 -0.000437 -26.773495 179.999298 -179.999634 139.839783 179.999466 179.999878 153.253281
-75.438751 135.376495 14.050751 81.975655 179.687973 175.688492 15.874554 -58.483242 1.777332 106.975227 107.956619 120.313042 179.770340 -159.296631 178.236099 8.693856 -6.005315 4.394982 1.581953 18.116859 -2.200557 0.012744 -11.911752 1.395918 179.710632 173.735397 -179.689926 179.830902 173.854660 -179.325211 179.078918 175.526596 -179.205826 0.000067 -0.116039 -0.521192 0.000064 -0.135393 -0.539792 174.750793 -179.871918 179.694077 6.809943 -0.188937 -1.169998 8.375766 -1.453299 80.827347 172.669434 -175.245987 176.738281 176.015060 -178.377487 178.365356 48.944008 38.496075 10.578842 179.999863 179.999985 -169.955978 179.999908 -180.000000 -173.310684 180.000000 -180.000000 179.999985 14.999816 0.000036 31.462147 179.999847 -179.999939 -154.258255 179.999924 -179.999924 -161.980759 180.000000 -180.000000 179.999985 179.999847 179.999969 -141.887421 179.999847 -179.999908 -141.887405 179.999954 -179.999908 -154.617020 180.000000 -180.000000 179.999985 169.999802 179.999969 -146.119537 179.999832 -179.999908 -146.119553 179.999908 -179.999893 -157.435623 180.000000 -180.000000 179.999985 159.999847 179.999954 -158.755371 179.999741 -179.999969 -148.133026 179.999863 -179.999908 -158.776566 174.216766 -178.256714 178.907471 158.567627 -149.508896 117.097610 156.118378 -173.182709 -178.923080 7.356942 -1.421845 -2.045430 121.828339 126.299965 161.488480 179.999985 -179.999985 174.425934 179.999985 -179.999985 176.287674 0.000000 -0.000000 0.000000 164.999771 -179.999680 154.608246 179.999725 -179.999847 159.224915 179.999786 -179.999954 165.457443 0.000000 -0.000000 0.000000 179.999786 -179.999710 144.518326 179.999664 -179.999878 144.518280 179.999771 179.999924 156.369202 0.000000 -0.000000 0.000000 9.999601 -0.000556 -33.358875 179.999359 -179.999771 146.641144 179.999573 179.999893 157.783005 0.000000 -0.000000 0.000000 19.999865 -0.000171 -26.860481 179.999725 -179.999847 139.709259 179.999802 179.999954 153.166351
-75.862488 135.364029 14.022266 81.917686 179.633667 175.786911 14.622726 -58.092083 3.031307 111.677696 109.398605 124.269722 0.347741 -20.331537 -1.980108 9.216044 -5.722764 4.287756 1.137400 17.962400 -2.243718 0.005580 -12.041924 1.335372 179.658264 173.750458 -179.680756 179.792374 173.869064 -179.282013 178.890060 175.532120 -179.168259 0.000058 -0.144733 -0.492221 0.000061 -0.168864 -0.509803 174.874786 -179.849472 179.713501 6.790826 -0.140620 -1.111522 8.093985 -1.492035 80.875153 172.651917 -174.999741 176.658218 176.054993 -178.377167 178.459335 48.865925 38.374702 10.460889 179.999863 179.999985 -169.941422 179.999924 -179.999985 -173.301010 0.000000 -0.000000 0.000000 14.999941 0.000005 31.496040 179.999969 -179.999985 -154.230499 179.999985 -179.999985 -161.961349 0.000000 -0.000000 0.000000 179.999954 -180.000000 -141.855560 179.999969 -179.999985 -141.855515 179.999985 -179.999969 -154.595795 0.000000 -0.000000 0.000000 169.999969 180.000000 -146.073029 179.999985 -180.000000 -146.073029 179.999985 -179.999985 -157.404663 0.000000 -0.000000 0.000000 159.999908 179.999985 -158.715302 179.999847 -179.999985 -148.072968 179.999939 -179.999939 -158.736588 174.238815 -178.314484 178.922409 158.599747 -149.375412 117.318939 155.481613 -173.298325 -178.890198 7.485688 -1.474540 -2.196089 121.786751 126.430107 161.490936 179.999985 -179.999954 174.426651 179.999985 -179.999985 176.288147 0.000002 -0.000000 0.000002 164.999985 -179.999985 154.519348 179.999985 -179.999985 159.152191 179.999985 179.999985 165.406540 0.000002 -0.000000 0.000002 179.999893 -179.999863 144.452194 179.999847 -179.999969 144.452225 179.999878 179.999969 156.325165 0.000002 -0.000000 0.000002 10.000002 -0.000002 -33.516315 0.000010 0.000003 -33.516323 180.000000 180.000000 157.678146 0.000002 -0.000000 0.000002 19.999868 -0.000165 -26.889332 179.999741 -179.999847 139.665955 179.999817 179.999969 153.137543
-76.291908 135.343506 13.986665 81.860306 179.577545 175.909088 13.303883 -57.682838 4.290568 116.160286 110.404594 127.655090 0.381332 -20.180620 -1.924523 9.577519 -5.447686 4.153037 0.686261 17.850193 -2.273641 0.170495 -12.185869 1.229912 179.606949 173.768982 -179.679474 179.755951 173.886749 -179.249893 178.713715 175.540146 -179.143906 0.000024 -0.172105 -0.466367 0.000051 -0.200808 -0.483032 174.985886 -179.827835 179.730911 6.778547 -0.088964 -1.052968 7.933379 -1.554956 80.890594 172.604904 -174.712814 176.622726 176.083420 -178.354813 178.593246 48.718384 38.235252 10.301202 0.000058 -0.000002 10.090488 0.000040 0.000008 6.720258 0.000000 -0.000000 0.000000 15.000041 -0.000006 31.512724 0.000025 0.000009 25.783117 180.000000 179.999985 -161.951797 0.000000 -0.000000 0.000000 0.000029 -0.000001 38.164204 0.000039 0.000017 38.164196 0.000012 0.000020 25.417356 0.000000 -0.000000 0.000000 170.000000 -179.999985 -146.058487 0.000006 -0.000005 33.941483 0.000001 0.000003 22.605040 0.000000 -0.000000 0.000000 159.999985 179.999985 -158.677750 179.999985 -179.999985 -148.016632 179.999985 -179.999985 -158.699097 174.262238 -178.374084 178.943970 158.639343 -149.263397 117.536995 154.856430 -173.430817 -178.882355 7.612936 -1.551676 -2.334427 121.798485 126.468422 161.496017 179.999985 -179.999985 174.416092 179.999985 -179.999985 176.281113 0.000000 -0.000000 0.000000 164.999985 -179.999969 154.515396 179.999969 -179.999985 159.148972 179.999985 -179.999985 165.404266 0.000000 -0.000000 0.000000 0.000018 0.000017 -35.595474 0.000019 -0.000005 -35.595497 0.000015 -0.000004 -23.706581 0.000000 -0.000000 0.000000 10.000093 0.000117 -33.532658 0.000138 0.000051 -33.532642 0.000096 -0.000026 -22.332743 0.000000 -0.000000 0.000000 20.000158 0.000206 -26.973003 0.000348 0.000172 -40.459515 0.000254 -0.000064 -26.946058
-76.736725 135.315536 13.949691 81.802505 179.514359 176.055420 12.019488 -57.366970 5.522422 120.159943 111.119637 130.452774 0.158101 -20.068516 -1.822982 9.562198 -5.158720 3.996533 0.339081 17.766151 -2.280581 0.619079 -12.345020 1.047437 179.556320 173.793015 -179.685623 179.722534 173.909927 -179.227859 178.553345 175.552628 -179.131042 0.000044 -0.198082 -0.444509 0.000030 -0.231076 -0.460371 175.081390 -179.807114 179.745743 6.771554 -0.034738 -0.997950 7.842850 -1.630610 80.890892 172.542480 -174.426346 176.612122 176.106140 -178.348465 178.754379 48.643528 38.270622 10.240030 0.000084 -0.000002 10.084768 0.000056 0.000014 6.716445 0.000000 -0.000002 0.000000 15.000073 -0.000005 31.513920 0.000052 0.000022 25.784111 0.000046 0.000026 18.048880 0.000000 -0.000002 0.000000 0.000041 -0.000012 38.161949 0.000031 0.000036 38.161953 0.000019 0.000038 25.415878 0.000000 -0.000002 0.000000 170.000031 179.999985 -146.054138 0.000034 0.000007 33.945854 0.000007 0.000016 22.607941 0.000000 -0.000002 0.000000 160.000015 -179.999985 -158.669235 0.000008 0.000008 31.996151 0.000004 0.000003 21.309439 174.285172 -178.434128 178.969513 158.626617 -149.186447 117.756531 154.261703 -173.496048 -178.807571 7.721230 -1.590496 -2.503999 121.819618 126.450119 161.501892 179.999969 -179.999985 174.410965 179.999985 -179.999985 176.277695 0.000000 -0.000000 0.000000 165.000122 179.999863 154.480698 0.000134 0.000063 -20.879429 0.000100 0.000023 -14.615596 0.000000 -0.000000 0.000000 180.000000 179.999985 144.410797 0.000013 0.000004 -35.589211 0.000004 -0.000003 -23.702415 0.000000 -0.000000 0.000000 10.000168 0.000210 -33.519924 0.000259 0.000089 -33.519924 0.000161 -0.000059 -22.324261 0.000000 -0.000000 0.000000 20.000193 0.000252 -26.931387 0.000426 0.000206 -40.397057 0.000300 -0.000079 -26.904446
-77.188301 135.280441 13.935658 81.737801 179.445587 176.226639 10.824875 -57.070309 6.665320 123.693375 111.727791 132.886902 179.870605 -160.085434 178.185318 9.718071 -4.876216 3.831021 0.465587 17.694403 -2.243029 0.423470 -12.487160 0.987621 179.506271 173.821518 -179.699890 179.693634 173.937454 -179.216141 178.416214 175.569000 -179.129166 0.000012 -0.223386 -0.426752 0.000032 -0.260628 -0.442001 175.160706 -179.786591 179.758041 6.769941 0.019829 -0.949724 7.715532 -1.709924 80.912567 172.491806 -174.240219 176.580032 176.125092 -178.389725 178.930801 48.610653 38.360783 10.200597 0.000021 0.000002 10.053731 0.000005 0.000003 6.695796 0.000003 0.000002 0.000000 15.000099 -0.000023 31.496920 0.000061 0.000014 25.770176 0.000030 0.000038 18.039146 0.000003 0.000002 0.000000 0.000050 -0.000003 38.147167 0.000061 0.000010 38.147163 0.000004 0.000034 25.406002 0.000003 0.000002 0.000000 170.000015 179.999985 -146.067184 0.000012 0.000004 33.932789 0.000013 0.000015 22.599260 0.000003 0.000002 0.000000 160.000031 -179.999985 -158.658676 0.000035 -0.000014 32.011978 0.000019 0.000007 21.319979 174.305710 -178.492218 178.998322 158.779938 -149.104645 117.930115 153.639709 -173.686493 -178.856094 7.819339 -1.632043 -2.665278 121.901939 126.359825 161.541931 179.999969 -179.999969 174.402649 179.999969 -179.999985 176.272156 0.000000 -0.000000 0.000000 165.000122 179.999847 154.516464 0.000125 0.000058 -20.850170 0.000105 0.000013 -14.595124 0.000000 -0.000000 0.000000 0.000226 0.000274 -35.632870 0.000341 0.000099 -35.632839 0.000209 -0.000082 -23.731495 0.000000 -0.000000 0.000000 10.000111 0.000134 -33.450302 0.000164 0.000049 -33.450325 0.000118 -0.000032 -22.277906 0.000000 -0.000000 0.000000 20.000149 0.000198 -26.856436 0.000343 0.000157 -40.284672 0.000256 -0.000058 -26.829584
-77.640350 135.241608 13.921000 81.664154 179.379776 176.411041 9.742938 -56.669334 7.539044 126.962723 112.246834 135.274384 0.194211 -19.720219 -2.108008 9.756845 -4.577501 3.657565 0.679022 17.626863 -2.191805 0.268773 -12.624904 0.907326 179.459717 173.850555 -179.719925 179.669922 173.965515 -179.211594 178.304840 175.586548 -179.133926 0.000019 -0.248300 -0.410855 0.000048 -0.289688 -0.425533 175.215500 -179.766235 179.769257 6.775612 0.075794 -0.900994 7.578815 -1.790782 80.938606 172.443848 -174.092743 176.552277 176.152786 -178.507339 179.102402 48.514286 38.339691 10.087860 0.000023 0.000010 10.049200 0.000014 0.000006 6.692764 180.000000 -179.999985 180.000000 15.000065 -0.000005 31.462389 0.000053 0.000017 25.741957 0.000029 0.000030 18.019381 180.000000 -179.999985 180.000000 0.000030 -0.000014 38.115864 0.000035 0.000019 38.115879 0.000007 0.000016 25.385157 180.000000 -179.999985 180.000000 170.000000 -179.999985 -146.087173 0.000006 -0.000005 33.912796 180.000000 179.999985 -157.414062 180.000000 -179.999985 180.000000 160.000015 -179.999985 -158.698593 0.000004 -0.000012 31.952120 180.000000 -179.999985 -158.719894 174.322357 -178.547150 179.032639 158.841705 -149.054367 118.119476 153.067932 -173.793869 -178.834244 7.895734 -1.653683 -2.828700 122.000267 126.247795 161.564713 179.999985 -179.999985 174.380829 179.999985 -179.999985 176.257629 0.000002 0.000003 0.000000 165.000092 179.999878 154.569138 0.000108 0.000055 -20.807077 0.000080 -0.000004 -14.564959 0.000002 0.000003 0.000000 0.000093 0.000109 -35.510998 0.000146 0.000036 -35.510998 0.000100 -0.000042 -23.650333 0.000002 0.000003 0.000000 10.000102 0.000129 -33.402489 0.000161 0.000046 -33.402485 0.000103 -0.000030 -22.246061 0.000002 0.000003 0.000000 20.000124 0.000168 -26.780928 0.000280 0.000120 -40.171402 0.000186 -0.000058 -26.754150
-78.202751 135.159637 13.851789 81.609398 179.319138 176.594772 8.948482 -56.231319 8.049276 131.050232 112.362480 138.453857 179.645264 -160.574463 177.850967 10.273075 -4.296848 3.469486 0.366506 17.560362 -2.164391 0.135043 -12.755214 0.822252 179.392639 173.877106 -179.740570 179.651337 173.991196 -179.208206 178.217789 175.603027 -179.137741 0.000025 -0.273990 -0.400215 0.000019 -0.319662 -0.414517 175.271637 -179.744934 179.777267 6.790446 0.135707 -0.847082 7.478813 -1.874274 80.943153 172.403625 -173.986404 176.532257 176.173782 -178.625565 179.293610 48.474613 38.365845 10.044046 0.000011 0.000011 10.038255 0.000011 0.000005 6.685475 0.000003 0.000002 0.000002 15.000043 -0.000007 31.409496 0.000035 0.000013 25.698666 0.000014 0.000020 17.989065 0.000003 0.000002 0.000002 0.000008 -0.000003 38.072678 0.000007 0.000010 38.072647 0.000003 0.000012 25.356398 0.000003 0.000002 0.000002 170.000000 -179.999985 -146.100296 180.000000 180.000000 -146.100296 0.000001 0.000007 22.577200 0.000003 0.000002 0.000002 160.000092 179.999985 -158.839966 0.000121 0.000069 31.740044 0.000049 0.000078 21.138863 174.334946 -178.596100 179.068695 158.910110 -149.018082 118.300690 152.538269 -173.901978 -178.844711 7.941536 -1.670146 -2.968352 122.011330 126.150101 161.516449 180.000000 -179.999985 174.367966 180.000000 -179.999985 176.249069 0.000003 -0.000003 -0.000003 165.000092 179.999939 154.624008 0.000083 0.000040 -20.762180 0.000055 -0.000003 -14.533523 0.000003 -0.000003 -0.000003 0.000064 0.000063 -35.451084 0.000090 0.000022 -35.451061 0.000053 -0.000020 -23.610416 0.000003 -0.000003 -0.000003 10.000072 0.000087 -33.335293 0.000090 0.000022 -33.335278 0.000067 -0.000022 -22.201313 0.000003 -0.000003 -0.000003 20.000061 0.000094 -26.697140 0.000155 0.000075 -40.045712 0.000109 -0.000032 -26.670469
-78.411301 135.056549 13.922018 81.423386 179.271378 176.773422 8.504867 -55.456280 8.409890 133.981873 112.704880 140.814484 179.533630 -160.546814 177.689484 10.679409 -4.077458 3.240929 0.332297 17.491430 -2.108227 179.971527 -167.215103 -179.211746 179.454895 173.900101 -179.763428 179.637207 174.013504 -179.200562 178.150711 175.617310 -179.133926 0.000002 -0.300901 -0.395016 0.000024 -0.351051 -0.409131 175.317047 -179.722260 179.782089 6.816680 0.196442 -0.799668 7.371103 -1.960636 80.942802 172.380157 -173.940262 176.516876 176.195206 -178.772110 179.479095 48.484444 38.403866 10.054304 0.000001 0.000012 10.027401 0.000007 0.000008 6.678240 0.000000 -0.000000 0.000000 15.000004 0.000001 31.349623 0.000005 0.000006 25.649725 180.000000 179.999985 -162.045212 0.000000 -0.000000 0.000000 180.000000 -179.999985 -141.971802 179.999985 179.999985 -141.971771 180.000000 -179.999985 -154.673233 0.000000 -0.000000 0.000000 170.000000 -180.000000 -146.102554 0.000004 0.000002 33.897449 0.000005 -0.000008 22.575710 0.000000 -0.000000 0.000000 160.000015 -180.000000 -158.482391 179.999985 179.999985 -147.723587 180.000000 -179.999985 -158.503922 174.348221 -178.636581 179.099045 158.931671 -149.000809 118.485382 152.058609 -173.961029 -178.830994 7.967225 -1.679187 -3.085427 122.147072 126.121300 161.575302 0.000263 0.000216 -5.670706 0.000184 0.000124 -3.776690 0.000000 -0.000000 0.000000 165.000031 179.999969 154.682571 0.000035 0.000017 -20.714252 0.000025 -0.000004 -14.499979 0.000000 -0.000000 0.000000 0.000020 0.000028 -35.400265 0.000024 0.000004 -35.400249 0.000020 -0.000010 -23.576580 0.000000 -0.000000 0.000000 10.000026 0.000035 -33.277340 0.000042 0.000016 -33.277332 0.000023 -0.000013 -22.162712 0.000000 -0.000000 0.000000 20.000019 0.000022 -26.627775 0.000046 0.000024 -39.941681 0.000031 -0.000010 -26.601160
-78.843246 135.135300 14.058666 81.231529 179.226944 176.828812 7.944747 -54.968330 8.910493 135.481918 112.857086 141.822906 179.669907 -160.413803 177.540329 10.801336 -3.828854 3.111081 0.318633 17.394270 -2.038769 0.081765 -12.800178 0.706099 179.534241 173.919464 -179.675995 179.629349 174.033127 -179.187042 178.111893 175.629959 -179.119537 0.000010 -0.327952 -0.391280 0.000018 -0.382610 -0.405252 175.328171 -179.699265 179.786194 6.840000 0.255568 -0.758323 7.306794 -2.045620 80.927010 172.369003 -173.917282 176.515045 176.214432 -178.930084 179.667526 48.536545 38.455204 10.108622 180.000000 180.000000 -169.985382 180.000000 179.999985 -173.330261 0.000000 0.000000 -0.000002 15.000009 0.000001 31.298532 180.000000 179.999985 -154.392105 180.000000 179.999985 -162.074478 0.000000 0.000000 -0.000002 180.000000 179.999985 -142.014633 179.999985 -179.999985 -142.014618 179.999985 -179.999985 -154.701736 0.000000 0.000000 -0.000002 170.000000 179.999985 -146.105423 0.000002 0.000007 33.894588 0.000003 -0.000004 22.573772 0.000000 0.000000 -0.000002 160.000031 -179.999985 -158.507675 0.000014 -0.000001 32.238491 0.000005 0.000009 21.470829 174.348114 -178.674820 179.129959 159.043274 -148.976547 118.640221 151.587738 -174.062637 -178.878555 7.989903 -1.686004 -3.180341 121.383530 125.788246 160.953201 179.999985 -179.999985 174.488571 180.000000 -179.999985 176.329376 0.000000 -0.000000 0.000000 165.000015 179.999985 154.722534 0.000007 -0.000002 -20.681570 0.000014 -0.000002 -14.477100 0.000000 -0.000000 0.000000 0.000003 -0.000003 -35.373829 0.000005 -0.000005 -35.373829 0.000011 -0.000005 -23.558981 0.000000 -0.000000 0.000000 10.000003 0.000002 -33.241699 180.000000 180.000000 146.758301 0.000007 -0.000002 -22.138964 0.000000 -0.000000 0.000000 20.000004 0.000009 -26.599358 0.000013 0.000003 -39.899025 0.000015 -0.000004 -26.572760
-79.081085 135.201447 14.088488 81.050888 179.187164 176.819275 7.645404 -54.681923 9.453512 136.457993 112.890663 142.305344 179.513687 -160.349121 177.551331 10.778063 -3.619738 3.098358 0.654011 17.274179 -1.950216 179.968094 -167.301666 -179.365524 179.604599 173.935211 -179.542572 179.626984 174.049347 -179.165283 178.097214 175.640335 -179.091980 180.000000 -179.645172 179.610107 0.000011 -0.413959 -0.403809 175.326492 -179.676285 179.788910 6.866222 0.313123 -0.722449 7.310732 -2.130162 80.891876 172.365112 -173.889069 176.526016 176.231277 -179.096664 179.860367 48.630482 38.498203 10.208874 0.000006 0.000006 10.007407 0.000004 0.000010 6.664925 0.000002 -0.000002 -0.000000 15.000000 -0.000000 31.259659 180.000000 179.999985 -154.423920 180.000000 -180.000000 -162.096741 0.000002 -0.000002 -0.000000 179.999985 179.999985 -142.071457 179.999985 -179.999985 -142.071472 0.000003 -0.000016 25.260405 0.000002 -0.000002 -0.000000 170.000000 -179.999985 -146.098633 0.000001 0.000003 33.901371 180.000000 -179.999985 -157.421692 0.000002 -0.000002 -0.000000 160.000015 -179.999985 -158.479736 0.000024 -0.000003 32.280388 0.000007 0.000019 21.498741 174.338776 -178.715942 179.163040 159.277328 -148.937149 118.754478 151.121368 -174.224319 -179.004990 8.010673 -1.691554 -3.251681 121.487534 125.808205 161.046906 180.000000 -180.000000 174.475754 180.000000 -179.999985 176.320862 0.000000 -0.000000 0.000000 165.000015 -180.000000 154.737320 180.000000 -180.000000 159.330521 180.000000 -179.999985 165.531372 0.000000 -0.000000 0.000000 180.000000 180.000000 144.637405 179.999985 -179.999985 144.637390 180.000000 -180.000000 156.448517 0.000000 -0.000000 0.000000 9.999996 -0.000002 -33.231472 179.999985 -179.999985 146.768539 180.000000 179.999985 157.867844 0.000000 -0.000000 0.000000 19.999987 -0.000012 -26.584105 179.999985 -179.999985 140.123840 179.999985 179.999985 153.442474
-79.339020 135.163696 13.934151 80.877670 179.157043 176.768433 7.516494 -54.465649 10.020658 136.792877 112.943443 142.231964 179.333237 -160.299988 177.624313 10.687089 -3.378694 3.180063 0.921359 17.121906 -1.860208 179.979584 -167.455154 -179.520355 179.666382 173.945541 -179.389435 179.629974 174.060242 -179.133484 178.105927 175.646912 -179.048950 180.000000 -179.618866 179.609222 180.000000 -179.555344 179.595261 175.314194 -179.653625 179.790298 6.895652 0.368427 -0.694020 7.364025 -2.217731 80.846718 172.370438 -173.857254 176.542007 176.252411 -179.279343 -179.949875 48.770004 38.546749 10.347155 180.000000 -179.999985 -170.004257 0.000007 -0.000000 6.657161 180.000000 -180.000000 -180.000000 15.000002 0.000009 31.220150 180.000000 179.999985 -154.456238 0.000003 -0.000005 17.880636 180.000000 -180.000000 -180.000000 179.999985 -180.000000 -142.149261 179.999985 179.999985 -142.149261 180.000000 -179.999985 -154.791397 180.000000 -180.000000 -180.000000 170.000000 -179.999985 -146.094101 0.000003 -0.000001 33.905907 0.000003 -0.000004 22.581324 180.000000 -180.000000 -180.000000 160.000015 180.000000 -158.442596 0.000015 -0.000004 32.336102 0.000011 0.000001 21.535862 174.319733 -178.760529 179.197220 159.535614 -148.901978 118.850426 150.678772 -174.385559 -179.145935 8.031452 -1.705098 -3.295459 121.575317 125.870743 161.152267 0.000004 -0.000003 -5.529847 0.000007 0.000004 -3.682876 0.000001 0.000003 0.000000 165.000015 179.999985 154.727936 0.000003 0.000004 -20.677141 0.000000 0.000000 -14.473999 0.000001 0.000003 0.000000 0.000000 0.000000 -35.376301 180.000000 -179.999985 144.623688 0.000003 0.000001 -23.560614 0.000001 0.000003 0.000000 10.000003 0.000005 -33.245167 180.000000 179.999985 146.754837 0.000000 0.000000 -22.141283 0.000001 0.000003 0.000000 20.000000 0.000004 -26.603216 179.999985 -179.999985 140.095154 180.000000 180.000000 153.423370
-79.817368 135.260345 13.863252 80.705528 179.129517 176.658310 7.577285 -54.209557 10.523314 135.111938 113.622902 140.602951 0.141069 -19.682875 -2.498635 10.739305 -3.054354 3.301588 0.999240 16.882538 -1.771195 0.039824 -12.421949 0.319110 179.729614 173.954636 -179.180420 179.634537 174.070160 -179.100647 178.121719 175.652496 -179.003891 0.000068 -0.409336 -0.391872 0.000083 -0.477547 -0.405854 175.295929 -179.629211 179.791748 6.926451 0.423192 -0.667278 7.617420 -2.290191 80.748894 172.347839 -173.643311 176.630432 176.283295 -179.496277 -179.750015 49.652046 38.595108 11.283601 179.999985 179.999954 -169.973969 179.999985 179.999985 -173.322678 180.000000 180.000000 -180.000000 14.999917 0.000105 31.209734 179.999893 179.999985 -154.464798 179.999924 -179.999985 -162.125351 180.000000 180.000000 -180.000000 179.999619 179.999756 -142.217987 179.999557 -179.999954 -142.218033 179.999802 -179.999786 -154.837204 180.000000 180.000000 -180.000000 170.000046 -179.999985 -146.084366 0.000038 -0.000004 33.915607 0.000015 0.000021 22.587795 180.000000 180.000000 -180.000000 160.000153 -179.999954 -158.387543 0.000230 -0.000024 32.418690 0.000122 0.000074 21.590841 174.300491 -178.805710 179.233307 159.694260 -148.883209 118.979576 150.244400 -174.485657 -179.236542 8.057970 -1.709178 -3.335510 121.726959 125.936493 161.316956 0.000113 0.000062 -5.540864 0.000074 0.000031 -3.690222 0.000000 -0.000003 0.000000 164.999969 -179.999985 154.705032 179.999985 -179.999985 159.304123 179.999985 179.999985 165.512894 0.000000 -0.000003 0.000000 179.999985 -179.999985 144.597061 179.999985 179.999985 144.597061 179.999985 179.999985 156.421646 0.000000 -0.000003 0.000000 9.999941 -0.000028 -33.270580 179.999939 179.999985 146.729401 179.999969 179.999969 157.841812 0.000000 -0.000003 0.000000 19.999977 -0.000006 -26.634436 179.999969 -179.999985 140.048309 179.999985 179.999985 153.392212
-80.336227 135.458710 13.821849 80.541519 179.129333 176.583588 7.038555 -53.838879 10.945011 135.402084 113.508270 140.511383 0.376044 -19.787895 -2.477208 11.919868 -2.733464 3.340341 179.853271 163.321396 178.324448 0.189325 -12.241853 0.133126 179.773651 173.950226 -179.050598 179.648346 174.066040 -179.045349 178.176208 175.648514 -178.925735 0.000066 -0.433224 -0.395100 0.000046 -0.505432 -0.409212 175.263245 -179.608414 179.791672 6.961565 0.474217 -0.657604 7.146855 -2.409693 80.856964 172.487671 -174.220047 176.409760 176.316177 -179.661026 -179.570251 49.899448 38.709301 11.569077 0.000005 -0.000002 10.014773 0.000000 0.000002 6.669828 0.000002 0.000003 0.000003 15.000546 -0.000518 31.008305 0.000595 -0.000141 25.370388 0.000419 0.000091 17.759264 0.000002 0.000003 0.000003 179.999695 179.999771 -142.303925 179.999588 -179.999985 -142.303925 179.999802 -179.999832 -154.894409 0.000002 0.000003 0.000003 170.000061 -179.999969 -146.079926 0.000059 0.000007 33.920055 0.000025 0.000023 22.590773 0.000002 0.000003 0.000003 160.000275 -179.999847 -158.385864 0.000425 -0.000074 32.421227 0.000262 0.000117 21.592562 174.271484 -178.853302 179.250519 159.945114 -148.874252 119.046974 149.858475 -174.636078 -179.368073 8.075320 -1.720608 -3.361084 121.748314 126.004959 161.418961 0.000094 0.000030 -5.513258 0.000071 0.000023 -3.671825 0.000002 0.000003 0.000002 165.000000 179.999985 154.692719 180.000000 179.999985 159.294083 0.000011 -0.000002 -14.494151 0.000002 0.000003 0.000002 0.000050 0.000012 -35.423672 0.000069 -0.000003 -35.423702 0.000026 -0.000040 -23.592163 0.000002 0.000003 0.000002 9.999974 -0.000016 -33.293537 179.999985 180.000000 146.706436 0.000001 0.000011 -22.173504 0.000002 0.000003 0.000002 20.000002 0.000005 -26.645977 0.000007 0.000012 -39.968967 180.000000 179.999985 153.380676
-80.832359 135.584076 13.839415 80.385559 179.139313 176.502228 6.659608 -53.444431 11.280912 135.333954 113.468140 140.201126 0.581010 -20.213440 -2.375388 11.644271 -2.336266 3.458614 1.320324 16.482706 -1.519715 179.162186 -168.059662 -179.766159 179.806610 173.939758 -178.934967 179.663712 174.055847 -178.977036 178.235657 175.639908 -178.830093 0.000012 -0.452680 -0.404261 0.000041 -0.528119 -0.418706 175.248016 -179.591187 179.787659 7.014687 0.523542 -0.660406 7.323184 -2.510957 80.753204 172.548599 -174.232819 176.438812 176.352951 -179.801117 -179.415390 50.102940 38.782284 11.796555 0.000020 -0.000068 10.007612 0.000030 -0.000039 6.665057 0.000000 -0.000003 0.000000 14.999961 0.000067 31.322186 179.999939 179.999985 -154.372787 179.999954 -179.999985 -162.060944 0.000000 -0.000003 0.000000 179.999725 179.999771 -142.375320 179.999634 179.999985 -142.375305 179.999802 -179.999863 -154.941986 0.000000 -0.000003 0.000000 169.999985 -179.999985 -146.059723 179.999985 179.999985 -146.059784 0.000005 -0.000011 22.604202 0.000000 -0.000003 0.000000 160.000092 -179.999924 -158.320023 0.000176 -0.000055 32.519970 0.000106 0.000046 21.658302 174.246933 -178.903061 179.258865 160.184113 -148.882645 119.089783 149.527710 -174.782272 -179.488937 8.078793 -1.774786 -3.350866 121.762245 126.037766 161.491959 0.000098 0.000025 -5.489985 0.000065 0.000011 -3.656327 180.000000 180.000000 -179.999985 164.999985 179.999985 154.696594 0.000007 -0.000002 -20.702782 0.000007 -0.000003 -14.491949 180.000000 180.000000 -179.999985 0.000102 0.000018 -35.427612 0.000104 -0.000046 -35.427647 0.000023 -0.000058 -23.594778 180.000000 180.000000 -179.999985 10.000024 -0.000003 -33.311096 0.000014 0.000011 -33.311054 0.000007 -0.000002 -22.185167 180.000000 180.000000 -179.999985 20.000015 0.000007 -26.650768 0.000012 -0.000012 -39.976143 0.000014 -0.000002 -26.624102
-81.298729 135.662949 13.725697 80.235947 179.155396 176.417694 7.080863 -53.093208 11.441864 133.665161 113.965286 138.831924 0.971118 -20.826040 -2.284225 11.181616 -1.951243 3.529100 1.294707 16.285860 -1.372472 179.836777 -168.442764 179.918991 179.843994 173.924850 -178.837509 179.689545 174.041214 -178.902710 178.342850 175.630051 -178.721725 0.000003 -0.466014 -0.409681 0.000008 -0.543680 -0.424306 175.182968 -179.579300 179.785751 7.018801 0.570107 -0.653744 7.348949 -2.638063 80.683792 172.637146 -174.352982 176.433533 176.400543 -179.947113 -179.308060 50.230606 38.868958 11.984456 0.000038 -0.000079 10.013439 0.000035 -0.000047 6.668949 0.000000 -0.000003 0.000000 14.999920 0.000099 31.307394 179.999924 179.999969 -154.384872 179.999924 -179.999985 -162.069412 0.000000 -0.000003 0.000000 179.999817 179.999802 -142.461746 179.999741 179.999969 -142.461716 179.999847 -179.999908 -154.999512 0.000000 -0.000003 0.000000 169.999954 179.999969 -146.053162 179.999939 179.999985 -146.053177 179.999969 -179.999985 -157.391403 0.000000 -0.000003 0.000000 160.000000 -180.000000 -158.284409 179.999985 179.999985 -147.426620 180.000000 -179.999985 -158.306137 174.163651 -178.955475 179.278381 160.341156 -148.925949 119.125618 149.286591 -174.844772 -179.508881 8.045785 -1.810803 -3.364866 121.735306 126.054077 161.522064 0.000085 0.000004 -5.463270 0.000055 -0.000002 -3.638542 0.000001 -0.000000 0.000000 165.000137 -179.999969 154.650909 0.000100 -0.000072 -20.740166 0.000049 -0.000063 -14.518117 0.000001 -0.000000 0.000000 0.000088 -0.000001 -35.389000 0.000060 -0.000063 -35.389000 0.000015 -0.000053 -23.569042 0.000001 -0.000000 0.000000 9.999999 -0.000002 -33.302273 0.000000 0.000000 -33.302277 180.000000 -179.999985 157.820679 0.000001 -0.000000 0.000000 19.999998 -0.000004 -26.639490 179.999985 179.999985 140.040787 180.000000 179.999985 153.387146
-81.775513 135.711731 13.756627 80.090881 179.177475 176.316177 6.553769 -52.699722 11.774394 134.929733 113.441666 139.696320 0.547836 -21.268278 -2.075387 11.682257 -1.621336 3.586280 1.297223 16.082508 -1.211714 179.491821 -168.972870 179.881851 179.882217 173.905243 -178.736465 179.711258 174.021927 -178.815613 178.428116 175.616211 -178.598770 180.000000 -179.525864 179.582291 179.999985 -179.446823 179.567352 175.153778 -179.571838 179.781738 7.059320 0.616007 -0.663742 7.753363 -2.764611 80.487556 172.679581 -174.096893 176.587921 176.453171 179.919342 -179.246582 50.282578 38.942116 12.126701 0.000016 -0.000027 10.037544 0.000015 -0.000014 6.685001 0.000000 -0.000003 -0.000002 14.999961 0.000076 31.277342 179.999924 179.999969 -154.409454 179.999954 -179.999985 -162.086624 0.000000 -0.000003 -0.000002 179.999908 179.999878 -142.536606 179.999847 179.999969 -142.536591 179.999908 -179.999969 -155.049377 0.000000 -0.000003 -0.000002 169.999969 179.999939 -146.064529 179.999924 179.999985 -146.064529 179.999954 -179.999985 -157.398972 0.000000 -0.000003 -0.000002 159.999969 179.999985 -158.274918 179.999924 179.999954 -147.412369 179.999939 179.999985 -158.296646 174.110306 -179.005173 179.282883 160.170425 -149.037323 119.219925 149.182785 -174.686600 -179.284988 8.005928 -1.863261 -3.361983 121.588074 126.041237 161.417664 0.000086 -0.000003 -5.433665 0.000055 -0.000007 -3.618819 0.000001 -0.000003 -0.000003 165.000137 -179.999939 154.709351 0.000081 -0.000082 -20.692356 0.000017 -0.000077 -14.484635 0.000001 -0.000003 -0.000003 0.000051 -0.000037 -35.339336 0.000022 -0.000068 -35.339306 180.000000 -179.999954 156.463974 0.000001 -0.000003 -0.000003 10.000006 -0.000016 -33.307358 0.000007 -0.000012 -33.307358 179.999985 -179.999985 157.817291 0.000001 -0.000003 -0.000003 20.000004 -0.000009 -26.653233 0.000006 -0.000016 -39.979839 180.000000 -179.999985 153.373413
-82.314186 135.973557 13.727724 79.967995 179.207581 176.187653 6.485546 -52.246147 12.067529 135.955231 113.196800 140.536148 0.038711 -21.484188 -1.855772 12.688325 -1.315296 3.656444 0.290824 15.851303 -1.038621 179.628235 -169.642960 179.712692 179.913849 173.879135 -178.618835 179.732895 173.996216 -178.720322 178.511017 175.598114 -178.465271 179.999985 -179.523026 179.575317 179.999985 -179.443527 179.560150 175.129288 -179.568985 179.777908 7.102304 0.657443 -0.680161 8.451475 -2.892315 80.193123 172.696976 -173.599869 176.840286 176.511993 179.783554 -179.243927 50.236626 38.944309 12.144111 179.999954 179.999908 -169.931976 179.999969 179.999954 -173.294678 0.000000 -0.000000 0.000000 14.999959 0.000149 31.268906 179.999893 179.999908 -154.416382 179.999908 179.999969 -162.091446 0.000000 -0.000000 0.000000 179.999908 179.999786 -142.548782 179.999802 179.999863 -142.548782 179.999847 -179.999985 -155.057495 0.000000 -0.000000 0.000000 169.999939 179.999863 -146.068024 179.999878 179.999924 -146.068024 179.999924 -180.000000 -157.401306 0.000000 -0.000000 0.000000 159.999908 179.999832 -158.262115 179.999786 179.999817 -147.393158 179.999817 179.999985 -158.283844 174.050980 -179.052338 179.281525 160.702866 -149.089935 119.107574 148.925919 -174.948654 -179.552490 7.972838 -1.951893 -3.307420 121.406158 125.980698 161.270309 0.000041 -0.000008 -5.398380 0.000024 -0.000011 -3.595327 0.000001 0.000000 -0.000003 165.000000 179.999985 154.828247 0.000001 0.000014 -20.595070 180.000000 179.999985 165.583450 0.000001 0.000000 -0.000003 0.000052 -0.000041 -35.300724 180.000000 -179.999924 144.699295 179.999985 -179.999954 156.489700 0.000001 0.000000 -0.000003 10.000011 -0.000017 -33.296158 0.000000 -0.000012 -33.296120 0.000005 -0.000006 -22.175236 0.000001 0.000000 -0.000003 20.000008 -0.000007 -26.642870 179.999985 -179.999985 140.035690 179.999985 -179.999985 153.383789
-82.859978 136.158783 13.578022 79.874802 179.249680 176.032928 6.454407 -51.670891 12.333827 135.103500 113.725578 140.074554 0.738640 -21.667242 -2.031392 12.557324 -0.953042 3.829772 0.357481 15.641541 -0.881327 179.777100 -170.451187 179.520050 179.938568 173.844833 -178.484360 179.752838 173.962540 -178.616486 178.584076 175.574432 -178.321625 179.999985 -179.526093 179.569321 179.999969 -179.447113 179.553940 175.111649 -179.571243 179.774170 7.147210 0.691733 -0.703180 8.715280 -3.072865 80.027092 172.783188 -173.502609 176.930176 176.532181 179.854446 -179.210571 50.254963 39.142467 12.214336 179.999969 179.999924 -169.964432 179.999969 179.999954 -173.316330 0.000002 -0.000003 -0.000000 14.999961 0.000088 31.199358 179.999939 179.999939 -154.473251 179.999954 179.999985 -162.131271 0.000002 -0.000003 -0.000000 179.999954 179.999878 -142.647690 179.999893 179.999954 -142.647705 179.999924 -179.999985 -155.123367 0.000002 -0.000003 -0.000000 169.999985 179.999985 -146.131516 179.999985 179.999985 -146.131485 179.999985 -180.000000 -157.443573 0.000002 -0.000003 -0.000000 159.999939 179.999878 -158.327835 179.999847 179.999847 -147.491730 179.999863 179.999985 -158.349487 173.990265 -179.099426 179.282501 161.524323 -149.135452 118.883842 148.678818 -175.267609 -179.901382 7.903722 -1.944545 -3.315869 121.221626 125.913811 161.075684 0.000039 -0.000024 -5.384180 0.000028 -0.000020 -3.585864 0.000000 -0.000000 0.000000 164.999969 179.999954 154.830139 0.000002 0.000049 -20.593523 0.000024 0.000027 -14.415467 0.000000 -0.000000 0.000000 0.000015 -0.000053 -35.251335 179.999985 -179.999939 144.748672 179.999985 -179.999985 156.522629 0.000000 -0.000000 0.000000 10.000010 -0.000023 -33.289001 179.999985 -179.999985 146.711029 180.000000 -179.999985 157.829529 0.000000 -0.000000 0.000000 20.000008 -0.000023 -26.633310 179.999985 -179.999954 140.050049 179.999985 -179.999985 153.393311
-83.429199 136.389954 13.483521 79.818008 179.300552 175.859100 6.328338 -50.995491 12.732016 136.470047 113.679535 141.148178 0.155242 -21.866095 -1.711946 12.460978 -0.620397 4.045244 0.659264 15.470215 -0.750472 179.585892 -171.396179 179.430634 179.960281 173.804688 -178.340286 179.768982 173.923065 -178.502579 178.636887 175.546188 -178.166687 179.999969 -179.536423 179.564255 179.999969 -179.459183 179.548676 175.101761 -179.579819 179.770401 7.192263 0.717936 -0.730739 9.031953 -3.272597 79.841904 172.872391 -173.368652 177.031433 176.570465 179.846008 -179.282166 50.176544 39.197655 12.107972 179.999969 179.999954 -169.995529 179.999985 179.999985 -173.337021 0.000003 0.000002 -0.000002 14.999990 0.000070 31.164904 179.999954 179.999954 -154.501465 179.999954 179.999985 -162.151016 0.000003 0.000002 -0.000002 179.999969 179.999908 -142.687393 179.999908 179.999924 -142.687393 179.999954 -179.999985 -155.149811 0.000003 0.000002 -0.000002 169.999985 179.999924 -146.130035 179.999939 179.999939 -146.130035 179.999954 180.000000 -157.442612 0.000003 0.000002 -0.000002 159.999954 179.999863 -158.368958 179.999847 179.999832 -147.553436 179.999863 179.999954 -158.390564 173.931320 -179.148331 179.288544 161.451111 -149.309143 118.863609 148.696518 -175.108749 -179.735474 7.865473 -1.997643 -3.254993 120.991173 125.850113 160.859207 0.000019 -0.000032 -5.356423 0.000004 -0.000024 -3.567377 0.000000 -0.000003 0.000000 165.000000 179.999954 154.802673 0.000013 0.000041 -20.615997 0.000017 0.000026 -14.431192 0.000000 -0.000003 0.000000 0.000011 -0.000047 -35.227108 179.999985 -179.999954 144.772888 179.999985 -179.999985 156.538742 0.000000 -0.000003 0.000000 10.000012 -0.000027 -33.280193 179.999985 -179.999985 146.719849 0.000004 -0.000001 -22.164608 0.000000 -0.000003 0.000000 20.000002 -0.000021 -26.616755 179.999985 -179.999985 140.074875 179.999985 -179.999985 153.409866
-83.987709 136.664200 13.419785 79.788574 179.350281 175.689270 5.792667 -50.247406 13.296299 137.400787 113.909531 141.763260 0.131775 -22.090651 -1.548541 12.546736 -0.356286 4.259766 0.721210 15.359901 -0.635661 179.389740 -172.465698 179.356308 179.989594 173.763672 -178.202057 179.780243 173.882645 -178.380981 178.665131 175.516571 -178.003998 179.999969 -179.554520 179.559677 179.999939 -179.480270 179.543961 175.099594 -179.595093 179.766327 7.234338 0.731024 -0.769198 9.354055 -3.489354 79.662582 172.971695 -173.236053 177.128113 176.596252 179.890900 -179.402603 50.020760 39.243484 11.914131 179.999985 179.999969 -170.029861 179.999985 179.999985 -173.359894 0.000000 -0.000000 0.000000 14.999978 0.000070 31.136049 179.999969 179.999969 -154.525040 179.999969 179.999985 -162.167526 0.000000 -0.000000 0.000000 179.999985 179.999954 -142.726807 179.999954 179.999969 -142.726822 179.999969 179.999985 -155.176056 0.000000 -0.000000 0.000000 170.000000 179.999969 -146.173691 179.999985 179.999985 -146.173691 179.999985 179.999985 -157.471695 0.000000 -0.000000 0.000000 159.999985 179.999908 -158.428619 179.999908 179.999863 -147.642899 179.999908 179.999954 -158.450180 173.874268 -179.196152 179.288406 161.470932 -149.503723 118.790993 148.755692 -174.960342 -179.606323 7.824782 -2.040794 -3.180606 120.874374 125.809608 160.764877 0.000005 -0.000024 -5.333140 0.000001 -0.000017 -3.551874 0.000003 -0.000003 -0.000003 165.000000 179.999985 154.775177 0.000003 0.000021 -20.638487 0.000003 0.000004 -14.446943 0.000003 -0.000003 -0.000003 0.000005 -0.000099 -35.207977 179.999969 -179.999924 144.792038 179.999939 -179.999985 156.551498 0.000003 -0.000003 -0.000003 9.999994 -0.000047 -33.270420 179.999985 -179.999985 146.729599 179.999985 -179.999985 157.841904 0.000003 -0.000003 -0.000003 20.000006 -0.000023 -26.608664 179.999985 -179.999985 140.087036 179.999985 -179.999985 153.417969
-84.545174 136.955368 13.336083 79.786705 179.394455 175.543930 5.096042 -49.443222 13.984985 137.445923 114.556671 141.610168 0.716213 -22.308645 -1.568244 12.849180 -0.171289 4.461197 0.603366 15.327316 -0.526148 179.092453 -173.643646 179.295044 0.023487 6.275224 1.916846 179.786560 173.844193 -178.256927 178.669586 175.487534 -177.840515 179.999969 -179.580505 179.556854 179.999985 -179.510590 179.541016 175.102615 -179.617264 179.762680 7.270547 0.724283 -0.823579 9.590999 -3.723473 79.531334 173.089706 -173.165787 177.192535 176.616104 179.933487 -179.590942 49.807682 39.250984 11.631426 179.999985 179.999985 -170.069656 179.999985 179.999985 -173.386398 0.000000 -0.000003 -0.000002 14.999993 0.000063 31.102797 179.999985 179.999969 -154.552277 179.999985 179.999985 -162.186584 0.000000 -0.000003 -0.000002 180.000000 179.999954 -142.756699 179.999969 179.999969 -142.756699 179.999985 180.000000 -155.195969 0.000000 -0.000003 -0.000002 170.000000 179.999985 -146.184555 179.999985 179.999985 -146.184555 180.000000 180.000000 -157.478897 0.000000 -0.000003 -0.000002 160.000000 179.999893 -158.474274 179.999939 179.999863 -147.711426 179.999924 179.999954 -158.495789 173.824814 -179.245621 179.289307 161.591843 -149.718048 118.653511 148.841415 -174.859177 -179.545227 7.783127 -2.089168 -3.077050 120.907410 125.793968 160.824814 0.000003 0.000010 -5.318307 180.000000 179.999985 176.458008 0.000000 0.000000 -0.000002 165.000015 -179.999969 154.757019 179.999985 -179.999969 159.346695 179.999985 -179.999985 165.542648 0.000000 0.000000 -0.000002 0.000002 -0.000136 -35.174953 179.999924 -179.999878 144.825043 179.999924 -179.999969 156.573486 0.000000 0.000000 -0.000002 10.000002 -0.000056 -33.259476 179.999969 -179.999954 146.740524 179.999969 -179.999985 157.849213 0.000000 0.000000 -0.000002 20.000010 -0.000018 -26.604822 179.999985 -179.999969 140.092773 179.999985 -179.999985 153.421783
-85.121307 137.267487 13.325813 79.819092 179.435715 175.437210 4.128422 -48.549313 14.719749 139.801865 114.613228 143.065659 0.204165 -22.494627 -1.229088 13.262295 -0.050765 4.624157 0.410316 15.385138 -0.413119 178.696976 -174.915939 179.242081 0.054264 6.311941 2.004153 179.788010 173.807816 -178.134720 178.651199 175.459076 -177.681747 179.999985 -179.616013 179.560608 179.999969 -179.552017 179.544922 175.111908 -179.647949 179.762283 7.303499 0.698907 -0.883735 9.929106 -3.954968 79.389297 173.200394 -172.976883 177.287109 176.644547 179.994339 -179.826248 49.576252 39.253922 11.341820 179.999985 179.999985 -170.103027 179.999985 179.999985 -173.408630 0.000003 0.000000 -0.000002 14.999990 0.000051 31.072149 179.999985 179.999985 -154.577332 179.999985 179.999985 -162.204132 0.000003 0.000000 -0.000002 180.000000 179.999969 -142.779099 179.999985 179.999969 -142.779083 179.999985 179.999985 -155.210876 0.000003 0.000000 -0.000002 170.000015 179.999985 -146.198868 180.000000 179.999985 -146.198853 179.999985 179.999985 -157.488449 0.000003 0.000000 -0.000002 160.000015 179.999893 -158.521072 179.999939 179.999847 -147.781586 179.999924 179.999954 -158.542557 173.785187 -179.298615 179.298019 161.863342 -149.947891 118.429344 148.944656 -174.821259 -179.552567 7.735714 -2.118852 -2.972951 121.066414 125.806541 160.999008 180.000000 179.999985 174.680466 0.000006 0.000022 -3.542817 0.000000 -0.000000 0.000000 165.000015 -179.999924 154.768387 179.999985 -179.999954 159.355957 179.999985 -179.999969 165.549164 0.000000 -0.000000 0.000000 0.000002 -0.000171 -35.120327 179.999908 -179.999863 144.879684 179.999893 -179.999969 156.609879 0.000000 -0.000000 0.000000 9.999972 -0.000417 -33.288284 179.999741 -179.999649 146.711700 179.999741 -179.999908 157.829987 0.000000 -0.000000 0.000000 19.999992 -0.000063 -26.597111 179.999969 -179.999939 140.104340 179.999954 -179.999985 153.429474
-85.646858 137.773880 13.223180 79.929497 179.474976 175.430695 4.077109 -47.632961 15.101485 141.461472 115.097939 144.183823 179.502365 -157.419571 179.202118 13.462539 0.145981 4.745216 0.387034 15.586502 -0.307663 178.239471 -176.119766 179.142319 0.031763 6.348523 2.003298 179.784546 173.771805 -178.016052 178.610458 175.429626 -177.529984 179.999969 -179.661270 179.573380 179.999969 -179.604797 179.558136 175.130203 -179.687485 179.766617 7.337348 0.657855 -0.946902 10.219543 -4.200006 79.277733 173.323151 -172.792221 177.369141 176.693314 -179.961685 179.880951 49.331375 39.259007 11.066688 179.999985 179.999985 -170.123703 179.999985 179.999985 -173.422379 0.000002 -0.000003 -0.000000 14.999987 0.000023 31.046158 179.999985 179.999985 -154.598602 179.999985 179.999985 -162.219009 0.000002 -0.000003 -0.000000 180.000000 179.999985 -142.805786 179.999985 179.999985 -142.805786 179.999985 179.999985 -155.228653 0.000002 -0.000003 -0.000000 170.000000 -179.999985 -146.209488 0.000012 -0.000007 33.790497 0.000017 -0.000003 22.504482 0.000002 -0.000003 -0.000000 160.000015 179.999908 -158.576981 179.999969 179.999863 -147.865479 179.999924 179.999939 -158.598389 173.755905 -179.347931 179.306046 162.294571 -150.198898 118.114883 149.056168 -174.865341 -179.636093 7.682545 -2.129609 -2.871839 121.281944 125.831223 161.214233 180.000000 179.999969 174.667130 0.000006 0.000028 -3.551695 0.000000 -0.000000 0.000000 165.000015 -179.999924 154.803223 179.999985 -179.999939 159.384460 179.999985 -179.999969 165.569107 0.000000 -0.000000 0.000000 179.999985 -179.999832 144.958588 179.999893 -179.999863 144.958588 179.999893 -179.999969 156.662415 0.000000 -0.000000 0.000000 9.999988 -0.000117 -33.048717 179.999954 -179.999924 146.951294 179.999924 -179.999985 157.989563 0.000000 -0.000000 0.000000 19.999979 -0.000087 -26.573467 179.999939 -179.999908 140.139786 179.999939 -179.999985 153.453094
-86.185745 138.254623 13.023545 80.080292 179.515594 175.442337 4.208709 -46.673985 15.330013 141.917953 116.023643 144.626984 179.513229 -157.346405 179.296967 13.434338 0.291923 4.863966 0.635737 15.899659 -0.210710 177.687195 -177.385162 179.043304 0.003423 6.385541 2.001465 179.776291 173.735291 -177.902222 178.547623 175.398392 -177.386978 179.999985 -179.712875 179.592484 179.999985 -179.665039 179.577927 175.153046 -179.732803 179.774323 7.374454 0.602917 -1.016139 10.569155 -4.448143 79.161430 173.454605 -172.548157 177.469498 176.725067 -179.884140 179.558441 49.098888 39.305836 10.811357 179.999985 179.999985 -170.153015 180.000000 179.999985 -173.441910 180.000000 -179.999985 180.000000 15.000008 0.000013 31.021442 0.000006 -0.000002 25.381178 179.999985 179.999985 -162.233185 180.000000 -179.999985 180.000000 0.000000 -0.000036 37.172985 0.000022 -0.000031 37.172985 0.000023 -0.000005 24.757212 180.000000 -179.999985 180.000000 170.000000 -179.999985 -146.200272 0.000017 -0.000025 33.799725 0.000019 -0.000007 22.510618 180.000000 -179.999985 180.000000 160.000000 179.999939 -158.645004 179.999969 179.999893 -147.967545 179.999954 179.999954 -158.666367 173.739120 -179.387848 179.309570 162.723663 -150.489212 117.754944 149.213135 -174.905289 -179.705841 7.623312 -2.127923 -2.768806 121.481323 125.848663 161.388901 0.000005 0.000031 -5.356404 0.000006 0.000019 -3.567364 0.000000 -0.000000 0.000000 165.000000 -179.999924 154.847977 179.999985 -179.999969 159.421082 179.999985 -179.999969 165.594772 0.000000 -0.000000 0.000000 179.999985 -179.999847 145.054855 179.999908 -179.999878 145.054840 179.999908 -179.999969 156.726532 0.000000 -0.000000 0.000000 9.999984 -0.000100 -32.988949 179.999954 -179.999939 147.011032 179.999954 -179.999985 158.029343 0.000000 -0.000000 0.000000 19.999996 -0.000084 -26.530830 179.999939 -179.999893 140.203781 179.999939 -179.999985 153.495712
-86.716057 138.729950 12.959465 80.259529 179.555588 175.469696 3.536588 -45.607502 15.607710 144.695816 116.288940 146.739868 178.919556 -157.257278 179.448776 13.333595 0.354439 4.979008 0.997333 16.351418 -0.123996 177.027191 -178.702072 178.960480 179.981232 173.577789 -177.996796 179.763412 173.699036 -177.795227 178.464188 175.365784 -177.255157 179.999985 -179.767853 179.616074 179.999985 -179.729141 179.602371 175.176254 -179.781250 179.784531 7.416335 0.538037 -1.088306 10.919099 -4.706850 79.053040 173.606812 -172.320847 177.564270 176.738007 -179.776596 179.213638 48.864700 39.377220 10.584255 179.999985 179.999985 -170.174835 0.000002 -0.000001 6.543558 180.000000 180.000000 -180.000000 14.999997 0.000002 31.008257 0.000004 0.000003 25.370392 179.999985 179.999985 -162.240723 180.000000 180.000000 -180.000000 180.000000 -179.999969 -142.798401 0.000025 -0.000032 37.201580 0.000027 -0.000006 24.776264 180.000000 180.000000 -180.000000 170.000000 -179.999985 -146.176239 180.000000 179.999985 -146.176224 0.000003 -0.000001 22.526632 180.000000 180.000000 -180.000000 160.000015 179.999954 -158.713974 179.999985 179.999939 -148.070969 179.999985 179.999969 -158.735245 173.735016 -179.417145 179.310089 163.074326 -150.818497 117.372910 149.437469 -174.893204 -179.718903 7.580984 -2.112463 -2.669267 121.635345 125.855591 161.505615 180.000000 179.999985 174.617523 0.000010 0.000014 -3.584725 0.000000 0.000000 -0.000002 165.000015 -179.999954 154.900162 179.999985 -179.999985 159.463791 179.999985 -179.999985 165.624649 0.000000 0.000000 -0.000002 179.999985 -179.999893 145.164749 179.999939 -179.999908 145.164734 179.999924 -179.999985 156.799728 0.000000 0.000000 -0.000002 9.999983 -0.000081 -32.926792 179.999969 -179.999939 147.073196 179.999954 -179.999985 158.070740 0.000000 0.000000 -0.000002 19.999958 -0.000227 -26.495499 179.999817 -179.999725 140.256729 179.999786 -179.999939 153.530991
-87.247047 139.230087 12.901478 80.475471 179.591736 175.517181 3.232769 -44.550465 15.757060 146.905914 116.797508 148.510834 178.361450 -157.207932 179.573395 13.157980 0.322843 5.089748 1.403506 16.955454 -0.051882 176.378845 179.940445 178.868866 179.954269 173.542084 -177.994949 179.746323 173.663696 -177.696579 178.362732 175.332245 -177.136429 179.999985 -179.824692 179.643936 179.999985 -179.795486 179.631226 175.199295 -179.831497 179.797195 7.463597 0.467457 -1.159260 11.345260 -4.975023 78.930359 173.766830 -172.043518 177.673050 176.738617 -179.623871 178.863586 48.652294 39.475315 10.392097 180.000000 -180.000000 -170.197525 180.000000 -179.999985 -173.471558 180.000000 -179.999985 180.000000 14.999993 -0.000006 30.998861 180.000000 179.999985 -154.637299 0.000000 0.000002 17.753902 180.000000 -179.999985 180.000000 0.000005 -0.000018 37.259514 0.000010 -0.000012 37.259541 0.000011 0.000001 24.814848 180.000000 -179.999985 180.000000 170.000000 -179.999985 -146.164520 180.000000 179.999985 -146.164536 0.000013 -0.000003 22.534435 180.000000 -179.999985 180.000000 160.000015 179.999985 -158.787750 179.999985 179.999969 -148.181610 179.999985 179.999969 -158.808960 173.742996 -179.436066 179.310364 163.362656 -151.176727 116.970459 149.720474 -174.843948 -179.703262 7.585670 -2.093634 -2.568717 121.729378 125.852600 161.548386 180.000000 -179.999985 174.588638 0.000003 0.000000 -3.603961 0.000000 -0.000000 0.000000 165.000015 -179.999985 154.944717 179.999985 -179.999985 159.500214 180.000000 -180.000000 165.650162 0.000000 -0.000000 0.000000 180.000000 -179.999954 145.270340 179.999985 -179.999954 145.270340 179.999969 -179.999985 156.870056 0.000000 -0.000000 0.000000 9.999998 -0.000032 -32.852177 179.999985 -179.999985 147.147812 179.999985 -179.999985 158.120468 0.000000 -0.000000 0.000000 20.000002 -0.000019 -26.269697 179.999985 -179.999969 140.595490 179.999985 -179.999985 153.756561
-87.775177 139.743073 12.870425 80.700302 179.627151 175.559280 2.881859 -43.459454 15.905697 149.357315 117.319565 150.416901 177.688553 -157.193298 179.742722 13.105702 0.287573 5.193880 1.699963 17.546324 0.042506 175.673203 178.520142 178.780121 179.926300 173.506409 -177.988968 179.728195 173.628571 -177.596527 178.255753 175.298615 -177.016418 179.999924 -179.883087 179.673813 179.999908 -179.863617 179.662155 175.222565 -179.883316 179.810959 7.506906 0.392892 -1.234068 11.866770 -5.229750 78.788155 173.914368 -171.616806 177.823349 176.742935 -179.497971 178.479324 48.430519 39.599785 10.211185 179.999985 179.999985 -170.217743 179.999985 179.999985 -173.485001 180.000000 179.999985 -180.000000 14.999978 0.000074 31.001108 179.999969 179.999969 -154.635422 179.999985 179.999985 -162.244812 180.000000 179.999985 -180.000000 0.000088 -0.000619 37.293186 0.000434 -0.000444 37.293179 0.000414 -0.000058 24.837267 180.000000 179.999985 -180.000000 170.000031 -179.999664 -146.166779 0.000224 -0.000261 33.833221 0.000204 -0.000058 22.532917 180.000000 179.999985 -180.000000 159.999893 179.997742 -158.793442 179.998566 179.996887 -148.190155 179.998123 179.998718 -158.814621 173.752670 -179.453217 179.310196 163.979507 -151.520279 116.459999 149.938416 -174.981323 -179.864197 7.594332 -2.069232 -2.471071 121.742409 125.810844 161.546829 179.999985 -179.999939 174.588120 179.999985 -179.999969 176.395691 0.000000 -0.000000 0.000000 165.000000 179.999985 154.986130 0.000005 0.000011 -20.465899 180.000000 179.999985 165.673874 0.000000 -0.000000 0.000000 179.999908 -179.999222 145.492630 179.999496 -179.999435 145.492584 179.999512 -179.999878 157.018082 0.000000 -0.000000 0.000000 9.999906 -0.000721 -32.771076 179.999542 -179.999451 147.228928 179.999557 -179.999863 158.174484 0.000000 -0.000000 0.000000 19.999924 -0.000537 -26.201710 179.999542 -179.999329 140.697403 179.999481 -179.999847 153.824509
-88.275246 140.273102 12.820061 80.989967 179.651413 175.659927 2.845922 -42.431751 15.816767 150.892014 118.109695 151.714401 177.317551 -157.248810 179.834686 13.218490 -0.008002 5.288099 1.816534 18.469234 0.082970 174.962112 177.105499 178.749237 179.889084 173.473907 -177.991730 179.702850 173.596191 -177.519913 178.119736 175.263901 -176.930649 179.999939 -179.940521 179.709000 179.999924 -179.930618 179.698624 175.245239 -179.934402 179.828125 7.560064 0.318077 -1.295738 12.157050 -5.569515 78.726067 174.118088 -171.572998 177.844727 176.720322 -179.199646 178.187210 48.229755 39.749561 10.070347 0.000045 -0.000058 9.765010 0.000032 -0.000037 6.503492 180.000000 180.000000 179.999985 15.000073 -0.000222 30.968737 0.000152 -0.000136 25.338037 0.000132 -0.000040 17.736614 180.000000 180.000000 179.999985 0.000193 -0.000687 37.343464 0.000572 -0.000440 37.343498 0.000484 0.000007 24.870773 180.000000 180.000000 179.999985 170.000137 -179.999390 -146.160690 0.000463 -0.000425 33.839275 0.000407 -0.000057 22.536976 180.000000 180.000000 179.999985 159.999893 179.999344 -159.143585 179.999466 179.999161 -148.715408 179.999405 179.999710 -159.164429 173.781891 -179.451996 179.317841 164.589325 -151.907364 115.918747 150.202667 -175.096634 179.947113 7.636043 -2.003995 -2.386787 121.713722 125.802261 161.512039 179.999969 -179.999878 174.587784 179.999969 -179.999924 176.395462 180.000000 180.000000 -180.000000 165.000015 179.999786 154.996277 0.000080 0.000136 -20.457594 0.000087 0.000076 -14.320305 180.000000 180.000000 -180.000000 179.999954 -179.999512 145.552139 179.999680 -179.999634 145.552109 179.999710 -179.999924 157.057724 180.000000 180.000000 -180.000000 9.999958 -0.000264 -32.704632 179.999832 -179.999786 147.295380 179.999847 -179.999954 158.218704 180.000000 180.000000 -180.000000 19.999924 -0.000431 -26.165098 179.999634 -179.999451 140.752304 179.999588 -179.999863 153.861038
-88.768677 140.800827 12.748568 81.302551 179.671295 175.790192 3.024495 -41.454975 15.608140 151.802917 119.017128 152.608017 177.113800 -157.308609 179.869614 13.539251 -0.451364 5.380588 1.658157 19.593723 0.092926 174.269608 175.783951 178.750473 179.848267 173.443344 -178.000488 179.674774 173.565643 -177.455978 177.973129 175.229370 -176.862961 179.999985 -179.996887 179.746063 179.999954 -179.996384 179.737000 175.271759 -179.984680 179.846573 7.639685 0.248232 -1.343172 12.536262 -5.925853 78.628418 174.275848 -171.198883 177.958099 176.784943 -179.390747 177.758713 47.918262 39.657619 9.770744 179.999985 179.999985 -170.211029 179.999985 179.999969 -173.480560 0.000003 0.000003 0.000000 15.000031 -0.000144 30.996447 0.000089 -0.000088 25.360712 0.000081 -0.000032 17.752480 0.000003 0.000003 0.000000 0.000072 -0.000419 37.431946 0.000315 -0.000294 37.431953 0.000281 -0.000027 24.929678 0.000003 0.000003 0.000000 170.000092 -179.999466 -146.095825 0.000339 -0.000375 33.904190 0.000345 -0.000086 22.580196 0.000003 0.000003 0.000000 159.999908 179.999313 -159.198593 179.999496 179.999054 -148.797897 179.999405 179.999634 -159.219391 173.826141 -179.443176 179.329483 165.254089 -152.308304 115.351074 150.464310 -175.254700 179.704193 7.705533 -1.921603 -2.306053 120.753868 125.770638 161.146149 0.002821 0.006553 -5.071661 0.002276 0.004162 -3.377724 0.000000 -0.000003 0.000000 165.000046 179.999573 154.996490 0.000178 0.000320 -20.457415 0.000201 0.000153 -14.320203 0.000000 -0.000003 0.000000 179.999985 -179.999680 145.590790 179.999817 -179.999771 145.590775 179.999802 -179.999954 157.083496 0.000000 -0.000003 0.000000 9.999956 -0.000448 -32.699413 179.999710 -179.999634 147.300598 179.999710 -179.999908 158.222214 0.000000 -0.000003 0.000000 19.999987 -0.000204 -26.126038 179.999832 -179.999741 140.810928 179.999817 -179.999939 153.900070
-89.229980 141.319214 12.706502 81.621346 179.687759 175.938889 2.882529 -40.457840 15.347964 152.724991 119.906784 153.542297 177.256638 -157.352142 179.725388 13.646590 -1.014507 5.488660 1.657249 21.015774 0.058972 173.560028 174.671677 178.817398 179.810623 173.414215 -178.011292 179.647415 173.536438 -177.402344 177.832062 175.195953 -176.808456 179.999969 179.948792 179.783676 179.999985 179.940247 179.775955 175.294479 179.966843 179.865524 7.731988 0.178498 -1.382378 12.656941 -6.341917 78.596809 174.494415 -171.296326 177.931824 176.774490 -179.151123 177.510330 47.815941 39.760593 9.723461 179.999985 179.999939 -170.215317 179.999985 179.999969 -173.483398 0.000000 0.000000 -0.000002 15.000079 -0.000298 30.998594 0.000167 -0.000178 25.362486 0.000160 -0.000057 17.753756 0.000000 0.000000 -0.000002 0.000098 -0.000397 37.477432 0.000310 -0.000244 37.477448 0.000265 -0.000004 24.959991 0.000000 0.000000 -0.000002 170.000168 -179.999283 -146.059982 0.000551 -0.000500 33.940025 0.000503 -0.000080 22.604073 0.000000 0.000000 -0.000002 159.999969 179.999802 -159.314728 179.999832 179.999741 -148.972061 179.999817 179.999908 -159.335388 173.879044 -179.426178 179.342621 165.848923 -152.730820 114.797928 150.755875 -175.404510 179.464523 7.798195 -1.842824 -2.221908 122.708855 125.849899 161.895584 179.999969 -179.999939 174.236008 179.999985 -179.999969 176.161179 180.000000 180.000000 -180.000000 165.000046 179.999496 154.973587 0.000201 0.000349 -20.476154 0.000220 0.000169 -14.333318 180.000000 180.000000 -180.000000 179.999985 -179.999741 145.615082 179.999847 -179.999832 145.615067 179.999847 -179.999954 157.099655 180.000000 180.000000 -180.000000 9.999991 -0.000095 -32.647274 179.999954 -179.999939 147.352737 179.999954 -179.999985 158.256912 180.000000 180.000000 -180.000000 19.999981 -0.000067 -26.104465 179.999954 -179.999908 140.843307 179.999954 -179.999985 153.921646
-89.663193 141.827209 12.684801 81.942825 179.701935 176.102585 2.736474 -39.473038 15.036429 153.624054 120.799446 154.499710 177.433182 -157.402740 179.531494 13.673018 -1.719558 5.613652 1.715465 22.731487 -0.016219 173.004013 173.655136 178.884674 179.776733 173.385468 -178.022751 179.624252 173.507690 -177.357391 177.712036 175.164505 -176.763138 180.000000 179.897873 179.820648 179.999985 179.880875 179.814255 175.297058 179.921310 179.884338 7.811069 0.105582 -1.421525 12.884974 -6.766669 78.530212 174.755844 -171.301178 177.938980 176.711990 -178.981873 177.260559 47.785469 39.791332 9.696115 179.999985 179.999954 -170.223175 179.999985 179.999985 -173.488632 0.000000 -0.000000 0.000000 15.000147 -0.000484 31.017696 0.000298 -0.000277 25.378141 0.000276 -0.000092 17.764673 0.000000 -0.000000 0.000000 0.000120 -0.000427 37.518753 0.000345 -0.000249 37.518753 0.000285 0.000009 24.987490 0.000000 -0.000000 0.000000 170.000259 -179.999069 -145.996597 0.000719 -0.000604 34.003376 0.000631 -0.000069 22.646255 0.000000 -0.000000 0.000000 160.000000 179.999985 -159.352921 179.999985 179.999969 -149.029343 179.999985 179.999985 -159.373566 173.926971 -179.400116 179.355560 166.405029 -153.171860 114.250008 151.075119 -175.558777 179.227280 7.893018 -1.728225 -2.165368 122.798042 125.950562 162.041245 179.999969 -179.999939 174.243378 179.999985 -179.999969 176.166092 0.000002 0.000000 -0.000003 165.000092 179.999313 154.947174 0.000282 0.000474 -20.497759 0.000304 0.000238 -14.348441 0.000002 0.000000 -0.000003 0.000006 0.000039 -34.352818 0.000035 0.000025 -34.352840 0.000005 0.000008 -22.878965 0.000002 0.000000 -0.000003 10.000024 0.000196 -32.626633 0.000115 0.000153 -32.626598 0.000122 0.000037 -21.729345 0.000002 0.000000 -0.000003 20.000011 0.000244 -26.081894 0.000193 0.000322 -39.122868 0.000221 0.000073 -26.055843
-90.073814 142.327713 12.686384 82.261108 179.715652 176.278961 2.552258 -38.507481 14.707791 154.766327 121.630585 155.622574 177.473129 -157.472122 179.353256 13.661636 -2.578311 5.758495 1.821727 24.713406 -0.133137 172.665558 172.602692 178.915680 179.747330 173.357162 -178.036133 179.605499 173.479401 -177.321075 177.614624 175.135239 -176.726822 179.999985 179.850571 179.857635 179.999985 179.825638 179.852570 175.282318 179.878922 179.903351 7.881758 0.034683 -1.458234 13.200539 -7.194740 78.429764 175.053192 -171.175034 177.986053 176.634842 -178.901443 177.008850 47.817398 39.793301 9.690851 0.000024 -0.000064 9.758592 0.000026 -0.000031 6.499212 0.000002 -0.000000 0.000000 15.000181 -0.000612 31.063898 0.000390 -0.000349 25.415932 0.000353 -0.000105 17.791155 0.000002 -0.000000 0.000000 0.000144 -0.000451 37.564980 0.000390 -0.000275 37.564953 0.000328 0.000011 25.018282 0.000002 -0.000000 0.000000 170.000320 -179.998993 -145.895172 0.000813 -0.000644 34.104839 0.000710 -0.000056 22.713821 0.000002 -0.000000 0.000000 160.000015 -179.999954 -159.361099 0.000053 -0.000078 30.958359 0.000051 -0.000027 20.618267 173.971024 -179.365128 179.359436 166.886108 -153.638123 113.728790 151.418488 -175.725235 178.992310 8.020906 -1.685138 -2.071864 122.794876 126.083557 162.097061 179.999969 -179.999939 174.249466 179.999969 -179.999954 176.170151 0.000000 -0.000000 0.000000 165.000046 179.999405 154.892105 0.000248 0.000430 -20.542805 0.000268 0.000223 -14.379970 0.000000 -0.000000 0.000000 0.000002 0.000076 -34.353218 0.000043 0.000056 -34.353230 0.000053 0.000014 -22.879248 0.000000 -0.000000 0.000000 10.000013 0.000242 -32.638149 0.000150 0.000193 -32.638149 0.000152 0.000057 -21.737015 0.000000 -0.000000 0.000000 20.000008 0.000221 -26.102207 0.000164 0.000282 -39.153328 0.000198 0.000069 -26.076122
-90.462944 142.826080 12.703445 82.572319 179.730835 176.465408 2.287423 -37.560066 14.372116 156.122864 122.412346 156.861877 177.423279 -157.564575 179.190491 13.442070 -3.565517 5.922435 2.155028 26.956202 -0.277444 172.534744 171.590439 178.918747 179.721252 173.328903 -178.052505 179.590775 173.451218 -177.293747 177.537796 175.107971 -176.700043 0.000019 0.193064 -0.104485 179.999985 179.774750 179.891800 175.256851 179.839600 179.923126 7.953146 -0.028676 -1.489132 13.597984 -7.641063 78.288818 175.354904 -170.961777 178.060593 176.606750 -178.878006 176.770584 47.076508 39.628040 9.185013 179.998932 179.997070 -170.096329 179.998962 179.998215 -173.404160 0.000002 -0.000002 -0.000000 15.000181 -0.000548 31.142508 0.000362 -0.000306 25.480223 0.000315 -0.000088 17.836170 0.000002 -0.000002 -0.000000 0.000088 -0.000272 37.633915 0.000242 -0.000158 37.633915 0.000192 0.000012 25.064169 0.000002 -0.000002 -0.000000 170.000259 -179.999191 -145.760376 0.000697 -0.000520 34.239620 0.000576 -0.000029 22.803572 0.000002 -0.000002 -0.000000 160.000046 -179.999893 -159.358551 0.000093 -0.000118 30.962196 0.000107 -0.000040 20.620832 174.018570 -179.322189 179.350494 167.305344 -154.123062 113.237999 151.792786 -175.904602 178.759964 8.143043 -1.609792 -2.003877 122.800507 126.259735 162.198685 179.999985 -179.999985 174.265854 180.000000 -179.999985 176.181076 0.000002 -0.000000 0.000002 165.000031 179.999329 154.843048 0.000262 0.000471 -20.582954 0.000289 0.000247 -14.408072 0.000002 -0.000000 0.000002 0.000008 0.000108 -34.357491 0.000070 0.000084 -34.357506 0.000067 0.000031 -22.882069 0.000002 -0.000000 0.000002 10.000023 0.000258 -32.657463 0.000148 0.000212 -32.657417 0.000167 0.000070 -21.749851 0.000002 -0.000000 0.000002 20.000019 0.000188 -26.122377 0.000138 0.000253 -39.183514 0.000169 0.000072 -26.096220
-90.829002 143.310791 12.667158 82.878456 179.749161 176.658554 2.419696 -36.676296 13.980676 156.782486 123.354340 157.664963 177.418610 -157.698227 179.045517 13.185903 -4.658017 6.095163 2.410424 29.408571 -0.446768 172.744019 170.690399 178.834412 179.694885 173.299820 -178.070679 179.580582 173.422333 -177.274536 177.483627 175.082214 -176.681595 0.000013 0.232585 -0.065951 0.000009 0.271360 -0.068307 175.219757 179.803802 179.943497 8.025461 -0.080210 -1.513901 14.016812 -8.141870 78.114815 175.641617 -170.696838 178.157745 176.615067 -178.944504 176.534042 48.783077 39.804546 10.191567 0.000056 -0.000133 9.544153 0.000051 -0.000090 6.356428 0.000000 0.000000 -0.000003 15.000099 -0.000312 31.232624 0.000199 -0.000175 25.553961 0.000186 -0.000048 17.887774 0.000000 0.000000 -0.000003 0.000044 -0.000129 37.680531 0.000107 -0.000068 37.680550 0.000088 0.000002 25.095251 0.000000 0.000000 -0.000003 170.000259 -179.999222 -145.647629 0.000638 -0.000490 34.352360 0.000541 -0.000031 22.878658 0.000000 0.000000 -0.000003 160.000076 -179.999771 -159.355301 0.000231 -0.000298 30.967068 0.000221 -0.000082 20.624060 174.070755 -179.274216 179.337479 167.691498 -154.628616 112.758034 152.176758 -176.124710 178.513367 8.271891 -1.536436 -1.938220 122.850761 126.452400 162.335968 0.000017 0.000027 -5.727068 0.000020 0.000019 -3.814224 0.000000 -0.000000 0.000000 165.000015 179.999390 154.775467 0.000238 0.000446 -20.638266 0.000272 0.000244 -14.446775 0.000000 -0.000000 0.000000 179.999985 179.999954 145.629730 0.000030 0.000041 -34.370277 0.000033 0.000008 -22.890596 0.000000 -0.000000 0.000000 10.000004 0.000234 -32.684994 0.000132 0.000192 -32.684998 0.000146 0.000056 -21.768227 0.000000 -0.000000 0.000000 19.999994 0.000101 -26.146509 0.000065 0.000132 -39.219776 0.000095 0.000044 -26.120371
-91.163284 143.781616 12.588173 83.174797 179.771515 176.855652 2.654942 -35.825127 13.559942 156.661545 124.473412 158.004379 177.850845 -157.862549 178.759811 12.985805 -5.842688 6.273108 2.530087 32.039749 -0.650264 173.152496 169.898590 178.744171 179.672195 173.269775 -178.089783 179.575073 173.392624 -177.262741 177.452774 175.058029 -176.670227 0.000001 0.268218 -0.025663 0.000003 0.312929 -0.026576 175.165741 179.771225 179.965073 8.098226 -0.115680 -1.531451 14.530375 -8.674149 77.882988 175.922363 -170.312180 178.287994 176.630524 -179.031204 176.316696 48.809898 39.767094 10.248099 0.000047 -0.000095 9.570165 0.000041 -0.000057 6.373727 0.000003 0.000002 -0.000003 15.000257 -0.000805 31.237497 0.000522 -0.000462 25.557949 0.000460 -0.000129 17.890554 0.000003 0.000002 -0.000003 0.000050 -0.000138 37.696182 0.000133 -0.000085 37.696190 0.000103 0.000005 25.105661 0.000003 0.000002 -0.000003 170.000198 -179.999435 -145.522186 0.000476 -0.000355 34.477825 0.000403 -0.000024 22.962217 0.000003 0.000002 -0.000003 160.000015 -179.999985 -159.304260 180.000000 179.999985 -148.956406 0.000002 -0.000011 20.675045 174.121582 -179.220413 179.316727 168.094162 -155.174133 112.273750 152.542206 -176.388138 178.259598 8.405998 -1.441691 -1.885108 122.942070 126.643005 162.491669 0.000019 0.000033 -5.732742 0.000013 0.000018 -3.818017 0.000000 -0.000000 0.000002 165.000015 179.999451 154.701782 0.000207 0.000406 -20.698540 0.000219 0.000200 -14.488979 0.000000 -0.000000 0.000002 0.000002 0.000026 -34.378632 0.000013 0.000016 -34.378624 0.000003 0.000002 -22.896158 0.000000 -0.000000 0.000002 10.000003 0.000145 -32.716225 0.000091 0.000139 -32.716209 0.000076 0.000039 -21.788986 0.000000 -0.000000 0.000002 20.000000 0.000016 -26.162916 0.000013 0.000034 -39.244381 0.000007 0.000000 -26.136765
-91.471046 144.235153 12.554868 83.457901 179.797333 177.054932 2.716920 -34.982891 13.194175 157.269867 125.409912 158.743652 177.895309 -158.040558 178.593658 12.211451 -7.089831 6.461541 3.060764 34.868343 -0.823634 173.710709 169.217804 178.679169 179.656754 173.239288 -178.109650 179.574188 173.362564 -177.257568 177.444916 175.035797 -176.665024 0.000005 0.299216 0.012206 0.000015 0.349092 0.012643 175.105621 179.742691 179.985458 8.170013 -0.132772 -1.539416 14.854558 -9.267327 77.668427 176.241455 -170.138184 178.382401 176.635925 -179.114395 176.123566 48.794441 39.797928 10.298713 0.000017 -0.000037 9.594018 0.000020 -0.000018 6.389613 0.000000 -0.000002 -0.000002 15.000023 -0.000055 31.431892 0.000055 -0.000051 25.716990 0.000043 -0.000010 18.001894 0.000000 -0.000002 -0.000002 179.999985 179.999969 -142.265198 179.999985 179.999985 -142.265198 179.999969 -180.000000 -154.868607 0.000000 -0.000002 -0.000002 170.000107 -179.999695 -145.406097 0.000256 -0.000201 34.593884 0.000218 -0.000010 23.039557 0.000000 -0.000002 -0.000002 159.999939 179.999832 -159.290680 179.999847 179.999802 -148.936020 179.999847 179.999939 -159.311371 174.169250 -179.161346 179.287704 168.470505 -155.750595 111.806778 152.917328 -176.668671 178.009460 8.535673 -1.323414 -1.839655 123.059631 126.815628 162.662109 0.000007 0.000002 -5.742108 180.000000 179.999985 176.175751 0.000000 -0.000000 0.000000 165.000015 179.999588 154.620026 0.000144 0.000294 -20.765419 0.000169 0.000163 -14.535802 0.000000 -0.000000 0.000000 180.000000 -179.999939 145.613373 179.999985 -179.999969 145.613358 179.999985 -179.999985 157.098495 0.000000 -0.000000 0.000000 10.000002 0.000017 -32.745476 0.000003 0.000013 -32.745449 0.000006 0.000005 -21.808477 0.000000 -0.000000 0.000000 19.999998 -0.000162 -26.177782 179.999908 -179.999786 140.733322 179.999847 -179.999924 153.848389
-91.762718 144.672806 12.554111 83.725777 179.824982 177.255875 2.523904 -34.139584 12.875305 158.133881 126.273094 159.596054 177.971405 -158.219376 178.390945 12.258488 -8.467390 6.654530 3.238401 37.842525 -1.075414 173.930710 168.649521 178.955002 179.650696 173.209320 -178.130966 179.577728 173.333115 -177.258606 177.459229 175.016052 -176.665482 179.999985 179.675568 -179.955673 0.000018 0.378513 0.045903 175.034134 179.719376 -179.997314 8.238865 -0.131468 -1.535428 15.306036 -9.868523 77.381760 176.573624 -169.890793 178.498016 176.620239 -179.141464 175.962173 48.802578 39.906883 10.394464 179.999985 179.999985 -170.393097 179.999985 179.999985 -173.601807 0.000000 -0.000002 -0.000002 14.999951 0.000199 31.467768 179.999878 179.999863 -154.253632 179.999878 179.999969 -161.977554 0.000000 -0.000002 -0.000002 179.999969 179.999847 -142.263702 179.999878 179.999908 -142.263702 179.999893 -179.999985 -154.867630 0.000000 -0.000002 -0.000002 170.000046 -179.999847 -145.332809 0.000121 -0.000104 34.667187 0.000104 -0.000004 23.088350 0.000000 -0.000002 -0.000002 159.999908 179.999695 -159.312469 179.999710 179.999603 -148.968689 179.999695 179.999863 -159.333160 174.216812 -179.099655 179.256485 168.804504 -156.340790 111.364227 153.352005 -176.958801 177.753799 8.627277 -1.180285 -1.796142 123.182274 126.926323 162.832153 180.000000 179.999985 174.256882 0.000005 0.000009 -3.824909 0.000000 -0.000000 0.000000 165.000000 179.999786 154.544662 0.000077 0.000167 -20.827080 0.000098 0.000095 -14.578955 0.000000 -0.000000 0.000000 0.000003 -0.000178 -34.384083 179.999908 -179.999847 145.615936 179.999908 -179.999969 157.100204 0.000000 -0.000000 0.000000 10.000008 -0.000136 -32.757286 179.999939 -179.999878 147.242706 179.999924 -179.999969 158.183655 0.000000 -0.000000 0.000000 20.000013 -0.000287 -26.160259 179.999832 -179.999603 140.759644 179.999725 -179.999863 153.865921
-92.053131 145.101746 12.562120 83.981003 179.852051 177.457581 2.326187 -33.312794 12.561824 158.922882 127.144371 160.380157 178.075989 -158.408981 178.186188 12.125682 -9.924622 6.867929 3.324563 40.960510 -1.380965 174.195526 168.203918 179.334106 179.651276 173.181168 -178.154236 179.585480 173.305527 -177.265366 177.494461 174.999603 -176.670944 0.000027 0.345733 0.074566 180.000000 179.596634 -179.922760 174.936340 179.699463 -179.981125 8.302917 -0.113607 -1.518049 15.760134 -10.493629 77.056129 176.919510 -169.572433 178.629700 176.623383 -179.202805 175.806290 48.765736 40.095417 10.450606 179.999985 179.999954 -170.400787 179.999985 179.999969 -173.606918 0.000000 -0.000000 0.000000 14.999943 0.000191 31.416258 179.999878 179.999893 -154.295792 179.999908 179.999969 -162.007050 0.000000 -0.000000 0.000000 179.999878 179.999619 -142.281158 179.999710 179.999786 -142.281158 179.999741 -179.999985 -154.879257 0.000000 -0.000000 0.000000 170.000000 -179.999969 -145.286606 0.000046 -0.000037 34.713390 0.000031 -0.000003 23.119120 0.000000 -0.000000 0.000000 159.999878 179.999619 -159.383560 179.999664 179.999542 -149.075333 179.999634 179.999847 -159.404175 174.265442 -179.036392 179.223206 169.086700 -156.945282 110.950935 153.852173 -177.258682 177.492706 8.684688 -1.036745 -1.745574 123.301064 127.004021 162.980408 0.000006 0.000017 -5.746916 0.000008 0.000011 -3.827444 0.000000 -0.000003 0.000000 165.000000 179.999893 154.492676 0.000025 0.000074 -20.869614 0.000037 0.000032 -14.608740 0.000000 -0.000003 0.000000 0.000005 -0.000200 -34.351955 179.999893 -179.999832 145.648041 179.999878 -179.999954 157.121597 0.000000 -0.000003 0.000000 10.000014 -0.000170 -32.734661 179.999908 -179.999847 147.265350 179.999908 -179.999954 158.198730 0.000000 -0.000003 0.000000 20.000021 -0.000288 -26.103661 179.999847 -179.999588 140.844543 179.999741 -179.999847 153.922455
-92.346802 145.523148 12.553784 84.228012 179.876328 177.658356 2.371640 -32.520164 12.226382 159.436508 128.071091 161.001053 178.113068 -158.618912 178.036606 11.790462 -11.453581 7.107649 3.530356 44.211643 -1.704020 174.611359 167.889740 179.690552 179.654526 173.156097 -178.179260 179.596954 173.281052 -177.277039 177.548508 174.987045 -176.680679 179.999985 179.634338 -179.896896 180.000000 179.573410 -179.893204 174.829025 179.680771 -179.966003 8.361276 -0.082761 -1.487649 16.202547 -11.138214 76.696350 177.291489 -169.333511 178.754883 176.639557 -179.244339 175.660782 48.605446 40.277077 10.363210 179.999985 179.999954 -170.418655 179.999985 179.999985 -173.618835 0.000000 -0.000003 -0.000002 14.999951 0.000198 31.360161 179.999878 179.999878 -154.341675 179.999893 179.999969 -162.039169 0.000000 -0.000003 -0.000002 179.999939 179.999756 -142.398956 179.999786 179.999847 -142.398911 179.999847 -179.999985 -154.957672 0.000000 -0.000003 -0.000002 170.000000 179.999985 -145.265366 179.999985 179.999985 -145.265335 179.999985 -180.000000 -156.866730 0.000000 -0.000003 -0.000002 159.999908 179.999649 -159.497711 179.999695 179.999557 -149.246567 179.999680 179.999847 -159.518204 174.316971 -178.972351 179.187546 169.348663 -157.564392 110.557289 154.384766 -177.584305 177.225021 8.706602 -0.881638 -1.696929 123.390511 127.040382 163.077133 0.000015 0.000035 -5.753122 0.000013 0.000021 -3.831580 180.000000 180.000000 180.000000 165.000000 179.999649 154.487549 0.000116 0.000257 -20.873819 0.000137 0.000138 -14.611671 180.000000 180.000000 180.000000 0.000011 -0.000132 -34.295666 179.999939 -179.999878 145.704315 179.999924 -179.999969 157.159088 180.000000 180.000000 180.000000 10.000011 -0.000137 -32.688072 179.999939 -179.999878 147.311920 179.999939 -179.999954 158.229736 180.000000 180.000000 180.000000 20.000021 -0.000228 -26.023691 179.999863 -179.999664 140.964447 179.999802 -179.999878 154.002335
-92.637131 145.937103 12.545553 84.467987 179.896622 177.856522 2.541039 -31.751545 11.881229 159.809616 129.023529 161.542328 178.111115 -158.843658 177.919556 11.384975 -13.046036 7.378385 3.800252 47.570068 -2.051863 175.003708 167.718781 -179.903549 179.660202 173.134995 -178.205475 179.611588 173.260559 -177.292786 177.618576 174.978745 -176.693771 180.000000 179.615433 -179.870605 0.000002 0.448660 0.134020 174.714279 179.663040 -179.952255 8.413918 -0.043364 -1.446389 16.595827 -11.800763 76.314919 177.692200 -169.171341 178.878555 176.650101 -179.240067 175.522797 48.431633 40.473083 10.252047 179.999985 179.999969 -170.445679 179.999985 179.999985 -173.636826 0.000003 -0.000000 0.000000 14.999963 0.000138 31.275324 179.999924 179.999908 -154.411118 179.999924 179.999985 -162.087769 0.000003 -0.000000 0.000000 179.999969 179.999847 -142.508408 179.999863 179.999893 -142.508408 179.999893 -180.000000 -155.030594 0.000003 -0.000000 0.000000 170.000000 179.999985 -145.277725 179.999985 179.999985 -145.277725 179.999985 179.999985 -156.874969 0.000003 -0.000000 0.000000 159.999939 179.999756 -159.651169 179.999786 179.999710 -149.476730 179.999771 179.999908 -159.671509 174.373062 -178.907791 179.149231 169.572754 -158.200668 110.186234 154.928696 -177.953049 176.948135 8.682082 -0.736144 -1.640355 123.495506 127.032814 163.140213 0.000009 0.000035 -5.776340 0.000010 0.000021 -3.847041 0.000002 0.000002 0.000003 165.000015 179.999969 154.330399 180.000000 179.999985 158.997604 0.000013 0.000009 -14.701680 0.000002 0.000002 0.000003 0.000007 -0.000089 -34.241707 179.999954 -179.999924 145.758301 179.999969 -179.999985 157.195023 0.000002 0.000002 0.000003 10.000010 -0.000086 -32.632854 179.999969 -179.999924 147.367157 179.999954 -179.999969 158.266510 0.000002 0.000002 0.000003 20.000019 -0.000151 -25.928488 179.999924 -179.999786 141.107285 179.999863 -179.999924 154.097427
-92.914421 146.342468 12.570934 84.700668 179.912384 178.051147 2.484169 -30.985874 11.559649 160.520630 129.897522 162.246811 178.059296 -159.072113 177.811722 10.860091 -14.684060 7.683932 3.944424 51.002972 -2.479666 175.426819 167.704575 -179.544785 179.669922 173.118515 -178.232376 179.628708 173.244659 -177.311905 177.701447 174.974777 -176.709671 179.999985 179.597290 -179.846909 0.000008 0.469818 0.158557 174.593933 179.646027 -179.940125 8.461419 0.000850 -1.397275 17.239454 -12.415033 75.836067 178.105194 -168.774857 179.031464 176.658936 -179.249481 175.375565 48.228764 40.642200 10.088400 179.999985 179.999985 -170.477325 179.999985 179.999985 -173.657883 0.000000 0.000003 0.000002 14.999989 0.000055 31.180172 179.999969 179.999969 -154.488953 179.999985 179.999985 -162.142273 0.000000 0.000003 0.000002 179.999985 179.999924 -142.619583 179.999939 179.999954 -142.619583 179.999954 180.000000 -155.104645 0.000000 0.000003 0.000002 170.000000 179.999969 -145.286087 179.999985 179.999985 -145.286087 179.999985 -179.999985 -156.880539 0.000000 0.000003 0.000002 159.999969 179.999878 -159.813034 179.999893 179.999847 -149.719574 179.999893 179.999954 -159.833237 174.434692 -178.842819 179.107758 169.730194 -158.857178 109.843109 155.505905 -178.300919 176.699600 8.619888 -0.585052 -1.578975 123.568886 126.993187 163.124008 0.000006 0.000014 -5.816399 0.000005 0.000009 -3.873718 0.000000 -0.000000 0.000000 165.000000 179.999985 154.317200 0.000007 0.000019 -21.013212 0.000012 0.000012 -14.709248 0.000000 -0.000000 0.000000 0.000001 -0.000037 -34.182747 179.999985 -179.999969 145.817261 179.999985 -179.999985 157.234299 0.000000 -0.000000 0.000000 10.000006 -0.000056 -32.574612 179.999985 -179.999969 147.425400 179.999985 -179.999985 158.305313 0.000000 -0.000000 0.000000 20.000017 -0.000071 -25.829500 179.999969 -179.999893 141.255753 179.999939 -179.999969 154.196350
-93.201523 146.762207 12.612078 84.935303 179.925827 178.246475 2.532438 -30.229925 11.235947 161.403152 130.745117 163.027786 177.735580 -159.312241 177.802628 10.223465 -16.346046 8.012440 3.987582 54.513855 -2.950511 175.960739 167.743042 -179.299973 179.677063 173.103622 -178.261490 179.646545 173.230255 -177.331055 177.787811 174.972107 -176.725342 0.000001 0.421397 0.175822 0.000023 0.491655 0.182090 174.472717 179.628571 -179.928467 8.519646 0.049093 -1.339628 17.626720 -13.080520 75.401329 178.535614 -168.622818 179.148956 176.664505 -179.283386 175.227356 47.976650 40.788387 9.854668 179.999893 179.999802 -170.514572 179.999924 179.999893 -173.682693 180.000000 180.000000 179.999985 14.999577 0.001501 31.094032 179.999084 179.999115 -154.559433 179.999161 179.999725 -162.191605 180.000000 180.000000 179.999985 179.999405 179.997910 -142.729919 179.998260 179.998688 -142.729874 179.998566 -179.999985 -155.178116 180.000000 180.000000 179.999985 170.000122 -179.999542 -145.347992 0.000379 -0.000311 34.651997 0.000312 -0.000024 23.078226 180.000000 180.000000 179.999985 159.999191 179.997070 -159.988281 179.997360 179.996246 -149.982376 179.997238 179.998703 -160.008255 174.485443 -178.777634 179.065781 169.872406 -159.515549 109.520309 156.106201 -178.624359 176.477219 8.555236 -0.404169 -1.529632 123.589844 126.902756 163.052567 0.000157 0.000545 -5.847120 0.000148 0.000357 -3.894187 0.000000 -0.000002 -0.000002 164.999924 179.998672 154.305252 0.000429 0.001021 -21.022961 0.000531 0.000554 -14.716058 0.000000 -0.000002 -0.000002 0.000057 -0.000722 -34.119686 179.999649 -179.999374 145.880341 179.999573 -179.999786 157.276260 0.000000 -0.000002 -0.000002 10.000080 -0.000904 -32.503021 179.999588 -179.999176 147.496979 179.999481 -179.999710 158.352997 0.000000 -0.000002 -0.000002 20.000170 -0.001765 -25.738646 179.999100 -179.997498 141.391998 179.998505 -179.999069 154.287094
-93.439842 147.134186 12.616299 85.149643 179.931915 178.402817 2.737833 -29.527901 10.940010 161.621811 131.706482 163.456024 177.733383 -159.569443 177.709122 9.978666 -18.049366 8.407192 4.004354 58.045250 -3.565934 176.011490 168.048462 -178.711014 179.695358 173.095856 -178.271103 179.673431 173.223221 -177.353897 177.917953 174.978256 -176.740417 0.000014 0.436934 0.195401 0.000006 0.509777 0.202386 174.325668 179.613907 -179.918991 8.523941 0.088839 -1.283454 17.973413 -13.729025 74.955559 179.056625 -168.531281 179.299927 176.654984 -179.328568 175.040253 47.762833 40.883469 9.677815 179.999924 179.999847 -170.527191 179.999924 179.999893 -173.691116 0.000000 -0.000003 0.000000 14.999703 0.001101 31.009626 179.999329 179.999359 -154.628479 179.999374 179.999786 -162.239944 0.000000 -0.000003 0.000000 179.999512 179.998337 -142.841202 179.998627 179.998962 -142.841171 179.998840 -179.999985 -155.252228 0.000000 -0.000003 0.000000 170.000168 -179.999420 -145.332932 0.000469 -0.000378 34.667076 0.000385 -0.000026 23.088261 0.000000 -0.000003 0.000000 159.999344 179.997513 -160.139999 179.997787 179.996841 -150.209976 179.997665 179.998886 -160.159866 174.552872 -178.711395 179.021957 169.849152 -160.221344 109.232613 156.736633 -178.914871 176.286560 8.458231 -0.254047 -1.442723 123.523209 126.827705 162.849808 0.000187 0.000557 -5.899259 0.000162 0.000354 -3.928906 0.000002 -0.000000 0.000000 164.999939 179.998413 154.257614 0.000523 0.001184 -21.061945 0.000640 0.000641 -14.743360 0.000002 -0.000000 0.000000 0.000019 -0.000273 -34.065598 179.999863 -179.999771 145.934402 179.999847 -179.999939 157.312332 0.000002 -0.000000 0.000000 9.999902 0.001294 -32.353966 0.000609 0.001138 -32.353943 0.000757 0.000424 -21.547735 0.000002 -0.000000 0.000000 20.000082 -0.000877 -25.616823 179.999542 -179.998764 141.574753 179.999237 -179.999542 154.408783
-93.720573 147.515717 12.571327 85.356201 179.936630 178.582748 3.160493 -28.800436 10.609887 161.444000 132.784424 163.701324 177.843369 -159.833008 177.590622 9.054988 -19.727064 8.797882 3.818385 61.507294 -4.322280 176.429413 168.431427 -178.589401 179.706116 173.093735 -178.305374 179.692871 173.221375 -177.374283 178.013214 174.985153 -176.756317 0.000000 0.452176 0.207756 0.000007 0.527538 0.215186 174.216125 179.599930 -179.913620 8.565313 0.135316 -1.246939 18.360893 -14.351182 74.486191 179.614105 -168.430420 179.468430 176.650879 -179.382980 174.836319 47.585354 40.963348 9.529263 179.999924 179.999847 -170.539108 179.999924 179.999893 -173.699066 180.000000 180.000000 -180.000000 14.999779 0.000859 30.945616 179.999466 179.999481 -154.680878 179.999542 179.999847 -162.276611 180.000000 180.000000 -180.000000 179.999588 179.998444 -142.926575 179.998718 179.999008 -142.926559 179.998947 179.999985 -155.309097 180.000000 180.000000 -180.000000 170.000137 -179.999496 -145.301529 0.000386 -0.000323 34.698494 0.000342 -0.000034 23.109184 180.000000 180.000000 -180.000000 159.999405 179.997711 -160.267654 179.998001 179.997070 -150.401474 179.997879 179.998947 -160.287384 174.695282 -178.651672 178.954971 169.809372 -160.951874 108.940521 157.368088 -179.225555 176.102051 8.333293 -0.124644 -1.330860 123.429306 126.773895 162.606827 0.000217 0.000555 -5.960884 0.000183 0.000353 -3.969944 0.000000 -0.000002 0.000000 164.999969 179.998154 154.193329 0.000641 0.001389 -21.114546 0.000762 0.000736 -14.780193 0.000000 -0.000002 0.000000 179.999985 179.999817 145.970718 0.000093 0.000150 -34.029270 0.000112 0.000050 -22.663494 0.000000 -0.000002 0.000000 9.999973 0.000457 -32.462093 0.000222 0.000396 -32.462063 0.000261 0.000143 -21.619738 0.000000 -0.000002 0.000000 19.999996 -0.000179 -25.537075 179.999924 -179.999756 141.694336 179.999847 -179.999908 154.488464
-93.979240 147.886169 12.583274 85.549675 179.940811 178.759842 2.766640 -28.057554 10.344360 162.283417 133.631149 164.390930 177.946976 -160.084412 177.445389 8.358633 -21.397615 9.208587 3.409131 64.862526 -5.288644 176.618500 168.985596 -178.330231 179.724884 173.093964 -178.341476 179.714752 173.221924 -177.402130 178.121750 174.994781 -176.780518 179.999985 179.534485 -179.779175 0.000032 0.543104 0.228703 174.114151 179.587524 -179.907639 8.597937 0.183083 -1.199967 18.751234 -14.952918 74.000839 0.160800 -11.725545 -0.349316 176.713394 -179.482742 174.628510 47.403027 41.072266 9.410072 179.999847 179.999710 -170.541977 179.999863 179.999832 -173.700958 0.000000 0.000002 0.000002 14.999770 0.000961 30.905565 179.999451 179.999451 -154.713654 179.999466 179.999802 -162.299545 0.000000 0.000002 0.000002 179.999573 179.998398 -143.003479 179.998688 179.998962 -143.003448 179.998886 179.999985 -155.360321 0.000000 0.000002 0.000002 170.000076 -179.999741 -145.263885 0.000193 -0.000173 34.736099 0.000176 -0.000024 23.134247 0.000000 0.000002 0.000002 159.999451 179.997787 -160.390671 179.998108 179.997192 -150.586044 179.997986 179.998978 -160.410278 174.829575 -178.597397 178.897537 169.615814 -161.705002 108.690147 158.023117 -179.491791 175.950974 8.177624 -0.077616 -1.177042 123.349365 126.764404 162.347855 0.000189 0.000441 -6.046168 0.000153 0.000277 -4.026751 0.000002 0.000003 0.000000 165.000015 179.997894 154.101471 0.000785 0.001540 -21.189709 0.000900 0.000814 -14.832770 0.000002 0.000003 0.000000 180.000000 179.999268 145.990555 0.000406 0.000624 -34.009445 0.000457 0.000189 -22.650288 0.000002 0.000003 0.000000 9.999978 0.000799 -32.469318 0.000410 0.000680 -32.469296 0.000467 0.000232 -21.624550 0.000002 0.000003 0.000000 19.999987 0.000295 -25.501629 0.000169 0.000388 -38.252441 0.000250 0.000134 -25.476154
-94.265869 148.252518 12.506241 85.739655 179.944855 178.936142 3.652741 -27.363531 10.011196 161.547638 134.814407 164.372482 178.008560 -160.370209 177.368607 7.380337 -23.036320 9.622274 1.997878 68.072319 -6.908007 176.967667 169.851608 -178.430878 179.742661 173.094421 -178.380600 179.741699 173.222855 -177.438950 178.255875 175.006607 -176.813614 0.000010 0.474255 0.240044 0.000015 0.553310 0.248622 173.981613 179.578568 -179.897751 8.605187 0.227343 -1.140485 19.108215 -15.548932 73.513824 0.711450 -11.808849 -0.159946 176.803711 -179.544693 174.428421 47.272991 41.218754 9.349328 179.999725 179.999481 -170.550400 179.999771 179.999710 -173.706558 0.000000 0.000002 0.000000 14.999717 0.001170 30.862370 179.999329 179.999298 -154.748993 179.999344 179.999756 -162.324295 0.000000 0.000002 0.000000 179.999588 179.998398 -143.095444 179.998703 179.998962 -143.095444 179.998886 179.999969 -155.421555 0.000000 0.000002 0.000000 170.000015 180.000000 -145.237900 0.000007 -0.000012 34.762108 0.000003 -0.000002 23.151562 0.000000 0.000002 0.000000 159.999451 179.997849 -160.518341 179.998169 179.997238 -150.777512 179.998047 179.998993 -160.537811 174.937881 -178.545883 178.853394 169.504623 -162.474548 108.405098 158.687805 -179.740387 175.817123 7.961525 0.037157 -1.020074 123.256294 126.741684 162.083405 0.000146 0.000309 -6.124707 0.000116 0.000195 -4.079068 0.000000 -0.000000 0.000000 165.000137 179.997986 153.959091 0.000834 0.001423 -21.306204 0.000908 0.000718 -14.914332 0.000000 -0.000000 0.000000 0.000044 0.000976 -34.043533 0.000584 0.000775 -34.043514 0.000609 0.000212 -22.672964 0.000000 -0.000000 0.000000 10.000013 0.000778 -32.521339 0.000441 0.000645 -32.521339 0.000486 0.000206 -21.659193 0.000000 -0.000000 0.000000 20.000034 0.002695 -25.384800 0.001797 0.003632 -38.077206 0.002439 0.001156 -25.359421
-94.511002 148.610168 12.543511 85.908470 179.949509 179.113464 3.106293 -26.610435 9.786821 162.472244 135.654007 165.065277 178.161835 -160.625275 177.186752 6.391390 -24.651711 10.040280 0.430371 71.183853 -8.851199 177.015717 170.948898 -178.290405 179.778458 173.093262 -178.423889 179.776855 173.222305 -177.485840 178.430344 175.020325 -176.855515 180.000000 179.521515 -179.736237 179.999985 179.441727 -179.726822 173.820221 179.573135 -179.885101 8.568325 0.263721 -1.067334 19.441111 -16.125532 73.035088 1.304448 -11.824461 0.023920 176.852066 -179.529831 174.240982 47.224072 41.424377 9.326762 179.999741 179.999527 -170.593765 179.999771 179.999710 -173.735458 0.000000 0.000002 0.000002 14.999719 0.001196 30.786074 179.999313 179.999298 -154.811401 179.999344 179.999756 -162.367981 0.000000 0.000002 0.000002 179.999588 179.998413 -143.202805 179.998703 179.998962 -143.202820 179.998917 179.999969 -155.493088 0.000000 0.000002 0.000002 169.999985 179.999878 -145.231583 179.999908 179.999924 -145.231567 179.999924 179.999985 -156.844223 0.000000 0.000002 0.000002 159.999451 179.997894 -160.662918 179.998199 179.997299 -150.994370 179.998093 179.999008 -160.682251 174.998260 -178.494095 178.826599 169.424072 -163.265015 108.098106 159.343658 -179.991806 175.695831 7.736751 0.119883 -0.845671 123.184563 126.726936 161.882797 0.000101 0.000211 -6.184183 0.000084 0.000136 -4.118658 0.000000 0.000000 -0.000005 165.000275 179.998276 153.794373 0.000808 0.001185 -21.440979 0.000834 0.000570 -15.008675 0.000000 0.000000 -0.000005 0.000112 0.000938 -34.117218 0.000628 0.000726 -34.117237 0.000622 0.000165 -22.722075 0.000000 0.000000 -0.000005 10.000067 0.000670 -32.586540 0.000406 0.000509 -32.586521 0.000417 0.000145 -21.702623 0.000000 0.000000 -0.000005 20.000038 0.000472 -25.714739 0.000365 0.000616 -38.572094 0.000443 0.000176 -25.689035
-94.742813 148.960190 12.589828 86.064888 179.954269 179.292465 2.787697 -25.862255 9.563162 162.939117 136.598221 165.543106 178.445572 -160.888733 176.965591 5.576079 -26.269861 10.473777 177.993362 105.829155 168.339996 176.886429 172.187012 -177.974686 179.806427 173.094193 -178.466156 179.804214 173.223694 -177.533295 178.568680 175.032196 -176.902283 0.000000 0.483058 0.278707 0.000009 0.563578 0.288668 173.724854 179.568069 -179.877182 8.582425 0.305918 -1.011067 19.616270 -16.688782 72.614815 1.975360 -11.599874 0.202628 176.875916 -179.432587 174.068741 47.198994 41.641056 9.318360 179.999786 179.999588 -170.643936 179.999817 179.999741 -173.768845 180.000000 180.000000 -180.000000 14.999763 0.001072 30.688931 179.999390 179.999359 -154.890884 179.999420 179.999771 -162.423630 180.000000 180.000000 -180.000000 179.999619 179.998581 -143.332977 179.998856 179.999084 -143.333008 179.999039 179.999969 -155.579788 180.000000 180.000000 -180.000000 169.999969 179.999847 -145.238449 179.999878 179.999893 -145.238510 179.999924 179.999985 -156.848831 180.000000 180.000000 -180.000000 159.999481 179.998032 -160.828232 179.998291 179.997467 -151.242340 179.998184 179.999069 -160.847397 175.112930 -178.449661 178.783173 169.347626 -164.063568 107.778931 160.018204 179.814331 175.605469 7.488962 0.170847 -0.655599 123.074379 126.671524 161.645798 0.000040 0.000091 -6.233847 0.000032 0.000058 -4.151740 0.000000 -0.000000 0.000000 165.000305 179.998550 153.629868 0.000750 0.000953 -21.575558 0.000745 0.000433 -15.102899 0.000000 -0.000000 0.000000 0.000654 0.003416 -34.041199 0.002460 0.002453 -34.041195 0.002267 0.000420 -22.671452 0.000000 -0.000000 0.000000 10.000136 0.000790 -32.634216 0.000540 0.000598 -32.634235 0.000510 0.000135 -21.734392 0.000000 -0.000000 0.000000 20.000084 0.000642 -25.744473 0.000541 0.000820 -38.616749 0.000615 0.000190 -25.718739
-94.969719 149.302322 12.680154 86.206398 179.958405 179.472488 2.060965 -25.107384 9.373016 164.045914 137.413361 166.258881 178.587463 -161.143631 176.772202 4.730846 -27.902664 10.929321 174.485535 102.968903 164.339645 176.665970 173.542053 -177.544998 179.836502 173.094971 -178.510437 179.832764 173.224960 -177.587112 178.713837 175.044083 -176.956757 0.000010 0.486048 0.294637 0.000007 0.567038 0.305139 173.629044 179.564240 -179.868576 8.602552 0.345567 -0.956998 19.743582 -17.228693 72.227715 2.699222 -11.330081 0.373383 176.904160 -179.325226 173.911377 47.145905 41.860558 9.284607 179.999832 179.999649 -170.693726 179.999847 179.999786 -173.802017 0.000000 -0.000002 -0.000002 14.999763 0.000987 30.591875 179.999435 179.999420 -154.970291 179.999466 179.999786 -162.479187 0.000000 -0.000002 -0.000002 179.999664 179.998764 -143.466537 179.999008 179.999207 -143.466507 179.999161 179.999985 -155.668701 0.000000 -0.000002 -0.000002 170.000000 179.999924 -145.255737 179.999939 179.999954 -145.255737 179.999954 179.999985 -156.860306 0.000000 -0.000002 -0.000002 159.999603 179.998550 -161.028076 179.998734 179.998123 -151.542099 179.998672 179.999313 -161.047043 175.226105 -178.407974 178.742889 169.226547 -164.846375 107.468437 160.743332 179.696548 175.541046 7.196529 0.176378 -0.447102 122.872261 126.569565 161.326462 179.999985 -179.999985 173.733109 179.999985 -179.999985 175.826263 0.000000 0.000003 0.000005 165.000381 179.998566 153.481033 0.000808 0.000899 -21.697338 0.000778 0.000393 -15.188134 0.000000 0.000003 0.000005 0.000335 0.001304 -34.527069 0.001000 0.000879 -34.527050 0.000889 0.000101 -22.995041 0.000000 0.000003 0.000005 10.000205 0.000859 -32.710030 0.000628 0.000613 -32.710037 0.000569 0.000114 -21.784889 0.000000 0.000003 0.000005 20.000095 0.000504 -25.818150 0.000471 0.000617 -38.727245 0.000494 0.000121 -25.792330
-95.216499 149.641113 12.746948 86.339294 179.961060 179.659195 1.827926 -24.372141 9.144890 164.571274 138.352814 166.710587 178.702255 -161.417831 176.620712 3.853090 -29.546282 11.402620 168.774414 100.312477 158.088501 176.449219 174.994385 -177.087418 179.862854 173.096054 -178.557327 179.861710 173.226532 -177.649124 178.862549 175.055984 -177.021652 0.000013 0.488290 0.310710 0.000005 0.569670 0.321823 173.539429 179.561020 -179.859802 8.622126 0.380838 -0.903130 19.898649 -17.745024 71.851418 3.455374 -11.075824 0.538228 176.934937 -179.228119 173.767059 47.077053 42.046692 9.224961 179.999863 179.999695 -170.739792 179.999878 179.999802 -173.832703 0.000000 -0.000000 0.000000 14.999816 0.000742 30.478640 179.999573 179.999557 -155.062927 179.999603 179.999847 -162.544052 0.000000 -0.000000 0.000000 179.999725 179.999039 -143.605301 179.999207 179.999374 -143.605301 179.999329 179.999985 -155.761124 0.000000 -0.000000 0.000000 170.000000 -179.999969 -145.268951 0.000026 -0.000009 34.731026 0.000027 -0.000003 23.130867 0.000000 -0.000000 0.000000 159.999634 179.998703 -161.183517 179.998856 179.998322 -151.775269 179.998810 179.999374 -161.202332 175.337082 -178.368683 178.706879 169.054962 -165.624985 107.168617 161.513641 179.716751 175.514862 6.855698 0.199266 -0.234064 122.564575 126.374565 160.920166 179.999969 -179.999908 173.730148 179.999985 -179.999954 175.824280 180.000000 -180.000000 -179.999985 165.000381 179.998871 153.286575 0.000693 0.000682 -21.856443 0.000633 0.000266 -15.299515 180.000000 -180.000000 -179.999985 0.000376 0.001196 -34.691582 0.000987 0.000769 -34.691597 0.000842 0.000041 -23.104612 180.000000 -180.000000 -179.999985 10.000208 0.000705 -32.822983 0.000564 0.000490 -32.823002 0.000514 0.000078 -21.860119 180.000000 -180.000000 -179.999985 20.000078 0.000307 -25.892452 0.000317 0.000379 -38.838711 0.000315 0.000062 -25.866579
-95.477753 149.975998 12.814182 86.463928 179.962112 179.861481 1.770103 -23.647322 8.895438 165.018707 139.313568 167.105133 178.692688 -161.703720 176.526749 2.778059 -31.192890 11.877687 159.920319 97.910378 148.503128 176.230240 176.526016 -176.581146 179.886505 173.097794 -178.608261 179.889954 173.228760 -177.721939 179.010437 175.067642 -177.101044 180.000000 179.509613 -179.673355 179.999985 179.427872 -179.661713 173.457520 179.557907 -179.851028 8.642121 0.411694 -0.850267 19.947498 -18.267067 71.520355 4.250301 -10.743382 0.710929 176.967606 -179.167526 173.634644 47.017002 42.196026 9.143831 179.999908 179.999771 -170.790970 179.999924 179.999847 -173.866776 180.000000 -179.999985 180.000000 14.999896 0.000482 30.374470 179.999725 179.999725 -155.148163 179.999741 179.999893 -162.603714 180.000000 -179.999985 180.000000 179.999817 179.999283 -143.737137 179.999435 179.999527 -143.737152 179.999512 179.999985 -155.848938 180.000000 -179.999985 180.000000 170.000046 -179.999863 -145.271683 0.000108 -0.000089 34.728306 0.000086 -0.000004 23.129049 180.000000 -179.999985 180.000000 159.999741 179.999054 -161.360031 179.999176 179.998795 -152.040039 179.999146 179.999542 -161.378662 175.446487 -178.331741 178.675797 168.794281 -166.415421 106.890671 162.229630 179.738022 175.492050 6.542891 0.071142 -0.002347 121.802544 126.080116 160.316940 0.000783 0.001856 -6.109807 0.000655 0.001175 -4.069131 0.000000 0.000000 -0.000005 165.000458 179.998871 153.115814 0.000751 0.000645 -21.996138 0.000659 0.000227 -15.397295 0.000000 0.000000 -0.000005 0.000424 0.001077 -34.881866 0.000957 0.000633 -34.881874 0.000774 -0.000016 -23.231316 0.000000 0.000000 -0.000005 10.000261 0.000714 -32.930977 0.000612 0.000460 -32.930992 0.000499 0.000029 -21.932039 0.000000 0.000000 -0.000005 20.000080 0.000249 -25.945787 0.000278 0.000285 -38.918701 0.000257 0.000025 -25.919863
-95.749298 150.309189 12.917180 86.578621 179.962112 -179.924286 1.564663 -22.913729 8.654180 165.934784 140.198944 167.650772 178.412689 -161.987595 176.513260 1.427049 -32.836929 12.348233 145.787567 95.897652 133.375870 176.056931 178.109756 -176.065735 179.909622 173.100021 -178.662598 179.917252 173.231430 -177.803833 179.155487 175.078720 -177.192749 180.000000 179.507309 -179.658020 0.000008 0.574801 0.354196 173.385223 179.554718 -179.842545 8.669775 0.438796 -0.802223 20.304977 -18.699991 71.132820 5.050649 -10.741860 0.829567 177.007721 -179.128769 173.511414 46.960960 42.320976 9.069258 179.999939 179.999832 -170.834198 179.999954 179.999878 -173.895584 0.000000 -0.000000 0.000000 14.999911 0.000325 30.293846 179.999817 179.999802 -155.214142 179.999832 179.999939 -162.649887 0.000000 -0.000000 0.000000 179.999847 179.999496 -143.855911 179.999603 179.999680 -143.855972 179.999649 179.999985 -155.928055 0.000000 -0.000000 0.000000 170.000061 -179.999786 -145.255981 0.000168 -0.000138 34.744011 0.000147 -0.000013 23.139515 0.000000 -0.000000 0.000000 159.999802 179.999344 -161.515305 179.999435 179.999161 -152.272949 179.999405 179.999695 -161.533783 175.556274 -178.296631 178.648987 168.561005 -167.216354 106.600014 162.891281 179.792786 175.481750 6.244448 -0.095309 0.230821 122.986244 125.820061 160.597565 179.999924 -179.999847 173.440918 179.999939 -179.999908 175.631668 0.000000 0.000000 -0.000002 165.000488 179.999023 152.891647 0.000719 0.000539 -22.179590 0.000610 0.000154 -15.525717 0.000000 0.000000 -0.000002 0.000411 0.000868 -35.099926 0.000834 0.000465 -35.099945 0.000632 -0.000071 -23.376551 0.000000 0.000000 -0.000002 10.000295 0.000654 -33.070446 0.000615 0.000387 -33.070473 0.000472 -0.000013 -22.024931 0.000000 0.000000 -0.000002 20.000080 0.000202 -25.996014 0.000254 0.000224 -38.993996 0.000232 0.000012 -25.970022
-96.027145 150.640030 13.008571 86.682785 179.961182 -179.703827 1.353467 -22.158602 8.392311 166.419861 141.194092 168.014893 178.517609 -162.281326 176.395279 1.074874 -34.463203 12.826468 119.835258 95.408737 107.325089 176.069275 179.718872 -175.694870 179.933594 173.102386 -178.719421 179.944412 173.234192 -177.893570 179.301849 175.089188 -177.294739 180.000000 179.504852 -179.642166 0.000007 0.577655 0.370608 173.317902 179.551331 -179.833740 8.701509 0.461418 -0.757840 21.042004 -19.025675 70.673973 5.877068 -11.116896 0.859790 177.025528 -179.121353 173.395172 46.904556 42.390991 8.964529 179.999969 179.999878 -170.878036 179.999969 179.999924 -173.924789 0.000000 -0.000000 0.000000 14.999963 0.000177 30.227457 179.999893 179.999878 -155.268448 179.999893 179.999969 -162.687912 0.000000 -0.000000 0.000000 179.999908 179.999649 -143.956558 179.999725 179.999786 -143.956573 179.999771 179.999985 -155.995056 0.000000 -0.000000 0.000000 170.000061 -179.999771 -145.218094 0.000175 -0.000140 34.781860 0.000161 -0.000014 23.164728 0.000000 -0.000000 0.000000 159.999863 179.999542 -161.647064 179.999603 179.999405 -152.470612 179.999588 179.999771 -161.665421 175.661880 -178.263184 178.629028 168.460999 -168.025055 106.265533 163.486862 179.750549 175.458633 5.953177 -0.370364 0.472543 122.770424 125.604218 160.403580 179.999939 -179.999908 173.497330 179.999954 -179.999939 175.669220 0.000000 -0.000000 0.000000 165.000351 179.999268 152.633179 0.000524 0.000377 -22.391041 0.000450 0.000112 -15.673723 0.000000 -0.000000 0.000000 0.000319 0.000670 -35.325932 0.000656 0.000360 -35.325932 0.000490 -0.000057 -23.527054 0.000000 -0.000000 0.000000 10.000260 0.000568 -33.236897 0.000518 0.000329 -33.236893 0.000415 -0.000005 -22.135759 0.000000 -0.000000 0.000000 20.000095 0.000226 -26.043308 0.000273 0.000246 -39.064968 0.000250 0.000010 -26.017263
-96.317215 150.968430 13.102390 86.776314 179.958801 -179.476776 1.142464 -21.398380 8.121525 166.951614 142.187927 168.381500 178.575089 -162.573532 176.297150 0.674406 -36.060467 13.297241 96.660873 96.038269 83.916084 176.112900 -178.660950 -175.297134 179.959290 173.104828 -178.780304 179.972565 173.237030 -177.991653 179.454468 175.099258 -177.407135 0.000008 0.497558 0.375508 180.000000 179.419510 -179.611084 173.247849 179.547806 -179.823868 8.724792 0.477711 -0.712139 20.758745 -19.571156 70.484703 6.841264 -10.505552 1.066664 177.012817 -179.097610 173.277557 46.857353 42.442768 8.873033 179.999985 179.999969 -170.914856 179.999985 179.999969 -173.949310 180.000000 -180.000000 -180.000000 14.999969 0.000105 30.177971 179.999939 179.999924 -155.308929 179.999939 179.999985 -162.716248 180.000000 -180.000000 -180.000000 179.999954 179.999786 -144.044678 179.999817 179.999847 -144.044678 179.999847 179.999985 -156.053741 180.000000 -180.000000 -180.000000 170.000061 -179.999802 -145.163223 0.000148 -0.000122 34.836781 0.000134 -0.000011 23.201277 180.000000 -180.000000 -180.000000 159.999908 179.999695 -161.765488 179.999725 179.999603 -152.648224 179.999725 179.999847 -161.783707 175.756729 -178.231674 178.615479 168.441299 -168.839554 105.908661 164.099182 179.843552 175.467911 5.589003 -0.397806 0.699065 122.840431 125.498413 160.534164 179.999969 -179.999954 173.543762 179.999985 -179.999969 175.700134 0.000000 -0.000000 0.000003 165.000275 179.999481 152.373383 0.000396 0.000251 -22.603596 0.000324 0.000049 -15.822535 0.000000 -0.000000 0.000003 0.000271 0.000485 -35.565376 0.000511 0.000239 -35.565380 0.000364 -0.000071 -23.686541 0.000000 -0.000000 0.000003 10.000250 0.000474 -33.431862 0.000481 0.000252 -33.431854 0.000366 -0.000036 -22.265621 0.000000 -0.000000 0.000003 20.000114 0.000232 -26.119040 0.000316 0.000238 -39.178562 0.000252 -0.000015 -26.092924
-96.609848 151.289108 13.194849 86.859184 179.955429 -179.244003 0.947104 -20.647591 7.841453 167.362518 143.193283 168.694489 178.715927 -162.863815 176.176590 0.234561 -37.642849 13.764136 81.359886 97.341080 68.329018 176.218628 -177.006943 -174.951233 179.986267 173.107178 -178.845108 0.001179 6.760263 1.903608 179.610703 175.108566 -177.527863 0.000004 0.500032 0.393796 179.999985 179.416641 -179.592133 173.177795 179.544174 -179.813660 8.740446 0.488165 -0.666504 20.668505 -20.052999 70.266830 7.846735 -10.067648 1.240465 177.028107 -179.097519 173.171783 46.539532 42.439823 8.649503 179.999619 179.998520 -170.874161 179.999603 179.999069 -173.922195 0.000000 -0.000000 0.000002 14.999976 0.000070 30.138142 179.999985 179.999969 -155.341522 179.999969 179.999985 -162.739059 0.000000 -0.000000 0.000002 179.999969 179.999847 -144.123810 179.999893 179.999908 -144.123779 179.999908 -180.000000 -156.106445 0.000000 -0.000000 0.000002 170.000046 -179.999847 -145.098999 0.000108 -0.000090 34.901009 0.000096 -0.000007 23.244072 0.000000 -0.000000 0.000002 159.999954 179.999832 -161.874725 179.999847 179.999771 -152.812073 179.999847 179.999908 -161.892838 175.845764 -178.201874 178.599365 168.463196 -169.656128 105.548271 164.677948 179.890152 175.478378 5.234560 -0.543406 0.934673 122.952721 125.453346 160.706436 179.999985 -179.999985 173.577911 179.999985 -179.999985 175.722885 0.000000 0.000002 0.000000 165.000198 179.999710 152.118408 0.000257 0.000142 -22.812210 0.000210 0.000029 -15.968534 0.000000 0.000002 0.000000 0.000195 0.000302 -35.813286 0.000326 0.000123 -35.813255 0.000239 -0.000056 -23.851625 0.000000 0.000002 0.000000 10.000189 0.000308 -33.672596 0.000326 0.000149 -33.672588 0.000243 -0.000033 -22.425943 0.000000 0.000002 0.000000 20.000109 0.000171 -26.235676 0.000248 0.000165 -39.353474 0.000190 -0.000017 -26.209421
-96.904442 151.599487 13.309005 86.932457 179.952316 -179.007416 0.630325 -19.908360 7.566074 168.222885 144.103226 169.148376 178.562454 -163.141968 176.134140 179.837845 -140.775299 -165.756241 72.319046 98.962540 59.050457 176.401733 -175.344009 -174.677765 0.013402 6.891161 1.086983 0.029747 6.758269 1.794342 179.767578 175.116455 -177.654556 180.000000 179.497314 -179.588547 180.000000 179.413528 -179.573853 173.110779 179.540405 -179.803833 8.752754 0.493876 -0.622938 20.742878 -20.485500 70.020042 8.859030 -9.744841 1.387963 177.070465 -179.068039 173.072449 48.290356 42.511738 9.343576 0.000002 -0.000000 8.613259 180.000000 179.999985 -174.263565 0.000000 0.000000 -0.000003 15.000000 0.000026 30.102396 179.999985 179.999985 -155.370773 179.999985 179.999985 -162.759537 0.000000 0.000000 -0.000003 179.999985 179.999924 -144.199326 179.999954 179.999954 -144.199341 179.999969 180.000000 -156.156754 0.000000 0.000000 -0.000003 170.000031 -179.999939 -145.026062 0.000055 -0.000051 34.973953 0.000049 -0.000001 23.292639 0.000000 0.000000 -0.000003 159.999985 179.999924 -161.970657 179.999939 179.999893 -152.955978 179.999924 179.999954 -161.988693 175.934998 -178.172363 178.572617 168.514496 -170.469162 105.193542 165.229126 179.886734 175.495773 4.889165 -0.777338 1.168916 123.210274 125.496994 160.987839 180.000000 -179.999985 173.573502 180.000000 -179.999985 175.719955 0.000003 -0.000002 0.000003 165.000107 179.999863 151.872314 0.000124 0.000058 -23.013552 0.000103 0.000004 -16.109488 0.000003 -0.000002 0.000003 0.000098 0.000140 -36.058369 0.000156 0.000049 -36.058357 0.000102 -0.000037 -24.014868 0.000003 -0.000002 0.000003 10.000104 0.000152 -33.919544 0.000172 0.000068 -33.919537 0.000120 -0.000026 -22.590418 0.000003 -0.000002 0.000003 20.000051 0.000077 -26.373678 0.000119 0.000072 -39.560513 0.000094 -0.000011 -26.347303
-97.221390 151.912781 13.377651 87.001648 179.952087 -178.766037 0.812367 -19.164984 7.249697 168.214645 145.164139 169.317688 178.679092 -163.429169 176.037674 179.446045 -139.173492 -165.253876 66.096939 100.724739 52.510277 176.519028 -173.651810 -174.299835 0.040305 6.891744 1.017177 0.058723 6.758619 1.681848 179.926987 175.122177 -177.785309 0.000031 0.503381 0.430705 0.000025 0.587296 0.446095 173.041870 179.538071 -179.792786 8.762334 0.496833 -0.581161 20.897972 -20.907394 69.750801 9.866558 -9.472211 1.530294 177.112549 -179.028702 172.968750 48.191608 42.484013 9.243567 179.999847 179.999603 -171.383575 179.999847 179.999756 -174.261459 0.000000 -0.000002 0.000000 14.999654 0.001438 30.198154 179.999161 179.999130 -155.292404 179.999207 179.999695 -162.704681 0.000000 -0.000002 0.000000 179.999374 179.997787 -144.257812 179.998199 179.998581 -144.257782 179.998459 179.999924 -156.195694 0.000000 -0.000002 0.000000 170.000259 -179.999207 -144.917877 0.000663 -0.000521 35.082108 0.000570 -0.000027 23.364712 0.000000 -0.000002 0.000000 159.999069 179.996994 -162.034256 179.997269 179.996170 -153.051346 179.997238 179.998550 -162.052200 176.019928 -178.143387 178.540909 168.457596 -171.297302 104.876793 165.771118 179.908173 175.525482 4.545348 -1.134965 1.407201 121.470871 125.043495 159.742310 0.000024 0.000024 -6.038281 0.000013 0.000012 -4.021498 180.000000 180.000000 -180.000000 165.002884 179.996384 151.628525 0.003486 0.001460 -23.213028 0.002669 -0.000019 -16.249102 180.000000 180.000000 -180.000000 0.002570 0.003226 -36.308708 0.003994 0.001061 -36.308662 0.002556 -0.001006 -24.181599 180.000000 180.000000 -180.000000 10.002555 0.003318 -34.204395 0.003955 0.001290 -34.204361 0.002669 -0.000781 -22.780102 180.000000 180.000000 -180.000000 20.000961 0.001349 -26.533409 0.002203 0.001159 -39.800095 0.001618 -0.000344 -26.506870
-97.510460 152.203857 13.511533 87.055740 179.950775 -178.528946 0.081216 -18.432877 6.974382 169.268127 146.026306 169.813385 178.755295 -163.690384 175.919449 179.386932 -137.683228 -164.740005 63.748817 102.429573 50.094250 176.729294 -172.160019 -174.011185 0.071937 6.892536 0.944882 0.087517 6.759089 1.566963 0.085773 4.873527 2.080810 0.000018 0.506949 0.446312 0.000036 0.591428 0.462261 172.980728 179.533661 -179.784271 8.767357 0.494309 -0.539625 21.107355 -21.294538 69.477921 10.884178 -9.252076 1.648633 177.160690 -178.996048 172.900909 48.189301 42.608089 9.282999 179.999802 179.999512 -171.395615 179.999817 179.999695 -174.269485 180.000000 179.999985 180.000000 14.999537 0.001842 30.161825 179.998917 179.998886 -155.322159 179.998993 179.999588 -162.725510 180.000000 179.999985 180.000000 179.999268 179.997559 -144.329239 179.997971 179.998413 -144.329269 179.998306 179.999939 -156.243286 180.000000 179.999985 180.000000 170.000168 -179.999481 -144.876633 0.000450 -0.000343 35.123341 0.000370 -0.000013 23.392120 180.000000 179.999985 180.000000 159.998856 179.996567 -162.127350 179.996841 179.995590 -153.191040 179.996811 179.998337 -162.145233 176.078903 -178.109634 178.488144 168.162109 -172.109207 104.649727 166.393250 -179.631577 175.633804 4.220105 -1.409322 1.613180 121.462868 125.083641 159.743515 0.000016 0.000016 -6.040253 0.000010 0.000009 -4.022815 0.000000 -0.000000 0.000000 165.002625 179.996811 151.394531 0.003131 0.001252 -23.404474 0.002350 -0.000073 -16.383121 0.000000 -0.000000 0.000000 0.002080 0.002528 -36.535164 0.003171 0.000777 -36.535149 0.002012 -0.000841 -24.332420 0.000000 -0.000000 0.000000 10.001928 0.002449 -34.446285 0.002947 0.000897 -34.446281 0.001983 -0.000618 -22.941227 0.000000 -0.000000 0.000000 20.000530 0.000726 -26.648546 0.001178 0.000608 -39.972805 0.000866 -0.000204 -26.621887
-97.800827 152.489716 13.630737 87.111565 179.946655 -178.297806 179.863831 -162.286987 -173.340240 169.592453 147.006912 170.085632 178.958984 -163.967728 175.796249 178.671387 -136.227707 -164.220764 61.954407 103.736359 47.875233 177.084824 -170.761841 -173.890121 0.098807 6.891631 0.873113 0.115519 6.757988 1.452830 0.241223 4.869128 1.947470 0.000027 0.513713 0.459242 0.000042 0.599343 0.475639 172.923889 179.526718 -179.777649 8.773251 0.489858 -0.496802 21.305277 -21.669401 69.207741 11.905855 -9.053406 1.753486 177.212662 -178.998734 172.860886 48.218067 42.812008 9.364496 179.999817 179.999588 -171.421844 179.999847 179.999741 -174.286957 0.000000 -0.000000 0.000003 14.999514 0.001827 30.084597 179.998917 179.998917 -155.385376 179.998978 179.999619 -162.769760 0.000000 -0.000000 0.000003 179.999008 179.996902 -144.403366 179.997406 179.998032 -144.403412 179.997849 179.999954 -156.292664 0.000000 -0.000000 0.000003 169.999924 179.999802 -144.824005 179.999817 179.999847 -144.824066 179.999847 179.999985 -156.572845 0.000000 -0.000000 0.000003 159.998718 179.996338 -162.259186 179.996506 179.995346 -153.388809 179.996536 179.998245 -162.276962 176.144379 -178.073227 178.425217 168.017563 -172.894073 104.392227 166.996643 -179.288727 175.734131 3.925784 -1.716811 1.792014 121.323586 125.076553 159.588928 0.000018 0.000016 -6.041366 0.000012 0.000012 -4.023549 180.000000 -180.000000 -179.999985 165.005661 179.993149 151.424927 0.006777 0.002676 -23.379589 0.005089 -0.000193 -16.365711 180.000000 -180.000000 -179.999985 0.001616 0.001978 -36.726807 0.002475 0.000608 -36.726791 0.001572 -0.000658 -24.460045 180.000000 -180.000000 -179.999985 10.001328 0.001687 -34.644367 0.002042 0.000621 -34.644405 0.001359 -0.000427 -23.073143 180.000000 -180.000000 -179.999985 20.000158 0.000231 -26.722765 0.000394 0.000200 -40.084202 0.000278 -0.000064 -26.696070
-98.093445 152.764069 13.753366 87.168800 179.936844 -178.074112 179.635208 -162.988586 -173.660828 169.983704 147.961472 170.376038 179.094528 -164.243652 175.704880 178.199463 -134.838882 -163.676498 61.335674 104.962540 46.983059 177.449478 -169.477814 -173.805023 0.122582 6.887074 0.802741 0.142378 6.753350 1.341048 0.390781 4.863163 1.816524 0.000027 0.525143 0.468740 0.000045 0.612651 0.485514 172.864090 179.516037 -179.773605 8.781798 0.483991 -0.452203 21.492626 -22.031796 68.935020 12.930939 -8.792806 1.877375 177.266739 -178.984146 172.830704 48.175037 43.037041 9.398534 179.999802 179.999557 -171.441910 179.999832 179.999725 -174.300308 0.000000 0.000000 -0.000003 14.999494 0.001814 29.999744 179.998886 179.998917 -155.454758 179.998993 179.999634 -162.818329 0.000000 0.000000 -0.000003 179.999115 179.997360 -144.566116 179.997757 179.998352 -144.566116 179.998154 179.999985 -156.401031 0.000000 0.000000 -0.000003 169.999847 179.999542 -144.823242 179.999603 179.999725 -144.823227 179.999695 -179.999985 -156.572281 0.000000 0.000000 -0.000003 159.998718 179.996506 -162.435226 179.996597 179.995590 -153.652817 179.996674 179.998367 -162.452789 176.219406 -178.037750 178.352173 168.087677 -173.643936 104.087914 167.629013 -179.095322 175.832123 3.597673 -1.969106 1.943125 121.128922 125.043564 159.362274 0.000002 0.000004 -6.044134 180.000000 -180.000000 175.974609 0.000002 -0.000003 -0.000000 165.001511 179.998123 150.627380 0.001837 0.000718 -24.032150 0.001380 -0.000066 -16.822506 0.000002 -0.000003 -0.000000 0.001232 0.001525 -36.891510 0.001903 0.000469 -36.891518 0.001198 -0.000510 -24.569754 0.000002 -0.000003 -0.000000 10.000952 0.001216 -34.789539 0.001478 0.000458 -34.789532 0.000978 -0.000316 -23.169811 0.000002 -0.000003 -0.000000 19.999968 -0.000023 -26.755117 179.999985 -179.999985 139.867279 179.999985 -180.000000 153.271622
-98.390991 153.026749 13.883517 87.226311 179.918869 -177.857880 179.378143 -163.671753 -173.984665 170.334000 148.904755 170.651108 179.280090 -164.513550 175.611084 177.408615 -133.501404 -163.117096 60.825893 105.780884 45.925941 177.767380 -168.322205 -173.712234 0.144868 6.877144 0.734037 0.168068 6.743451 1.232490 0.534293 4.854328 1.689063 0.000027 0.542172 0.472758 0.000032 0.632554 0.489641 172.807190 179.500961 -179.773514 8.791656 0.477297 -0.404981 21.845053 -22.340836 68.613411 13.939577 -8.664914 1.943213 177.324722 -179.016876 172.831085 48.052174 43.258369 9.328829 179.999847 179.999649 -171.473785 179.999863 179.999786 -174.321548 180.000000 -179.999985 -179.999985 14.999625 0.001398 29.887306 179.999161 179.999176 -155.546799 179.999222 179.999710 -162.882751 180.000000 -179.999985 -179.999985 179.999344 179.998016 -144.732056 179.998322 179.998749 -144.732056 179.998596 179.999954 -156.511551 180.000000 -179.999985 -179.999985 169.999893 179.999710 -144.854507 179.999725 179.999802 -144.854477 179.999802 180.000000 -156.593094 180.000000 -179.999985 -179.999985 159.998978 179.997116 -162.643433 179.997253 179.996338 -153.965134 179.997284 179.998596 -162.660782 176.304047 -178.006332 178.269745 168.318161 -174.355392 103.757317 168.272614 -179.070175 175.940598 3.241182 -2.220436 2.062732 120.931381 125.000793 159.129608 179.999985 -179.999985 173.953491 179.999985 -179.999985 175.973022 0.000003 -0.000002 -0.000000 165.001221 179.998459 150.458679 0.001477 0.000605 -24.170185 0.001121 -0.000040 -16.919128 0.000003 -0.000002 -0.000000 0.000867 0.001104 -37.039013 0.001358 0.000354 -37.039028 0.000858 -0.000357 -24.667995 0.000003 -0.000002 -0.000000 10.000716 0.000944 -34.903221 0.001133 0.000370 -34.903217 0.000765 -0.000230 -23.245544 0.000003 -0.000002 -0.000000 20.000008 0.000020 -26.752176 0.000010 0.000016 -40.128258 180.000000 -179.999985 153.274567
-98.698097 153.279846 14.024213 87.283920 179.891678 -177.648880 179.089813 -164.332825 -174.308273 170.686188 149.824860 170.921494 179.477158 -164.774780 175.522385 176.561493 -132.229767 -162.547226 60.760872 106.346107 45.309467 178.058151 -167.286743 -173.648529 0.166264 6.860795 0.666738 0.192904 6.727344 1.127656 0.673261 4.841697 1.565843 0.000035 0.565082 0.469639 0.000029 0.659263 0.486427 172.759384 179.481491 -179.778290 8.799509 0.470189 -0.354108 22.339779 -22.602148 68.245171 14.935800 -8.517702 2.009018 177.379379 -178.854904 172.761322 48.015667 43.470516 9.336623 179.999924 179.999802 -171.505875 179.999924 179.999863 -174.342911 0.000000 -0.000000 0.000002 14.999721 0.000930 29.781107 179.999435 179.999451 -155.633667 179.999481 179.999832 -162.943542 0.000000 -0.000000 0.000002 179.999588 179.998810 -144.889572 179.998962 179.999268 -144.889542 179.999161 179.999985 -156.616440 0.000000 -0.000000 0.000002 170.000458 -179.998779 -144.944489 0.001081 -0.000739 35.055462 0.000863 0.000009 23.346970 0.000000 -0.000000 0.000002 159.999176 179.997787 -162.847504 179.997849 179.997192 -154.271240 179.997894 179.998932 -162.864639 176.396027 -177.979813 178.180099 168.925507 -175.024918 103.337006 168.866943 -179.372635 176.073822 2.894873 -2.390661 2.157167 120.727722 124.992569 158.911118 179.999969 -179.999969 173.955811 179.999985 -179.999985 175.974579 0.000000 0.000000 -0.000002 165.001038 179.998611 150.309509 0.001312 0.000574 -24.292204 0.000999 -0.000010 -17.004539 0.000000 0.000000 -0.000002 0.000771 0.001041 -37.142365 0.001239 0.000354 -37.142368 0.000803 -0.000314 -24.736835 0.000000 0.000000 -0.000002 10.000514 0.000700 -35.005264 0.000817 0.000283 -35.005238 0.000554 -0.000166 -23.313513 0.000000 0.000000 -0.000002 20.000051 0.000089 -26.747187 0.000142 0.000075 -40.120777 0.000108 -0.000025 -26.720407
-99.020370 153.522476 14.180099 87.343536 179.855072 -177.445282 178.974152 -164.972870 -174.632111 171.191254 150.694504 171.227631 179.330338 -165.023499 175.526901 175.713516 -131.031570 -161.978287 60.963932 106.627800 44.945419 178.244690 -166.367142 -173.557968 0.185796 6.837658 0.600673 0.217067 6.704557 1.026307 0.808519 4.824889 1.446663 0.000026 0.593494 0.458725 0.000050 0.692397 0.475110 172.719330 179.457886 -179.788315 8.803091 0.462743 -0.299920 22.936165 -22.826202 67.838371 15.875522 -8.877625 1.817591 177.449005 -179.173981 172.900604 47.921501 43.624016 9.272939 179.999985 179.999969 -171.530701 179.999985 179.999985 -174.359436 0.000002 -0.000002 -0.000002 14.999910 0.000242 29.683250 179.999847 179.999847 -155.713715 179.999847 179.999954 -162.999588 0.000002 -0.000002 -0.000002 179.999725 179.999283 -144.995834 179.999374 179.999557 -144.995804 179.999496 -179.999985 -156.687210 0.000002 -0.000002 -0.000002 170.000397 -179.998932 -144.852890 0.000954 -0.000642 35.147079 0.000777 0.000012 23.407967 0.000002 -0.000002 -0.000002 159.999496 179.998642 -163.041779 179.998672 179.998291 -154.562653 179.998703 179.999329 -163.058731 176.493057 -177.957428 178.086441 169.288193 -175.656433 103.016121 169.546036 -179.411591 176.219910 2.595105 -2.529813 2.230766 120.519455 125.006203 158.709824 0.000037 0.000038 -6.034215 0.000027 0.000023 -4.018782 0.000000 -0.000000 0.000002 165.000839 179.998810 150.156754 0.001090 0.000517 -24.417219 0.000822 0.000000 -17.092026 0.000000 -0.000000 0.000002 0.000565 0.000814 -37.261761 0.000948 0.000298 -37.261753 0.000639 -0.000220 -24.816345 0.000000 -0.000000 0.000002 10.000466 0.000692 -35.076004 0.000794 0.000299 -35.076008 0.000548 -0.000138 -23.360613 0.000000 -0.000000 0.000002 20.000004 0.000023 -26.760395 0.000043 0.000032 -40.140617 0.000022 -0.000004 -26.733650
-99.355034 153.751144 14.341683 87.402046 179.809021 -177.252335 178.886475 -165.594162 -174.959518 171.557159 151.559692 171.498596 179.272110 -165.260162 175.513519 174.871231 -129.912766 -161.411270 61.437592 106.648399 44.876373 178.326019 -165.548798 -173.450378 0.206161 6.807773 0.537367 0.241265 6.675202 0.930138 0.942705 4.803729 1.333992 0.000028 0.626817 0.439718 0.000034 0.731290 0.455434 172.685730 179.430801 -179.803741 8.803358 0.455166 -0.244022 23.635502 -23.014006 67.392639 16.810173 -8.956513 1.728368 177.507645 -179.130173 172.893860 47.810474 43.711136 9.206116 179.999985 179.999924 -171.532043 179.999985 179.999954 -174.360336 180.000000 180.000000 -180.000000 14.999954 0.000163 29.657600 179.999893 179.999893 -155.734680 179.999924 179.999985 -163.014267 180.000000 180.000000 -180.000000 179.999847 179.999527 -145.068817 179.999588 179.999725 -145.068787 179.999680 179.999985 -156.735840 180.000000 180.000000 -180.000000 170.000275 -179.999313 -144.745529 0.000610 -0.000404 35.254467 0.000491 0.000013 23.479481 180.000000 180.000000 -180.000000 159.999725 179.999252 -163.184906 179.999268 179.999069 -154.777313 179.999283 179.999634 -163.201706 176.593018 -177.938797 177.989914 169.706985 -176.244720 102.703117 170.244415 -179.480011 176.378067 2.340588 -2.611717 2.293849 120.439690 125.045753 158.628601 0.000055 0.000053 -6.037939 0.000038 0.000030 -4.021266 0.000002 -0.000000 0.000000 165.000626 179.999069 150.002380 0.000818 0.000416 -24.543499 0.000636 0.000018 -17.180456 0.000002 -0.000000 0.000000 0.000422 0.000644 -37.366592 0.000704 0.000243 -37.366589 0.000496 -0.000157 -24.886150 0.000002 -0.000000 0.000000 10.000332 0.000510 -35.167667 0.000574 0.000236 -35.167675 0.000389 -0.000092 -23.421669 0.000002 -0.000000 0.000000 20.000019 0.000020 -26.763512 0.000032 0.000021 -40.145252 0.000025 -0.000001 -26.736757
-99.705902 153.966141 14.513278 87.456345 179.753510 -177.078598 178.777328 -166.204117 -175.274612 172.027023 152.389328 171.795105 179.123398 -165.476318 175.522736 174.220032 -128.887985 -160.837372 62.494797 106.538750 45.556534 178.376709 -164.814697 -173.384476 0.229019 6.771302 0.478427 0.266431 6.639417 0.842035 1.079888 4.778010 1.232047 0.000022 0.664343 0.412616 0.000042 0.775048 0.427350 172.657318 179.400772 -179.824463 8.799945 0.447750 -0.187772 24.405207 -23.174232 66.916069 17.717789 -9.005662 1.630643 177.562195 -179.005173 172.850449 47.757519 43.734058 9.161733 179.999954 179.999847 -171.534241 179.999954 179.999893 -174.361816 0.000000 -0.000000 0.000000 14.999969 0.000087 29.638031 179.999939 179.999954 -155.750687 179.999954 179.999985 -163.025497 0.000000 -0.000000 0.000000 179.999863 179.999664 -145.120743 179.999710 179.999802 -145.120758 179.999756 -179.999985 -156.770416 0.000000 -0.000000 0.000000 170.000244 -179.999420 -144.672607 0.000523 -0.000326 35.327381 0.000401 0.000033 23.528027 0.000000 -0.000000 0.000000 159.999756 179.999374 -163.263580 179.999359 179.999207 -154.895355 179.999390 179.999710 -163.280319 176.698120 -177.923080 177.888016 170.348633 -176.788879 102.348312 170.901382 -179.867630 176.573196 2.150804 -2.756282 2.337488 120.526939 125.202377 158.764984 0.000086 0.000080 -6.043209 0.000062 0.000048 -4.024776 0.000003 -0.000000 0.000000 165.000351 179.999451 149.854111 0.000467 0.000248 -24.664803 0.000382 0.000030 -17.265360 0.000003 -0.000000 0.000000 0.000244 0.000398 -37.465832 0.000439 0.000163 -37.465832 0.000289 -0.000091 -24.952230 0.000003 -0.000000 0.000000 10.000542 0.000892 -35.207230 0.000961 0.000416 -35.207237 0.000673 -0.000150 -23.448006 0.000003 -0.000000 0.000000 20.000019 0.000054 -26.763792 0.000089 0.000056 -40.145699 0.000069 -0.000010 -26.737032
-100.063133 154.167114 14.692314 87.505188 179.688736 -176.920212 178.528397 -166.790939 -175.581207 172.523712 153.188034 172.091797 179.080078 -165.672760 175.510040 173.658615 -127.954262 -160.264847 63.987972 106.273476 46.772755 178.372101 -164.149002 -173.340714 0.255263 6.728456 0.422633 0.292825 6.597331 0.760246 1.221449 4.747866 1.138710 0.000031 0.705251 0.378457 0.000021 0.822793 0.391979 172.632523 179.368393 -179.849823 8.786692 0.439690 -0.128162 25.334881 -23.284721 66.390152 18.596292 -9.133265 1.464466 177.605957 -178.873688 172.806549 47.641624 43.723583 8.994849 179.999969 179.999878 -171.559280 179.999969 179.999939 -174.378479 0.000002 0.000000 -0.000003 14.999971 0.000084 29.626867 179.999954 179.999954 -155.759842 179.999969 179.999985 -163.031906 0.000002 0.000000 -0.000003 179.999878 179.999695 -145.162643 179.999725 179.999832 -145.162643 179.999771 -179.999985 -156.798309 0.000002 0.000000 -0.000003 170.000168 -179.999634 -144.593842 0.000342 -0.000197 35.406166 0.000288 0.000011 23.580502 0.000002 0.000000 -0.000003 159.999847 179.999603 -163.352402 179.999603 179.999542 -155.028625 179.999634 179.999847 -163.369049 176.816849 -177.907639 177.777756 170.711975 -177.295105 102.102005 171.636642 -179.976105 176.756866 2.012913 -2.844624 2.376987 120.694336 125.404373 158.977066 0.000046 0.000042 -6.062101 0.000031 0.000025 -4.037358 0.000000 0.000000 -0.000003 165.000305 179.999542 149.763199 0.000385 0.000205 -24.739216 0.000306 0.000012 -17.317438 0.000000 0.000000 -0.000003 0.000126 0.000187 -37.541218 0.000202 0.000073 -37.541210 0.000149 -0.000042 -25.002470 0.000000 0.000000 -0.000003 10.000051 0.000085 -35.402210 0.000084 0.000039 -35.402206 0.000078 -0.000006 -23.577866 0.000000 0.000000 -0.000003 19.999987 -0.000023 -26.778637 179.999969 -179.999985 139.832062 179.999985 179.999985 153.248138
-100.428665 154.354523 14.866286 87.550034 179.615723 -176.771637 178.549026 -167.356094 -175.891434 172.761032 153.980927 172.323044 178.994568 -165.852798 175.522552 172.955887 -127.099655 -159.705032 65.553795 105.743362 48.014172 178.320709 -163.520142 -173.327576 0.282160 6.679767 0.368925 0.319178 6.549547 0.683123 1.361794 4.713895 1.051044 0.000030 0.748792 0.338075 0.000030 0.873587 0.350159 172.616638 179.334335 -179.879135 8.769467 0.431128 -0.065709 26.329935 -23.368511 65.838409 19.419918 -9.314338 1.246387 177.672470 -178.795197 172.792557 47.516640 43.783871 8.873225 179.999939 179.999847 -171.574905 179.999954 179.999908 -174.388885 0.000002 0.000003 -0.000003 14.999993 -0.000008 29.609034 180.000000 179.999985 -155.774445 0.000006 -0.000008 16.957891 0.000002 0.000003 -0.000003 179.999924 179.999802 -145.214462 179.999832 179.999878 -145.214462 179.999863 -179.999985 -156.832840 0.000002 0.000003 -0.000003 170.000122 -179.999725 -144.532471 0.000239 -0.000139 35.467491 0.000198 0.000013 23.621347 0.000002 0.000003 -0.000003 159.999893 179.999756 -163.415039 179.999741 179.999695 -155.122589 179.999771 179.999878 -163.431625 176.957764 -177.891205 177.657166 171.145844 -177.764633 101.860657 172.401505 179.995804 176.933197 1.918258 -2.826241 2.423395 120.752853 125.592751 159.080521 0.000011 0.000009 -6.074374 0.000006 0.000005 -4.045522 180.000000 -179.999985 180.000000 165.000137 179.999756 149.663727 0.000196 0.000112 -24.820572 0.000150 0.000012 -17.374405 180.000000 -179.999985 180.000000 0.000058 0.000112 -37.580013 0.000114 0.000047 -37.580021 0.000095 -0.000019 -25.028313 180.000000 -179.999985 180.000000 9.999942 -0.000099 -35.430317 179.999924 -179.999954 144.569656 179.999939 179.999985 156.403412 180.000000 -179.999985 180.000000 19.999880 -0.000204 -26.787813 179.999725 -179.999817 139.818268 179.999771 179.999985 153.238968
-100.788818 154.529922 15.052279 87.588860 179.535751 -176.633072 178.239822 -167.890961 -176.187775 173.156235 154.724121 172.574097 179.082245 -166.014679 175.498917 172.078918 -126.315323 -159.157486 67.232147 104.952911 49.285725 178.271072 -162.940628 -173.344467 0.310136 6.625893 0.317654 0.344365 6.496708 0.611409 1.495406 4.676617 0.969506 0.000015 0.793960 0.289102 0.000013 0.926284 0.299446 172.622314 179.299530 -179.913544 8.762786 0.424302 -0.005728 27.238274 -23.465807 65.295799 20.159510 -9.434741 1.058895 177.769089 -178.697830 172.772415 47.479584 43.837963 8.798306 179.999939 179.999847 -171.608261 179.999954 179.999908 -174.411102 0.000002 -0.000000 0.000000 14.999982 0.000052 29.612009 179.999969 179.999985 -155.771988 179.999985 179.999985 -163.040405 0.000002 -0.000000 0.000000 179.999924 179.999817 -145.253433 179.999832 179.999878 -145.253433 179.999863 -179.999985 -156.858795 0.000002 -0.000000 0.000000 170.000061 -179.999893 -144.471954 0.000105 -0.000064 35.528084 0.000084 0.000003 23.661684 0.000002 -0.000000 0.000000 159.999939 179.999817 -163.465866 179.999802 179.999756 -155.198792 179.999817 179.999908 -163.482391 177.120117 -177.875381 177.529007 172.061234 -178.197128 101.501572 173.065979 179.409607 177.188629 1.892659 -2.824472 2.452834 120.678108 125.694534 159.026154 0.000002 0.000005 -6.078505 0.000002 -0.000002 -4.048296 0.000000 -0.000000 0.000002 165.000046 179.999924 149.598267 0.000053 0.000031 -24.874140 0.000054 0.000011 -17.411900 0.000000 -0.000000 0.000002 179.999985 -179.999954 142.383408 179.999969 -179.999985 142.383408 179.999985 179.999985 154.947342 0.000000 -0.000000 0.000002 9.999871 -0.000247 -35.422005 179.999741 -179.999863 144.578018 179.999817 179.999985 156.408951 0.000000 -0.000000 0.000002 19.999819 -0.000373 -26.755764 179.999527 -179.999634 139.866364 179.999588 179.999985 153.270981
-101.143303 154.695007 15.243948 87.623009 179.449982 -176.505157 177.726028 -168.409241 -176.474915 173.586792 155.451782 172.820526 179.333435 -166.168579 175.445724 171.470123 -125.645386 -158.663498 69.826904 104.149239 51.605339 178.156387 -162.463715 -173.305115 0.337773 6.567376 0.268601 0.369156 6.439316 0.544170 1.626003 4.636344 0.893209 0.000020 0.839694 0.231067 0.000014 0.979645 0.239325 172.651169 179.265030 -179.953201 8.766238 0.419812 0.053157 27.773787 -23.653757 64.820938 20.855074 -9.317437 1.020764 177.840057 -178.644958 172.794556 47.555313 43.984947 8.862370 179.999954 179.999893 -171.649643 179.999969 179.999939 -174.438660 0.000000 -0.000000 0.000000 14.999967 0.000055 29.600609 179.999969 179.999969 -155.781311 179.999985 179.999985 -163.046936 0.000000 -0.000000 0.000000 179.999939 179.999847 -145.306915 179.999863 179.999908 -145.306931 179.999893 -179.999985 -156.894424 0.000000 -0.000000 0.000000 170.000015 -179.999954 -144.434692 0.000040 -0.000022 35.565304 0.000032 0.000002 23.686493 0.000000 -0.000000 0.000000 159.999939 179.999847 -163.519043 179.999847 179.999817 -155.278580 179.999847 179.999924 -163.535538 177.293167 -177.861725 177.403397 172.671417 -178.595001 101.251015 173.806351 179.158188 177.410568 1.949195 -2.775104 2.464770 120.647858 125.727432 158.999847 180.000000 -179.999985 173.919067 180.000000 -179.999985 175.950104 0.000000 -0.000005 0.000000 164.999939 -179.999893 149.563736 179.999908 -179.999939 155.097610 179.999939 -179.999985 162.568329 0.000000 -0.000005 0.000000 179.999939 -179.999847 142.387848 179.999847 -179.999924 142.387848 179.999893 179.999985 154.950317 0.000000 -0.000005 0.000000 9.999866 -0.000285 -35.353657 179.999725 -179.999847 144.646378 179.999817 179.999969 156.454483 0.000000 -0.000005 0.000000 19.999792 -0.000464 -26.659821 179.999420 -179.999527 140.010284 179.999496 179.999985 153.366837
-101.505043 154.850800 15.440745 87.653419 179.359573 -176.388062 177.327560 -168.920334 -176.762909 173.960052 156.173096 173.045914 179.510681 -166.318481 175.428284 170.811981 -125.092644 -158.258148 73.084114 103.135323 54.512367 178.001633 -162.080887 -173.225037 0.363868 6.504790 0.221086 0.394383 6.377908 0.480335 1.757826 4.593328 0.821231 0.000003 0.885491 0.167930 0.000004 1.033083 0.173924 172.693985 179.230759 -179.995728 8.774813 0.417857 0.113498 28.255932 -23.848146 64.354210 21.519278 -9.223368 0.961037 177.883102 -178.635117 172.857117 47.690025 44.164879 8.990628 179.999985 179.999969 -171.695618 179.999985 179.999969 -174.469284 180.000000 -179.999985 -179.999985 14.999980 0.000046 29.575399 179.999985 179.999969 -155.801956 179.999985 179.999985 -163.061371 180.000000 -179.999985 -179.999985 179.999969 179.999878 -145.375488 179.999908 179.999939 -145.375488 179.999939 -179.999985 -156.940079 180.000000 -179.999985 -179.999985 170.000000 -179.999985 -144.414444 0.000016 -0.000018 35.585556 0.000004 0.000001 23.699984 180.000000 -179.999985 -179.999985 159.999954 179.999878 -163.585373 179.999893 179.999847 -155.378067 179.999893 179.999954 -163.601776 177.469376 -177.851471 177.288422 173.165054 -178.962204 101.048508 174.563812 178.999832 177.622421 2.100262 -2.742394 2.441970 120.628983 125.708511 158.979202 179.999985 -179.999985 173.922256 180.000000 -179.999985 175.952209 0.000000 -0.000000 0.000002 164.999908 -179.999832 149.600342 179.999863 -179.999908 155.127563 179.999893 -179.999985 162.589294 0.000000 -0.000000 0.000002 179.999954 -179.999847 142.446732 179.999878 -179.999939 142.446747 179.999908 179.999985 154.989532 0.000000 -0.000000 0.000002 9.999904 -0.000238 -35.239178 179.999802 -179.999878 144.760834 179.999847 179.999985 156.530716 0.000000 -0.000000 0.000002 19.999874 -0.000322 -26.473366 179.999603 -179.999649 140.289948 179.999664 -179.999985 153.553116
-101.884079 154.997833 15.622986 87.678116 179.265549 -176.281693 177.148682 -169.429977 -177.061584 173.794098 156.940170 173.176163 179.985855 -166.465073 175.362213 170.358536 -124.649261 -157.946075 77.709015 102.203506 58.906815 177.841141 -161.750031 -173.136703 0.389163 6.438584 0.174626 0.420155 6.312976 0.419708 1.891353 4.547937 0.753349 0.000002 0.931174 0.102352 0.000011 1.086385 0.106013 172.746002 179.196732 179.960464 8.787747 0.419262 0.174720 28.599964 -24.067240 63.924641 22.169849 -9.036353 0.949300 177.921478 -178.622025 172.919998 47.819294 44.355320 9.148326 179.999985 179.999985 -171.726730 179.999985 179.999985 -174.490005 0.000000 0.000003 0.000000 14.999990 0.000026 29.543430 179.999985 179.999985 -155.828110 180.000000 -179.999985 -163.079666 0.000000 0.000003 0.000000 179.999985 179.999939 -145.451263 179.999969 179.999985 -145.451263 179.999969 -179.999985 -156.990540 0.000000 0.000003 0.000000 170.000000 -179.999985 -144.401047 0.000002 -0.000006 35.598934 0.000007 -0.000001 23.708897 0.000000 0.000003 0.000000 160.000000 179.999969 -163.663162 179.999985 179.999969 -155.494736 179.999985 179.999985 -163.679489 177.645905 -177.846390 177.188507 173.682907 -179.296051 100.854828 175.313034 178.830490 177.831085 2.311255 -2.655773 2.396688 120.675972 125.693283 159.039352 180.000000 180.000000 173.929459 0.000002 0.000000 -4.042985 0.000000 -0.000000 0.000000 164.999954 -179.999878 149.709763 179.999924 -179.999939 155.217087 179.999939 -179.999985 162.651947 0.000000 -0.000000 0.000000 179.999969 -179.999893 142.530411 179.999893 -179.999939 142.530426 179.999924 179.999985 155.045258 0.000000 -0.000000 0.000000 9.999955 -0.000107 -35.095810 179.999893 -179.999939 144.904190 179.999924 180.000000 156.626190 0.000000 -0.000000 0.000000 19.999950 -0.000154 -26.269552 179.999832 -179.999832 140.595688 179.999847 -179.999985 153.756729
-102.272240 155.143417 15.828219 87.709488 179.168610 -176.172852 176.975113 -169.935272 -177.343246 174.216721 157.633301 173.400452 179.858475 -166.602295 175.422195 169.761627 -124.205513 -157.614090 82.997238 101.248283 63.902641 177.649231 -161.411575 -173.027832 0.411313 6.369847 0.127581 0.444783 6.245601 0.359391 2.019108 4.500929 0.685222 0.000122 0.978841 0.034293 0.000142 1.141943 0.035529 172.805176 179.161484 179.915146 8.806937 0.423366 0.236294 28.863392 -24.300064 63.510658 22.825407 -8.817058 0.952758 177.964096 -178.646927 173.013916 47.984951 44.586159 9.362849 179.999893 179.999802 -171.757706 179.999924 179.999863 -174.510635 180.000000 179.999985 180.000000 14.999848 0.000415 29.495594 179.999710 179.999756 -155.867249 179.999756 179.999924 -163.107086 180.000000 179.999985 180.000000 179.999573 179.999039 -145.539597 179.999100 179.999451 -145.539581 179.999313 -179.999969 -157.049347 180.000000 179.999985 180.000000 170.000214 -179.999573 -144.406372 0.000413 -0.000244 35.593620 0.000309 0.000042 23.705362 180.000000 179.999985 180.000000 159.999374 179.998581 -163.656052 179.998505 179.998245 -155.484055 179.998611 179.999329 -163.672363 177.829178 -177.844101 177.093994 174.318771 -179.602661 100.641296 176.085861 178.551590 178.068130 2.521914 -2.563267 2.355653 118.638107 125.161346 157.605728 0.014901 0.015418 -5.589597 0.010942 0.009185 -3.722648 180.000000 -180.000000 -180.000000 164.998901 -179.996674 149.871109 179.997864 -179.998093 155.349106 179.998077 -179.999405 162.744370 180.000000 -180.000000 -180.000000 179.999054 -179.996887 142.674500 179.997375 -179.998077 142.674530 179.997818 179.999954 155.141235 180.000000 -180.000000 -180.000000 9.999151 -0.003063 -34.954498 179.997543 -179.997940 145.045502 179.997894 -179.999817 156.720337 180.000000 -180.000000 -180.000000 19.999102 -0.003713 -26.058992 179.996384 -179.995544 140.911469 179.996262 -179.999207 153.967056
-102.681564 155.264694 16.051153 87.714485 179.064484 -176.087769 176.644440 -170.395981 -177.589676 174.903015 158.218414 173.643845 179.632858 -166.695007 175.513870 169.508377 -123.930344 -157.492722 90.554909 100.524391 71.314316 177.519867 -161.152206 -172.964188 0.438294 6.296431 0.080668 0.472778 6.173536 0.304549 2.161567 4.450686 0.625205 0.000102 1.022326 -0.033690 0.000125 1.192678 -0.034872 172.871826 179.129272 179.870483 8.819486 0.428983 0.301953 29.194069 -24.521727 63.092117 23.410154 -8.613709 0.943694 177.990738 -178.632339 173.064087 47.911610 44.673630 9.323343 179.999847 179.999680 -171.763062 179.999847 179.999817 -174.514191 180.000000 180.000000 -180.000000 14.999864 0.000329 29.468531 179.999786 179.999847 -155.889389 179.999817 179.999969 -163.122589 180.000000 180.000000 -180.000000 179.999680 179.999298 -145.603561 179.999329 179.999588 -145.603546 179.999481 -179.999969 -157.091965 180.000000 180.000000 -180.000000 170.000137 -179.999725 -144.374268 0.000270 -0.000166 35.625725 0.000209 0.000014 23.726740 180.000000 180.000000 -180.000000 159.999588 179.999039 -163.753510 179.998978 179.998795 -155.630264 179.999039 179.999542 -163.769760 177.995941 -177.853409 177.024368 174.900970 -179.879868 100.469040 176.789398 178.298538 178.277969 2.819618 -2.375500 2.253362 123.216393 126.335548 161.044006 0.000191 0.000183 -6.549530 0.000145 0.000106 -4.361994 0.000000 -0.000000 0.000000 164.999100 -179.996948 150.031631 179.998154 -179.998199 155.480438 179.998291 -179.999390 162.836304 0.000000 -0.000000 0.000000 179.999237 -179.996948 142.815720 179.997543 -179.998047 142.815735 179.997894 -179.999939 155.235291 0.000000 -0.000000 0.000000 9.999414 -0.002688 -34.799385 179.998001 -179.998154 145.200638 179.998199 -179.999741 156.823608 0.000000 -0.000000 0.000000 19.999416 -0.003164 -25.867264 179.997162 -179.996063 141.199112 179.996872 -179.999130 154.158600
-103.103447 155.375687 16.261919 87.703369 178.962082 -176.017563 176.399368 -170.849869 -177.839539 175.176300 158.818039 173.819351 179.732269 -166.774872 175.549667 169.383347 -123.742607 -157.487808 99.536934 100.039093 80.195526 177.458572 -160.922775 -172.947678 0.468807 6.223593 0.034816 0.503267 6.102056 0.253049 2.314684 4.400774 0.570323 0.000082 1.062431 -0.100179 0.000110 1.239480 -0.103781 172.937561 179.099792 179.827148 8.826067 0.433205 0.366608 29.509624 -24.747890 62.684032 23.958363 -8.374402 0.969414 178.006119 -178.575409 173.071075 48.030857 44.792747 9.438271 179.999924 179.999832 -171.792603 179.999939 179.999893 -174.533875 180.000000 180.000000 -179.999985 14.999864 0.000325 29.450718 179.999756 179.999817 -155.903946 179.999817 179.999954 -163.132782 180.000000 180.000000 -179.999985 179.999725 179.999359 -145.652008 179.999420 179.999649 -145.652008 179.999542 -179.999969 -157.124222 180.000000 180.000000 -179.999985 170.000168 -179.999649 -144.360428 0.000307 -0.000172 35.639572 0.000240 0.000031 23.735939 180.000000 180.000000 -179.999985 159.999664 179.999207 -163.823059 179.999161 179.999008 -155.734573 179.999207 179.999619 -163.839218 178.149673 -177.865051 176.965698 175.387161 179.844437 100.336510 177.402100 178.111282 178.463608 3.209496 -2.179824 2.115760 123.524529 126.516014 161.415314 0.000223 0.000189 -6.561088 0.000162 0.000105 -4.369686 0.000000 -0.000000 0.000002 164.999329 -179.997238 150.198242 179.998428 -179.998322 155.616776 179.998505 -179.999374 162.931717 0.000000 -0.000000 0.000002 179.999557 -179.997604 143.000641 179.998199 -179.998367 143.000656 179.998398 -179.999847 155.358459 0.000000 -0.000000 0.000002 9.999628 -0.002556 -34.661167 179.998215 -179.998108 145.338852 179.998306 -179.999634 156.915680 0.000000 -0.000000 0.000002 19.999743 -0.002525 -25.675362 179.998016 -179.996780 141.486938 179.997635 -179.999146 154.350296
-103.542534 155.475739 16.475948 87.678932 178.868530 -175.963028 176.194397 -171.313309 -178.089737 175.458450 159.396332 174.002640 179.787338 -166.840424 175.605652 169.389877 -123.643692 -157.603897 109.498459 99.995255 90.164879 177.530182 -160.700577 -173.009491 0.501150 6.154166 -0.010068 0.535669 6.033876 0.204280 2.476101 4.353457 0.519739 0.000070 1.097943 -0.162687 0.000077 1.280914 -0.168488 173.000687 179.073868 179.786636 8.833795 0.435784 0.426130 29.821474 -24.974184 62.288853 24.477352 -8.157741 0.979407 178.013794 -178.528915 173.076553 48.022247 44.834839 9.409136 179.999969 179.999924 -171.813187 179.999985 179.999954 -174.547592 0.000000 -0.000003 0.000000 14.999913 0.000216 29.418922 179.999847 179.999893 -155.929977 179.999847 179.999969 -163.151001 0.000000 -0.000003 0.000000 179.999771 179.999496 -145.703186 179.999512 179.999710 -145.703171 179.999603 -179.999985 -157.158310 0.000000 -0.000003 0.000000 170.000076 -179.999817 -144.327835 0.000174 -0.000105 35.672123 0.000135 0.000013 23.757635 0.000000 -0.000003 0.000000 159.999634 179.999191 -163.876892 179.999161 179.998962 -155.815323 179.999222 179.999619 -163.893005 178.290833 -177.876862 176.919571 175.850784 179.565598 100.221077 177.922943 177.883575 178.647827 3.656225 -1.960888 1.945606 123.754555 126.731483 161.694519 0.000185 0.000134 -6.583656 0.000130 0.000075 -4.384706 0.000000 -0.000000 0.000005 164.999512 -179.997635 150.376358 179.998718 -179.998520 155.762466 179.998749 -179.999420 163.033752 0.000000 -0.000000 0.000005 179.999725 -179.998001 143.159363 179.998566 -179.998566 143.159378 179.998672 -179.999802 155.464142 0.000000 -0.000000 0.000005 9.999789 -0.002106 -34.489594 179.998642 -179.998383 145.510422 179.998657 -179.999619 157.029922 0.000000 -0.000000 0.000005 19.999922 -0.001940 -25.500111 179.998627 -179.997421 141.749847 179.998199 -179.999207 154.525406
-103.998497 155.564026 16.697844 87.641235 178.786621 -175.924362 175.901657 -171.773758 -178.332733 175.920532 159.929688 174.209793 179.756424 -166.891663 175.688782 169.394608 -123.619652 -157.816544 119.852608 100.239174 100.505753 177.638031 -160.614838 -173.078308 0.534893 6.089487 -0.054925 0.569939 5.970363 0.156858 2.645700 4.309700 0.471669 0.000057 1.127939 -0.218317 0.000071 1.315905 -0.226107 173.058746 179.052124 179.750900 8.841534 0.438721 0.485284 30.228703 -25.174482 61.886513 24.985271 -8.018648 0.910467 178.013870 -178.494293 173.089890 47.230568 44.671558 8.949458 179.997650 179.995728 -171.616638 179.998062 179.997406 -174.416687 0.000002 0.000000 -0.000003 14.999900 0.000276 29.405382 179.999817 179.999847 -155.941071 179.999847 179.999969 -163.158737 0.000002 0.000000 -0.000003 179.999802 179.999512 -145.747040 179.999557 179.999725 -145.747070 179.999649 -179.999985 -157.187546 0.000002 0.000000 -0.000003 170.000046 -179.999878 -144.308243 0.000104 -0.000057 35.691750 0.000079 0.000010 23.770691 0.000002 0.000000 -0.000003 159.999786 179.999466 -163.959747 179.999451 179.999313 -155.939606 179.999466 179.999725 -163.975784 178.418274 -177.889114 176.888824 176.480362 179.281342 100.068474 178.360703 177.495102 178.866043 4.109341 -1.670300 1.757219 123.915543 126.941757 161.887161 0.000095 0.000052 -6.612105 0.000069 0.000027 -4.403666 180.000000 -180.000000 180.000000 164.999680 -179.998276 150.572647 179.999084 -179.998886 155.923080 179.999100 -179.999557 163.146164 180.000000 -180.000000 180.000000 179.999802 -179.998184 143.303741 179.998764 -179.998657 143.303757 179.998810 -179.999771 155.560287 180.000000 -180.000000 180.000000 9.999897 -0.002035 -34.344749 179.998779 -179.998383 145.655289 179.998703 -179.999573 157.126389 180.000000 -180.000000 180.000000 20.000006 -0.001957 -25.370960 179.998764 -179.997345 141.943588 179.998260 -179.999115 154.654388
-104.478661 155.640823 16.900372 87.591431 178.719147 -175.901611 176.946167 -172.305038 -178.623749 175.054672 160.552460 174.279236 179.687134 -166.939896 175.801193 169.549088 -123.691422 -158.154068 129.290329 101.003113 110.057076 177.991867 -160.792404 -173.210190 0.567126 6.031891 -0.099383 0.605587 5.913785 0.111586 2.821276 4.271169 0.426997 0.000016 1.151035 -0.267306 0.000037 1.342882 -0.276874 173.113205 179.035721 179.719818 8.849380 0.441893 0.543173 30.565807 -25.388519 61.509048 25.488754 -7.857175 0.851096 178.008987 -178.465042 173.110764 48.739265 45.066242 9.600814 0.000077 -0.000122 7.873268 0.000062 -0.000075 5.243593 0.000000 0.000003 0.000000 14.999907 0.000251 29.377773 179.999832 179.999878 -155.963623 179.999847 179.999954 -163.174576 0.000000 0.000003 0.000000 179.999863 179.999664 -145.804123 179.999695 179.999802 -145.804108 179.999771 -179.999985 -157.225540 0.000000 0.000003 0.000000 170.000031 -179.999924 -144.295898 0.000091 -0.000051 35.704079 0.000057 0.000007 23.778921 0.000000 0.000003 0.000000 159.999802 179.999496 -164.014404 179.999512 179.999359 -156.021606 179.999542 179.999741 -164.030396 178.535034 -177.899612 176.868027 177.008301 178.995438 99.953026 178.766541 177.231201 179.044357 4.563995 -1.342163 1.540165 123.902199 127.103607 161.889282 0.000018 0.000007 -6.634263 0.000018 0.000004 -4.418424 0.000000 0.000000 -0.000002 164.999756 -179.998383 150.714310 179.999191 -179.998932 156.039032 179.999191 -179.999557 163.227295 0.000000 0.000000 -0.000002 179.999939 -179.998596 143.474518 179.999115 -179.998917 143.474518 179.999084 -179.999771 155.674026 0.000000 0.000000 -0.000002 10.000008 -0.001755 -34.166321 179.999039 -179.998550 145.833694 179.998932 -179.999557 157.245224 0.000000 0.000000 -0.000002 20.000093 -0.001432 -25.180611 179.999237 -179.998032 142.229065 179.998810 -179.999252 154.844559
-104.937935 155.704926 17.135138 87.518913 178.666611 -175.893600 176.194489 -172.728531 -178.821915 176.026230 160.950851 174.523163 179.622589 -166.950211 175.897827 170.022827 -123.883308 -158.662918 136.698639 102.221489 117.699936 178.445175 -161.120651 -173.298691 0.606120 5.982956 -0.144560 0.642187 5.865615 0.069642 3.000407 4.238820 0.387206 0.000006 1.166582 -0.310710 0.000006 1.360994 -0.321802 173.166382 179.025360 179.692886 8.860886 0.445062 0.595021 30.852180 -25.613049 61.146477 25.966633 -7.701989 0.802635 178.000351 -178.436798 173.136856 48.569378 45.117313 9.515963 0.000025 -0.000039 7.902163 0.000026 -0.000032 5.262839 0.000000 -0.000000 0.000000 14.999835 0.000433 29.367973 179.999725 179.999771 -155.971664 179.999741 179.999939 -163.180161 0.000000 -0.000000 0.000000 179.999878 179.999710 -145.844040 179.999741 179.999817 -145.844025 179.999786 -179.999985 -157.252121 0.000000 -0.000000 0.000000 170.000015 -179.999954 -144.282013 0.000050 -0.000034 35.717991 0.000026 0.000007 23.788170 0.000000 -0.000000 0.000000 159.999878 179.999619 -164.079224 179.999634 179.999496 -156.118805 179.999649 179.999802 -164.095123 178.645432 -177.906387 176.850479 177.439301 178.709686 99.875038 179.128403 177.019867 179.197098 5.016202 -1.005567 1.283934 123.702789 127.262627 161.717941 179.999985 179.999985 173.356430 179.999985 179.999985 175.575378 0.000002 0.000002 -0.000003 164.999924 -179.999176 150.928299 179.999603 -179.999451 156.214066 179.999588 -179.999756 163.349854 0.000002 0.000002 -0.000003 0.000002 -0.001281 -36.383320 179.999252 -179.998978 143.616714 179.999191 -179.999741 155.768738 0.000002 0.000002 -0.000003 10.000093 -0.001303 -33.966881 179.999359 -179.998856 146.033127 179.999222 -179.999619 157.378052 0.000002 0.000002 -0.000003 20.000154 -0.001039 -25.017792 179.999557 -179.998505 142.473312 179.999176 -179.999390 155.007233
-105.414795 155.759094 17.350622 87.429764 178.627213 -175.900436 176.601929 -173.205414 -179.054565 175.758667 161.411942 174.635880 179.616623 -166.953629 176.002548 170.563354 -124.107010 -159.268707 142.109024 103.547058 123.336212 178.932602 -161.357346 -173.301147 0.644489 5.941890 -0.189775 0.679589 5.825142 0.030746 3.182730 4.212102 0.351928 0.000011 1.175095 -0.348290 0.000022 1.370932 -0.360729 173.218475 179.020493 179.670242 8.876003 0.449694 0.640326 31.050768 -25.862312 60.793118 26.417381 -7.540046 0.796407 177.990173 -178.420181 173.176804 48.515282 45.174427 9.498007 0.000047 -0.000068 7.905919 0.000043 -0.000036 5.265338 0.000000 -0.000000 0.000000 14.999952 0.000135 29.280464 179.999908 179.999939 -156.043274 179.999924 179.999985 -163.230286 0.000000 -0.000000 0.000000 179.999924 179.999786 -145.893784 179.999832 179.999863 -145.893753 179.999847 180.000000 -157.285248 0.000000 -0.000000 0.000000 170.000015 -179.999985 -144.274277 0.000026 -0.000008 35.725708 0.000030 -0.000006 23.793333 0.000000 -0.000000 0.000000 159.999893 179.999680 -164.138519 179.999725 179.999588 -156.207779 179.999725 179.999847 -164.154373 178.746323 -177.911758 176.835968 177.793716 178.424011 99.828621 179.438461 176.830246 179.331696 5.461672 -0.682945 0.980109 123.374855 127.402496 161.424835 179.999954 179.999985 173.358719 179.999985 179.999985 175.576904 180.000000 179.999985 -180.000000 164.999954 -179.999237 151.029816 179.999695 -179.999481 156.297134 179.999649 -179.999756 163.407990 180.000000 179.999985 -180.000000 0.000067 -0.000968 -36.208801 179.999481 -179.999176 143.791199 179.999390 -179.999756 155.884933 180.000000 179.999985 -180.000000 10.000148 -0.000926 -33.782562 179.999603 -179.999161 146.217438 179.999466 -179.999680 157.500809 180.000000 179.999985 -180.000000 20.000147 -0.000709 -24.869123 179.999786 -179.998947 142.696320 179.999466 -179.999542 155.155731
-105.901466 155.799927 17.564018 87.318649 178.596634 -175.921173 176.848282 -173.652893 -179.265930 175.620514 161.795731 174.743469 179.652100 -166.930176 176.110046 171.062744 -124.268883 -159.910461 145.817688 104.752785 127.270737 179.418640 -161.437210 -173.244934 0.685627 5.906642 -0.235607 0.718054 5.790330 -0.005326 3.369540 4.189505 0.320902 0.000017 1.178004 -0.380073 179.999985 178.625656 179.606369 173.268311 179.020020 179.651596 8.893149 0.456928 0.678347 31.308815 -26.092575 60.429806 26.838442 -7.412912 0.791935 177.971527 -178.355057 173.174652 48.491501 45.260574 9.549767 0.000034 -0.000057 7.922734 0.000026 -0.000032 5.276537 0.000002 0.000003 0.000000 14.999969 0.000100 29.254520 179.999939 179.999939 -156.064514 179.999939 179.999985 -163.245148 0.000002 0.000003 0.000000 179.999954 179.999832 -145.932602 179.999847 179.999893 -145.932571 179.999863 179.999985 -157.311096 0.000002 0.000003 0.000000 170.000000 -179.999985 -144.267593 0.000008 0.000001 35.732414 0.000011 0.000001 23.797789 0.000002 0.000003 0.000000 159.999924 179.999771 -164.202438 179.999817 179.999710 -156.303665 179.999786 179.999878 -164.218216 178.826462 -177.920380 176.827789 178.104568 178.139023 99.801987 179.703857 176.685822 179.443024 5.878831 -0.322186 0.651932 123.007607 127.531067 161.098038 179.999939 179.999985 173.367889 179.999969 179.999985 175.583008 180.000000 179.999985 179.999985 165.000000 -179.999588 151.170044 179.999832 -179.999695 156.411880 179.999802 -179.999847 163.488312 180.000000 179.999985 179.999985 0.000096 -0.000730 -36.042034 179.999649 -179.999359 143.957993 179.999557 -179.999786 155.996017 180.000000 179.999985 179.999985 10.000124 -0.000578 -33.613209 179.999786 -179.999435 146.386780 179.999680 -179.999771 157.613602 180.000000 179.999985 179.999985 20.000149 -0.000452 -24.743904 179.999908 -179.999268 142.884155 179.999664 -179.999664 155.280838
-106.398308 155.829086 17.772755 87.185272 178.570877 -175.954071 177.184570 -174.084885 -179.466553 175.307953 162.129364 174.821381 179.779800 -166.878845 176.209625 171.842560 -124.396912 -160.610413 147.880844 105.951797 129.716492 179.835678 -161.457550 -173.175385 0.729368 5.875192 -0.282134 0.757862 5.759168 -0.038572 3.561766 4.169565 0.294156 0.000015 1.176422 -0.407397 0.000007 1.372494 -0.421952 173.315247 179.023026 179.636078 8.910060 0.466142 0.706348 31.515657 -26.323730 60.089306 27.239489 -7.301760 0.795561 177.952805 -178.315399 173.193527 48.478294 45.344563 9.610815 0.000018 -0.000039 7.939578 0.000020 -0.000021 5.287754 180.000000 180.000000 -180.000000 14.999973 0.000061 29.226336 179.999969 179.999969 -156.087524 179.999969 179.999985 -163.261276 180.000000 180.000000 -180.000000 179.999863 179.999649 -145.946396 179.999710 179.999786 -145.946381 179.999756 179.999985 -157.320297 180.000000 180.000000 -180.000000 170.000000 -179.999985 -144.266525 0.000022 -0.000021 35.733475 0.000017 -0.000000 23.798500 180.000000 180.000000 -180.000000 159.999969 179.999847 -164.260666 179.999878 179.999817 -156.390991 179.999863 179.999924 -164.276398 178.880966 -177.933258 176.825394 178.377304 177.861115 99.791557 179.932922 176.578674 179.534027 6.268265 0.053966 0.292271 122.604736 127.627846 160.753540 179.999939 179.999969 173.394028 179.999969 179.999969 175.600418 180.000000 180.000000 -180.000000 164.999969 179.999207 151.389526 0.000297 0.000567 -23.408546 0.000354 0.000295 -16.385983 180.000000 180.000000 -180.000000 0.000105 -0.000497 -35.876308 179.999786 -179.999527 144.123718 179.999710 -179.999847 156.106384 180.000000 180.000000 -180.000000 10.000148 -0.000468 -33.488811 179.999863 -179.999527 146.511215 179.999756 -179.999786 157.696457 180.000000 180.000000 -180.000000 20.000141 -0.000330 -24.639647 179.999985 -179.999466 143.040527 179.999771 -179.999725 155.384995
-106.890991 155.846909 18.010954 87.032173 178.548828 -175.995819 177.122498 -174.470139 -179.639465 175.501785 162.365189 174.918106 179.812866 -166.802734 176.340179 172.374634 -124.493965 -161.329056 150.277969 106.758209 132.375244 0.058789 -18.492189 6.910094 0.775746 5.847055 -0.329782 0.798396 5.731164 -0.069465 3.757276 4.151968 0.270853 179.999985 178.828705 179.570953 0.000008 1.366509 -0.444391 173.354187 179.028732 179.624130 8.925383 0.475997 0.722905 31.843487 -26.506859 59.747272 27.605017 -7.294966 0.714923 177.920670 -178.244904 173.182724 48.492363 45.418613 9.689685 0.000009 -0.000014 7.954324 0.000003 -0.000014 5.297583 180.000000 180.000000 -180.000000 14.999963 0.000093 29.213398 179.999954 179.999954 -156.098160 179.999939 179.999985 -163.268692 180.000000 180.000000 -180.000000 179.999954 179.999863 -146.078079 179.999878 179.999924 -146.078079 179.999908 -179.999985 -157.407990 180.000000 180.000000 -180.000000 170.000000 179.999969 -144.252548 179.999969 179.999985 -144.252563 179.999985 -179.999985 -156.192200 180.000000 180.000000 -180.000000 159.999939 179.999847 -164.303757 179.999847 179.999802 -156.455612 179.999863 179.999924 -164.319427 178.916901 -177.948578 176.824127 178.615723 177.595154 99.796509 0.125535 3.518966 -0.389546 6.623659 0.429695 -0.094448 122.192413 127.698761 160.423447 179.999969 179.999969 173.438217 179.999985 179.999985 175.629852 180.000000 179.999985 -180.000000 165.000015 -179.999832 151.058105 179.999954 -179.999863 156.320251 179.999924 -179.999939 163.424194 180.000000 179.999985 -180.000000 0.000088 -0.000307 -35.722900 179.999893 -179.999710 144.277115 179.999832 -179.999878 156.208542 180.000000 179.999985 -180.000000 10.000124 -0.000285 -33.342487 179.999954 -179.999710 146.657486 179.999863 -179.999847 157.793900 180.000000 179.999985 -180.000000 20.000114 -0.000216 -24.540348 0.000037 -0.000369 -36.810505 179.999863 -179.999786 155.484207
-107.375923 155.857422 18.260578 86.864319 178.532639 -176.042648 176.849945 -174.818207 -179.797501 175.880219 162.536743 175.006241 179.880325 -166.709534 176.475433 173.370621 -124.634315 -162.090332 151.723190 107.535904 134.223694 179.979156 -161.584686 -172.969452 0.822533 5.823064 -0.379138 0.839069 5.707157 -0.099037 3.952986 4.137355 0.249417 180.000000 178.836517 179.557098 180.000000 178.642593 179.541290 173.378128 179.036224 179.616959 8.937978 0.487057 0.729363 31.978573 -26.720892 59.462254 27.997820 -7.118031 0.814256 177.873993 -178.161469 173.159607 48.412815 45.484356 9.659031 0.000013 -0.000015 7.962389 0.000000 -0.000000 5.302949 0.000000 -0.000000 0.000000 14.999985 0.000042 29.164331 179.999985 179.999985 -156.138275 179.999985 179.999985 -163.296783 0.000000 -0.000000 0.000000 179.999985 179.999939 -146.143524 179.999969 179.999969 -146.143539 179.999969 -180.000000 -157.451599 0.000000 -0.000000 0.000000 170.000000 179.999985 -144.274857 0.000001 0.000003 35.725155 0.000003 -0.000001 23.792971 0.000000 -0.000000 0.000000 160.000000 179.999939 -164.378510 179.999954 179.999924 -156.567764 179.999954 179.999969 -164.394119 178.938858 -177.966278 176.820435 178.844406 177.343597 99.812195 0.277486 3.614269 -0.328667 6.917505 0.816302 -0.485357 121.860138 127.757462 160.165543 179.999985 179.999985 173.478165 179.999985 179.999985 175.656448 0.000000 -0.000000 0.000000 165.000015 -179.999863 151.127090 179.999985 -179.999893 156.376709 179.999954 -179.999939 163.463684 0.000000 -0.000000 0.000000 0.000086 -0.000202 -35.592693 179.999954 -179.999786 144.407303 179.999893 -179.999908 156.295258 0.000000 -0.000000 0.000000 10.000105 -0.000173 -33.221519 179.999985 -179.999817 146.778473 179.999924 -179.999893 157.874466 0.000000 -0.000000 0.000000 20.000111 -0.000150 -24.445169 0.000044 -0.000252 -36.667767 179.999939 -179.999847 155.579269
-107.851326 155.862808 18.502022 86.687004 178.524414 -176.091110 177.019119 -175.168243 -179.965256 175.790512 162.696075 175.052948 179.970871 -166.611603 176.615417 174.625336 -124.834480 -162.879379 152.211075 108.317924 135.279007 179.947556 -161.628723 -172.932724 0.866932 5.804270 -0.430672 0.879287 5.688216 -0.128508 4.146508 4.126727 0.228117 180.000000 178.847336 179.548828 180.000000 178.655243 179.532730 173.390778 179.045990 179.613266 8.946543 0.500151 0.727443 32.097561 -26.922039 59.203518 28.366314 -7.020359 0.846345 177.818604 -178.103210 173.162201 48.401577 45.534588 9.681705 0.000007 -0.000004 7.967247 0.000003 -0.000004 5.306187 0.000000 -0.000000 0.000000 15.000000 0.000026 29.141932 179.999985 179.999985 -156.156616 179.999985 179.999985 -163.309616 0.000000 -0.000000 0.000000 179.999985 179.999985 -146.176514 179.999985 179.999985 -146.176514 179.999985 179.999985 -157.473557 0.000000 -0.000000 0.000000 170.000000 179.999954 -144.265091 179.999969 179.999985 -144.265076 179.999985 179.999985 -156.200546 0.000000 -0.000000 0.000000 160.000000 179.999969 -164.420624 179.999985 179.999939 -156.630951 179.999985 179.999985 -164.436203 178.947464 -177.985291 176.813660 179.037018 177.109451 99.846489 0.388895 3.695602 -0.285528 7.150400 1.197214 -0.879687 121.627586 127.817497 159.993607 179.999985 179.999985 173.507126 179.999985 179.999985 175.675751 0.000000 -0.000000 0.000000 165.000015 -179.999939 151.217438 180.000000 -179.999954 156.450638 179.999969 -179.999969 163.515457 0.000000 -0.000000 0.000000 0.000078 -0.000126 -35.456913 179.999985 -179.999847 144.543106 179.999954 -179.999924 156.385681 0.000000 -0.000000 0.000000 10.000084 -0.000107 -33.104393 0.000009 -0.000126 -33.104378 179.999954 -179.999924 157.952484 0.000000 -0.000000 0.000000 20.000076 -0.000082 -24.348799 0.000049 -0.000182 -36.523186 179.999969 -179.999893 155.675537
-108.317711 155.862686 18.748547 86.501091 178.525375 -176.137772 176.708542 -175.476227 179.889465 176.250381 162.782211 175.119492 179.997665 -166.506927 176.766983 174.991592 -125.024590 -163.619431 154.251770 108.538780 137.572006 179.993652 -161.646698 -172.964951 0.910169 5.791820 -0.485290 0.918455 5.675449 -0.159492 4.335551 4.121063 0.204788 0.000000 1.137522 -0.455843 180.000000 178.672897 179.527878 173.397324 179.059235 179.612061 8.952639 0.515230 0.716785 32.233154 -27.104959 58.966888 28.721048 -6.953198 0.857956 177.750809 -178.037308 173.158890 48.334797 45.559967 9.653996 180.000000 179.999985 -172.019836 0.000000 0.000007 5.314797 0.000000 -0.000000 0.000000 14.999989 0.000012 29.117647 180.000000 179.999985 -156.176483 179.999985 -179.999985 -163.323517 0.000000 -0.000000 0.000000 179.999985 179.999985 -146.210938 179.999985 179.999985 -146.210953 179.999985 179.999985 -157.496475 0.000000 -0.000000 0.000000 170.000000 -179.999985 -144.312576 0.000005 -0.000005 35.687420 0.000005 0.000006 23.767813 0.000000 -0.000000 0.000000 160.000015 179.999985 -164.461166 179.999985 179.999985 -156.691742 179.999985 179.999985 -164.476700 178.943893 -178.004471 176.804276 179.150131 176.897583 99.912544 0.473823 3.708431 -0.276175 7.344799 1.571674 -1.269446 121.452484 127.887939 159.884613 179.999985 179.999985 173.534637 180.000000 179.999985 175.694046 180.000000 -180.000000 180.000000 165.000015 -179.999954 151.293884 179.999985 -179.999954 156.513184 179.999985 -179.999985 163.559219 180.000000 -180.000000 180.000000 0.000042 -0.000065 -35.308186 180.000000 -179.999924 144.691833 179.999985 -179.999969 156.484741 180.000000 -180.000000 180.000000 10.000051 -0.000050 -32.982433 0.000007 -0.000073 -32.982430 179.999985 -179.999969 158.033707 180.000000 -180.000000 180.000000 20.000053 -0.000047 -24.247944 0.000035 -0.000085 -36.371922 179.999985 -179.999939 155.776306
-108.772369 155.851990 18.997864 86.310211 178.537109 -176.178925 176.485657 -175.780609 179.739700 176.682220 162.847046 175.180450 179.962402 -166.409698 176.929199 175.833908 -125.263855 -164.353241 155.077698 108.869530 138.836548 0.151555 -18.352953 6.949207 0.950249 5.786918 -0.544170 0.956081 5.670018 -0.193747 4.517937 4.121528 0.177067 179.999985 178.883072 179.543182 0.000002 1.303077 -0.473125 173.398712 179.076889 179.613556 8.959760 0.532133 0.695959 32.313755 -27.288845 58.767056 29.081522 -6.846221 0.926740 177.669327 -177.941299 173.124725 48.337837 45.600281 9.659507 0.000000 -0.000000 7.971786 0.000007 -0.000004 5.309214 0.000001 0.000003 0.000000 14.999993 -0.000009 29.094143 180.000000 179.999985 -156.195709 0.000006 -0.000004 16.663019 0.000001 0.000003 0.000000 180.000000 -179.999985 -146.238480 180.000000 179.999985 -146.238495 179.999985 179.999985 -157.514816 0.000001 0.000003 0.000000 170.000000 -180.000000 -144.303207 0.000002 0.000007 35.696789 0.000001 0.000003 23.774065 0.000001 0.000003 0.000000 160.000015 179.999985 -164.498779 180.000000 179.999985 -156.748169 180.000000 180.000000 -164.514282 178.930145 -178.023819 176.792191 179.304245 176.711273 99.981079 0.518622 3.760695 -0.264226 7.512529 1.932955 -1.645016 121.317085 127.956352 159.824722 180.000000 179.999985 173.565582 180.000000 179.999985 175.714676 0.000002 -0.000000 0.000000 165.000015 -179.999985 151.386978 0.000001 -0.000007 -23.410667 180.000000 -179.999985 163.612534 0.000002 -0.000000 0.000000 0.000018 -0.000030 -35.173985 0.000004 -0.000025 -35.173985 179.999985 -179.999985 156.574127 0.000002 -0.000000 0.000000 10.000014 -0.000016 -32.866863 0.000002 -0.000017 -32.866848 179.999985 -179.999985 158.110672 0.000002 -0.000000 0.000000 20.000023 -0.000018 -24.155939 0.000013 -0.000028 -36.233902 0.000000 -0.000017 -24.131783
-109.201431 155.810699 19.241514 86.113373 178.560104 -176.236938 176.734024 -176.106750 179.609741 177.050934 162.894440 175.233749 179.508560 -166.312592 177.182480 176.536331 -125.519669 -165.009628 155.035370 109.350006 139.403809 0.457151 -18.339561 6.776194 0.984125 5.785872 -0.589925 0.990079 5.668671 -0.222678 4.682373 4.123861 0.154790 179.999893 178.904694 179.538437 179.999878 178.722137 179.521912 173.437515 179.095337 179.613342 8.998022 0.550705 0.659045 32.177574 -27.527510 58.617722 29.481462 -6.599185 1.138411 177.582840 -177.845947 173.088913 48.305347 45.651886 9.649554 0.000097 -0.000137 7.970496 0.000089 -0.000079 5.308343 180.000000 -179.999985 -180.000000 14.999995 0.000038 29.069845 179.999985 179.999985 -156.215591 179.999985 179.999985 -163.350906 180.000000 -179.999985 -180.000000 180.000000 179.999985 -146.272308 179.999985 179.999985 -146.272293 179.999985 -179.999985 -157.537354 180.000000 -179.999985 -180.000000 170.000015 -179.999969 -144.299866 0.000040 -0.000031 35.700142 0.000038 -0.000001 23.776314 180.000000 -179.999985 -180.000000 159.999969 179.999832 -164.531097 179.999863 179.999741 -156.796616 179.999847 179.999878 -164.546555 178.945236 -178.044876 176.769638 179.308762 176.524017 100.090736 0.578035 3.676068 -0.300852 7.675346 2.293401 -2.033605 121.216949 128.030685 159.813904 0.000008 -0.000013 -6.399509 0.000002 -0.000008 -4.262064 180.000000 -180.000000 180.000000 165.000076 -179.999893 151.515274 0.000016 -0.000093 -23.305687 179.999985 -179.999939 163.686020 180.000000 -180.000000 180.000000 0.000341 -0.000279 -35.023849 0.000124 -0.000437 -35.023815 179.999893 -179.999725 156.674149 180.000000 -180.000000 180.000000 10.000448 -0.000305 -32.933922 0.000224 -0.000468 -32.933903 179.999954 -179.999664 158.066025 180.000000 -180.000000 180.000000 20.000227 -0.000131 -24.046999 0.000251 -0.000331 -36.070499 0.000017 -0.000276 -24.022942
-109.695992 155.747406 19.537947 85.896797 178.589890 -176.243118 175.983994 -176.385544 179.386581 177.725800 162.932770 175.315369 179.793259 -166.228058 177.293182 177.447067 -125.683060 -165.590668 157.758469 108.945251 142.056564 179.675995 -161.841812 -173.009567 1.057199 5.798531 -0.675827 1.034518 5.680142 -0.277428 4.900572 4.140500 0.105120 179.999924 178.940308 179.559021 179.999908 178.763718 179.543289 173.339172 179.125046 179.627884 8.933772 0.564639 0.644358 32.157043 -27.709419 58.486309 29.847227 -6.506042 1.244564 177.495697 -177.753845 173.049652 48.197689 45.632587 9.657957 0.000057 -0.000069 8.032373 0.000053 -0.000043 5.349566 0.000000 -0.000000 0.000000 14.999999 -0.000002 29.057114 179.999985 179.999985 -156.225998 179.999985 179.999985 -163.358185 0.000000 -0.000000 0.000000 179.999985 179.999939 -146.265808 179.999969 179.999985 -146.265808 179.999969 179.999985 -157.533035 0.000000 -0.000000 0.000000 170.000000 179.999985 -144.280106 179.999985 179.999985 -144.280136 179.999985 180.000000 -156.210571 0.000000 -0.000000 0.000000 159.999969 179.999863 -164.568207 179.999908 179.999817 -156.852310 179.999878 179.999908 -164.583633 178.820801 -178.068726 176.760757 179.369995 176.411758 100.242874 0.588854 3.562599 -0.371354 7.786704 2.669305 -2.335186 121.170982 128.126709 159.825790 0.000057 -0.000079 -6.386589 0.000035 -0.000055 -4.253460 180.000000 180.000000 -180.000000 164.999969 179.999985 151.581512 0.000006 0.000006 -23.251442 0.000008 0.000019 -16.276020 180.000000 180.000000 -180.000000 0.000229 -0.000118 -34.914761 0.000108 -0.000231 -34.914757 179.999985 -179.999832 156.746796 180.000000 180.000000 -180.000000 10.000335 -0.000137 -32.834896 0.000202 -0.000311 -32.834866 0.000006 -0.000249 -21.868036 180.000000 180.000000 -180.000000 19.999207 0.000282 -23.826771 179.999130 179.999130 144.259827 179.999863 179.999176 156.197037
-110.112038 155.830353 19.750677 85.746315 178.618637 -176.186462 175.637192 -176.661606 179.099731 177.967987 163.011246 175.382660 0.038115 -13.812559 -2.600955 178.548843 -125.909317 -166.450531 156.265015 109.127220 141.115173 0.021789 -18.327934 7.061137 1.052660 5.812521 -0.806738 1.061589 5.692461 -0.333319 5.037582 4.158366 0.046331 179.999924 178.979507 179.567337 179.999908 178.809402 179.551895 173.327286 179.158020 179.636673 8.957927 0.594530 0.605729 32.083611 -27.886808 58.375919 30.207014 -6.420943 1.388610 177.411438 -177.669250 173.016983 48.050671 45.621037 9.638939 0.000016 -0.000018 8.097904 0.000006 -0.000011 5.393205 0.000000 -0.000000 0.000000 15.000004 0.000030 29.060894 179.999985 180.000000 -156.222900 180.000000 179.999985 -163.356033 0.000000 -0.000000 0.000000 179.999985 179.999939 -146.278625 179.999969 179.999969 -146.278656 179.999985 179.999985 -157.541595 0.000000 -0.000000 0.000000 170.000000 179.999954 -144.276840 179.999969 179.999969 -144.276840 179.999985 179.999985 -156.208374 0.000000 -0.000000 0.000000 159.999985 179.999893 -164.598236 179.999924 179.999863 -156.897308 179.999924 179.999954 -164.613617 178.778473 -178.099640 176.721069 179.614761 176.338882 100.364899 0.515107 3.809197 -0.326507 7.890877 2.858977 -2.677398 121.185532 128.241058 159.862137 0.000065 -0.000100 -6.398039 0.000029 -0.000078 -4.261084 180.000000 -180.000000 180.000000 164.999908 179.999954 151.614090 179.999969 179.999954 156.775177 179.999985 179.999954 163.742630 180.000000 -180.000000 180.000000 0.000152 -0.000045 -34.835663 0.000100 -0.000126 -34.835659 0.000004 -0.000104 -23.200556 180.000000 -180.000000 180.000000 10.000257 -0.000050 -32.745281 0.000183 -0.000188 -32.745235 0.000018 -0.000167 -21.808353 180.000000 -180.000000 180.000000 20.000181 -0.000018 -24.158661 0.000239 -0.000191 -36.237999 0.000055 -0.000191 -24.134512
-110.529816 155.948715 20.074486 85.611366 178.642578 -176.108780 175.120712 -176.912552 178.798157 178.637360 163.085464 175.454376 179.996902 -166.210114 177.581207 178.833527 -126.124306 -167.219101 157.976242 108.534981 142.783554 179.798615 -161.447052 -172.770508 1.040560 5.828780 -0.942533 1.083740 5.707118 -0.397693 5.152916 4.179676 -0.025319 179.999924 179.021820 179.575592 179.999908 178.858780 179.560440 173.310165 179.193695 179.645660 8.986747 0.626657 0.561953 31.992558 -28.042011 58.281895 30.522623 -6.402480 1.529578 177.334106 -177.610886 173.013275 47.894798 45.596306 9.578082 180.000000 179.999985 -171.850220 180.000000 -179.999985 -174.572250 180.000000 -179.999985 180.000000 14.999990 0.000056 29.064211 179.999985 179.999985 -156.220184 179.999985 179.999985 -163.354141 180.000000 -179.999985 180.000000 179.999985 179.999969 -146.287537 179.999969 179.999969 -146.287537 179.999969 -179.999985 -157.547470 180.000000 -179.999985 180.000000 170.000000 179.999969 -144.287949 179.999985 179.999985 -144.287964 179.999985 -180.000000 -156.215775 180.000000 -179.999985 180.000000 159.999969 179.999908 -164.628220 179.999924 179.999908 -156.942322 179.999939 179.999954 -164.643616 178.735199 -178.128036 176.671219 179.900436 176.306885 100.492188 0.433197 3.996980 -0.307613 7.956448 3.108256 -2.924314 121.242645 128.358932 159.917175 0.000039 -0.000107 -6.424180 0.000021 -0.000069 -4.278505 0.000002 0.000000 -0.000003 164.999908 179.999985 151.578583 179.999939 179.999969 156.746094 179.999985 179.999954 163.722275 0.000002 0.000000 -0.000003 179.999893 179.999985 145.298340 179.999924 179.999939 145.298355 179.999985 179.999924 156.888687 0.000002 0.000000 -0.000003 10.000146 -0.000001 -32.664028 0.000143 -0.000100 -32.664040 0.000050 -0.000095 -21.754250 0.000002 0.000000 -0.000003 20.000107 -0.000012 -24.100552 0.000156 -0.000071 -36.150833 0.000052 -0.000097 -24.076448
-110.965515 156.039627 20.372831 85.477104 178.660065 -176.027237 174.656891 -177.166000 178.531616 179.986954 163.148666 175.522522 179.184265 -166.363815 177.935760 179.522461 -126.343353 -168.131042 157.803131 108.253456 142.911469 179.988327 -160.954895 -172.710815 1.038461 5.844976 -1.064859 1.101176 5.722119 -0.472242 5.248419 4.203173 -0.112111 179.999939 179.063843 179.587112 179.999908 178.907837 179.572372 173.288803 179.228928 179.656586 9.021314 0.661729 0.514083 31.741348 -28.202377 58.233723 30.832310 -6.349358 1.767771 177.261490 -177.576172 173.041275 47.778210 45.592300 9.494541 0.000004 0.000007 8.165985 0.000000 0.000003 5.438544 0.000000 -0.000000 0.000000 14.999990 0.000035 29.042957 179.999985 179.999985 -156.237579 179.999985 179.999985 -163.366333 0.000000 -0.000000 0.000000 179.999985 179.999969 -146.315918 179.999969 179.999985 -146.315964 179.999985 -179.999985 -157.566437 0.000000 -0.000000 0.000000 169.999985 179.999985 -144.310486 179.999969 179.999985 -144.310532 179.999985 -179.999985 -156.230789 0.000000 -0.000000 0.000000 159.999969 179.999969 -164.686279 179.999924 179.999969 -157.029419 179.999954 179.999985 -164.701614 178.690613 -178.157776 176.612976 0.019241 3.681433 -79.323318 0.365521 4.022182 -0.343890 8.006742 3.326174 -3.121329 121.300018 128.455170 159.943832 0.000011 -0.000088 -6.460664 0.000007 -0.000054 -4.302812 0.000000 -0.000000 0.000000 164.999939 -179.999969 151.508392 179.999954 179.999985 156.688675 179.999969 179.999985 163.682068 0.000000 -0.000000 0.000000 0.000086 0.000029 -34.822990 0.000089 -0.000033 -34.822983 0.000037 -0.000046 -23.192116 0.000000 -0.000000 0.000000 10.000144 0.000033 -32.608467 0.000133 -0.000043 -32.608479 0.000061 -0.000082 -21.717237 0.000000 -0.000000 0.000000 20.000143 0.000035 -24.083954 0.000221 -0.000072 -36.125931 0.000105 -0.000117 -24.059883
-111.423050 156.090378 20.517727 85.349365 178.669250 -175.943619 173.898331 -177.386307 178.232101 0.065735 16.723982 -4.444777 179.957977 -166.578598 177.898392 0.880614 -53.455101 10.812560 155.024277 108.424065 140.946533 0.608408 -19.693535 7.204630 1.035550 5.857565 -1.170231 1.109557 5.734095 -0.555498 5.302615 4.225918 -0.214462 179.999939 179.102402 179.599762 179.999954 178.952789 179.585449 173.293823 179.260880 179.668121 9.095383 0.703484 0.455903 31.485430 -28.319710 58.215473 31.146820 -6.275346 2.051301 177.177689 -177.493958 173.030472 47.671486 45.603069 9.364989 0.000001 0.000014 8.150672 180.000000 179.999985 -174.571655 0.000000 -0.000000 0.000000 14.999982 0.000003 29.000462 179.999985 179.999985 -156.272369 0.000000 -0.000021 16.609375 0.000000 -0.000000 0.000000 179.999985 179.999985 -146.357346 179.999985 -179.999985 -146.357330 180.000000 -179.999985 -157.594009 0.000000 -0.000000 0.000000 170.000000 179.999985 -144.349487 179.999985 -179.999985 -144.349487 179.999985 -179.999985 -156.256744 0.000000 -0.000000 0.000000 159.999939 179.999985 -164.736038 179.999924 -179.999969 -157.104050 179.999969 -179.999969 -164.751297 178.678192 -178.195435 176.541321 0.059854 3.627254 -79.111885 0.297231 3.980162 -0.395504 8.047544 3.496180 -3.276008 121.443138 128.575851 160.017960 0.000033 0.000070 -6.525109 0.000021 0.000043 -4.345708 180.000000 180.000000 -180.000000 164.999954 -179.999954 151.433762 179.999954 -179.999985 156.627625 179.999985 179.999985 163.639359 180.000000 180.000000 -180.000000 0.000062 0.000048 -34.765980 0.000067 -0.000008 -34.765972 0.000057 -0.000023 -23.154131 180.000000 180.000000 -180.000000 10.000059 0.000033 -32.516994 0.000055 -0.000016 -32.516964 0.000028 -0.000019 -21.656330 180.000000 180.000000 -180.000000 20.000046 0.000016 -23.990152 0.000082 0.000012 -35.985226 0.000045 -0.000029 -23.966162
-111.833191 156.176743 20.769655 85.254097 178.671722 -175.844284 172.951889 -177.565872 177.898865 0.625052 16.588673 -4.405266 0.399827 -13.056822 -2.030407 1.872003 -53.239040 9.806516 156.367615 107.855286 142.437378 179.895340 -159.887909 -172.571228 1.029156 5.867406 -1.280396 1.132066 5.743736 -0.660554 5.426840 4.251690 -0.338499 179.999985 179.138184 179.634354 179.999969 178.994553 179.621292 173.171600 179.289719 179.691147 9.042568 0.730902 0.435665 31.156721 -28.393181 58.263222 31.458139 -6.216074 2.305061 177.106171 -177.468582 173.093338 47.598824 45.613304 9.217576 0.000014 0.000009 8.109841 0.000014 0.000013 5.401149 0.000000 -0.000003 -0.000003 14.999980 -0.000027 28.941858 179.999985 -179.999985 -156.320282 0.000009 -0.000012 16.575775 0.000000 -0.000003 -0.000003 179.999985 -179.999985 -146.403336 179.999985 -179.999969 -146.403305 0.000003 -0.000018 22.375393 0.000000 -0.000003 -0.000003 170.000000 180.000000 -144.389893 180.000000 -179.999985 -144.389923 180.000000 -179.999985 -156.283691 0.000000 -0.000003 -0.000003 159.999985 -179.999985 -164.855835 179.999985 -179.999954 -157.283768 179.999985 -179.999985 -164.870987 178.543625 -178.230865 176.511551 0.250662 3.530755 -78.947044 0.203182 4.043907 -0.399768 8.074770 3.674599 -3.359439 121.154686 128.499771 159.746460 180.000000 -179.999985 173.511353 180.000000 -179.999985 175.678543 0.000002 0.000000 -0.000002 164.999985 -179.999985 151.369614 179.999985 -179.999985 156.575165 179.999985 -179.999985 163.602600 0.000002 0.000000 -0.000002 0.000062 0.000066 -34.721626 0.000087 0.000018 -34.721622 0.000050 -0.000023 -23.124603 0.000002 0.000000 -0.000002 10.000066 0.000081 -32.492424 0.000089 0.000023 -32.492401 0.000059 -0.000017 -21.639946 0.000002 0.000000 -0.000002 20.000099 0.000111 -23.997772 0.000195 0.000085 -35.996677 0.000143 -0.000032 -23.973783
-112.245453 156.305618 21.038258 85.176628 178.670883 -175.711868 172.433685 -177.759354 177.509766 0.943531 16.411419 -4.356161 0.635599 -12.533180 -1.912761 3.023492 -52.926743 8.693210 157.245163 107.587273 143.631714 179.429855 -159.619919 -172.461655 0.999352 5.873858 -1.402400 1.138151 5.750122 -0.768857 5.474668 4.275072 -0.474585 179.999969 179.167938 179.663696 179.999985 179.029266 179.651688 173.125183 179.313202 179.711349 9.085879 0.766262 0.389444 30.837152 -28.397369 58.359310 31.767672 -6.156667 2.539713 177.028458 -177.413986 173.139572 47.556686 45.617462 9.050056 0.000022 0.000016 8.045435 0.000014 0.000010 5.358265 0.000000 -0.000000 0.000000 14.999982 -0.000044 28.877596 0.000006 -0.000022 23.627111 0.000012 -0.000015 16.538992 0.000000 -0.000000 0.000000 179.999985 -179.999985 -146.454147 0.000006 -0.000027 33.545879 180.000000 -179.999985 -157.658463 0.000000 -0.000000 0.000000 170.000000 179.999985 -144.431488 180.000000 179.999985 -144.431519 179.999985 179.999985 -156.311371 0.000000 -0.000000 0.000000 160.000015 -180.000000 -164.908844 0.000002 0.000001 22.636742 0.000000 -0.000000 15.076067 178.493668 -178.273056 176.468735 0.522187 3.389388 -78.818245 0.088190 4.202623 -0.361876 8.098975 3.810164 -3.400333 120.727142 128.520721 159.258011 0.000011 0.000014 -6.502825 0.000008 0.000011 -4.330883 0.000000 -0.000000 0.000000 165.000015 179.999939 151.319031 0.000019 0.000027 -23.466219 0.000030 0.000007 -16.426353 0.000000 -0.000000 0.000000 0.000039 0.000082 -34.660175 0.000085 0.000060 -34.660198 0.000060 -0.000002 -23.083691 0.000000 -0.000000 0.000000 10.000042 0.000077 -32.431458 0.000076 0.000044 -32.431488 0.000065 0.000005 -21.599356 0.000000 -0.000000 0.000000 20.000034 0.000067 -23.886942 0.000090 0.000065 -35.830421 0.000089 0.000008 -23.863071
-112.688553 156.498138 21.358521 85.105492 178.672501 -175.544952 171.997635 -177.957611 177.068756 1.473236 16.208376 -4.288814 0.575260 -11.843360 -1.726446 4.201627 -52.505848 7.500458 158.297882 107.471443 144.977921 179.013016 -159.423615 -172.332062 0.963104 5.880152 -1.541464 1.142108 5.756351 -0.888647 5.514484 4.300329 -0.626396 179.999985 179.192459 179.698608 180.000000 179.057846 179.687820 173.068695 179.331879 179.734314 9.133390 0.800401 0.347573 30.448116 -28.350294 58.507893 32.081890 -6.057691 2.805467 176.950226 -177.348053 173.183701 47.598354 45.594971 8.933811 0.000024 0.000005 7.972136 0.000014 0.000003 5.309441 0.000000 -0.000000 0.000000 14.999995 -0.000016 28.828169 179.999985 179.999985 -156.413330 0.000009 -0.000008 16.510668 0.000000 -0.000000 0.000000 0.000008 0.000008 33.515408 180.000000 179.999985 -146.484619 0.000000 -0.000000 22.321253 0.000000 -0.000000 0.000000 170.000061 179.999908 -144.448196 179.999985 179.999878 -144.448181 179.999969 179.999954 -156.322510 0.000000 -0.000000 0.000000 160.000046 179.999954 -164.926559 0.000028 0.000087 22.610178 180.000000 179.999939 -164.941620 178.441757 -178.318558 176.440353 0.465479 3.211962 -78.615372 0.006844 4.069908 -0.415656 8.121247 3.900462 -3.400744 120.704964 128.438065 159.225830 0.000016 0.000006 -6.490913 0.000014 0.000004 -4.322946 180.000000 -180.000000 180.000000 165.000015 179.999985 151.370026 0.000017 0.000018 -23.424524 0.000018 0.000016 -16.397181 180.000000 -180.000000 180.000000 0.000009 0.000137 -34.605080 0.000084 0.000098 -34.605068 0.000086 0.000021 -23.046972 180.000000 -180.000000 180.000000 10.000011 0.000095 -32.374031 0.000077 0.000079 -32.374016 0.000065 0.000026 -21.561094 180.000000 -180.000000 180.000000 20.000013 0.000114 -23.845676 0.000087 0.000154 -35.768513 0.000099 0.000045 -23.821838
-113.171768 156.722672 21.600239 85.032875 178.678314 -175.358231 171.566986 -178.154205 176.581680 1.093642 15.974421 -4.211432 1.446021 -11.046910 -1.801841 5.375065 -51.992786 6.267758 157.759888 107.733627 145.003189 179.292084 -159.152557 -172.400757 0.926080 5.887082 -1.688885 1.145048 5.763277 -1.016879 5.551020 4.327404 -0.789551 0.000010 0.788342 -0.261686 179.999985 179.080261 179.728973 173.000870 179.345627 179.759460 9.182899 0.835595 0.307633 30.138397 -28.220354 58.675068 32.374634 -5.989314 3.023295 176.874191 -177.267120 173.213242 47.640621 45.511703 8.832543 0.000007 -0.000000 7.920560 0.000010 -0.000000 5.275100 0.000000 -0.000000 0.000000 15.000017 0.000026 28.811769 179.999985 179.999954 -156.426743 179.999985 179.999985 -163.498718 0.000000 -0.000000 0.000000 0.000022 0.000054 33.513222 179.999985 179.999939 -146.486786 179.999985 179.999969 -157.680206 0.000000 -0.000000 0.000000 170.000046 179.999924 -144.349945 179.999985 179.999893 -144.349960 179.999969 179.999954 -156.257080 0.000000 -0.000000 0.000000 160.000061 179.999878 -164.900284 0.000055 0.000196 22.649555 179.999985 179.999847 -164.915390 178.387436 -178.367249 176.425644 0.490033 2.996869 -78.451317 179.894348 175.980743 179.566696 8.147907 3.895356 -3.389778 120.688347 128.254593 159.168488 180.000000 180.000000 173.524445 180.000000 -179.999985 175.687271 0.000000 -0.000000 0.000000 165.000015 179.999908 151.374939 0.000038 0.000051 -23.420513 0.000044 0.000028 -16.394350 0.000000 -0.000000 0.000000 0.000006 0.000077 -34.494209 0.000043 0.000056 -34.494221 0.000050 0.000014 -22.973158 0.000000 -0.000000 0.000000 10.000013 0.000107 -32.297649 0.000053 0.000087 -32.297657 0.000052 0.000017 -21.510231 0.000000 -0.000000 0.000000 20.000000 0.000119 -23.756191 0.000067 0.000136 -35.634304 0.000085 0.000042 -23.732443
-113.690422 156.991425 21.854195 84.962105 178.685287 -175.166779 171.289017 -178.367188 176.127975 1.426733 15.754146 -4.134054 1.442646 -10.067877 -1.701963 6.437715 -51.388920 5.060801 157.173996 108.138741 144.979218 179.731354 -158.864639 -172.490967 0.884598 5.892564 -1.836668 1.147044 5.769006 -1.152627 5.584330 4.354795 -0.962898 179.999985 179.225433 179.784302 0.000001 0.903657 -0.223378 172.925873 179.354263 179.787811 9.235941 0.872842 0.269201 29.826042 -28.027830 58.881481 32.651844 -5.940889 3.207148 176.808578 -177.197968 173.248657 47.734180 45.395119 8.823212 179.999985 -179.999985 -172.101944 0.000000 0.000003 5.260108 180.000000 180.000000 -180.000000 15.000021 0.000077 28.845606 179.999985 179.999924 -156.399063 179.999985 179.999969 -163.479340 180.000000 180.000000 -180.000000 0.000032 0.000083 33.557796 179.999985 179.999908 -146.442215 179.999969 179.999954 -157.650513 180.000000 180.000000 -180.000000 170.000046 179.999908 -144.274124 179.999985 179.999893 -144.274124 179.999954 179.999954 -156.206573 180.000000 180.000000 -180.000000 160.000076 179.999847 -164.806229 0.000056 0.000259 22.790668 179.999985 179.999832 -164.821426 178.334564 -178.418182 176.430099 0.393567 2.748925 -78.270386 179.783783 176.142838 179.519409 8.163950 3.903013 -3.318135 120.778534 128.128113 159.229095 179.999985 179.999985 173.529282 180.000000 -179.999985 175.690491 0.000000 -0.000000 0.000000 165.000015 179.999893 151.429367 0.000055 0.000072 -23.375948 0.000041 0.000027 -16.363173 0.000000 -0.000000 0.000000 0.000005 0.000093 -34.439064 0.000057 0.000071 -34.439064 0.000052 0.000019 -22.936411 0.000000 -0.000000 0.000000 10.000002 0.000071 -32.216793 0.000037 0.000057 -32.216785 0.000035 0.000017 -21.456375 0.000000 -0.000000 0.000000 20.000004 0.000080 -23.679453 0.000054 0.000121 -35.519173 0.000078 0.000044 -23.655756
-114.226151 157.283707 22.098955 84.889137 178.689209 -174.987198 171.345200 -178.591248 175.689728 1.441000 15.553937 -4.055638 1.443708 -8.949144 -1.644254 7.535710 -50.706688 3.926401 157.364395 108.554947 145.573044 179.808746 -158.654739 -172.420059 0.840317 5.893244 -1.972663 1.147787 5.770436 -1.296907 5.613105 4.380347 -1.148254 0.000007 0.766989 -0.161690 0.000000 0.894835 -0.167458 172.851639 179.356888 179.820343 9.298464 0.911387 0.242898 29.179216 -27.836723 59.202633 32.969128 -5.686869 3.617201 176.751923 -177.136490 173.283997 47.860092 45.261219 8.770456 179.999817 179.999954 -172.157852 179.999878 179.999985 -174.777130 180.000000 180.000000 -180.000000 15.000028 0.000101 28.907877 179.999985 179.999908 -156.348129 179.999969 179.999954 -163.443680 180.000000 180.000000 -180.000000 0.000028 0.000099 33.625401 179.999985 179.999893 -146.374619 179.999954 179.999954 -157.605469 180.000000 180.000000 -180.000000 170.000046 179.999908 -144.194473 179.999985 179.999908 -144.194473 179.999954 179.999969 -156.153519 180.000000 180.000000 -180.000000 160.000076 179.999847 -164.675217 0.000042 0.000248 22.987185 179.999969 179.999832 -164.690536 178.289383 -178.472595 176.456390 0.259074 2.467907 -78.091293 179.668839 176.349442 179.462036 8.167056 3.897735 -3.205059 120.956833 128.008102 159.360901 179.999985 179.999985 173.520248 179.999985 -179.999985 175.684494 180.000000 180.000000 -180.000000 165.000000 179.999893 151.508469 0.000048 0.000071 -23.311232 0.000057 0.000037 -16.317871 180.000000 180.000000 -180.000000 180.000000 179.999939 145.630722 0.000030 0.000052 -34.369267 0.000046 0.000016 -22.889927 180.000000 180.000000 -180.000000 10.000010 0.000060 -32.166622 0.000031 0.000052 -32.166607 0.000039 0.000014 -21.422953 180.000000 180.000000 -180.000000 20.000002 0.000053 -23.612059 0.000025 0.000080 -35.418079 0.000053 0.000032 -23.588440
-114.735794 157.741364 22.218044 84.776001 178.684021 -174.836075 170.427155 -178.759308 175.288239 2.367604 15.411637 -4.004490 1.553297 -7.777935 -1.596659 9.001004 -49.983536 2.823007 155.449463 109.436363 144.505920 0.451489 -21.539692 7.474290 0.829561 5.887563 -2.083469 1.147864 5.765833 -1.446119 5.639246 4.402150 -1.340785 0.000012 0.766343 -0.102839 179.999985 179.105942 179.893494 172.780579 179.353180 179.855087 9.367846 0.949947 0.229353 28.476526 -27.579653 59.572342 33.226559 -5.436205 4.026201 176.708801 -177.119934 173.363495 47.914249 44.993996 9.297913 180.000000 179.999985 -171.854996 179.999985 179.999985 -174.575424 0.000000 -0.000000 0.000000 15.000017 0.000062 28.999275 179.999985 179.999969 -156.273315 179.999985 179.999969 -163.391327 0.000000 -0.000000 0.000000 0.000022 0.000068 33.712978 179.999985 179.999954 -146.287018 179.999985 179.999985 -157.547150 0.000000 -0.000000 0.000000 170.000000 179.999969 -144.114853 179.999985 179.999985 -144.114883 179.999985 179.999985 -156.100494 0.000000 -0.000000 0.000000 160.000046 179.999878 -164.546722 0.000025 0.000173 23.179926 179.999969 179.999878 -164.562195 178.252884 -178.529541 176.492828 0.080880 2.157528 -77.907280 179.545380 176.564377 179.404739 8.157604 3.851484 -3.071146 121.228073 127.914360 159.583313 179.999985 -179.999985 173.501038 180.000000 180.000000 175.671707 180.000000 -180.000000 180.000000 165.000015 179.999908 151.595383 0.000039 0.000064 -23.240139 0.000044 0.000030 -16.268110 180.000000 -180.000000 180.000000 180.000000 179.999954 145.687714 0.000026 0.000031 -34.312302 0.000032 0.000012 -22.851994 180.000000 -180.000000 180.000000 9.999990 0.000050 -32.112206 0.000022 0.000035 -32.112194 0.000028 0.000016 -21.386730 180.000000 -180.000000 180.000000 19.999987 0.000030 -23.560005 0.000014 0.000047 -35.340046 0.000024 0.000019 -23.536455
-115.175377 158.253647 22.519953 84.647964 178.670013 -174.818726 169.739059 -178.930893 175.027374 2.907535 15.398648 -3.991253 1.876403 -6.592333 -1.593947 9.217809 -49.156330 2.159078 156.571213 110.160225 146.017609 0.988882 -21.617788 7.182201 0.835497 5.872768 -2.065323 1.148039 5.754311 -1.595854 5.665528 4.419004 -1.534626 0.000013 0.772890 -0.042676 0.000007 0.901705 -0.044193 172.713074 179.343109 179.889862 9.437711 0.988059 0.224410 27.824549 -27.236425 59.962757 33.432701 -5.202541 4.414099 176.667145 -177.104523 173.456375 47.996101 44.948158 9.437627 180.000000 179.999985 -171.813812 0.000000 0.000003 5.451991 0.000000 -0.000000 0.000000 15.000030 0.000164 29.039318 179.999969 179.999878 -156.240570 179.999954 179.999924 -163.368408 0.000000 -0.000000 0.000000 0.000003 0.000017 33.772427 180.000000 179.999985 -146.227585 179.999985 179.999985 -157.507553 0.000000 -0.000000 0.000000 170.000000 -179.999985 -144.081879 0.000011 -0.000022 35.918133 0.000009 -0.000005 23.921467 0.000000 -0.000000 0.000000 160.000015 179.999954 -164.433212 0.000005 0.000060 23.350187 179.999985 179.999969 -164.448776 178.223160 -178.586517 176.530792 179.911591 178.177292 102.268761 179.402069 176.724533 179.366608 8.134112 3.755366 -2.932904 121.567726 127.852737 159.891464 180.000000 -179.999985 173.481857 180.000000 179.999985 175.658936 180.000000 180.000000 -179.999985 165.000015 179.999924 151.692062 0.000014 0.000033 -23.161034 0.000032 0.000016 -16.212723 180.000000 180.000000 -179.999985 180.000000 179.999985 145.731903 0.000012 0.000020 -34.268124 0.000016 0.000008 -22.822571 180.000000 180.000000 -179.999985 9.999994 0.000026 -32.066826 0.000015 0.000022 -32.066837 0.000011 -0.000001 -21.356506 180.000000 180.000000 -179.999985 19.999998 0.000016 -23.525055 0.000009 0.000028 -35.287571 0.000012 0.000009 -23.501530
-115.619835 158.804657 22.778645 84.502831 178.648575 -174.801086 169.276855 -179.041428 174.785690 3.184921 15.477680 -3.994163 2.280592 -5.308923 -1.611671 9.790563 -48.255920 1.475328 157.450729 111.002274 147.337601 1.271461 -21.651909 7.012919 0.844238 5.851167 -2.056721 1.148695 5.735917 -1.743081 5.692693 4.430508 -1.725627 0.000012 0.786477 0.016707 180.000000 179.082458 -179.982697 172.651840 179.327011 179.923447 9.505530 1.025412 0.226803 27.203663 -26.799614 60.392471 33.620720 -4.981730 4.756045 176.626083 -177.103180 173.590347 48.036816 44.977757 9.545472 180.000000 179.999985 -171.786926 180.000000 -179.999985 -174.530090 0.000001 0.000000 -0.000003 14.999999 -0.000027 29.259558 0.000012 -0.000024 23.939640 0.000019 -0.000013 16.757734 0.000001 0.000000 -0.000003 180.000000 -179.999985 -146.205627 0.000000 -0.000011 33.794403 0.000003 -0.000001 22.507059 0.000001 0.000000 -0.000003 170.000000 -179.999969 -144.104645 0.000018 -0.000045 35.895344 0.000028 -0.000016 23.906301 0.000001 0.000000 -0.000003 160.000015 -179.999985 -164.381165 180.000000 -179.999985 -156.571747 0.000009 -0.000012 15.603215 178.199921 -178.638718 176.575729 179.775925 178.528244 102.421928 179.242218 176.862823 179.336166 8.084900 3.673353 -2.773045 121.968460 127.816910 160.269135 180.000000 -180.000000 173.460037 180.000000 -180.000000 175.644394 180.000000 -180.000000 180.000000 165.000015 179.999985 151.774338 0.000014 0.000018 -23.093733 0.000013 0.000008 -16.165615 180.000000 -180.000000 180.000000 180.000000 179.999985 145.760406 0.000011 0.000012 -34.239616 180.000000 180.000000 157.196426 180.000000 -180.000000 180.000000 9.999990 0.000016 -32.027950 0.000009 0.000006 -32.027962 0.000018 0.000017 -21.330616 180.000000 -180.000000 180.000000 19.999998 0.000001 -23.502050 0.000003 0.000012 -35.253075 0.000009 0.000005 -23.478537
-116.093040 159.372345 22.996109 84.355515 178.622009 -174.772095 169.088303 -179.180145 174.524536 3.077508 15.555563 -4.000723 2.754762 -3.981917 -1.634694 10.631590 -47.291107 0.716512 157.588043 112.004234 148.093094 1.645138 -21.707672 6.854970 0.855994 5.827168 -2.054877 1.148776 5.714694 -1.893475 5.717537 4.440020 -1.921365 0.000114 0.802517 0.076776 0.000114 0.936266 0.079533 172.584198 179.308685 179.957077 9.578614 1.064802 0.231092 26.532784 -26.309256 60.855263 33.859875 -4.708520 5.114329 176.585297 -177.102020 173.722443 48.069881 45.060970 9.664050 0.000032 -0.000132 8.235632 0.000024 -0.000080 5.484922 0.000001 0.000003 0.000000 14.999910 -0.002115 29.205378 0.000769 -0.001562 23.895300 0.000936 -0.000773 16.726702 0.000001 0.000003 0.000000 0.000027 0.000160 33.673580 179.999939 179.999847 -146.326401 179.999924 179.999954 -157.573380 0.000001 0.000003 0.000000 169.999313 -179.997375 -144.150345 0.000986 -0.002566 35.849636 0.001514 -0.000997 23.875872 0.000001 0.000003 0.000000 159.999344 -179.998108 -164.349594 179.999847 -179.996979 -156.524399 0.000705 -0.001894 15.634737 178.185394 -178.686539 176.633774 179.665970 178.887497 102.544792 179.093536 177.000275 179.316925 8.015207 3.608151 -2.585083 122.316063 127.785301 160.616272 0.000015 0.000013 -6.548752 0.000012 0.000007 -4.361477 0.000002 0.000000 -0.000002 165.000229 179.998428 151.815262 0.000785 0.001040 -23.060244 0.000774 0.000451 -16.142159 0.000002 0.000000 -0.000002 179.999954 -179.999603 145.816650 179.999741 -179.999710 145.816681 179.999756 -179.999939 157.233887 0.000002 0.000000 -0.000002 9.999990 0.000026 -31.976027 0.000007 0.000002 -31.976002 0.000004 0.000015 -21.296040 0.000002 0.000000 -0.000002 19.999975 -0.000434 -23.459167 179.999725 -179.999435 144.811249 179.999619 -179.999786 156.564270
-116.551758 159.987122 23.198837 84.165413 178.596817 -174.774399 168.719559 -179.120010 174.363068 3.178595 15.905964 -4.028629 3.117205 -2.541299 -1.641397 11.301718 -46.282143 0.090548 158.154739 113.051224 149.252731 1.981585 -21.681160 6.619938 0.873514 5.796214 -2.055853 1.151675 5.686721 -2.027539 5.751865 4.442898 -2.095230 0.000108 0.829042 0.131103 0.000138 0.967181 0.135771 172.545380 179.281845 179.986359 9.633938 1.095770 0.243900 26.053497 -25.667303 61.369141 34.003628 -4.546126 5.280003 176.536301 -177.139160 173.982666 47.822582 45.258297 9.476860 0.000041 -0.000099 8.215279 0.000035 -0.000063 5.471373 0.000001 -0.000000 0.000002 15.000014 -0.001961 29.041695 0.000797 -0.001403 23.761389 0.000907 -0.000692 16.632961 0.000001 -0.000000 0.000002 179.999771 -179.998001 -146.169754 0.000916 -0.001799 33.830254 0.001174 -0.000662 22.530937 0.000001 -0.000000 0.000002 169.999374 -179.996948 -144.313736 0.001285 -0.002839 35.686207 0.001789 -0.001053 23.767014 0.000001 -0.000000 0.000002 159.999374 -179.997757 -164.466980 179.999985 -179.996536 -156.700470 0.000902 -0.002134 15.517498 178.167191 -178.722031 176.700027 179.598679 179.280579 102.639633 178.920395 177.063522 179.309402 7.909411 3.528478 -2.426025 122.526657 127.775452 160.879913 179.999969 -179.999969 173.471207 179.999969 -179.999985 175.651840 0.000002 -0.000000 0.000002 165.000290 179.998474 151.950760 0.000808 0.000999 -22.949402 0.000785 0.000426 -16.064585 0.000002 -0.000000 0.000002 179.999954 -179.999619 145.782791 179.999741 -179.999725 145.782745 179.999756 -179.999954 157.211304 0.000002 -0.000000 0.000002 10.000000 0.000045 -31.978062 0.000037 0.000032 -31.978085 0.000016 0.000010 -21.297405 0.000002 -0.000000 0.000002 19.999941 -0.000414 -23.495403 179.999710 -179.999466 144.756851 179.999634 -179.999832 156.528030
-116.983757 160.603577 23.426046 83.954308 178.572723 -174.799652 168.677170 -178.980911 174.242508 3.087558 16.413549 -4.058816 3.460024 -1.101525 -1.661585 11.528502 -45.295021 -0.372014 159.620560 113.997948 151.062531 2.212310 -21.598385 6.362196 0.891173 5.761586 -2.054852 1.156117 5.655034 -2.150722 5.791197 4.441759 -2.254645 0.000081 0.859528 0.180138 0.000096 1.002778 0.186537 172.526276 179.251984 -179.987778 9.677819 1.121109 0.260227 25.630096 -24.977650 61.908520 34.074154 -4.472993 5.335608 176.498962 -177.280319 174.374954 47.436676 45.457565 9.142084 179.999985 179.999985 -171.811676 179.999985 179.999985 -174.546585 0.000000 -0.000003 0.000000 15.000105 -0.000981 28.830502 0.000460 -0.000672 23.588606 0.000471 -0.000300 16.512026 0.000000 -0.000003 0.000000 179.999985 -179.998596 -146.358826 0.000750 -0.001179 33.641201 0.000863 -0.000369 22.405029 0.000000 -0.000003 0.000000 169.999756 -179.997284 -144.562073 0.001375 -0.002373 35.437939 0.001646 -0.000756 23.601648 0.000000 -0.000003 0.000000 159.999725 -179.998245 -164.663147 0.000286 -0.002686 23.005297 0.000864 -0.001572 15.321535 178.146103 -178.754089 176.761765 179.608994 179.680130 102.720779 178.690857 177.031189 179.313828 7.803966 3.467527 -2.282033 122.867752 127.797607 161.254761 179.999924 -179.999924 173.470627 179.999954 -179.999954 175.651428 180.000000 180.000000 -179.999985 165.000351 179.998505 152.084229 0.000824 0.000956 -22.840155 0.000796 0.000396 -15.988129 180.000000 180.000000 -179.999985 179.999954 -179.999695 145.746719 179.999771 -179.999771 145.746719 179.999802 -179.999969 157.187302 180.000000 180.000000 -179.999985 9.999936 -0.000349 -31.943821 179.999771 -179.999725 148.056198 179.999771 -179.999939 158.725418 180.000000 180.000000 -179.999985 19.999859 -0.001067 -23.480156 179.999146 -179.998611 144.779800 179.999008 -179.999588 156.543335
-117.386902 161.241547 23.607176 83.717926 178.547638 -174.852249 168.693420 -178.734894 174.176239 3.068986 17.083054 -4.098688 3.690074 0.246019 -1.670482 11.932500 -44.294456 -0.742631 160.369064 115.106544 152.287735 2.524710 -21.465107 6.095047 0.915439 5.723009 -2.049200 1.161600 5.619309 -2.260971 5.832615 4.436094 -2.397258 0.000102 0.892532 0.219591 0.000089 1.041285 0.227433 172.527359 179.220795 -179.967651 9.709332 1.139874 0.278516 25.229418 -24.259966 62.473137 34.132168 -4.310410 5.480213 176.416824 -177.221558 174.629242 47.248707 45.625259 9.011064 179.999878 179.999863 -171.825745 179.999924 179.999939 -174.555954 0.000003 -0.000003 -0.000000 15.000034 -0.000238 28.709820 0.000120 -0.000144 23.489849 0.000115 -0.000065 16.442888 0.000003 -0.000003 -0.000000 0.000043 -0.000947 33.507473 0.000553 -0.000769 33.507473 0.000583 -0.000219 22.315979 0.000003 -0.000003 -0.000000 170.000000 -179.999756 -144.925751 0.000117 -0.000184 35.074249 0.000151 -0.000063 23.359461 0.000003 -0.000003 -0.000000 159.999863 -179.998764 -164.830582 0.000270 -0.001834 22.754131 0.000640 -0.001065 15.154257 178.123611 -178.781891 176.814835 179.782410 -179.911575 102.772003 178.375763 176.767532 179.354584 7.708532 3.366397 -2.180999 123.752251 127.864464 162.075043 0.000119 0.000192 -6.605401 0.000101 0.000115 -4.399207 0.000000 -0.000002 -0.000002 165.000015 179.999893 152.325180 0.000042 0.000050 -22.643028 0.000052 0.000024 -15.850121 0.000000 -0.000002 -0.000002 179.999847 -179.999268 145.750992 179.999451 -179.999496 145.751022 179.999496 -179.999939 157.190170 0.000000 -0.000002 -0.000002 9.999864 -0.000622 -31.954054 179.999557 -179.999527 148.045975 179.999588 -179.999893 158.718613 0.000000 -0.000002 -0.000002 19.999813 -0.000968 -23.582655 179.999191 -179.998764 144.626053 179.999069 -179.999649 156.440933
-117.766396 161.888184 23.769772 83.462730 178.522522 -174.933609 168.866394 -178.388077 174.159393 2.869287 17.929840 -4.146598 3.865201 1.497412 -1.710060 12.312753 -43.297352 -0.981903 161.205002 116.234367 153.508789 2.688817 -21.274290 5.885625 0.943002 5.681584 -2.038399 1.167802 5.580667 -2.356877 5.874490 4.426290 -2.521337 0.000048 0.926787 0.247444 0.000075 1.081249 0.256267 172.549667 179.189377 -179.954361 9.724785 1.152211 0.297000 24.831835 -23.530159 63.058903 34.131027 -4.197477 5.601772 176.344391 -177.238388 174.975098 47.124760 45.704971 8.936564 179.999680 179.999771 -171.821823 179.999756 179.999878 -174.553345 180.000000 -179.999985 -180.000000 14.999842 0.000665 28.632360 179.999619 179.999588 -156.573517 179.999649 179.999832 -163.601471 180.000000 -179.999985 -180.000000 0.000040 -0.000329 33.392632 0.000202 -0.000242 33.392658 0.000212 -0.000056 22.239496 180.000000 -179.999985 -180.000000 170.000061 -179.999069 -144.901443 0.000557 -0.000730 35.098595 0.000579 -0.000184 23.375669 180.000000 -179.999985 -180.000000 160.000000 -179.999619 -164.984238 0.000127 -0.000551 22.523643 0.000217 -0.000311 15.000760 178.098068 -178.801559 176.861649 179.449020 -179.548203 102.980858 178.098206 177.023697 179.245438 7.605730 3.265785 -2.109116 123.963318 127.884842 162.341125 0.000235 0.000381 -6.588867 0.000182 0.000236 -4.388179 0.000002 0.000002 0.000000 164.999832 -179.999481 152.380280 179.999695 -179.999710 157.402069 179.999725 -179.999878 164.181442 0.000002 0.000002 0.000000 179.999588 -179.998703 145.724716 179.998932 -179.999161 145.724731 179.999115 -179.999954 157.172653 0.000002 0.000002 0.000000 9.999706 -0.001093 -31.978348 179.999161 -179.999252 148.021652 179.999268 -179.999878 158.702423 0.000002 0.000002 0.000000 19.999599 -0.001623 -23.624468 179.998444 -179.998016 144.563339 179.998413 -179.999542 156.399155
-118.119308 162.519989 23.949060 83.192490 178.500687 -175.039383 169.109329 -177.933838 174.189819 2.510092 18.964146 -4.217588 4.138668 2.659607 -1.848710 12.534957 -42.313381 -1.066661 163.034164 117.237305 155.349045 2.319926 -21.005388 5.848657 0.970563 5.639264 -2.024828 1.174583 5.540952 -2.438892 5.916439 4.413749 -2.627387 0.000059 0.961052 0.262397 0.000053 1.121220 0.271753 172.593903 179.158997 -179.948532 9.721652 1.159183 0.313751 24.452818 -22.799065 63.651669 34.083759 -4.097524 5.757722 176.264206 -177.219376 175.311508 47.153629 45.675716 9.047932 179.999588 179.999786 -171.773331 179.999725 179.999908 -174.521027 0.000002 0.000000 -0.000002 14.999559 0.001395 28.644497 179.999146 179.999176 -156.563583 179.999222 179.999710 -163.594513 0.000002 0.000000 -0.000002 179.999969 179.999786 -146.670212 179.999847 179.999847 -146.670212 179.999863 179.999969 -157.802353 0.000002 0.000000 -0.000002 170.000015 -179.999847 -145.029083 0.000119 -0.000123 34.970901 0.000106 -0.000025 23.290653 0.000002 0.000000 -0.000002 159.999985 179.999496 -165.073059 179.999786 179.999283 -157.609589 179.999695 179.999619 -165.087967 178.066620 -178.812714 176.903641 179.394577 -179.178513 103.133377 177.751617 176.981079 179.189240 7.488647 3.232082 -2.037582 124.071701 127.985672 162.548599 0.000532 0.000810 -6.562423 0.000409 0.000492 -4.370564 0.000000 -0.000003 0.000000 164.999557 -179.998840 152.377136 179.999237 -179.999329 157.399475 179.999329 -179.999771 164.179626 0.000000 -0.000003 0.000000 179.999557 -179.998779 145.587646 179.998932 -179.999237 145.587662 179.999130 -179.999985 157.081375 0.000000 -0.000003 0.000000 9.999393 -0.001768 -32.035118 179.998550 -179.998810 147.964920 179.998749 -179.999847 158.664612 0.000000 -0.000003 0.000000 19.999449 -0.001822 -23.774786 179.998154 -179.997818 144.337799 179.998154 -179.999557 156.248993
-118.468269 163.140564 24.074997 82.907173 178.483688 -175.167908 169.436127 -177.377411 174.265305 2.179668 20.182810 -4.335327 4.331975 3.703999 -2.008166 12.457564 -41.371201 -1.071663 163.372437 118.465851 156.079865 2.992503 -20.809933 5.424176 1.003410 5.597310 -2.009438 1.180891 5.501408 -2.506911 5.953665 4.399033 -2.715590 0.000039 0.994305 0.264240 0.000038 1.160035 0.273676 172.661331 179.130554 -179.950058 9.699475 1.161317 0.327919 23.901514 -22.107508 64.296471 33.967823 -4.076936 5.905491 176.212677 -177.359116 175.778259 47.384262 45.561550 9.346085 179.999588 179.999847 -171.709305 179.999710 179.999939 -174.478378 180.000000 180.000000 -180.000000 14.999384 0.001632 28.761667 179.998917 179.999069 -156.467743 179.999054 179.999725 -163.527405 180.000000 180.000000 -180.000000 179.999863 179.999481 -146.669342 179.999588 179.999649 -146.669327 179.999664 179.999954 -157.801788 180.000000 180.000000 -180.000000 169.999969 179.999817 -145.068665 179.999847 179.999847 -145.068695 179.999863 179.999985 -156.735718 180.000000 180.000000 -180.000000 159.999893 179.998871 -165.067444 179.999374 179.998413 -157.601166 179.999207 179.999191 -165.082382 178.028870 -178.817673 176.939178 179.003540 -178.845764 103.402519 177.431351 177.295380 179.040115 7.372080 3.241366 -1.964934 123.595909 127.975113 162.258209 0.000431 0.000657 -6.451447 0.000337 0.000407 -4.296674 0.000000 0.000000 -0.000005 164.999496 -179.998871 152.243256 179.999222 -179.999374 157.289948 179.999329 -179.999817 164.102951 0.000000 0.000000 -0.000005 179.999374 -179.998505 145.469162 179.998611 -179.999130 145.469147 179.998932 179.999954 157.002472 0.000000 0.000000 -0.000005 9.999354 -0.001645 -32.248230 179.998581 -179.998947 147.751785 179.998810 -179.999924 158.522659 0.000000 0.000000 -0.000005 19.999384 -0.001778 -23.988874 179.998093 -179.997971 144.016663 179.998169 -179.999664 156.035110
-118.798515 163.755905 24.197670 82.626495 178.471893 -175.320129 169.751724 -176.722137 174.389832 1.318139 21.590382 -4.517942 4.740812 4.564665 -2.290327 12.685390 -40.404728 -0.984109 164.391022 119.606445 157.226105 2.840096 -20.518787 5.292487 1.032139 5.555741 -1.990373 1.185144 5.461994 -2.560346 5.978705 4.381238 -2.786057 0.000040 1.026065 0.253576 0.000035 1.197078 0.262622 172.751541 179.104324 -179.958557 9.657163 1.158823 0.337399 23.540485 -21.404516 64.894211 33.806473 -4.065139 6.111590 176.141693 -177.346222 176.130341 47.730347 45.352234 9.709303 179.999573 179.999847 -171.646301 179.999710 179.999954 -174.436432 0.000000 -0.000000 0.000000 14.999256 0.001652 28.935837 179.998810 179.999100 -156.325241 179.998978 179.999771 -163.427643 0.000000 -0.000000 0.000000 179.999710 179.999176 -146.636566 179.999298 179.999466 -146.636581 179.999420 179.999969 -157.779953 0.000000 -0.000000 0.000000 169.999878 179.999512 -145.066040 179.999603 179.999664 -145.066025 179.999680 179.999985 -156.733994 0.000000 -0.000000 0.000000 159.999725 179.998474 -164.971481 179.998978 179.997910 -157.457230 179.998840 179.998978 -164.986526 177.988815 -178.818802 176.966385 178.607208 -178.522720 103.700493 177.088821 177.573944 178.892914 7.271369 3.244344 -1.913266 123.175194 128.006958 162.033691 0.000314 0.000483 -6.344265 0.000250 0.000298 -4.225288 180.000000 180.000000 -180.000000 164.999359 -179.998825 152.100220 179.999100 -179.999405 157.172913 179.999268 -179.999863 164.021042 180.000000 180.000000 -180.000000 179.999252 -179.998520 145.270538 179.998550 -179.999222 145.270538 179.998917 179.999863 156.870178 180.000000 180.000000 -180.000000 9.999249 -0.001590 -32.468555 179.998535 -179.999054 147.531448 179.998825 -179.999985 158.375946 180.000000 180.000000 -180.000000 19.999289 -0.001722 -24.222303 179.997955 -179.998062 143.666534 179.998154 -179.999786 155.801926
-119.100296 164.356583 24.383057 82.357658 178.466476 -175.489029 169.998169 -175.976212 174.556641 0.473404 23.161909 -4.779998 4.976300 5.248318 -2.542722 12.288834 -39.493446 -0.763617 166.137039 120.660988 158.791763 2.760939 -20.224556 5.069684 1.052593 5.514094 -1.968636 1.186575 5.422383 -2.602572 5.988681 4.360614 -2.843428 0.000016 1.056470 0.232100 0.000045 1.232553 0.240383 172.863434 179.080002 -179.972992 9.596905 1.151067 0.347042 23.212824 -20.717026 65.484245 33.598354 -4.057948 6.373696 176.068161 -177.258331 176.426422 48.189117 45.058842 10.148476 179.999588 179.999847 -171.580017 179.999710 179.999939 -174.392303 0.000000 -0.000000 0.000000 15.001015 -0.002013 29.401344 0.001538 -0.001043 24.055639 0.001278 -0.000231 16.838968 0.000000 -0.000000 0.000000 179.999680 179.999207 -146.528656 179.999298 179.999527 -146.528656 179.999451 179.999985 -157.708084 0.000000 -0.000000 0.000000 169.999802 179.999405 -145.012787 179.999496 179.999619 -145.012817 179.999588 179.999985 -156.698517 0.000000 -0.000000 0.000000 159.999603 179.998413 -164.786957 179.998795 179.997864 -157.180450 179.998672 179.998993 -164.802170 177.944031 -178.812500 176.979706 178.293823 -178.205643 104.014885 176.715500 177.703156 178.771667 7.169035 3.275958 -1.862765 122.903435 128.194077 162.002350 0.000263 0.000338 -6.249568 0.000198 0.000202 -4.162219 0.000000 -0.000000 0.000000 164.999313 -179.998810 151.925583 179.999069 -179.999420 157.030029 179.999222 -179.999863 163.921005 0.000000 -0.000000 0.000000 179.999283 -179.998657 145.036636 179.998642 -179.999298 145.036652 179.998993 179.999847 156.714401 0.000000 -0.000000 0.000000 9.999413 -0.001232 -32.741817 179.998856 -179.999313 147.258163 179.999100 179.999985 158.193954 0.000000 -0.000000 0.000000 19.999353 -0.001565 -24.498045 179.998154 -179.998291 143.252960 179.998322 -179.999832 155.526459
-119.387589 164.949814 24.602568 82.099518 178.469284 -175.667953 170.172592 -175.153351 174.759659 179.813995 155.121719 174.875473 5.066047 5.742863 -2.764520 11.816816 -38.587814 -0.492164 168.180206 121.699409 160.482590 2.469365 -19.897728 4.904099 1.066742 5.473281 -1.944337 1.185641 5.383398 -2.634717 5.985857 4.337880 -2.888922 0.000042 1.085552 0.199492 0.000023 1.266485 0.206625 172.991364 179.057587 -179.993637 9.519320 1.136623 0.357366 22.859978 -20.052671 66.077446 33.342281 -4.024659 6.705039 175.998413 -177.138504 176.693298 48.282394 44.316422 10.427067 0.000219 -0.000229 8.699099 0.000158 -0.000128 5.793599 0.000000 0.000000 -0.000003 15.000875 -0.001575 29.072018 0.001240 -0.000774 23.786201 0.001022 -0.000163 16.650333 0.000000 0.000000 -0.000003 179.999771 179.999512 -146.391418 179.999542 179.999725 -146.391403 179.999649 -179.999985 -157.616699 0.000000 0.000000 -0.000003 169.999741 179.999344 -144.929886 179.999435 179.999619 -144.929886 179.999542 -179.999985 -156.643295 0.000000 0.000000 -0.000003 159.999512 179.998505 -164.546341 179.998703 179.998032 -156.819534 179.998688 179.999146 -164.561798 177.885025 -178.791214 176.967194 177.939102 -177.913712 104.388710 176.344986 177.865799 178.646667 7.042717 3.331146 -1.787296 122.562897 128.292740 161.820450 0.000195 0.000255 -6.175838 0.000150 0.000156 -4.113123 0.000000 -0.000000 0.000000 164.999481 -179.999054 151.698181 179.999252 -179.999527 156.843964 179.999390 -179.999908 163.790787 0.000000 -0.000000 0.000000 179.999466 -179.998932 144.774063 179.998932 -179.999435 144.774063 179.999222 179.999893 156.539536 0.000000 -0.000000 0.000000 9.999589 -0.000900 -32.984875 179.999176 -179.999466 147.015106 179.999344 179.999985 158.032059 0.000000 -0.000000 0.000000 19.999626 -0.000990 -24.824265 179.998871 -179.998901 142.763565 179.998947 -179.999863 155.200531
-119.670341 165.527679 24.805069 81.851601 178.481613 -175.854019 170.385895 -174.280014 174.992172 179.050766 153.275787 174.427750 4.965558 6.082052 -2.954338 11.454541 -37.678299 -0.232271 169.852097 122.801308 161.865219 2.219093 -19.558067 4.745170 1.078601 5.434535 -1.916805 1.183099 5.346287 -2.655283 5.973788 4.313895 -2.920084 0.000009 1.113288 0.155254 0.000033 1.298841 0.160797 173.126892 179.037064 179.979004 9.420748 1.115537 0.356661 22.484638 -19.412355 66.676308 33.045822 -3.999780 7.057981 175.936401 -177.018723 176.945328 49.770851 45.283913 11.059380 179.999725 179.999847 -171.962555 179.999817 179.999924 -174.647049 0.000000 -0.000000 0.000000 14.999486 0.000848 28.599520 179.999313 179.999588 -156.600403 179.999435 179.999939 -163.620285 0.000000 -0.000000 0.000000 179.999680 179.999390 -146.313324 179.999405 179.999695 -146.313339 179.999557 -179.999954 -157.564682 0.000000 -0.000000 0.000000 169.999817 179.999588 -144.796005 179.999619 179.999786 -144.796005 179.999710 -179.999985 -156.554153 0.000000 -0.000000 0.000000 159.999512 179.998749 -164.260406 179.998810 179.998413 -156.390625 179.998840 179.999344 -164.276138 177.813858 -178.756409 176.931061 177.600052 -177.639099 104.793678 175.924316 177.649658 178.587601 6.954952 2.927949 -1.821203 122.005882 128.414383 161.451157 179.999939 -179.999939 173.917923 179.999954 -179.999969 175.949341 0.000000 -0.000000 0.000000 164.999496 -179.999359 151.467255 179.999390 -179.999725 156.655060 179.999527 -179.999985 163.658539 0.000000 -0.000000 0.000000 0.000048 0.000080 -35.559315 0.000078 0.000025 -35.559315 0.000069 -0.000012 -23.682495 0.000000 -0.000000 0.000000 9.999574 -0.000676 -33.198074 179.999283 -179.999664 146.801926 179.999466 179.999924 157.890076 0.000000 -0.000000 0.000000 19.999624 -0.000692 -25.061062 179.999039 -179.999298 142.408386 179.999222 179.999985 154.964005
-119.949135 166.093201 24.967442 81.616119 178.505676 -176.044754 170.599014 -173.373230 175.245544 178.192520 151.325806 173.866516 5.097036 6.270080 -3.350833 11.199623 -36.765697 -0.003050 170.899063 123.982605 162.795517 2.201542 -19.223022 4.541712 1.089755 5.398132 -1.886873 1.178798 5.311285 -2.666850 5.952190 4.289308 -2.940250 0.000018 1.140244 0.101683 0.000027 1.330290 0.105315 173.261780 179.017746 179.946228 9.304724 1.089051 0.345957 22.042814 -18.802155 67.297050 32.738419 -3.981585 7.409377 175.887405 -176.946365 177.198746 49.886639 44.814137 11.093499 0.000000 -0.000000 8.112703 0.000003 -0.000004 5.403059 0.000000 -0.000000 0.000000 14.999722 0.000441 28.832907 179.999634 179.999786 -156.409424 179.999725 179.999985 -163.486588 0.000000 -0.000000 0.000000 179.999725 179.999466 -146.166977 179.999466 179.999725 -146.166977 179.999603 -179.999954 -157.467194 0.000000 -0.000000 0.000000 169.999878 179.999725 -144.693893 179.999725 179.999847 -144.693909 179.999802 -179.999985 -156.486130 0.000000 -0.000000 0.000000 159.999634 179.999115 -163.938354 179.999115 179.998871 -155.907516 179.999161 179.999573 -163.954422 177.736969 -178.714432 176.891098 176.936127 -177.414993 105.299126 175.564911 177.797150 178.484772 6.839161 2.826938 -1.749220 122.108261 128.569839 161.569748 179.999954 -179.999969 173.891510 179.999969 -179.999985 175.931732 0.000000 -0.000002 -0.000002 164.999573 -179.999451 151.283127 179.999466 -179.999771 156.504364 179.999603 180.000000 163.553070 0.000000 -0.000002 -0.000002 179.999985 -179.999985 144.468353 179.999985 -179.999985 144.468369 180.000000 179.999985 156.335922 0.000000 -0.000002 -0.000002 9.999824 -0.000304 -33.414207 179.999695 -179.999847 146.585785 179.999771 179.999985 157.746140 0.000000 -0.000002 -0.000002 19.999851 -0.000278 -25.289654 179.999634 -179.999710 142.065521 179.999710 179.999985 154.735641
-120.232811 166.645889 25.117325 81.398392 178.543411 -176.238235 170.939285 -172.458923 175.505981 176.983063 149.293594 173.152100 5.000016 6.335855 -3.709577 10.856055 -35.851963 0.213604 171.851685 125.182396 163.634628 2.292378 -18.889297 4.316356 1.097750 5.363974 -1.855658 1.172708 5.278392 -2.672375 5.921548 4.264503 -2.953285 0.000021 1.167101 0.041330 0.000030 1.361627 0.042795 173.386566 178.998856 179.909241 9.174569 1.057529 0.332781 21.474041 -18.222431 67.955933 32.436256 -3.855216 7.824808 175.847382 -176.901489 177.421829 49.556126 44.344353 10.522217 179.999969 179.999969 -171.891235 179.999985 179.999985 -174.599564 0.000002 0.000000 -0.000003 14.999903 0.000171 28.997387 179.999863 179.999924 -156.274857 179.999893 179.999985 -163.392395 0.000002 0.000000 -0.000003 179.999786 179.999588 -145.986420 179.999588 179.999802 -145.986404 179.999695 -179.999969 -157.346954 0.000002 0.000000 -0.000003 169.999924 179.999847 -144.591827 179.999847 179.999908 -144.591827 179.999878 -179.999985 -156.418152 0.000002 0.000000 -0.000003 159.999496 179.998856 -163.682693 179.998795 179.998550 -155.524033 179.998871 179.999466 -163.699005 177.652557 -178.669098 176.861038 176.220856 -177.211472 105.821869 175.237656 178.075256 178.385529 6.726603 2.780764 -1.640810 122.152138 128.889786 161.663666 0.000123 0.000041 -6.147589 0.000085 0.000018 -4.094303 0.000000 0.000000 -0.000002 165.000000 -180.000000 151.026215 179.999985 179.999985 156.294189 0.000003 0.000000 -16.594059 0.000000 0.000000 -0.000002 179.999969 -179.999954 144.468170 179.999939 -179.999985 144.468185 179.999969 179.999985 156.335800 0.000000 0.000000 -0.000002 10.000036 0.000061 -33.560081 0.000064 0.000023 -33.560070 0.000059 0.000003 -22.351015 0.000000 0.000000 -0.000002 20.000059 0.000102 -25.429085 0.000125 0.000108 -38.143604 0.000113 0.000011 -25.403658
-120.519997 167.182892 25.235228 81.200516 178.595123 -176.432755 171.463531 -171.551376 175.768616 175.919601 147.225067 172.316772 4.512455 6.295924 -3.890098 10.717490 -34.924915 0.395434 172.481354 126.406487 164.263321 2.353658 -18.549303 4.121058 1.099061 5.332571 -1.822466 1.161385 5.248004 -2.671015 5.865435 4.238481 -2.959607 0.000007 1.194490 -0.025505 0.000013 1.393567 -0.026424 173.524734 178.979752 179.868591 9.055276 1.021065 0.311663 20.806843 -17.680962 68.632851 32.086441 -3.664049 8.272818 175.818512 -176.897644 177.603989 49.342239 43.807728 10.092723 0.000071 -0.000067 8.135950 0.000049 -0.000040 5.418551 0.000002 0.000002 0.000000 15.000000 0.000013 29.086430 0.000003 -0.000001 23.797983 0.000003 -0.000004 16.658592 0.000002 0.000002 0.000000 179.999908 179.999817 -145.787613 179.999817 179.999908 -145.787582 179.999863 -179.999985 -157.214554 0.000002 0.000002 0.000000 170.000000 179.999985 -144.503815 179.999985 179.999985 -144.503830 179.999985 180.000000 -156.359543 0.000002 0.000002 0.000000 159.999939 179.999847 -163.076355 179.999832 179.999802 -154.614548 179.999847 179.999939 -163.093277 177.585403 -178.621902 176.836929 175.755646 -176.984818 106.281609 174.897629 178.162506 178.328903 6.631009 2.747760 -1.499132 121.930977 128.318893 161.288406 0.000072 0.000024 -6.104165 0.000051 0.000010 -4.065379 180.000000 -180.000000 180.000000 164.999969 -179.999954 151.030884 179.999954 -179.999985 156.297989 179.999985 180.000000 163.408585 180.000000 -180.000000 180.000000 179.999954 -179.999924 144.440811 179.999924 -179.999969 144.440842 179.999954 179.999985 156.317596 180.000000 -180.000000 180.000000 9.999989 -0.000004 -33.520397 180.000000 -179.999985 146.479614 179.999985 -179.999985 157.675415 180.000000 -180.000000 180.000000 20.000002 0.000022 -25.366879 0.000028 0.000024 -38.050320 0.000014 -0.000000 -25.341511
-120.809532 167.703979 25.335016 81.025131 178.659943 -176.626984 171.703888 -170.629730 176.048553 174.751831 145.154648 171.326874 4.214358 6.110379 -4.174776 10.642837 -34.003887 0.561572 173.143478 127.604149 164.901184 2.289876 -18.201353 3.968631 1.095650 5.302849 -1.788292 1.148323 5.219196 -2.665743 5.800858 4.212289 -2.961484 0.000003 1.223452 -0.092493 0.000002 1.427350 -0.095792 173.655731 178.959167 179.827667 8.927309 0.980018 0.288845 20.055006 -17.187334 69.310837 31.674381 -3.393539 8.764213 175.805466 -176.950928 177.738327 48.814693 43.303188 9.217310 0.000035 -0.000044 8.087073 0.000033 -0.000022 5.386000 0.000000 -0.000003 0.000000 15.000002 -0.000017 29.092136 0.000011 0.000001 23.802647 0.000003 -0.000004 16.661861 0.000000 -0.000003 0.000000 179.999985 179.999939 -145.641708 179.999939 179.999969 -145.641708 179.999969 -179.999985 -157.117386 0.000000 -0.000003 0.000000 170.000015 -179.999985 -144.483154 0.000011 0.000000 35.516819 0.000007 0.000000 23.654228 0.000000 -0.000003 0.000000 159.999985 179.999939 -162.955963 179.999954 179.999924 -154.433945 179.999939 179.999985 -162.973007 177.516312 -178.575104 176.826263 175.339157 -176.759171 106.727898 174.559219 178.190567 178.291687 6.559236 2.744000 -1.315067 121.629662 127.817688 160.853256 0.000039 0.000014 -6.062839 0.000027 0.000008 -4.037850 0.000000 -0.000000 0.000000 165.000031 179.999954 150.978943 0.000052 0.000016 -23.744495 0.000038 -0.000001 -16.621145 0.000000 -0.000000 0.000000 179.999969 -179.999954 144.373917 179.999954 -179.999985 144.373917 179.999985 179.999985 156.273041 0.000000 -0.000000 0.000000 10.000027 0.000048 -33.531040 0.000049 0.000015 -33.531029 0.000042 -0.000000 -22.331676 0.000000 -0.000000 0.000000 20.000031 0.000055 -25.357025 0.000073 0.000061 -38.035542 0.000049 0.000000 -25.331676
-121.090149 168.215363 25.433805 80.854332 178.728928 -176.821274 171.018845 -169.643478 176.343430 174.339905 143.078934 170.368881 4.086104 5.854613 -4.566749 10.551697 -33.088757 0.736458 174.005096 128.772766 165.619598 2.066568 -17.843096 3.866812 1.091782 5.273340 -1.754030 1.136849 5.190592 -2.660613 5.744000 4.186987 -2.962840 0.000167 1.253501 -0.160538 0.000149 1.462457 -0.166279 173.775513 178.937912 179.785995 8.778160 0.936844 0.271645 19.360199 -16.702978 69.958191 31.204866 -3.219475 9.203113 175.803818 -177.112167 177.926712 48.168694 42.712608 8.135290 0.000409 -0.000765 8.011043 0.000344 -0.000467 5.335356 0.000000 0.000000 -0.000002 14.999946 0.000163 29.046188 179.999908 179.999939 -156.234955 179.999908 179.999985 -163.364471 0.000000 0.000000 -0.000002 179.998718 179.997116 -145.619431 179.997314 179.998383 -145.619400 179.997910 -179.999863 -157.102554 0.000000 0.000000 -0.000002 169.999924 179.999832 -144.526489 179.999847 179.999893 -144.526505 179.999863 -179.999985 -156.374649 0.000000 0.000000 -0.000002 159.999313 179.998459 -162.854233 179.998337 179.998123 -154.281372 179.998459 179.999344 -162.871368 177.431717 -178.528702 176.820175 174.972382 -176.555466 107.171516 174.167618 178.090897 178.271515 6.515190 2.711479 -1.127553 121.250587 127.351570 160.285034 179.999710 -179.999969 173.947052 179.999817 -180.000000 175.968704 0.000002 0.000002 0.000000 165.001465 179.998184 151.066467 0.001788 0.000725 -23.672863 0.001325 -0.000049 -16.571018 0.000002 0.000002 0.000000 0.000860 0.001345 -35.722664 0.001489 0.000591 -35.722649 0.001025 -0.000262 -23.791271 0.000002 0.000002 0.000000 10.000841 0.001671 -33.447769 0.001618 0.000928 -33.447723 0.001225 -0.000072 -22.276173 0.000002 0.000002 0.000000 20.000607 0.001734 -25.248274 0.001909 0.001971 -37.872356 0.001823 0.000268 -25.222980
-121.379509 168.706604 25.466072 80.720901 178.814133 -177.005417 171.785110 -168.785416 176.624832 172.072815 141.052536 168.850555 3.921523 5.377107 -4.893427 11.121992 -32.128136 0.819258 174.030426 130.018555 165.901367 1.753233 -17.468065 3.811298 1.082044 5.245850 -1.721344 1.117200 5.163661 -2.647953 5.647746 4.158627 -2.957956 0.000119 1.285120 -0.226878 0.000125 1.499310 -0.235003 173.906296 178.914612 179.745331 8.665667 0.891794 0.234562 18.731312 -16.203552 70.560806 30.639812 -3.132709 9.537049 175.852219 -177.331284 177.956131 47.678646 42.391628 7.373581 0.000086 -0.000242 7.951119 0.000085 -0.000158 5.295456 0.000000 -0.000000 0.000000 14.999785 0.000689 29.025238 179.999588 179.999603 -156.252090 179.999603 179.999847 -163.376465 0.000000 -0.000000 0.000000 179.999130 179.997665 -145.433258 179.997971 179.998581 -145.433243 179.998367 -180.000000 -156.978531 0.000000 -0.000000 0.000000 170.000015 -179.999985 -144.506592 0.000010 -0.000012 35.493412 0.000023 -0.000005 23.638605 0.000000 -0.000000 0.000000 159.999359 179.998383 -162.775787 179.998322 179.997986 -154.163681 179.998413 179.999283 -162.793015 177.386322 -178.482620 176.835556 174.876694 -176.287338 107.524658 173.801727 177.760239 178.273468 6.523750 2.613571 -0.880719 121.240860 126.933807 160.064743 0.000031 0.000005 -6.082090 0.000024 -0.000001 -4.050692 0.000000 -0.000000 0.000000 165.001144 179.998581 151.221893 0.001363 0.000558 -23.545755 0.001041 -0.000013 -16.482014 0.000000 -0.000000 0.000000 0.000547 0.000893 -35.594006 0.000964 0.000406 -35.594040 0.000690 -0.000143 -23.705622 0.000000 -0.000000 0.000000 10.000512 0.001090 -33.288342 0.001016 0.000632 -33.288303 0.000802 -0.000010 -22.170031 0.000000 -0.000000 0.000000 20.000364 0.001241 -25.090666 0.001279 0.001435 -37.635994 0.001267 0.000250 -25.065603
-121.669044 169.187561 25.524399 80.610542 178.909271 -177.189255 172.609619 -167.959442 176.932190 169.659119 139.093079 167.100388 3.754231 4.821876 -5.172760 11.270314 -31.179796 0.935496 174.783264 131.205200 166.591049 1.312885 -17.085655 3.749197 1.067818 5.220462 -1.688987 1.096046 5.138725 -2.631756 5.543940 4.130559 -2.948794 0.000101 1.316278 -0.287620 0.000109 1.535685 -0.297907 174.020706 178.891251 179.707947 8.559017 0.842295 0.187583 17.898020 -15.702550 71.206200 30.255699 -2.297392 10.248784 175.845428 -176.984070 177.595581 48.392612 42.012684 7.317113 179.999573 179.992432 -172.314682 179.999023 179.995056 -174.881577 0.000000 0.000003 0.000000 14.999829 0.000939 29.051497 179.999496 179.999405 -156.230637 179.999512 179.999756 -163.361420 0.000000 0.000003 0.000000 179.999390 179.997772 -145.291595 179.998230 179.998535 -145.291611 179.998474 179.999863 -156.884201 0.000000 0.000003 0.000000 169.999985 179.999939 -144.511475 179.999939 179.999954 -144.511444 179.999954 179.999985 -156.364655 0.000000 0.000003 0.000000 159.999451 179.998428 -162.678223 179.998520 179.998032 -154.017319 179.998550 179.999252 -162.695572 177.345184 -178.435287 176.867889 174.167862 -176.084045 108.001877 173.607040 178.122803 178.241684 6.525385 2.609444 -0.585627 121.223785 126.609894 159.941513 179.999985 -179.999985 173.923523 179.999985 179.999985 175.953094 0.000002 0.000003 0.000000 165.000824 179.998856 151.357010 0.001031 0.000496 -23.435169 0.000806 0.000035 -16.404621 0.000002 0.000003 0.000000 0.000179 0.000348 -35.478756 0.000352 0.000179 -35.478764 0.000260 -0.000042 -23.628862 0.000002 0.000003 0.000000 10.000232 0.000646 -33.166355 0.000548 0.000409 -33.166374 0.000454 0.000028 -22.088800 0.000002 0.000003 0.000000 20.000135 0.000756 -24.951651 0.000683 0.000933 -37.427494 0.000736 0.000215 -24.926702
-121.953514 169.656433 25.580915 80.518700 179.014923 -177.372971 172.971207 -167.132004 177.283798 167.739105 137.185074 165.275833 3.573933 4.186792 -5.368669 11.554884 -30.222160 1.037992 175.317795 132.410126 167.170441 0.866579 -16.701656 3.674775 1.055904 5.196689 -1.658381 1.076785 5.115291 -2.613758 5.449029 4.104141 -2.936319 0.000098 1.346964 -0.340351 0.000087 1.571465 -0.352518 174.112701 178.867798 179.675064 8.431119 0.781660 0.132611 17.287041 -15.156188 71.785690 29.733887 -1.822243 10.665577 175.852051 -176.951797 177.277359 46.106556 42.093952 6.190782 0.000035 0.000176 8.188087 0.000008 0.000130 5.453253 0.000002 0.000002 0.000000 14.999905 0.001198 29.094898 179.999466 179.999176 -156.195114 179.999435 179.999634 -163.336563 0.000002 0.000002 0.000000 179.999588 179.997726 -145.155396 179.998352 179.998383 -145.155396 179.998505 179.999741 -156.793488 0.000002 0.000002 0.000000 169.999954 179.999756 -144.518585 179.999817 179.999847 -144.518570 179.999847 179.999985 -156.369370 0.000002 0.000002 0.000000 159.999557 179.998428 -162.579361 179.998657 179.997971 -153.869034 179.998611 179.999191 -162.596771 177.286880 -178.389908 176.919144 172.733551 -175.963806 108.613945 173.587234 179.210190 178.204071 6.544475 2.552284 -0.277973 121.269684 126.362282 159.927536 179.999786 179.999985 173.935577 179.999863 179.999985 175.961090 0.000000 -0.000000 0.000000 165.000610 179.999008 151.474380 0.000823 0.000487 -23.339134 0.000658 0.000076 -16.337397 0.000000 -0.000000 0.000000 0.000163 0.000382 -35.448189 0.000352 0.000224 -35.448158 0.000275 -0.000012 -23.608467 0.000000 -0.000000 0.000000 10.000011 0.000017 -33.053265 0.000022 0.000021 -33.053234 0.000016 0.000007 -22.013470 0.000000 -0.000000 0.000000 20.000036 0.000227 -24.837137 0.000177 0.000298 -37.255711 0.000209 0.000084 -24.812296
-122.227737 170.115448 25.658312 80.446075 179.126190 -177.552734 173.418930 -166.347794 177.658691 165.510849 135.383148 163.248703 3.218821 3.497732 -5.352414 11.515727 -29.281418 1.150973 176.048996 133.613159 167.855255 0.576243 -16.320723 3.520387 1.044042 5.170156 -1.630481 1.059327 5.089138 -2.596018 5.362118 4.076440 -2.923427 0.000060 1.379703 -0.381883 0.000089 1.609662 -0.395541 174.171677 178.842041 179.648193 8.290732 0.720374 0.080904 16.679422 -14.588152 72.354164 29.127213 -1.261129 11.011505 175.935120 -176.946030 176.906509 46.353237 42.239723 6.514879 0.000083 0.000316 8.195978 0.000027 0.000200 5.458528 180.000000 -180.000000 180.000000 14.999967 -0.000721 29.294056 0.000272 -0.000529 23.967861 0.000323 -0.000265 16.777500 180.000000 -180.000000 180.000000 179.999863 179.998001 -144.978378 179.998749 179.998459 -144.978363 179.998688 179.999634 -156.675598 180.000000 -180.000000 180.000000 169.999954 179.999573 -144.512787 179.999710 179.999695 -144.512756 179.999725 179.999954 -156.365509 180.000000 -180.000000 180.000000 159.999725 179.998535 -162.464737 179.998901 179.998032 -153.697052 179.998764 179.999161 -162.482269 177.216019 -178.353485 176.982269 172.853409 -175.583984 108.867416 173.353348 178.827240 178.234695 6.561369 2.526380 0.042111 121.408020 126.135918 159.994583 179.999695 179.999924 173.934021 179.999817 179.999924 175.960068 180.000000 -179.999985 180.000000 165.000320 179.999329 151.608078 0.000488 0.000341 -23.229736 0.000424 0.000098 -16.260817 180.000000 -179.999985 180.000000 180.000000 -179.999985 144.626862 179.999985 -179.999985 144.626907 180.000000 179.999985 156.441513 180.000000 -179.999985 180.000000 10.000019 0.000166 -33.062138 0.000105 0.000115 -33.062141 0.000109 0.000028 -22.019390 180.000000 -179.999985 180.000000 19.999985 0.000339 -24.825031 0.000225 0.000472 -37.237583 0.000304 0.000160 -24.800234
-122.495308 170.564682 25.741179 80.390747 179.238495 -177.727325 173.761887 -165.616699 178.046158 163.257416 133.719254 161.129440 3.486628 2.615840 -5.688242 11.332818 -28.361265 1.257427 176.655746 134.834274 168.476135 0.503826 -15.940921 3.290787 1.030899 5.138548 -1.605194 1.042059 5.057937 -2.578276 5.276023 4.045320 -2.910822 0.000060 1.415323 -0.412963 0.000059 1.651224 -0.427725 174.205826 178.813248 179.626938 8.153139 0.665842 0.039176 15.856207 -14.006703 72.966789 28.496212 -0.520370 11.324893 176.080093 -177.083450 176.545731 46.556000 42.364574 6.841412 0.000071 0.000200 8.230693 0.000029 0.000142 5.481633 180.000000 -179.999985 -180.000000 14.999958 -0.000309 29.210615 0.000078 -0.000240 23.899611 0.000120 -0.000125 16.729712 180.000000 -179.999985 -180.000000 0.000115 0.001848 35.189369 179.999023 179.998413 -144.810638 179.998886 179.999527 -156.563873 180.000000 -179.999985 -180.000000 170.000000 179.999680 -144.471313 179.999817 179.999725 -144.471313 179.999817 179.999939 -156.337921 180.000000 -179.999985 -180.000000 159.999893 179.998764 -162.333435 179.999252 179.998291 -153.500107 179.999054 179.999207 -162.351089 177.146194 -178.325836 177.049622 173.103104 -175.159973 109.086975 173.143936 178.371719 178.259201 6.558204 2.491797 0.349827 121.984612 126.212959 160.534851 179.999741 179.999924 173.878983 179.999847 179.999939 175.923401 180.000000 180.000000 -179.999985 165.000259 179.999268 151.680832 0.000470 0.000429 -23.170244 0.000424 0.000144 -16.219154 180.000000 180.000000 -179.999985 179.999985 -179.999847 144.638367 179.999878 -179.999878 144.638351 179.999924 -179.999985 156.449142 180.000000 180.000000 -179.999985 10.000002 -0.000118 -33.015259 179.999939 -179.999893 146.984756 179.999924 -179.999985 158.011841 180.000000 180.000000 -179.999985 20.000019 -0.000245 -24.728065 179.999878 -179.999664 142.907898 179.999802 -179.999863 155.296677
-122.746864 171.006851 25.837179 80.351143 179.349060 -177.897995 173.947754 -164.934326 178.439743 161.268219 132.166275 159.045715 3.615424 1.713147 -5.872535 11.116497 -27.445637 1.359643 177.552002 136.054718 169.234009 0.218276 -15.520403 3.125403 1.014636 5.102850 -1.581401 1.023329 5.022663 -2.557862 5.182281 4.010413 -2.895590 0.000045 1.452311 -0.438071 0.000077 1.694362 -0.453716 174.235977 178.782959 179.609177 8.032772 0.613783 0.000015 14.294509 -13.417799 73.774109 28.026932 0.874459 11.822051 176.241333 -177.416382 176.206116 46.625103 42.446251 6.994631 0.000069 0.000146 8.253490 0.000028 0.000112 5.496826 0.000002 0.000003 -0.000003 15.000166 0.000648 29.122530 179.999847 179.999481 -156.172470 179.999771 179.999710 -163.320724 0.000002 0.000003 -0.000003 0.000226 0.001806 35.360081 179.999115 179.998398 -144.639893 179.998886 179.999466 -156.450180 0.000002 0.000003 -0.000003 170.000015 179.999588 -144.447922 179.999771 179.999664 -144.447937 179.999741 179.999893 -156.322327 0.000002 0.000003 -0.000003 159.999924 179.998672 -162.226837 179.999268 179.998154 -153.340240 179.999008 179.999100 -162.244583 177.085724 -178.299881 177.114761 173.038406 -174.774399 109.361176 173.018311 178.226913 178.277069 6.525777 2.419678 0.643146 122.413765 126.117409 160.875778 179.999832 179.999908 173.835342 179.999893 179.999924 175.894333 0.000002 0.000000 -0.000003 165.000229 179.998566 151.710312 0.000719 0.000932 -23.146078 0.000724 0.000414 -16.202250 0.000002 0.000000 -0.000003 0.000007 -0.000116 -35.386101 179.999939 -179.999908 144.613892 179.999939 -179.999985 156.432831 0.000002 0.000000 -0.000003 10.000021 -0.000158 -33.028652 179.999954 -179.999847 146.971375 179.999893 -179.999939 158.002899 0.000002 0.000000 -0.000003 19.999992 0.000049 -24.788418 0.000022 0.000078 -37.182648 0.000032 0.000030 -24.763626
-122.995850 171.444565 25.934250 80.322182 179.454117 -178.066986 174.132080 -164.298904 178.830978 159.404861 130.700119 157.023438 3.649436 0.775346 -5.959497 10.867453 -26.515835 1.441883 178.445786 137.321228 169.984924 179.954636 -164.923340 -177.032013 0.999946 5.062475 -1.558918 1.005162 4.982709 -2.533744 5.090225 3.971914 -2.875583 0.000025 1.490421 -0.457836 0.000031 1.738822 -0.474207 174.254532 178.751434 179.594208 7.917535 0.561907 -0.036010 14.237986 -12.740520 74.155533 27.203775 1.095377 11.645385 176.402527 -177.728683 175.807999 46.675896 42.485920 7.099786 0.000077 0.000118 8.272343 0.000040 0.000087 5.509389 0.000000 0.000003 0.000000 15.000216 0.000745 29.181997 179.999878 179.999390 -156.123825 179.999725 179.999634 -163.286667 0.000000 0.000003 0.000000 179.999954 -179.999725 -144.312317 0.000137 -0.000265 35.687660 0.000193 -0.000093 23.767975 0.000000 0.000003 0.000000 170.000015 179.999680 -144.398056 179.999847 179.999725 -144.398056 179.999802 179.999908 -156.289108 0.000000 0.000003 0.000000 159.999939 179.998749 -162.082458 179.999344 179.998245 -153.123688 179.999069 179.999161 -162.100388 177.025848 -178.279465 177.185608 172.965103 -174.365829 109.610741 172.941208 178.152786 178.294540 6.486683 2.257195 0.906917 122.971230 126.134514 161.316208 179.999969 179.999985 173.753616 179.999985 179.999985 175.839920 0.000002 -0.000002 -0.000000 165.000015 179.998581 151.932999 0.000538 0.001023 -22.963909 0.000631 0.000516 -16.074745 0.000002 -0.000002 -0.000000 0.000054 -0.000325 -35.382236 179.999847 -179.999710 144.617737 179.999817 -179.999893 156.435425 0.000002 -0.000002 -0.000000 10.000073 -0.000223 -33.048027 179.999924 -179.999786 146.951996 179.999878 -179.999908 157.990036 0.000002 -0.000002 -0.000000 20.000067 -0.000164 -24.759205 179.999985 -179.999725 142.861237 179.999893 -179.999863 155.265549
-123.251030 171.878021 26.026579 80.301697 179.550720 -178.236816 174.472534 -163.707306 179.214722 157.535507 129.333847 155.063660 3.716215 -0.208690 -6.051774 10.604399 -25.586178 1.499751 179.128098 138.630554 170.630386 179.862289 -165.374344 -177.214859 0.987031 5.016724 -1.536097 0.987769 4.937406 -2.504972 5.000747 3.929286 -2.849495 0.000015 1.529577 -0.474296 0.000027 1.784503 -0.491264 174.266006 178.718857 179.581100 7.805669 0.509190 -0.068741 14.353023 -12.056677 74.474808 26.322411 1.236489 11.367119 176.559357 -177.982620 175.352448 46.935326 42.634834 7.459057 0.000076 0.000125 8.289845 0.000042 0.000087 5.521030 0.000002 0.000002 0.000000 15.000276 0.000734 29.273020 179.999893 179.999344 -156.049362 179.999771 179.999619 -163.234573 0.000002 0.000002 0.000000 0.000236 0.001049 35.559521 179.999588 179.998993 -144.440475 179.999390 179.999619 -156.317352 0.000002 0.000002 0.000000 170.000031 179.999847 -144.349640 179.999924 179.999847 -144.349640 179.999908 179.999954 -156.256851 0.000002 0.000002 0.000000 160.000015 179.998795 -161.929184 179.999451 179.998276 -152.893768 179.999146 179.999130 -161.947250 176.975204 -178.271942 177.269211 172.999817 -173.887146 109.800117 172.930527 178.135529 178.309799 6.436187 2.162318 1.126896 123.332069 126.151993 161.630142 0.000003 0.000002 -6.285303 180.000000 -179.999985 175.813980 0.000003 -0.000002 -0.000000 165.000015 179.999908 152.357086 0.000016 0.000058 -22.616922 0.000043 0.000038 -15.831854 0.000003 -0.000002 -0.000000 0.000034 -0.000097 -35.470100 179.999969 -179.999878 144.529892 179.999939 -179.999969 156.376907 0.000003 -0.000002 -0.000000 10.000140 -0.000390 -33.072399 179.999893 -179.999588 146.927597 179.999817 -179.999817 157.973785 0.000003 -0.000002 -0.000000 20.000114 -0.000253 -24.781515 179.999985 -179.999573 142.827728 179.999832 -179.999771 155.243256
-123.508667 172.303589 26.121490 80.289871 179.636154 -178.409912 174.801712 -163.146210 179.590668 155.865112 128.055481 153.261368 3.834516 -1.247555 -6.126471 10.239026 -24.677906 1.552446 179.654556 139.953506 171.193207 179.979965 -165.821991 -177.437927 0.973849 4.965162 -1.511304 0.971172 4.886390 -2.470984 4.913876 3.882259 -2.816637 0.000031 1.569210 -0.489768 0.000024 1.830759 -0.507266 174.274704 178.685852 179.568481 7.695720 0.454266 -0.097830 14.259102 -11.383299 74.828796 25.435555 1.492318 11.088472 176.725281 -178.397141 174.920624 47.140209 42.661190 7.702069 0.000130 0.000169 8.307107 0.000069 0.000127 5.532525 0.000000 -0.000000 0.000000 15.000311 0.000688 29.383730 179.999939 179.999390 -155.958801 179.999771 179.999634 -163.171143 0.000000 -0.000000 0.000000 0.000260 0.000919 35.721516 179.999680 179.999100 -144.278473 179.999481 179.999649 -156.209473 0.000000 -0.000000 0.000000 170.000031 179.999786 -144.329041 179.999908 179.999817 -144.329071 179.999863 179.999939 -156.243164 0.000000 -0.000000 0.000000 160.000031 179.999069 -161.734207 179.999619 179.998642 -152.601318 179.999359 179.999329 -161.752487 176.928848 -178.274277 177.359634 173.084793 -173.367859 109.945869 172.957184 178.117218 178.318924 6.380699 2.078591 1.303076 123.557838 126.173401 161.862595 0.000013 0.000016 -6.293163 0.000011 0.000007 -4.191246 0.000000 -0.000000 0.000000 165.000015 -179.999939 152.396866 179.999985 -179.999939 157.415604 179.999985 -179.999985 164.190948 0.000000 -0.000000 0.000000 179.999985 179.999985 144.488480 0.000004 0.000023 -35.511517 0.000022 0.000010 -23.650686 0.000000 -0.000000 0.000000 10.000101 -0.000207 -33.189384 179.999969 -179.999771 146.810608 179.999908 -179.999893 157.895874 0.000000 -0.000000 0.000000 20.000154 -0.000294 -24.838406 0.000019 -0.000495 -37.257599 179.999802 -179.999725 155.186432
-123.749985 172.716537 26.232199 80.287811 179.706940 -178.587311 175.419083 -162.617783 179.957764 154.251785 126.875153 151.608856 3.874806 -2.335399 -6.045501 9.910042 -23.785709 1.627829 0.933654 38.756672 -7.942890 179.402466 -166.334656 -177.488434 0.957294 4.907238 -1.483930 0.955487 4.829103 -2.431816 4.830163 3.830429 -2.776981 0.000009 1.608822 -0.504360 0.000009 1.876951 -0.522364 174.288895 178.652725 179.556580 7.585856 0.395872 -0.123417 13.783752 -10.727910 75.256920 24.622498 2.166007 10.927187 176.892395 -178.809402 174.463577 47.439430 42.732365 8.094539 0.000154 0.000208 8.341722 0.000082 0.000146 5.555587 0.000000 0.000000 -0.000002 15.000267 0.000620 29.508425 179.999939 179.999466 -155.856750 179.999817 179.999680 -163.099747 0.000000 0.000000 -0.000002 0.000204 0.000767 35.893078 179.999725 179.999252 -144.106918 179.999557 179.999725 -156.095215 0.000000 0.000000 -0.000002 169.999771 -179.998550 -144.171143 0.000663 -0.001292 35.828857 0.000866 -0.000446 23.862019 0.000000 0.000000 -0.000002 160.000015 179.999344 -161.548111 179.999725 179.999069 -152.322144 179.999557 179.999542 -161.566559 176.880966 -178.281769 177.447418 173.138062 -172.846191 110.074982 173.012650 178.160248 178.320374 6.326472 1.948525 1.449675 123.560745 126.275360 161.959061 0.000014 0.000013 -6.264778 0.000010 0.000009 -4.172337 0.000000 -0.000000 0.000000 165.000076 -179.999832 152.386459 179.999985 -179.999847 157.407089 179.999954 -179.999908 164.184952 0.000000 -0.000000 0.000000 0.000092 -0.000197 -35.476055 179.999985 -179.999802 144.523911 179.999893 -179.999893 156.372940 0.000000 -0.000000 0.000000 10.000180 -0.000334 -33.235291 179.999969 -179.999619 146.764694 179.999847 -179.999802 157.865295 0.000000 -0.000000 0.000000 20.000280 -0.000474 -24.905693 0.000064 -0.000815 -37.358536 179.999725 -179.999557 155.119217
-123.988831 173.114670 26.325291 80.287842 179.759384 -178.768219 175.776306 -162.105759 -179.680450 153.216614 125.728935 150.313965 3.944051 -3.485256 -5.942021 9.467289 -22.933117 1.697860 1.747718 37.453621 -7.307264 179.301010 -166.816299 -177.648193 0.942896 4.842079 -1.453915 0.941067 4.764734 -2.388205 4.751140 3.773508 -2.731450 0.000006 1.647720 -0.517611 0.000019 1.922342 -0.536112 174.320404 178.620010 179.545914 7.474174 0.334276 -0.146270 13.424952 -10.085592 75.624809 23.721727 2.672234 10.665889 177.065063 -179.260666 174.002762 47.770344 42.821335 8.570893 0.000151 0.000198 8.397641 0.000074 0.000150 5.592832 0.000000 -0.000000 0.000000 15.000205 0.000465 29.655848 179.999954 179.999588 -155.736130 179.999847 179.999741 -163.015289 0.000000 -0.000000 0.000000 0.000155 0.000541 36.078426 179.999802 179.999466 -143.921570 179.999695 179.999802 -155.971771 0.000000 -0.000000 0.000000 170.000015 179.999908 -144.606445 179.999969 179.999924 -144.606445 179.999954 179.999985 -156.427902 0.000000 -0.000000 0.000000 160.000015 179.999496 -161.396378 179.999786 179.999283 -152.094574 179.999649 179.999634 -161.414978 176.832642 -178.293396 177.527512 173.053955 -172.342148 110.214165 173.108459 178.345810 178.318359 6.282027 1.769810 1.569455 123.529137 126.264938 162.003693 180.000000 179.999985 173.776382 180.000000 179.999985 175.855087 0.000000 -0.000003 0.000000 165.000107 -179.999771 152.330887 179.999985 -179.999817 157.361633 179.999939 -179.999878 164.153152 0.000000 -0.000003 0.000000 0.000103 -0.000204 -35.549805 179.999985 -179.999771 144.450211 179.999893 -179.999893 156.323837 0.000000 -0.000003 0.000000 10.000173 -0.000305 -33.369900 179.999985 -179.999649 146.630112 179.999863 -179.999817 157.775650 0.000000 -0.000003 0.000000 20.000175 -0.000283 -25.113298 0.000053 -0.000494 -37.669952 179.999832 -179.999710 154.911819
-124.223038 173.497192 26.412991 80.288727 179.791290 -178.951004 175.907669 -161.615784 -179.326447 152.881470 124.601326 149.461472 3.910918 -4.635979 -5.759440 8.771540 -22.120449 1.770658 2.722010 36.164513 -6.640960 179.297821 -167.295746 -177.820114 0.929847 4.769188 -1.421358 0.928138 4.692798 -2.341213 4.678394 3.711341 -2.681310 0.000002 1.684726 -0.531361 0.000021 1.965525 -0.550347 174.367752 178.588821 179.535553 7.360494 0.270648 -0.167438 13.144896 -9.465846 75.943642 22.794750 3.228390 10.395757 177.230011 -179.587708 173.507126 48.060524 42.917004 9.051995 0.000099 0.000154 8.473127 0.000050 0.000107 5.643109 180.000000 180.000000 -180.000000 15.000120 0.000301 29.803104 179.999969 179.999741 -155.615646 179.999908 179.999847 -162.930954 180.000000 180.000000 -180.000000 0.000094 0.000381 36.249157 179.999847 179.999634 -143.750839 179.999771 179.999847 -155.858063 180.000000 180.000000 -180.000000 170.000000 179.999985 -144.576355 179.999985 179.999985 -144.576355 180.000000 179.999985 -156.407852 180.000000 180.000000 -180.000000 160.000015 179.999649 -161.240082 179.999847 179.999496 -151.860092 179.999756 179.999756 -161.258820 176.784698 -178.308151 177.597015 172.928284 -171.845276 110.349342 173.219482 178.592010 178.314423 6.251539 1.590056 1.664247 123.354446 126.310295 161.994049 179.999985 179.999985 173.856750 180.000000 179.999985 175.908585 0.000000 0.000002 0.000000 165.000076 -179.999878 152.197220 180.000000 -179.999893 157.252258 179.999969 -179.999939 164.076599 0.000000 0.000002 0.000000 0.000110 -0.000192 -35.657291 179.999985 -179.999786 144.342697 179.999908 -179.999893 156.252228 0.000000 0.000002 0.000000 10.000137 -0.000226 -33.541500 179.999985 -179.999741 146.458481 179.999908 -179.999847 157.661346 0.000000 0.000002 0.000000 20.000101 -0.000170 -25.285021 0.000036 -0.000278 -37.927570 179.999908 -179.999847 154.740265
-124.453773 173.864548 26.445507 80.287064 179.802658 -179.133530 175.991714 -161.157593 -178.985046 152.952454 123.540367 148.988602 3.861832 -5.791641 -5.580436 8.821558 -21.333324 1.799264 3.013545 34.872627 -6.266359 179.115631 -167.794052 -177.897598 0.920244 4.688865 -1.386797 0.916861 4.613564 -2.292030 4.612621 3.644303 -2.628025 0.000016 1.718526 -0.547508 180.000000 177.995056 179.432938 174.431946 178.560333 179.524475 7.241760 0.205907 -0.186239 12.949774 -8.877286 76.215858 21.817059 3.731961 10.090362 177.385239 -179.837753 173.002960 48.230877 43.004887 9.410429 0.000056 0.000088 8.547142 0.000032 0.000058 5.692398 0.000000 -0.000000 0.000003 15.000058 0.000144 29.935247 179.999985 179.999878 -155.507523 179.999954 179.999924 -162.855255 0.000000 -0.000000 0.000003 0.000052 0.000212 36.420235 179.999908 179.999802 -143.579773 179.999878 179.999924 -155.744125 0.000000 -0.000000 0.000003 170.000000 -179.999985 -144.563675 0.000007 -0.000011 35.436306 0.000013 -0.000004 23.600586 0.000000 -0.000000 0.000003 160.000000 179.999817 -161.084564 179.999908 179.999741 -151.626846 179.999863 179.999863 -161.103485 176.737213 -178.325241 177.655518 172.848862 -171.347900 110.467262 173.324219 178.805023 178.306671 6.235494 1.422469 1.734758 123.203827 126.386162 162.022888 179.999985 179.999985 173.938156 180.000000 179.999985 175.962799 0.000000 -0.000002 0.000000 165.000046 -179.999893 152.100342 0.000003 -0.000084 -22.826977 179.999985 -179.999954 164.021118 0.000000 -0.000002 0.000000 0.000055 -0.000103 -35.822903 180.000000 -179.999878 144.177078 179.999954 -179.999954 156.141953 0.000000 -0.000002 0.000000 10.000108 -0.000198 -33.721996 179.999985 -179.999786 146.278015 179.999924 -179.999878 157.541138 0.000000 -0.000002 0.000000 20.000080 -0.000137 -25.416540 0.000032 -0.000229 -38.124813 179.999924 -179.999863 154.608871
-124.673317 174.216415 26.481834 80.284576 179.794647 -179.313202 176.230835 -160.738632 -178.662796 153.134964 122.600655 148.810349 3.813904 -6.940465 -5.425997 8.846290 -20.584999 1.821883 3.465842 33.602833 -5.853699 178.811035 -168.303970 -177.934082 0.911900 4.601661 -1.351196 0.907135 4.527640 -2.241578 4.553759 3.572866 -2.572865 0.000015 1.748647 -0.565278 180.000000 177.959915 179.414536 174.508362 178.534988 179.513107 7.123431 0.140708 -0.203406 12.652411 -8.327436 76.491791 20.797903 4.216609 9.763925 177.542130 179.834641 172.534256 48.445198 43.137775 9.822950 0.000014 0.000031 8.614847 0.000006 0.000022 5.737491 180.000000 -180.000000 -179.999985 15.000017 0.000058 30.035469 179.999985 179.999954 -155.425537 179.999985 179.999985 -162.797867 180.000000 -180.000000 -179.999985 0.000018 0.000082 36.569645 179.999969 179.999924 -143.430344 179.999954 179.999985 -155.644623 180.000000 -180.000000 -179.999985 170.000000 -179.999985 -144.570801 0.000013 -0.000014 35.429199 0.000003 -0.000000 23.595852 180.000000 -180.000000 -179.999985 160.000000 179.999939 -160.955063 179.999985 179.999908 -151.432587 179.999969 179.999969 -160.974106 176.689774 -178.344742 177.704590 172.862610 -170.848236 110.560745 173.413879 178.915359 178.288879 6.226666 1.261979 1.785562 123.174194 126.503792 162.155731 180.000000 180.000000 173.999283 180.000000 -180.000000 176.003540 0.000002 0.000002 0.000003 165.000015 -179.999969 151.964157 0.000001 -0.000040 -22.938425 179.999985 -179.999985 163.943115 0.000002 0.000002 0.000003 0.000029 -0.000052 -35.964882 179.999985 -179.999939 144.035126 179.999985 -179.999985 156.047379 0.000002 0.000002 0.000003 10.000025 -0.000042 -33.988346 0.000005 -0.000051 -33.988346 179.999985 -179.999969 157.363754 0.000002 0.000002 0.000003 20.000048 -0.000061 -25.607452 0.000007 -0.000103 -38.411167 179.999969 -179.999939 154.418167
-124.891365 174.563049 26.521339 80.277565 179.781738 -179.498322 176.529449 -160.314026 -178.330887 153.439835 121.636299 148.743027 3.677116 -8.079385 -5.232242 8.517869 -19.852907 1.855369 3.788277 32.330116 -5.501160 178.968002 -168.782211 -178.077728 0.905125 4.511575 -1.314429 0.898010 4.438946 -2.189306 4.498362 3.499690 -2.515208 0.000057 1.779754 -0.580795 0.000074 2.076375 -0.601536 174.572388 178.508820 179.502975 7.001143 0.072505 -0.224352 12.297487 -7.776195 76.775246 19.779274 4.753360 9.424664 177.678619 179.492233 172.040848 48.640068 43.264774 10.175572 0.000219 0.000699 8.664417 0.000072 0.000487 5.770497 0.000000 -0.000000 0.000000 15.000298 0.001474 30.148127 179.999588 179.998825 -155.333374 179.999390 179.999374 -162.733353 0.000000 -0.000000 0.000000 0.000089 0.002077 36.681549 179.998825 179.998291 -143.318466 179.998688 179.999557 -155.570084 0.000000 -0.000000 0.000000 170.000046 -179.999435 -144.600433 0.000352 -0.000448 35.399548 0.000362 -0.000104 23.576113 0.000000 -0.000000 0.000000 159.999939 179.999527 -160.833038 179.999680 179.999374 -151.249588 179.999588 179.999725 -160.852219 176.644821 -178.363800 177.746811 172.413345 -170.413315 110.738579 173.613190 179.482727 178.320206 6.224352 1.082777 1.819864 123.197433 126.662537 162.414703 0.000184 0.000042 -5.912635 0.000124 0.000009 -3.937834 0.000002 -0.000002 0.000003 165.000137 -179.999481 151.780579 179.999893 -179.999557 156.911407 179.999832 -179.999741 163.837982 0.000002 -0.000002 0.000003 0.000362 -0.001076 -36.139568 179.999664 -179.998917 143.860443 179.999390 -179.999557 155.931076 0.000002 -0.000002 0.000003 10.000165 -0.000419 -34.172626 179.999878 -179.999557 145.827408 179.999802 -179.999817 157.241043 0.000002 -0.000002 0.000003 20.000378 -0.000934 -25.882023 179.999878 -179.998489 141.176987 179.999329 -179.999298 154.143890
-125.083733 174.872009 26.533466 80.275520 179.737656 -179.662857 176.871429 -159.973434 -178.065384 154.324417 120.933128 149.348587 3.469615 -9.131145 -4.987195 8.551172 -19.188780 1.869933 4.033660 31.101091 -5.209965 178.812607 -169.288605 -178.131470 0.899745 4.411984 -1.280464 0.890495 4.340832 -2.138389 4.449340 3.420236 -2.459085 0.000057 1.802039 -0.599881 0.000069 2.102382 -0.621322 174.657959 178.490143 179.491806 6.876989 0.005870 -0.234692 11.975221 -7.309722 77.022041 18.630402 5.110943 9.023192 177.862076 179.152710 171.647919 48.692745 43.349361 10.337452 0.000129 0.000701 8.697280 0.000014 0.000473 5.792393 0.000003 0.000000 -0.000003 15.000075 0.000674 30.259583 179.999771 179.999496 -155.242157 179.999725 179.999756 -162.669510 0.000003 0.000000 -0.000003 179.999924 179.998108 -143.211792 179.998795 179.998535 -143.211807 179.998779 179.999710 -155.499039 0.000003 0.000000 -0.000003 170.000000 -179.999908 -144.651184 0.000065 -0.000067 35.348774 0.000064 -0.000013 23.542301 0.000003 0.000000 -0.000003 159.999954 179.999741 -160.799133 179.999817 179.999680 -151.198715 179.999786 179.999863 -160.818314 176.588394 -178.388382 177.791443 172.431595 -169.957794 110.805008 173.701340 179.540543 178.304688 6.211792 0.962897 1.850096 123.597939 126.829834 162.787964 0.000138 0.000033 -5.970607 0.000092 0.000003 -3.976432 0.000000 -0.000000 0.000000 165.000061 -179.999588 151.715225 179.999878 -179.999680 156.857910 179.999847 -179.999847 163.800522 0.000000 -0.000000 0.000000 0.000065 -0.000275 -36.344730 179.999863 -179.999741 143.655304 179.999817 -179.999893 155.794403 0.000000 -0.000000 0.000000 10.000017 -0.000076 -34.256859 179.999969 -179.999924 145.743134 179.999939 -179.999969 157.184937 0.000000 -0.000000 0.000000 20.000082 -0.000349 -26.049385 179.999893 -179.999466 140.925873 179.999725 -179.999771 153.976624
-125.267265 175.161682 26.527681 80.277748 179.679184 -179.812271 177.442322 -159.697128 -177.854614 155.204605 120.442329 150.197571 3.240823 -10.160251 -4.722471 8.603662 -18.560013 1.870371 4.147948 29.891975 -4.981989 178.746338 -169.792068 -178.191772 0.894858 4.308680 -1.248745 0.883045 4.239118 -2.089502 4.400985 3.338650 -2.405804 0.000075 1.820552 -0.621261 0.000062 2.123960 -0.643441 174.753830 178.474686 179.479935 6.764110 -0.049928 -0.231562 11.582181 -6.893237 77.257423 17.461992 5.451802 8.615951 178.069366 178.884338 171.309540 48.681168 43.421947 10.439419 0.000028 0.000678 8.734583 179.999969 179.999557 -174.182770 0.000000 0.000000 -0.000003 15.000016 0.001678 30.240566 179.999329 179.998810 -155.257721 179.999207 179.999451 -162.680405 0.000000 0.000000 -0.000003 179.999725 179.997635 -143.135895 179.998352 179.998276 -143.135910 179.998428 179.999741 -155.448486 0.000000 0.000000 -0.000003 169.999985 179.999832 -144.671127 179.999863 179.999878 -144.671143 179.999863 179.999985 -156.470978 0.000000 0.000000 -0.000003 159.999939 179.999741 -160.786362 179.999786 179.999695 -151.179550 179.999786 179.999878 -160.805588 176.528931 -178.419220 177.837128 172.420929 -169.536804 110.862305 173.766693 179.546417 178.283066 6.205171 0.842119 1.888291 124.159081 127.134659 163.462509 0.000093 0.000020 -5.988522 0.000063 0.000002 -3.988354 180.000000 -180.000000 -180.000000 165.000015 179.999924 151.604218 0.000027 0.000054 -23.232937 0.000031 0.000022 -16.263033 180.000000 -180.000000 -180.000000 0.000013 -0.000215 -36.387737 179.999893 -179.999817 143.612274 179.999863 -179.999954 155.765762 180.000000 -180.000000 -180.000000 9.999977 0.000144 -34.297039 0.000085 0.000143 -34.297100 0.000081 0.000045 -22.841822 180.000000 -180.000000 -180.000000 20.000034 -0.000254 -26.100101 179.999863 -179.999603 140.849854 179.999786 -179.999847 153.926010
-125.444542 175.432663 26.509758 80.285851 179.613831 -179.950836 178.293533 -159.476868 -177.689819 155.974869 120.179176 151.196335 2.996254 -11.241510 -4.403928 8.690882 -17.957785 1.858292 4.163404 28.714695 -4.801941 178.724640 -170.283203 -178.240784 0.891836 4.207906 -1.217879 0.875763 4.139925 -2.040765 4.353841 3.258929 -2.352262 0.000068 1.830336 -0.645972 0.000073 2.135399 -0.669047 174.858124 178.466797 179.466919 6.656870 -0.104350 -0.222605 11.152599 -6.519956 77.478043 16.349142 5.769411 8.235304 178.209320 178.684387 170.988571 48.602444 43.430004 10.436685 179.999939 179.999268 -171.230896 179.999878 179.999527 -174.159760 0.000000 -0.000000 0.000000 14.999878 0.001860 30.331877 179.999146 179.998734 -155.183029 179.999069 179.999451 -162.628128 0.000000 -0.000000 0.000000 179.999680 179.998291 -142.955826 179.998718 179.998840 -142.955826 179.998871 179.999908 -155.328583 0.000000 -0.000000 0.000000 169.999878 179.999496 -144.678604 179.999603 179.999680 -144.678589 179.999664 179.999985 -156.475952 0.000000 -0.000000 0.000000 159.999863 179.999527 -160.784409 179.999542 179.999390 -151.176559 179.999557 179.999802 -160.803604 176.466370 -178.450928 177.881119 172.422241 -169.142395 110.903915 173.824295 179.582748 178.265747 6.194655 0.834542 1.931573 124.695557 127.354874 163.959824 179.999985 -179.999985 173.934265 179.999985 -179.999985 175.960220 180.000000 -180.000000 -180.000000 165.000015 179.999924 151.613281 0.000045 0.000051 -23.225504 0.000048 0.000028 -16.257849 180.000000 -180.000000 -180.000000 0.000006 0.000070 -36.456150 0.000031 0.000036 -36.456154 0.000043 0.000010 -24.279816 180.000000 -180.000000 -180.000000 10.000010 0.000207 -34.287270 0.000131 0.000156 -34.287289 0.000140 0.000048 -22.835337 180.000000 -180.000000 -180.000000 20.000006 0.000099 -26.187551 0.000054 0.000123 -39.281330 0.000068 0.000026 -26.161350
-125.630783 175.686203 26.477892 80.301117 179.545517 179.918152 178.869110 -159.300339 -177.557190 157.283615 120.058540 152.565109 2.767734 -12.350161 -4.076742 9.099649 -17.367741 1.824980 3.801961 27.565529 -4.745006 178.713791 -170.751892 -178.269241 0.890829 4.112887 -1.186842 0.868745 4.046318 -1.990822 4.308661 3.183196 -2.296616 0.000055 1.825657 -0.674779 0.000053 2.129938 -0.698885 174.971786 178.471375 179.452820 6.548131 -0.165113 -0.215172 10.715640 -6.192357 77.684143 15.262066 6.058138 7.873106 178.290787 178.572968 170.684814 48.473629 43.347912 10.360405 179.999847 179.999268 -171.185349 179.999832 179.999542 -174.129440 0.000000 0.000002 0.000000 14.999723 0.001863 30.457954 179.999039 179.998810 -155.079834 179.999039 179.999542 -162.555862 0.000000 0.000002 0.000000 179.999481 179.998001 -142.858673 179.998398 179.998718 -142.858673 179.998642 179.999985 -155.263870 0.000000 0.000002 0.000000 169.999771 179.999283 -144.657639 179.999390 179.999542 -144.657608 179.999496 179.999985 -156.461975 0.000000 0.000002 0.000000 160.001175 -179.996948 -160.548050 0.003113 -0.003767 29.177950 0.003036 -0.001189 19.432507 176.401031 -178.479889 177.923111 172.539200 -168.757370 110.913078 173.836838 179.492661 178.231873 6.194685 0.891341 1.980929 125.383644 127.655075 164.492996 0.000218 0.000120 -6.219344 0.000151 0.000064 -4.142087 0.000000 -0.000002 -0.000002 165.000061 179.999863 151.615234 0.000083 0.000089 -23.223879 0.000076 0.000026 -16.256718 0.000000 -0.000002 -0.000002 0.000018 0.000044 -36.444706 0.000051 0.000041 -36.444717 0.000041 0.000003 -24.272186 0.000000 -0.000002 -0.000002 10.000036 0.000249 -34.256577 0.000186 0.000174 -34.256603 0.000191 0.000039 -22.814878 0.000000 -0.000002 -0.000002 20.000019 0.000183 -26.186222 0.000167 0.000217 -39.279369 0.000171 0.000049 -26.160078
-125.814354 175.918808 26.469854 80.328102 179.475494 179.794113 179.647308 -159.172348 -177.461304 158.408508 120.188255 153.973831 2.536267 -13.415830 -3.736945 9.081045 -16.798933 1.820656 3.768012 26.466572 -4.603167 178.808731 -171.184204 -178.337402 0.887646 4.023091 -1.155838 0.861466 3.957815 -1.940469 4.262772 3.111151 -2.240047 0.000047 1.808872 -0.706226 0.000075 2.110373 -0.731441 175.093903 178.486404 179.438278 6.443347 -0.227621 -0.207395 10.275010 -5.922565 77.871765 14.143483 6.296375 7.511820 178.362747 178.518265 170.423080 48.288521 43.178101 10.204712 179.999817 179.999390 -171.129333 179.999817 179.999619 -174.092148 0.000003 0.000002 0.000000 14.999582 0.001868 30.598175 179.998932 179.998856 -154.965149 179.998993 179.999603 -162.475616 0.000003 0.000002 0.000000 179.999390 179.998062 -142.702698 179.998322 179.998840 -142.702682 179.998642 -179.999939 -155.159973 0.000003 0.000002 0.000000 169.999695 179.999130 -144.610687 179.999252 179.999496 -144.610718 179.999390 -179.999985 -156.430740 0.000003 0.000002 0.000000 159.999390 179.998520 -161.053329 179.998413 179.998215 -151.580032 179.998505 179.999466 -161.072266 176.338943 -178.508667 177.965530 172.725601 -168.382492 110.898903 173.800659 179.239380 178.170975 6.223582 0.928590 2.041455 125.195534 127.386673 164.393890 179.999878 -179.999924 173.881485 179.999908 -179.999969 175.925079 0.000003 0.000000 -0.000003 165.000092 179.999817 151.638184 0.000139 0.000089 -23.205114 0.000111 0.000023 -16.243589 0.000003 0.000000 -0.000003 0.000063 0.000143 -36.447315 0.000125 0.000067 -36.447292 0.000097 -0.000013 -24.273903 0.000003 0.000000 -0.000003 10.000103 0.000229 -34.203217 0.000198 0.000136 -34.203186 0.000142 -0.000014 -22.779352 0.000003 0.000000 -0.000003 20.000071 0.000184 -26.150734 0.000196 0.000198 -39.226063 0.000184 0.000022 -26.124586
-125.980949 176.129608 26.492304 80.370621 179.405258 179.676376 179.987228 -159.102737 -177.396500 160.104599 120.511284 155.688995 2.399260 -14.435419 -3.432154 8.715228 -16.269783 1.860404 4.724613 25.455809 -4.207114 178.299728 -171.617050 -178.338684 0.878508 3.938812 -1.124479 0.853658 3.874765 -1.890571 4.215002 3.042991 -2.183711 0.000050 1.782646 -0.738832 0.000033 2.079759 -0.765223 175.220856 178.509384 179.423721 6.346596 -0.288906 -0.198827 9.791784 -5.697468 78.050446 13.019396 6.525834 7.154639 178.425308 178.531403 170.211700 48.089161 42.940746 9.997538 179.999832 179.999542 -171.074585 179.999847 179.999710 -174.055695 0.000000 -0.000000 0.000000 14.999650 0.001279 30.799574 179.999207 179.999268 -154.800369 179.999283 179.999756 -162.360260 0.000000 -0.000000 0.000000 179.999405 179.998383 -142.513031 179.998550 179.999084 -142.513031 179.998871 -179.999893 -155.033691 0.000000 -0.000000 0.000000 169.999695 179.999252 -144.529327 179.999329 179.999573 -144.529343 179.999466 -179.999969 -156.376572 0.000000 -0.000000 0.000000 159.999374 179.998596 -160.919632 179.998428 179.998306 -151.379471 179.998550 179.999527 -160.938721 176.282990 -178.537735 178.010681 172.998276 -168.030228 110.857788 173.713547 178.877914 178.088058 6.266931 1.013447 2.112072 125.237625 127.264305 164.296738 179.999954 -179.999985 173.833771 179.999969 -179.999985 175.893280 0.000000 -0.000002 0.000000 165.000137 179.999802 151.675949 0.000170 0.000073 -23.174231 0.000143 0.000010 -16.221958 0.000000 -0.000002 0.000000 0.000099 0.000157 -36.416401 0.000160 0.000050 -36.416412 0.000115 -0.000031 -24.253317 0.000000 -0.000002 0.000000 10.000115 0.000176 -34.140224 0.000193 0.000092 -34.140217 0.000128 -0.000030 -22.737391 0.000000 -0.000002 0.000000 20.000090 0.000171 -26.106537 0.000243 0.000173 -39.159832 0.000200 -0.000015 -26.080421
-126.145210 176.321701 26.483566 80.423889 179.336716 179.564774 0.639068 -20.903561 2.629613 161.385162 121.121155 157.267380 2.213182 -15.403725 -3.060885 9.012065 -15.781528 1.868992 5.077697 24.510113 -3.999380 177.663895 -172.023132 -178.310379 0.868843 3.861310 -1.092546 0.845437 3.798390 -1.841201 4.166203 2.979676 -2.127761 0.000045 1.746433 -0.771964 0.000053 2.037509 -0.799538 175.348450 178.540955 179.409515 6.259297 -0.348309 -0.190654 9.392266 -5.505249 78.197876 11.878370 6.626656 6.783277 178.485504 178.590912 170.056229 47.852665 42.695808 9.733542 179.999832 179.999619 -171.028473 179.999847 179.999756 -174.024948 0.000000 -0.000000 0.000000 14.999582 0.001289 30.929026 179.999176 179.999268 -154.694443 179.999252 179.999786 -162.286133 0.000000 -0.000000 0.000000 179.999435 179.998550 -142.338562 179.998642 179.999207 -142.338562 179.998947 -179.999863 -154.917496 0.000000 -0.000000 0.000000 169.999725 179.999359 -144.446045 179.999390 179.999634 -144.446060 179.999527 -179.999969 -156.321060 0.000000 -0.000000 0.000000 159.999527 179.998932 -160.755508 179.998795 179.998718 -151.133301 179.998886 179.999664 -160.774765 176.231216 -178.565979 178.060135 172.899780 -167.793274 110.857239 173.639679 178.821075 178.056000 6.330499 1.113839 2.191859 125.202576 127.117050 164.156921 179.999985 -179.999985 173.809952 180.000000 -179.999985 175.877441 0.000000 -0.000002 0.000000 165.000168 179.999847 151.737839 0.000200 0.000062 -23.123587 0.000136 -0.000012 -16.186512 0.000000 -0.000002 0.000000 0.000120 0.000127 -36.370407 0.000173 0.000031 -36.370380 0.000112 -0.000050 -24.222689 0.000000 -0.000002 0.000000 10.000125 0.000132 -34.078918 0.000183 0.000044 -34.078930 0.000123 -0.000038 -22.696571 0.000000 -0.000002 0.000000 20.000118 0.000143 -26.047070 0.000251 0.000125 -39.070587 0.000175 -0.000044 -26.021021
-126.329933 176.494720 26.442995 80.485252 179.272125 179.460480 1.074492 -20.837442 2.624203 162.932068 121.928436 158.976822 2.030368 -16.346655 -2.680956 9.318529 -15.315772 1.856091 4.659006 23.609669 -4.005108 177.727509 -172.353424 -178.384995 0.861139 3.791953 -1.060806 0.837236 3.729975 -1.792612 4.118298 2.922254 -2.072073 0.000031 1.699818 -0.804893 0.000044 1.983117 -0.833635 175.471466 178.581360 179.395859 6.181804 -0.405620 -0.184096 8.984523 -5.339556 78.338318 10.748357 6.681387 6.405927 178.526932 178.665543 169.959137 48.049706 42.547886 9.770411 179.998657 179.997726 -171.066467 179.998886 179.998657 -174.050262 0.000000 -0.000000 0.000000 14.999645 0.000997 31.104694 179.999329 179.999451 -154.550690 179.999405 179.999847 -162.185501 0.000000 -0.000000 0.000000 179.999588 179.998993 -142.131287 179.999054 179.999466 -142.131302 179.999268 -179.999878 -154.779434 0.000000 -0.000000 0.000000 169.999817 179.999542 -144.354401 179.999573 179.999741 -144.354401 179.999664 -179.999985 -156.260010 0.000000 -0.000000 0.000000 159.999557 179.999008 -160.619614 179.998856 179.998810 -150.929443 179.998978 179.999695 -160.639008 176.180710 -178.592697 178.114594 172.829926 -167.598480 110.836494 173.505081 178.683655 178.012802 6.409507 1.230079 2.277268 125.111526 126.965759 163.988785 0.000032 0.000017 -6.197845 0.000023 0.000008 -4.127768 0.000002 -0.000002 -0.000000 165.000183 179.999847 151.809891 0.000188 0.000033 -23.064636 0.000129 -0.000032 -16.145245 0.000002 -0.000002 -0.000000 0.000148 0.000112 -36.317688 0.000170 0.000007 -36.317696 0.000098 -0.000066 -24.187584 0.000002 -0.000002 -0.000000 10.000118 0.000098 -34.015427 0.000153 0.000014 -34.015419 0.000090 -0.000049 -22.654264 0.000002 -0.000002 -0.000000 20.000120 0.000109 -25.983522 0.000224 0.000078 -38.975273 0.000138 -0.000066 -25.957541
-126.525856 176.653381 26.394001 80.560974 179.214691 179.362457 1.894220 -20.706787 2.583204 163.935135 122.994881 160.457352 1.788747 -17.255533 -2.258554 9.641726 -14.858469 1.842640 4.370948 22.751005 -3.980671 177.635818 -172.666763 -178.440491 0.852086 3.731929 -1.028998 0.828683 3.670755 -1.743993 4.069342 2.871528 -2.015796 0.000034 1.643025 -0.837047 0.000033 1.916858 -0.866941 175.586731 178.630478 179.383041 6.115053 -0.459303 -0.180260 8.660265 -5.198601 78.457565 9.617227 6.611286 6.016087 178.514282 178.793961 169.922211 47.178089 41.958534 9.114824 179.998962 179.998245 -170.820160 179.999130 179.998947 -173.886200 180.000000 180.000000 -180.000000 14.999710 0.000778 31.259665 179.999466 179.999588 -154.423904 179.999542 179.999893 -162.096756 180.000000 180.000000 -180.000000 179.999695 179.999252 -141.970535 179.999298 179.999603 -141.970520 179.999466 -179.999924 -154.672379 180.000000 180.000000 -180.000000 169.999863 179.999649 -144.282593 179.999680 179.999817 -144.282578 179.999756 -179.999985 -156.212189 180.000000 180.000000 -180.000000 159.999634 179.999176 -160.470184 179.999069 179.999008 -150.705276 179.999130 179.999725 -160.489716 176.131638 -178.617538 178.174225 172.760712 -167.431458 110.799469 173.332626 178.485352 177.962067 6.491587 1.396234 2.362761 125.066147 126.837158 163.908112 0.000047 0.000032 -6.190350 0.000034 0.000013 -4.122778 0.000000 -0.000000 0.000000 165.000168 179.999863 151.882217 0.000184 0.000020 -23.005445 0.000122 -0.000031 -16.103809 0.000000 -0.000000 0.000000 0.000128 0.000081 -36.257484 0.000161 0.000001 -36.257469 0.000084 -0.000064 -24.147497 0.000000 -0.000000 0.000000 10.000097 0.000064 -33.959808 0.000126 0.000007 -33.959805 0.000065 -0.000045 -22.617228 0.000000 -0.000000 0.000000 20.000109 0.000077 -25.924543 0.000185 0.000042 -38.886799 0.000107 -0.000056 -25.898603
-126.748230 176.803329 26.336861 80.655022 179.168655 179.268539 2.626352 -20.498159 2.509575 165.059219 124.257126 161.980087 1.358617 -18.107328 -1.722867 10.135182 -14.405906 1.819766 3.371019 21.922384 -4.128520 178.026062 -172.924896 -178.559769 0.841841 3.682738 -0.996408 0.818891 3.622142 -1.694301 4.015518 2.828063 -1.957728 0.000034 1.576692 -0.867983 0.000030 1.839463 -0.898981 175.693192 178.687744 179.371185 6.065402 -0.507669 -0.176058 8.373664 -5.075174 78.564491 8.513662 6.482965 5.621668 178.459076 178.949982 169.941177 45.980804 41.348980 8.238669 179.999908 179.999847 -170.532440 179.999924 179.999908 -173.694611 180.000000 -180.000000 180.000000 14.999773 0.000585 31.408697 179.999588 179.999695 -154.301971 179.999664 179.999924 -162.011383 180.000000 -180.000000 180.000000 179.999786 179.999466 -141.827255 179.999496 179.999725 -141.827240 179.999634 -179.999939 -154.576950 180.000000 -180.000000 180.000000 169.999939 179.999847 -144.208832 179.999863 179.999924 -144.208801 179.999893 -179.999985 -156.163086 180.000000 -180.000000 180.000000 159.999756 179.999359 -160.313782 179.999329 179.999237 -150.470688 179.999344 179.999786 -160.333481 176.086151 -178.640137 178.239639 172.665649 -167.294296 110.746979 173.139038 178.270752 177.913223 6.571867 1.600232 2.446949 125.024895 126.735428 163.861710 0.000044 0.000028 -6.172950 0.000028 0.000015 -4.111181 0.000000 -0.000002 0.000000 165.000168 179.999908 151.963196 0.000157 0.000016 -22.939194 0.000099 -0.000043 -16.057432 0.000000 -0.000002 0.000000 0.000101 0.000054 -36.199104 0.000124 -0.000005 -36.199120 0.000061 -0.000056 -24.108604 0.000000 -0.000002 0.000000 10.000062 0.000051 -33.912403 0.000084 -0.000006 -33.912403 0.000039 -0.000036 -22.585669 0.000000 -0.000002 0.000000 20.000084 0.000051 -25.873741 0.000146 0.000017 -38.810574 0.000090 -0.000041 -25.847868
-126.959297 176.942734 26.318308 80.768166 179.137222 179.179901 3.175890 -20.197418 2.398536 166.346344 125.713524 163.552750 0.995894 -18.922913 -1.245365 10.001864 -13.936390 1.848837 3.607953 21.125854 -3.989403 177.848160 -173.201263 -178.631393 0.827547 3.645405 -0.963785 0.808865 3.585142 -1.643420 3.961076 2.792944 -1.897320 0.000026 1.501427 -0.897810 0.000031 1.751675 -0.929874 175.786423 178.752701 179.360092 6.036163 -0.550503 -0.168435 8.129395 -4.964617 78.654655 7.431227 6.310119 5.217929 178.395569 179.115784 170.015930 46.034565 41.042843 8.206414 179.999954 179.999908 -170.491806 179.999954 179.999954 -173.667526 0.000000 0.000000 -0.000002 14.999805 0.000570 31.539526 179.999619 179.999695 -154.194977 179.999680 179.999924 -161.936462 0.000000 0.000000 -0.000002 179.999847 179.999619 -141.698151 179.999664 179.999802 -141.698166 179.999741 -179.999969 -154.490967 0.000000 0.000000 -0.000002 169.999969 179.999878 -144.172897 179.999908 179.999939 -144.172897 179.999924 -179.999985 -156.139160 0.000000 0.000000 -0.000002 159.999847 179.999557 -160.158630 179.999542 179.999466 -150.237946 179.999557 179.999847 -160.178467 176.042740 -178.659882 178.310623 172.535767 -167.185318 110.677628 172.939102 178.041016 177.864502 6.636467 1.832513 2.530525 125.010658 126.667374 163.862534 0.000026 0.000017 -6.152423 0.000022 0.000013 -4.097515 0.000000 -0.000000 0.000000 165.000137 179.999939 152.043869 0.000116 -0.000003 -22.873196 0.000076 -0.000029 -16.011248 0.000000 -0.000000 0.000000 0.000083 0.000047 -36.145710 0.000094 -0.000003 -36.145710 0.000041 -0.000043 -24.073053 0.000000 -0.000000 0.000000 10.000028 0.000014 -33.870445 0.000038 -0.000006 -33.870438 0.000017 -0.000016 -22.557709 0.000000 -0.000000 0.000000 20.000057 0.000035 -25.824598 0.000084 0.000013 -38.736874 0.000047 -0.000038 -25.798773
-127.168427 177.072327 26.305109 80.893074 179.122406 179.097031 3.723679 -19.817951 2.260616 167.416290 127.369461 164.993118 0.775098 -19.696533 -0.859689 9.835505 -13.459237 1.884608 3.755749 20.346346 -3.882359 177.771744 -173.461349 -178.720749 0.814347 3.620630 -0.930874 0.800133 3.560428 -1.590847 3.913198 2.766879 -1.833526 0.000015 1.417951 -0.927270 0.000012 1.654268 -0.960398 175.859482 178.824905 179.349136 6.018063 -0.588468 -0.161139 7.870990 -4.859582 78.742470 6.371592 6.165170 4.797422 178.341751 179.294403 170.150360 46.083172 40.766769 8.170696 179.999969 179.999954 -170.457932 179.999985 179.999985 -173.644974 0.000005 0.000000 -0.000003 14.999934 0.000225 31.736118 179.999847 179.999878 -154.034088 179.999863 179.999969 -161.823868 0.000005 0.000000 -0.000003 179.999924 179.999771 -141.574951 179.999802 179.999863 -141.574966 179.999847 -179.999985 -154.408920 0.000005 0.000000 -0.000003 169.999985 179.999954 -144.133926 179.999954 179.999969 -144.133942 179.999969 180.000000 -156.113205 0.000005 0.000000 -0.000003 159.999908 179.999725 -160.012482 179.999725 179.999649 -150.018692 179.999741 179.999893 -160.032471 175.997467 -178.675507 178.384430 172.423477 -167.093948 110.581558 172.731995 177.760574 177.808212 6.678809 2.088201 2.612205 124.995796 126.626350 163.868011 0.000019 0.000018 -6.134245 0.000008 0.000004 -4.085410 0.000000 -0.000000 0.000000 165.000092 179.999954 152.120499 0.000081 -0.000006 -22.810514 0.000052 -0.000024 -15.967355 0.000000 -0.000000 0.000000 0.000046 0.000013 -36.093967 0.000056 -0.000005 -36.093975 0.000023 -0.000026 -24.038593 0.000000 -0.000000 0.000000 10.000033 0.000025 -33.854027 0.000035 0.000001 -33.854019 0.000014 -0.000018 -22.546768 0.000000 -0.000000 0.000000 20.000019 0.000014 -25.788906 0.000045 -0.000004 -38.683395 0.000027 -0.000013 -25.763119
-127.381920 177.193359 26.293549 81.027870 179.125427 179.019501 4.663262 -19.377254 2.103670 167.800430 129.225342 166.109543 0.548504 -20.393982 -0.468363 9.763194 -12.976298 1.912092 3.780231 19.587299 -3.807574 177.709335 -173.708481 -178.802475 0.803768 3.608450 -0.897531 0.793040 3.548136 -1.536495 3.873717 2.750054 -1.766100 0.000004 1.327105 -0.956604 0.000015 1.548292 -0.990761 175.910706 178.903595 179.338104 6.005649 -0.623060 -0.156848 7.606379 -4.754208 78.830719 5.353326 6.041972 4.365800 178.285095 179.457886 170.333450 46.130802 40.511192 8.131013 179.999985 179.999985 -170.430573 179.999985 179.999985 -173.626770 0.000000 -0.000000 0.000000 14.999967 0.000109 31.845798 179.999954 179.999939 -153.944351 179.999939 179.999985 -161.761047 0.000000 -0.000000 0.000000 179.999969 179.999878 -141.467209 179.999893 179.999939 -141.467209 179.999908 -179.999985 -154.337173 0.000000 -0.000000 0.000000 170.000000 179.999985 -144.105621 179.999985 179.999985 -144.105637 179.999985 179.999985 -156.094360 0.000000 -0.000000 0.000000 159.999969 179.999847 -159.881546 179.999847 179.999802 -149.822296 179.999847 179.999924 -159.901657 175.951645 -178.685623 178.458878 172.305527 -167.022018 110.461639 172.518768 177.449463 177.749588 6.706220 2.357995 2.689416 124.961670 126.596069 163.849823 0.000008 0.000007 -6.119752 0.000007 0.000004 -4.075754 0.000000 -0.000000 0.000000 165.000046 179.999985 152.192612 0.000037 -0.000001 -22.751486 0.000023 -0.000017 -15.926056 0.000000 -0.000000 0.000000 0.000020 0.000005 -36.056931 0.000023 -0.000006 -36.056942 0.000003 -0.000014 -24.013920 0.000000 -0.000000 0.000000 10.000001 0.000002 -33.824932 0.000004 -0.000001 -33.824936 0.000004 -0.000004 -22.527390 0.000000 -0.000000 0.000000 20.000002 0.000006 -25.763163 0.000014 -0.000010 -38.644749 0.000006 -0.000009 -25.737406
-127.598450 177.305740 26.288355 81.169029 179.146103 178.947647 5.450306 -18.866207 1.944847 168.229507 131.257629 167.181808 0.410206 -20.958355 -0.123697 9.672885 -12.482032 1.928040 3.741391 18.844927 -3.742124 177.722595 -173.938416 -178.883347 0.797001 3.608052 -0.864408 0.787617 3.547362 -1.481373 3.842372 2.741896 -1.696450 0.000011 1.230132 -0.985222 0.000003 1.435158 -1.020408 175.943283 178.987701 179.327438 6.001996 -0.655101 -0.154709 7.463233 -4.648600 78.897850 4.385746 5.886777 3.932871 178.195694 179.675995 170.559799 46.191116 40.286983 8.105487 180.000000 179.999985 -170.410080 180.000000 179.999985 -173.613129 0.000000 -0.000000 0.000002 15.000002 0.000033 31.929970 179.999985 179.999985 -153.875458 179.999985 179.999985 -161.712830 0.000000 -0.000000 0.000002 179.999985 179.999893 -141.379868 179.999924 179.999939 -141.379868 179.999939 -179.999985 -154.278992 0.000000 -0.000000 0.000002 170.000000 179.999985 -144.091431 0.000006 -0.000002 35.908550 0.000007 -0.000001 23.915094 0.000000 -0.000000 0.000002 159.999985 179.999939 -159.762924 179.999969 179.999924 -149.644379 179.999954 179.999969 -159.783157 175.911209 -178.690445 178.532516 172.130569 -166.973633 110.327560 172.312241 177.155533 177.698975 6.722766 2.637258 2.761191 124.912712 126.566574 163.809113 0.000002 0.000000 -6.108836 0.000003 0.000004 -4.068479 180.000000 -180.000000 180.000000 165.000046 179.999985 152.242737 0.000032 -0.000004 -22.710503 0.000015 -0.000010 -15.897347 180.000000 -180.000000 180.000000 0.000003 0.000001 -36.031845 0.000006 -0.000009 -36.031841 0.000007 -0.000000 -23.997206 180.000000 -180.000000 180.000000 10.000001 -0.000001 -33.819164 0.000003 0.000002 -33.819164 0.000004 -0.000000 -22.523552 180.000000 -180.000000 180.000000 20.000008 0.000003 -25.748972 0.000008 0.000004 -38.623447 0.000004 -0.000001 -25.723225
-127.806595 177.416168 26.273151 81.310982 179.173767 178.875305 6.568070 -18.340485 1.774496 168.158859 133.460907 168.062469 0.237206 -21.627743 0.263399 9.707320 -11.978493 1.931465 3.526279 18.090445 -3.704640 177.784073 -174.170212 -178.959656 0.793022 3.612357 -0.831198 0.782127 3.551190 -1.425058 3.811111 2.736938 -1.625009 0.000141 1.129987 -1.015005 0.000176 1.318321 -1.051299 175.970749 179.074631 179.315964 5.999733 -0.687713 -0.152999 7.408243 -4.541810 78.948792 3.415394 5.642142 3.502069 178.098831 179.869110 170.796783 46.199718 40.046032 8.028452 179.999924 179.999847 -170.386902 179.999939 179.999908 -173.597687 0.000000 -0.000000 0.000000 15.000004 0.000105 31.998596 179.999939 179.999939 -153.819336 179.999939 179.999985 -161.673523 0.000000 -0.000000 0.000000 179.999985 179.999680 -141.191803 179.999802 179.999771 -141.191772 179.999786 179.999985 -154.153732 0.000000 -0.000000 0.000000 170.000046 -179.999619 -144.096725 0.000228 -0.000284 35.903320 0.000237 -0.000054 23.911581 0.000000 -0.000000 0.000000 159.999985 179.999084 -159.655350 179.999466 179.998749 -149.483017 179.999268 179.999451 -159.675690 175.875656 -178.695404 178.605286 171.926483 -166.928223 110.195641 172.103943 176.861115 177.648605 6.736256 2.906059 2.830104 124.822418 126.535728 163.726639 0.000047 0.000040 -6.096709 0.000035 0.000020 -4.060430 0.000002 -0.000000 0.000000 165.000031 179.999985 152.328506 0.000037 0.000006 -22.640301 0.000021 -0.000004 -15.848216 0.000002 -0.000000 0.000000 0.000160 0.000048 -36.015808 0.000169 -0.000057 -36.015823 0.000069 -0.000094 -23.986559 0.000002 -0.000000 0.000000 10.000044 0.000013 -33.813076 0.000061 -0.000002 -33.813072 0.000006 -0.000028 -22.519518 0.000002 -0.000000 0.000000 20.000134 0.000059 -25.735174 0.000213 -0.000019 -38.602779 0.000102 -0.000096 -25.709450
-128.041840 177.514832 26.298708 81.460701 179.228760 178.816223 5.568422 -17.648346 1.656579 170.820648 135.787582 169.735748 179.713394 -158.337326 -179.229050 9.514380 -11.448629 1.911688 3.345388 17.371342 -3.636820 178.039764 -174.357422 -179.054291 0.794847 3.632560 -0.798993 0.780715 3.570654 -1.370374 3.799553 2.744338 -1.553433 0.000123 1.022582 -1.040603 0.000145 1.192997 -1.077802 175.968857 179.167923 179.307037 6.018334 -0.710696 -0.159347 7.165483 -4.429235 79.045723 2.600301 5.646430 3.066895 177.962402 -179.957520 171.085983 46.265587 39.890385 8.040761 179.999969 179.999924 -170.367859 179.999969 179.999954 -173.584976 0.000000 -0.000000 0.000000 15.000017 -0.000189 32.024010 0.000091 -0.000122 26.201431 0.000094 -0.000058 18.341005 0.000000 -0.000000 0.000000 180.000000 179.999969 -141.154938 179.999969 179.999969 -141.154938 179.999985 179.999985 -154.129181 0.000000 -0.000000 0.000000 169.999985 -179.999496 -144.110031 0.000279 -0.000412 35.889957 0.000313 -0.000106 23.902731 0.000000 -0.000000 0.000000 160.000015 179.999481 -159.577774 179.999771 179.999252 -149.366669 179.999603 179.999664 -159.598206 175.853653 -178.693710 178.670761 171.636536 -166.919708 110.027618 171.917786 176.570206 177.616806 6.765538 3.121615 2.885316 124.674667 126.490952 163.566513 0.000033 0.000024 -6.090468 0.000023 0.000018 -4.056251 0.000002 -0.000000 0.000002 165.000015 179.999985 152.334213 0.000012 -0.000001 -22.635653 0.000010 0.000001 -15.844950 0.000002 -0.000000 0.000002 0.000105 0.000047 -35.996243 0.000095 -0.000038 -35.996243 0.000051 -0.000059 -23.973509 0.000002 -0.000000 0.000002 10.000029 0.000012 -33.808563 0.000036 -0.000013 -33.808571 0.000021 -0.000019 -22.516502 0.000002 -0.000000 0.000002 20.000099 0.000034 -25.721500 0.000173 -0.000029 -38.582249 0.000100 -0.000084 -25.695797
-128.269714 177.607071 26.352108 81.614487 179.292816 178.764908 6.410061 -16.942940 1.504070 170.238129 138.329819 170.234970 0.018201 -21.225712 0.827983 9.231944 -10.909617 1.894875 4.001268 16.679985 -3.413375 177.570908 -174.568176 -179.078400 0.797277 3.657891 -0.767763 0.781446 3.595191 -1.317425 3.798254 2.756083 -1.483127 0.000121 0.914297 -1.063053 0.000119 1.066686 -1.101037 175.954102 179.261948 179.299973 6.047924 -0.728978 -0.168222 7.019630 -4.318973 79.129684 1.751969 5.269967 2.672777 177.862656 179.884506 171.351074 46.308193 39.761181 8.045831 180.000000 180.000000 -170.348618 180.000000 179.999985 -173.572189 0.000000 0.000003 0.000002 14.999984 -0.000327 32.021458 0.000144 -0.000240 26.199354 0.000152 -0.000108 18.339540 0.000000 0.000003 0.000002 179.999985 -179.999786 -141.132874 0.000118 -0.000179 38.867168 0.000142 -0.000054 25.885502 0.000000 0.000003 0.000002 169.999863 -179.999023 -144.104874 0.000455 -0.000880 35.895138 0.000590 -0.000296 23.906136 0.000000 0.000003 0.000002 160.000046 179.999786 -159.519608 179.999954 179.999725 -149.279388 179.999878 179.999847 -159.540070 175.835373 -178.687134 178.734924 171.224838 -166.942261 109.854362 171.767532 176.392303 177.617966 6.788776 3.376927 2.932976 124.596283 126.452744 163.489471 179.999985 -179.999985 173.919479 179.999985 -179.999985 175.950378 0.000000 -0.000002 -0.000003 165.000000 -179.999985 152.337311 179.999985 179.999985 157.366882 179.999985 180.000000 164.156815 0.000000 -0.000002 -0.000003 0.000079 0.000027 -35.984768 0.000085 -0.000031 -35.984768 0.000028 -0.000049 -23.965870 0.000000 -0.000002 -0.000003 10.000064 0.000016 -33.805759 0.000051 -0.000014 -33.805752 0.000004 -0.000038 -22.514626 0.000000 -0.000002 -0.000003 20.000097 0.000034 -25.710197 0.000168 -0.000035 -38.565323 0.000086 -0.000084 -25.684498
-128.505783 177.691116 26.379612 81.767265 179.363373 178.721786 6.917537 -16.196478 1.372430 170.203629 140.847885 170.800018 0.599159 -20.466742 0.751269 9.308755 -10.382306 1.851768 3.865786 16.011189 -3.327201 177.510056 -174.742996 -179.145401 0.802783 3.686959 -0.738073 0.784011 3.623452 -1.266862 3.806248 2.771047 -1.415198 0.000094 0.810895 -1.081747 0.000087 0.946050 -1.120409 175.927933 179.351746 179.294754 6.089297 -0.743416 -0.174991 6.890094 -4.208815 79.212921 1.103425 5.572322 2.225500 177.646469 -179.698532 171.728455 46.596256 39.731094 8.283031 179.999985 179.999969 -170.355545 179.999985 179.999985 -173.576782 0.000000 -0.000000 0.000000 14.999959 -0.000397 32.001663 0.000127 -0.000299 26.183176 0.000161 -0.000138 18.328226 0.000000 -0.000000 0.000000 179.999924 -179.999588 -141.135559 0.000193 -0.000366 38.864433 0.000262 -0.000109 25.883736 0.000000 -0.000000 0.000000 169.999756 -179.998993 -144.179153 0.000406 -0.000966 35.820816 0.000587 -0.000363 23.856668 0.000000 -0.000000 0.000000 160.000015 179.999985 -159.490128 180.000000 179.999985 -149.235168 179.999985 179.999985 -159.510605 175.819626 -178.676498 178.796173 170.841934 -166.974106 109.657356 171.609421 176.132065 177.605331 6.822630 3.590425 2.984092 124.542175 126.419601 163.417130 179.999969 -179.999969 173.917984 179.999985 -179.999985 175.949387 0.000000 -0.000000 0.000000 165.000015 -179.999985 152.332718 0.000020 0.000004 -22.636869 0.000005 -0.000008 -15.845798 0.000000 -0.000000 0.000000 0.000031 0.000008 -35.972031 0.000021 -0.000021 -35.972012 0.000018 -0.000020 -23.957375 0.000000 -0.000000 0.000000 10.000077 0.000015 -33.803898 0.000071 -0.000034 -33.803875 0.000043 -0.000041 -22.513374 0.000000 -0.000000 0.000000 20.000111 0.000029 -25.699909 0.000184 -0.000035 -38.549873 0.000084 -0.000093 -25.674231
-128.756439 177.769669 26.417389 81.919289 179.439941 178.686996 7.168316 -15.431496 1.267386 170.218597 143.297928 171.281174 0.913014 -19.663374 0.794875 9.052312 -9.842247 1.811992 4.100253 15.359629 -3.177186 177.422867 -174.906815 -179.220169 0.808749 3.719327 -0.710191 0.788357 3.654949 -1.219101 3.822625 2.788911 -1.350058 0.000082 0.712099 -1.097558 0.000088 0.830775 -1.136772 175.897568 179.437469 179.291061 6.140179 -0.754868 -0.174924 7.395608 -4.116718 79.173645 0.290432 4.839779 1.905892 177.490265 -179.735947 172.056595 46.612007 39.601635 8.277986 180.000000 -179.999985 -170.328659 0.000002 -0.000019 6.441121 180.000000 180.000000 -180.000000 14.999898 -0.000433 31.969378 0.000124 -0.000348 26.156761 0.000186 -0.000176 18.309727 180.000000 180.000000 -180.000000 179.999847 -179.999557 -141.168991 0.000186 -0.000448 38.830990 0.000271 -0.000148 25.861448 180.000000 180.000000 -180.000000 169.999695 -179.999130 -144.287399 0.000253 -0.000873 35.712578 0.000491 -0.000372 23.784571 180.000000 180.000000 -180.000000 159.999969 -179.999924 -159.480194 180.000000 -179.999863 -149.220337 0.000037 -0.000066 20.499283 175.806412 -178.660889 178.851761 170.403870 -167.025238 109.455002 171.478241 175.910645 177.599777 6.850644 3.823665 3.038988 124.561615 126.400673 163.427948 179.999924 -179.999939 173.916595 179.999954 -179.999969 175.948456 0.000000 -0.000000 0.000000 165.000046 179.999985 152.332138 0.000027 -0.000014 -22.637320 0.000035 -0.000000 -15.846141 0.000000 -0.000000 0.000000 0.000080 0.000030 -35.972652 0.000079 -0.000033 -35.972668 0.000028 -0.000051 -23.957785 0.000000 -0.000000 0.000000 10.000175 0.000053 -33.802708 0.000154 -0.000062 -33.802689 0.000060 -0.000093 -22.512579 0.000000 -0.000000 0.000000 20.000160 0.000041 -25.689896 0.000241 -0.000069 -38.534851 0.000114 -0.000133 -25.664232
-129.021942 177.843063 26.456297 82.069542 179.523346 178.660355 6.916543 -14.668903 1.201663 170.665161 145.610748 171.805847 1.408772 -18.888729 0.753077 8.785449 -9.292487 1.758115 4.243537 14.717183 -3.041813 177.437088 -175.057999 -179.299149 0.815457 3.754611 -0.684204 0.794271 3.689343 -1.174062 3.846639 2.809415 -1.287807 0.000052 0.617162 -1.111401 0.000069 0.720018 -1.151118 175.868927 179.519806 179.288391 6.193916 -0.763251 -0.165116 7.838485 -4.026103 79.142776 179.568436 175.722046 -178.398438 177.314545 -179.740509 172.411362 46.908894 39.642757 8.531359 180.000000 180.000000 -170.352097 0.000002 -0.000006 6.425499 180.000000 -179.999985 179.999985 14.999857 -0.000457 31.922047 0.000081 -0.000375 26.118029 0.000181 -0.000210 18.282627 180.000000 -179.999985 179.999985 179.999832 -179.999573 -141.223785 0.000115 -0.000434 38.776203 0.000263 -0.000185 25.824959 180.000000 -179.999985 179.999985 169.999634 -179.999207 -144.391006 0.000162 -0.000870 35.609005 0.000429 -0.000418 23.715580 180.000000 -179.999985 179.999985 159.999893 -179.999802 -159.476059 179.999969 -179.999649 -149.214066 0.000095 -0.000206 20.503426 175.798920 -178.639801 178.900909 170.045944 -167.079437 109.232323 171.350342 175.626083 177.576492 6.871592 4.071443 3.096830 124.637184 126.378922 163.478943 179.999893 -179.999908 173.906113 179.999924 -179.999954 175.941467 0.000000 -0.000000 0.000000 165.000168 179.999969 152.323853 0.000137 -0.000039 -22.644104 0.000077 -0.000058 -15.850868 0.000000 -0.000000 0.000000 0.000201 0.000033 -35.974556 0.000190 -0.000087 -35.974571 0.000061 -0.000124 -23.959063 0.000000 -0.000000 0.000000 10.000190 0.000044 -33.785679 0.000185 -0.000081 -33.785675 0.000083 -0.000104 -22.501261 0.000000 -0.000000 0.000000 20.000225 0.000044 -25.674881 0.000346 -0.000085 -38.512352 0.000144 -0.000188 -25.649216
-129.309128 177.907089 26.476250 82.216667 179.612427 178.640442 6.697253 -13.938580 1.167901 171.157745 147.793259 172.280441 1.690407 -18.038504 0.753499 8.974849 -8.746165 1.673904 3.446977 14.082128 -3.036389 177.919113 -175.180344 -179.407242 0.823178 3.791171 -0.659603 0.801501 3.725016 -1.131043 3.877158 2.831136 -1.227637 0.000049 0.528244 -1.123614 0.000083 0.616301 -1.163755 175.845230 179.596832 179.286469 6.246831 -0.767982 -0.148791 8.198413 -3.942245 79.124939 178.968903 175.923492 -178.719604 177.082809 -179.530777 172.834488 47.007591 39.635635 8.615511 0.000003 0.000002 9.645866 180.000000 179.999985 -173.575836 0.000003 -0.000000 0.000003 14.999866 -0.000297 31.839983 0.000026 -0.000265 26.050913 0.000103 -0.000157 18.235641 0.000003 -0.000000 0.000003 179.999771 -179.999588 -141.283951 0.000069 -0.000463 38.716045 0.000238 -0.000216 25.784893 0.000003 -0.000000 0.000003 169.999588 -179.999344 -144.520950 0.000027 -0.000772 35.479034 0.000320 -0.000405 23.629047 0.000003 -0.000000 0.000003 159.999924 -179.999847 -159.511581 179.999939 -179.999741 -149.267349 0.000050 -0.000165 20.467947 175.800415 -178.614624 178.943100 169.870407 -167.125656 108.976524 171.207092 175.201614 177.517517 6.882951 4.342409 3.152131 124.746849 126.348785 163.519653 179.999954 -179.999969 173.873917 179.999969 -179.999985 175.920029 0.000000 0.000000 -0.000002 165.000214 179.999954 152.345947 0.000152 -0.000065 -22.626041 0.000100 -0.000074 -15.838236 0.000000 0.000000 -0.000002 0.000192 0.000032 -35.943687 0.000181 -0.000083 -35.943703 0.000053 -0.000119 -23.938503 0.000000 0.000000 -0.000002 10.000220 0.000040 -33.759430 0.000210 -0.000092 -33.759422 0.000072 -0.000135 -22.483780 0.000000 0.000000 -0.000002 20.000162 0.000026 -25.632160 0.000243 -0.000080 -38.448246 0.000095 -0.000139 -25.606552
-129.596420 177.977936 26.535908 82.359314 179.705429 178.662582 6.435006 -13.227449 1.143846 171.220596 149.890427 172.590714 2.670752 -17.141809 0.500585 8.462358 -8.174640 1.545895 3.733666 13.450565 -2.866742 178.057343 -175.321228 -179.470078 0.829203 3.827422 -0.674095 0.809563 3.759886 -1.088745 3.911234 2.852390 -1.168173 0.000039 0.446433 -1.134022 0.000047 0.520847 -1.174549 175.833191 179.667557 179.285248 6.300355 -0.769452 -0.131586 8.257862 -3.861864 79.165405 178.456833 175.920914 -179.043076 176.882767 -179.488098 173.247726 47.133575 39.671597 8.744615 0.000008 0.000008 9.641259 0.000005 0.000005 6.421077 0.000000 -0.000000 0.000003 14.999831 -0.000252 31.778694 180.000000 -179.999741 -153.999237 0.000068 -0.000155 18.200516 0.000000 -0.000000 0.000003 179.999710 -179.999649 -141.365051 179.999985 -179.999542 -141.365082 0.000189 -0.000247 25.730869 0.000000 -0.000000 0.000003 169.999557 -179.999496 -144.660355 179.999908 -179.999329 -144.660355 0.000205 -0.000406 23.536192 0.000000 -0.000000 0.000003 159.999893 -179.999863 -159.538422 179.999878 -179.999741 -149.307632 0.000023 -0.000178 20.441113 175.812943 -178.588348 178.979675 168.990311 -167.275970 108.812332 171.217072 175.374451 177.600052 6.902530 4.549485 3.207966 124.833908 126.306618 163.555649 180.000000 -179.999985 173.853531 180.000000 -180.000000 175.906448 180.000000 -179.999985 -179.999985 165.000183 179.999985 152.386292 0.000155 -0.000046 -22.593035 0.000085 -0.000069 -15.815125 180.000000 -179.999985 -179.999985 0.000152 0.000019 -35.906063 0.000150 -0.000076 -35.906033 0.000043 -0.000103 -23.913429 180.000000 -179.999985 -179.999985 10.000181 0.000022 -33.715866 0.000163 -0.000080 -33.715851 0.000062 -0.000102 -22.454750 180.000000 -179.999985 -179.999985 20.000179 0.000031 -25.602226 0.000236 -0.000086 -38.403313 0.000091 -0.000137 -25.576603
-129.876678 178.047729 26.543240 82.500084 179.801086 178.571777 5.640868 -12.537711 1.155633 172.191360 151.824600 173.057495 2.827284 -16.117517 0.595173 8.141696 -7.606409 1.568577 3.949354 12.801491 -2.698016 178.052521 -175.475540 -179.567886 0.837073 3.859806 -0.573129 0.818504 3.792541 -1.046950 3.949534 2.872117 -1.109209 0.000017 0.372035 -1.142467 0.000030 0.434025 -1.183284 175.836884 179.731628 179.284882 6.354972 -0.769663 -0.114282 8.306626 -3.787961 79.209892 177.933060 176.220261 -179.291351 176.796097 -179.848999 173.582245 47.184559 39.683727 8.820003 0.000013 -0.000005 9.651657 0.000003 -0.000002 6.428021 0.000000 0.000002 0.000000 14.999838 -0.000202 31.702631 179.999985 -179.999786 -154.061508 0.000052 -0.000149 18.156956 0.000000 0.000002 0.000000 179.999680 -179.999695 -141.464951 179.999939 -179.999557 -141.464966 0.000156 -0.000268 25.664322 0.000000 0.000002 0.000000 169.999588 -179.999634 -144.817184 179.999847 -179.999466 -144.817154 0.000130 -0.000346 23.431774 0.000000 0.000002 0.000000 159.999832 -179.999863 -159.573212 179.999847 -179.999725 -149.359802 180.000000 -179.999771 -159.593628 175.834549 -178.563019 179.015900 168.518814 -167.394501 108.573601 171.161240 175.218155 177.603760 6.911708 4.790506 3.252736 124.860596 126.252792 163.556671 0.000015 0.000011 -6.150283 0.000008 0.000005 -4.096089 0.000000 0.000002 0.000005 165.000137 179.999985 152.438416 0.000082 -0.000029 -22.550375 0.000052 -0.000051 -15.785275 0.000000 0.000002 0.000005 0.000163 0.000017 -35.872978 0.000146 -0.000085 -35.872978 0.000042 -0.000099 -23.891407 0.000000 0.000002 0.000005 10.000170 0.000008 -33.678513 0.000157 -0.000081 -33.678532 0.000058 -0.000102 -22.429892 0.000000 0.000002 0.000005 20.000175 0.000012 -25.568954 0.000254 -0.000087 -38.353466 0.000088 -0.000155 -25.543390
-130.166656 178.119598 26.549166 82.626900 179.897430 178.482590 4.865138 -11.858333 1.171038 172.931168 153.659760 173.422562 3.284253 -15.057557 0.604176 7.959630 -7.037499 1.576496 3.888906 12.147899 -2.554737 178.196930 -175.626312 -179.675629 0.846569 3.888618 -0.471671 0.829096 3.821717 -1.005749 3.995456 2.889529 -1.050645 0.000024 0.305495 -1.149025 0.000031 0.356416 -1.190070 175.855347 179.788681 179.285187 6.402628 -0.770159 -0.098455 8.457038 -3.721165 79.239227 177.487000 176.369522 -179.534302 176.703629 179.992096 173.968277 47.186615 39.683758 8.869226 0.000007 -0.000018 9.675426 0.000008 -0.000012 6.443834 0.000000 -0.000000 0.000000 14.999848 -0.000131 31.610374 179.999969 -179.999832 -154.136978 0.000006 -0.000113 18.104118 0.000000 -0.000000 0.000000 179.999725 -179.999802 -141.612885 179.999924 -179.999680 -141.612885 0.000094 -0.000220 25.565813 0.000000 -0.000000 0.000000 169.999649 -179.999756 -144.989822 179.999847 -179.999603 -144.989807 0.000058 -0.000275 23.316761 0.000000 -0.000000 0.000000 160.000153 179.999908 -159.688675 0.000162 0.000204 30.466974 0.000027 0.000172 20.291016 175.860611 -178.539383 179.052887 168.344925 -167.495987 108.272209 171.062668 174.826767 177.553040 6.912638 5.039436 3.291602 124.817116 126.171860 163.491043 0.000015 0.000014 -6.145471 0.000015 0.000007 -4.092891 0.000000 -0.000002 0.000000 165.000107 179.999985 152.478516 0.000061 -0.000026 -22.517559 0.000037 -0.000041 -15.762306 0.000000 -0.000002 0.000000 0.000043 0.000007 -35.810436 0.000033 -0.000014 -35.810421 0.000011 -0.000020 -23.849743 0.000000 -0.000002 0.000000 10.000178 0.000010 -33.633144 0.000151 -0.000086 -33.633171 0.000052 -0.000104 -22.399677 0.000000 -0.000002 0.000000 20.000156 0.000023 -25.519560 0.000208 -0.000082 -38.279324 0.000070 -0.000138 -25.494019
-130.429382 178.193420 26.549578 82.741074 179.992157 178.389618 4.102413 -11.206735 1.208651 174.076965 155.362579 173.814087 3.220114 -13.919274 0.734011 7.905722 -6.473073 1.588448 4.257717 11.487152 -2.355730 177.803146 -175.811234 -179.741287 0.857454 3.912344 -0.366915 0.840528 3.846000 -0.964033 4.044944 2.903257 -0.991445 0.000002 0.247742 -1.153670 0.000015 0.289034 -1.194865 175.889969 179.837952 179.286102 6.437673 -0.770291 -0.086829 8.615329 -3.661970 79.275047 177.132889 176.377701 -179.767242 176.594254 179.929581 174.372314 47.275597 39.613907 8.963778 0.000004 -0.000022 9.700680 0.000008 -0.000015 6.460644 180.000000 180.000000 179.999985 14.999927 -0.000051 31.493996 179.999969 -179.999939 -154.232208 0.000012 -0.000058 18.037466 180.000000 180.000000 179.999985 179.999771 -179.999878 -141.756744 179.999893 -179.999771 -141.756744 0.000057 -0.000168 25.470013 180.000000 180.000000 179.999985 169.999741 -179.999863 -145.165207 179.999863 -179.999756 -145.165207 0.000020 -0.000192 23.199966 180.000000 180.000000 179.999985 160.000107 179.999969 -159.616547 0.000098 0.000104 30.575188 0.000021 0.000100 20.363071 175.889618 -178.518845 179.087006 168.053558 -167.632401 107.968140 170.999054 174.546829 177.530914 6.916277 5.232728 3.331612 124.706932 126.049911 163.346985 0.000008 0.000006 -6.137368 0.000005 0.000002 -4.087489 0.000000 -0.000000 0.000003 165.000092 180.000000 152.512634 0.000073 -0.000034 -22.489660 0.000040 -0.000039 -15.742760 0.000000 -0.000000 0.000003 0.000139 0.000009 -35.814564 0.000113 -0.000082 -35.814568 0.000045 -0.000083 -23.852499 0.000000 -0.000000 0.000003 10.000120 0.000012 -33.567780 0.000115 -0.000075 -33.567783 0.000046 -0.000077 -22.356150 0.000000 -0.000000 0.000003 20.000149 0.000012 -25.466829 0.000204 -0.000082 -38.200233 0.000072 -0.000131 -25.441353
-130.689270 178.269714 26.532232 82.843498 -179.917206 178.288208 3.402850 -10.565780 1.264024 175.067230 156.961670 174.121597 3.631378 -12.783657 0.736624 8.663898 -5.938440 1.593856 3.920725 10.832319 -2.223775 177.304550 -176.001892 -179.796890 0.868935 3.929293 -0.257328 0.851282 3.863704 -0.921269 4.090771 2.911879 -0.931545 0.000023 0.197460 -1.153877 0.000002 0.230380 -1.195088 175.950165 179.880264 179.289215 6.468755 -0.769008 -0.076292 8.795809 -3.612274 79.313194 176.845428 176.485626 -179.941010 176.487793 179.782104 174.735657 47.224575 39.575420 9.017622 0.000002 -0.000016 9.762630 0.000004 -0.000015 6.501914 180.000000 180.000000 179.999985 14.999967 -0.000020 31.423422 179.999985 -179.999969 -154.289932 179.999985 -179.999985 -162.002945 180.000000 180.000000 179.999985 179.999847 -179.999939 -141.913391 179.999924 -179.999847 -141.913406 0.000006 -0.000115 25.365679 180.000000 180.000000 179.999985 169.999832 -179.999954 -145.328247 179.999893 -179.999847 -145.328247 179.999985 -179.999878 -156.908630 180.000000 180.000000 179.999985 160.000046 179.999985 -159.558594 0.000046 0.000037 30.662092 0.000015 0.000025 20.420954 175.925797 -178.503403 179.118134 168.014435 -167.760910 107.611183 170.899109 174.065872 177.459824 6.915422 5.410448 3.368162 124.605721 125.900108 163.189804 0.000023 0.000020 -6.135697 0.000015 0.000011 -4.086370 0.000000 -0.000000 0.000000 165.000092 180.000000 152.565231 0.000064 -0.000024 -22.446640 0.000026 -0.000039 -15.712640 0.000000 -0.000000 0.000000 0.000097 -0.000001 -35.739498 0.000084 -0.000048 -35.739498 0.000023 -0.000060 -23.802505 0.000000 -0.000000 0.000000 10.000091 0.000007 -33.499771 0.000077 -0.000042 -33.499786 0.000022 -0.000057 -22.310854 0.000000 -0.000000 0.000000 20.000101 0.000008 -25.392008 0.000150 -0.000068 -38.088009 0.000047 -0.000101 -25.366619
-130.939514 178.344604 26.526419 82.931099 -179.833328 178.176270 3.358146 -9.930219 1.320431 175.572235 158.487839 174.313721 3.281074 -11.558317 0.892063 8.693959 -5.393477 1.620089 4.282196 10.164938 -2.019618 176.858215 -176.198227 -179.871140 0.881332 3.938300 -0.142578 0.861111 3.873684 -0.877019 4.131886 2.914474 -0.870504 0.000008 0.152312 -1.147391 0.000008 0.177694 -1.188366 176.040222 179.917572 179.296036 6.501145 -0.765817 -0.064634 8.828335 -3.573288 79.381279 176.624435 176.616302 179.927414 176.417358 179.461563 175.032150 47.349064 39.505913 9.137664 180.000000 -179.999985 -170.216019 0.000002 -0.000018 6.516132 180.000000 180.000000 179.999985 14.999978 -0.000007 31.363573 179.999985 -179.999985 -154.338882 180.000000 -179.999985 -162.037216 180.000000 180.000000 179.999985 179.999908 -179.999985 -142.076691 179.999939 -179.999924 -142.076675 179.999985 -179.999939 -154.743073 180.000000 180.000000 179.999985 169.999924 -179.999985 -145.485046 179.999939 -179.999939 -145.485031 179.999985 -179.999939 -157.013031 180.000000 180.000000 179.999985 160.000015 179.999985 -159.533768 0.000028 0.000014 30.699327 0.000012 0.000026 20.445766 175.969391 -178.493881 179.147171 167.699692 -167.941574 107.273476 170.884781 173.934738 177.470200 6.906164 5.599126 3.396961 124.601555 125.763153 163.173492 0.000024 0.000029 -6.117242 0.000015 0.000018 -4.074083 0.000003 -0.000000 0.000002 165.000061 -179.999985 152.639084 0.000043 -0.000023 -22.386198 0.000021 -0.000025 -15.670339 0.000003 -0.000000 0.000002 0.000071 -0.000009 -35.669613 0.000056 -0.000041 -35.669643 0.000013 -0.000046 -23.755974 0.000003 -0.000000 0.000002 10.000027 -0.000002 -33.427704 0.000034 -0.000012 -33.427704 0.000011 -0.000020 -22.262857 0.000003 -0.000000 0.000002 20.000059 -0.000005 -25.313618 0.000088 -0.000042 -37.970455 0.000028 -0.000060 -25.288321
-131.164398 178.415161 26.529280 83.001282 -179.758469 178.051544 2.377176 -9.249867 1.370161 175.955017 159.897781 174.468979 4.114534 -10.464127 0.797666 9.010855 -4.874983 1.652882 4.415308 9.493361 -1.844916 176.366196 -176.409836 -179.938370 0.895796 3.938656 -0.021241 0.870563 3.875274 -0.830034 4.170700 2.910483 -0.806640 0.000004 0.112600 -1.135994 179.999985 179.868622 178.823441 176.151016 179.949783 179.305374 6.531008 -0.760287 -0.053004 9.257378 -3.548901 79.376076 176.424347 176.923447 179.862228 176.330368 179.357025 175.362732 47.378521 39.468876 9.250954 0.000002 -0.000010 9.837466 0.000002 -0.000007 6.551751 0.000000 -0.000000 0.000000 14.999990 -0.000002 31.324911 0.000003 -0.000004 25.629482 179.999985 -180.000000 -162.059372 0.000000 -0.000000 0.000000 179.999954 -180.000000 -142.231216 179.999969 -179.999985 -142.231232 180.000000 -179.999969 -154.845993 0.000000 -0.000000 0.000000 169.999969 180.000000 -145.608658 179.999969 -179.999969 -145.608658 179.999985 -179.999969 -157.095367 0.000000 -0.000000 0.000000 160.000015 -179.999985 -159.505661 0.000023 0.000001 30.741497 0.000002 0.000010 20.473829 176.015747 -178.489822 179.173355 167.867767 -168.090103 106.847778 170.790466 173.408646 177.385162 6.897091 5.756541 3.418353 123.563011 125.379402 161.979553 0.000003 0.000009 -6.096723 0.000005 0.000004 -4.060424 0.000002 -0.000000 0.000002 165.000031 179.999985 152.725525 0.000020 -0.000013 -22.315472 0.000012 -0.000012 -15.620831 0.000002 -0.000000 0.000002 0.000032 -0.000004 -35.573483 0.000021 -0.000020 -35.573460 0.000011 -0.000019 -23.691936 0.000002 -0.000000 0.000002 10.000031 0.000005 -33.392902 0.000023 -0.000018 -33.392872 180.000000 -179.999985 157.760345 0.000002 -0.000000 0.000002 20.000042 -0.000004 -25.238960 0.000045 -0.000021 -37.858444 0.000004 -0.000034 -25.213724
-131.418091 178.477188 26.554104 83.073303 -179.683426 177.925461 2.213197 -8.570204 1.373434 175.830536 161.226395 174.524689 4.780518 -9.242929 0.766799 8.487244 -4.331367 1.696504 5.259575 8.819142 -1.625960 176.006287 -176.612808 179.976822 0.908224 3.938500 0.099537 0.880531 3.876434 -0.783593 4.212067 2.906242 -0.743248 180.000000 179.924866 178.877457 180.000000 179.912323 178.837372 176.266052 179.979568 179.316147 6.558401 -0.755757 -0.039028 9.229691 -3.528968 79.453857 176.302002 176.825790 179.731705 176.250793 179.198975 175.681091 46.885742 39.500076 8.942541 0.000008 0.000693 9.906025 179.999924 179.999542 -173.402573 0.000002 0.000002 0.000000 15.000047 0.000177 31.303396 179.999954 179.999847 -154.388123 179.999924 179.999939 -162.071671 0.000002 0.000002 0.000000 179.999908 179.999588 -142.386185 179.999695 179.999756 -142.386215 179.999741 180.000000 -154.949173 0.000002 0.000002 0.000000 169.999832 179.999664 -145.751312 179.999680 179.999847 -145.751266 179.999756 -179.999969 -157.190384 0.000002 0.000002 0.000000 159.999969 179.999924 -159.457413 179.999878 179.999939 -149.186142 179.999908 179.999985 -159.477951 176.058884 -178.484863 179.201492 167.686890 -168.279831 106.465797 170.752914 173.144669 177.365936 6.893015 5.888650 3.444106 123.548042 125.274551 161.990997 179.999985 179.999893 173.935287 180.000000 179.999939 175.960892 180.000000 180.000000 -179.999985 165.000137 -179.999908 152.827744 0.000068 -0.000098 -22.231865 0.000005 -0.000091 -15.562292 180.000000 180.000000 -179.999985 0.000192 -0.000084 -35.497349 0.000123 -0.000183 -35.497337 0.000005 -0.000142 -23.641222 180.000000 180.000000 -179.999985 10.000138 -0.000042 -33.322594 0.000106 -0.000115 -33.322617 0.000016 -0.000098 -22.192833 180.000000 180.000000 -179.999985 20.000416 -0.000090 -25.193285 0.000490 -0.000435 -37.789913 0.000097 -0.000418 -25.168093
-131.623734 178.583557 26.601755 83.094421 -179.631454 177.753510 1.496197 -7.902468 1.518320 176.748734 162.265305 174.739197 4.833157 -8.425613 0.745501 9.537553 -3.890566 1.733318 4.080533 8.156626 -1.570061 176.129623 -176.826752 179.916306 0.936078 3.918113 0.254291 0.888941 3.858200 -0.727205 4.244259 2.886270 -0.668960 0.000008 0.048322 -1.107563 179.999985 179.943649 178.852890 176.411179 -179.999710 179.326691 6.583705 -0.742225 -0.027607 9.129807 -3.521393 79.534172 176.257980 176.882645 179.680710 176.314606 178.944580 175.936371 48.334000 39.498276 10.343946 0.000198 0.000746 9.923756 0.000041 0.000511 6.609231 0.000000 0.000002 0.000002 15.000196 0.000286 31.270908 0.000005 0.000270 25.585251 179.999924 179.999832 -162.090302 0.000000 0.000002 0.000002 0.000136 0.000480 37.509003 179.999832 179.999542 -142.491013 179.999725 179.999847 -155.019028 0.000000 0.000002 0.000002 170.000000 179.999664 -145.852173 179.999847 179.999725 -145.852219 179.999802 179.999908 -157.257584 0.000000 0.000002 0.000002 159.999939 179.999771 -159.448074 179.999832 179.999725 -149.172180 179.999802 179.999893 -159.468628 176.116302 -178.493332 179.219971 167.405884 -168.525299 106.064156 170.806686 173.276367 177.418518 6.863929 6.095198 3.432712 123.601860 125.196770 162.058411 179.999924 179.999878 173.953720 179.999969 179.999924 175.973190 0.000000 -0.000000 0.000000 165.000076 -179.999847 152.862000 179.999985 -179.999863 157.796188 179.999969 -179.999924 164.457321 0.000000 -0.000000 0.000000 0.000068 -0.000057 -35.419174 0.000030 -0.000083 -35.419178 179.999985 -179.999954 156.410812 0.000000 -0.000000 0.000000 10.000074 -0.000042 -33.279339 0.000029 -0.000055 -33.279308 180.000000 -179.999954 157.835983 0.000000 -0.000000 0.000000 20.000181 -0.000093 -25.086794 0.000207 -0.000225 -37.630203 0.000016 -0.000199 -25.061724
-131.781799 178.661697 26.661577 83.094223 -179.592346 177.580109 1.184608 -7.287102 1.654728 177.549637 163.213562 174.961777 4.485872 -7.955426 0.804729 10.007211 -3.446152 1.783248 3.959991 7.471651 -1.447346 175.804611 -177.073730 179.888763 0.966181 3.889619 0.404472 0.896838 3.831909 -0.667354 4.273419 2.859812 -0.591014 179.999985 179.976181 178.908890 180.000000 179.972214 178.869904 176.564453 -179.981079 179.337891 6.605573 -0.728329 -0.016932 9.086481 -3.521025 79.600090 176.273926 176.868408 179.637848 176.364487 178.994324 176.244843 48.503342 39.618469 10.318564 0.000134 0.000496 9.795281 0.000033 0.000338 6.523664 0.000000 -0.000000 0.000002 14.999749 -0.000403 31.066956 0.000001 -0.000399 25.418425 0.000094 -0.000241 17.792912 0.000000 -0.000000 0.000002 0.000139 0.000405 37.368130 179.999863 179.999588 -142.631851 179.999756 179.999832 -155.112823 0.000000 -0.000000 0.000002 170.000031 179.999802 -145.963181 179.999908 179.999802 -145.963196 179.999893 179.999939 -157.331482 0.000000 -0.000000 0.000002 160.000000 179.999710 -159.491623 179.999847 179.999588 -149.237427 179.999756 179.999817 -159.512115 176.177139 -178.504318 179.236023 167.304688 -168.771912 105.620346 170.846268 173.299973 177.436096 6.831758 6.279716 3.409026 123.697021 125.156868 162.212189 179.999863 179.999908 173.986984 179.999924 179.999924 175.995331 180.000000 180.000000 -180.000000 164.999985 -179.999847 152.962555 179.999939 -179.999908 157.878448 179.999939 -179.999969 164.514908 180.000000 180.000000 -180.000000 0.000061 -0.000124 -35.409691 180.000000 -179.999878 144.590317 179.999954 -179.999939 156.417145 180.000000 180.000000 -180.000000 9.999977 0.000015 -33.233490 180.000000 179.999954 146.766510 180.000000 179.999985 157.866501 180.000000 180.000000 -180.000000 20.000071 -0.000060 -25.024786 0.000077 -0.000109 -37.537201 179.999985 -179.999908 155.000229
-131.958710 178.722305 26.732414 83.078461 -179.566757 177.411179 0.218934 -6.664205 1.770591 178.976578 164.118973 175.300262 4.135260 -7.699255 0.850941 10.509046 -3.006468 1.833126 3.644874 6.789141 -1.348767 175.656448 -177.301315 179.859268 0.994425 3.855053 0.545134 0.904802 3.799591 -0.606801 4.302867 2.828720 -0.512592 180.000000 -179.998413 178.928879 0.000001 -0.001872 -1.109385 176.714188 -179.961670 179.351151 6.617881 -0.720485 -0.005441 9.562052 -3.524083 79.575706 176.246841 177.349625 179.701431 176.457626 179.016846 176.515305 48.625919 39.781944 10.440728 0.000320 0.000633 9.751188 0.000140 0.000457 6.494269 0.000005 0.000000 -0.000002 15.000364 0.000429 31.299047 0.000058 0.000456 25.608284 179.999908 179.999710 -162.074203 0.000005 0.000000 -0.000002 0.000213 0.000359 37.271996 179.999954 179.999588 -142.728043 179.999817 179.999802 -155.176849 0.000005 0.000000 -0.000002 170.000092 179.999802 -146.013672 179.999969 179.999802 -146.013687 179.999908 179.999908 -157.365097 0.000005 0.000000 -0.000002 160.000076 179.999710 -159.557114 179.999954 179.999557 -149.335632 179.999817 179.999756 -159.577515 176.237015 -178.512497 179.253159 167.334396 -169.025879 105.144096 170.935318 173.519150 177.490417 6.759263 6.699714 3.350558 123.802940 125.153381 162.405746 179.999863 179.999939 174.028275 179.999908 179.999954 176.022827 0.000003 -0.000002 0.000002 164.999939 -179.999893 153.046310 179.999939 -179.999954 157.946960 179.999939 -179.999985 164.562881 0.000003 -0.000002 0.000002 180.000000 -179.999985 144.680923 179.999985 -179.999985 144.680954 180.000000 -180.000000 156.477493 0.000003 -0.000002 0.000002 10.000012 -0.000023 -33.262577 180.000000 -179.999985 146.737442 180.000000 -179.999985 157.847122 0.000003 -0.000002 0.000002 19.999998 -0.000026 -24.981773 0.000004 -0.000033 -37.472672 180.000000 -179.999985 155.043198
-132.169479 178.781647 26.821651 83.059174 -179.552567 177.243225 178.672180 -173.993454 -178.145294 0.685847 14.953641 -4.322595 4.109583 -7.409678 0.839555 10.988707 -2.565564 1.898316 4.588623 6.102728 -1.207465 174.279190 -177.551071 179.904907 1.013713 3.814691 0.683349 0.912259 3.761484 -0.545817 4.329699 2.793237 -0.434273 179.999985 -179.971298 178.952042 179.999985 -179.966492 178.914642 176.855072 -179.940689 179.366348 6.620911 -0.717514 0.004116 8.712218 -3.538874 79.775955 176.479553 176.549728 179.559387 176.573349 179.075729 176.756943 48.643627 39.861050 10.295470 0.000390 0.000646 9.646919 0.000189 0.000467 6.424840 0.000003 0.000000 -0.000002 15.000526 0.000465 31.214720 0.000179 0.000542 25.539318 179.999939 179.999588 -162.122498 0.000003 0.000000 -0.000002 0.000376 0.000390 37.204506 0.000072 0.000534 37.204525 179.999832 179.999695 -155.221786 0.000003 0.000000 -0.000002 170.000107 179.999878 -146.062927 0.000011 0.000141 33.937111 179.999969 179.999924 -157.397873 0.000003 0.000000 -0.000002 160.000168 179.999725 -159.618561 0.000088 0.000461 30.572189 179.999893 179.999710 -159.638931 176.295395 -178.521057 179.270248 167.496292 -169.285172 104.632919 170.960175 173.316788 177.456345 6.751052 6.688283 3.303416 123.913841 125.191589 162.589737 179.999832 179.999939 174.054993 179.999893 179.999954 176.040619 0.000002 -0.000002 -0.000000 164.999969 -179.999939 153.105499 179.999954 -179.999985 157.995438 179.999969 -179.999985 164.596802 0.000002 -0.000002 -0.000000 179.999985 -179.999924 144.672638 179.999954 -179.999954 144.672653 179.999954 -179.999985 156.472000 0.000002 -0.000002 -0.000000 9.999987 0.000108 -33.216133 0.000035 0.000099 -33.216137 0.000062 0.000039 -22.121939 0.000002 -0.000002 -0.000000 19.999973 0.000047 -24.955902 180.000000 179.999908 142.566116 0.000035 0.000048 -24.930939
-132.400757 178.839523 26.888517 83.028908 -179.548798 177.075256 178.669815 -174.607559 -178.087082 1.609919 13.993302 -4.043496 3.325341 -6.984049 0.952646 11.433084 -2.161529 1.966669 3.894220 5.488528 -1.158513 174.578766 -177.706757 179.865280 1.034585 3.768391 0.822281 0.918349 3.717648 -0.484542 4.350482 2.753313 -0.356400 179.999985 -179.941025 178.978134 0.000004 -0.068788 -1.058380 176.985748 -179.916992 179.383331 6.623479 -0.714339 0.005899 9.121984 -3.551142 79.763245 176.546249 176.993790 179.654907 176.642792 179.512924 177.042191 48.887981 40.199734 10.408920 0.000298 0.000438 9.490317 0.000141 0.000324 6.320579 0.000005 0.000000 -0.000002 15.000094 0.000178 31.068249 179.999985 179.999832 -154.580521 179.999954 179.999893 -162.206375 0.000005 0.000000 -0.000002 179.999832 -179.999588 -143.001328 0.000112 -0.000419 36.998703 0.000223 -0.000177 24.641117 0.000005 0.000000 -0.000002 169.999969 -179.999847 -146.124344 0.000040 -0.000139 33.875656 0.000073 -0.000051 22.561207 0.000005 0.000000 -0.000002 160.000015 179.999969 -159.714600 179.999985 179.999954 -149.571869 179.999985 179.999985 -159.734863 176.348923 -178.532730 179.287338 167.706970 -169.555252 104.094368 171.036377 173.267471 177.464798 6.721779 6.820285 3.224625 124.027557 125.250832 162.798920 179.999832 179.999954 174.089294 179.999893 179.999954 176.063492 0.000000 0.000002 0.000000 165.000824 179.999008 153.396072 0.000972 0.000409 -21.766836 0.000722 0.000012 -15.236758 0.000000 0.000002 0.000000 0.000009 0.000006 -35.273106 0.000011 0.000010 -35.273113 0.000010 0.000001 -23.491905 0.000000 0.000002 0.000000 10.000010 0.000075 -33.270393 0.000040 0.000058 -33.270370 0.000038 0.000017 -22.158068 0.000000 0.000002 0.000000 19.999975 0.000109 -24.965361 0.000019 0.000151 -37.448017 0.000060 0.000061 -24.940378
-132.644135 178.892807 26.929056 82.999756 -179.554260 176.911133 178.465637 -175.219101 -178.063385 1.811329 13.025978 -3.851294 3.451248 -6.597364 0.954899 11.719261 -1.781777 2.054363 2.959112 4.923337 -1.129827 175.274597 -177.823364 179.809860 1.047116 3.717843 0.959344 0.922830 3.669526 -0.424264 4.363546 2.710259 -0.280673 0.000008 -0.094379 -0.992690 179.999985 -179.889893 178.971863 177.103455 -179.888657 179.402344 6.630873 -0.708690 0.001374 9.216728 -3.570219 79.806900 176.699661 177.106384 179.706528 176.786606 179.618042 177.197968 48.835728 40.179050 10.137418 0.000261 0.000398 9.385174 0.000134 0.000285 6.250524 0.000002 0.000003 0.000003 15.000030 0.000047 31.014194 179.999985 179.999939 -154.624725 179.999985 179.999969 -162.237320 0.000002 0.000003 0.000003 0.000041 0.000078 37.146347 179.999985 179.999908 -142.853638 179.999954 179.999969 -155.260559 0.000002 0.000003 0.000003 169.999924 -179.999802 -146.108780 0.000052 -0.000216 33.891212 0.000103 -0.000097 22.571550 0.000002 0.000003 0.000003 160.000015 -179.999985 -159.727005 179.999985 179.999985 -149.590515 180.000000 179.999985 -159.747284 176.395721 -178.547668 179.305191 168.029968 -169.826370 103.522293 171.126419 173.127243 177.463989 6.702093 6.892082 3.134947 124.073090 125.416237 162.940643 179.999741 179.999908 174.107437 179.999847 179.999939 176.075531 180.000000 180.000000 -180.000000 165.000122 179.999863 152.823074 0.000133 0.000047 -22.235659 0.000103 0.000004 -15.564953 180.000000 180.000000 -180.000000 0.000007 0.000013 -35.274876 0.000011 0.000009 -35.274876 0.000014 0.000001 -23.493048 180.000000 180.000000 -180.000000 10.000028 0.000099 -33.287632 0.000079 0.000081 -33.287613 0.000064 0.000011 -22.169535 180.000000 180.000000 -180.000000 19.999989 0.000156 -24.990541 0.000079 0.000218 -37.485813 0.000142 0.000087 -24.965548
-132.868118 178.939163 26.964096 82.975578 -179.566055 176.755753 178.087692 -175.818863 -178.051910 2.179650 12.068761 -3.645579 3.575805 -6.217540 0.955454 12.018500 -1.421575 2.158510 3.071862 4.372534 -1.080635 174.906235 -177.964615 179.807678 1.050808 3.665994 1.090962 0.925754 3.620037 -0.367144 4.370005 2.666492 -0.209690 179.999985 -179.863617 179.040054 0.000001 -0.159106 -0.994249 177.200775 -179.854553 179.423721 6.640171 -0.702450 -0.001028 9.175796 -3.602234 79.874161 176.855347 177.292480 179.776199 176.968689 179.595886 177.276031 48.856956 40.190987 9.935293 0.000192 0.000284 9.270182 0.000095 0.000207 6.173944 0.000000 0.000002 0.000000 14.999968 -0.000082 30.981485 0.000010 -0.000081 25.348465 0.000037 -0.000052 17.743931 0.000000 0.000002 0.000000 180.000000 -179.999985 -142.884018 180.000000 179.999985 -142.884018 0.000009 -0.000009 24.719246 0.000000 0.000002 0.000000 169.999908 -179.999680 -146.081024 0.000089 -0.000318 33.919010 0.000174 -0.000139 22.590046 0.000000 0.000002 0.000000 160.000000 -179.999878 -159.742584 0.000021 -0.000151 30.386187 0.000066 -0.000095 20.237183 176.438354 -178.564178 179.323013 168.425720 -170.094757 102.932785 171.251083 172.948029 177.464996 6.689434 6.916383 3.040433 123.995308 125.494507 163.002213 179.999832 179.999954 174.166000 179.999878 179.999954 176.114563 0.000000 -0.000002 0.000000 165.000198 179.999802 152.789520 0.000227 0.000085 -22.263132 0.000156 -0.000010 -15.584193 0.000000 -0.000002 0.000000 179.999985 -179.999985 144.712799 179.999985 -179.999985 144.712799 179.999985 -179.999985 156.498718 0.000000 -0.000002 0.000000 10.000039 0.000121 -33.324734 0.000099 0.000073 -33.324718 0.000085 0.000011 -22.194267 0.000000 -0.000002 0.000000 19.999998 0.000114 -25.054775 0.000077 0.000160 -37.582169 0.000114 0.000055 -25.029726
-133.076874 178.978912 26.987495 82.955055 -179.583725 176.612061 177.639771 -176.390549 -178.042053 2.490032 11.149790 -3.453417 3.814058 -5.871454 0.926241 12.265995 -1.088417 2.260717 3.107584 3.862526 -1.039659 174.662659 -178.086487 179.797653 1.050052 3.614225 1.214981 0.927390 3.570483 -0.314481 4.370958 2.623281 -0.144779 180.000000 -179.814590 179.076157 179.999985 -179.783676 179.043167 177.271545 -179.814133 179.447327 6.649842 -0.696151 0.000711 9.235763 -3.650263 79.926407 177.036621 177.352463 179.832916 177.132904 179.727936 177.338806 48.839710 40.114769 9.693103 0.000145 0.000214 9.178619 0.000074 0.000153 6.112955 0.000000 -0.000000 0.000000 14.999954 -0.000102 30.997599 0.000007 -0.000107 25.361637 0.000042 -0.000066 17.753147 0.000000 -0.000000 0.000000 179.999985 -179.999939 -142.890717 0.000016 -0.000059 37.109280 0.000038 -0.000032 24.714779 0.000000 -0.000000 0.000000 169.999878 -179.999680 -146.011261 0.000085 -0.000330 33.988735 0.000186 -0.000168 22.636490 0.000000 -0.000000 0.000000 159.999969 -179.999847 -159.720459 0.000014 -0.000216 30.419296 0.000085 -0.000126 20.259272 176.479172 -178.580551 179.335953 168.766663 -170.371918 102.348862 171.428879 172.811600 177.490540 6.688079 6.861183 2.946139 123.822044 125.603287 162.929443 179.999847 179.999954 174.202545 179.999893 179.999969 176.138885 180.000000 180.000000 -180.000000 165.000153 179.999832 152.709488 0.000171 0.000069 -22.328596 0.000128 -0.000001 -15.629983 180.000000 180.000000 -180.000000 179.999954 -179.999893 144.705933 179.999893 -179.999954 144.705917 179.999924 179.999985 156.494141 180.000000 180.000000 -180.000000 10.000033 0.000099 -33.371620 0.000086 0.000071 -33.371635 0.000071 0.000010 -22.225512 180.000000 180.000000 -180.000000 20.000017 0.000139 -25.094185 0.000104 0.000192 -37.641258 0.000137 0.000062 -25.069098
-133.279770 179.013519 27.009741 82.937714 -179.608383 176.480820 176.779510 -176.961716 -178.032501 3.506711 10.243458 -3.226547 3.752928 -5.516828 0.912484 12.557163 -0.793766 2.357571 3.082418 3.402540 -1.006235 174.431824 -178.190155 179.787949 1.047182 3.562619 1.330928 0.927691 3.521006 -0.266765 4.366559 2.580733 -0.086643 179.999985 -179.758194 179.114929 180.000000 -179.717896 179.083313 177.313965 -179.767120 179.472961 6.661576 -0.689910 0.003957 9.292391 -3.712325 79.981529 177.214737 177.434814 179.901001 177.300354 179.857468 177.355194 48.838009 40.034798 9.479178 0.000107 0.000144 9.094852 0.000054 0.000105 6.057180 0.000002 -0.000002 -0.000003 14.999967 -0.000070 31.035042 0.000001 -0.000060 25.392307 0.000018 -0.000038 17.774620 0.000002 -0.000002 -0.000003 179.999985 -179.999969 -142.867966 0.000004 -0.000043 37.132057 0.000012 -0.000010 24.729925 0.000002 -0.000002 -0.000003 169.999832 -179.999527 -145.942856 0.000117 -0.000493 34.057152 0.000242 -0.000233 22.682060 0.000002 -0.000002 -0.000003 159.999954 -179.999863 -159.682587 0.000003 -0.000217 30.476116 0.000074 -0.000110 20.297113 176.518951 -178.595535 179.342850 169.102692 -170.658432 101.764778 171.659286 172.753357 177.554260 6.690335 6.861066 2.843526 123.603584 125.718910 162.820160 179.999863 179.999969 174.243729 179.999924 179.999985 176.166306 0.000000 -0.000002 0.000000 165.000137 179.999832 152.645676 0.000176 0.000078 -22.380810 0.000137 0.000003 -15.666574 0.000000 -0.000002 0.000000 179.999954 -179.999878 144.740891 179.999878 -179.999939 144.740891 179.999924 179.999985 156.517426 0.000000 -0.000002 0.000000 10.000017 0.000022 -33.419243 0.000023 0.000018 -33.419231 0.000013 0.000003 -22.257217 0.000000 -0.000002 0.000000 20.000008 0.000103 -25.151825 0.000085 0.000137 -37.727760 0.000099 0.000043 -25.126686
-133.477371 179.042740 27.016214 82.925156 -179.640305 176.363571 177.031570 -177.442490 -178.039825 3.313342 9.404327 -3.072748 3.767388 -5.184891 0.882866 12.593994 -0.524806 2.454477 3.297257 2.992430 -0.980379 174.209396 -178.275864 179.775101 1.042900 3.511475 1.437890 0.926578 3.471875 -0.224675 4.356250 2.539245 -0.036203 179.999985 -179.693939 179.156082 179.999985 -179.642944 179.125946 177.329025 -179.713226 179.500336 6.676909 -0.685032 0.008332 9.346931 -3.783938 80.039139 177.375839 177.595352 179.985672 177.473007 179.930389 177.324921 48.834225 39.963612 9.276526 0.000058 0.000079 9.015321 0.000034 0.000058 6.004187 0.000000 -0.000000 0.000000 14.999997 -0.000009 31.068947 0.000003 -0.000018 25.420069 180.000000 -179.999985 -162.205948 0.000000 -0.000000 0.000000 0.000005 -0.000000 37.147854 0.000002 -0.000004 37.147858 0.000006 -0.000006 24.740480 0.000000 -0.000000 0.000000 169.999878 -179.999588 -145.774918 0.000104 -0.000427 34.225086 0.000216 -0.000188 22.793930 0.000000 -0.000000 0.000000 160.000000 -179.999878 -159.631760 0.000017 -0.000166 30.552399 0.000059 -0.000099 20.347891 176.559769 -178.608200 179.347931 169.345520 -170.954971 101.202156 171.948853 172.760345 177.645782 6.709638 6.803749 2.740678 123.324081 125.816139 162.643005 179.999939 179.999985 174.286865 179.999969 179.999985 176.195038 0.000000 -0.000000 0.000000 165.000092 179.999847 152.570969 0.000131 0.000076 -22.441938 0.000102 0.000011 -15.709353 0.000000 -0.000000 0.000000 179.999924 -179.999832 144.773956 179.999847 -179.999893 144.773972 179.999878 179.999985 156.539459 0.000000 -0.000000 0.000000 9.999993 0.000023 -33.430035 0.000035 0.000026 -33.430038 0.000020 0.000003 -22.264402 0.000000 -0.000000 0.000000 19.999996 0.000067 -25.201206 0.000035 0.000077 -37.801807 0.000051 0.000024 -25.175987
-133.648300 179.067413 26.996216 82.922646 -179.679337 176.261581 176.546234 -177.926208 -178.062195 3.670259 8.594340 -2.882823 3.958477 -4.880817 0.809391 12.789847 -0.312277 2.548025 3.339021 2.642835 -0.963855 173.988831 -178.348343 179.759476 1.034655 3.461183 1.535414 0.924082 3.423457 -0.188953 4.340190 2.499157 0.005723 180.000000 -179.623825 179.197464 0.000000 -0.438872 -0.831198 177.312805 -179.653946 179.528320 6.695236 -0.682125 0.015198 9.383037 -3.862837 80.100616 177.518799 177.797821 -179.922165 177.648224 179.929062 177.257950 48.781509 39.909916 9.067076 0.000027 0.000034 8.951066 0.000011 0.000020 5.961427 0.000005 -0.000002 -0.000000 15.000002 0.000014 31.082954 180.000000 179.999985 -154.568497 179.999985 179.999985 -162.197952 0.000005 -0.000002 -0.000000 0.000003 0.000019 37.153870 0.000003 0.000021 37.153893 179.999985 179.999985 -155.255524 0.000005 -0.000002 -0.000000 169.999985 -179.999893 -145.548386 0.000045 -0.000119 34.451626 0.000070 -0.000051 22.944794 0.000005 -0.000002 -0.000000 160.000015 -179.999939 -159.576813 0.000014 -0.000084 30.634806 0.000046 -0.000055 20.402769 176.601395 -178.618103 179.353455 170.049240 -171.209579 100.600403 172.257965 172.319000 177.676529 6.720503 6.762058 2.638359 123.142326 125.912827 162.511490 179.999908 179.999985 174.300964 179.999954 179.999985 176.204453 180.000000 -180.000000 -180.000000 165.000076 179.999893 152.503845 0.000082 0.000058 -22.496851 0.000071 0.000008 -15.747806 180.000000 -180.000000 -180.000000 179.999893 -179.999725 144.827911 179.999756 -179.999832 144.827911 179.999802 180.000000 156.575378 180.000000 -180.000000 -180.000000 9.999977 -0.000106 -33.460289 179.999939 -179.999939 146.539719 179.999939 -179.999985 157.715454 180.000000 -180.000000 -180.000000 19.999992 -0.000029 -25.235897 179.999985 -179.999985 142.146133 179.999985 -179.999985 154.789322
-133.807556 179.087021 26.967386 82.929306 -179.725128 176.175903 176.559479 -178.331741 -178.097885 3.498933 7.869661 -2.708193 4.159111 -4.614541 0.720057 12.813360 -0.134250 2.632666 3.339737 2.353544 -0.955701 173.971054 -178.397873 179.741776 1.026540 3.411866 1.623202 0.920259 3.375889 -0.160007 4.318763 2.460685 0.038616 180.000000 -179.550919 179.235809 0.000002 -0.523933 -0.791494 177.261612 -179.591949 179.554825 6.715902 -0.680408 0.024524 9.513684 -3.945976 80.149414 177.632187 178.079529 -179.822174 177.825195 179.852982 177.166504 48.614403 39.811447 8.775318 0.000011 0.000006 8.913319 0.000005 0.000010 5.936263 0.000002 -0.000002 -0.000000 15.000032 0.000062 31.084612 179.999985 179.999939 -154.567139 179.999985 179.999969 -162.197006 0.000002 -0.000002 -0.000000 0.000023 0.000067 37.151699 179.999985 179.999939 -142.848297 179.999985 179.999985 -155.256958 0.000002 -0.000002 -0.000000 170.000000 -179.999985 -145.465286 0.000006 -0.000025 34.534710 0.000016 -0.000008 23.000109 0.000002 -0.000002 -0.000000 160.000000 -179.999985 -159.531616 180.000000 179.999985 -149.297424 180.000000 179.999985 -159.552078 176.642166 -178.625305 179.359436 169.798660 -171.528671 100.142059 172.778549 172.864243 177.885208 6.714175 6.797611 2.536495 122.847702 126.013672 162.325043 179.999969 -179.999985 174.347427 179.999985 179.999985 176.235397 0.000000 -0.000000 0.000000 165.000015 179.999985 152.445053 0.000027 0.000023 -22.544971 0.000020 0.000006 -15.781465 0.000000 -0.000000 0.000000 179.999847 -179.999557 144.932739 179.999619 -179.999725 144.932709 179.999695 -179.999985 156.645187 0.000000 -0.000000 0.000000 10.000040 0.000199 -33.377525 0.000140 0.000139 -33.377506 0.000127 0.000027 -22.229429 0.000000 -0.000000 0.000000 20.000004 -0.000009 -25.225250 179.999985 179.999985 142.162109 180.000000 -179.999985 154.799973
-133.956650 179.102280 26.939667 82.948082 -179.776688 176.106644 176.421860 -178.694290 -178.147034 3.332933 7.221392 -2.533280 4.486794 -4.391706 0.612116 13.334055 -0.036054 2.692883 2.368356 2.148045 -0.940120 174.413467 -178.410995 179.717117 1.018141 3.363827 1.701655 0.915153 3.329517 -0.138022 4.292255 2.424085 0.062309 180.000000 -179.475372 179.270920 179.999985 -179.387955 179.244888 177.180862 -179.527435 179.579880 6.738402 -0.679223 0.035390 9.574274 -4.033883 80.213165 177.748688 178.214539 -179.746216 177.970016 179.910400 177.095398 48.418224 39.813652 8.535740 0.000002 -0.000000 8.886681 0.000002 0.000003 5.918514 0.000000 0.000002 0.000000 15.000023 0.000069 31.035351 179.999985 179.999939 -154.607437 179.999985 179.999969 -162.225220 0.000000 0.000002 0.000000 0.000004 0.000040 37.093239 179.999985 179.999969 -142.906784 179.999985 179.999985 -155.295914 0.000000 0.000002 0.000000 170.000000 179.999985 -145.435150 0.000003 0.000010 34.564842 179.999985 179.999985 -156.979813 0.000000 0.000002 0.000000 160.000015 179.999969 -159.526001 179.999985 179.999969 -149.289017 179.999985 179.999985 -159.546478 176.681244 -178.630112 179.365723 169.741837 -171.819931 99.685890 173.333069 173.232620 178.074539 6.725735 6.840375 2.439635 122.600937 126.147621 162.152481 179.999985 180.000000 174.369598 179.999985 180.000000 176.250137 0.000002 0.000002 0.000002 165.000015 179.999969 152.429230 0.000036 0.000030 -22.557886 0.000026 0.000009 -15.790528 0.000002 0.000002 0.000002 179.999863 -179.999481 145.156265 179.999588 -179.999649 145.156250 179.999649 -179.999969 156.794067 0.000002 0.000002 0.000002 9.999971 -0.000194 -33.530190 179.999878 -179.999847 146.469818 179.999878 -179.999985 157.668900 0.000002 0.000002 0.000002 20.000006 -0.000045 -25.227533 179.999985 -179.999939 142.158691 179.999969 -179.999985 154.797699
-134.076782 179.113907 26.938995 82.979668 -179.832047 176.053009 176.808762 -178.980682 -178.201584 2.934682 6.648623 -2.371796 4.501640 -4.178422 0.535699 13.820722 0.019554 2.732049 1.883738 1.996997 -0.927856 174.388351 -178.425323 179.726959 1.010090 3.317482 1.771647 0.908985 3.284744 -0.122893 4.261524 2.389632 0.077031 180.000000 -179.397079 179.303452 0.000002 -0.703405 -0.721428 177.075714 -179.460373 179.603882 6.761902 -0.677629 0.046940 9.639368 -4.123618 80.283066 177.846085 178.335052 -179.680084 178.086395 179.951172 177.022568 48.170670 39.857811 8.297290 180.000000 180.000000 -171.127090 180.000000 -180.000000 -174.090622 180.000000 -180.000000 180.000000 15.000019 0.000044 30.940546 179.999985 179.999969 -154.684998 179.999985 179.999985 -162.279510 180.000000 -180.000000 180.000000 0.000004 0.000017 37.041695 180.000000 179.999985 -142.958313 179.999985 179.999985 -155.330231 180.000000 -180.000000 180.000000 170.000000 179.999985 -145.448471 179.999985 179.999985 -145.448486 180.000000 180.000000 -156.988693 180.000000 -180.000000 180.000000 160.000015 179.999985 -159.557877 180.000000 179.999969 -149.336807 179.999985 179.999985 -159.578308 176.717041 -178.633438 179.372177 169.576752 -172.101562 99.271202 173.944885 173.696060 178.287735 6.788237 6.903230 2.351986 122.398407 126.308502 162.032120 180.000000 -179.999985 174.389496 0.000000 0.000000 -3.736592 0.000003 0.000000 -0.000003 165.000015 -179.999985 152.394257 179.999985 -179.999985 157.413483 179.999985 -179.999985 164.189423 0.000003 0.000000 -0.000003 179.999939 -179.999649 145.516739 179.999756 -179.999756 145.516739 179.999771 -179.999969 157.034149 0.000003 0.000000 -0.000003 9.999988 -0.000138 -33.398727 179.999908 -179.999893 146.601288 179.999924 -179.999985 157.756439 0.000003 0.000000 -0.000003 20.000013 0.000229 -25.163692 0.000155 0.000307 -37.745564 0.000212 0.000100 -25.138527
-134.180664 179.123657 26.941645 83.013611 -179.893600 176.005142 177.643417 -179.219421 -178.262161 2.051338 6.110359 -2.216610 4.547148 -3.976496 0.450912 14.031324 0.079417 2.761497 1.670815 1.848957 -0.917401 174.365219 -178.439957 179.742218 1.002814 3.270454 1.838607 0.902056 3.239315 -0.110999 4.227622 2.355210 0.087329 179.999954 -179.315613 179.338531 179.999969 -179.201523 179.314896 176.961166 -179.390457 179.629120 6.784170 -0.680084 0.062270 9.778700 -4.215837 80.343826 177.968063 178.255371 -179.639740 178.144440 -179.775055 176.973969 47.866325 39.908714 8.011834 179.999985 179.999985 -171.139801 180.000000 -180.000000 -174.099121 180.000000 180.000000 179.999985 15.000045 0.000371 30.804647 179.999893 179.999725 -154.796158 179.999847 179.999847 -162.357346 180.000000 180.000000 179.999985 180.000000 179.999878 -143.053131 179.999939 179.999893 -143.053116 179.999939 179.999985 -155.393402 180.000000 180.000000 179.999985 170.000015 179.999771 -145.497467 179.999893 179.999847 -145.497452 179.999863 179.999954 -157.021301 180.000000 180.000000 179.999985 159.999985 179.999573 -159.609787 179.999725 179.999420 -149.414658 179.999649 179.999771 -159.630142 176.749969 -178.634598 179.380585 169.448166 -172.382370 98.854691 174.566757 174.212585 178.499176 6.886885 7.019855 2.263926 122.238144 126.462807 161.969086 0.000428 0.000228 -5.583152 0.000307 0.000121 -3.718399 0.000002 -0.000003 -0.000000 164.999847 -179.999298 152.410538 179.999619 -179.999557 157.426804 179.999634 -179.999802 164.198776 0.000002 -0.000003 -0.000000 179.999680 -179.997559 146.042633 179.998383 -179.998154 146.042633 179.998413 -179.999588 157.384399 0.000002 -0.000003 -0.000000 9.999906 -0.001762 -33.255665 179.998947 -179.998611 146.744385 179.998901 -179.999588 157.851761 0.000002 -0.000003 -0.000000 20.000025 -0.001967 -25.425928 179.998749 -179.997314 141.861130 179.998260 -179.999115 154.599533
-134.280380 179.130997 26.925451 83.080269 -179.947937 175.979401 177.695633 -179.471527 -178.325668 1.424352 5.640510 -2.074730 5.081628 -3.836177 0.315522 13.763790 0.098910 2.786409 1.775769 1.822157 -0.917841 174.466660 -178.411423 179.763489 0.989156 3.232663 1.892368 0.895253 3.202834 -0.111508 4.195396 2.328968 0.082380 179.999985 -179.232437 179.365723 179.999985 -179.104523 179.343048 176.807022 -179.318985 179.651276 6.802001 -0.685500 0.080742 9.705564 -4.308038 80.451881 177.988617 178.577011 -179.571365 178.220505 179.898361 176.856445 47.689259 40.061783 7.906015 180.000000 179.999985 -171.151901 0.000002 -0.000003 5.892838 0.000000 -0.000002 0.000000 14.999993 0.000167 30.667994 179.999924 179.999878 -154.908005 179.999908 179.999939 -162.435608 0.000000 -0.000002 0.000000 179.999985 179.999924 -143.097626 179.999954 179.999969 -143.097626 179.999969 -180.000000 -155.423004 0.000000 -0.000002 0.000000 169.999954 179.999878 -145.576935 179.999893 179.999908 -145.576965 179.999924 179.999985 -157.074249 0.000000 -0.000002 0.000000 159.999863 179.999710 -159.740967 179.999680 179.999664 -149.611450 179.999710 179.999908 -159.761246 176.772537 -178.629120 179.392883 169.326599 -172.614532 98.493126 175.255173 174.479904 178.720764 7.042016 7.025576 2.201866 122.266068 126.668198 162.039413 0.000531 0.000395 -5.600262 0.000380 0.000229 -3.729756 180.000000 -180.000000 -179.999985 164.999878 -179.999359 152.455154 179.999649 -179.999573 157.463272 179.999680 -179.999832 164.224304 180.000000 -180.000000 -179.999985 179.999695 -179.997498 146.178391 179.998352 -179.998093 146.178375 179.998383 -179.999557 157.474808 180.000000 -180.000000 -179.999985 9.999890 -0.001709 -33.153790 179.998962 -179.998627 146.846252 179.998932 -179.999603 157.919601 180.000000 -180.000000 -179.999985 19.999979 -0.001419 -25.279978 179.999069 -179.998077 142.080017 179.998749 -179.999374 154.745300
-134.367401 179.137939 26.905519 83.158241 -179.994843 175.961609 177.935928 -179.701843 -178.375229 0.969115 5.206059 -1.937955 5.241195 -3.690790 0.209951 13.370688 0.096946 2.813137 2.231142 1.847569 -0.925791 174.330276 -178.375793 179.796997 0.975702 3.198335 1.941927 0.888231 3.169648 -0.114681 4.162861 2.305456 0.074192 179.999985 -179.151703 179.385757 180.000000 -179.010315 179.363815 176.642166 -179.249344 179.669449 6.823282 -0.683441 0.093650 9.719482 -4.395767 80.555038 177.997299 178.875305 -179.511688 178.259842 179.613480 176.758331 47.505726 40.181328 7.795490 0.000003 -0.000012 8.846263 180.000000 -179.999985 -174.108383 0.000003 -0.000002 -0.000003 15.000009 0.000043 30.561203 179.999985 179.999985 -154.995407 179.999985 179.999985 -162.496796 0.000003 -0.000002 -0.000003 179.999985 179.999985 -143.136566 179.999985 179.999985 -143.136566 179.999985 -179.999985 -155.448944 0.000003 -0.000002 -0.000003 169.999985 179.999969 -145.645844 179.999954 179.999985 -145.645859 179.999985 -180.000000 -157.120148 0.000003 -0.000002 -0.000003 159.999924 179.999863 -159.888947 179.999786 179.999863 -149.833359 179.999832 179.999985 -159.909042 176.794510 -178.625824 179.403549 169.167755 -172.822906 98.161064 175.992981 174.887253 178.967178 7.203722 7.156359 2.162637 122.348251 126.713440 162.020752 0.000482 0.000349 -5.662161 0.000342 0.000199 -3.771007 180.000000 -180.000000 180.000000 164.999969 -179.999817 152.521179 179.999893 -179.999863 157.517334 179.999908 -179.999954 164.262131 180.000000 -180.000000 180.000000 179.999741 -179.998154 146.371078 179.998779 -179.998581 146.371109 179.998810 -179.999680 157.603134 180.000000 -180.000000 180.000000 9.999863 -0.001560 -33.040188 179.999039 -179.998764 146.959824 179.999008 -179.999664 157.995239 180.000000 -180.000000 180.000000 19.999937 -0.001852 -25.220953 179.998734 -179.997528 142.168564 179.998322 -179.999207 154.804260
-134.442810 179.144882 26.882700 83.238625 179.965271 175.948639 177.842636 -179.926666 -178.410553 1.289025 4.803875 -1.804473 4.954061 -3.540252 0.136508 12.226869 0.132086 2.843855 3.612873 1.887168 -0.941839 174.016083 -178.341629 179.837753 0.967120 3.168165 1.987389 0.882309 3.140595 -0.120279 4.135443 2.285263 0.063427 179.999985 -179.073456 179.399597 179.999985 -178.919037 179.378143 176.468216 -179.181641 179.684265 6.849090 -0.673972 0.099234 9.926971 -4.479391 80.638153 178.001144 179.057724 -179.470139 178.229172 179.685303 176.722610 47.446415 40.328705 7.814373 0.000010 -0.000020 8.842839 0.000009 -0.000007 5.889328 0.000000 -0.000000 0.000003 15.000019 -0.000018 30.494759 0.000038 -0.000003 24.950228 180.000000 179.999985 -162.534836 0.000000 -0.000000 0.000003 0.000046 -0.000040 36.815212 0.000059 0.000005 36.815205 0.000020 0.000026 24.518946 0.000000 -0.000000 0.000003 170.000015 180.000000 -145.686691 0.000012 -0.000007 34.313313 0.000003 -0.000002 22.852661 0.000000 -0.000000 0.000003 160.000000 179.999985 -160.028244 179.999969 179.999985 -150.042328 179.999985 -179.999985 -160.048203 176.813812 -178.621216 179.416397 169.100540 -172.998138 97.844444 176.748215 175.192947 179.210342 7.379570 7.269102 2.143048 121.507126 126.669983 161.740936 0.005575 0.006104 -5.340527 0.004099 0.003672 -3.556808 0.000002 0.000002 0.000000 165.000000 -179.999908 152.541183 179.999954 -179.999924 157.533691 179.999954 -179.999985 164.273590 0.000002 0.000002 0.000000 179.999817 -179.998672 146.525543 179.999130 -179.998978 146.525497 179.999146 -179.999756 157.706009 0.000002 0.000002 0.000000 9.999840 -0.001533 -32.936882 179.999039 -179.998779 147.063065 179.999023 -179.999664 158.064026 0.000002 0.000002 0.000000 19.999920 -0.001308 -25.064297 179.999084 -179.998260 142.403549 179.998810 -179.999466 154.960754
-134.519104 179.151184 26.858070 83.317154 179.932251 175.938995 177.086990 179.828156 -178.442383 2.517391 4.420053 -1.680039 4.420546 -3.395951 0.084010 12.644105 0.066754 2.831501 2.571965 1.972760 -0.890768 174.563889 -178.273621 179.831879 0.963932 3.142873 2.028662 0.878497 3.116437 -0.128292 4.118231 2.268912 0.050423 179.999985 -178.997055 179.407104 0.000021 -1.170106 -0.614095 176.286545 -179.115402 179.695709 6.875417 -0.661906 0.101665 10.009374 -4.561384 80.743027 178.001999 179.098541 -179.448349 178.196091 179.679840 176.691757 47.402714 40.381016 7.810762 0.000013 -0.000034 8.847281 0.000008 -0.000021 5.892309 180.000000 180.000000 -179.999985 15.000088 -0.000042 30.484873 0.000076 0.000010 24.942150 0.000042 0.000025 17.459511 180.000000 180.000000 -179.999985 0.000083 -0.000026 36.830708 0.000096 0.000029 36.830677 0.000049 0.000047 24.529230 180.000000 180.000000 -179.999985 170.000061 -179.999969 -145.706039 0.000056 0.000031 34.293968 0.000035 0.000035 22.839787 180.000000 180.000000 -179.999985 160.000046 -179.999985 -160.066605 0.000073 0.000007 29.900093 0.000043 0.000025 19.913448 176.830063 -178.613510 179.431641 169.102417 -173.145294 97.551147 177.512192 175.457718 179.449356 7.565219 7.443727 2.152398 123.192055 127.214157 161.933151 0.000129 0.000233 -6.253166 0.000104 0.000140 -4.164609 0.000000 -0.000002 -0.000002 165.000031 179.999817 152.568069 0.000109 0.000133 -22.444317 0.000112 0.000061 -15.711018 0.000000 -0.000002 -0.000002 179.999847 -179.999023 146.645508 179.999329 -179.999268 146.645508 179.999344 -179.999847 157.785889 0.000000 -0.000002 -0.000002 9.999855 -0.001120 -32.795742 179.999283 -179.999130 147.204285 179.999298 -179.999786 158.158035 0.000000 -0.000002 -0.000002 19.999855 -0.001465 -24.980791 179.998901 -179.998108 142.528809 179.998657 -179.999451 155.044174
-134.594269 179.155930 26.831097 83.392120 179.906143 175.932495 177.064819 179.646591 -178.479416 2.823596 4.117949 -1.559910 4.076030 -3.287708 0.021299 12.780162 0.029173 2.805110 1.875060 2.048128 -0.822107 175.053925 -178.212936 179.818298 0.966053 3.122334 2.066016 0.877080 3.097025 -0.138234 4.112260 2.256271 0.035902 0.000027 -1.078084 -0.593141 179.999985 -178.742233 179.385651 176.102692 -179.049927 179.702835 6.900403 -0.649978 0.103051 10.098244 -4.633989 80.845596 177.995316 179.122726 -179.428482 178.146378 179.679138 176.676666 47.461685 40.389885 7.887728 0.000018 -0.000060 8.855520 0.000015 -0.000044 5.897787 180.000000 179.999985 180.000000 15.000114 -0.000016 30.533148 0.000083 0.000026 24.981651 0.000035 0.000049 17.487173 180.000000 179.999985 180.000000 0.000134 -0.000025 36.866337 0.000116 0.000055 36.866325 0.000042 0.000078 24.552980 180.000000 179.999985 180.000000 170.000107 -179.999985 -145.683990 0.000108 0.000038 34.315987 0.000032 0.000070 22.854471 180.000000 179.999985 180.000000 160.000122 -179.999985 -160.063126 0.000185 0.000030 29.905300 0.000095 0.000067 19.916950 176.842575 -178.602661 179.448135 169.166992 -173.269745 97.282532 178.260056 175.530838 179.676590 7.764982 7.506573 2.175227 123.015602 127.084686 161.617798 0.000140 0.000245 -6.292532 0.000110 0.000156 -4.190794 0.000000 -0.000002 0.000000 165.000031 179.999847 152.547592 0.000085 0.000083 -22.461033 0.000081 0.000036 -15.722721 0.000000 -0.000002 0.000000 179.999847 -179.999313 146.746307 179.999481 -179.999527 146.746323 179.999542 -179.999924 157.853043 0.000000 -0.000002 0.000000 9.999779 -0.000958 -32.694450 179.999313 -179.999313 147.305573 179.999374 -179.999863 158.225494 0.000000 -0.000002 0.000000 19.999750 -0.001402 -24.856792 179.998779 -179.998276 142.714828 179.998642 -179.999573 155.168045
-134.684006 179.160950 26.796680 83.464027 179.886185 175.928604 177.041016 179.483322 -178.524368 2.647639 3.874407 -1.438283 4.217355 -3.222424 -0.072414 11.667629 0.076204 2.794299 2.146142 2.110789 -0.763662 175.829895 -178.146210 179.783066 0.970915 3.105687 2.100568 0.877848 3.081518 -0.148903 4.116861 2.246481 0.021248 0.000018 -1.150379 -0.600895 0.000022 -1.342104 -0.622363 175.922409 -178.986633 179.705566 6.925900 -0.636410 0.099982 10.189038 -4.690887 80.941376 177.989273 179.172516 -179.400604 178.088348 179.637589 176.671631 47.561314 40.364124 8.013813 0.000022 -0.000070 8.878649 0.000023 -0.000044 5.913183 0.000000 0.000002 0.000000 15.000113 -0.000009 30.594839 0.000095 0.000033 25.032156 0.000045 0.000046 17.522490 0.000000 0.000002 0.000000 0.000138 -0.000014 36.929050 0.000119 0.000075 36.929073 0.000043 0.000084 24.594767 0.000000 0.000002 0.000000 170.000137 -179.999985 -145.640991 0.000125 0.000058 34.359039 0.000031 0.000086 22.883108 0.000000 0.000002 0.000000 160.000168 -179.999985 -160.019440 0.000212 0.000053 29.970873 0.000105 0.000103 19.960596 176.847137 -178.588394 179.464920 169.265961 -173.381439 97.036583 178.990143 175.607681 179.901398 7.968062 7.488280 2.207761 122.647957 126.924179 160.982666 0.000018 0.000042 -6.383386 0.000016 0.000021 -4.251347 0.000000 0.000002 0.000000 165.000031 179.999908 152.531616 0.000062 0.000056 -22.474131 0.000055 0.000024 -15.731896 0.000000 0.000002 0.000000 179.999847 -179.999542 146.828094 179.999649 -179.999710 146.828049 179.999695 -179.999969 157.907486 0.000000 0.000002 0.000000 9.999803 -0.000675 -32.583286 179.999481 -179.999542 147.416687 179.999542 -179.999924 158.299515 0.000000 0.000002 0.000000 19.999725 -0.001117 -24.705984 179.998932 -179.998657 142.941025 179.998901 -179.999710 155.318710
-134.745102 179.166336 26.752413 83.533920 179.873184 175.926926 177.148483 179.354004 -178.566345 2.271112 3.679133 -1.320069 4.428605 -3.164612 -0.165628 11.981170 0.029974 2.783686 1.580846 2.196156 -0.701086 176.015533 -178.098068 179.763077 0.974908 3.092953 2.133253 0.880984 3.069878 -0.159563 4.132405 2.239531 0.007393 0.000023 -1.218443 -0.615311 0.000023 -1.421522 -0.637291 175.748962 -178.926712 179.704224 6.952157 -0.620280 0.091229 10.279269 -4.730185 81.027328 177.996445 179.185867 -179.369980 178.028976 179.568802 176.680389 47.660736 40.301731 8.129655 0.000028 -0.000072 8.906882 0.000025 -0.000041 5.931982 0.000000 -0.000000 0.000000 15.000097 0.000001 30.661526 0.000069 0.000027 25.086657 0.000034 0.000039 17.560678 0.000000 -0.000000 0.000000 0.000097 -0.000006 36.995308 0.000081 0.000049 36.995316 0.000024 0.000060 24.638866 0.000000 -0.000000 0.000000 170.000107 -179.999985 -145.581787 0.000084 0.000065 34.418240 0.000032 0.000053 22.922520 0.000000 -0.000000 0.000000 160.000168 -179.999985 -159.963196 0.000214 0.000066 30.055260 0.000095 0.000108 20.016785 176.841507 -178.570419 179.480957 169.377457 -173.485352 96.820045 179.686249 175.634018 -179.887146 8.167476 7.394736 2.245009 122.343330 126.731621 160.591354 0.000049 0.000102 -6.380147 0.000045 0.000067 -4.249164 0.000002 -0.000000 0.000002 165.000015 179.999954 152.515518 0.000036 0.000031 -22.487316 0.000036 0.000011 -15.741112 0.000002 -0.000000 0.000002 179.999695 -179.999161 146.841782 179.999283 -179.999466 146.841782 179.999405 -179.999969 157.916626 0.000002 -0.000000 0.000002 9.999831 -0.000495 -32.493938 179.999588 -179.999680 147.506088 179.999680 -179.999969 158.359055 0.000002 -0.000000 0.000002 19.999722 -0.000905 -24.566673 179.999069 -179.998932 143.149994 179.999069 -179.999817 155.457886
-134.793076 179.170990 26.705244 83.598656 179.867889 175.927628 176.867676 179.220520 -178.601105 2.339359 3.505783 -1.225892 4.586432 -3.111484 -0.243029 12.733713 -0.035139 2.782705 0.976783 2.281049 -0.650695 175.805603 -178.061218 179.758194 0.979443 3.084311 2.164521 0.886580 3.062226 -0.170153 4.159475 2.235502 -0.005418 0.000014 -1.282335 -0.635703 0.000010 -1.496053 -0.658411 175.584732 -178.870163 179.699158 6.977863 -0.601441 0.078591 10.370243 -4.756553 81.102669 178.011368 179.182831 -179.337723 177.966797 179.530045 176.709320 47.593914 40.193245 8.006991 0.000193 -0.000351 8.907704 0.000157 -0.000212 5.932557 0.000003 0.000002 -0.000003 15.000067 -0.000012 30.715658 0.000034 0.000027 25.130991 0.000031 0.000021 17.591682 0.000003 0.000002 -0.000003 0.000066 -0.000013 37.048561 0.000059 0.000027 37.048569 0.000021 0.000031 24.674345 0.000003 0.000002 -0.000003 170.000092 -179.999985 -145.533127 0.000069 0.000038 34.466858 0.000018 0.000054 22.954933 0.000003 0.000002 -0.000003 160.000153 -179.999985 -159.893997 0.000171 0.000046 30.159021 0.000085 0.000091 20.085892 176.826782 -178.548965 179.495163 169.518341 -173.577377 96.638092 0.346977 4.316402 0.298979 8.355848 7.314211 2.297925 121.919533 126.495934 159.947952 179.999985 -179.999969 173.569061 179.999985 -179.999985 175.716980 0.000000 -0.000000 0.000002 165.000015 179.999985 152.506210 0.000012 0.000009 -22.494915 0.000000 -0.000003 -15.746436 0.000000 -0.000000 0.000002 179.999985 -179.999924 147.032318 179.999954 -179.999969 147.032318 179.999954 -179.999985 158.043549 0.000000 -0.000000 0.000002 9.999895 -0.000267 -32.408268 179.999756 -179.999847 147.591751 179.999817 -179.999985 158.416107 0.000000 -0.000000 0.000002 19.999758 -0.000622 -24.417116 179.999283 -179.999298 143.374344 179.999344 -179.999908 155.607315
-134.851700 179.175430 26.659389 83.653374 179.869537 175.930557 176.174362 179.071732 -178.628525 2.767527 3.352257 -1.161523 4.804783 -3.076814 -0.312688 12.530019 -0.023061 2.802058 1.371413 2.339814 -0.627839 175.564972 -178.025940 179.759750 0.988343 3.079185 2.194636 0.894529 3.058194 -0.180358 4.197602 2.234019 -0.016980 0.000007 -1.342050 -0.661122 0.000016 -1.565718 -0.684757 175.432007 -178.816956 179.690811 7.002046 -0.579811 0.063750 10.421101 -4.773996 81.173431 178.042221 179.091919 -179.312958 177.914673 179.453918 176.744156 48.253284 40.287174 8.934510 0.000042 -0.000056 9.031540 0.000034 -0.000029 6.014996 180.000000 -180.000000 -179.999985 14.999984 -0.000006 30.757837 180.000000 179.999985 -154.834503 0.000006 -0.000005 17.615845 180.000000 -180.000000 -179.999985 0.000006 0.000002 37.083160 0.000008 0.000014 37.083149 180.000000 179.999985 -155.302612 180.000000 -180.000000 -179.999985 170.000031 -179.999985 -145.491150 0.000034 0.000016 34.508865 0.000005 0.000023 22.982910 180.000000 -180.000000 -179.999985 160.000076 -179.999985 -159.837158 0.000110 0.000029 30.244276 0.000051 0.000055 20.142681 176.804382 -178.524292 179.506622 169.612930 -173.667709 96.489807 0.954150 4.246511 0.463508 8.534502 7.159485 2.349338 121.806480 126.396515 159.835312 0.000041 0.000060 -6.408453 0.000033 0.000041 -4.268018 0.000000 -0.000000 0.000000 165.000015 179.999985 152.504074 0.000022 0.000013 -22.496656 0.000017 0.000004 -15.747650 0.000000 -0.000000 0.000000 0.000012 0.000026 -32.947605 0.000010 0.000003 -32.947567 0.000004 -0.000005 -21.943092 0.000000 -0.000000 0.000000 9.999973 -0.000058 -32.339779 179.999954 -179.999969 147.660217 179.999969 180.000000 158.461716 0.000000 -0.000000 0.000000 19.999840 -0.000338 -24.279808 179.999588 -179.999649 143.580261 179.999634 -179.999985 155.744476
-134.903351 179.179306 26.619514 83.694695 179.877243 175.935272 176.981857 179.028885 -178.641113 1.783427 3.293582 -1.094360 4.945657 -3.060783 -0.371034 12.382581 -0.003345 2.821768 1.584529 2.392717 -0.610748 175.463501 -177.988098 179.759308 1.004509 3.077231 2.223838 0.904565 3.057431 -0.189813 4.245326 2.234826 -0.026795 0.000016 -1.397739 -0.690922 0.000013 -1.630698 -0.715587 175.293549 -178.767059 179.679504 7.024558 -0.556009 0.046993 10.616264 -4.780040 81.212944 178.066391 179.097702 -179.278687 177.865616 179.408142 176.788025 48.299706 40.268089 9.056808 0.000027 -0.000028 9.075935 0.000020 -0.000018 6.044583 180.000000 180.000000 179.999985 15.000019 -0.000008 30.750393 0.000014 0.000000 25.159409 0.000005 0.000010 17.611584 180.000000 180.000000 179.999985 179.999985 -180.000000 -142.903290 179.999985 -179.999985 -142.903290 180.000000 -179.999985 -155.293594 180.000000 180.000000 179.999985 170.000000 -180.000000 -145.466583 0.000004 0.000011 34.533424 180.000000 180.000000 -157.000748 180.000000 180.000000 179.999985 160.000031 -179.999985 -159.793152 0.000046 0.000014 30.310272 0.000015 0.000025 20.186646 176.776627 -178.496216 179.514481 169.634598 -173.765259 96.369011 1.475766 4.068972 0.605393 8.714356 7.008165 2.409415 121.678726 126.258232 159.587097 179.999985 -179.999985 173.561005 180.000000 -179.999985 175.711624 0.000000 0.000000 -0.000002 165.000137 179.999802 152.522598 0.000180 0.000094 -22.481489 0.000136 0.000015 -15.737031 0.000000 0.000000 -0.000002 0.000046 0.000062 -32.947060 0.000055 0.000020 -32.947052 0.000049 -0.000003 -21.942747 0.000000 0.000000 -0.000002 10.000051 0.000067 -32.311462 0.000059 0.000017 -32.311462 0.000049 -0.000001 -21.519423 0.000000 0.000000 -0.000002 20.000019 0.000032 -24.159124 0.000028 0.000014 -36.238689 0.000021 0.000001 -24.134960
-134.966415 179.181793 26.579893 83.730400 179.890274 175.941406 176.213882 178.889801 -178.655563 2.319585 3.186469 -1.068368 5.146845 -3.051344 -0.418035 12.355729 0.023849 2.843553 1.945504 2.432135 -0.604448 175.099442 -177.957916 179.776672 1.020072 3.078405 2.252089 0.916205 3.059722 -0.198147 4.300586 2.237784 -0.034555 0.000014 -1.449607 -0.723574 0.000012 -1.691203 -0.749415 175.171188 -178.720322 179.666016 7.047402 -0.530413 0.030425 10.823600 -4.778468 81.236794 178.095856 179.127625 -179.241013 177.822021 179.369858 176.832291 48.372360 40.300236 9.204848 0.000010 -0.000008 9.106247 0.000008 -0.000004 6.064764 180.000000 180.000000 180.000000 14.999959 0.000014 30.780392 179.999969 -179.999985 -154.816055 179.999985 -179.999985 -162.371231 180.000000 180.000000 180.000000 179.999985 -179.999985 -142.912170 179.999985 -179.999985 -142.912140 179.999985 -179.999985 -155.299484 180.000000 180.000000 180.000000 170.000000 179.999985 -145.459778 179.999985 -179.999985 -145.459793 0.000002 -0.000009 23.003805 180.000000 180.000000 180.000000 160.000015 -179.999985 -159.769150 0.000005 0.000000 30.346291 0.000004 0.000004 20.210630 176.746124 -178.464935 179.518433 169.644012 -173.867813 96.267471 1.895511 3.876623 0.721190 8.898932 6.823370 2.472126 121.800262 126.245216 159.706253 179.999939 -179.999939 173.557373 179.999969 -179.999969 175.709229 0.000000 -0.000000 0.000000 165.000137 179.999847 152.454163 0.000162 0.000059 -22.537481 0.000122 -0.000007 -15.776244 0.000000 -0.000000 0.000000 0.000256 0.000285 -32.925900 0.000370 0.000098 -32.925934 0.000254 -0.000074 -21.928654 0.000000 -0.000000 0.000000 10.000140 0.000168 -32.311249 0.000225 0.000069 -32.311237 0.000145 -0.000033 -21.519304 0.000000 -0.000000 0.000000 20.000032 0.000048 -24.161297 0.000076 0.000032 -36.241955 0.000057 -0.000005 -24.137152
-135.031479 179.184067 26.536703 83.756233 179.908127 175.947678 176.101196 178.794022 -178.663376 2.229658 3.124269 -1.038140 5.327993 -3.054471 -0.459312 12.387261 0.053539 2.858457 1.348695 2.478536 -0.585231 175.645889 -177.905350 179.751114 1.040225 3.082010 2.279706 0.929230 3.064527 -0.204427 4.362184 2.242258 -0.039129 180.000000 -178.502411 179.241989 0.000010 -1.747183 -0.785093 175.064285 -178.676910 179.651001 7.071036 -0.502696 0.015823 10.872781 -4.775396 81.266479 178.149750 179.036575 -179.211777 177.792618 179.249893 176.858444 48.427761 40.335701 9.304247 180.000000 179.999985 -170.880493 180.000000 -180.000000 -173.926422 180.000000 -179.999985 -179.999985 14.999961 -0.000002 30.738430 179.999985 -179.999985 -154.850372 179.999985 -179.999985 -162.395279 180.000000 -179.999985 -179.999985 179.999985 180.000000 -142.926758 179.999985 -179.999985 -142.926758 180.000000 -179.999985 -155.309219 180.000000 -179.999985 -179.999985 170.000000 -180.000000 -145.466766 179.999985 -179.999985 -145.466766 0.000001 -0.000012 22.999149 180.000000 -179.999985 -179.999985 160.000000 179.999985 -159.764679 180.000000 -179.999985 -149.647018 180.000000 180.000000 -159.784912 176.713409 -178.431396 179.517319 170.170456 -173.943314 96.123993 2.207615 4.185171 0.831871 9.055572 6.607075 2.536514 122.000267 126.365738 160.044815 0.000026 0.000024 -6.402561 0.000020 0.000014 -4.264104 180.000000 -179.999985 -180.000000 165.000137 179.999893 152.370636 0.000129 0.000017 -22.605837 0.000092 -0.000017 -15.824090 180.000000 -179.999985 -180.000000 0.000234 0.000191 -33.077133 0.000297 0.000033 -33.077141 0.000172 -0.000100 -22.029381 180.000000 -179.999985 -180.000000 10.000125 0.000107 -32.400841 0.000164 0.000012 -32.400818 0.000100 -0.000049 -21.578960 180.000000 -179.999985 -180.000000 20.000050 0.000047 -24.182644 0.000089 0.000025 -36.273952 0.000054 -0.000023 -24.158468
-135.085815 179.186325 26.495260 83.776344 179.929276 175.953339 175.931091 178.699509 -178.666168 2.378424 3.069420 -1.013889 5.332970 -3.056419 -0.487202 12.427599 0.088633 2.880837 1.274120 2.506525 -0.578987 175.666809 -177.875320 179.752869 1.061957 3.087156 2.306945 0.943513 3.070872 -0.207700 4.429184 2.247432 -0.039405 0.000001 -1.541311 -0.793834 0.000009 -1.798193 -0.822193 174.972351 -178.637115 179.634644 7.091703 -0.473330 0.001737 11.174253 -4.764625 81.244896 178.180679 179.175049 -179.157532 177.761185 179.169296 176.877045 48.507637 40.402702 9.415627 180.000000 179.999985 -170.881943 180.000000 180.000000 -173.927368 0.000000 0.000003 0.000002 14.999968 0.000004 30.699665 179.999985 -179.999985 -154.882080 180.000000 -179.999985 -162.417465 0.000000 0.000003 0.000002 179.999985 179.999985 -142.942017 179.999985 -179.999985 -142.942017 179.999985 -179.999985 -155.319397 0.000000 0.000003 0.000002 170.000000 179.999985 -145.480408 179.999985 -179.999985 -145.480408 179.999985 -179.999985 -157.009949 0.000000 0.000003 0.000002 160.000015 -179.999985 -159.768677 179.999985 179.999985 -149.653000 179.999985 -179.999985 -159.788895 176.678604 -178.396912 179.509674 170.700485 -174.028305 95.996399 2.441805 4.472044 0.916053 9.143710 6.355740 2.597560 122.313309 126.455734 160.375320 180.000000 -180.000000 173.578033 180.000000 -179.999985 175.722961 0.000003 -0.000000 0.000005 165.000244 179.999893 152.299301 0.000209 -0.000002 -22.664211 0.000129 -0.000061 -15.864953 0.000003 -0.000000 0.000005 0.000188 0.000087 -33.242371 0.000218 -0.000026 -33.242374 0.000108 -0.000092 -22.139427 0.000003 -0.000000 0.000005 10.000165 0.000076 -32.485081 0.000179 -0.000015 -32.485069 0.000097 -0.000070 -21.635077 0.000003 -0.000000 0.000005 20.000130 0.000062 -24.202286 0.000219 0.000029 -36.303417 0.000122 -0.000079 -24.178087
-135.130005 179.188370 26.454193 83.791527 179.951965 175.958145 176.109055 178.638062 -178.662231 2.430942 3.039760 -0.987976 5.089809 -3.055369 -0.498707 12.569315 0.117980 2.907831 1.054262 2.531276 -0.572877 175.736221 -177.848648 179.749344 1.085191 3.092926 2.333556 0.958256 3.077800 -0.208007 4.498293 2.252612 -0.035683 180.000000 -178.419159 179.170288 0.000010 -1.844331 -0.859356 174.896835 -178.600906 179.617615 7.109366 -0.443199 -0.012215 11.249836 -4.756922 81.243225 178.243851 179.104614 -179.120667 177.735214 179.065002 176.877045 48.560459 40.466839 9.481728 179.999985 179.999985 -170.892273 179.999985 179.999985 -173.934250 0.000002 -0.000002 -0.000000 14.999978 -0.000002 30.653185 179.999985 -179.999985 -154.920120 179.999985 -179.999985 -162.444077 0.000002 -0.000002 -0.000000 179.999985 -180.000000 -142.981140 179.999985 180.000000 -142.981140 180.000000 -179.999985 -155.345444 0.000002 -0.000002 -0.000000 170.000000 180.000000 -145.498962 179.999985 -179.999985 -145.498962 179.999985 -180.000000 -157.022308 0.000002 -0.000002 -0.000000 160.000000 179.999985 -159.780182 179.999985 -180.000000 -149.670303 0.000002 -0.000011 20.199587 176.644821 -178.362320 179.496155 171.151260 -174.131409 95.894020 2.599207 4.664224 0.966350 9.157629 6.060374 2.647257 122.534279 126.575661 160.673172 0.000023 0.000018 -6.413402 0.000020 0.000011 -4.271350 0.000000 0.000002 0.000000 165.000214 179.999939 152.100113 0.000164 -0.000035 -22.827177 0.000106 -0.000067 -15.979021 0.000000 0.000002 0.000000 0.000155 0.000049 -33.410618 0.000153 -0.000047 -33.410614 0.000068 -0.000081 -22.251459 0.000000 0.000002 0.000000 10.000116 0.000034 -32.635166 0.000118 -0.000026 -32.635147 0.000049 -0.000057 -21.735012 0.000000 0.000002 0.000000 20.000090 0.000031 -24.331928 0.000150 -0.000019 -36.497902 0.000074 -0.000068 -24.307608
-135.181946 179.190033 26.398798 83.806686 179.974945 175.962158 176.010590 178.578751 -178.673630 1.596257 3.060026 -0.943642 6.012218 -3.109878 -0.586365 12.265965 0.179045 2.950865 1.438083 2.545016 -0.579450 175.647400 -177.827377 179.750992 1.105222 3.099494 2.359835 0.973861 3.085479 -0.207594 4.571357 2.258259 -0.030713 0.000026 -1.619843 -0.867021 0.000025 -1.889817 -0.897989 174.824783 -178.565186 179.599609 7.127125 -0.412341 -0.025882 11.267706 -4.748422 81.244370 178.316696 178.994049 -179.084808 177.705109 179.012589 176.881241 48.657967 40.622211 9.621757 179.999863 179.999924 -170.912720 179.999908 179.999969 -173.947891 0.000000 -0.000000 0.000000 14.999846 0.000051 30.579779 179.999863 -179.999969 -154.980179 179.999924 -179.999939 -162.486130 0.000000 -0.000000 0.000000 179.999863 179.999969 -143.044662 179.999878 -179.999939 -143.044724 179.999969 -179.999924 -155.387756 0.000000 -0.000000 0.000000 169.999771 179.999954 -145.495483 179.999786 -179.999908 -145.495499 179.999924 -179.999863 -157.020020 0.000000 -0.000000 0.000000 159.999863 179.999985 -159.804108 179.999802 -179.999985 -149.706192 179.999893 -179.999939 -159.824310 176.611725 -178.325714 179.480972 171.377365 -174.239441 95.817421 2.762802 4.620143 1.001149 9.153264 5.741028 2.705740 122.924797 126.708817 161.056976 0.000078 0.000040 -6.455517 0.000056 0.000017 -4.299387 0.000000 -0.000003 0.000000 165.001343 179.999985 151.719971 0.000978 -0.000506 -23.138212 0.000491 -0.000591 -16.196741 0.000000 -0.000003 0.000000 0.002188 0.000027 -33.624672 0.001826 -0.001201 -33.624649 0.000568 -0.001338 -22.394028 0.000000 -0.000003 0.000000 10.001443 0.000020 -32.806976 0.001212 -0.000768 -32.806942 0.000393 -0.000865 -21.849457 0.000000 -0.000003 0.000000 20.001305 0.000015 -24.480850 0.001784 -0.000783 -36.721294 0.000631 -0.001121 -24.456415
-135.237366 179.191208 26.347303 83.823235 179.997299 175.966400 175.443405 178.495667 -178.679901 2.115757 3.049117 -0.922657 6.045345 -3.139206 -0.616340 12.089356 0.258744 3.004797 3.069383 2.510481 -0.604120 174.181702 -177.845810 179.809998 1.123644 3.104786 2.384450 0.987673 3.091710 -0.202834 4.635251 2.262195 -0.020651 0.000050 -1.651403 -0.899743 0.000060 -1.926659 -0.931890 174.785812 -178.536179 179.583191 7.143721 -0.381704 -0.037077 11.425602 -4.742949 81.213478 178.365753 179.022278 -179.043640 177.671677 179.014389 176.860123 48.727688 40.710155 9.665030 179.999924 179.999969 -170.949295 179.999954 179.999985 -173.972244 0.000003 0.000002 -0.000005 14.999922 0.000010 30.516148 179.999924 -179.999985 -155.032257 179.999969 -179.999985 -162.522568 0.000003 0.000002 -0.000005 179.999939 179.999985 -143.090378 179.999939 -179.999985 -143.090378 179.999985 -179.999969 -155.418198 0.000003 0.000002 -0.000005 169.999939 179.999985 -145.592697 179.999939 -179.999985 -145.592743 179.999985 -179.999969 -157.084763 0.000003 0.000002 -0.000005 159.999924 179.999985 -159.846741 179.999878 -179.999985 -149.770096 179.999939 -179.999954 -159.866867 176.587692 -178.293106 179.457764 171.337982 -174.417557 95.805862 2.753133 4.414946 0.957122 9.073569 5.279969 2.694307 123.134857 126.758560 161.248123 179.999893 -179.999969 173.518555 179.999924 -179.999985 175.683380 0.000002 0.000002 0.000002 165.000565 -179.999954 151.541489 0.000369 -0.000266 -23.284235 0.000174 -0.000278 -16.298977 0.000002 0.000002 0.000002 0.001842 -0.000201 -33.825802 0.001404 -0.001212 -33.825832 0.000341 -0.001188 -22.527969 0.000002 0.000002 0.000002 10.002233 -0.000272 -32.839790 0.001728 -0.001443 -32.839817 0.000437 -0.001432 -21.871298 0.000002 0.000002 0.000002 20.001049 -0.000153 -24.618435 0.001364 -0.000851 -36.927681 0.000377 -0.001008 -24.593834
-135.306442 179.192322 26.269058 83.838478 -179.980927 175.970993 174.751343 178.401657 -178.681931 2.763906 3.042170 -0.901404 6.075761 -3.179882 -0.656712 12.263817 0.307974 3.032399 1.427241 2.519140 -0.561906 175.642319 -177.784546 179.704605 1.145644 3.108756 2.408713 0.999968 3.096723 -0.196148 4.692220 2.264782 -0.008573 0.000020 -1.679853 -0.930010 0.000019 -1.959810 -0.963219 174.762344 -178.510117 179.567566 7.159287 -0.351498 -0.047938 11.593040 -4.739383 81.178001 178.396698 179.163818 -178.996765 177.646622 178.942230 176.815338 48.728054 40.760143 9.618591 179.999969 179.999985 -170.986633 179.999985 179.999985 -173.997116 0.000000 -0.000000 0.000000 14.999965 0.000026 30.476677 179.999985 -179.999985 -155.064560 179.999985 -179.999985 -162.545181 0.000000 -0.000000 0.000000 179.999985 179.999985 -143.126129 179.999985 -180.000000 -143.126129 0.000006 -0.000020 24.558001 0.000000 -0.000000 0.000000 170.000000 179.999985 -145.627548 179.999985 -179.999985 -145.627563 179.999985 -179.999985 -157.107925 0.000000 -0.000000 0.000000 159.999969 179.999985 -159.882751 179.999939 179.999985 -149.824066 179.999969 -179.999985 -159.902832 176.567062 -178.264023 179.431305 171.225952 -174.627411 95.818558 2.662840 4.148777 0.878654 8.953941 4.843129 2.659600 123.263443 126.809814 161.390091 179.999741 -179.999954 173.511429 179.999832 -179.999985 175.678619 0.000000 0.000000 -0.000003 165.000397 -179.999908 151.474533 0.000259 -0.000224 -23.339008 0.000090 -0.000217 -16.337328 0.000000 0.000000 -0.000003 0.001479 -0.000336 -34.030300 0.001033 -0.001112 -34.030289 0.000162 -0.001001 -22.664177 0.000000 0.000000 -0.000003 10.001830 -0.000443 -33.095482 0.001282 -0.001377 -33.095448 0.000215 -0.001228 -22.041578 0.000000 0.000000 -0.000003 20.000858 -0.000220 -24.753426 0.001011 -0.000838 -37.130142 0.000199 -0.000862 -24.728662
-135.360611 179.193756 26.210854 83.860962 -179.960968 175.976013 174.629990 178.345825 -178.684982 2.837639 3.065075 -0.862804 6.102906 -3.226491 -0.698291 12.718990 0.339335 3.080286 1.521300 2.503306 -0.565313 175.075348 -177.777451 179.708099 1.163754 3.110954 2.432305 1.010504 3.099747 -0.187791 4.740808 2.265755 0.005073 0.000017 -1.704735 -0.956360 0.000023 -1.988883 -0.990518 174.752701 -178.487411 179.553741 7.174407 -0.322211 -0.059094 11.508208 -4.744442 81.178856 178.446381 179.121872 -178.971283 177.604401 179.056229 176.785217 48.863605 40.954636 9.680248 180.000000 180.000000 -171.075470 0.000002 -0.000003 5.943724 0.000003 0.000000 -0.000003 15.000071 -0.000012 30.433796 0.000057 0.000022 24.900362 0.000024 0.000023 17.430277 0.000003 0.000000 -0.000003 0.000084 -0.000023 36.840847 0.000070 0.000039 36.840832 0.000014 0.000050 24.535988 0.000003 0.000000 -0.000003 170.000092 -179.999985 -145.662842 0.000097 0.000036 34.337132 0.000050 0.000059 22.868515 0.000003 0.000000 -0.000003 160.000031 -179.999985 -159.931625 0.000014 -0.000014 30.102556 0.000014 0.000018 20.048313 176.550461 -178.239258 179.402588 170.936935 -174.862686 95.862030 2.516401 3.760115 0.771209 8.801215 4.379173 2.583489 123.343353 126.862869 161.525650 179.999664 -179.999985 173.526825 179.999786 179.999985 175.688889 0.000005 0.000003 0.000002 165.000458 -179.999847 151.440628 0.000271 -0.000281 -23.366751 0.000089 -0.000261 -16.356724 0.000005 0.000003 0.000002 0.001152 -0.000393 -34.221043 0.000736 -0.000987 -34.221085 0.000039 -0.000816 -22.791229 0.000005 0.000003 0.000002 10.000809 -0.000303 -33.420128 0.000512 -0.000709 -33.420113 0.000040 -0.000577 -22.257797 0.000005 0.000003 0.000002 20.000648 -0.000280 -24.882641 0.000721 -0.000780 -37.323952 0.000066 -0.000695 -24.857748
-135.398666 179.195419 26.159212 83.976471 -179.927719 175.974579 175.016479 178.363739 -178.593063 2.317842 3.172474 -0.880334 6.115632 -3.263703 -0.752590 13.032864 0.391329 3.059233 1.624300 2.483596 -0.489691 174.549164 -177.769531 179.699570 1.154520 3.099395 2.456310 0.994561 3.088094 -0.174910 4.664838 2.255384 0.016705 0.000031 -1.699525 -0.937493 0.000063 -1.982792 -0.970995 174.816666 -178.493317 179.563004 7.210071 -0.311605 -0.090826 11.440033 -4.784769 81.282196 178.366699 179.111008 -179.006256 177.546982 178.622452 176.736267 48.614140 40.672665 9.329638 180.000000 179.999985 -171.051743 180.000000 179.999985 -174.040466 0.000003 0.000000 -0.000002 15.000220 -0.000140 30.417257 0.000200 -0.000014 24.886808 0.000145 0.000044 17.420771 0.000003 0.000000 -0.000002 0.000193 -0.000138 36.829731 0.000239 0.000006 36.829727 0.000126 0.000098 24.528591 0.000003 0.000000 -0.000002 170.000214 -179.999832 -145.675995 0.000282 -0.000023 34.323967 0.000153 0.000100 22.859766 0.000003 0.000000 -0.000002 160.000107 -179.999924 -159.953476 0.000197 -0.000085 30.069757 0.000145 0.000018 20.026464 176.587311 -178.276184 179.390106 170.164703 -175.212921 96.022270 2.137045 3.468018 0.599849 8.461239 3.830837 2.124304 124.398918 126.987900 162.634537 179.999313 179.999802 173.496078 179.999557 179.999832 175.668381 0.000000 -0.000000 0.000000 165.002686 179.999619 151.494522 0.002073 -0.000786 -23.322641 0.001114 -0.001080 -16.325859 0.000000 -0.000000 0.000000 0.003390 0.000445 -34.311825 0.003070 -0.001529 -34.311825 0.001098 -0.002002 -22.851685 0.000000 -0.000000 0.000000 10.003377 0.000471 -33.441582 0.003064 -0.001487 -33.441559 0.001153 -0.001952 -22.272100 0.000000 -0.000000 0.000000 20.002941 0.000437 -24.898741 0.004282 -0.001303 -37.348095 0.001725 -0.002414 -24.873842
-135.482162 179.193481 26.100245 83.821075 -179.929047 176.008286 173.993958 178.178879 -178.763748 3.682094 2.994623 -0.737348 5.947200 -3.263696 -0.790198 13.452850 0.418699 3.246109 2.100933 2.504219 -0.724430 173.809525 -177.717178 179.769745 1.211028 3.133720 2.471408 1.061204 3.124845 -0.177242 4.977065 2.282262 0.033274 0.000001 -1.777897 -1.042784 0.000003 -2.074195 -1.080030 174.651550 -178.419647 179.509628 7.177310 -0.245761 -0.059637 11.674841 -4.673779 80.980675 178.778168 178.640564 -178.854126 177.665771 178.974854 176.607544 47.944057 40.162773 8.639778 180.000000 -179.999985 -170.933395 0.000002 -0.000002 6.038353 0.000002 0.000002 -0.000005 14.999987 0.000009 30.496778 180.000000 -179.999985 -155.048111 0.000003 -0.000005 17.466320 0.000002 0.000002 -0.000005 179.999985 180.000000 -143.092621 179.999985 -179.999985 -143.092651 0.000001 -0.000012 24.580320 0.000002 0.000002 -0.000005 170.000000 -179.999985 -145.571564 179.999985 -180.000000 -145.571548 180.000000 -179.999985 -157.070648 0.000002 0.000002 -0.000005 160.000000 179.999985 -159.898804 179.999985 -179.999985 -149.848251 179.999985 -179.999985 -159.918915 176.438385 -178.125168 179.327545 171.614822 -175.175735 95.767532 2.326077 4.228527 0.690445 8.744229 2.934817 2.603842 121.833557 126.620331 160.333710 179.999969 179.999985 173.786453 179.999985 179.999985 175.861771 0.000005 0.000000 -0.000003 165.000397 -179.999664 151.182312 0.000137 -0.000390 -23.578096 179.999985 -179.999710 163.495331 0.000005 0.000000 -0.000003 0.000666 -0.000633 -34.655609 0.000170 -0.000911 -34.655602 179.999756 -179.999451 156.919342 0.000005 0.000000 -0.000003 10.000497 -0.000524 -33.804661 0.000112 -0.000710 -33.804607 179.999802 -179.999573 157.486115 0.000005 0.000000 -0.000003 20.001251 -0.001586 -25.062832 0.000645 -0.002955 -37.594250 179.999130 -179.998169 154.962234
-135.544998 179.193619 26.021635 83.887146 -179.942047 175.989349 173.608246 178.129364 -178.755203 3.668446 2.999079 -0.663250 6.282796 -3.316719 -0.841779 13.861753 0.386761 3.314425 1.224678 2.527192 -0.737670 174.211411 -177.690948 179.770126 1.204136 3.115998 2.494919 1.061343 3.107307 -0.153574 4.975170 2.265735 0.062378 180.000000 -178.215515 178.949570 0.000005 -2.081901 -1.087954 174.710159 -178.414139 179.503876 7.193233 -0.216899 -0.063452 11.690678 -4.694878 80.982414 178.762726 178.731110 -178.854340 177.666275 179.051590 176.530670 47.942390 40.183781 8.635833 0.000006 -0.000007 9.059522 0.000005 -0.000000 6.033631 0.000000 -0.000000 0.000000 14.999985 0.000002 30.506395 179.999985 179.999985 -155.040237 0.000011 -0.000021 17.471836 0.000000 -0.000000 0.000000 179.999985 179.999985 -143.078125 180.000000 -179.999985 -143.078125 180.000000 -179.999985 -155.410019 0.000000 -0.000000 0.000000 169.999985 179.999985 -145.560593 179.999985 180.000000 -145.560608 0.000006 -0.000022 22.936630 0.000000 -0.000000 0.000000 160.000000 179.999985 -159.886627 179.999985 -180.000000 -149.829956 179.999985 -179.999985 -159.906754 176.477615 -178.123657 179.286667 171.346832 -175.417969 95.807800 1.991751 4.141325 0.540008 8.416750 2.255013 2.419308 121.912170 126.521156 160.395401 179.999954 179.999969 173.792679 179.999985 179.999969 175.865921 0.000000 -0.000000 0.000003 165.000183 -179.999756 151.096832 0.000038 -0.000247 -23.648052 179.999954 -179.999847 163.446365 0.000000 -0.000000 0.000003 0.000331 -0.000548 -34.805099 179.999954 -179.999344 145.194885 179.999741 -179.999664 156.819809 0.000000 -0.000000 0.000003 10.000237 -0.000470 -33.926712 179.999954 -179.999481 146.073288 179.999786 -179.999741 157.404831 0.000000 -0.000000 0.000003 20.000208 -0.000516 -25.553043 179.999939 -179.999176 141.670456 179.999619 -179.999588 154.472519
-135.607407 179.194153 25.943148 83.964996 -179.945740 175.979584 173.104126 178.078659 -178.757690 3.703496 3.032475 -0.600314 6.676232 -3.381709 -0.899484 14.565540 0.379477 3.397134 0.963186 2.503456 -0.751973 173.691803 -177.687607 179.770630 1.198180 3.098846 2.515520 1.057517 3.090240 -0.131395 4.955077 2.249821 0.088601 180.000000 -178.212051 178.946304 0.000005 -2.085926 -1.091324 174.772629 -178.411530 179.500397 7.213669 -0.190762 -0.071797 11.686563 -4.755654 81.033775 178.695541 178.833282 -178.890900 177.631775 179.096802 176.454544 47.978947 40.188793 8.649090 0.000007 -0.000004 9.047295 0.000006 -0.000011 6.025521 0.000000 -0.000000 0.000000 14.999967 0.000028 30.526772 179.999985 -180.000000 -155.023560 179.999985 -179.999985 -162.516495 0.000000 -0.000000 0.000000 179.999985 179.999985 -143.049362 179.999985 -179.999985 -143.049362 179.999985 -179.999985 -155.390884 0.000000 -0.000000 0.000000 170.000000 -179.999985 -145.540390 180.000000 -179.999985 -145.540405 179.999985 179.999985 -157.049896 0.000000 -0.000000 0.000000 160.000000 -179.999985 -159.875687 179.999985 -179.999985 -149.813568 0.000007 0.000000 20.104179 176.520813 -178.131409 179.246719 170.875732 -175.743225 95.891083 1.588595 3.845248 0.360689 8.048292 1.829241 2.223509 122.125534 126.539093 160.656006 179.999924 179.999908 173.804962 179.999954 179.999939 175.874100 180.000000 -180.000000 180.000000 165.000076 -179.999908 151.023163 0.000007 -0.000101 -23.708321 179.999985 -179.999939 163.404160 180.000000 -180.000000 180.000000 0.000696 -0.001268 -34.807453 179.999847 -179.998566 145.192535 179.999359 -179.999283 156.818237 180.000000 -180.000000 180.000000 10.000132 -0.000284 -34.049122 179.999939 -179.999680 145.950897 179.999847 -179.999847 157.323288 180.000000 -180.000000 180.000000 20.000097 -0.000368 -25.687498 179.999924 -179.999466 141.468735 179.999725 -179.999756 154.338196
-135.664917 179.195007 25.869322 84.050400 -179.938370 175.977890 172.647690 178.027237 -178.757706 3.832881 3.076086 -0.554084 6.918421 -3.440417 -0.955603 14.689191 0.429479 3.462031 1.367250 2.456871 -0.747352 173.083893 -177.692368 179.742981 1.194386 3.084695 2.534377 1.051942 3.076147 -0.111990 4.926961 2.236498 0.111071 180.000000 -178.210098 178.947968 0.000003 -2.088233 -1.089603 174.826080 -178.410400 179.500092 7.234081 -0.168517 -0.087110 11.648101 -4.802332 81.088730 178.638062 178.935364 -178.916580 177.558777 179.109924 176.389694 48.029045 40.193096 8.654076 0.000001 -0.000000 9.024667 0.000002 -0.000002 6.010432 0.000002 0.000000 -0.000003 14.999967 0.000013 30.577139 179.999969 -180.000000 -154.982330 179.999985 -179.999985 -162.487640 0.000002 0.000000 -0.000003 179.999985 179.999985 -143.019058 179.999985 179.999985 -143.019028 179.999985 -179.999985 -155.370682 0.000002 0.000000 -0.000003 170.000000 179.999985 -145.533127 0.000005 0.000004 34.466854 0.000003 -0.000001 22.954935 0.000002 0.000000 -0.000003 160.000000 179.999985 -159.873367 0.000009 0.000001 30.189959 0.000003 -0.000002 20.106512 176.537628 -178.146500 179.216019 170.150223 -176.192810 96.047791 1.087535 3.227208 0.129117 7.674380 1.467508 1.970493 122.267899 126.465408 160.870148 179.999954 179.999924 173.848953 179.999985 179.999939 175.903412 180.000000 180.000000 179.999985 165.000061 -179.999908 150.998154 0.000009 -0.000078 -23.728771 179.999985 -179.999954 163.389847 180.000000 180.000000 179.999985 0.000114 -0.000240 -35.292477 179.999969 -179.999725 144.707520 179.999878 -179.999878 156.495209 180.000000 180.000000 179.999985 10.000040 -0.000147 -34.146816 179.999969 -179.999863 145.853180 179.999924 -179.999939 157.258209 180.000000 180.000000 179.999985 20.000025 -0.000184 -25.799673 179.999939 -179.999710 141.300476 179.999847 -179.999878 154.226120
-135.715240 179.196487 25.800684 84.140015 -179.922256 175.980667 171.789078 177.938019 -178.754501 4.346845 3.084454 -0.556984 7.171246 -3.477677 -0.993686 14.524746 0.490398 3.506418 1.847965 2.427155 -0.735880 172.683578 -177.691498 179.716141 1.190970 3.073177 2.552071 1.045703 3.064660 -0.095077 4.896060 2.225551 0.130457 180.000000 -178.209076 178.955124 180.000000 -177.910583 178.917786 174.871399 -178.410263 179.503235 7.255355 -0.149410 -0.108175 11.592194 -4.833639 81.136742 178.595520 179.044235 -178.917908 177.469604 179.100433 176.344452 48.053680 40.202744 8.649800 179.999985 -179.999985 -170.991989 179.999985 180.000000 -174.000656 0.000003 0.000003 0.000000 14.999951 0.000008 30.632841 179.999985 -179.999985 -154.936768 179.999985 -179.999985 -162.455734 0.000003 0.000003 0.000000 180.000000 179.999985 -142.991089 179.999985 179.999985 -142.991104 179.999985 180.000000 -155.352066 0.000003 0.000003 0.000000 170.000000 -179.999985 -145.529099 0.000002 -0.000004 34.470879 0.000004 0.000004 22.957605 0.000003 0.000003 0.000000 160.000000 -180.000000 -159.871216 180.000000 180.000000 -149.806839 0.000005 0.000008 20.108650 176.538254 -178.165436 179.192780 169.560791 -176.547150 96.177933 0.677538 2.758521 -0.058623 7.329988 1.130848 1.656241 122.180771 126.541725 160.832474 179.999908 179.999863 173.863251 179.999954 179.999908 175.912918 180.000000 180.000000 -179.999985 165.000015 -179.999954 150.961823 180.000000 -179.999954 156.241486 180.000000 -179.999985 163.369034 180.000000 180.000000 -179.999985 0.000046 -0.000123 -35.387688 179.999985 -179.999863 144.612320 179.999939 -179.999939 156.431808 180.000000 180.000000 -179.999985 10.000017 -0.000043 -34.210281 179.999985 -179.999939 145.789764 179.999985 -179.999985 157.215958 180.000000 180.000000 -179.999985 20.000015 -0.000105 -25.876411 179.999954 -179.999863 141.185410 179.999924 -179.999954 154.149475
-135.756668 179.197830 25.743919 84.230278 -179.897095 175.988373 172.296204 177.906219 -178.721100 3.641374 3.126410 -0.555399 7.279069 -3.510648 -1.018508 14.048777 0.561483 3.546246 2.732073 2.428257 -0.737999 172.190353 -177.682709 179.709518 1.188828 3.063473 2.567538 1.038746 3.054959 -0.081360 4.862311 2.216423 0.145659 179.999985 -178.209732 178.968735 180.000000 -177.911346 178.931900 174.909592 -178.411804 179.510391 7.278711 -0.130222 -0.129599 11.533780 -4.852236 81.180206 178.568130 179.152267 -178.900665 177.401276 179.081635 176.324295 48.053684 40.176521 8.666623 179.999969 -179.999985 -170.976196 179.999985 -179.999985 -173.990158 180.000000 -179.999985 180.000000 14.999961 -0.000015 30.717926 179.999985 -179.999985 -154.867142 179.999985 -179.999985 -162.406998 180.000000 -179.999985 180.000000 180.000000 -179.999985 -142.974319 0.000001 0.000002 37.025665 0.000003 -0.000002 24.659103 180.000000 -179.999985 180.000000 170.000000 -179.999985 -145.542847 0.000004 0.000002 34.457138 0.000004 0.000003 22.948460 180.000000 -179.999985 180.000000 160.000015 180.000000 -159.864700 0.000003 0.000010 30.202957 0.000014 0.000001 20.115166 176.540344 -178.188263 179.174789 169.195557 -176.769653 96.262344 0.387535 2.521070 -0.191006 7.053321 0.875794 1.314347 122.106613 126.644012 160.874466 179.999893 179.999847 173.905899 179.999939 179.999893 175.941330 180.000000 -179.999985 -179.999985 165.000015 -179.999985 150.940262 180.000000 -179.999985 156.223846 0.000002 -0.000013 -16.643299 180.000000 -179.999985 -179.999985 0.000017 -0.000042 -35.461838 179.999985 -179.999954 144.538193 179.999985 -179.999985 156.382431 180.000000 -179.999985 -179.999985 9.999993 0.000009 -34.241859 0.000000 0.000011 -34.241871 0.000002 0.000006 -22.805080 180.000000 -179.999985 -179.999985 20.000000 -0.000022 -25.939253 179.999985 -179.999969 141.091125 179.999985 -179.999985 154.086685
-135.814209 179.197159 25.660416 84.350044 -179.850723 176.007904 172.890564 177.818726 -178.663696 2.915798 3.144390 -0.574628 7.291340 -3.553587 -1.051698 13.842718 0.621828 3.568021 2.872471 2.474613 -0.705438 172.145370 -177.636780 179.667450 1.183025 3.054741 2.581764 1.029625 3.046045 -0.066480 4.818202 2.207750 0.161918 0.000002 -1.788104 -1.008011 179.999985 -177.913895 178.955978 174.946930 -178.415070 179.523331 7.312803 -0.104150 -0.159564 11.440827 -4.816350 81.203514 178.595261 179.266296 -178.831802 177.360809 179.060669 176.326935 48.141357 40.035442 8.812973 180.000000 179.999985 -170.904861 0.000000 0.000002 6.057364 0.000000 -0.000000 0.000000 14.999999 -0.000002 30.865271 0.000002 -0.000008 25.253414 180.000000 180.000000 -162.322632 0.000000 -0.000000 0.000000 180.000000 -179.999985 -142.974182 0.000003 -0.000002 37.025810 179.999985 179.999985 -155.340805 0.000000 -0.000000 0.000000 170.000000 -180.000000 -145.577530 180.000000 179.999985 -145.577530 0.000006 -0.000005 22.925360 0.000000 -0.000000 0.000000 160.000000 -179.999985 -159.922821 0.000001 0.000003 30.115759 180.000000 179.999985 -159.942902 176.544083 -178.220993 179.154999 168.768402 -177.036835 96.367065 0.034679 2.196819 -0.355037 6.804549 0.627773 0.868544 121.899002 126.778008 160.896301 180.000000 180.000000 174.004959 180.000000 -179.999985 176.007294 0.000002 0.000003 -0.000003 165.000000 -179.999985 150.924164 0.000006 0.000006 -23.789316 180.000000 -179.999985 163.347488 0.000002 0.000003 -0.000003 0.000001 0.000003 -35.501686 180.000000 179.999985 144.498306 180.000000 -179.999985 156.355865 0.000002 0.000003 -0.000003 9.999993 -0.000007 -34.228935 0.000001 0.000008 -34.228943 180.000000 -179.999985 157.203506 0.000002 0.000003 -0.000003 19.999998 0.000002 -25.963633 180.000000 -179.999985 141.054565 179.999985 -179.999985 154.062332
