HIERARCHY
ROOT Hips
{
    OFFSET 0.000000 97.120003 0.000000
    CHANNELS 6 Xposition Yposition Zposition Yrotation Xrotation Zrotation
    JOINT RightUpLeg
    {
        OFFSET -11.000000 -0.000000 0.000000
        CHANNELS 3 Yrotation Xrotation Zrotation
        JOINT RightLeg
        {
            OFFSET 0.000000 -45.062000 0.000000
            CHANNELS 3 Yrotation Xrotation Zrotation
            JOINT RightFoot
            {
                OFFSET 0.000000 -42.057999 0.000000
                CHANNELS 3 Yrotation Xrotation Zrotation
                End Site
                {
                    OFFSET 0.000000 -10.000000 15.120000
                }
            }
        }
    }
    JOINT LeftUpLeg
    {
        OFFSET 11.000000 -0.000000 0.000000
        CHANNELS 3 Yrotation Xrotation Zrotation
        JOINT LeftLeg
        {
            OFFSET 0.000000 -45.062000 0.000000
            CHANNELS 3 Yrotation Xrotation Zrotation
            JOINT LeftFoot
            {
                OFFSET 0.000000 -42.057999 0.000000
                CHANNELS 3 Yrotation Xrotation Zrotation
                End Site
                {
                    OFFSET 0.000000 -10.000000 15.120000
                }
            }
        }
    }
    JOINT Spine
    {
        OFFSET 0.000000 8.120000 0.000000
        CHANNELS 3 Yrotation Xrotation Zrotation
        JOINT Spine1
        {
            OFFSET 0.000000 17.980000 0.000000
            CHANNELS 3 Yrotation Xrotation Zrotation
            JOINT Spine2
            {
                OFFSET 0.000000 12.760000 0.000000
                CHANNELS 3 Yrotation Xrotation Zrotation
                JOINT Neck
                {
                    OFFSET 0.000000 19.139999 0.000000
                    CHANNELS 3 Yrotation Xrotation Zrotation
                    JOINT Neck1
                    {
                        OFFSET 0.000000 4.250000 0.000000
                        CHANNELS 3 Yrotation Xrotation Zrotation
                        JOINT Head
                        {
                            OFFSET 0.000000 4.250000 0.000000
                            CHANNELS 3 Yrotation Xrotation Zrotation
                            End Site
                            {
                                OFFSET 0.000000 19.120001 0.000000
                            }
                        }
                    }
                }
                JOINT RightShoulder
                {
                    OFFSET -2.900000 13.340000 0.000000
                    CHANNELS 3 Yrotation Xrotation Zrotation
                    JOINT RightArm
                    {
                        OFFSET -16.100000 0.000000 0.000000
                        CHANNELS 3 Yrotation Xrotation Zrotation
                        JOINT RightForeArm
                        {
                            OFFSET -28.000000 0.000000 0.000000
                            CHANNELS 3 Yrotation Xrotation Zrotation
                            JOINT RightHand
                            {
                                OFFSET -26.000000 0.000000 0.000000
                                CHANNELS 3 Yrotation Xrotation Zrotation
                                JOINT RightHandThumb1
                                {
                                    OFFSET -1.937000 -0.484000 2.518000
                                    CHANNELS 3 Yrotation Xrotation Zrotation
                                    JOINT RightHandThumb2
                                    {
                                        OFFSET -3.872000 0.000000 0.000000
                                        CHANNELS 3 Yrotation Xrotation Zrotation
                                        JOINT RightHandThumb3
                                        {
                                            OFFSET -2.690000 0.000000 0.000000
                                            CHANNELS 3 Yrotation Xrotation Zrotation
                                            End Site
                                            {
                                                OFFSET -2.537000 0.000000 0.000000
                                            }
                                        }
                                    }
                                }
                                JOINT RightInHandIndex
                                {
                                    OFFSET -3.389000 0.535000 2.080000
                                    CHANNELS 3 Yrotation Xrotation Zrotation
                                    JOINT RightHandIndex1
                                    {
                                        OFFSET -5.485000 -0.096000 1.051000
                                        CHANNELS 3 Yrotation Xrotation Zrotation
                                        JOINT RightHandIndex2
                                        {
                                            OFFSET -3.806000 0.000000 0.000000
                                            CHANNELS 3 Yrotation Xrotation Zrotation
                                            JOINT RightHandIndex3
                                            {
                                                OFFSET -2.158000 0.000000 0.000000
                                                CHANNELS 3 Yrotation Xrotation Zrotation
                                                End Site
                                                {
                                                    OFFSET -1.898000 0.000000 0.000000
                                                }
                                            }
                                        }
                                    }
                                }
                                JOINT RightInHandMiddle
                                {
                                    OFFSET -3.556000 0.544000 0.796000
                                    CHANNELS 3 Yrotation Xrotation Zrotation
                                    JOINT RightHandMiddle1
                                    {
                                        OFFSET -5.441000 -0.088000 0.330000
                                        CHANNELS 3 Yrotation Xrotation Zrotation
                                        JOINT RightHandMiddle2
                                        {
                                            OFFSET -4.153000 0.000000 0.000000
                                            CHANNELS 3 Yrotation Xrotation Zrotation
                                            JOINT RightHandMiddle3
                                            {
                                                OFFSET -2.603000 0.000000 0.000000
                                                CHANNELS 3 Yrotation Xrotation Zrotation
                                                End Site
                                                {
                                                    OFFSET -2.076000 0.000000 0.000000
                                                }
                                            }
                                        }
                                    }
                                }
                                JOINT RightInHandRing
                                {
                                    OFFSET -3.539000 0.566000 -0.136000
                                    CHANNELS 3 Yrotation Xrotation Zrotation
                                    JOINT RightHandRing1
                                    {
                                        OFFSET -4.873000 -0.023000 -0.504000
                                        CHANNELS 3 Yrotation Xrotation Zrotation
                                        JOINT RightHandRing2
                                        {
                                            OFFSET -3.619000 0.000000 0.000000
                                            CHANNELS 3 Yrotation Xrotation Zrotation
                                            JOINT RightHandRing3
                                            {
                                                OFFSET -2.511000 0.000000 0.000000
                                                CHANNELS 3 Yrotation Xrotation Zrotation
                                                End Site
                                                {
                                                    OFFSET -1.952000 0.000000 0.000000
                                                }
                                            }
                                        }
                                    }
                                }
                                JOINT RightInHandPinky
                                {
                                    OFFSET -3.324000 0.494000 -1.264000
                                    CHANNELS 3 Yrotation Xrotation Zrotation
                                    JOINT RightHandPinky1
                                    {
                                        OFFSET -4.354000 -0.023000 -1.147000
                                        CHANNELS 3 Yrotation Xrotation Zrotation
                                        JOINT RightHandPinky2
                                        {
                                            OFFSET -2.898000 0.000000 0.000000
                                            CHANNELS 3 Yrotation Xrotation Zrotation
                                            JOINT RightHandPinky3
                                            {
                                                OFFSET -1.831000 0.000000 0.000000
                                                CHANNELS 3 Yrotation Xrotation Zrotation
                                                End Site
                                                {
                                                    OFFSET -1.730000 0.000000 0.000000
                                                }
                                            }
                                        }
                                    }
                                }
                            }
                        }
                    }
                }
                JOINT LeftShoulder
                {
                    OFFSET 2.900000 13.340000 0.000000
                    CHANNELS 3 Yrotation Xrotation Zrotation
                    JOINT LeftArm
                    {
                        OFFSET 16.100000 0.000000 0.000000
                        CHANNELS 3 Yrotation Xrotation Zrotation
                        JOINT LeftForeArm
                        {
                            OFFSET 28.000000 0.000000 0.000000
                            CHANNELS 3 Yrotation Xrotation Zrotation
                            JOINT LeftHand
                            {
                                OFFSET 26.000000 0.000000 0.000000
                                CHANNELS 3 Yrotation Xrotation Zrotation
                                JOINT LeftHandThumb1
                                {
                                    OFFSET 1.937000 -0.484000 2.518000
                                    CHANNELS 3 Yrotation Xrotation Zrotation
                                    JOINT LeftHandThumb2
                                    {
                                        OFFSET 3.872000 0.000000 0.000000
                                        CHANNELS 3 Yrotation Xrotation Zrotation
                                        JOINT LeftHandThumb3
                                        {
                                            OFFSET 2.690000 0.000000 0.000000
                                            CHANNELS 3 Yrotation Xrotation Zrotation
                                            End Site
                                            {
                                                OFFSET 2.537000 0.000000 0.000000
                                            }
                                        }
                                    }
                                }
                                JOINT LeftInHandIndex
                                {
                                    OFFSET 3.389000 0.535000 2.080000
                                    CHANNELS 3 Yrotation Xrotation Zrotation
                                    JOINT LeftHandIndex1
                                    {
                                        OFFSET 5.485000 -0.096000 1.051000
                                        CHANNELS 3 Yrotation Xrotation Zrotation
                                        JOINT LeftHandIndex2
                                        {
                                            OFFSET 3.806000 0.000000 0.000000
                                            CHANNELS 3 Yrotation Xrotation Zrotation
                                            JOINT LeftHandIndex3
                                            {
                                                OFFSET 2.158000 0.000000 0.000000
                                                CHANNELS 3 Yrotation Xrotation Zrotation
                                                End Site
                                                {
                                                    OFFSET 1.898000 0.000000 0.000000
                                                }
                                            }
                                        }
                                    }
                                }
                                JOINT LeftInHandMiddle
                                {
                                    OFFSET 3.556000 0.544000 0.796000
                                    CHANNELS 3 Yrotation Xrotation Zrotation
                                    JOINT LeftHandMiddle1
                                    {
                                        OFFSET 5.441000 -0.088000 0.330000
                                        CHANNELS 3 Yrotation Xrotation Zrotation
                                        JOINT LeftHandMiddle2
                                        {
                                            OFFSET 4.153000 0.000000 0.000000
                                            CHANNELS 3 Yrotation Xrotation Zrotation
                                            JOINT LeftHandMiddle3
                                            {
                                                OFFSET 2.603000 0.000000 0.000000
                                                CHANNELS 3 Yrotation Xrotation Zrotation
                                                End Site
                                                {
                                                    OFFSET 2.076000 0.000000 0.000000
                                                }
                                            }
                                        }
                                    }
                                }
                                JOINT LeftInHandRing
                                {
                                    OFFSET 3.539000 0.566000 -0.136000
                                    CHANNELS 3 Yrotation Xrotation Zrotation
                                    JOINT LeftHandRing1
                                    {
                                        OFFSET 4.873000 -0.023000 -0.504000
                                        CHANNELS 3 Yrotation Xrotation Zrotation
                                        JOINT LeftHandRing2
                                        {
                                            OFFSET 3.619000 0.000000 0.000000
                                            CHANNELS 3 Yrotation Xrotation Zrotation
                                            JOINT LeftHandRing3
                                            {
                                                OFFSET 2.511000 0.000000 0.000000
                                                CHANNELS 3 Yrotation Xrotation Zrotation
                                                End Site
                                                {
                                                    OFFSET 1.952000 0.000000 0.000000
                                                }
                                            }
                                        }
                                    }
                                }
                                JOINT LeftInHandPinky
                                {
                                    OFFSET 3.324000 0.494000 -1.264000
                                    CHANNELS 3 Yrotation Xrotation Zrotation
                                    JOINT LeftHandPinky1
                                    {
                                        OFFSET 4.354000 -0.023000 -1.147000
                                        CHANNELS 3 Yrotation Xrotation Zrotation
                                        JOINT LeftHandPinky2
                                        {
                                            OFFSET 2.898000 0.000000 0.000000
                                            CHANNELS 3 Yrotation Xrotation Zrotation
                                            JOINT LeftHandPinky3
                                            {
                                                OFFSET 1.831000 0.000000 0.000000
                                                CHANNELS 3 Yrotation Xrotation Zrotation
                                                End Site
                                                {
                                                    OFFSET 1.730000 0.000000 0.000000
                                                }
                                            }
                                        }
                                    }
                                }
                            }
                        }
                    }
                }
            }
        }
    }
}
MOTION
Frames: 525
Frame Time: 0.011111
0.000000 97.119995 0.000000 0.000000 0.000000 0.000000 0.000000 0.000000 0.000000 0.000000 0.000000 0.000000 0.000000 0.000000 0.000000 0.000000 0.000000 0.000000 0.000000 0.000000 0.000000 0.000000 0.000000 0.000000 0.000000 0.000000 0.000000 0.000000 0.000000 0.000000 0.000000 0.000000 0.000000 0.000000 0.000000 0.000000 0.000000 0.000000 0.000000 0.000000 0.000000 0.000000 0.000000 0.000000 0.000000 0.000000 0.000000 0.000000 0.000000 0.000000 0.000000 0.000000 0.000000 0.000000 0.000000 0.000000 0.000000 0.000000 0.000000 0.000000 0.000000 0.000000 0.000000 0.000000 0.000000 0.000000 0.000000 0.000000 0.000000 0.000000 0.000000 0.000000 0.000000 0.000000 0.000000 0.000000 0.000000 0.000000 0.000000 0.000000 0.000000 0.000000 0.000000 0.000000 0.000000 0.000000 0.000000 0.000000 0.000000 0.000000 0.000000 0.000000 0.000000 0.000000 0.000000 0.000000 0.000000 0.000000 0.000000 0.000000 0.000000 0.000000 0.000000 0.000000 0.000000 0.000000 0.000000 0.000000 0.000000 0.000000 0.000000 0.000000 0.000000 0.000000 0.000000 0.000000 0.000000 0.000000 0.000000 0.000000 0.000000 0.000000 0.000000 0.000000 0.000000 0.000000 0.000000 0.000000 0.000000 0.000000 0.000000 0.000000 0.000000 0.000000 0.000000 0.000000 0.000000 0.000000 0.000000 0.000000 0.000000 0.000000 0.000000 0.000000 0.000000 0.000000 0.000000 0.000000 0.000000 0.000000 0.000000 0.000000 0.000000 0.000000 0.000000 0.000000 0.000000 0.000000 0.000000 0.000000 0.000000 0.000000 0.000000 0.000000 0.000000 0.000000 0.000000 0.000000 0.000000 0.000000 0.000000 0.000000 0.000000 0.000000 0.000000 0.000000 0.000000 0.000000 0.000000 0.000000
-0.308799 96.970123 -0.016646 1.806252 0.415766 1.048178 179.808441 177.835953 177.356018 176.984451 178.326523 179.489517 1.252998 -4.574552 2.491696 178.821884 178.069138 -178.130600 178.371384 178.383835 179.320541 1.216648 -3.663960 -2.037374 179.957199 176.203384 179.965103 179.957199 176.276413 179.943771 179.806198 177.298981 179.914337 0.000000 -5.155927 0.119953 0.000000 -6.015238 0.124237 3.643970 -4.435527 -0.206843 1.822858 -0.211526 0.233674 12.672967 -5.456550 81.930779 2.613914 -1.511244 0.802222 175.190948 -177.381760 175.476471 34.655735 48.437866 15.407996 0.000003 -0.000006 16.578533 179.999985 -180.000000 -168.958710 0.000001 -0.000000 -0.000000 15.000004 0.000002 32.050747 180.000000 179.999985 -153.776672 0.000001 0.000001 18.356354 0.000001 -0.000000 -0.000000 180.000000 179.999985 -142.999466 180.000000 179.999985 -142.999435 180.000000 180.000000 -155.357605 0.000001 -0.000000 -0.000000 170.000000 -179.999985 -145.222198 180.000000 180.000000 -145.222214 0.000000 -0.000000 23.162014 0.000001 -0.000000 -0.000000 160.000015 180.000000 -161.035263 180.000000 -179.999985 -151.552948 0.000000 0.000002 18.945747 176.340973 -177.441315 178.977036 166.582825 -173.412445 98.321693 179.274826 -178.747253 -179.576538 10.285807 -0.055082 0.481375 133.824631 125.243309 156.014755 0.000000 -0.000002 -14.337947 0.000003 0.000004 -9.549072 0.000000 -0.000000 0.000000 164.999985 179.999969 148.574799 0.000002 0.000031 -25.711531 0.000010 0.000018 -17.998062 0.000000 -0.000000 0.000000 180.000000 180.000000 144.696503 180.000000 180.000000 144.696533 180.000000 -180.000000 156.487915 0.000000 -0.000000 0.000000 10.000010 -0.000005 -31.947311 0.000000 0.000000 -31.947260 180.000000 -180.000000 158.723129 0.000000 -0.000000 0.000000 19.999990 0.000007 -25.522346 180.000000 -179.999985 141.716461 0.000005 -0.000001 -25.496851
-0.307148 96.966354 0.032115 1.787357 0.483287 1.035449 179.805328 177.874374 177.363358 177.000778 178.340012 179.491989 1.259033 -4.589894 2.493706 178.824463 178.104370 -178.111923 178.379044 178.384369 179.318451 1.226357 -3.699357 -2.042944 179.957870 176.206451 179.966461 179.957870 176.279404 179.945999 179.809143 177.301132 179.917450 180.000000 -174.844482 -179.870483 180.000000 -173.985229 -179.865875 3.655629 -4.435499 -0.201750 1.822061 -0.217832 0.233056 12.666165 -5.446370 81.926117 2.616619 -1.509693 0.808296 175.185196 -177.392975 175.488892 34.670429 48.441063 15.417279 0.000007 -0.000001 16.576180 0.000001 -0.000005 11.039713 0.000000 -0.000001 -0.000003 15.000009 -0.000000 32.057793 0.000002 0.000001 26.229094 180.000000 -180.000000 -161.639633 0.000000 -0.000001 -0.000003 180.000000 179.999985 -142.994583 180.000000 179.999985 -142.994598 180.000000 180.000000 -155.354401 0.000000 -0.000001 -0.000003 170.000000 -179.999985 -145.221313 0.000003 -0.000001 34.778702 0.000002 -0.000000 23.162603 0.000000 -0.000001 -0.000003 160.000000 180.000000 -161.033356 0.000001 0.000005 28.449995 0.000005 -0.000001 18.947687 176.342468 -177.438782 179.025620 166.592514 -173.421341 98.283974 179.279205 -178.746582 -179.585770 10.270036 -0.044952 0.473711 133.808319 125.232956 155.981461 0.000008 0.000006 -14.344741 180.000000 -179.999985 170.446396 180.000000 -180.000000 179.999985 165.000000 -179.999985 148.521118 180.000000 -179.999985 154.244537 180.000000 -180.000000 161.971222 180.000000 -180.000000 179.999985 0.000005 -0.000006 -35.306084 0.000001 -0.000009 -35.306061 180.000000 -179.999985 156.486176 180.000000 -180.000000 179.999985 10.000008 -0.000007 -31.946589 0.000003 -0.000010 -31.946556 180.000000 -179.999985 158.723602 180.000000 -180.000000 179.999985 20.000004 -0.000006 -25.525599 0.000001 -0.000012 -38.288425 179.999985 179.999985 154.499939
-0.306324 96.962227 0.082737 1.766828 0.553098 1.024155 179.802200 177.914719 177.371857 177.012146 178.353058 179.491974 1.270467 -4.605443 2.496113 178.838165 178.131882 -178.094513 178.388550 178.393402 179.317978 1.225930 -3.734614 -2.049068 179.957367 176.209122 179.966644 179.957367 176.282043 179.946350 179.806747 177.303055 179.917740 180.000000 -174.841278 -179.860107 180.000000 -173.981506 -179.855103 3.664151 -4.438612 -0.196079 1.832815 -0.223294 0.233904 12.661456 -5.434397 81.923523 2.621749 -1.513454 0.816975 175.181458 -177.407425 175.500671 34.682804 48.444191 15.425210 180.000000 179.999985 -163.425812 180.000000 179.999985 -168.961609 0.000000 -0.000000 0.000003 15.000010 0.000005 32.053825 180.000000 180.000000 -153.774139 180.000000 179.999985 -161.641922 0.000000 -0.000000 0.000003 180.000000 179.999985 -142.992447 180.000000 180.000000 -142.992462 180.000000 180.000000 -155.352966 0.000000 -0.000000 0.000003 170.000000 179.999985 -145.224915 0.000001 0.000002 34.775040 0.000002 0.000003 23.160181 0.000000 -0.000000 0.000003 160.000015 179.999985 -161.043335 180.000000 179.999985 -151.565018 180.000000 179.999985 -161.062302 176.351898 -177.437851 179.075027 166.605560 -173.429077 98.246986 179.283234 -178.761230 -179.588837 10.306120 -0.012143 0.443394 133.768677 125.223526 155.984451 180.000000 179.999985 165.678070 0.000001 0.000009 -9.538412 0.000000 -0.000000 0.000000 165.000000 179.999985 148.530655 0.000000 0.000006 -25.747684 0.000003 0.000005 -18.023361 0.000000 -0.000000 0.000000 180.000000 180.000000 144.706711 0.000001 0.000007 -35.293266 0.000003 0.000004 -23.505297 0.000000 -0.000000 0.000000 10.000003 0.000001 -31.934710 0.000000 0.000005 -31.934683 180.000000 180.000000 158.731461 0.000000 -0.000000 0.000000 19.999998 0.000003 -25.514309 180.000000 179.999985 141.728561 0.000010 0.000004 -25.488775
-0.305777 96.957565 0.136264 1.745128 0.621716 1.014430 179.796127 177.943039 177.376434 177.027451 178.380188 179.495239 1.280734 -4.618717 2.498166 178.850906 178.144150 -178.078247 178.413025 178.417374 179.318451 1.213270 -3.772646 -2.057636 179.954941 176.206177 179.964554 179.954941 176.279160 179.942978 179.795776 177.300995 179.912628 179.999985 -174.834290 -179.847412 180.000000 -173.973312 -179.841965 3.668427 -4.445085 -0.188850 1.854609 -0.231742 0.238417 12.666621 -5.409055 81.918144 2.638403 -1.520881 0.827110 175.190506 -177.415436 175.515350 34.689587 48.438618 15.454386 0.000004 -0.000006 16.586853 0.000001 -0.000007 11.046835 0.000000 -0.000000 0.000000 15.000000 -0.000015 32.073063 0.000006 -0.000009 26.241600 0.000005 -0.000001 18.369114 0.000000 -0.000000 0.000000 180.000000 179.999985 -142.989990 180.000000 179.999985 -142.989990 0.000000 0.000000 24.648676 0.000000 -0.000000 0.000000 170.000000 -179.999985 -145.213287 0.000002 -0.000011 34.786690 0.000007 -0.000001 23.167948 0.000000 -0.000000 0.000000 160.000015 -180.000000 -161.016922 180.000000 180.000000 -151.525375 0.000002 -0.000000 18.964071 176.368011 -177.441666 179.138809 166.616135 -173.435303 98.206787 179.286530 -178.780380 -179.589020 10.286397 -0.014400 0.431473 133.742188 125.215317 155.835983 0.000012 -0.000011 -14.381827 179.999985 -179.999985 170.421707 180.000000 -180.000000 180.000000 165.000015 -179.999985 148.508560 180.000000 -179.999985 154.234283 180.000000 -179.999985 161.963989 180.000000 -180.000000 180.000000 0.000004 -0.000007 -35.311504 180.000000 -179.999985 144.688492 0.000001 -0.000003 -23.517464 180.000000 -180.000000 180.000000 10.000003 -0.000012 -31.943867 0.000004 -0.000008 -31.943855 179.999985 179.999985 158.725388 180.000000 -180.000000 180.000000 19.999998 -0.000012 -25.529909 0.000002 -0.000006 -38.294865 180.000000 -179.999985 154.495590
-0.305379 96.952698 0.191018 1.724432 0.690586 1.005390 179.800461 177.991501 177.383530 177.036072 178.395966 179.494843 1.288766 -4.624670 2.500786 178.872955 178.178482 -178.062439 178.436295 178.418320 179.316864 1.191940 -3.813546 -2.067951 179.954422 176.215927 179.963547 179.954422 176.288727 179.941299 179.793533 177.307953 179.910355 180.000000 -174.834503 -179.839630 180.000000 -173.973572 -179.833893 3.660047 -4.445200 -0.183315 1.864484 -0.218417 0.241000 12.677778 -5.384460 81.911705 2.653621 -1.530390 0.836192 175.188843 -177.421326 175.532410 34.699890 48.437069 15.456510 0.000010 0.000000 16.583683 0.000003 -0.000005 11.044733 0.000000 -0.000000 0.000003 14.999999 0.000011 32.033073 180.000000 179.999985 -153.791107 180.000000 179.999985 -161.653778 0.000000 -0.000000 0.000003 0.000003 0.000000 37.015339 180.000000 -180.000000 -142.984680 0.000000 0.000000 24.652208 0.000000 -0.000000 0.000003 170.000000 179.999985 -145.250519 180.000000 179.999985 -145.250549 180.000000 179.999985 -156.856842 0.000000 -0.000000 0.000003 160.000015 -180.000000 -161.023041 180.000000 -179.999985 -151.534546 180.000000 -179.999985 -161.042007 176.371872 -177.470093 179.188614 166.628067 -173.434998 98.172676 179.288757 -178.801559 -179.586899 10.237040 -0.050666 0.429709 133.775681 125.248856 156.095688 179.999954 -179.999985 165.725937 179.999985 179.999985 170.493454 180.000000 -180.000000 180.000000 164.999985 179.999985 148.549026 180.000000 179.999985 154.267380 0.000007 0.000016 -18.012817 180.000000 -180.000000 180.000000 179.999985 179.999985 144.720062 180.000000 179.999985 144.720032 0.000005 0.000011 -23.496441 180.000000 -180.000000 180.000000 9.999990 0.000013 -31.919977 180.000000 179.999985 148.080002 0.000002 0.000006 -21.258709 180.000000 -180.000000 180.000000 19.999977 0.000010 -25.503304 180.000000 179.999985 141.745041 0.000008 0.000019 -25.477818
-0.305162 96.947617 0.247412 1.704203 0.757738 0.998343 179.794495 178.016388 177.383926 177.048340 178.425201 179.501160 1.302176 -4.639286 2.501154 178.879822 178.189163 -178.051773 178.483765 178.439880 179.320251 1.162318 -3.851850 -2.076156 179.951202 176.213547 179.960312 179.951202 176.286392 179.936081 179.779022 177.306335 179.902588 180.000000 -174.816910 -179.825943 180.000000 -173.953064 -179.819733 3.691847 -4.460730 -0.178152 1.905659 -0.276022 0.256647 12.688001 -5.380093 81.909515 2.622854 -1.540017 0.838743 175.176041 -177.418045 175.552567 34.693073 48.422573 15.431625 0.000006 0.000006 16.576815 0.000001 0.000010 11.040148 180.000000 -180.000000 179.999985 15.000002 0.000005 32.060917 180.000000 -180.000000 -153.768341 180.000000 -179.999985 -161.637833 180.000000 -180.000000 179.999985 180.000000 180.000000 -142.986435 180.000000 180.000000 -142.986404 180.000000 -180.000000 -155.348953 180.000000 -180.000000 179.999985 170.000000 -180.000000 -145.226425 180.000000 -180.000000 -145.226425 0.000002 0.000001 23.159199 180.000000 -180.000000 179.999985 160.000015 -179.999985 -161.022110 0.000002 0.000001 28.466904 180.000000 179.999985 -161.041046 176.404114 -177.436737 179.235107 166.641617 -173.414597 98.150711 179.287933 -178.817932 -179.577866 10.296736 0.000388 0.404063 133.686768 125.197159 155.776825 0.000004 -0.000008 -14.380856 0.000013 0.000008 -9.577652 0.000000 -0.000000 0.000000 165.000000 180.000000 148.499878 180.000000 180.000000 154.227203 180.000000 180.000000 161.959061 0.000000 -0.000000 0.000000 180.000000 179.999985 144.687592 180.000000 180.000000 144.687592 0.000002 0.000000 -23.518064 0.000000 -0.000000 0.000000 9.999999 0.000000 -31.942801 0.000003 -0.000003 -31.942791 0.000002 -0.000001 -21.273907 0.000000 -0.000000 0.000000 19.999987 -0.000001 -25.530977 0.000002 0.000004 -38.296490 180.000000 179.999985 154.494522
-0.304924 96.942329 0.306499 1.684800 0.822950 0.990638 179.787949 178.034912 177.384277 177.063858 178.457993 179.508987 1.311366 -4.654534 2.502449 178.880768 178.195999 -178.040649 178.546127 178.463150 179.326355 1.122872 -3.893209 -2.090815 179.947647 176.209534 179.956818 179.947662 176.282455 179.930405 179.763123 177.303574 179.894165 180.000000 -174.804001 -179.816925 180.000000 -173.938019 -179.810394 3.684829 -4.472180 -0.172669 1.926335 -0.285391 0.261279 12.706881 -5.342902 81.902000 2.691986 -1.546291 0.846599 175.153717 -177.406204 175.573029 34.714153 48.446705 15.427028 179.999985 179.999985 -163.439117 179.999985 -179.999985 -168.970459 0.000000 -0.000000 0.000000 14.999999 -0.000000 32.060730 180.000000 179.999985 -153.768478 180.000000 -179.999985 -161.637939 0.000000 -0.000000 0.000000 0.000002 0.000003 37.019646 180.000000 -180.000000 -142.980392 180.000000 -180.000000 -155.344925 0.000000 -0.000000 0.000000 170.000000 -180.000000 -145.228622 0.000000 -0.000000 34.771404 180.000000 -180.000000 -156.842255 0.000000 -0.000000 0.000000 160.000015 -180.000000 -161.019852 179.999985 179.999985 -151.529724 180.000000 180.000000 -161.038818 176.420502 -177.435349 179.288116 166.645523 -173.427063 98.126717 179.298080 -178.832153 -179.583923 10.279737 0.019013 0.396859 133.646606 125.193184 155.753021 0.000002 -0.000001 -14.372166 0.000002 -0.000002 -9.571866 0.000000 -0.000000 0.000000 165.000000 -180.000000 148.495499 180.000000 179.999985 154.223602 0.000001 0.000001 -18.043488 0.000000 -0.000000 0.000000 180.000000 180.000000 144.685669 0.000001 0.000003 -35.314323 180.000000 -180.000000 156.480652 0.000000 -0.000000 0.000000 9.999993 0.000013 -31.929403 180.000000 179.999985 148.070633 0.000003 0.000011 -21.264973 0.000000 -0.000000 0.000000 19.999998 0.000003 -25.533659 180.000000 179.999985 141.699493 0.000000 0.000007 -25.508131
-0.304792 96.937180 0.367312 1.665349 0.894064 0.980890 179.784058 178.055405 177.385101 177.082977 178.496582 179.520050 1.315530 -4.668048 2.502751 178.879715 178.209824 -178.027756 178.619919 178.486191 179.334549 1.075155 -3.932858 -2.107381 179.944595 176.206329 179.953979 179.944611 176.279312 179.925812 179.749390 177.301376 179.887299 180.000000 -174.789612 -179.810440 0.000001 -6.078796 0.196331 3.672237 -4.484836 -0.168402 1.939914 -0.294708 0.262529 12.717087 -5.297371 81.893349 2.814772 -1.535942 0.849180 175.098862 -177.378983 175.603378 34.664379 48.332535 15.413828 0.000009 0.000000 16.596811 0.000007 0.000001 11.053478 0.000000 0.000001 0.000003 15.000004 -0.000000 32.066048 180.000000 180.000000 -153.764160 180.000000 -179.999985 -161.634903 0.000000 0.000001 0.000003 180.000000 180.000000 -142.976517 180.000000 180.000000 -142.976547 0.000001 -0.000001 24.657644 0.000000 0.000001 0.000003 170.000000 179.999985 -145.226852 180.000000 179.999985 -145.226883 180.000000 179.999985 -156.841095 0.000000 0.000001 0.000003 160.000000 179.999985 -161.012497 180.000000 179.999985 -151.518753 180.000000 180.000000 -161.031494 176.431900 -177.431152 179.341217 166.645325 -173.443176 98.106514 179.301590 -178.834869 -179.594818 10.251763 0.035967 0.392589 133.626404 125.198868 155.737335 0.000007 -0.000001 -14.370996 0.000005 0.000000 -9.571077 0.000000 -0.000000 0.000000 165.000000 180.000000 148.494247 180.000000 180.000000 154.222565 0.000002 0.000002 -18.044191 0.000000 -0.000000 0.000000 0.000002 -0.000000 -35.319435 0.000002 -0.000001 -35.319408 0.000002 -0.000002 -23.522734 0.000000 -0.000000 0.000000 9.999999 -0.000004 -31.956120 0.000001 0.000002 -31.956120 0.000000 0.000000 -21.282778 0.000000 -0.000000 0.000000 19.999992 -0.000000 -25.540089 0.000002 0.000004 -38.310120 0.000002 -0.000003 -25.514538
-0.305201 96.932457 0.429119 1.652498 0.939663 0.973316 179.780136 178.056534 177.383469 177.097656 178.525238 179.531509 1.315996 -4.683996 2.504730 178.876953 178.204926 -178.015427 178.692627 178.502853 179.342163 1.022219 -3.969643 -2.123576 179.941620 176.197311 179.952057 179.941620 176.270462 179.922745 179.735825 177.295044 179.882385 180.000000 -174.775681 -179.806580 180.000000 -173.904968 -179.799683 3.659526 -4.496979 -0.165734 1.941299 -0.296721 0.260364 12.711493 -5.244406 81.890251 2.890023 -1.527285 0.869517 175.109268 -177.362488 175.614639 34.679523 48.308807 15.400009 180.000000 179.999985 -163.412430 0.000005 -0.000004 11.047335 0.000000 -0.000000 0.000003 14.999990 0.000006 32.057381 179.999985 -180.000000 -153.771225 180.000000 -179.999985 -161.639862 0.000000 -0.000000 0.000003 180.000000 179.999985 -142.967117 180.000000 -180.000000 -142.967133 180.000000 -180.000000 -155.336105 0.000000 -0.000000 0.000003 170.000000 179.999985 -145.223175 180.000000 -179.999985 -145.223190 180.000000 -180.000000 -156.838654 0.000000 -0.000000 0.000003 160.000015 -179.999985 -161.000687 180.000000 179.999985 -151.501038 180.000000 179.999985 -161.019699 176.438065 -177.431381 179.382050 166.643005 -173.460327 98.093910 179.299408 -178.835037 -179.609955 10.245254 0.069836 0.386720 133.617905 125.200317 155.769302 180.000000 180.000000 165.648987 0.000004 -0.000003 -9.557771 180.000000 -180.000000 180.000000 165.000000 -180.000000 148.491028 180.000000 -180.000000 154.219940 0.000001 -0.000002 -18.046043 180.000000 -180.000000 180.000000 0.000011 -0.000013 -35.325985 0.000003 -0.000021 -35.325977 180.000000 -179.999985 156.472885 180.000000 -180.000000 180.000000 10.000008 -0.000006 -31.958902 0.000000 -0.000002 -31.958910 0.000000 -0.000002 -21.284624 180.000000 -180.000000 180.000000 19.999992 0.000009 -25.531561 179.999985 179.999985 141.702637 0.000000 0.000021 -25.506048
-0.306222 96.928261 0.492186 1.634275 1.006222 0.965038 179.773483 178.046066 177.378403 177.120178 178.579865 179.548538 1.316455 -4.705140 2.507064 178.878723 178.204605 -177.999054 178.768311 178.538391 179.348755 0.968042 -4.001873 -2.139192 179.935287 176.171310 179.948441 179.935287 176.244965 179.917038 179.706894 177.276703 179.872940 0.000007 -5.252233 0.194463 0.000009 -6.127612 0.201408 3.638044 -4.521097 -0.164910 1.959067 -0.346914 0.263080 12.690396 -5.169713 81.887970 3.008550 -1.497200 0.888499 175.128906 -177.336273 175.630524 34.695194 48.286728 15.392242 0.000002 -0.000009 16.580872 0.000010 0.000001 11.042851 180.000000 180.000000 -180.000000 14.999997 -0.000000 32.107800 0.000000 -0.000001 26.270027 180.000000 179.999985 -161.611008 180.000000 180.000000 -180.000000 0.000000 0.000000 37.043495 0.000000 0.000000 37.043499 0.000001 -0.000001 24.670969 180.000000 180.000000 -180.000000 170.000000 180.000000 -145.213669 180.000000 180.000000 -145.213654 180.000000 -180.000000 -156.832306 180.000000 180.000000 -180.000000 160.000015 179.999985 -160.986740 180.000000 179.999985 -151.480133 180.000000 -180.000000 -161.005753 176.464188 -177.384827 179.439575 166.641174 -173.477692 98.079849 179.293442 -178.838181 -179.629364 10.253935 0.120228 0.374390 133.605576 125.213760 155.844727 0.000000 0.000000 -14.309409 0.000001 0.000009 -9.530062 0.000000 -0.000000 0.000000 165.000000 179.999985 148.496826 180.000000 179.999985 154.224686 0.000002 0.000003 -18.042730 0.000000 -0.000000 0.000000 180.000000 179.999985 144.717590 180.000000 179.999985 144.717590 0.000002 0.000006 -23.498074 0.000000 -0.000000 0.000000 9.999997 0.000000 -31.951441 0.000001 0.000002 -31.951433 0.000003 0.000001 -21.279654 0.000000 -0.000000 0.000000 19.999998 0.000008 -25.559999 180.000000 179.999985 141.660019 0.000003 0.000001 -25.534431
-0.308158 96.924629 0.556055 1.619862 1.069821 0.958137 179.773682 178.048370 177.375610 177.142548 178.623672 179.562027 1.307119 -4.721253 2.510304 178.894394 178.221573 -177.980240 178.823349 178.555618 179.350906 0.917567 -4.033722 -2.155830 179.929932 176.149841 179.945694 179.929947 176.223907 179.912720 179.682449 177.261551 179.865616 0.000016 -5.269342 0.187481 0.000020 -6.147573 0.194175 3.579123 -4.535716 -0.165519 1.947454 -0.348046 0.255836 12.647990 -5.066733 81.890648 3.194743 -1.436008 0.906362 175.159058 -177.301178 175.651932 34.706768 48.267361 15.357694 0.000006 0.000008 16.561993 180.000000 -179.999985 -168.969696 0.000000 0.000000 0.000003 15.000000 -0.000002 32.116341 180.000000 -180.000000 -153.722992 180.000000 -180.000000 -161.606094 0.000000 0.000000 0.000003 0.000000 0.000000 37.046501 180.000000 180.000000 -142.953522 180.000000 180.000000 -155.327042 0.000000 0.000000 0.000003 170.000000 179.999985 -145.208344 0.000002 -0.000001 34.791660 180.000000 -180.000000 -156.828766 0.000000 0.000000 0.000003 160.000015 180.000000 -160.976562 180.000000 180.000000 -151.464874 180.000000 -180.000000 -160.995590 176.466415 -177.383926 179.500214 166.635025 -173.506180 98.060921 179.279449 -178.845245 -179.652222 10.182787 0.097328 0.378316 133.590958 125.210838 155.812759 179.999985 -179.999985 165.682327 0.000003 0.000004 -9.535579 0.000000 0.000001 0.000000 165.000015 179.999985 148.487442 0.000001 0.000003 -25.783020 0.000001 0.000001 -18.048107 0.000000 0.000001 0.000000 180.000000 179.999985 144.685074 180.000000 179.999985 144.685059 180.000000 179.999985 156.480255 0.000000 0.000001 0.000000 9.999997 0.000003 -31.955467 0.000005 0.000001 -31.955437 0.000001 0.000002 -21.282330 0.000000 0.000001 0.000000 19.999998 -0.000000 -25.567760 180.000000 179.999985 141.648376 0.000000 0.000000 -25.542185
-0.311234 96.921547 0.618749 1.603768 1.162822 0.950727 179.776611 178.080978 177.377090 177.161362 178.673676 179.571381 1.300464 -4.730291 2.510335 178.923172 178.269928 -177.958725 178.862717 178.570221 179.350830 0.872015 -4.063625 -2.170017 179.924652 176.136734 179.942810 179.924667 176.211060 179.908173 179.658325 177.252350 179.858063 0.000025 -5.292645 0.179994 0.000029 -6.174759 0.186421 3.540694 -4.555601 -0.168390 1.947457 -0.389186 0.254860 12.562151 -4.962141 81.903366 3.354075 -1.337293 0.920981 175.199188 -177.258377 175.679199 34.728367 48.255001 15.331161 0.000005 -0.000002 16.541531 180.000000 179.999985 -168.983353 180.000000 180.000000 -180.000000 14.999995 -0.000000 32.126087 180.000000 180.000000 -153.715012 0.000001 -0.000000 18.399490 180.000000 180.000000 -180.000000 180.000000 180.000000 -142.959610 180.000000 -179.999985 -142.959610 180.000000 -179.999985 -155.331116 180.000000 180.000000 -180.000000 170.000000 179.999985 -145.203873 0.000001 0.000002 34.796127 0.000000 -0.000000 23.174221 180.000000 180.000000 -180.000000 160.000015 180.000000 -160.969940 180.000000 -179.999985 -151.454895 0.000001 0.000003 19.011047 176.483429 -177.339218 179.548248 166.629486 -173.529480 98.050484 179.242325 -178.851059 -179.665497 10.175512 0.099018 0.370695 133.576645 125.200233 155.787552 180.000000 -180.000000 165.678635 179.999985 -179.999985 170.461975 180.000000 -180.000000 180.000000 165.000000 179.999985 148.475494 0.000000 0.000006 -25.792774 0.000001 0.000003 -18.054939 180.000000 -180.000000 180.000000 179.999985 179.999985 144.687759 180.000000 179.999985 144.687744 0.000003 0.000009 -23.517946 180.000000 -180.000000 180.000000 10.000001 -0.000005 -31.968164 0.000004 -0.000001 -31.968155 180.000000 -180.000000 158.709213 180.000000 -180.000000 180.000000 19.999990 0.000000 -25.568104 180.000000 179.999985 141.647842 0.000000 0.000007 -25.542553
-0.316027 96.918930 0.681062 1.587290 1.261936 0.943620 179.782333 178.121674 177.382797 177.187027 178.710266 179.576813 1.283572 -4.748191 2.506886 178.960205 178.324448 -177.936050 178.894455 178.584274 179.348907 0.826055 -4.094744 -2.184983 179.918991 176.123688 179.939499 179.919006 176.198288 179.902939 179.632416 177.243256 179.849503 0.000028 -5.316066 0.169873 0.000032 -6.202078 0.175938 3.494269 -4.575528 -0.172251 1.946380 -0.430723 0.252137 12.507231 -4.913897 81.925011 3.450490 -1.259750 0.927920 175.257385 -177.214569 175.705780 34.705940 48.225170 15.305006 0.000001 0.000007 16.543653 0.000001 -0.000004 11.018080 0.000000 0.000000 -0.000003 15.000002 0.000001 32.132336 0.000003 0.000001 26.290112 0.000001 -0.000000 18.403063 0.000000 0.000000 -0.000003 0.000002 -0.000001 37.078865 0.000003 0.000002 37.078892 0.000000 0.000002 24.694538 0.000000 0.000000 -0.000003 170.000000 -179.999985 -145.196442 0.000002 0.000001 34.803566 180.000000 180.000000 -156.820816 0.000000 0.000000 -0.000003 160.000015 -179.999985 -160.958298 180.000000 -180.000000 -151.437454 180.000000 180.000000 -160.977341 176.498154 -177.293915 179.598969 166.633514 -173.550522 98.035492 179.193588 -178.867447 -179.677597 10.174263 0.090677 0.362532 133.531204 125.206451 155.743408 0.000008 0.000004 -14.322030 180.000000 180.000000 170.461517 180.000000 -180.000000 180.000000 165.000015 179.999985 148.444351 0.000001 0.000006 -25.818274 180.000000 180.000000 161.927216 180.000000 -180.000000 180.000000 180.000000 179.999985 144.620605 0.000000 0.000005 -35.379398 180.000000 179.999985 156.437317 180.000000 -180.000000 180.000000 9.999994 0.000002 -31.936743 180.000000 179.999985 148.063263 0.000000 0.000007 -21.269865 180.000000 -180.000000 180.000000 19.999992 0.000004 -25.597345 180.000000 179.999985 141.603973 0.000004 0.000004 -25.571764
-0.322534 96.916664 0.743358 1.563806 1.391259 0.928994 179.798004 178.196503 177.404037 177.214752 178.736359 179.573715 1.263026 -4.770645 2.496119 179.011887 178.403976 -177.906113 178.932327 178.601700 179.348053 0.766814 -4.128440 -2.203333 179.913498 176.119431 179.936935 179.913498 176.194122 179.898926 179.607193 177.240372 179.842590 0.000022 -5.338485 0.157169 0.000026 -6.228235 0.162781 3.442358 -4.594510 -0.177199 1.949956 -0.475645 0.248090 12.405391 -4.789603 81.901825 3.692436 -1.133565 0.972492 175.254715 -177.120392 175.759521 34.684433 48.224785 15.265435 0.000004 0.000001 16.533266 0.000003 -0.000005 11.011168 0.000000 0.000000 -0.000003 15.000006 -0.000001 32.116478 0.000000 0.000002 26.277100 0.000000 0.000001 18.393970 0.000000 0.000000 -0.000003 0.000004 -0.000001 37.064301 0.000002 0.000002 37.064304 0.000001 0.000001 24.684824 0.000000 0.000000 -0.000003 170.000000 180.000000 -145.196640 0.000003 -0.000003 34.803364 180.000000 -179.999985 -156.820969 0.000000 0.000000 -0.000003 160.000015 -179.999985 -160.958374 0.000002 0.000001 28.562439 0.000000 0.000002 19.022587 176.511307 -177.247253 179.658127 166.659210 -173.567291 98.010185 179.129074 -178.891373 -179.692398 10.174405 0.075182 0.355434 133.524933 125.240013 155.743301 0.000001 0.000002 -14.324859 0.000002 -0.000003 -9.540351 0.000000 -0.000000 0.000000 165.000000 -179.999985 148.395981 180.000000 -180.000000 154.142166 180.000000 -180.000000 161.899521 0.000000 -0.000000 0.000000 0.000000 0.000003 -35.409855 180.000000 180.000000 144.590118 180.000000 180.000000 156.417007 0.000000 -0.000000 0.000000 9.999997 -0.000004 -31.997770 0.000004 -0.000001 -31.997757 180.000000 180.000000 158.689484 0.000000 -0.000000 0.000000 20.000000 0.000005 -25.637726 180.000000 179.999985 141.543427 0.000000 0.000000 -25.612082
-0.327273 96.914726 0.803794 1.547268 1.523309 0.918958 179.799805 178.280563 177.420395 177.248398 178.765793 179.571075 1.242881 -4.784808 2.482571 179.057083 178.479309 -177.885468 178.903137 178.649033 179.353119 0.773954 -4.140593 -2.225284 179.908340 176.124924 179.933731 179.908356 176.199509 179.893784 179.583694 177.244431 179.834427 180.000000 -174.642746 -179.853943 180.000000 -173.749878 -179.848724 3.395055 -4.610335 -0.181242 1.927444 -0.474551 0.231927 12.377231 -4.737997 81.893005 3.879242 -1.057263 1.002961 175.259460 -177.017517 175.818939 34.661201 48.224937 15.206540 0.000008 -0.000015 16.513851 0.000019 0.000005 10.998271 180.000000 180.000000 179.999985 15.000036 -0.000007 32.086563 0.000022 0.000009 26.252613 0.000006 0.000009 18.376842 180.000000 180.000000 179.999985 0.000035 -0.000007 37.034752 0.000034 0.000015 37.034760 0.000012 0.000020 24.665152 180.000000 180.000000 179.999985 170.000092 -179.999985 -145.193069 0.000079 0.000029 34.806946 0.000031 0.000043 23.181398 180.000000 180.000000 179.999985 160.000031 -179.999985 -160.962296 0.000044 -0.000001 28.556574 0.000029 0.000016 19.018665 176.514999 -177.223953 179.715118 166.686798 -173.584702 97.982597 179.068741 -178.948517 -179.695480 10.187371 0.066875 0.345777 133.441788 125.292473 155.784607 179.999725 179.999847 165.727905 179.999832 179.999847 170.494781 180.000000 180.000000 179.999985 165.000137 -179.999924 148.383148 0.000057 -0.000104 -25.868345 0.000004 -0.000080 -18.107851 180.000000 180.000000 179.999985 0.000075 -0.000058 -35.442410 0.000032 -0.000088 -35.442402 179.999985 -179.999939 156.395355 180.000000 180.000000 179.999985 10.000049 -0.000054 -31.951567 0.000016 -0.000074 -31.951649 179.999985 -179.999954 158.720230 180.000000 180.000000 179.999985 20.000050 -0.000082 -25.663143 0.000025 -0.000145 -38.494743 179.999969 -179.999908 154.362503
-0.341222 96.912880 0.867547 1.512755 1.649390 0.886087 179.848328 178.384827 177.487686 177.275070 178.714432 179.534348 1.200997 -4.844395 2.466771 179.128204 178.539963 -177.835815 179.054092 178.650452 179.352554 0.589838 -4.204907 -2.243918 179.903610 176.127029 179.933945 179.903625 176.201569 179.894379 179.561554 177.246017 179.833801 180.000000 -174.630676 -179.867096 180.000000 -173.735794 -179.862350 3.344856 -4.620432 -0.186055 1.903678 -0.475962 0.205402 12.272839 -4.632409 81.832397 4.216338 -0.749601 1.040876 175.169662 -176.756042 175.938339 34.643330 48.276474 15.168390 179.999985 -179.999985 -163.506866 180.000000 179.999985 -169.015579 180.000000 180.000000 179.999985 15.000010 -0.000001 32.059380 180.000000 -179.999985 -153.769638 0.000000 -0.000000 18.361261 180.000000 180.000000 179.999985 0.000012 -0.000006 37.004570 0.000012 0.000003 37.004513 0.000005 0.000007 24.645058 180.000000 180.000000 179.999985 170.000061 -179.999985 -145.242996 0.000068 0.000013 34.757053 0.000030 0.000034 23.148159 180.000000 180.000000 179.999985 160.000015 -179.999985 -160.983414 0.000036 -0.000002 28.524853 0.000016 0.000013 18.997557 176.513901 -177.210754 179.788757 166.798996 -173.576370 97.929291 178.970718 -178.985428 -179.732590 10.204851 0.118468 0.394920 133.437744 125.497528 156.027817 179.999710 179.999878 165.815582 179.999832 179.999863 170.553177 0.000001 -0.000000 0.000000 165.000229 -179.999878 148.278625 0.000099 -0.000172 -25.953873 0.000011 -0.000140 -18.167713 0.000001 -0.000000 0.000000 0.000174 -0.000104 -35.517368 0.000076 -0.000191 -35.517414 179.999985 -179.999863 156.345428 0.000001 -0.000000 0.000000 10.000161 -0.000112 -32.018497 0.000085 -0.000185 -32.018475 179.999985 -179.999863 158.675674 0.000001 -0.000000 0.000000 20.000198 -0.000172 -25.762115 0.000162 -0.000379 -38.643192 179.999939 -179.999725 154.263626
-0.360366 96.910751 0.932378 1.466356 1.789634 0.836844 179.929169 178.521698 177.585922 177.276108 178.642563 179.478683 1.164300 -4.903646 2.447409 179.216293 178.613647 -177.764633 179.259949 178.643631 179.346649 0.346760 -4.285955 -2.270730 179.899704 176.133240 179.937363 179.899719 176.207672 179.900223 179.542603 177.250427 179.840286 0.000004 -5.378276 0.117675 0.000004 -6.274666 0.121878 3.292532 -4.627803 -0.191857 1.871828 -0.482872 0.174361 12.276033 -4.524765 81.748329 4.394812 -0.836794 1.233965 175.213547 -176.770462 175.881638 34.674622 48.348633 15.200019 179.999985 179.999985 -163.517822 179.999985 179.999985 -169.022858 180.000000 180.000000 179.999985 14.999984 0.000011 32.050610 179.999985 -180.000000 -153.776733 180.000000 -179.999985 -161.643723 180.000000 180.000000 179.999985 180.000000 179.999985 -143.014130 180.000000 180.000000 -143.014160 180.000000 -179.999985 -155.367432 180.000000 180.000000 179.999985 170.000031 -179.999985 -145.294159 0.000033 0.000002 34.705837 0.000018 0.000012 23.114080 180.000000 180.000000 179.999985 160.000015 -179.999985 -161.003845 0.000012 0.000000 28.494289 0.000007 0.000001 18.977182 176.512817 -177.199570 179.867050 166.941055 -173.561569 97.864449 178.842194 -178.977371 -179.791183 10.123946 0.008924 0.375259 133.480453 125.579147 156.281860 179.999832 179.999954 165.907257 179.999893 179.999939 170.614227 0.000000 -0.000000 0.000000 165.000183 -179.999908 148.209656 0.000087 -0.000141 -26.010275 0.000012 -0.000117 -18.207176 0.000000 -0.000000 0.000000 0.000204 -0.000115 -35.571045 0.000100 -0.000213 -35.571037 179.999985 -179.999847 156.309708 0.000000 -0.000000 0.000000 10.000248 -0.000153 -32.065575 0.000122 -0.000265 -32.065575 179.999985 -179.999802 158.644333 0.000000 -0.000000 0.000000 20.000185 -0.000137 -25.872021 0.000154 -0.000304 -38.808022 179.999954 -179.999771 154.153839
-0.386248 96.908325 0.997339 1.404687 1.937513 0.773462 0.046867 1.313568 -2.287913 177.252197 178.540359 179.406494 1.131111 -4.970675 2.429399 179.325882 178.708939 -177.683533 179.481918 178.617035 179.345840 0.084309 -4.376142 -2.303937 179.897293 176.141754 179.942612 179.897308 176.216019 179.909088 179.530228 177.256378 179.851135 0.000008 -5.384881 0.102132 0.000008 -6.282362 0.105780 3.237604 -4.633153 -0.197517 1.814106 -0.482266 0.135224 12.276479 -4.503325 81.720116 4.481824 -0.888356 1.392103 175.266693 -176.843811 175.789993 34.692356 48.379417 15.262571 179.999985 179.999985 -163.499832 179.999985 179.999985 -169.010880 0.000001 -0.000000 0.000003 14.999999 0.000012 32.052292 179.999985 179.999985 -153.775467 179.999985 -179.999985 -161.642792 0.000001 -0.000000 0.000003 0.000008 -0.000006 36.999752 0.000007 -0.000002 36.999748 0.000004 0.000004 24.641859 0.000001 -0.000000 0.000003 170.000076 -179.999939 -145.278870 0.000097 -0.000011 34.721130 0.000057 0.000030 23.124277 0.000001 -0.000000 0.000003 160.000000 179.999985 -161.018829 179.999985 179.999985 -151.528275 179.999985 -179.999985 -161.037857 176.513397 -177.187927 179.951202 167.097321 -173.550018 97.789413 178.680618 -178.903549 -179.867493 10.017530 -0.138523 0.350881 133.677628 125.708145 156.539047 179.999710 179.999863 165.915649 179.999832 179.999878 170.619827 0.000000 -0.000000 0.000000 165.000046 -179.999969 148.152100 0.000032 -0.000049 -26.057343 0.000002 -0.000041 -18.240145 0.000000 -0.000000 0.000000 0.000194 -0.000108 -35.623543 0.000097 -0.000197 -35.623573 179.999985 -179.999847 156.274719 0.000000 -0.000000 0.000000 10.000177 -0.000109 -32.148605 0.000097 -0.000182 -32.148636 179.999985 -179.999847 158.589035 0.000000 -0.000000 0.000000 20.000160 -0.000111 -25.940329 0.000139 -0.000239 -38.910469 179.999985 -179.999817 154.085632
-0.419175 96.904991 1.067403 1.327671 2.093387 0.696813 0.185408 1.127604 -2.144480 177.214035 178.401871 179.326050 1.105534 -5.056957 2.409413 179.477173 178.788986 -177.547852 179.663132 178.609161 179.301147 179.835510 -175.527298 177.662369 179.895599 176.152130 179.949905 179.895615 176.226196 179.921310 179.520859 177.263596 179.866592 0.000010 -5.390460 0.087497 0.000009 -6.288882 0.090622 3.183719 -4.637650 -0.202616 1.788455 -0.515080 0.106067 11.912822 -4.251169 81.674530 4.784885 -0.637915 1.620360 175.336304 -176.929459 175.688705 34.689137 48.388729 15.270085 179.999985 179.999969 -163.496307 179.999985 180.000000 -169.008530 180.000000 180.000000 179.999985 14.999985 0.000025 32.071404 179.999985 179.999985 -153.759766 179.999985 -179.999985 -161.631836 180.000000 180.000000 179.999985 179.999985 179.999985 -143.020279 179.999985 179.999985 -143.020279 179.999985 -179.999985 -155.371536 180.000000 180.000000 179.999985 170.000031 -179.999985 -145.392838 0.000029 -0.000005 34.607117 0.000023 0.000007 23.048353 180.000000 180.000000 179.999985 159.999985 179.999985 -161.021759 179.999969 179.999985 -151.532684 179.999985 180.000000 -161.040756 176.520279 -177.178238 -179.963867 167.253738 -173.518311 97.722389 178.503830 -178.759369 -179.971344 9.896482 -0.333492 0.323363 133.747482 125.753456 156.759415 179.999802 179.999924 165.983551 179.999878 179.999924 170.665054 0.000000 -0.000000 0.000000 165.000046 -179.999985 148.138168 0.000017 -0.000032 -26.068764 0.000002 -0.000026 -18.248133 0.000000 -0.000000 0.000000 0.000184 -0.000093 -35.664402 0.000091 -0.000188 -35.664391 179.999985 -179.999863 156.247513 0.000000 -0.000000 0.000000 10.000183 -0.000102 -32.188610 0.000090 -0.000182 -32.188641 179.999985 -179.999863 158.562424 0.000000 -0.000000 0.000000 20.000076 -0.000041 -25.995308 0.000071 -0.000118 -38.992947 179.999985 -179.999908 154.030701
-0.458261 96.900215 1.143749 1.233672 2.251052 0.605842 0.330803 0.936834 -1.992426 177.174042 178.274597 179.254120 1.090118 -5.126575 2.379723 179.641144 178.864151 -177.385208 179.850189 178.593246 179.242065 179.585754 -175.413101 177.627869 179.895355 176.162399 179.959381 179.895370 176.236237 179.937134 179.517868 177.270630 179.887161 0.000010 -5.396407 0.074214 0.000010 -6.295815 0.076865 3.130069 -4.642524 -0.206898 1.759683 -0.544210 0.080019 11.554595 -4.082880 81.695946 4.974574 -0.370172 1.782687 175.421753 -177.025421 175.580582 34.705959 48.386890 15.320507 179.999985 179.999954 -163.478058 179.999985 179.999985 -168.996399 0.000000 -0.000000 0.000000 14.999991 0.000015 32.103767 179.999985 179.999985 -153.733276 179.999985 -180.000000 -161.613297 0.000000 -0.000000 0.000000 180.000000 179.999985 -143.002838 180.000000 180.000000 -143.002823 180.000000 -180.000000 -155.359863 0.000000 -0.000000 0.000000 170.000000 -179.999985 -145.427246 0.000015 -0.000003 34.572735 0.000009 0.000003 23.025448 0.000000 -0.000000 0.000000 160.000015 -179.999985 -160.983093 0.000000 -0.000000 28.525373 0.000002 0.000001 18.997910 176.530594 -177.170563 -179.885391 167.390411 -173.559113 97.642250 178.224670 -178.535370 179.936462 9.767274 -0.577242 0.288471 133.819244 125.746307 156.888626 179.999786 179.999908 166.014236 179.999878 179.999893 170.685486 0.000001 0.000001 0.000003 164.999939 179.999969 148.117401 179.999985 179.999939 153.914261 180.000000 179.999954 161.739960 0.000001 0.000001 0.000003 0.000038 -0.000019 -35.717155 0.000016 -0.000040 -35.717167 180.000000 -179.999985 156.212387 0.000001 0.000001 0.000003 10.000125 -0.000080 -32.232258 0.000071 -0.000140 -32.232288 179.999985 -179.999893 158.533295 0.000001 0.000001 0.000003 19.999912 0.000049 -26.036612 179.999939 179.999878 140.945053 0.000016 0.000083 -26.010597
-0.501213 96.893677 1.227858 1.122785 2.408191 0.504683 0.470147 0.747824 -1.839184 177.157562 178.139526 179.189758 1.071748 -5.204118 2.343651 179.802460 178.927063 -177.204422 179.899597 178.625687 179.168045 179.492752 -175.328522 177.585266 179.896774 176.170120 179.970245 179.896774 176.243820 179.955124 179.522430 177.275818 179.911041 0.000008 -5.405354 0.062528 0.000008 -6.306249 0.064761 3.075870 -4.650039 -0.210262 1.728770 -0.568040 0.055262 11.209619 -3.954187 81.738426 5.034766 -0.209266 1.971207 175.579666 -177.220657 175.411758 34.675045 48.364864 15.378162 179.999985 179.999985 -163.431641 179.999985 179.999985 -168.965454 0.000000 0.000000 -0.000003 14.999959 0.000049 32.095531 179.999969 179.999985 -153.740021 179.999969 -180.000000 -161.618027 0.000000 0.000000 -0.000003 0.000016 -0.000021 37.016155 0.000026 -0.000004 37.016163 0.000016 0.000007 24.652758 0.000000 0.000000 -0.000003 170.000046 -179.999954 -145.413864 0.000069 -0.000018 34.586121 0.000044 0.000017 23.034359 0.000000 0.000000 -0.000003 160.000000 179.999985 -161.000473 179.999985 179.999985 -151.500702 179.999985 -179.999985 -161.019470 176.543442 -177.162979 -179.813232 167.507462 -173.613922 97.569237 177.894974 -178.271133 179.847931 9.563038 -0.970248 0.206939 133.872070 125.551170 156.939148 179.999802 179.999832 166.048096 179.999893 179.999847 170.708038 0.000000 -0.000000 0.000000 165.000046 -179.999985 148.147110 0.000022 -0.000036 -26.061455 0.000001 -0.000030 -18.243017 0.000000 -0.000000 0.000000 0.000134 -0.000076 -35.702564 0.000063 -0.000146 -35.702564 179.999985 -179.999893 156.222092 0.000000 -0.000000 0.000000 10.000157 -0.000099 -32.242138 0.000082 -0.000174 -32.242126 179.999985 -179.999863 158.526764 0.000000 -0.000000 0.000000 20.000010 -0.000012 -26.004045 0.000015 -0.000031 -39.006092 180.000000 -179.999985 154.021957
-0.546707 96.885124 1.322014 0.995789 2.561400 0.395305 0.589362 0.567638 -1.687426 177.180450 177.982971 179.130997 1.048072 -5.307860 2.308341 179.951294 178.972336 -177.009735 179.883804 178.672150 179.082916 179.490524 -175.240662 177.541534 179.899475 176.173035 179.981766 179.899475 176.246658 179.974228 179.532852 177.277542 179.936707 0.000008 -5.418357 0.053086 0.000010 -6.321422 0.054981 3.024378 -4.661114 -0.212612 1.700332 -0.588159 0.035704 10.693571 -3.728211 81.781151 5.274609 0.335113 2.074474 175.672226 -177.175781 175.361969 34.654812 48.332718 15.421700 180.000000 179.999985 -163.395111 0.000011 0.000004 11.058850 0.000001 -0.000001 0.000003 14.999956 0.000051 32.134357 179.999954 179.999985 -153.708252 179.999969 -179.999985 -161.595779 0.000001 -0.000001 0.000003 0.000042 -0.000044 37.011566 0.000058 -0.000008 37.011574 0.000035 0.000019 24.649700 0.000001 -0.000001 0.000003 170.000076 -179.999924 -145.448029 0.000107 -0.000019 34.551922 0.000066 0.000030 23.011593 0.000001 -0.000001 0.000003 160.000000 179.999985 -160.972183 179.999985 179.999985 -151.458267 179.999985 -179.999985 -160.991211 176.553009 -177.153503 -179.746109 167.610794 -173.682007 97.509407 177.519012 -177.996307 179.764038 9.489335 -1.189573 0.219835 133.686279 125.480919 157.220642 0.000021 -0.000015 -13.706211 0.000007 -0.000020 -9.128349 180.000000 180.000000 -180.000000 164.999832 179.999908 148.085953 179.999939 179.999863 153.888535 180.000000 179.999893 161.721970 180.000000 180.000000 -180.000000 179.999863 179.999924 144.195557 179.999954 179.999847 144.195557 0.000023 0.000101 -23.845758 180.000000 180.000000 -180.000000 9.999865 0.000085 -32.368633 179.999939 179.999847 147.631363 0.000015 0.000105 -21.557508 180.000000 180.000000 -180.000000 19.999855 0.000103 -26.063501 179.999878 179.999756 140.904709 0.000039 0.000172 -26.037416
-0.595634 96.873886 1.424399 0.851388 2.709448 0.282058 0.683721 0.393158 -1.534654 177.242416 177.848404 179.074631 1.024960 -5.389656 2.273313 0.080021 1.005987 3.199284 179.834625 178.733383 178.978821 179.555588 -175.143646 177.499298 179.903885 176.169815 179.994019 179.903885 176.243484 179.994431 179.551193 177.274918 179.964249 0.000014 -5.436300 0.042793 0.000017 -6.342355 0.044320 2.977360 -4.676387 -0.216055 1.675073 -0.601249 0.016001 10.268945 -3.562685 81.850426 5.541006 0.839989 2.116873 175.667252 -177.062088 175.313553 34.669292 48.285011 15.456453 0.000026 -0.000037 16.624678 0.000029 -0.000020 11.072049 0.000000 0.000000 -0.000003 14.999965 0.000033 32.191250 179.999969 179.999985 -153.661682 179.999985 -179.999985 -161.563187 0.000000 0.000000 -0.000003 0.000045 -0.000039 36.971642 0.000058 -0.000003 36.971672 0.000030 0.000021 24.623112 0.000000 0.000000 -0.000003 170.000076 -179.999954 -145.526382 0.000083 -0.000003 34.473644 0.000047 0.000027 22.959419 0.000000 0.000000 -0.000003 160.000000 179.999985 -160.968872 179.999985 179.999985 -151.453293 179.999985 -180.000000 -160.987885 176.556686 -177.145157 -179.687714 167.697754 -173.757446 97.468529 177.097595 -177.729568 179.682724 9.606305 -1.256083 0.287285 133.486847 125.193787 156.879776 0.000298 0.000022 -13.728134 0.000189 -0.000028 -9.142922 180.000000 -180.000000 179.999985 165.000214 -179.999817 148.237869 0.000063 -0.000227 -25.987207 179.999985 -179.999847 161.808975 180.000000 -180.000000 179.999985 179.999908 179.999908 144.270798 179.999985 179.999863 144.270782 0.000037 0.000079 -23.795683 180.000000 -180.000000 179.999985 10.000408 -0.000412 -32.170597 0.000121 -0.000566 -32.170601 179.999863 -179.999634 158.574387 180.000000 -180.000000 179.999985 20.000093 -0.000109 -25.912331 0.000069 -0.000216 -38.868458 179.999939 -179.999863 154.113571
-0.647923 96.861191 1.527808 0.691123 2.849775 0.164979 0.765327 0.214967 -1.369404 177.317352 177.777908 179.014893 1.017477 -5.399874 2.235102 0.161197 0.981800 3.386374 179.797211 178.776840 178.893921 179.671585 -175.030991 177.451614 179.910233 176.158096 -179.993362 179.910233 176.231964 -179.984833 179.578506 177.266281 179.993011 0.000023 -5.461300 0.031155 0.000029 -6.371520 0.032265 2.933728 -4.697696 -0.220897 1.650989 -0.612525 -0.002307 10.045456 -3.457110 81.919037 5.619811 1.102396 2.141513 175.767609 -176.977448 175.209030 34.707287 48.292305 15.451035 0.000029 -0.000070 16.604076 0.000033 -0.000032 11.058319 180.000000 -180.000000 179.999985 14.999978 0.000018 32.231579 179.999985 179.999985 -153.628708 179.999985 -179.999985 -161.540100 180.000000 -180.000000 179.999985 0.000060 -0.000040 36.937084 0.000075 0.000005 36.937096 0.000038 0.000031 24.600094 180.000000 -180.000000 179.999985 170.000061 -179.999969 -145.585831 0.000074 0.000004 34.414185 0.000034 0.000030 22.919855 180.000000 -180.000000 179.999985 160.000000 179.999985 -160.962418 179.999985 179.999985 -151.443619 179.999985 -179.999985 -160.981445 176.568634 -177.113937 -179.636246 167.745239 -173.875748 97.437492 176.615463 -177.474258 179.608627 9.500412 -1.524312 0.335498 134.062073 125.011177 156.275558 179.999710 179.998718 165.715286 0.000005 0.000867 -9.513610 0.000000 0.000000 -0.000003 164.999969 179.999939 148.095520 179.999985 179.999939 153.896317 0.000017 0.000048 -18.272562 0.000000 0.000000 -0.000003 0.000309 -0.000381 -35.584751 0.000027 -0.000493 -35.584755 179.999832 -179.999725 156.300568 0.000000 0.000000 -0.000003 10.000031 -0.000047 -32.432194 0.000007 -0.000062 -32.432217 179.999985 -179.999969 158.400146 0.000000 0.000000 -0.000003 19.999941 0.000069 -26.000101 179.999985 179.999878 140.999817 0.000034 0.000071 -25.974119
-0.704072 96.847115 1.637582 0.514276 2.985354 0.045543 0.839811 0.029327 -1.185921 177.464401 177.573883 178.922089 0.956200 -5.536536 2.219746 0.214604 0.966581 3.573240 179.778488 178.817902 178.805206 179.812531 -174.906601 177.400116 179.918228 176.138077 -179.980316 179.918213 176.212341 -179.963455 179.613464 177.251770 -179.976944 0.000038 -5.493390 0.016552 0.000047 -6.408965 0.017138 2.901678 -4.724954 -0.228829 1.630727 -0.622917 -0.022208 9.892650 -3.333136 81.994522 5.696983 1.269295 2.153475 175.907516 -176.884644 175.039902 34.817490 48.349106 15.449606 0.000032 -0.000074 16.544760 0.000035 -0.000048 11.018809 180.000000 -180.000000 179.999985 14.999973 0.000019 32.254196 179.999985 180.000000 -153.610184 179.999985 -179.999985 -161.527161 180.000000 -180.000000 179.999985 0.000125 -0.000057 36.905388 0.000136 0.000029 36.905407 0.000060 0.000069 24.578991 180.000000 -180.000000 179.999985 170.000122 -179.999954 -145.618958 0.000112 0.000026 34.381046 0.000054 0.000057 22.897776 180.000000 -180.000000 179.999985 159.999969 179.999985 -160.955719 179.999954 179.999985 -151.433594 179.999969 -179.999985 -160.974777 176.525940 -177.135239 -179.584839 167.825363 -173.894196 97.451599 176.136902 -177.247910 179.515961 9.396760 -1.778624 0.417388 133.478958 125.057198 157.317200 0.000014 0.000029 -13.480714 0.000019 0.000017 -8.978168 180.000000 -180.000000 -179.999985 164.999985 179.999969 148.132782 180.000000 179.999969 153.926819 0.000011 0.000023 -18.251217 180.000000 -180.000000 -179.999985 0.000042 -0.000074 -35.836514 180.000000 -179.999924 144.163498 179.999969 -179.999969 156.132874 180.000000 -180.000000 -179.999985 10.000017 -0.000033 -32.460102 180.000000 -179.999969 147.539886 179.999985 -179.999985 158.381561 180.000000 -180.000000 -179.999985 19.999985 0.000023 -25.958551 0.000000 0.000035 -38.937828 0.000015 0.000018 -25.932594
-0.765983 96.831551 1.753945 0.303883 3.122717 -0.083613 0.932329 -0.173204 -0.972183 177.647476 177.309662 178.799179 0.869196 -5.728418 2.224184 0.248992 0.962210 3.772331 179.799286 178.861298 178.709671 179.968414 -174.766449 177.343063 179.930313 176.111252 -179.965927 179.930298 176.186020 -179.940033 179.667191 177.232513 -179.942947 0.000053 -5.533597 -0.001477 0.000066 -6.455873 -0.001538 2.881693 -4.759025 -0.240244 1.613456 -0.635348 -0.043746 9.820767 -3.185364 82.080666 5.781867 1.332653 2.150047 176.097275 -176.790680 174.784515 34.978390 48.406101 15.442373 0.000031 -0.000120 16.460211 0.000032 -0.000061 10.962492 0.000001 -0.000001 0.000003 14.999973 0.000006 32.294952 179.999985 -179.999985 -153.576874 179.999985 -179.999985 -161.503799 0.000001 -0.000001 0.000003 0.000284 -0.000068 36.837208 0.000267 0.000116 36.837196 0.000097 0.000168 24.533581 0.000001 -0.000001 0.000003 170.000320 -179.999939 -145.653259 0.000298 0.000126 34.346722 0.000117 0.000180 22.874929 0.000001 -0.000001 0.000003 160.000015 179.999985 -160.917938 0.000015 -0.000004 28.623085 0.000006 0.000006 19.062960 176.476242 -177.151627 -179.539124 167.890427 -173.910614 97.489120 175.620712 -177.042831 179.414398 9.321856 -1.983155 0.541861 133.379578 124.903030 157.306610 179.999985 180.000000 166.590164 0.000007 -0.000001 -8.930951 180.000000 -180.000000 180.000000 164.999985 179.999969 148.155884 0.000007 0.000037 -26.054245 0.000013 0.000021 -18.237982 180.000000 -180.000000 180.000000 0.000029 -0.000062 -35.881065 179.999985 -179.999939 144.118912 179.999969 -179.999969 156.103210 180.000000 -180.000000 180.000000 10.000005 -0.000010 -32.482361 0.000000 -0.000012 -32.482338 180.000000 -179.999985 158.366745 180.000000 -180.000000 180.000000 19.999973 0.000063 -25.954607 0.000006 0.000102 -38.931908 0.000043 0.000050 -25.928654
-0.833730 96.815239 1.873646 0.152485 3.217017 -0.175531 0.950635 -0.347664 -0.766827 177.835739 177.067963 178.654160 0.790331 -5.896760 2.238556 0.266940 0.964969 3.913968 179.774002 178.864258 178.639038 0.126995 -5.384514 -2.716042 179.931976 176.060837 -179.955505 179.931976 176.136581 -179.922699 179.672882 177.196411 -179.920364 0.000070 -5.582327 -0.024113 0.000087 -6.512729 -0.024985 2.873442 -4.800236 -0.255901 1.598825 -0.647286 -0.070076 9.832450 -3.016603 82.183189 5.893235 1.303310 2.121673 176.337097 -176.672119 174.431458 35.119202 48.473309 15.308568 0.000025 -0.000104 16.318993 0.000034 -0.000062 10.868461 0.000001 -0.000000 0.000000 14.999978 0.000002 32.329155 179.999985 -179.999985 -153.548859 180.000000 -179.999985 -161.484207 0.000001 -0.000000 0.000000 0.000412 -0.000018 36.580059 0.000346 0.000228 36.580082 0.000094 0.000259 24.362326 0.000001 -0.000000 0.000000 170.000427 -179.999985 -145.907883 0.000363 0.000224 34.092117 0.000118 0.000257 22.705345 0.000001 -0.000000 0.000000 160.000122 -180.000000 -160.901703 0.000164 0.000050 28.647442 0.000074 0.000078 19.079193 176.416336 -177.165756 -179.502747 167.942596 -173.922943 97.549248 175.067078 -176.863358 179.305374 9.179612 -2.246703 0.672122 133.284958 124.697464 157.167206 179.999969 -179.999969 166.602829 179.999985 -179.999985 171.077484 0.000000 -0.000000 0.000000 165.000015 -179.999985 148.189621 180.000000 -179.999985 153.973343 179.999985 -179.999985 161.781342 0.000000 -0.000000 0.000000 0.000015 -0.000041 -35.920578 179.999985 -179.999969 144.079422 179.999985 -179.999985 156.076889 0.000000 -0.000000 0.000000 9.999999 0.000009 -32.492203 0.000002 0.000004 -32.492172 0.000002 0.000006 -21.639797 0.000000 -0.000000 0.000000 19.999979 0.000073 -25.919216 0.000013 0.000108 -38.878815 0.000054 0.000053 -25.893303
-0.907538 96.798996 1.995864 179.922516 176.656982 179.701309 1.021428 -0.550641 -0.517971 178.032669 176.871017 178.498657 0.728086 -6.037423 2.258826 0.284417 0.961581 4.099973 179.820221 178.884384 178.552689 0.296489 -5.544760 -2.776834 179.945084 176.013763 -179.940826 179.945084 176.090424 -179.898865 179.731216 177.162918 -179.885483 0.000083 -5.639776 -0.048892 0.000104 -6.579754 -0.050654 2.873478 -4.848837 -0.273997 1.583755 -0.658926 -0.097107 9.926711 -2.829446 82.299934 5.939848 1.163290 2.079674 176.729736 -176.549301 173.955002 35.182373 48.529125 15.143031 0.000019 -0.000085 16.197979 0.000032 -0.000048 10.787870 0.000000 -0.000000 0.000000 14.999995 -0.000000 32.364525 180.000000 -179.999985 -153.519943 180.000000 -179.999985 -161.463943 0.000000 -0.000000 0.000000 0.000427 0.000043 36.098454 0.000322 0.000286 36.098446 0.000061 0.000280 24.041580 0.000000 -0.000000 0.000000 170.000427 179.999969 -146.328094 0.000333 0.000263 33.671890 0.000089 0.000268 22.425478 0.000000 -0.000000 0.000000 160.000153 179.999985 -160.992599 0.000204 0.000084 28.511091 0.000087 0.000115 18.988401 176.335754 -177.183960 -179.470978 167.994019 -173.925140 97.633217 174.478653 -176.715149 179.189529 8.903363 -2.582095 0.806052 133.135056 124.397499 156.838287 0.000022 -0.000001 -13.436242 0.000023 -0.000005 -8.948537 180.000000 -180.000000 180.000000 165.000015 -179.999985 148.179428 179.999985 -179.999985 153.965012 179.999985 -179.999985 161.775482 180.000000 -180.000000 180.000000 0.000001 -0.000022 -35.947124 179.999985 -179.999985 144.052872 179.999985 -179.999985 156.059204 180.000000 -180.000000 180.000000 10.000005 -0.000017 -32.482826 179.999985 -179.999985 147.517181 179.999985 -179.999985 158.366440 180.000000 -180.000000 180.000000 20.000002 -0.000007 -25.860855 180.000000 -179.999985 141.208725 179.999985 -179.999985 154.165009
-0.986421 96.781296 2.130955 179.674881 176.530914 179.580673 1.091098 -0.753413 -0.257159 178.335861 176.413406 178.290817 0.556540 -6.472018 2.354205 0.299816 0.949937 4.280030 179.860718 178.890182 178.471100 0.491918 -5.711181 -2.833528 179.959671 175.958755 -179.926300 179.959656 176.036469 -179.875397 179.796432 177.123901 -179.850540 0.000094 -5.705676 -0.076678 0.000120 -6.656637 -0.079436 2.879821 -4.904557 -0.294925 1.566110 -0.669554 -0.122847 10.095412 -2.629191 82.426620 6.069159 1.000225 2.000828 177.135712 -176.321838 173.352509 35.044998 48.546066 14.741742 179.999985 179.999985 -163.945953 179.999985 179.999985 -169.307999 0.000000 -0.000000 0.000000 14.999926 -0.000020 32.353645 179.999969 -179.999954 -153.528839 179.999985 -179.999969 -161.470200 0.000000 -0.000000 0.000000 0.000256 0.000042 35.477482 0.000186 0.000181 35.477493 0.000032 0.000170 23.628002 0.000000 -0.000000 0.000000 170.000290 179.999969 -146.823639 0.000220 0.000188 33.176350 0.000052 0.000181 22.095449 0.000000 -0.000000 0.000000 159.999847 -179.999985 -161.206802 179.999786 -179.999893 -151.810196 179.999908 -179.999863 -161.225601 176.225906 -177.214005 -179.444901 168.052994 -173.917831 97.747536 173.863098 -176.587906 179.067429 8.895638 -2.757004 0.963828 133.456070 124.456001 156.652695 0.000006 -0.000006 -13.699113 0.000007 0.000001 -9.123604 0.000000 -0.000001 0.000000 165.000000 -179.999985 148.143448 180.000000 -179.999985 153.935532 180.000000 -179.999985 161.754883 0.000000 -0.000001 0.000000 0.000000 -0.000009 -35.981346 180.000000 -179.999985 144.018677 179.999985 -180.000000 156.036423 0.000000 -0.000001 0.000000 10.000005 -0.000007 -32.506817 180.000000 -179.999985 147.493179 180.000000 -180.000000 158.350464 0.000000 -0.000001 0.000000 20.000010 -0.000003 -25.873884 0.000001 -0.000002 -38.810799 180.000000 -179.999985 154.151978
-1.066477 96.763596 2.270185 179.410538 176.404449 179.465179 1.137357 -1.010607 0.057071 178.665390 175.929916 178.023697 0.386264 -6.903027 2.474090 0.318063 0.926823 4.450338 179.834152 178.858414 178.396210 0.766760 -5.918297 -2.897306 179.970505 175.873932 -179.912216 179.970490 175.953308 -179.852432 179.843903 177.063721 -179.817368 0.000074 -5.794969 -0.114024 0.000097 -6.760815 -0.118114 2.891336 -4.980041 -0.323400 1.541011 -0.685759 -0.152756 10.353130 -2.379594 82.583099 6.247403 0.785561 1.881916 177.582825 -176.229889 172.898239 33.204720 48.341488 10.949177 0.000045 0.001207 14.991381 179.999817 179.999222 -170.015762 180.000000 -180.000000 179.999985 14.996804 -0.001445 31.855333 179.998413 -179.997604 -153.936569 179.999756 -179.998001 -161.755615 180.000000 -180.000000 179.999985 179.995163 -179.998672 -146.178940 179.996750 -179.996170 -146.178940 179.999649 -179.996674 -157.475174 180.000000 -180.000000 179.999985 169.994049 -179.998657 -148.414078 179.995682 -179.995697 -148.414093 179.999069 -179.996048 -158.963776 180.000000 -180.000000 179.999985 159.992462 -179.998520 -162.188416 179.989960 -179.994293 -153.282623 179.995819 -179.993546 -162.206223 176.244507 -177.066467 -179.427933 168.024551 -173.989990 97.833000 173.161407 -176.548676 178.934158 9.000847 -2.999933 1.143411 131.988129 123.690094 156.327209 0.000304 -0.000058 -12.999648 0.000183 -0.000087 -8.657762 0.000000 -0.000000 0.000000 164.997971 -179.995575 148.746948 179.996704 -179.997803 154.429382 179.997238 -179.999634 162.100555 0.000000 -0.000000 0.000000 179.999893 -179.999741 143.971909 179.999771 -179.999863 143.971924 179.999832 179.999985 156.005310 0.000000 -0.000000 0.000000 9.999902 -0.000215 -32.432037 179.999817 -179.999863 147.567963 179.999847 -179.999985 158.400238 0.000000 -0.000000 0.000000 20.000198 0.000529 -25.898115 0.000621 0.000581 -38.847195 0.000565 0.000042 -25.872242
-1.162583 96.744331 2.407739 179.033890 176.226395 179.309616 1.338603 -1.368342 0.403496 178.967346 175.342453 177.747498 0.200198 -7.380238 2.582935 0.346927 0.878487 4.676687 179.898117 178.859589 178.300095 1.054518 -6.095594 -2.938858 0.023051 4.100142 0.102550 0.023068 4.021256 0.169752 0.086906 2.916437 0.229684 179.999573 -174.189590 179.894943 179.999466 -173.221268 179.891266 2.867072 -4.994157 -0.316007 1.468957 -0.625120 -0.152058 10.563730 -2.224126 82.671326 6.389812 0.681117 1.759769 177.948608 -175.735168 172.129608 35.429852 48.828278 15.542704 0.004250 -0.006448 16.233002 0.003895 -0.003372 10.811168 0.000000 -0.000000 0.000000 15.004881 0.002064 33.728069 0.002427 0.003598 27.595675 0.000367 0.003015 19.316973 0.000000 -0.000000 0.000000 179.994873 -179.998596 -145.693741 179.996597 -179.995926 -145.693710 179.999695 -179.996460 -157.152008 0.000000 -0.000000 0.000000 170.010620 179.997742 -146.555008 0.007731 0.007632 33.444981 0.001583 0.007057 22.274334 0.000000 -0.000000 0.000000 160.009155 179.998291 -160.446396 0.012165 0.006828 29.330387 0.004949 0.007867 19.534040 175.995667 -177.269424 -179.422775 168.026733 -174.048294 98.026894 172.365143 -176.580963 178.775391 9.018929 -3.207832 1.297832 132.637421 123.920967 156.373489 0.000179 -0.000050 -13.340516 0.000091 -0.000025 -8.884761 0.000000 -0.000000 0.000000 164.999893 -179.999847 147.415024 179.999878 -179.999924 153.339584 179.999908 -179.999985 161.337723 0.000000 -0.000000 0.000000 179.999939 -179.999863 143.921997 179.999878 -179.999939 143.921982 179.999908 179.999985 155.972031 0.000000 -0.000000 0.000000 9.999949 -0.000106 -32.476009 179.999908 -179.999939 147.524017 179.999924 179.999985 158.370987 0.000000 -0.000000 0.000000 19.999975 -0.000076 -25.717485 179.999908 -179.999908 141.423828 179.999908 -179.999985 154.308243
-1.244924 96.727791 2.552500 178.981125 176.205063 179.270706 1.177987 -1.203057 0.291990 179.320282 175.232971 177.852432 0.021695 -7.754988 2.751486 0.186080 0.921696 4.762961 0.011580 1.100863 -1.763761 1.156838 -6.129084 -2.933810 179.995697 175.748230 -179.886597 179.995682 175.829956 -179.810379 179.955261 176.974442 -179.755920 179.999832 -174.066422 179.836273 179.999786 -173.077560 179.830444 2.893388 -5.097860 -0.360965 1.492861 -0.715607 -0.187903 10.812344 -2.032782 82.791443 6.531652 0.531872 1.642928 178.568253 -175.281067 171.185211 33.703331 48.281654 12.167741 179.999100 179.998825 -164.604752 179.999222 179.999420 -169.746750 0.000000 -0.000000 0.000003 14.998814 -0.000453 31.991360 179.999374 -179.999176 -153.825256 179.999863 -179.999283 -161.677689 0.000000 -0.000000 0.000003 0.020619 0.004719 37.272038 0.014106 0.015760 37.272038 0.001523 0.014005 24.823174 0.000000 -0.000000 0.000003 170.000443 179.999908 -148.248108 0.000328 0.000311 31.751862 0.000078 0.000293 21.146732 0.000000 -0.000000 0.000003 159.999100 -179.999847 -161.806610 179.998779 -179.999329 -152.709915 179.999481 -179.999222 -161.824799 175.935181 -177.160217 -179.439163 168.007187 -174.150101 98.271500 171.513382 -176.642578 178.597687 9.221786 -3.527976 1.404438 133.074188 124.087654 156.448242 0.000128 -0.000024 -13.549271 0.000087 -0.000038 -9.023816 0.000000 -0.000000 0.000000 164.999924 -179.999847 147.378677 179.999893 -179.999939 153.309845 179.999924 -179.999985 161.316910 0.000000 -0.000000 0.000000 179.999954 -179.999893 143.892624 179.999893 -179.999954 143.892609 179.999924 179.999985 155.952484 0.000000 -0.000000 0.000000 9.999949 -0.000094 -32.501671 179.999908 -179.999939 147.498352 179.999939 180.000000 158.353897 0.000000 -0.000000 0.000000 19.999956 -0.000069 -25.736423 179.999924 -179.999939 141.395309 179.999924 180.000000 154.289307
-1.356922 96.709068 2.671690 178.716873 176.099594 179.178040 1.371463 -1.826731 0.826734 179.537796 174.085175 177.314392 179.754272 -171.563812 -177.060333 0.290705 0.856490 4.874787 179.840378 178.799683 178.208908 1.485012 -6.328076 -2.982038 179.989624 175.601547 -179.871231 179.989594 175.686142 -179.784882 179.923111 176.869904 -179.725616 0.000320 -6.092533 -0.258609 0.000408 -7.108027 -0.267908 2.964121 -5.229965 -0.435003 1.575145 -0.858335 -0.242287 10.950781 -1.797034 82.935158 6.727265 0.414529 1.553368 179.237686 -174.822983 170.213196 33.715656 48.169281 12.301542 179.998428 179.998489 -164.523544 179.998734 179.999329 -169.692673 0.000000 -0.000000 0.000000 14.997977 -0.000772 32.044418 179.998932 -179.998581 -153.781830 179.999786 -179.998779 -161.647278 0.000000 -0.000000 0.000000 179.998596 -179.999649 -146.895309 179.999023 -179.998932 -146.895279 179.999847 -179.999054 -157.952255 0.000000 -0.000000 0.000000 169.999939 -179.999985 -148.326736 179.999954 -179.999954 -148.326736 179.999985 -179.999954 -158.905624 0.000000 -0.000000 0.000000 159.997940 -179.999619 -161.824463 179.997223 -179.998474 -152.736618 179.998825 -179.998245 -161.842606 175.882507 -177.038422 -179.464005 167.965225 -174.346390 98.608170 170.387207 -176.831787 178.355988 9.848655 -4.405853 1.447175 132.703262 123.873993 156.016495 0.001670 0.000241 -13.546636 0.001120 -0.000110 -9.022047 180.000000 180.000000 -180.000000 164.999359 -179.999207 147.396515 179.999207 -179.999725 153.324432 179.999420 179.999924 161.327103 180.000000 180.000000 -180.000000 179.999557 -179.999435 143.898178 179.999313 -179.999802 143.898132 179.999557 179.999832 155.956161 180.000000 180.000000 -180.000000 9.999602 -0.000517 -32.494377 179.999390 -179.999771 147.505646 179.999588 179.999908 158.358749 180.000000 180.000000 -180.000000 19.999655 -0.000460 -25.721964 179.999252 -179.999588 141.417053 179.999451 179.999893 154.303741
-1.494339 96.686111 2.778677 178.277847 175.883591 179.079575 2.019819 -2.710514 1.479924 179.402771 172.888519 176.648499 179.507217 -170.968384 -176.879639 0.622637 0.658776 4.963387 179.607803 178.643112 178.209946 1.819791 -6.556651 -3.041817 0.028580 4.440654 0.133209 0.028566 4.355209 0.220467 0.104231 3.158540 0.296212 0.000440 -6.199836 -0.351201 0.000474 -7.233217 -0.363745 2.936372 -5.319047 -0.496147 1.507213 -0.817066 -0.270730 11.090281 -1.690034 83.034790 6.880855 0.327782 1.495770 179.932510 -174.198654 168.989105 33.501648 47.557579 12.273701 179.999847 179.999649 -164.333145 179.999847 179.999786 -169.565872 0.000000 -0.000000 -0.000003 14.998894 -0.000363 32.447369 179.999405 -179.999252 -153.452118 179.999863 -179.999344 -161.416504 0.000000 -0.000000 -0.000003 179.998535 -179.999664 -146.833084 179.998947 -179.998917 -146.833099 179.999832 -179.999008 -157.910828 0.000000 -0.000000 -0.000003 170.000916 179.999832 -148.193909 0.000676 0.000610 31.806093 0.000165 0.000586 21.182858 0.000000 -0.000000 -0.000003 159.999771 -179.999969 -161.528427 179.999695 -179.999832 -152.292694 179.999863 -179.999802 -161.546921 175.803665 -176.972473 -179.468781 167.881973 -174.576523 98.883934 169.561569 -176.886581 178.181213 9.391287 -4.272410 1.592539 134.615067 124.740784 156.969833 0.000176 -0.000047 -14.163341 0.000116 -0.000073 -9.432789 180.000000 180.000000 179.999985 164.999847 -179.999847 147.250153 179.999832 -179.999969 153.204666 179.999878 179.999969 161.243271 180.000000 180.000000 179.999985 179.999863 -179.999863 143.798950 179.999832 -179.999985 143.798981 179.999893 179.999954 155.890091 180.000000 180.000000 179.999985 9.999892 -0.000107 -32.586578 179.999847 -179.999969 147.413406 179.999908 179.999969 158.297318 180.000000 180.000000 179.999985 19.999937 -0.000070 -25.810379 179.999863 -179.999954 141.284424 179.999908 179.999969 154.215424
-1.646151 96.660728 2.870637 178.026047 175.777222 179.003708 2.430193 -3.275547 1.936421 179.162231 172.327423 176.199326 179.471939 -170.815414 -176.780518 0.872584 0.547489 5.019479 179.392181 178.515457 178.231613 2.034134 -6.717580 -3.089790 0.024595 4.544674 0.144394 0.024555 4.457172 0.239045 0.082726 3.232493 0.318829 0.000065 -6.318300 -0.355038 0.000127 -7.371294 -0.367797 3.145631 -5.419148 -0.523654 1.557541 -0.884517 -0.324087 11.216855 -1.712921 83.078705 6.961165 0.266761 1.489274 0.378947 -6.137220 -11.722990 34.018047 47.633522 13.456011 179.999954 179.999878 -163.976608 179.999954 179.999939 -169.328415 0.000000 0.000000 0.000003 14.999577 -0.000124 32.877689 179.999756 -179.999725 -153.100098 179.999939 -179.999741 -161.170059 0.000000 0.000000 0.000003 179.999451 -179.999878 -146.441223 179.999588 -179.999588 -146.441269 179.999939 -179.999619 -157.649872 0.000000 0.000000 0.000003 169.999344 -179.999893 -148.598984 179.999512 -179.999573 -148.598999 179.999878 -179.999588 -159.086929 0.000000 0.000000 0.000003 159.999222 -179.999878 -161.612610 179.998932 -179.999451 -152.418930 179.999557 -179.999344 -161.631027 175.742035 -176.938919 -179.491348 167.958862 -174.633286 99.149612 168.900894 -176.943344 178.041550 9.333848 -4.317200 1.651645 135.336502 125.083778 157.262299 0.000168 -0.000051 -14.430326 0.000097 -0.000050 -9.610604 0.000000 0.000001 0.000000 164.996841 -179.996826 147.796753 179.996429 -179.999207 153.651917 179.997513 179.999359 161.556351 0.000000 0.000001 0.000000 179.999893 -179.999893 143.765930 179.999847 -179.999985 143.765976 179.999908 179.999954 155.868118 0.000000 0.000001 0.000000 9.999911 -0.000086 -32.614742 179.999878 -179.999969 147.385284 179.999924 179.999985 158.278625 0.000000 0.000001 0.000000 19.999941 -0.000058 -25.828903 179.999893 -179.999969 141.256622 179.999939 179.999985 154.196915
-1.808840 96.628288 2.964602 177.582718 175.524567 178.952942 3.203285 -4.149504 2.521889 178.943314 171.018723 175.542999 179.139313 -170.073822 -176.604691 1.310123 0.286717 5.031662 179.176605 178.387741 178.252792 2.248651 -6.878384 -3.138272 0.023443 4.671926 0.143877 0.023437 4.582040 0.238506 0.075991 3.323097 0.318912 179.999985 -173.461624 179.487137 0.000006 -7.628103 -0.531205 3.306196 -5.599373 -0.651091 1.678466 -1.033080 -0.407206 11.398693 -1.738245 83.141121 7.063763 0.173262 1.479465 0.771807 -5.911725 -12.081411 34.839592 48.136272 15.016823 0.000739 -0.000382 16.356171 0.000547 -0.000097 10.893205 0.000000 -0.000000 0.000000 14.997982 -0.000187 32.990673 179.998703 -179.998962 -153.007645 179.999527 -179.998932 -161.105347 0.000000 -0.000000 0.000000 0.001460 0.000103 34.018227 0.001155 0.000900 34.018223 0.000305 0.000927 22.656147 0.000000 -0.000000 0.000000 169.998047 -179.999847 -148.456863 179.998413 -179.998856 -148.456924 179.999496 -179.998795 -158.992264 0.000000 -0.000000 0.000000 159.997742 -179.999847 -161.459900 179.996857 -179.998688 -152.189865 179.998550 -179.998245 -161.478455 176.009247 -176.516205 -179.516434 167.944656 -174.756790 99.318237 168.419617 -176.992416 177.937958 9.188727 -4.257995 1.707836 136.045288 125.429977 157.543060 0.000136 -0.000055 -14.695922 0.000078 -0.000046 -9.787486 180.000000 -180.000000 179.999985 164.999847 -179.999847 146.376450 179.999832 -179.999969 152.489822 179.999878 179.999969 160.742905 180.000000 -180.000000 179.999985 179.999908 -179.999908 143.734421 179.999878 -179.999985 143.734406 179.999939 179.999969 155.847122 180.000000 -180.000000 179.999985 9.999929 -0.000077 -32.641319 179.999893 -179.999985 147.358688 179.999939 179.999985 158.260880 180.000000 -180.000000 179.999985 19.999949 -0.000043 -25.845778 179.999924 -179.999969 141.231339 179.999954 179.999985 154.180069
-1.990469 96.586136 3.062319 177.026337 175.221558 178.871414 4.131279 -5.317033 3.326469 178.642746 169.276871 174.644012 178.752365 -169.147781 -176.448868 1.858913 -0.027670 5.059624 178.864471 178.208328 178.281097 2.559469 -7.108597 -3.209456 0.059326 4.681232 0.140726 0.059350 4.591139 0.231168 0.244988 3.328542 0.321847 0.000201 -6.686290 -0.650201 0.000281 -7.800778 -0.673456 3.439297 -5.717218 -0.760438 1.604818 -0.968451 -0.481428 11.695060 -1.988379 83.135284 7.134120 0.159729 1.479626 1.105217 -6.631518 -12.651579 33.822109 47.139858 13.355280 179.999466 179.999771 -163.852554 179.999619 179.999969 -169.245789 0.000000 -0.000000 -0.000003 14.998818 -0.000067 33.407867 179.999222 -179.999420 -152.666290 179.999710 -179.999390 -160.866409 0.000000 -0.000000 -0.000003 179.999313 -179.999969 -146.420563 179.999451 -179.999588 -146.420593 179.999847 -179.999573 -157.636108 0.000000 -0.000000 -0.000003 170.003174 179.999878 -147.650009 0.002622 0.001775 32.349972 0.000856 0.001930 21.545074 0.000000 -0.000000 -0.000003 160.000900 179.999969 -160.872910 0.001256 0.000486 28.690657 0.000580 0.000687 19.107956 176.209869 -176.287613 -179.539642 167.939240 -174.836441 99.417030 168.127487 -177.029175 177.876862 8.957217 -4.079736 1.761563 136.741653 125.779205 157.812469 0.000128 -0.000042 -14.959977 0.000063 -0.000049 -9.963355 0.000000 -0.000000 0.000000 164.999878 -179.999863 146.325073 179.999847 -179.999969 152.447769 179.999908 179.999985 160.713470 0.000000 -0.000000 0.000000 0.000853 0.000861 -36.490765 0.001199 0.000189 -36.490742 0.000717 -0.000371 -24.302860 0.000000 -0.000000 0.000000 9.999944 -0.000065 -32.666466 179.999924 -179.999985 147.333542 179.999954 179.999985 158.244156 0.000000 -0.000000 0.000000 19.999960 -0.000034 -25.860956 179.999939 -179.999985 141.208557 179.999969 179.999985 154.164917
-2.151733 96.540779 3.170782 176.788559 175.093735 178.824097 4.593619 -5.689434 3.552632 178.489304 168.699738 174.402740 178.595154 -168.842667 -176.410385 2.093175 -0.161087 5.082286 178.873398 178.276230 178.260635 2.547108 -7.014710 -3.181851 0.052489 4.740257 0.145521 0.052442 4.648979 0.239484 0.211540 3.370826 0.329165 0.000371 -6.814290 -0.748330 0.000505 -7.950173 -0.775119 3.601081 -5.818814 -0.847310 1.481926 -0.884951 -0.556212 12.368623 -2.606185 82.965767 6.856397 -0.086507 1.553008 1.267882 -7.221786 -12.955742 33.879856 46.934101 13.697594 179.999985 179.999939 -163.667084 179.999985 179.999969 -169.122284 0.000000 -0.000000 0.000000 14.998908 -0.000063 33.706532 179.999283 -179.999466 -152.421936 179.999725 -179.999435 -160.695343 0.000000 -0.000000 0.000000 179.999435 -179.999985 -146.263977 179.999542 -179.999649 -146.263977 179.999863 -179.999634 -157.531799 0.000000 -0.000000 0.000000 169.999252 -179.999969 -148.732300 179.999374 -179.999588 -148.732285 179.999786 -179.999542 -159.175720 0.000000 -0.000000 0.000000 159.999146 -179.999969 -161.248444 179.998795 -179.999527 -151.872650 179.999451 -179.999344 -161.267181 176.495407 -175.996552 -179.572311 167.939240 -174.836441 99.417023 168.127487 -177.029175 177.876862 8.424422 -3.516140 1.841009 137.762283 126.308205 158.195297 180.000000 -179.999985 164.647415 0.000000 -0.000003 -10.224811 0.000000 -0.000000 0.000000 165.000000 179.999985 146.251923 0.000001 -0.000003 -27.612091 0.000003 0.000003 -19.328447 0.000000 -0.000000 0.000000 0.000002 -0.000000 -36.012169 180.000000 180.000000 143.987839 0.000000 -0.000001 -23.984110 0.000000 -0.000000 0.000000 9.999999 0.000001 -32.700832 180.000000 -180.000000 147.299164 180.000000 180.000000 158.221252 0.000000 -0.000000 0.000000 20.000002 -0.000003 -25.880022 0.000000 0.000004 -38.820042 0.000001 0.000002 -25.854151
-2.295536 96.493546 3.296655 176.533539 174.864426 178.908234 5.100608 -6.034078 3.593714 178.333023 168.240845 174.203979 178.363922 -168.397842 -176.353012 2.343197 -0.391074 4.966852 178.724274 178.032120 178.321823 2.703673 -7.313326 -3.267153 0.025489 4.807139 0.124796 0.025534 4.714711 0.206546 0.089272 3.419648 0.277644 0.000097 -6.978467 -0.802340 0.000166 -8.141627 -0.831043 3.931084 -5.952105 -0.925897 1.465358 -0.946220 -0.659164 12.299290 -2.495084 83.130722 7.492232 0.591149 1.302041 1.305161 -7.950658 -13.159336 34.489502 47.475021 14.657451 179.999130 179.999741 -163.549377 179.999390 -180.000000 -169.043869 180.000000 -180.000000 180.000000 14.998701 0.000035 34.043518 179.999115 -179.999435 -152.146210 179.999634 -179.999344 -160.502335 180.000000 -180.000000 180.000000 179.999435 179.999985 -146.105713 179.999512 -179.999695 -146.105698 179.999847 -179.999649 -157.426407 180.000000 -180.000000 180.000000 169.999008 179.999985 -148.562592 179.999146 -179.999496 -148.562592 179.999695 -179.999420 -159.062683 180.000000 -180.000000 180.000000 159.999039 179.999985 -161.046783 179.998627 -179.999557 -151.570190 179.999329 -179.999313 -161.065735 177.136017 -175.390228 -179.665787 167.955902 -174.644211 99.236031 168.661133 -176.956161 177.988342 8.422529 -3.444654 1.854897 141.135956 128.352020 159.698944 0.100198 0.045800 -16.575302 0.072412 0.011990 -11.039175 0.000000 -0.000000 0.000000 164.992599 -179.995605 147.088562 179.992966 179.999603 153.072449 179.995789 179.997467 161.150726 0.000000 -0.000000 0.000000 179.999863 -179.999924 144.003052 179.999847 179.999985 144.003067 179.999924 179.999924 156.026016 0.000000 -0.000000 0.000000 10.000220 0.000131 -32.725197 0.000256 -0.000007 -32.725178 0.000142 -0.000097 -21.794966 0.000000 -0.000000 0.000000 20.000584 0.000361 -25.947237 0.001016 0.000102 -38.920876 0.000573 -0.000373 -25.921301
-2.425313 96.445389 3.444156 176.264038 174.643631 178.978455 5.623452 -6.423084 3.689555 178.208420 167.595963 173.957397 178.052643 -167.791382 -176.263977 2.608362 -0.612475 4.862307 178.585464 177.828430 178.373077 2.849330 -7.567152 -3.343295 0.013917 4.840747 0.103943 0.013952 4.747672 0.172427 0.039774 3.444040 0.228722 0.000075 -7.139945 -0.999379 0.000154 -8.329989 -1.035122 3.997552 -6.076673 -1.070129 1.349778 -0.926806 -0.743101 12.129164 -2.286405 83.336258 7.840572 0.649295 1.390437 1.759080 -8.223005 -13.690151 34.570869 47.197430 15.133457 179.999756 179.999924 -163.293640 179.999832 180.000000 -168.873566 0.000000 -0.000000 0.000000 14.998913 0.000054 34.391159 179.999237 -179.999527 -151.861801 179.999695 -179.999466 -160.303238 0.000000 -0.000000 0.000000 179.999451 179.999985 -145.977554 179.999527 -179.999710 -145.977570 179.999847 -179.999664 -157.341064 0.000000 -0.000000 0.000000 169.999069 179.999969 -148.348526 179.999207 -179.999557 -148.348511 179.999710 -179.999466 -158.920120 0.000000 -0.000000 0.000000 159.999176 179.999969 -160.833176 179.998810 -179.999634 -151.249786 179.999435 -179.999405 -160.852371 176.946808 -175.490463 -179.607590 167.937241 -175.055038 99.621658 167.493439 -177.133102 177.749893 8.425527 -3.604354 1.827344 129.307388 122.025208 153.799133 179.999603 -179.999741 167.361923 179.999725 -179.999908 171.583054 0.000000 -0.000000 0.000000 164.998184 -179.998962 144.650223 179.998291 179.999832 151.077454 179.999023 179.999313 159.754227 0.000000 -0.000000 0.000000 179.999863 -179.999924 143.968643 179.999847 179.999985 143.968643 179.999924 179.999939 156.003113 0.000000 -0.000000 0.000000 9.999897 -0.000059 -32.638412 179.999893 179.999985 147.361557 179.999954 179.999954 158.262802 0.000000 -0.000000 0.000000 19.999987 -0.000015 -25.734035 179.999985 -179.999985 141.398911 179.999985 179.999985 154.291702
-2.541358 96.401665 3.604893 176.059265 174.408752 179.089630 6.077486 -6.638310 3.581180 177.958389 167.621765 173.882614 177.965805 -167.620178 -176.203125 3.074572 -0.916246 4.673411 178.143784 177.443497 178.495667 3.035842 -7.964038 -3.453890 179.992432 175.131470 -179.922455 179.992538 175.224991 -179.870239 179.945206 176.535583 -179.834427 0.000191 -7.274489 -1.109196 0.000281 -8.486997 -1.148850 4.139359 -6.181394 -1.165450 1.198727 -0.902349 -0.818067 11.906859 -2.023538 83.556747 8.219090 0.720883 1.520079 2.310229 -8.662746 -14.348704 35.220642 47.556900 16.286144 180.000000 -179.999985 -163.065170 180.000000 179.999985 -168.721405 0.000000 0.000000 -0.000003 14.999908 0.000027 34.794376 179.999924 -179.999985 -151.531876 179.999969 -179.999969 -160.072311 0.000000 0.000000 -0.000003 179.999985 179.999985 -145.786133 179.999985 -179.999985 -145.786133 179.999985 -179.999985 -157.213577 0.000000 0.000000 -0.000003 169.999908 179.999985 -148.062454 179.999908 -179.999985 -148.062439 179.999969 -179.999954 -158.729599 0.000000 0.000000 -0.000003 159.999985 179.999985 -160.561417 179.999985 -179.999985 -150.842102 179.999985 -179.999985 -160.580841 176.680054 -175.653976 -179.538025 167.878647 -175.552597 100.077606 166.159592 -177.306793 177.491028 8.435412 -3.805929 1.788397 130.033875 122.266640 154.200256 179.999664 -179.999802 167.154358 179.999741 -179.999908 171.444794 0.000000 -0.000000 0.000000 164.998718 -179.999329 144.108734 179.998840 179.999832 150.634415 179.999344 179.999481 159.444107 0.000000 -0.000000 0.000000 179.999893 -179.999954 143.932373 179.999878 179.999985 143.932373 179.999954 179.999939 155.978973 0.000000 -0.000000 0.000000 9.999915 -0.000044 -32.665558 179.999908 179.999985 147.334442 179.999954 179.999969 158.244736 0.000000 -0.000000 0.000000 19.999996 0.000000 -25.740192 179.999985 -179.999985 141.389709 180.000000 179.999985 154.285538
-2.654127 96.361038 3.792647 175.818756 174.110245 179.219559 6.592173 -6.874754 3.421049 177.693649 167.686218 173.825851 177.863159 -167.410873 -176.114883 2.481966 -0.987336 4.653671 178.807388 177.204910 178.457001 3.227823 -8.427787 -3.576449 179.976273 175.128799 -179.954941 179.976395 175.222351 -179.923386 179.877350 176.533508 -179.909424 0.000329 -7.395638 -1.205154 0.000429 -8.628392 -1.248225 4.275796 -6.274987 -1.251087 1.133228 -0.952056 -0.873255 11.383360 -1.484197 83.840050 8.775852 0.944206 1.666082 2.662151 -8.330825 -14.624824 35.295242 47.578918 16.366718 0.000010 -0.000003 16.938566 0.000000 0.000002 11.281078 180.000000 180.000000 179.999985 14.999937 0.000020 34.892651 179.999954 -179.999985 -151.451477 179.999985 -179.999985 -160.016037 180.000000 180.000000 179.999985 179.999969 179.999985 -145.768417 179.999969 -179.999985 -145.768417 179.999985 -179.999985 -157.201767 180.000000 180.000000 179.999985 169.999908 179.999969 -147.978455 179.999908 -179.999985 -147.978455 179.999954 -179.999954 -158.673660 180.000000 180.000000 179.999985 160.000000 179.999985 -160.537399 179.999985 -180.000000 -150.806076 179.999985 -179.999985 -160.556854 176.338806 -175.879257 -179.457611 167.803604 -176.110916 100.587265 164.731644 -177.306122 177.239243 8.428560 -3.860589 1.749297 130.988266 122.621010 154.733261 179.999786 -179.999847 166.880630 179.999832 -179.999939 171.262497 0.000001 0.000001 0.000000 164.999161 -179.999588 143.678940 179.999252 179.999863 150.282761 179.999588 179.999649 159.197937 0.000001 0.000001 0.000000 179.999908 -179.999969 143.898087 179.999893 179.999985 143.898087 179.999954 179.999954 155.956146 0.000001 0.000001 0.000000 9.999933 -0.000032 -32.693748 179.999924 179.999985 147.306229 179.999969 179.999969 158.225967 0.000001 0.000001 0.000000 19.999989 -0.000007 -25.740906 179.999985 180.000000 141.388672 179.999985 179.999985 154.284851
-2.769092 96.322800 4.015664 175.518341 173.715820 179.373413 7.191120 -7.154974 3.219686 177.411652 167.797348 173.762817 177.731461 -167.142136 -175.988846 1.878939 -1.126713 4.615633 179.497696 176.869873 178.427170 3.469203 -9.019824 -3.724924 179.968552 175.164749 -179.995987 179.968643 175.257690 -179.991394 179.851318 176.559464 179.999115 0.000367 -7.509654 -1.324410 0.000461 -8.761415 -1.371738 4.367990 -6.361043 -1.346851 1.070348 -0.999322 -0.917910 10.677642 -0.745939 84.177017 9.495961 1.309408 1.821102 3.046829 -8.005507 -14.917913 35.430256 47.692993 16.499187 0.000002 -0.000000 16.924532 0.000007 -0.000002 11.271760 0.000000 -0.000000 0.000000 14.999949 0.000020 34.964622 179.999969 -179.999985 -151.392578 179.999985 -179.999985 -159.974808 0.000000 -0.000000 0.000000 179.999954 179.999985 -145.725754 179.999954 -179.999985 -145.725784 179.999985 -179.999969 -157.173355 0.000000 -0.000000 0.000000 169.999924 179.999969 -147.860199 179.999924 -179.999985 -147.860199 179.999969 -179.999969 -158.594894 0.000000 -0.000000 0.000000 160.000000 179.999985 -160.518509 179.999985 179.999985 -150.777756 179.999985 -179.999985 -160.538010 175.931381 -176.166290 -179.364685 167.540085 -176.951248 101.249100 162.999527 -177.187134 176.952621 8.440199 -4.063184 1.687956 132.169815 123.097847 155.419861 179.999878 -179.999924 166.551956 179.999924 -179.999969 171.043610 0.000000 -0.000000 0.000003 164.999481 -179.999756 143.337784 179.999542 179.999893 150.003616 179.999756 179.999771 159.002548 0.000000 -0.000000 0.000003 179.999939 -179.999985 143.862946 179.999924 179.999985 143.862930 179.999969 179.999969 155.932724 0.000000 -0.000000 0.000003 9.999952 -0.000020 -32.720642 179.999954 179.999985 147.279358 179.999985 179.999985 158.208038 0.000000 -0.000000 0.000003 20.000000 0.000003 -25.749264 180.000000 179.999985 141.376068 0.000002 -0.000003 -25.723509
-2.889205 96.286324 4.267596 175.352295 173.421738 179.451187 7.453094 -7.254970 3.058603 177.344528 167.981735 173.788162 177.657013 -166.969177 -175.865372 1.072057 -1.142418 4.687868 0.411413 3.236483 -1.673675 3.547169 -9.337995 -3.777999 179.945786 175.166306 179.985931 179.945862 175.259232 179.979828 179.748978 176.560806 179.953369 0.000245 -7.615396 -1.476241 0.000316 -8.884689 -1.528996 4.404313 -6.437675 -1.457078 1.009950 -1.046916 -0.954358 10.503160 -0.486897 84.281334 9.590737 1.091912 2.178264 3.497209 -7.653205 -15.243899 35.628658 47.897346 16.712685 0.000002 0.000003 16.906240 0.000000 0.000002 11.259555 0.000000 -0.000000 0.000000 14.999982 0.000013 35.042068 179.999985 -180.000000 -151.329224 179.999985 -179.999985 -159.930435 0.000000 -0.000000 0.000000 179.999985 179.999985 -145.640549 179.999985 180.000000 -145.640533 179.999985 -179.999985 -157.116592 0.000000 -0.000000 0.000000 169.999985 179.999985 -147.728882 179.999985 179.999985 -147.728882 179.999985 -179.999985 -158.507431 0.000000 -0.000000 0.000000 160.000000 179.999985 -160.498535 180.000000 180.000000 -150.747803 180.000000 180.000000 -160.518021 175.394943 -176.568710 -179.245468 167.253799 -177.957428 102.007759 160.990326 -177.033310 176.666382 8.456641 -4.310522 1.609410 133.702744 123.764664 156.343506 179.999985 -179.999985 166.139465 179.999985 179.999985 170.768875 180.000000 180.000000 179.999985 164.999908 179.999985 143.054749 179.999954 179.999954 149.772064 179.999985 179.999954 158.840454 180.000000 180.000000 179.999985 179.999985 -180.000000 143.824356 179.999985 179.999985 143.824356 180.000000 179.999985 155.907028 180.000000 180.000000 179.999985 9.999993 -0.000000 -32.747208 180.000000 179.999985 147.252777 180.000000 179.999985 158.190353 180.000000 180.000000 179.999985 19.999996 -0.000001 -25.748148 180.000000 179.999985 141.377777 180.000000 179.999985 154.277603
-3.013994 96.251610 4.529305 175.142654 173.058685 179.549911 7.786511 -7.399780 2.844026 177.257507 168.185776 173.827560 177.577866 -166.787231 -175.720612 179.473328 -179.021378 -175.103302 2.169756 3.217554 -1.916427 3.628260 -9.707020 -3.838616 179.928177 175.195328 179.960220 179.928223 175.287735 179.937820 179.672592 176.582138 179.892487 180.000000 -172.296417 178.431259 0.000012 -8.987520 -1.624767 4.515156 -6.502412 -1.536744 0.944879 -1.097861 -0.981021 10.206196 -0.026664 84.428558 10.112006 1.540594 2.295975 3.726013 -7.687946 -15.386664 35.691051 47.968006 16.773064 179.999954 179.999985 -163.104187 179.999954 180.000000 -168.747391 0.000000 -0.000000 0.000000 14.999926 0.000230 35.148800 179.999847 179.999893 -151.241913 179.999863 179.999985 -159.869354 0.000000 -0.000000 0.000000 179.999924 179.999619 -145.504486 179.999725 179.999725 -145.504501 179.999741 179.999969 -157.026001 0.000000 -0.000000 0.000000 169.999969 179.999619 -147.559052 179.999771 179.999710 -147.559067 179.999771 179.999924 -158.394333 0.000000 -0.000000 0.000000 160.000000 -179.999786 -160.266327 0.000106 -0.000327 29.600487 0.000167 -0.000154 19.713943 175.340408 -176.585068 -179.193970 166.905411 -178.637512 102.442749 160.155212 -176.540085 176.553391 8.399255 -4.345541 1.542332 133.970352 123.862053 156.448181 179.999908 179.999878 166.042908 179.999954 179.999893 170.704575 180.000000 -180.000000 180.000000 164.999619 179.999741 142.581375 179.999878 179.999649 149.384735 0.000047 0.000248 -21.430689 180.000000 -180.000000 180.000000 179.999908 179.999939 143.799530 179.999969 179.999878 143.799515 0.000024 0.000078 -24.109552 180.000000 -180.000000 180.000000 9.999962 0.000026 -32.756104 179.999985 179.999954 147.243942 0.000002 0.000027 -21.815582 180.000000 -180.000000 180.000000 19.999933 0.000039 -25.756498 179.999954 179.999908 141.365234 0.000010 0.000072 -25.730755
-3.156934 96.213531 4.851598 174.991074 172.729965 179.569229 7.795493 -7.389506 2.827044 177.415573 168.511795 173.795120 177.508347 -166.626160 -175.582581 179.287872 -178.813278 -175.079422 2.383322 3.517423 -1.917390 3.761977 -10.100785 -3.881961 179.907959 175.218353 179.957184 179.907990 175.310333 179.933899 179.578506 176.598831 179.880020 0.000033 -7.759111 -1.651881 0.000046 -9.052305 -1.710882 4.631549 -6.538866 -1.608373 0.899847 -1.151402 -1.016789 10.382284 -0.153472 84.401016 9.988710 1.653022 2.437765 3.863569 -7.765822 -15.425533 35.734825 48.019947 16.934931 179.999985 179.999954 -163.051971 179.999985 179.999985 -168.712616 0.000000 0.000000 -0.000003 14.999982 0.000253 35.232964 179.999863 179.999847 -151.173065 179.999863 179.999954 -159.821106 0.000000 0.000000 -0.000003 0.000021 0.000427 34.626228 179.999786 179.999634 -145.373795 179.999741 179.999878 -156.938919 0.000000 0.000000 -0.000003 170.000046 179.999725 -147.390976 179.999878 179.999725 -147.390930 179.999847 179.999893 -158.282379 0.000000 0.000000 -0.000003 160.000122 179.999588 -160.540482 179.999939 179.999344 -150.810684 179.999756 179.999649 -160.559952 175.466705 -176.414322 -179.218903 166.441360 -179.285172 102.804321 159.473541 -176.245010 176.467422 8.566334 -4.563684 1.472020 134.219421 123.970787 156.537491 179.999969 179.999847 165.946091 0.000001 0.000115 -9.359906 0.000000 -0.000000 0.000000 164.999878 179.999847 142.454575 179.999985 179.999847 149.281036 0.000047 0.000099 -21.503283 0.000000 -0.000000 0.000000 179.999893 179.999878 143.784698 179.999985 179.999847 143.784653 0.000054 0.000091 -24.119400 0.000000 -0.000000 0.000000 9.999985 0.000018 -32.766422 180.000000 179.999969 147.233612 0.000004 0.000023 -21.822424 0.000000 -0.000000 0.000000 19.999949 0.000050 -25.770309 179.999985 179.999893 141.344528 0.000029 0.000066 -25.744537
-3.303428 96.172295 5.201559 174.846146 172.391937 179.566513 7.740689 -7.322256 2.876726 177.623764 168.905640 173.724930 177.446655 -166.481049 -175.460403 179.077621 -178.573517 -175.036957 2.582018 3.897836 -1.908147 3.927392 -10.548740 -3.935851 179.889328 175.247192 179.960953 179.889359 175.338638 179.941223 179.490234 176.619476 179.882874 0.000057 -7.800675 -1.728011 0.000073 -9.100798 -1.789732 4.751016 -6.563539 -1.674792 0.863278 -1.201039 -1.058588 10.383432 0.118798 84.456650 10.308599 1.930943 2.472228 3.902707 -7.838768 -15.400357 35.745377 48.065357 17.064440 179.999969 179.999939 -163.000198 179.999969 179.999969 -168.678131 0.000000 -0.000000 0.000000 15.000021 0.000265 35.311092 179.999893 179.999817 -151.109116 179.999863 179.999924 -159.776382 0.000000 -0.000000 0.000000 0.000090 0.000458 34.758175 179.999817 179.999573 -145.241837 179.999741 179.999847 -156.851059 0.000000 -0.000000 0.000000 170.000076 179.999771 -147.281219 179.999939 179.999771 -147.281204 179.999878 179.999893 -158.209290 0.000000 -0.000000 0.000000 160.000015 179.999985 -160.298737 0.000004 0.000008 29.551868 180.000000 179.999985 -160.318436 175.459290 -176.419220 -179.137054 166.423279 -179.668549 102.992844 159.029388 -176.143356 176.382675 8.598842 -4.675436 1.394781 134.404892 124.066231 156.544983 0.000001 0.000184 -14.157926 0.000047 0.000110 -9.429171 0.000000 -0.000001 0.000000 165.000000 179.999985 142.386688 0.000001 0.000009 -30.774513 0.000004 0.000005 -21.542168 0.000000 -0.000001 0.000000 179.999939 179.999878 143.752411 0.000016 0.000138 -36.247566 0.000057 0.000066 -24.140882 0.000000 -0.000001 0.000000 10.000003 -0.000008 -32.777729 0.000001 -0.000002 -32.777729 0.000000 -0.000002 -21.829979 0.000000 -0.000001 0.000000 19.999985 0.000036 -25.788319 180.000000 179.999939 141.317535 0.000022 0.000033 -25.762524
-3.446665 96.127266 5.573401 174.712723 172.044571 179.552170 7.673789 -7.208462 2.956747 177.831268 169.357147 173.635956 177.399124 -166.358566 -175.358170 178.717819 -178.258408 -174.987259 2.885065 4.427689 -1.881978 4.121873 -11.066273 -3.997665 179.871399 175.278870 179.970276 179.871399 175.369690 179.957748 179.403870 176.641907 179.898087 0.000074 -7.832278 -1.796164 0.000089 -9.137674 -1.860323 4.872324 -6.580121 -1.735528 0.837452 -1.246239 -1.109564 10.396970 0.398551 84.502678 10.679461 2.186640 2.469714 3.910386 -7.899854 -15.351377 35.694878 48.075668 17.260189 0.000007 -0.000011 17.118292 180.000000 179.999985 -168.599228 0.000000 0.000001 0.000000 15.000025 0.000170 35.416660 179.999939 179.999863 -151.022736 179.999924 179.999954 -159.715897 0.000000 0.000001 0.000000 0.000136 0.000471 34.910488 179.999847 179.999542 -145.089523 179.999741 179.999817 -156.749603 0.000000 0.000001 0.000000 170.000061 179.999832 -147.196594 179.999969 179.999817 -147.196564 179.999908 179.999908 -158.152924 0.000000 0.000001 0.000000 160.000000 -179.999969 -160.290039 180.000000 -179.999939 -150.435059 0.000017 -0.000039 19.690256 175.461884 -176.422195 -179.051468 166.516281 179.988342 103.119293 158.674667 -176.124191 176.298203 8.634149 -4.764946 1.316973 134.559937 124.150597 156.532318 0.000053 0.000239 -14.255038 0.000066 0.000132 -9.493853 180.000000 -180.000000 180.000000 165.000046 -179.999878 142.365067 179.999985 -179.999893 149.207779 179.999954 -179.999954 158.445435 180.000000 -180.000000 180.000000 179.999954 179.999878 143.725906 0.000030 0.000129 -36.274101 0.000068 0.000058 -24.158541 180.000000 -180.000000 180.000000 10.000042 -0.000094 -32.791912 179.999985 -179.999893 147.208099 179.999954 -179.999954 158.160583 180.000000 -180.000000 180.000000 20.000084 -0.000236 -25.840015 179.999985 -179.999603 141.239975 179.999832 -179.999817 154.185822
-3.583920 96.075996 5.975118 174.592529 171.689865 179.540955 7.650113 -7.068728 3.028687 177.985672 169.843903 173.544861 177.358871 -166.248566 -175.276886 178.636139 -177.988922 -174.951584 2.884581 4.963398 -1.851211 4.334946 -11.663350 -4.070593 179.853729 175.311737 179.981857 179.853745 175.401901 179.977997 179.318405 176.665024 179.918320 0.000083 -7.854902 -1.852833 0.000096 -9.164088 -1.919015 4.995332 -6.589851 -1.788299 0.818041 -1.277056 -1.165267 10.463102 0.588278 84.515251 11.019435 2.368542 2.449637 3.566129 -7.922522 -15.153234 35.961426 48.197208 16.869984 179.999207 179.998856 -163.217331 179.999283 179.999420 -168.822739 0.000000 -0.000000 0.000000 15.000045 0.000188 35.441578 179.999939 179.999847 -151.002365 179.999924 179.999939 -159.701660 0.000000 -0.000000 0.000000 0.000125 0.000404 35.001408 179.999863 179.999588 -144.998627 179.999786 179.999832 -156.689072 0.000000 -0.000000 0.000000 170.000076 179.999817 -147.168091 179.999969 179.999817 -147.168121 179.999908 179.999908 -158.133957 0.000000 -0.000000 0.000000 160.000015 179.999969 -160.311737 0.000004 0.000070 29.532393 179.999985 179.999954 -160.331421 175.470596 -176.432373 -178.965683 166.709961 179.691925 103.195091 158.409348 -176.170380 176.209305 8.674375 -4.817772 1.241549 134.660355 124.239136 156.455093 0.000067 0.000249 -14.358229 0.000094 0.000147 -9.562578 0.000000 -0.000000 0.000000 165.000107 -179.999710 142.363251 179.999924 -179.999756 149.206268 179.999863 -179.999878 158.444412 0.000000 -0.000000 0.000000 179.999969 179.999863 143.702347 0.000043 0.000128 -36.297642 0.000076 0.000054 -24.174223 0.000000 -0.000000 0.000000 10.000036 -0.000117 -32.776047 179.999969 -179.999863 147.223969 179.999939 -179.999954 158.171188 0.000000 -0.000000 0.000000 20.000196 -0.000619 -25.844891 179.999847 -179.999039 141.232727 179.999527 -179.999573 154.180984
-3.706718 96.021011 6.373686 174.489594 171.328522 179.538132 7.701095 -6.941330 3.071670 177.351685 170.940659 173.221161 178.056427 -166.692719 -175.099319 178.092728 -177.505264 -174.924530 3.326826 5.994731 -1.748432 4.536941 -12.496925 -4.195587 179.835663 175.343414 179.994507 179.835678 175.432953 -179.999985 179.230759 176.687119 179.940720 0.000078 -7.871752 -1.896979 0.000091 -9.183738 -1.964737 5.117606 -6.595735 -1.832399 0.807346 -1.298205 -1.225252 10.484511 0.861759 84.540276 11.556102 2.535310 2.371097 3.223996 -7.915906 -14.965924 35.528732 48.031082 17.759499 179.999985 179.999893 -162.549942 179.999985 179.999939 -168.378265 0.000000 -0.000000 0.000000 15.000034 0.000147 35.496590 179.999969 179.999878 -150.957336 179.999939 179.999954 -159.670120 0.000000 -0.000000 0.000000 0.000129 0.000389 35.105804 179.999878 179.999603 -144.894180 179.999786 179.999832 -156.619522 0.000000 -0.000000 0.000000 170.000061 179.999847 -147.118073 179.999969 179.999847 -147.118088 179.999924 179.999924 -158.100632 0.000000 -0.000000 0.000000 160.000031 179.999969 -160.301331 0.000002 0.000068 29.548037 179.999985 179.999969 -160.321014 175.511566 -176.417221 -178.900818 166.974747 179.491364 103.218697 158.266022 -176.255737 176.125031 8.761099 -4.780787 1.181300 134.746796 124.345482 156.360229 0.000063 0.000235 -14.466365 0.000081 0.000140 -9.634604 0.000000 -0.000001 0.000000 165.000153 -179.999390 142.378830 179.999817 -179.999512 149.219040 179.999725 -179.999786 158.453354 0.000000 -0.000001 0.000000 179.999954 179.999802 143.687515 0.000080 0.000200 -36.312466 0.000118 0.000075 -24.184134 0.000000 -0.000001 0.000000 10.000108 -0.000430 -32.790638 179.999863 -179.999588 147.209366 179.999771 -179.999817 158.161438 0.000000 -0.000001 0.000000 20.000206 -0.000923 -25.764835 179.999710 -179.998611 141.352722 179.999283 -179.999405 154.260895
-3.826249 95.956627 6.794620 174.409973 170.963440 179.548767 7.828022 -6.860960 3.086570 178.321335 170.531387 173.479202 176.966370 -165.842163 -175.197495 177.866425 -177.137009 -174.925995 3.457671 6.470074 -1.702441 4.719876 -12.905874 -4.214990 179.816452 175.372726 -179.992310 179.816467 175.461670 -179.977005 179.137726 176.707382 179.964020 0.000071 -7.881711 -1.929154 0.000080 -9.195337 -1.998056 5.242596 -6.596764 -1.868430 0.795832 -1.309800 -1.284592 10.388836 1.402877 84.614525 12.383722 2.787394 2.246665 2.831561 -7.897827 -14.774223 35.484894 48.031197 17.867064 0.000001 0.000086 17.523258 179.999985 179.999939 -168.329514 180.000000 -180.000000 179.999985 15.000168 0.000631 35.451115 179.999817 179.999496 -150.994553 179.999725 179.999756 -159.696182 180.000000 -180.000000 179.999985 0.000139 0.000399 35.202744 179.999893 179.999588 -144.797241 179.999786 179.999832 -156.554977 180.000000 -180.000000 179.999985 170.000046 179.999878 -147.073257 179.999985 179.999863 -147.073242 179.999954 179.999939 -158.070801 180.000000 -180.000000 179.999985 160.000015 179.999985 -160.285675 180.000000 179.999985 -150.428497 180.000000 179.999985 -160.305374 175.446106 -176.547104 -178.768784 167.383652 179.191071 103.248169 157.978485 -176.376404 176.006714 8.807974 -4.805449 1.113543 134.791046 124.426620 156.260178 0.000091 0.000272 -14.552063 0.000094 0.000150 -9.691686 0.000001 -0.000001 0.000003 165.000198 -179.999191 142.466965 179.999725 -179.999374 149.291183 179.999619 -179.999725 158.503830 0.000001 -0.000001 0.000003 179.999969 179.999832 143.646973 0.000069 0.000161 -36.353062 0.000103 0.000059 -24.211140 0.000001 -0.000001 0.000003 10.000051 -0.000257 -32.694454 179.999924 -179.999756 147.305573 179.999863 -179.999893 158.225494 0.000001 -0.000001 0.000003 20.000237 -0.001220 -25.633778 179.999542 -179.998199 141.549316 179.999023 -179.999252 154.391815
-3.944314 95.876350 7.235605 174.358688 170.602219 179.573456 8.028984 -6.831818 3.069547 179.221283 170.014847 173.774429 175.846512 -164.937073 -175.325653 177.176376 -176.511826 -174.917770 4.089682 7.727621 -1.543720 4.831892 -13.744642 -4.321661 179.795471 175.394165 -179.978561 179.795486 175.482651 -179.952942 179.036179 176.721893 179.988022 0.000062 -7.886782 -1.950286 0.000066 -9.201247 -2.019942 5.369218 -6.594682 -1.897037 0.781633 -1.318861 -1.343642 10.475158 1.591745 84.606720 13.235547 2.774858 2.035964 1.995849 -7.799762 -14.429480 35.475910 48.026497 18.004478 0.000014 0.000089 17.597002 0.000002 0.000055 11.719614 0.000000 -0.000000 0.000003 15.000040 0.000093 35.701984 179.999985 179.999924 -150.789337 179.999969 179.999969 -159.552536 0.000000 -0.000000 0.000003 0.000154 0.000404 35.305710 179.999893 179.999588 -144.694305 179.999786 179.999817 -156.486404 0.000000 -0.000000 0.000003 170.000046 179.999878 -147.041718 179.999985 179.999878 -147.041748 179.999954 179.999939 -158.049820 0.000000 -0.000000 0.000003 160.000015 179.999985 -160.284012 0.000005 0.000027 29.573999 180.000000 179.999985 -160.303726 175.507828 -176.532150 -178.719696 167.703018 178.954330 103.245872 158.077667 -176.427750 175.884964 8.744479 -4.642780 1.106588 134.804581 124.532845 156.085892 0.000071 0.000241 -14.664150 0.000088 0.000155 -9.766321 0.000000 -0.000000 0.000000 165.000198 -179.999069 142.596649 179.999680 -179.999298 149.397293 179.999557 -179.999695 158.578094 0.000000 -0.000000 0.000000 179.999969 179.999832 143.617157 0.000074 0.000163 -36.382793 0.000108 0.000059 -24.230961 0.000000 -0.000000 0.000000 10.000039 -0.000189 -32.642998 179.999939 -179.999832 147.357025 179.999893 -179.999924 158.259766 0.000000 -0.000000 0.000000 20.000338 -0.001918 -25.492756 179.999222 -179.997192 141.760895 179.998428 -179.998840 154.532761
-4.064201 95.775314 7.695475 174.339111 170.245270 179.605026 8.272510 -6.854637 3.029805 0.109745 10.653860 -5.876396 174.663742 -163.928284 -175.481064 176.361511 -175.776245 -174.874054 4.884558 9.229454 -1.369951 4.872308 -14.642053 -4.414170 179.773941 175.423462 -179.965836 179.773987 175.511337 -179.930679 178.932419 176.742004 -179.990036 0.000112 -7.887879 -1.964068 0.000119 -9.202538 -2.034220 5.481983 -6.590228 -1.919330 0.751966 -1.285316 -1.386415 10.591188 1.751132 84.593140 13.072928 2.950533 2.153230 2.128714 -7.859616 -14.463522 35.518799 48.047680 18.124142 0.000055 0.000156 17.634247 0.000009 0.000100 11.744425 180.000000 -180.000000 179.999985 15.000053 0.000143 35.715622 179.999985 179.999878 -150.778137 179.999954 179.999939 -159.544678 180.000000 -180.000000 179.999985 0.000166 0.000373 35.409718 179.999924 179.999588 -144.590271 179.999802 179.999817 -156.417130 180.000000 -180.000000 179.999985 170.000076 179.999847 -147.020233 179.999985 179.999847 -147.020218 179.999939 179.999924 -158.035461 180.000000 -180.000000 179.999985 160.000031 179.999954 -160.286392 0.000002 0.000081 29.570429 179.999985 179.999954 -160.306091 175.555923 -176.605682 -178.655899 168.027603 178.773514 103.232269 158.231644 -176.447586 175.755951 8.703021 -4.425928 1.132184 134.790039 124.638306 155.879730 0.000049 0.000180 -14.778338 0.000049 0.000110 -9.842365 0.000000 -0.000000 0.000000 165.000214 -179.999069 142.764175 179.999695 -179.999283 149.534317 179.999557 -179.999695 158.674042 0.000000 -0.000000 0.000000 179.999954 179.999741 143.592880 0.000108 0.000239 -36.407108 0.000154 0.000086 -24.247147 0.000000 -0.000000 0.000000 10.000012 -0.000060 -32.596550 179.999985 -179.999939 147.403442 179.999985 -179.999985 158.290695 0.000000 -0.000000 0.000000 20.000051 -0.000323 -24.985746 179.999863 -179.999527 142.521362 179.999741 -179.999802 155.039246
-4.184597 95.654099 8.147726 174.357880 169.889877 179.633438 8.487315 -6.940039 2.979876 0.953964 11.308854 -5.522483 173.525116 -162.983627 -175.640640 175.076096 -174.813095 -174.732056 6.197993 11.129805 -1.179017 4.811712 -15.599709 -4.484678 179.744522 175.398239 -179.941498 179.744492 175.486496 -179.888367 178.788696 176.722061 -179.946518 180.000000 -172.120682 178.044693 180.000000 -170.807465 177.974838 5.645501 -6.578769 -1.930830 0.759499 -1.382124 -1.464255 10.735680 1.887585 84.574738 12.804786 3.119371 2.278840 2.492745 -7.938271 -14.603972 35.484051 48.061218 18.448700 0.000034 0.000050 17.809736 0.000019 0.000050 11.861297 0.000000 0.000001 0.000000 15.000053 0.000139 35.772873 179.999985 179.999878 -150.731277 179.999954 179.999939 -159.511887 0.000000 0.000001 0.000000 0.000457 0.000946 35.467793 179.999832 179.998962 -144.532211 179.999496 179.999512 -156.378448 0.000000 0.000001 0.000000 170.000061 179.999878 -146.954376 179.999985 179.999863 -146.954361 179.999954 179.999939 -157.991592 0.000000 0.000001 0.000000 160.000015 179.999985 -160.258286 0.000006 -0.000003 29.612549 180.000000 -180.000000 -160.278046 175.670670 -176.393280 -178.660721 168.297256 178.433960 103.217964 158.422424 -176.437454 175.625900 8.682460 -4.171312 1.190454 134.707245 124.728546 155.639709 0.000022 0.000123 -14.873302 0.000039 0.000082 -9.905610 0.000000 -0.000000 0.000000 165.000214 -179.999100 142.945786 179.999710 -179.999313 149.682922 179.999588 -179.999695 158.778030 0.000000 -0.000000 0.000000 179.999924 179.999619 143.554642 0.000157 0.000344 -36.445347 0.000218 0.000123 -24.272610 0.000000 -0.000000 0.000000 9.999975 0.000113 -32.567505 0.000037 0.000100 -32.567516 0.000061 0.000046 -21.689955 0.000000 -0.000000 0.000000 19.999996 -0.000012 -24.892344 0.000000 -0.000022 -37.338520 179.999985 -179.999985 155.132538
-4.312147 95.506859 8.608738 174.435104 169.502716 179.642181 8.724756 -7.067182 2.988977 2.223172 12.475907 -4.985002 171.859802 -161.556503 -175.868729 173.879013 -173.736221 -174.493622 7.465487 13.157058 -1.010488 4.639530 -16.529305 -4.513450 179.710434 175.373505 -179.908325 179.710312 175.462036 -179.831039 178.621384 176.701263 -179.885223 179.999847 -172.134308 178.067429 179.999847 -170.823364 177.998413 5.817047 -6.564327 -1.933795 0.766030 -1.493496 -1.545229 10.916629 2.003930 84.556511 12.435651 3.283908 2.411362 2.830171 -8.033616 -14.732580 35.520702 48.087025 18.679922 179.999985 -179.999985 -162.095139 179.999985 -179.999985 -168.075363 0.000000 -0.000000 0.000000 15.000064 0.000133 35.824539 179.999985 179.999878 -150.688995 179.999954 179.999939 -159.482315 0.000000 -0.000000 0.000000 0.000198 0.000351 35.891041 179.999969 179.999588 -144.108948 179.999832 179.999802 -156.096588 0.000000 -0.000000 0.000000 170.000046 179.999924 -146.908661 180.000000 179.999908 -146.908661 179.999969 179.999954 -157.961166 0.000000 -0.000000 0.000000 160.000000 -179.999985 -160.255432 179.999985 -179.999954 -150.383163 0.000008 -0.000031 19.724827 175.753952 -176.298767 -178.656937 168.548462 178.213547 103.223312 158.637268 -176.397125 175.506348 8.680771 -3.901632 1.262312 134.562759 124.828415 155.375595 0.000004 0.000063 -14.951600 0.000016 0.000036 -9.957772 0.000000 -0.000000 0.000003 165.000183 -179.999252 143.149597 179.999756 -179.999420 149.849686 179.999649 -179.999725 158.894775 0.000000 -0.000000 0.000003 179.999847 179.999298 143.511322 0.000289 0.000667 -36.488655 0.000419 0.000243 -24.301462 0.000000 -0.000000 0.000003 9.999972 0.000152 -32.585812 0.000054 0.000146 -32.585823 0.000087 0.000065 -21.702166 0.000000 -0.000000 0.000003 19.999968 0.000171 -24.870365 0.000061 0.000258 -37.305569 0.000133 0.000110 -24.845503
-4.432337 95.332848 9.053236 174.514969 169.192047 179.642700 8.950165 -7.159143 3.033569 2.121551 12.613345 -4.974506 171.610046 -161.119934 -176.011047 172.274902 -172.397232 -174.139450 9.243505 16.074551 -0.723441 4.362197 -17.879530 -4.609484 179.679398 175.307068 -179.873123 179.679230 175.396698 -179.770355 178.467056 176.650421 -179.819397 179.999695 -172.150986 178.104309 179.999680 -170.842804 178.036606 5.997944 -6.548583 -1.928544 0.780269 -1.623896 -1.630693 11.136750 2.105889 84.535210 11.979837 3.441451 2.557528 3.030993 -8.080447 -14.839618 35.710102 48.105053 18.797247 179.999985 -179.999985 -162.123032 180.000000 -179.999985 -168.093933 0.000000 -0.000000 0.000000 15.000079 0.000155 35.864273 179.999985 179.999847 -150.656494 179.999954 179.999924 -159.459518 0.000000 -0.000000 0.000000 0.000188 0.000313 36.009796 179.999985 179.999634 -143.990204 179.999847 179.999817 -156.017456 0.000000 -0.000000 0.000000 170.000046 179.999939 -146.880890 180.000000 179.999924 -146.880890 179.999985 179.999969 -157.942673 0.000000 -0.000000 0.000000 160.000000 -179.999985 -160.266144 179.999985 -179.999985 -150.399216 0.000007 -0.000019 19.714136 175.812653 -176.203506 -178.659637 168.766418 177.989243 103.242790 158.900314 -176.354782 175.398575 8.638507 -3.647315 1.329924 134.372284 124.927742 155.114395 0.000009 0.000020 -15.005622 0.000007 0.000013 -9.993766 0.000000 -0.000000 0.000000 165.000137 -179.999466 143.360199 179.999847 -179.999588 150.022018 179.999756 -179.999802 159.015396 0.000000 -0.000000 0.000000 179.999924 179.999664 143.295898 0.000133 0.000316 -36.704117 0.000197 0.000116 -24.444946 0.000000 -0.000000 0.000000 9.999950 0.000196 -32.619648 0.000069 0.000189 -32.619606 0.000104 0.000084 -21.724669 0.000000 -0.000000 0.000000 19.999958 0.000210 -24.909229 0.000070 0.000316 -37.363850 0.000171 0.000137 -24.884331
-4.539654 95.134026 9.488143 174.590500 168.954971 179.635269 9.142659 -7.224645 3.119358 2.076962 12.862588 -4.983835 171.327637 -160.643585 -176.163879 170.943146 -171.099899 -173.763077 10.833412 18.832672 -0.455151 4.001791 -18.963936 -4.623431 179.652588 175.198212 -179.836533 179.652435 175.289734 -179.707443 178.331207 176.569077 -179.750305 179.999573 -172.167343 178.154587 179.999557 -170.861908 178.088684 6.190155 -6.534234 -1.916203 0.802152 -1.802295 -1.725816 11.400184 2.223132 84.518547 11.285860 3.638659 2.775548 3.464833 -8.184292 -15.047442 35.844982 48.060535 18.824793 179.999969 -179.999969 -162.160294 179.999985 -179.999985 -168.118759 0.000000 -0.000000 0.000000 15.000067 0.000114 35.931858 179.999985 179.999893 -150.601212 179.999969 179.999939 -159.420853 0.000000 -0.000000 0.000000 0.000151 0.000226 36.145828 179.999985 179.999725 -143.854172 179.999893 179.999847 -155.926895 0.000000 -0.000000 0.000000 170.000244 179.999664 -146.893143 0.000007 0.000413 33.106861 179.999847 179.999771 -157.950836 0.000000 -0.000000 0.000000 160.000015 179.999985 -160.277039 0.000007 0.000032 29.584448 180.000000 179.999985 -160.296768 175.839371 -176.103516 -178.660904 168.947906 177.758057 103.267868 158.970169 -176.348022 175.342010 8.767610 -3.468843 1.355145 133.999054 124.977036 155.008194 0.000602 0.000862 -14.882832 0.000529 0.000438 -9.911957 0.000000 -0.000000 0.000000 165.000092 -179.999680 143.545761 179.999908 -179.999741 150.173813 179.999847 -179.999878 159.121658 0.000000 -0.000000 0.000000 179.999939 179.999725 143.186676 0.000103 0.000258 -36.813351 0.000163 0.000096 -24.517662 0.000000 -0.000000 0.000000 9.999949 0.000215 -32.677937 0.000072 0.000208 -32.677902 0.000116 0.000094 -21.763496 0.000000 -0.000000 0.000000 19.999971 0.000144 -24.981558 0.000047 0.000222 -37.472324 0.000110 0.000096 -24.956566
-4.636057 94.913193 9.919202 174.609146 168.868835 179.660599 9.347782 -7.210321 3.224439 2.058101 13.256192 -5.039079 171.050369 -160.141068 -176.318405 169.832031 -169.855988 -173.451187 12.354060 21.760691 -0.112967 3.588499 -19.980560 -4.627212 179.635834 175.009995 -179.809326 179.635895 175.105057 -179.660400 178.242676 176.432617 -179.700150 179.999588 -172.179871 178.216034 179.999573 -170.876526 178.152344 6.401278 -6.523695 -1.899659 0.872322 -1.890330 -1.827343 11.667010 2.204907 84.452988 11.343036 3.637358 2.757338 3.099663 -8.185663 -14.962600 35.968590 48.006676 18.762812 179.999954 -179.999985 -162.235703 179.999985 -179.999969 -168.168976 0.000000 -0.000001 0.000000 15.000045 0.000054 36.000278 180.000000 179.999954 -150.545242 179.999985 179.999969 -159.381683 0.000000 -0.000001 0.000000 0.000095 0.000125 36.279682 180.000000 179.999847 -143.720322 179.999939 179.999908 -155.837753 0.000000 -0.000001 0.000000 170.000046 179.999954 -146.669907 0.000006 0.000068 33.330101 179.999985 179.999969 -157.802170 0.000000 -0.000001 0.000000 160.000015 179.999985 -160.267487 0.000011 0.000022 29.598759 180.000000 179.999985 -160.287231 175.840378 -175.964554 -178.659012 169.090225 177.506760 103.280457 159.018555 -176.365204 175.325287 8.875388 -3.346713 1.343330 134.570541 125.310135 154.248535 0.000001 -0.000005 -15.603922 180.000000 -179.999985 169.607788 0.000000 -0.000000 0.000000 165.000046 -179.999847 143.695160 179.999954 -179.999863 150.296066 179.999939 -179.999939 159.207230 0.000000 -0.000000 0.000000 179.999954 179.999771 143.069992 0.000090 0.000211 -36.929977 0.000132 0.000077 -24.595375 0.000000 -0.000000 0.000000 9.999954 0.000182 -32.769695 0.000056 0.000173 -32.769695 0.000097 0.000074 -21.824619 0.000000 -0.000000 0.000000 19.999973 0.000114 -25.045570 0.000031 0.000164 -37.568386 0.000084 0.000073 -25.020531
-4.738197 94.672867 10.339134 174.873444 168.382523 179.464142 9.282839 -7.737280 3.585947 2.024724 13.944745 -5.129941 170.769638 -159.510345 -176.486237 168.688004 -168.111801 -172.790833 13.637300 24.833254 0.295133 3.154118 -20.733719 -4.579266 179.600296 174.987747 -179.721695 179.599915 175.082458 -179.512268 178.055252 176.405212 -179.522995 179.999496 -172.177505 178.274200 179.999481 -170.873764 178.212585 6.588737 -6.526552 -1.883685 0.950018 -1.881600 -1.898785 11.949845 2.152811 84.348328 11.440520 3.606881 2.754143 2.720776 -8.200761 -14.880708 36.123676 47.964607 18.665958 179.999954 -179.999985 -162.344711 179.999985 -179.999985 -168.241577 180.000000 180.000000 -180.000000 15.000025 0.000029 36.047489 0.000001 0.000031 29.493393 179.999985 179.999985 -159.354630 180.000000 180.000000 -180.000000 0.000053 0.000062 36.388493 0.000006 0.000082 36.388500 179.999985 179.999954 -155.765259 180.000000 180.000000 -180.000000 170.000015 179.999985 -146.625076 0.000005 0.000023 33.374924 180.000000 179.999985 -157.772308 180.000000 180.000000 -180.000000 160.000015 179.999985 -160.258743 0.000004 0.000020 29.611897 180.000000 179.999985 -160.278488 175.768723 -176.026871 -178.600174 169.222794 177.370651 103.267929 159.039856 -176.410095 175.347000 8.934534 -3.289935 1.296361 134.451080 125.485657 154.183167 180.000000 -179.999969 164.391388 179.999985 -179.999985 169.604660 0.000000 -0.000000 0.000000 165.000015 -179.999878 143.796509 179.999969 -179.999908 150.378967 179.999954 -179.999969 159.265274 0.000000 -0.000000 0.000000 179.999985 179.999847 142.927597 0.000066 0.000130 -37.072411 0.000088 0.000044 -24.690220 0.000000 -0.000000 0.000000 9.999969 0.000150 -32.882923 0.000059 0.000138 -32.882896 0.000081 0.000056 -21.900009 0.000000 -0.000000 0.000000 19.999987 0.000067 -25.115629 0.000026 0.000094 -37.673447 0.000051 0.000045 -25.090508
-4.824594 94.431816 10.751283 175.090744 167.977676 179.313614 9.023243 -8.091282 3.805250 2.213572 14.437941 -5.123808 170.560120 -159.025345 -176.654831 167.868286 -166.374527 -172.243561 14.924348 28.369438 0.925407 2.502648 -22.423052 -4.785977 179.569260 174.939102 -179.646408 179.569366 175.034164 -179.385162 177.887451 176.359436 -179.372757 0.000160 -7.819665 -1.664365 0.000188 -9.122925 -1.723813 6.796316 -6.523926 -1.868737 1.040013 -1.893011 -1.976473 12.207135 2.126495 84.249596 11.526117 3.620821 2.770302 2.317489 -8.242047 -14.819547 36.293095 47.954731 18.588099 179.999588 179.999832 -162.455795 179.999695 179.999985 -168.315567 0.000000 -0.000001 -0.000003 15.000648 0.000469 36.079193 0.000187 0.000611 29.519281 179.999908 179.999573 -159.336472 0.000000 -0.000001 -0.000003 0.000774 0.000505 36.479885 0.000318 0.000869 36.479916 179.999832 179.999405 -155.704376 0.000000 -0.000001 -0.000003 170.000458 179.999725 -146.607285 0.000225 0.000487 33.392712 179.999954 179.999649 -157.760452 0.000000 -0.000001 -0.000003 160.000275 179.999847 -160.241837 0.000263 0.000326 29.637274 0.000041 0.000277 19.738434 175.711441 -175.989120 -178.518158 169.318115 177.118744 103.219330 159.050308 -176.486786 175.398315 9.165491 -3.218006 1.184699 134.020172 125.555145 154.054550 179.999237 -179.999451 164.528198 179.999405 -179.999771 169.695786 0.000000 0.000000 -0.000003 164.999985 -179.999573 143.932724 179.999786 -179.999725 150.490448 179.999771 -179.999893 159.343307 0.000000 0.000000 -0.000003 0.000014 0.002933 -37.166538 0.001793 0.002328 -37.166538 0.001890 0.000509 -24.752935 0.000000 0.000000 -0.000003 9.999986 0.003082 -32.987011 0.001675 0.002595 -32.987015 0.001884 0.000834 -21.969347 0.000000 0.000000 -0.000003 19.999971 0.001511 -25.160341 0.000922 0.002065 -37.740532 0.001338 0.000708 -25.135181
-4.981094 94.143379 11.209779 175.386810 167.467697 179.000153 8.982513 -8.965490 4.398588 1.717004 15.796825 -5.431902 170.578842 -158.134293 -176.797623 168.559830 -164.749237 -171.794281 14.249554 31.578157 1.253803 2.241289 -22.321259 -4.487070 179.542725 174.876251 -179.525192 179.542496 174.971619 -179.181290 177.732101 176.298264 -179.121567 0.000100 -7.862166 -1.611313 0.000135 -9.172516 -1.668875 7.000438 -6.559923 -1.862748 1.222232 -1.763292 -2.031793 12.496422 1.879831 83.988777 11.733518 3.503764 2.802796 2.075284 -8.276161 -14.751909 36.592609 47.993004 18.768606 179.999512 179.999725 -162.505341 179.999649 179.999924 -168.348557 0.000000 0.000000 -0.000003 15.000591 0.000319 36.160065 0.000230 0.000493 29.585484 179.999985 179.999619 -159.290146 0.000000 0.000000 -0.000003 0.000764 0.000364 36.564308 0.000399 0.000749 36.564304 179.999924 179.999451 -155.648163 0.000000 0.000000 -0.000003 170.000473 179.999786 -146.561447 0.000269 0.000427 33.438560 179.999985 179.999664 -157.729935 0.000000 0.000000 -0.000003 160.000259 179.999893 -160.218338 0.000291 0.000283 29.672562 0.000071 0.000248 19.761915 175.641190 -175.928101 -178.474243 169.387009 176.919418 103.139221 159.006577 -176.592346 175.476990 9.333723 -3.327595 1.077234 133.831650 125.742760 154.189301 179.999237 -179.999557 164.656006 179.999435 -179.999847 169.780914 0.000000 -0.000000 0.000000 165.000046 179.999756 143.999969 0.000142 0.000141 -29.454582 0.000132 0.000036 -20.618210 0.000000 -0.000000 0.000000 0.000467 0.003111 -37.318394 0.002269 0.002178 -37.318356 0.002078 0.000232 -24.854034 0.000000 -0.000000 0.000000 10.000390 0.002954 -33.167595 0.001963 0.002250 -33.167553 0.001911 0.000538 -22.089598 0.000000 -0.000000 0.000000 20.000160 0.001643 -25.235874 0.001312 0.002122 -37.853886 0.001551 0.000578 -25.210653
-5.172873 93.822159 11.641408 175.897293 166.577927 178.479126 8.865526 -10.413251 5.241861 0.879812 17.429317 -5.862164 170.690842 -157.150330 -176.963120 167.417709 -161.650314 -170.274811 14.603808 36.199387 1.523828 2.246826 -21.889400 -3.965928 179.500534 174.923126 -179.338959 179.500580 175.016556 -178.868027 177.488861 176.305313 -178.729080 0.000019 -7.931134 -1.562979 0.000055 -9.252997 -1.618822 7.192505 -6.618227 -1.862036 1.393859 -1.789587 -2.082480 12.670817 1.638321 83.709564 11.936062 3.511683 2.853104 1.847752 -8.268332 -14.640567 36.877106 48.032253 18.877209 179.999649 179.999725 -162.584854 179.999725 179.999908 -168.401489 0.000000 0.000000 -0.000003 15.000475 0.000180 36.246243 0.000223 0.000346 29.656008 0.000015 0.000288 20.759195 0.000000 0.000000 -0.000003 0.000696 0.000226 36.653683 0.000420 0.000597 36.653679 179.999985 179.999512 -155.588669 0.000000 0.000000 -0.000003 170.000488 179.999847 -146.516876 0.000322 0.000399 33.483147 0.000036 0.000337 22.299751 0.000000 0.000000 -0.000003 160.000198 179.999939 -160.188416 0.000245 0.000182 29.717354 0.000084 0.000183 19.791744 175.561432 -175.865173 -178.473389 169.451935 176.770126 103.065872 159.101440 -176.699646 175.490173 9.314309 -3.539224 1.050519 133.725800 125.954536 154.359177 179.999252 -179.999588 164.755890 179.999451 -179.999863 169.847412 0.000000 -0.000000 0.000000 165.000183 179.999435 144.007660 0.000413 0.000288 -29.448265 0.000346 0.000033 -20.613787 0.000000 -0.000000 0.000000 0.000981 0.003006 -37.518784 0.002616 0.001777 -37.518757 0.002099 -0.000128 -24.987501 0.000000 -0.000000 0.000000 10.000825 0.002707 -33.367878 0.002176 0.001809 -33.367912 0.001874 0.000196 -22.223013 0.000000 -0.000000 0.000000 20.000437 0.001643 -25.338436 0.001660 0.001944 -38.007675 0.001672 0.000333 -25.313118
-5.374241 93.455116 12.094103 176.033981 166.411926 178.233887 9.322810 -11.228679 5.847276 179.783752 160.715469 173.620483 170.808899 -156.036835 -177.130264 165.928619 -159.135391 -168.911636 15.513532 41.350010 1.701949 2.470384 -21.749445 -3.200916 179.510422 174.671295 -179.238754 179.510361 174.769089 -178.700150 177.500061 176.116669 -178.516235 179.999924 -171.975449 178.481369 179.999939 -170.638046 178.427124 7.352590 -6.697798 -1.863750 1.552279 -1.782290 -2.128321 13.356325 1.532788 83.350227 12.371972 2.951939 2.813404 1.630874 -8.222940 -14.479161 37.099785 47.999573 18.916353 179.999741 179.999725 -162.658203 179.999786 179.999893 -168.450363 0.000000 -0.000001 -0.000003 15.000187 0.000049 36.347488 0.000112 0.000125 29.738924 0.000024 0.000114 20.817232 0.000000 -0.000001 -0.000003 0.000492 0.000089 36.756519 0.000340 0.000370 36.756557 0.000035 0.000332 24.479876 0.000000 -0.000001 -0.000003 170.000458 179.999924 -146.462677 0.000344 0.000326 33.537327 0.000068 0.000300 22.335880 0.000000 -0.000001 -0.000003 160.000168 179.999985 -160.163986 0.000210 0.000114 29.754045 0.000084 0.000141 19.816202 175.453217 -175.800064 -178.516876 169.539963 176.840714 103.052544 159.172455 -176.808060 175.486328 9.578565 -3.870841 0.997161 133.571533 126.159180 154.638992 0.000602 0.000264 -15.064474 0.000436 0.000073 -10.032951 180.000000 -180.000000 179.999985 165.000397 179.999374 143.980042 0.000567 0.000228 -29.470835 0.000423 -0.000055 -20.629591 180.000000 -180.000000 179.999985 0.001477 0.002420 -37.735325 0.002657 0.001002 -37.735325 0.001807 -0.000563 -25.131729 180.000000 -180.000000 179.999985 10.001187 0.002060 -33.572830 0.002128 0.001059 -33.572857 0.001574 -0.000206 -22.359488 180.000000 -180.000000 179.999985 20.000751 0.001462 -25.444717 0.001995 0.001492 -38.167091 0.001659 -0.000046 -25.419285
-5.577505 93.047020 12.574395 176.134552 166.349838 178.077866 9.782082 -11.981939 6.359302 178.565781 158.538269 173.055328 170.985764 -154.647308 -177.277985 163.750488 -156.935577 -167.447464 16.761053 45.742680 1.737606 2.960295 -20.903553 -2.225987 179.532745 174.356110 -179.159943 179.532562 174.459717 -178.568436 177.570145 175.888840 -178.346573 179.999786 -171.862228 178.526031 179.999771 -170.505905 178.473373 7.466812 -6.795700 -1.862855 1.696721 -1.734869 -2.177023 14.145670 1.344264 82.941521 12.871487 2.232186 2.738970 1.433088 -8.177468 -14.285741 37.133579 47.914871 18.787451 179.999741 179.999695 -162.721573 179.999771 179.999847 -168.492569 0.000000 0.000000 -0.000003 14.999941 -0.000000 36.426613 179.999969 -179.999969 -150.196426 179.999985 -179.999969 -159.137482 0.000000 0.000000 -0.000003 0.000262 0.000000 36.854267 0.000204 0.000156 36.854271 0.000046 0.000167 24.544968 0.000000 0.000000 -0.000003 170.000458 179.999985 -146.407654 0.000378 0.000255 33.592323 0.000116 0.000282 22.372494 0.000000 0.000000 -0.000003 160.000137 180.000000 -160.141495 0.000172 0.000074 29.787804 0.000080 0.000093 19.838665 175.311096 -175.747467 -178.606094 169.616302 176.570496 102.958344 158.255814 -176.835007 175.866409 10.146027 -4.349936 0.782480 133.749802 126.443069 154.873978 0.001038 0.000449 -15.086715 0.000743 0.000106 -10.047736 0.000002 0.000003 0.000000 165.000366 179.999573 143.903534 0.000445 0.000112 -29.533491 0.000315 -0.000083 -20.673424 0.000002 0.000003 0.000000 0.001738 0.002175 -37.984844 0.002713 0.000634 -37.984837 0.001679 -0.000785 -25.297895 0.000002 0.000003 0.000000 10.001386 0.001832 -33.786503 0.002179 0.000747 -33.786514 0.001482 -0.000395 -22.501814 0.000002 0.000003 0.000000 20.000998 0.001468 -25.582876 0.002323 0.001315 -38.374344 0.001764 -0.000279 -25.557301
-5.792668 92.603310 13.034686 176.311859 166.259888 177.869034 10.433149 -13.203652 7.164775 176.901688 156.297073 172.102707 171.133652 -153.575317 -177.468430 160.677475 -154.866257 -165.669266 18.666321 50.091492 1.921565 3.544808 -19.878757 -1.127413 179.557510 174.029526 -179.063934 179.557419 174.139191 -178.408340 177.641220 175.652420 -178.138565 179.999619 -171.731628 178.571014 179.999588 -170.353546 178.519989 7.533875 -6.909840 -1.858645 1.830619 -1.669675 -2.239505 15.039248 1.101145 82.495117 13.439414 1.341426 2.637478 1.258028 -8.151788 -14.089972 37.068913 47.840809 18.531933 179.999756 179.999573 -162.806549 179.999756 179.999771 -168.549164 0.000000 -0.000001 0.000000 14.999896 0.000035 36.425915 179.999908 -179.999969 -150.196960 179.999969 -179.999954 -159.137878 0.000000 -0.000001 0.000000 0.000147 -0.000036 36.915375 0.000137 0.000061 36.915371 0.000049 0.000087 24.585640 0.000000 -0.000001 0.000000 170.000397 -179.999908 -146.328323 0.000357 0.000135 33.671684 0.000148 0.000213 22.425356 0.000000 -0.000001 0.000000 159.999969 179.999985 -160.096649 179.999939 -179.999985 -150.144943 179.999969 -179.999985 -160.116547 175.136139 -175.702728 -178.734009 169.664948 176.310364 102.880424 157.963760 -176.796265 175.939941 10.018442 -4.943017 0.876775 133.845856 126.654121 154.836182 0.000841 0.000336 -15.191942 0.000605 0.000062 -10.117830 0.000000 -0.000000 0.000000 165.001526 179.998428 143.961700 0.001767 0.000296 -29.485865 0.001176 -0.000432 -20.640112 0.000000 -0.000000 0.000000 0.001646 0.001722 -38.257755 0.002361 0.000327 -38.257748 0.001367 -0.000804 -25.479662 0.000000 -0.000000 0.000000 10.001294 0.001436 -34.018375 0.001878 0.000457 -34.018391 0.001208 -0.000449 -22.656261 0.000000 -0.000000 0.000000 20.001068 0.001308 -25.753407 0.002305 0.001054 -38.630135 0.001639 -0.000407 -25.727655
-5.993963 92.118660 13.497862 176.471619 166.285294 177.840469 10.901654 -14.154608 7.690901 175.482620 154.139542 171.251114 171.249680 -152.486969 -177.632050 156.725006 -152.739639 -163.717102 21.722803 54.668346 2.632152 3.949321 -19.991238 -0.445142 179.588547 173.643646 -179.008118 179.588486 173.760757 -178.315430 177.748383 175.380707 -178.015472 179.999466 -171.587158 178.615036 179.999405 -170.185013 178.565582 7.540718 -7.037488 -1.849767 1.956803 -1.601648 -2.318132 16.010933 0.820810 82.018471 14.086392 0.284525 2.518363 1.097350 -8.153691 -13.918200 37.089996 47.764519 18.296629 179.999786 179.999481 -162.919174 179.999756 179.999725 -168.624176 0.000000 -0.000000 0.000000 14.999956 0.000042 36.378330 179.999954 179.999985 -150.235931 179.999985 -179.999985 -159.165161 0.000000 -0.000000 0.000000 0.000065 -0.000044 36.964607 0.000086 0.000003 36.964645 0.000043 0.000036 24.618443 0.000000 -0.000000 0.000000 170.000275 -179.999847 -146.235611 0.000310 0.000015 33.764370 0.000168 0.000128 22.487076 0.000000 -0.000000 0.000000 160.000412 -179.999771 -160.197525 0.000678 -0.000109 29.703732 0.000429 0.000164 19.782686 174.928055 -175.664124 -178.893906 169.654297 176.032822 102.822556 157.648087 -176.685898 175.995071 9.841967 -5.644009 1.012164 133.947784 126.836777 154.853104 0.000859 0.000329 -15.267541 0.000603 0.000048 -10.168182 0.000000 -0.000002 0.000000 165.000015 179.999985 143.621567 0.000046 0.000008 -29.764141 0.000027 -0.000012 -20.834904 0.000000 -0.000002 0.000000 0.001319 0.001240 -38.514942 0.001806 0.000146 -38.514954 0.000998 -0.000678 -25.650934 0.000000 -0.000002 0.000000 10.000987 0.000987 -34.237335 0.001371 0.000258 -34.237343 0.000853 -0.000375 -22.802073 0.000000 -0.000002 0.000000 20.000887 0.000975 -25.944422 0.001858 0.000729 -38.916656 0.001267 -0.000402 -25.918495
-6.178151 91.612144 14.013054 176.661072 166.340576 177.898483 11.252238 -14.973819 8.103394 174.200424 152.052948 170.417236 171.281296 -151.387497 -177.735947 154.356232 -151.284454 -162.655701 23.596230 58.082424 3.284148 4.099215 -20.286816 -0.039562 179.622055 173.236786 -178.968353 179.622025 173.361969 -178.249725 177.869034 175.097153 -177.925323 179.999390 -171.433929 178.653198 179.999298 -170.006226 178.605148 7.485600 -7.173827 -1.838033 2.101972 -1.525429 -2.433579 17.134792 0.574341 81.513847 14.871957 -1.059992 2.365341 0.948994 -8.173399 -13.783031 37.226990 47.738804 18.126492 179.999863 179.999557 -163.060455 179.999832 179.999725 -168.718262 0.000000 -0.000000 0.000000 14.999999 0.000033 36.346951 179.999985 179.999985 -150.261597 179.999985 180.000000 -159.183136 0.000000 -0.000000 0.000000 0.000050 -0.000081 36.988995 0.000088 -0.000033 36.988987 0.000060 0.000017 24.634657 0.000000 -0.000000 0.000000 170.000168 -179.999771 -146.137131 0.000262 -0.000101 33.862843 0.000183 0.000045 22.552652 0.000000 -0.000000 0.000000 159.999969 179.999985 -159.980103 179.999954 179.999985 -149.970184 179.999969 179.999985 -160.000137 174.686371 -175.634079 -179.110428 169.588730 175.713623 102.809227 157.202194 -176.498093 176.077286 9.720301 -6.407609 1.142677 133.928314 126.943138 154.708969 0.000935 0.000359 -15.350072 0.000661 0.000063 -10.223144 0.000000 0.000000 -0.000003 164.999802 -179.999832 143.594833 179.999786 -179.999985 150.213959 179.999863 179.999939 159.149780 0.000000 0.000000 -0.000003 0.000771 0.000689 -38.747822 0.001033 0.000052 -38.747818 0.000557 -0.000405 -25.806044 0.000000 0.000000 -0.000003 10.000510 0.000478 -34.428219 0.000695 0.000110 -34.428200 0.000418 -0.000196 -22.929193 0.000000 0.000000 -0.000003 20.000654 0.000683 -26.113226 0.001335 0.000486 -39.169868 0.000893 -0.000315 -26.087114
-6.331991 91.096367 14.582295 176.881439 166.399612 178.039078 11.425826 -15.575123 8.339429 173.218033 150.142853 169.726669 171.207703 -150.294769 -177.772461 152.822098 -149.686462 -161.908157 24.821899 61.217525 3.940245 4.019599 -20.595654 0.070832 179.660095 172.823120 -178.942505 179.660080 172.956650 -178.207886 178.014343 174.811844 -177.861420 179.999496 -171.278183 178.677322 179.999329 -169.824524 178.630173 7.358152 -7.312757 -1.826352 2.284649 -1.413839 -2.594963 17.863729 0.078475 80.998947 15.625849 -2.168582 2.289426 0.814271 -8.212890 -13.695835 37.370739 47.680477 17.993174 179.999878 179.999603 -163.180023 179.999847 179.999771 -168.797897 180.000000 180.000000 179.999985 14.999990 0.000142 36.351067 179.999924 179.999908 -150.258240 179.999924 179.999985 -159.180771 180.000000 180.000000 179.999985 0.000029 -0.000112 37.021427 0.000091 -0.000071 37.021427 0.000077 -0.000003 24.656254 180.000000 180.000000 179.999985 170.000122 -179.999664 -146.049454 0.000283 -0.000219 33.950573 0.000234 -0.000015 22.611069 180.000000 180.000000 179.999985 160.000015 -179.999969 -160.007065 0.000038 -0.000042 29.989397 0.000035 -0.000017 19.972950 174.350998 -175.525986 -179.340775 169.498611 175.149063 102.764473 156.792114 -176.229050 176.111679 9.361218 -7.195050 1.354578 133.861237 126.990128 154.413467 0.000800 0.000310 -15.474017 0.000572 0.000062 -10.305703 0.000000 -0.000000 0.000000 164.999466 -179.999542 143.592361 179.999435 -179.999969 150.211945 179.999634 179.999832 159.148346 0.000000 -0.000000 0.000000 0.000185 0.000167 -38.919441 0.000244 0.000010 -38.919445 0.000137 -0.000098 -25.920334 0.000000 -0.000000 0.000000 10.000067 0.000071 -34.553890 0.000095 0.000015 -34.553886 0.000053 -0.000028 -23.012911 0.000000 -0.000000 0.000000 20.000395 0.000418 -26.256584 0.000812 0.000294 -39.384914 0.000544 -0.000196 -26.230341
-6.435369 90.587540 15.202180 177.133469 166.451584 178.245346 11.308140 -15.911076 8.389441 172.770782 148.442322 169.296570 170.975433 -149.201767 -177.716034 151.727036 -147.888107 -161.237671 25.716619 64.204132 4.536007 3.795767 -20.979101 0.000013 179.706024 172.410095 -178.927841 179.705978 172.552124 -178.185867 178.200607 174.530350 -177.815567 179.999725 -171.130615 178.684525 179.999481 -169.652374 178.637665 7.143993 -7.445226 -1.813183 2.479224 -1.226479 -2.752231 18.500662 -0.517961 80.378830 16.484907 -3.370736 2.251283 0.694767 -8.256613 -13.664172 37.405201 47.650658 17.764971 179.999786 179.999603 -163.304245 179.999786 179.999786 -168.880615 0.000000 0.000000 -0.000003 14.999991 0.000383 36.331062 179.999817 179.999741 -150.274567 179.999802 179.999908 -159.192215 0.000000 0.000000 -0.000003 0.000014 -0.000121 37.060520 0.000083 -0.000093 37.060513 0.000080 -0.000013 24.682297 0.000000 0.000000 -0.000003 170.000076 -179.999466 -145.951935 0.000354 -0.000389 34.048058 0.000344 -0.000083 22.676012 0.000000 0.000000 -0.000003 160.000015 -179.999985 -159.991028 0.000014 -0.000014 30.013487 0.000013 -0.000006 19.988974 173.980591 -175.690460 -179.912918 169.384872 175.053421 103.225159 157.095520 -175.931915 175.781143 8.500805 -7.943803 1.771620 133.807434 126.983093 154.089020 0.000591 0.000241 -15.608934 0.000419 0.000047 -10.395539 180.000000 180.000000 179.999985 164.999313 -179.999405 143.666870 179.999252 -179.999954 150.272903 179.999527 179.999771 159.191025 180.000000 180.000000 179.999985 179.999802 -179.999817 141.007782 179.999725 -179.999985 141.007828 179.999847 179.999878 154.031204 180.000000 180.000000 179.999985 9.999809 -0.000178 -34.594688 179.999741 -179.999969 145.405319 179.999847 179.999924 156.959930 180.000000 180.000000 179.999985 20.000217 0.000227 -26.360737 0.000436 0.000160 -39.541100 0.000290 -0.000100 -26.334372
-6.493887 90.092842 15.867970 177.416458 166.491852 178.491364 10.944097 -16.018578 8.294277 172.744202 146.878113 169.082901 170.628036 -148.044785 -177.549316 150.768112 -146.020157 -160.517410 26.580261 66.952713 5.067276 3.530543 -21.332663 -0.120255 179.761749 172.008377 -178.922516 179.761688 172.158859 -178.180786 178.438217 174.260269 -177.782318 180.000000 -171.010849 178.676239 179.999771 -169.512680 178.629105 6.840274 -7.554936 -1.794697 2.650928 -0.944073 -2.851931 19.032808 -1.247954 79.599548 17.423079 -4.623521 2.280529 0.591234 -8.287440 -13.707374 37.334427 47.752998 17.461567 179.999588 179.999527 -163.445221 179.999649 179.999786 -168.974518 0.000000 -0.000000 0.000000 14.999999 0.000628 36.237850 179.999710 179.999588 -150.350845 179.999680 179.999847 -159.245590 0.000000 -0.000000 0.000000 0.000011 -0.000261 37.083561 0.000167 -0.000202 37.083557 0.000169 -0.000040 24.697641 0.000000 -0.000000 0.000000 170.000061 -179.999222 -145.816238 0.000490 -0.000608 34.183743 0.000500 -0.000146 22.766382 0.000000 -0.000000 0.000000 159.999985 179.999832 -159.968979 179.999893 179.999771 -149.953506 179.999863 179.999908 -159.989044 173.553696 -175.834656 179.448563 169.256851 174.874344 103.825867 156.870239 -175.603149 175.602341 8.141239 -8.634748 2.006071 133.786301 126.945610 153.808105 0.000415 0.000166 -15.732391 0.000306 0.000030 -10.477760 0.000002 -0.000000 0.000000 164.999374 -179.999451 143.817734 179.999329 -179.999939 150.396332 179.999573 179.999802 159.277435 0.000002 -0.000000 0.000000 179.999573 -179.999588 141.026413 179.999420 -179.999969 141.026459 179.999680 179.999771 154.043610 0.000002 -0.000000 0.000000 9.999682 -0.000318 -34.568535 179.999573 -179.999924 145.431458 179.999725 179.999878 156.977356 0.000002 -0.000000 0.000000 20.000101 0.000113 -26.428915 0.000218 0.000090 -39.643368 0.000154 -0.000059 -26.402468
-6.523332 89.630852 16.564159 177.728470 166.506470 178.742722 10.501775 -15.967589 8.118184 172.922806 145.895905 169.053925 170.347412 -147.278793 -177.443130 149.895584 -144.135208 -159.684799 27.268763 69.413147 5.344258 3.323697 -21.613554 -0.141107 179.824829 171.634064 -178.922485 179.824738 171.792633 -178.185852 178.715530 174.011780 -177.754211 0.000237 -9.067116 -1.345696 0.000096 -10.578272 -1.393662 6.487224 -7.629311 -1.772946 2.807832 -0.575674 -2.872406 19.450029 -2.116886 78.638985 18.410694 -5.877785 2.412646 0.522548 -8.270062 -13.854089 36.691139 47.706913 17.306877 179.988235 179.991028 -163.226135 179.990829 179.996460 -168.828598 0.000000 0.000000 -0.000003 14.999968 0.000714 36.070511 179.999634 179.999542 -150.487747 179.999619 179.999847 -159.341446 0.000000 0.000000 -0.000003 0.000031 -0.000470 37.138988 0.000311 -0.000359 37.138985 0.000306 -0.000066 24.734577 0.000000 0.000000 -0.000003 170.000092 -179.998962 -145.621475 0.000652 -0.000804 34.378513 0.000662 -0.000195 22.896090 0.000000 0.000000 -0.000003 159.999985 179.999619 -159.998718 179.999756 179.999496 -149.998093 179.999710 179.999786 -160.018723 173.134628 -175.974503 178.812439 169.113907 174.635178 104.523727 156.668961 -175.269669 175.306641 7.730727 -9.234644 2.256138 133.723953 126.865097 153.494919 0.000317 0.000103 -15.843689 0.000219 0.000010 -10.551890 180.000000 180.000000 -180.000000 164.999680 -179.999695 144.015793 179.999649 -179.999954 150.558365 179.999771 179.999893 159.390884 180.000000 180.000000 -180.000000 179.999542 -179.999542 141.140549 179.999344 -179.999924 141.140549 179.999634 179.999756 154.119614 180.000000 180.000000 -180.000000 10.000008 0.000014 -34.430363 0.000014 0.000001 -34.430374 0.000005 -0.000001 -22.930626 180.000000 180.000000 -180.000000 20.000086 0.000106 -26.465946 0.000183 0.000077 -39.698898 0.000127 -0.000033 -26.439495
-6.532625 89.192490 17.291754 178.066788 166.501282 178.979858 10.012683 -15.818683 7.934739 173.147308 144.811920 169.015793 169.962479 -146.277573 -177.198135 149.060608 -142.227264 -158.767883 27.753130 71.592377 5.367648 3.278450 -21.849121 -0.040119 179.891953 171.293381 -178.925461 179.891861 171.459412 -178.197021 179.016602 173.788376 -177.728302 0.000368 -9.099272 -1.378582 0.000357 -10.615781 -1.427816 6.146596 -7.663648 -1.753224 2.955572 -0.174823 -2.805285 19.770258 -3.087333 77.506699 19.428217 -7.077471 2.657125 0.504652 -8.188987 -14.118920 39.424885 49.616875 17.098825 179.997925 179.997894 -164.934143 179.998306 179.999008 -169.966141 0.000000 0.000000 -0.000003 14.999939 0.000660 35.877636 179.999649 179.999588 -150.645569 179.999649 179.999863 -159.451920 0.000000 0.000000 -0.000003 0.000046 -0.000455 37.265076 0.000314 -0.000336 37.265076 0.000303 -0.000050 24.818537 0.000000 0.000000 -0.000003 170.000137 -179.998840 -145.356354 0.000758 -0.000879 34.643650 0.000752 -0.000194 23.072659 0.000000 0.000000 -0.000003 159.999969 179.999573 -160.093430 179.999725 179.999420 -150.140137 179.999649 179.999741 -160.113342 172.777313 -176.109085 178.248779 168.986237 174.343323 105.232117 156.450638 -175.018433 174.925507 7.325722 -9.751258 2.472721 133.494278 126.728615 152.963058 0.000219 0.000039 -15.971562 0.000160 -0.000002 -10.637060 0.000000 -0.000000 0.000000 164.999893 -179.999893 144.162048 179.999878 -179.999985 150.678040 179.999924 179.999985 159.474625 0.000000 -0.000000 0.000000 179.999680 -179.999634 141.332840 179.999512 -179.999924 141.332840 179.999725 179.999847 154.247696 0.000000 -0.000000 0.000000 9.999914 -0.000114 -34.450848 179.999863 -179.999969 145.549164 179.999908 179.999985 157.055740 0.000000 -0.000000 0.000000 20.000051 0.000070 -26.511171 0.000111 0.000065 -39.766804 0.000086 -0.000015 -26.484669
-6.535166 88.774574 18.047190 178.427017 166.484421 179.178329 9.470383 -15.655896 7.827369 173.330139 143.779404 168.911942 169.594635 -145.263306 -176.901794 148.298737 -140.313461 -157.846436 28.002684 73.467041 5.210952 3.440759 -22.073557 0.130619 179.959595 170.993515 -178.925461 179.959442 171.166199 -178.203964 179.321976 173.594269 -177.693665 0.000467 -9.087849 -1.419419 0.000559 -10.602446 -1.470198 5.870414 -7.658350 -1.741059 3.084822 0.191275 -2.659980 20.038834 -4.075176 76.243004 20.486343 -8.144832 2.982016 0.571036 -8.048107 -14.492688 40.346336 50.377129 16.971996 179.998413 179.998154 -165.569183 179.998672 179.999069 -170.389084 0.000000 0.000000 -0.000003 14.999837 0.001287 35.737411 179.999283 179.999222 -150.760300 179.999298 179.999771 -159.532227 0.000000 0.000000 -0.000003 0.000075 -0.000568 37.380997 0.000408 -0.000404 37.381001 0.000379 -0.000050 24.895735 0.000000 0.000000 -0.000003 170.000137 -179.998917 -145.041595 0.000739 -0.000802 34.958405 0.000710 -0.000157 23.282291 0.000000 0.000000 -0.000003 159.999969 179.999710 -160.218613 179.999817 179.999603 -150.327911 179.999756 179.999847 -160.238419 172.548553 -176.276352 177.770279 168.893509 174.021317 105.900543 156.497040 -174.893631 174.338562 6.632389 -10.132898 2.744319 133.144958 126.560219 152.271240 0.000119 0.000010 -16.114271 0.000079 -0.000018 -10.732106 0.000000 -0.000000 0.000000 165.000046 179.999969 144.235901 0.000043 0.000009 -29.261528 0.000029 -0.000009 -20.483082 0.000000 -0.000000 0.000000 179.999847 -179.999771 141.546539 179.999725 -179.999924 141.546524 179.999832 179.999924 154.389999 0.000000 -0.000000 0.000000 9.999969 -0.000052 -34.384941 179.999954 -179.999985 145.615036 179.999969 179.999985 157.099640 0.000000 -0.000000 0.000000 20.000277 0.000497 -26.484606 0.000717 0.000499 -39.726906 0.000575 -0.000051 -26.458120
-6.544902 88.383224 18.822962 178.797394 166.450119 179.320084 9.100956 -15.517498 7.788859 173.287186 143.049576 168.757996 169.284058 -144.549194 -176.632324 147.766098 -138.388458 -156.996552 27.934649 75.014153 4.904333 3.716167 -22.301847 0.373451 0.025466 9.254011 1.082392 0.025242 9.075783 1.801841 179.618546 173.437317 -177.641083 0.000555 -9.040380 -1.469126 0.000704 -10.547033 -1.521734 5.706072 -7.617955 -1.745195 3.204100 0.465332 -2.485654 20.261806 -4.993857 74.952774 21.628229 -8.997757 3.332439 0.743072 -7.863375 -14.952899 41.316936 51.000340 16.788517 179.998978 179.998550 -166.233856 179.999115 179.999207 -170.831726 0.000000 -0.000000 0.000003 14.999968 0.000203 35.298023 179.999893 179.999878 -151.119797 179.999893 179.999969 -159.783875 0.000000 -0.000000 0.000003 0.000053 -0.000363 37.561401 0.000265 -0.000254 37.561432 0.000244 -0.000029 25.015913 0.000000 -0.000000 0.000003 170.000168 -179.998917 -144.718430 0.000761 -0.000797 35.281563 0.000720 -0.000141 23.497522 0.000000 -0.000000 0.000003 160.000015 179.999985 -160.318314 179.999985 179.999969 -150.477448 179.999985 179.999985 -160.337997 172.444092 -176.242905 177.615768 168.920380 173.465210 106.195152 156.496368 -175.034286 173.716904 5.961577 -10.432170 2.909065 132.757751 126.392197 151.553284 0.000030 -0.000006 -16.250916 0.000021 -0.000003 -10.823101 0.000000 -0.000000 0.000000 165.000061 179.999908 144.212570 0.000077 0.000024 -29.280602 0.000057 -0.000012 -20.496414 0.000000 -0.000000 0.000000 179.999939 -179.999893 141.727402 179.999893 -179.999969 141.727386 179.999924 179.999985 154.510437 0.000000 -0.000000 0.000000 9.999996 -0.000007 -34.341888 179.999985 -179.999985 145.658096 180.000000 -179.999985 157.128311 0.000000 -0.000000 0.000000 20.000042 0.000108 -26.916870 0.000127 0.000119 -40.375313 0.000114 0.000010 -26.889967
-6.583080 87.997429 19.573767 179.183456 166.414291 179.416565 8.915189 -15.516962 7.867449 172.967072 142.261337 168.426987 168.901245 -143.879135 -176.308044 147.388870 -136.414169 -156.138916 27.263857 76.557533 4.117850 4.133642 -22.534836 0.700696 0.068294 9.479415 1.107838 0.068084 9.296265 1.838904 179.798340 173.292725 -177.566452 179.999985 -171.012024 178.485275 179.999832 -169.513977 178.431351 5.555013 -7.573312 -1.750499 3.491082 0.738860 -2.353026 20.553972 -5.858154 73.614120 22.703264 -9.923256 3.646002 0.929948 -7.612310 -15.493668 42.364281 51.510536 16.551931 179.985413 179.971451 -166.940277 179.986404 179.983551 -171.302231 0.000000 -0.000000 0.000003 15.000873 -0.007083 35.088985 0.003926 -0.004317 28.709129 0.003867 -0.001326 20.096428 0.000000 -0.000000 0.000003 0.002378 -0.017438 37.490826 0.012571 -0.012312 37.490826 0.011645 -0.001351 24.968897 0.000000 -0.000000 0.000003 170.002975 -179.978607 -144.202560 0.015033 -0.015491 35.797474 0.014164 -0.002428 23.841101 0.000000 -0.000000 0.000003 160.001495 -179.989029 -160.458557 0.007660 -0.014725 29.312109 0.009277 -0.006000 19.521908 172.543945 -176.268951 177.479614 168.927200 172.972534 106.384041 156.578674 -175.297562 173.148575 5.242281 -10.782325 3.027053 132.362396 126.154922 150.914215 0.000057 -0.000071 -16.330456 0.000030 -0.000045 -10.876055 0.000002 -0.000000 0.000003 165.000824 179.998016 144.133530 0.001514 0.000918 -29.345245 0.001239 0.000041 -20.541693 0.000002 -0.000000 0.000003 0.000857 0.003621 -37.757103 0.002911 0.002326 -37.757072 0.002483 0.000027 -25.146212 0.000002 -0.000000 0.000003 9.999985 -0.000181 -34.342102 179.999878 -179.999847 145.657898 179.999878 -179.999969 157.128159 0.000002 -0.000000 0.000003 19.999960 0.001207 -27.062263 0.000782 0.001647 -40.593452 0.001103 0.000497 -27.035204
-6.597458 87.656204 20.395765 179.544601 166.334229 179.443146 8.714305 -15.367031 7.928842 172.634979 141.529938 168.198837 168.589600 -143.096710 -175.943527 147.553696 -134.349457 -155.610977 26.441431 77.490936 3.665501 4.404572 -22.761541 1.012470 0.153700 9.621037 1.133575 0.153420 9.434101 1.871841 0.184654 6.781924 2.541047 0.000307 -8.888252 -1.602945 0.000317 -10.369624 -1.660183 5.708532 -7.473963 -1.816543 3.443061 0.751825 -2.197259 20.640390 -6.509677 72.506760 23.645250 -10.481688 3.979498 1.241185 -7.405316 -16.001411 43.904808 51.678940 15.545354 179.997665 179.994934 -168.224716 179.997772 179.997009 -172.157684 0.000000 -0.000000 0.000003 15.000831 -0.007856 35.249756 0.004270 -0.004852 28.840706 0.004260 -0.001529 20.188463 0.000000 -0.000000 0.000003 0.001150 -0.009007 38.042076 0.006471 -0.006371 38.042095 0.006010 -0.000672 25.336031 0.000000 -0.000000 0.000003 170.004196 -179.970184 -143.808716 0.021158 -0.021414 36.191246 0.019817 -0.003057 24.103397 0.000000 -0.000000 0.000003 160.001495 -179.989716 -160.181259 0.007365 -0.013712 29.728176 0.008807 -0.005472 19.798950 172.517334 -176.279907 177.583298 169.498428 172.320450 106.344376 156.532288 -176.205612 172.402802 4.506093 -10.830047 3.017623 131.763611 125.941956 150.250778 0.000112 -0.000201 -16.324423 0.000024 -0.000162 -10.872068 0.000000 0.000000 -0.000003 165.000458 179.998322 143.955460 0.001112 0.000876 -29.490980 0.000981 0.000147 -20.643677 0.000000 0.000000 -0.000003 179.999969 -179.999557 141.620667 179.999710 -179.999680 141.620697 179.999710 -179.999954 154.439377 0.000000 0.000000 -0.000003 10.000020 -0.000300 -34.338284 179.999847 -179.999725 145.661728 179.999817 -179.999908 157.130707 0.000000 0.000000 -0.000003 19.999777 0.001006 -27.172533 0.000399 0.001467 -40.758820 0.000839 0.000561 -27.145370
-6.592989 87.353127 21.253899 179.849289 166.271774 179.422928 8.690426 -15.126772 7.951812 172.241669 141.124405 168.100510 168.375473 -142.590836 -175.674973 147.940308 -132.328674 -155.260345 26.158905 78.092621 3.880172 4.441340 -22.989859 1.307751 0.247957 9.727570 1.157162 0.247580 9.537416 1.900095 0.615764 6.828300 2.649428 0.000380 -8.788329 -1.690131 0.000477 -10.252987 -1.750586 5.930736 -7.371742 -1.890773 3.353198 0.702911 -2.046472 20.552156 -7.103633 71.523209 26.101883 -10.127076 4.156278 1.903819 -7.246717 -16.529100 44.489948 52.047585 15.746854 0.000524 -0.001352 11.526186 0.000525 -0.000821 7.676445 0.000000 0.000000 -0.000003 15.000492 -0.004912 35.415409 0.002657 -0.003041 28.976248 0.002659 -0.000952 20.283348 0.000000 0.000000 -0.000003 0.001054 -0.008125 38.196156 0.005863 -0.005724 38.196144 0.005428 -0.000570 25.438660 0.000000 0.000000 -0.000003 170.005127 -179.965286 -143.411697 0.025039 -0.024597 36.588268 0.023177 -0.003041 24.367813 0.000000 0.000000 -0.000003 160.001389 -179.991089 -160.000519 0.006552 -0.011839 29.999229 0.007733 -0.004624 19.979517 172.544708 -176.296021 177.765045 170.337906 171.545792 106.274467 155.886490 -177.381500 171.744308 4.426910 -10.736013 2.626104 130.980453 126.026497 148.329407 0.000956 0.000632 -16.908100 0.000732 0.000213 -11.260809 0.000002 0.000003 0.000000 164.999435 -179.997086 143.345490 179.998199 -179.998352 150.009949 179.998337 -179.999619 159.006989 0.000002 0.000003 0.000000 0.000063 -0.002574 -38.589027 179.998459 -179.997940 141.410950 179.998337 -179.999573 154.299713 0.000002 0.000003 0.000000 10.000407 -0.002423 -34.555576 179.998978 -179.997772 145.444427 179.998596 -179.999176 156.985977 0.000002 0.000003 0.000000 20.000792 -0.002599 -27.632261 179.999283 -179.995972 138.551529 179.997894 -179.998291 152.395355
-6.533020 87.092857 22.163685 0.169997 13.911749 -0.468181 8.634928 -14.824988 7.731275 172.012604 140.714127 168.170181 168.144257 -141.890579 -175.376663 148.347626 -130.199570 -155.075073 26.414003 78.378746 4.686970 4.293943 -23.189764 1.537776 0.331440 9.751067 1.149804 0.331115 9.559362 1.877876 1.014824 6.820743 2.682092 0.000297 -8.690658 -1.769255 0.000411 -10.139012 -1.832567 6.189788 -7.270642 -1.964341 3.227661 0.630420 -1.876771 20.258144 -7.731929 70.606186 28.840050 -9.431884 4.419324 2.603037 -7.068408 -16.969543 44.390537 52.125942 15.585211 0.001920 -0.005105 11.477824 0.001931 -0.003093 7.644251 0.000000 -0.000000 -0.000003 14.999952 0.000562 35.570068 179.999710 179.999649 -150.897232 179.999710 179.999893 -159.628067 0.000000 -0.000000 -0.000003 0.001172 -0.008448 38.319283 0.006171 -0.005888 38.319290 0.005657 -0.000518 25.520641 0.000000 -0.000000 -0.000003 170.014175 -179.915131 -143.577362 0.063100 -0.058494 36.422607 0.057057 -0.005347 24.257479 0.000000 -0.000000 -0.000003 160.001144 -179.993332 -159.828430 0.005063 -0.008779 30.257389 0.005866 -0.003344 20.151409 172.596954 -176.297333 178.002258 171.351120 170.605896 106.265877 155.040787 -178.591461 170.927200 4.293796 -10.442595 2.401384 131.116852 124.118637 152.552856 0.025282 -0.025558 -14.504327 0.011621 -0.020934 -9.659896 180.000000 -180.000000 179.999985 164.999802 -179.998474 143.782501 179.999146 -179.999069 150.367523 179.999161 -179.999725 159.257263 180.000000 -180.000000 179.999985 179.999725 179.997025 142.460052 0.001607 0.002525 -37.539936 0.001880 0.000660 -25.001579 180.000000 -180.000000 179.999985 10.000320 -0.001274 -34.192207 179.999573 -179.998764 145.807831 179.999298 -179.999466 157.227997 180.000000 -180.000000 179.999985 19.998137 0.004784 -26.299494 0.000821 0.007656 -39.449211 0.003730 0.003529 -26.273174
-6.392482 86.865219 23.160379 0.448698 14.130133 -0.299559 8.399687 -14.295868 7.322007 172.115814 139.966278 168.416550 167.773972 -140.659180 -174.894974 148.684113 -128.109528 -154.971481 27.093956 78.361748 5.893920 4.017835 -23.346090 1.686566 0.415676 9.733926 1.117274 0.415385 9.541583 1.813793 1.432149 6.787198 2.659807 0.000158 -8.596470 -1.832303 0.000253 -10.029137 -1.897858 6.459947 -7.173621 -2.028667 2.956954 0.556651 -1.636539 19.879168 -8.456398 69.647118 31.780012 -8.460023 4.860383 3.280892 -6.846673 -17.301985 44.112232 52.215183 15.557226 0.002394 -0.006113 11.581731 0.002383 -0.003671 7.713417 0.000000 -0.000000 0.000000 14.999630 0.003335 35.600262 179.998169 179.997955 -150.872528 179.998184 179.999374 -159.610764 0.000000 -0.000000 0.000000 0.000935 -0.006124 38.490276 0.004550 -0.004207 38.490307 0.004116 -0.000300 25.634525 0.000000 -0.000000 0.000000 170.004562 -179.974060 -141.350006 0.019873 -0.017281 38.649982 0.017530 -0.000619 25.740921 0.000000 -0.000000 0.000000 160.000809 -179.995804 -159.684662 0.003299 -0.005495 30.473083 0.003752 -0.002037 20.295057 172.682083 -176.275360 178.273148 172.374466 169.458084 106.364914 153.966064 -179.650177 169.982361 3.831544 -9.970325 2.931888 130.327408 126.746834 146.248688 179.999725 179.995712 162.243958 0.000664 0.002774 -11.825537 0.000000 -0.000000 0.000000 165.002960 179.989761 145.317429 0.006856 0.005400 -28.376661 0.006031 0.000964 -19.863665 0.000000 -0.000000 0.000000 0.000066 -0.000731 -38.596851 179.999588 -179.999374 141.403152 179.999542 -179.999847 154.294525 0.000000 -0.000000 0.000000 9.997905 0.006400 -33.129299 0.001822 0.006474 -33.129292 0.003410 0.002919 -22.064102 0.000000 -0.000000 0.000000 19.999975 0.000054 -27.873371 180.000000 179.999908 138.189926 0.000031 0.000046 -27.845497
-6.161143 86.701111 24.232630 0.699489 14.379300 -0.079664 7.999887 -13.450880 6.690099 172.918320 140.305969 169.208145 167.570236 -140.234818 -174.696198 148.839844 -126.125603 -154.852005 27.777397 78.043411 7.001483 3.679881 -23.448736 1.763973 0.513711 9.686214 1.059018 0.513388 9.493943 1.705490 1.929237 6.731977 2.588686 0.000028 -8.491492 -1.882660 0.000052 -9.906721 -1.949935 6.761383 -7.067656 -2.086810 2.812884 0.391917 -1.402539 19.067209 -9.258943 68.752243 34.844666 -7.259422 5.507727 3.910679 -6.607175 -17.531681 43.742764 52.333199 15.579350 0.002410 -0.005708 11.749982 0.002342 -0.003393 7.825493 0.000000 -0.000000 0.000000 14.999736 0.002014 35.522827 179.998871 179.998779 -150.935867 179.998901 179.999649 -159.655106 0.000000 -0.000000 0.000000 0.001012 -0.005888 38.600769 0.004474 -0.003961 38.600780 0.003970 -0.000202 25.708094 0.000000 -0.000000 0.000000 170.003464 -179.982056 -140.780029 0.014088 -0.011647 39.219994 0.012173 -0.000028 26.120497 0.000000 -0.000000 0.000000 160.000092 -179.999588 -159.556183 0.000336 -0.000538 30.665701 0.000374 -0.000194 20.423346 172.707672 -176.218765 178.604324 173.270248 168.090958 106.565544 152.665390 179.571686 168.990555 4.039286 -9.337805 2.417178 129.028976 126.432129 145.629593 179.997635 179.995956 162.653656 179.999283 179.996964 168.447342 180.000000 180.000000 -180.000000 165.000320 179.999390 143.078278 0.000511 0.000249 -30.208664 0.000395 -0.000030 -21.146061 180.000000 180.000000 -180.000000 180.000000 179.999985 141.570908 0.000006 0.000002 -38.429062 0.000005 -0.000001 -25.593754 180.000000 180.000000 -180.000000 10.000013 -0.000047 -34.580482 179.999985 -179.999954 145.419525 179.999985 -179.999985 156.969406 180.000000 180.000000 -180.000000 20.000027 -0.000026 -27.888590 0.000007 -0.000056 -41.832863 179.999985 -179.999985 152.139313
-5.857371 86.602760 25.359365 0.926691 14.657972 0.172454 7.519284 -12.556548 5.958144 173.687500 140.845490 169.979675 167.575562 -139.947601 -174.522736 148.775665 -124.282013 -154.637909 28.007877 77.450981 7.534504 3.375349 -23.489202 1.771594 0.578088 9.580890 0.993873 0.577758 9.390388 1.590118 2.271448 6.649963 2.481541 179.999954 -171.594040 178.107437 180.000000 -170.193039 178.039780 6.964411 -6.986687 -2.107496 2.901062 0.274775 -1.244233 18.093805 -10.156767 67.861954 38.399788 -5.770040 6.319756 4.521087 -6.342174 -17.717817 42.594048 52.347572 15.506403 179.995544 179.991760 -167.737671 179.995956 179.995255 -171.833298 0.000000 -0.000000 0.000000 15.000593 -0.003497 35.390846 0.002052 -0.002053 28.956171 0.001952 -0.000561 20.269306 0.000000 -0.000000 0.000000 0.001811 -0.008891 38.643749 0.006984 -0.005791 38.643745 0.006042 -0.000090 25.736731 0.000000 -0.000000 0.000000 170.003189 -179.985504 -140.422729 0.011729 -0.009070 39.577251 0.009869 0.000365 26.358456 0.000000 -0.000000 0.000000 160.000168 -179.999207 -159.556076 0.000663 -0.001012 30.665852 0.000725 -0.000355 20.423475 172.986389 -176.203140 178.870438 173.957275 166.506714 106.846413 151.165527 179.107162 168.035980 4.265702 -8.698266 1.832600 128.497208 126.440582 146.211472 179.997498 179.996948 163.217346 179.998962 179.997589 168.822723 0.000000 -0.000000 0.000003 165.000534 179.999481 142.986221 0.000600 0.000077 -30.284000 0.000389 -0.000163 -21.198795 0.000000 -0.000000 0.000003 0.000080 0.000218 -38.393265 0.000195 0.000120 -38.393307 0.000150 -0.000015 -25.569929 0.000000 -0.000000 0.000003 10.000003 -0.000039 -34.572525 179.999985 -179.999969 145.427475 179.999985 -179.999985 156.974686 0.000000 -0.000000 0.000003 20.000093 -0.000190 -27.913034 0.000005 -0.000327 -41.869537 179.999847 -179.999847 152.114868
-5.492857 86.566940 26.542068 1.153377 14.987093 0.473986 6.961979 -11.560025 5.131923 174.735336 141.666611 170.898117 167.506653 -139.892654 -174.354416 148.454483 -122.580437 -154.278320 27.493374 76.611458 7.188364 3.214264 -23.470854 1.714038 0.640366 9.431027 0.915333 0.639988 9.243459 1.453253 2.610467 6.541661 2.341971 179.999863 -171.697601 178.116318 179.999954 -170.313873 178.048950 7.132660 -6.894121 -2.109054 2.997055 0.147333 -1.117462 17.026228 -11.101849 67.006676 40.981560 -4.685955 7.285568 4.829141 -6.065163 -17.820759 42.769814 52.727463 15.175150 179.995743 179.992767 -168.057129 179.996231 179.995865 -172.046051 0.000000 -0.000000 0.000000 15.001066 -0.005523 35.444614 0.003329 -0.003175 29.000135 0.003119 -0.000805 20.300081 0.000000 -0.000000 0.000000 0.002440 -0.011122 38.834576 0.008906 -0.007092 38.834583 0.007584 0.000075 25.863819 0.000000 -0.000000 0.000000 170.003464 -179.984985 -140.053665 0.012350 -0.009223 39.946346 0.010243 0.000626 26.604258 0.000000 -0.000000 0.000000 159.999939 179.999725 -159.515762 179.999771 179.999664 -149.273666 179.999756 179.999878 -159.536255 173.294189 -176.189728 179.125000 174.396515 164.749939 107.176857 149.513916 178.919342 167.199722 4.395538 -8.173961 1.247342 128.275101 126.513710 146.851425 179.997070 179.996857 163.639359 179.998703 179.997452 169.103821 0.000003 0.000002 0.000000 165.000168 179.999878 142.782776 0.000179 -0.000008 -30.450432 0.000105 -0.000071 -21.315315 0.000003 0.000002 0.000000 0.000015 0.000018 -38.484657 0.000024 0.000008 -38.484612 0.000016 -0.000007 -25.630775 0.000003 0.000002 0.000000 9.999955 -0.000324 -34.620029 179.999771 -179.999756 145.379959 179.999802 -179.999954 156.943054 0.000003 0.000002 0.000000 20.000212 -0.000558 -27.937527 179.999893 -179.999100 138.093689 179.999573 -179.999588 152.090424
-5.094953 86.589066 27.780571 1.308579 15.251503 0.700198 6.440810 -10.411417 4.392285 175.440109 142.801361 171.600983 167.771011 -140.099899 -174.257233 147.896027 -121.212639 -153.709381 26.697296 75.739677 6.406717 3.209050 -23.425497 1.599825 0.717161 9.282329 0.840817 0.716749 9.097590 1.321641 3.015278 6.431887 2.217814 179.999756 -171.824234 178.143585 179.999893 -170.461578 178.077118 7.253869 -6.786116 -2.089813 3.108507 0.003287 -1.037628 15.901862 -12.031519 66.233757 43.615562 -3.647961 8.265925 5.062002 -5.770566 -17.973379 42.921009 53.101990 14.730723 179.996567 179.994659 -168.420425 179.997070 179.996979 -172.287994 0.000002 -0.000000 0.000000 15.001201 -0.005680 35.609005 0.003516 -0.003193 29.134653 0.003239 -0.000753 20.394239 0.000002 -0.000000 0.000000 0.002997 -0.012930 39.136692 0.010536 -0.008076 39.136669 0.008839 0.000294 26.065037 0.000002 -0.000000 0.000000 170.003296 -179.985947 -139.578293 0.011675 -0.008473 40.421696 0.009580 0.000794 26.920855 0.000002 -0.000000 0.000000 160.000015 -179.999985 -159.529556 0.000025 -0.000037 30.705671 0.000029 -0.000012 20.449966 173.638290 -176.171906 179.389526 174.576996 162.858734 107.492126 147.765579 178.942856 166.533371 4.619262 -7.789271 0.411116 128.157516 126.407585 147.791107 179.996933 179.997055 164.191406 179.998550 179.997574 169.471481 0.000002 -0.000000 0.000000 164.995407 -179.997772 142.232162 179.995911 179.999191 149.099060 179.997818 179.998047 158.369324 0.000002 -0.000000 0.000000 179.999710 -179.999741 141.447861 179.999603 -179.999985 141.447845 179.999786 179.999847 154.324265 0.000002 -0.000000 0.000000 9.999683 -0.000625 -34.593681 179.999390 -179.999664 145.406342 179.999542 179.999954 156.960617 0.000002 -0.000000 0.000000 20.000175 -0.000953 -27.860928 179.999588 -179.998627 138.208603 179.999191 -179.999496 152.166901
-4.671195 86.658607 29.076862 1.435817 15.507120 0.923672 5.958734 -9.179758 3.678835 176.136688 144.089096 172.278641 168.020996 -140.517059 -174.177261 147.163315 -120.116257 -153.010208 24.765564 73.950737 4.313061 3.495009 -23.282404 1.455893 0.797176 9.112090 0.761297 0.796710 8.930787 1.181875 3.436872 6.309874 2.082403 179.999649 -171.974915 178.188110 179.999847 -170.637344 178.123184 7.331299 -6.661541 -2.050973 3.321410 -0.163444 -1.039941 14.681114 -12.886332 65.619911 46.308140 -2.672790 9.178634 5.248434 -5.468709 -18.212875 44.892654 54.201328 13.637257 179.992844 -179.991913 -170.104202 179.996399 -179.993790 -173.409393 0.000000 -0.000000 0.000003 15.001328 -0.005759 35.810448 0.003645 -0.003180 29.299469 0.003316 -0.000687 20.509624 0.000000 -0.000000 0.000003 0.002891 -0.012029 39.618263 0.009940 -0.007372 39.618267 0.008224 0.000486 26.385756 0.000000 -0.000000 0.000003 170.002869 -179.987946 -139.034409 0.010112 -0.007180 40.965588 0.008211 0.000847 27.283075 0.000000 -0.000000 0.000003 159.999893 179.999542 -159.518356 179.999603 179.999405 -149.277527 179.999588 179.999786 -159.538818 174.017624 -176.145813 179.664459 174.558792 160.893112 107.761887 145.969116 179.074936 166.054504 5.090820 -7.580034 -0.991126 128.093170 125.835167 149.360672 179.998779 179.999268 165.116470 179.999344 179.999313 170.087585 0.000000 0.000002 0.000000 165.004517 -179.999359 144.137558 0.002658 -0.002622 -29.341984 0.000705 -0.002519 -20.539392 0.000000 0.000002 0.000000 0.000463 -0.000089 -38.320648 0.000314 -0.000352 -38.320644 0.000016 -0.000308 -25.521557 0.000000 0.000002 0.000000 9.999878 0.000020 -34.214622 179.999924 179.999908 145.785370 179.999985 179.999924 157.213074 0.000000 0.000002 0.000000 19.999659 0.000125 -27.350554 179.999634 179.999588 138.974167 179.999985 179.999619 152.676819
-4.225093 86.773613 30.428967 1.520795 15.761602 1.147800 5.487070 -7.894145 2.987134 176.592606 145.606949 172.792633 168.517426 -141.243988 -174.160217 145.983093 -119.343933 -151.999725 23.502794 71.918892 2.612630 3.864327 -23.113205 1.342963 0.880413 8.918919 0.675173 0.879884 8.741707 1.031356 3.875506 6.175407 1.931864 179.999557 -172.147385 178.248184 179.999786 -170.838547 178.185349 7.370798 -6.521752 -1.994879 3.371124 -0.296830 -1.030687 13.678900 -13.589598 65.123932 49.123276 -1.753771 9.928197 5.400487 -5.156601 -18.539997 37.568161 51.675007 15.925812 179.942535 179.939804 -165.036819 179.953430 179.969894 -170.034531 0.000000 -0.000000 0.000000 15.001332 -0.005381 36.066982 0.003475 -0.002918 29.509348 0.003122 -0.000569 20.656544 0.000000 -0.000000 0.000000 0.002277 -0.009217 40.198627 0.007722 -0.005524 40.198605 0.006300 0.000540 26.772278 0.000000 -0.000000 0.000000 170.002136 -179.991028 -138.446030 0.007571 -0.005250 41.553947 0.006089 0.000753 27.674923 0.000000 -0.000000 0.000000 159.999954 179.999786 -159.544022 179.999847 179.999725 -149.316025 179.999817 179.999908 -159.564484 174.515121 -176.070404 179.968613 174.312668 158.860992 107.945801 144.152573 179.249268 165.736923 5.044263 -7.599404 -1.589439 128.231842 125.791306 150.091248 179.999069 179.999420 165.419571 179.999512 179.999466 170.289429 0.000000 -0.000000 0.000000 165.000595 -179.999847 142.619568 0.000311 -0.000404 -30.584000 0.000045 -0.000357 -21.408777 0.000000 -0.000000 0.000000 0.000225 -0.000073 -38.501694 0.000130 -0.000195 -38.501682 179.999985 -179.999847 154.357895 0.000000 -0.000000 0.000000 9.999666 0.000127 -34.199890 179.999802 179.999695 145.800095 0.000001 0.000244 -22.777115 0.000000 -0.000000 0.000000 19.999451 0.000287 -27.149233 179.999466 179.999222 139.276154 0.000058 0.000618 -27.122078
-3.756760 86.932999 31.829893 1.557737 16.023884 1.373052 5.013316 -6.583557 2.298932 177.099350 147.289352 173.299210 169.027863 -142.326141 -174.181961 144.819748 -118.828720 -151.058731 22.757380 69.650284 1.376711 4.217142 -22.932079 1.292260 0.966089 8.703446 0.582368 0.965506 8.531026 0.870112 4.326811 6.029690 1.765356 179.999496 -172.336288 178.320404 179.999741 -171.058914 178.260117 7.383067 -6.370351 -1.925878 3.432783 -0.436808 -1.032074 12.924822 -14.393406 64.525330 51.895969 -0.984264 10.557877 5.340187 -4.943347 -18.916759 43.067997 54.154610 13.691866 179.999084 179.998840 -169.198334 179.999268 179.999344 -172.806091 0.000000 -0.000000 0.000000 15.001103 -0.004241 36.380104 0.002787 -0.002246 29.765532 0.002479 -0.000400 20.835884 0.000000 -0.000000 0.000000 0.001376 -0.005415 40.778133 0.004593 -0.003186 40.778141 0.003700 0.000403 27.158237 0.000000 -0.000000 0.000000 170.001434 -179.994080 -137.897675 0.005039 -0.003416 42.102345 0.004017 0.000581 28.040146 0.000000 -0.000000 0.000000 160.000031 -179.999817 -159.564224 0.000158 -0.000240 30.653677 0.000172 -0.000086 20.415342 174.673508 -176.129532 -179.733047 174.328445 157.062103 108.129883 142.424026 179.497162 165.544357 4.994282 -7.706838 -2.124762 128.245346 125.682854 150.708862 179.999359 179.999573 165.742065 179.999664 179.999619 170.504227 0.000000 -0.000000 0.000000 165.000305 -179.999863 142.423111 0.000141 -0.000238 -30.744720 180.000000 -179.999817 158.478699 0.000000 -0.000000 0.000000 0.000023 -0.000014 -38.603237 0.000010 -0.000029 -38.603249 180.000000 -179.999985 154.290237 0.000000 -0.000000 0.000000 9.999558 0.000232 -34.072899 179.999756 179.999557 145.927094 0.000033 0.000327 -22.692547 0.000000 -0.000000 0.000000 19.999310 0.000437 -26.855362 179.999374 179.998932 139.716934 0.000136 0.000808 -26.828516
-3.266962 87.131859 33.279522 1.552876 16.304239 1.590422 4.511407 -5.293611 1.608216 177.632919 148.947571 173.796631 169.563583 -143.667282 -174.254364 143.831528 -118.511772 -150.332062 22.473814 67.201927 0.643967 4.458504 -22.751272 1.323344 1.054289 8.457982 0.482254 1.053639 8.291215 0.697257 4.790703 5.868401 1.580361 179.999420 -172.543137 178.411453 179.999649 -171.300217 178.354385 7.386528 -6.206002 -1.841927 3.482009 -0.571325 -1.011953 12.390162 -15.084118 63.991531 53.545147 -0.692128 11.078608 6.228322 -4.130662 -19.384590 44.154411 54.933632 13.250021 179.996643 -179.997009 -170.075043 179.998184 -179.997620 -173.389984 0.000000 -0.000000 0.000000 15.000757 -0.002785 36.706211 0.001866 -0.001441 30.032352 0.001638 -0.000217 21.022642 0.000000 -0.000000 0.000000 0.000899 -0.003373 41.199577 0.002897 -0.001939 41.199566 0.002302 0.000299 27.438919 0.000000 -0.000000 0.000000 170.001038 -179.995804 -137.449783 0.003609 -0.002365 42.550198 0.002837 0.000474 28.338428 0.000000 -0.000000 0.000000 160.000076 -179.999680 -159.554657 0.000267 -0.000410 30.667997 0.000290 -0.000139 20.424881 175.111481 -176.084671 -179.338821 174.245438 154.916168 108.143654 140.367661 179.654510 165.450302 4.938947 -7.806898 -2.536271 128.116074 125.524872 151.213806 179.999588 179.999771 166.090393 179.999786 179.999771 170.736206 180.000000 -180.000000 180.000000 165.000351 -179.999817 142.323334 0.000126 -0.000291 -30.826351 179.999985 -179.999786 158.421539 180.000000 -180.000000 180.000000 179.999939 179.999969 141.375061 179.999985 179.999939 141.375076 0.000016 0.000048 -25.724207 180.000000 -180.000000 180.000000 9.999599 0.000267 -33.868004 179.999817 179.999557 146.132004 0.000059 0.000318 -22.556091 180.000000 -180.000000 180.000000 19.999279 0.000543 -26.473274 179.999390 179.998810 140.290100 0.000198 0.000874 -26.446777
-2.752558 87.366547 34.764202 1.513975 16.610802 1.791106 3.982172 -4.047129 0.920008 178.158768 150.727142 174.238342 170.163513 -145.469421 -174.388412 143.128525 -118.330772 -149.916199 22.349394 64.566559 0.212568 4.587752 -22.558207 1.432920 1.120382 8.237872 0.396173 1.119819 8.076306 0.550109 5.141307 5.726412 1.415701 179.999680 -172.700195 178.484268 179.999817 -171.483490 178.429932 7.423311 -6.080527 -1.779188 3.667413 -0.821255 -1.096261 12.102799 -15.692997 63.492046 55.903400 -0.163196 11.213436 6.325926 -3.772180 -19.760649 38.667439 52.766960 14.966712 179.977051 179.978851 -166.223450 179.981979 179.989639 -170.824814 0.000000 -0.000000 0.000000 15.000570 -0.001965 36.984695 0.001347 -0.000990 30.260210 0.001160 -0.000137 21.182140 0.000000 -0.000000 0.000000 0.000595 -0.002129 41.544098 0.001862 -0.001199 41.544109 0.001460 0.000231 27.668377 0.000000 -0.000000 0.000000 170.000702 -179.997314 -137.022461 0.002339 -0.001479 42.977551 0.001810 0.000352 28.623032 0.000000 -0.000000 0.000000 159.999786 179.999054 -159.491058 179.999207 179.998795 -149.236572 179.999146 179.999588 -159.511536 175.680695 -175.926132 -179.010208 174.190628 152.906906 108.074860 138.388000 179.911362 165.419571 4.889885 -7.795420 -2.790009 127.985588 125.377495 151.675522 179.999756 179.999924 166.415604 179.999847 179.999908 170.952789 0.000000 -0.000000 0.000000 164.999939 179.999969 142.119354 179.999985 179.999939 149.006714 0.000009 0.000040 -21.695284 0.000000 -0.000000 0.000000 179.999954 179.999969 141.409378 179.999985 179.999954 141.409393 0.000016 0.000034 -25.701336 0.000000 -0.000000 0.000000 9.999712 0.000218 -33.629887 179.999893 179.999664 146.370117 0.000061 0.000228 -22.397501 0.000000 -0.000000 0.000000 19.999403 0.000498 -25.996061 179.999527 179.998932 141.005905 0.000192 0.000752 -25.970078
-2.234126 87.634567 36.271122 1.444338 16.955599 1.958506 3.485535 -2.907066 0.288362 178.448822 152.547699 174.537704 170.968109 -147.694351 -174.624176 142.744873 -118.239403 -149.818314 22.564684 62.430134 0.315143 4.474655 -22.381437 1.582966 1.197807 7.959039 0.297433 1.197188 7.804149 0.382010 5.547307 5.550052 1.222073 179.999649 -172.873962 178.569641 179.999741 -171.686218 178.518356 7.209032 -5.949107 -1.681110 3.745736 -0.996688 -1.075793 12.079629 -16.244778 62.990093 58.085003 0.318193 11.095285 6.403757 -3.415506 -20.075430 43.359905 55.126896 13.763573 0.000122 -0.000131 10.529646 0.000109 -0.000070 7.012744 0.000003 -0.000000 0.000003 15.000416 -0.001280 37.269119 0.000899 -0.000638 30.492912 0.000769 -0.000058 21.345030 0.000003 -0.000000 0.000003 0.000340 -0.001128 41.861244 0.001009 -0.000613 41.861244 0.000771 0.000143 27.879585 0.000003 -0.000000 0.000003 170.000412 -179.998520 -136.626495 0.001317 -0.000796 43.373474 0.001002 0.000221 28.886742 0.000003 -0.000000 0.000003 160.000015 -179.999939 -159.647095 0.000052 -0.000080 30.529375 0.000056 -0.000027 20.332565 176.123489 -175.874359 -178.584061 174.185867 151.057343 107.940598 136.511200 -179.680847 165.427887 4.834251 -7.626946 -2.856505 127.964920 125.268295 152.197815 179.999878 -180.000000 166.707611 179.999924 179.999985 171.147263 0.000000 -0.000000 0.000000 165.000031 -179.999985 142.169373 0.000006 -0.000027 -30.952311 180.000000 -179.999985 158.333374 0.000000 -0.000000 0.000000 0.000006 -0.000002 -38.553810 180.000000 -179.999985 141.446198 180.000000 -179.999985 154.323166 0.000000 -0.000000 0.000000 9.999835 0.000139 -33.409035 179.999939 179.999802 146.590988 0.000038 0.000136 -22.250408 0.000000 -0.000000 0.000000 19.999565 0.000374 -25.503014 179.999649 179.999222 141.745499 0.000132 0.000559 -25.477526
-1.693879 87.919426 37.772881 1.374334 17.327662 2.140906 3.033432 -1.818578 -0.367051 178.824417 154.289200 174.898163 171.487030 -149.913513 -174.848801 142.844589 -118.069588 -150.154190 22.709042 60.170292 0.580542 4.199784 -22.151213 1.771626 1.279982 7.633997 0.180950 1.279408 7.487033 0.184829 5.979827 5.349075 0.987884 179.999710 -173.092941 178.706406 179.999741 -171.941727 178.660080 7.184772 -5.778923 -1.565212 3.776818 -1.115508 -0.952287 12.227890 -16.806828 62.450108 59.526142 0.546382 10.929234 7.081261 -2.674239 -20.393074 43.429390 55.428020 14.027509 0.003655 -0.003425 10.573357 0.002811 -0.001800 7.041852 0.000000 -0.000003 0.000000 15.010560 -0.028892 37.441048 0.021332 -0.013349 30.633562 0.017609 -0.000310 21.443502 0.000000 -0.000003 0.000000 0.006607 -0.019212 42.046925 0.017834 -0.009726 42.046940 0.013147 0.003215 28.003254 0.000000 -0.000003 0.000000 170.007797 -179.975571 -136.346420 0.022592 -0.012131 43.653561 0.016440 0.004638 29.073257 0.000000 -0.000003 0.000000 160.000259 -179.999069 -159.640274 0.000847 -0.001169 30.539606 0.000881 -0.000378 20.339376 176.632721 -175.866074 -178.015274 174.223816 148.958099 107.754944 134.364990 -179.296295 165.417007 4.760642 -7.304917 -2.864115 127.996872 125.154678 152.740936 0.000284 0.000130 -13.019034 0.000221 0.000039 -8.670701 0.000000 -0.000000 0.000000 165.001068 -179.999054 142.148163 0.000212 -0.001150 -30.969687 179.999725 -179.999237 158.321228 0.000000 -0.000000 0.000000 0.001513 -0.001204 -38.515392 0.000435 -0.001888 -38.515408 179.999451 -179.998840 154.348724 0.000000 -0.000000 0.000000 9.999387 0.000477 -33.155201 179.999741 179.999268 146.844803 0.000126 0.000498 -22.081360 0.000000 -0.000000 0.000000 19.993828 0.004720 -24.916664 179.994507 179.989731 142.624985 0.001183 0.007672 -24.891752
-1.205618 88.242874 39.312614 1.239536 17.747416 2.200275 2.718313 -0.903375 -0.727523 178.512695 156.130905 174.817810 172.696854 -152.880859 -175.376862 143.118393 -118.018524 -150.604004 22.316931 58.207283 0.515918 4.007668 -21.973070 1.898965 1.324450 7.437696 0.150126 1.324350 7.294807 0.132324 6.203490 5.213378 0.928253 0.000392 -6.837755 -1.274238 0.000608 -7.977506 -1.319716 7.349774 -5.719541 -1.559849 4.003169 -1.545857 -1.260013 12.597545 -17.124367 62.060471 62.748714 1.590368 10.179657 5.944801 -3.044767 -20.463194 43.475037 55.712250 14.362573 0.003668 -0.003250 10.672951 0.002805 -0.001671 7.108190 180.000000 179.999985 179.999985 15.012037 -0.030691 37.848019 0.023305 -0.013568 30.966537 0.018877 0.000406 21.676601 180.000000 179.999985 179.999985 0.007883 -0.021556 42.294472 0.020409 -0.010491 42.294483 0.014728 0.004062 28.168140 180.000000 179.999985 179.999985 170.007431 -179.977814 -135.925476 0.020858 -0.010598 44.074505 0.014855 0.004688 29.353626 180.000000 179.999985 179.999985 160.000595 -179.998016 -159.647537 0.001853 -0.002502 30.528736 0.001911 -0.000797 20.332138 177.280853 -175.525848 -177.925186 174.071564 147.691101 107.501236 133.040863 -178.402328 165.512787 4.710028 -6.822324 -2.560025 128.608124 125.266930 153.405701 0.000580 0.000322 -13.020457 0.000422 0.000109 -8.671634 0.000000 -0.000002 0.000000 165.000992 -179.999161 142.072266 0.000215 -0.001039 -31.031769 179.999756 -179.999298 158.277756 0.000000 -0.000002 0.000000 0.002222 -0.001661 -38.568821 0.000691 -0.002682 -38.568867 179.999252 -179.998322 154.313141 0.000000 -0.000002 0.000000 10.000799 -0.000577 -33.045067 0.000359 -0.000923 -33.045097 179.999863 -179.999344 157.991959 0.000000 -0.000002 0.000000 19.995560 0.003101 -24.459517 179.995865 179.993011 143.310699 0.000544 0.005370 -24.435078
-0.777245 88.569168 40.892281 1.060382 18.160091 2.181543 2.458623 -0.067753 -0.942469 178.100098 157.740677 174.642365 174.110001 -155.962173 -175.927811 143.442429 -118.081734 -151.043243 21.723150 56.426949 0.281436 3.890589 -21.846067 1.986745 1.422889 7.009725 0.000430 1.422334 6.877907 -0.118225 6.711230 4.962012 0.616073 179.999786 -173.415955 178.970291 179.999771 -172.318604 178.933441 7.124621 -5.533968 -1.353556 3.847011 -1.487893 -0.825003 13.048516 -17.390326 61.687386 64.502884 2.182394 9.485889 6.336079 -2.405754 -20.686590 40.924053 54.633675 15.585071 179.904907 179.934082 -167.299759 179.929352 179.969208 -171.541626 0.000000 0.000000 -0.000003 15.009001 -0.022138 38.490776 0.017135 -0.009416 31.492449 0.013669 0.000730 22.044737 0.000000 0.000000 -0.000003 0.005351 -0.014214 42.782333 0.013633 -0.006701 42.782349 0.009678 0.002944 28.493040 0.000000 0.000000 -0.000003 170.004440 -179.987076 -135.377457 0.012288 -0.006002 44.622574 0.008617 0.002940 29.718632 0.000000 0.000000 -0.000003 159.999756 179.999069 -159.542068 179.999130 179.998840 -149.313141 179.999115 179.999634 -159.562515 177.476593 -175.765732 -177.171112 174.015488 146.581238 107.247025 131.814224 -177.443222 165.649048 4.669187 -6.401063 -2.143398 129.400635 125.461899 154.083298 179.999710 -179.999802 166.878738 179.999771 -179.999924 171.261246 0.000000 -0.000000 0.000000 165.000900 -179.999252 142.004044 0.000209 -0.000937 -31.087589 179.999786 -179.999359 158.238678 0.000000 -0.000000 0.000000 0.002886 -0.002058 -38.662167 0.000964 -0.003413 -38.662189 179.999069 -179.997833 154.250977 0.000000 -0.000000 0.000000 9.998479 0.001029 -33.202541 179.999283 179.998291 146.797485 0.000218 0.001205 -22.112890 0.000000 -0.000000 0.000000 19.996414 0.002365 -24.176060 179.996536 179.994568 143.735916 0.000254 0.004301 -24.151880
-0.403035 88.897453 42.517670 0.862675 18.537542 2.091757 2.156470 0.730639 -1.034370 178.122772 159.194183 174.612534 175.386673 -159.316620 -176.555191 143.649490 -118.303764 -151.373169 20.931471 54.877480 -0.174479 3.998066 -21.829292 2.024552 1.490401 6.711001 -0.086279 1.489821 6.586648 -0.262953 7.052014 4.782611 0.433245 179.999832 -173.592133 179.164047 179.999802 -172.524155 179.134109 7.469826 -5.394670 -1.244106 3.868623 -1.660744 -0.726418 13.505404 -17.590593 61.360222 66.129784 2.794028 8.755331 5.710798 -2.703442 -20.536551 46.401974 57.566822 13.848990 0.008346 -0.006197 8.671850 0.006147 -0.003209 5.775454 0.000000 0.000000 -0.000003 15.010703 -0.024881 39.104931 0.019741 -0.010047 31.994928 0.015431 0.001467 22.396456 0.000000 0.000000 -0.000003 0.006781 -0.017319 43.142246 0.016854 -0.007860 43.142246 0.011750 0.003932 28.732731 0.000000 0.000000 -0.000003 170.005234 -179.985123 -135.027405 0.014242 -0.006734 44.972595 0.009856 0.003593 29.951746 0.000000 0.000000 -0.000003 160.000076 -179.999695 -159.601120 0.000278 -0.000370 30.598330 0.000288 -0.000114 20.378485 177.820679 -175.748932 -176.725922 174.073044 145.636002 106.993500 130.665939 -176.507202 165.831894 4.647870 -6.104026 -1.656388 130.138947 125.590950 154.856888 179.999283 -179.999496 166.867767 179.999466 -179.999771 171.253937 0.000000 0.000002 0.000000 165.000778 -179.999374 141.938095 0.000179 -0.000788 -31.141558 179.999832 -179.999466 158.200912 0.000000 0.000002 0.000000 0.003217 -0.002245 -38.808029 0.001091 -0.003771 -38.808014 179.998993 -179.997589 154.153854 0.000000 0.000002 0.000000 10.001058 -0.000689 -33.001171 0.000506 -0.001154 -33.001133 179.999863 -179.999176 158.021255 0.000000 0.000002 0.000000 19.996700 0.002107 -23.972466 179.996735 179.995117 144.041321 0.000139 0.003905 -23.948471
-0.067410 89.192543 44.202000 0.656902 18.868673 1.945018 1.740554 1.512455 -1.042669 177.794403 160.510834 174.324982 177.148880 -162.224167 -176.983795 143.741867 -118.707199 -151.570831 19.963703 53.562355 -0.875681 4.375011 -21.921946 2.035754 1.549187 6.428202 -0.168948 1.548583 6.310997 -0.400138 7.348219 4.615444 0.255222 179.999741 -173.729965 179.328262 179.999695 -172.684952 179.304169 7.434164 -5.293931 -1.121209 3.913368 -1.804591 -0.626576 13.891918 -17.732721 61.100754 67.655609 3.427847 8.054580 5.801150 -2.418488 -20.625261 46.557472 57.951069 14.920548 0.005803 -0.004014 9.073457 0.004244 -0.002009 6.042913 0.000000 -0.000000 0.000000 15.010326 -0.023411 39.786289 0.018867 -0.009081 32.552410 0.014535 0.001865 22.786680 0.000000 -0.000000 0.000000 0.005817 -0.014849 43.658878 0.014515 -0.006587 43.658905 0.010001 0.003559 29.076830 0.000000 -0.000000 0.000000 170.004089 -179.988190 -134.557449 0.011333 -0.005294 45.442535 0.007796 0.002926 30.264725 0.000000 -0.000000 0.000000 160.000351 -179.998795 -159.619522 0.001121 -0.001514 30.570698 0.001156 -0.000499 20.360086 178.143234 -175.764511 -176.291428 174.253876 144.861038 106.768135 129.590744 -175.660370 166.057434 4.632428 -5.975558 -1.114602 130.788803 125.699615 155.692749 179.999466 -179.999573 166.938217 179.999588 -179.999817 171.300873 0.000000 -0.000002 0.000000 165.000504 -179.999588 141.872543 0.000108 -0.000514 -31.195227 179.999878 -179.999649 158.163330 0.000000 -0.000002 0.000000 0.003544 -0.002521 -38.974392 0.001161 -0.004195 -38.974411 179.998840 -179.997345 154.043060 0.000000 -0.000002 0.000000 10.001987 -0.001330 -33.014523 0.000950 -0.002197 -33.014557 179.999725 -179.998413 158.012314 0.000000 -0.000002 0.000000 19.988934 0.007013 -24.141253 179.988983 179.983749 143.788162 0.000319 0.013090 -24.117119
0.240373 89.468155 45.945446 0.460142 19.129772 1.767363 1.201581 2.288863 -1.010118 177.878723 161.813843 174.197784 179.026917 -167.119812 -177.385361 143.656357 -119.277954 -151.612518 19.230970 52.505154 -1.532842 4.850271 -22.089756 2.087059 1.594816 6.197848 -0.241349 1.594121 6.086623 -0.519891 7.578140 4.483711 0.097174 179.999557 -173.838394 179.472412 179.999466 -172.811447 179.453415 7.418786 -5.215200 -1.016742 4.013862 -1.962536 -0.600238 14.142933 -17.819326 60.935574 69.123451 4.066550 7.422101 5.905239 -2.185029 -20.740265 45.769127 57.835278 15.021270 0.004422 -0.002826 9.534660 0.003226 -0.001352 6.350089 0.000003 -0.000000 0.000003 15.005342 -0.012177 40.895660 0.009854 -0.004609 33.460033 0.007535 0.001152 23.422056 0.000003 -0.000000 0.000003 0.004292 -0.011179 44.248505 0.010902 -0.004945 44.248524 0.007484 0.002757 29.469513 0.000003 -0.000000 0.000003 170.002899 -179.991302 -134.081436 0.008270 -0.003937 45.918552 0.005709 0.002171 30.581766 0.000003 -0.000000 0.000003 160.000168 -179.999435 -159.560623 0.000507 -0.000720 30.659050 0.000537 -0.000242 20.418940 178.514603 -175.700378 -175.929626 174.476868 144.224197 106.562149 128.706955 -175.089218 166.287689 4.457182 -6.139164 -0.500598 131.260391 125.728699 156.326904 179.999680 -179.999680 167.013168 179.999725 -179.999847 171.350754 0.000000 -0.000000 0.000000 165.000473 -179.999588 141.836945 0.000088 -0.000512 -31.224337 179.999863 -179.999664 158.142975 0.000000 -0.000000 0.000000 0.003484 -0.002617 -39.189846 0.001031 -0.004231 -39.189903 179.998749 -179.997375 153.899536 0.000000 -0.000000 0.000000 10.003071 -0.002139 -33.077301 0.001395 -0.003473 -33.077339 179.999512 -179.997559 157.970520 0.000000 -0.000000 0.000000 19.998741 0.000834 -23.094234 179.998764 179.998108 145.358612 0.000031 0.001512 -23.071142
0.534966 89.690887 47.757877 0.285910 19.329187 1.586019 0.575071 3.053080 -0.981551 177.910782 162.786697 173.932846 0.929081 -7.938369 2.483432 143.451187 -119.944855 -151.535248 18.785116 51.743141 -2.076880 5.348745 -22.312681 2.200012 1.637021 5.907487 -0.366670 1.636544 5.804341 -0.726309 7.806571 4.331059 -0.180133 179.999847 -173.999176 179.702011 179.999817 -172.999054 179.691345 7.268180 -5.101213 -0.840218 4.109254 -1.897121 -0.340821 14.239618 -17.855558 60.893337 70.542313 4.675948 6.867018 6.200856 -1.885576 -20.992882 46.058044 58.317848 15.151634 179.996078 179.999344 -170.616013 179.997375 -179.999969 -173.750259 0.000000 0.000000 -0.000003 15.002762 -0.006322 41.553082 0.005132 -0.002354 33.997971 0.003892 0.000674 23.798565 0.000000 0.000000 -0.000003 0.002015 -0.005391 44.870392 0.005242 -0.002379 44.870396 0.003584 0.001366 29.883661 0.000000 0.000000 -0.000003 170.001434 -179.995544 -133.608826 0.004200 -0.002038 46.391197 0.002902 0.001115 30.896515 0.000000 0.000000 -0.000003 159.999741 179.998917 -159.468033 179.999054 179.998611 -149.202072 179.998993 179.999527 -159.488571 178.611023 -175.977936 -175.297516 174.950119 143.872742 106.379036 127.631821 -174.244736 166.674088 4.600770 -6.130786 0.130477 131.581284 125.681946 156.697693 179.999573 -179.999588 167.046371 179.999680 -179.999817 171.372910 0.000000 -0.000002 0.000000 165.000275 -179.999725 141.788406 0.000038 -0.000330 -31.264044 179.999908 -179.999786 158.115173 0.000000 -0.000002 0.000000 0.003338 -0.002736 -39.425503 0.000828 -0.004240 -39.425507 179.998627 -179.997482 153.742630 0.000000 -0.000002 0.000000 10.006394 -0.004830 -33.102982 0.002670 -0.007552 -33.102974 179.998718 -179.994812 157.953415 0.000000 -0.000002 0.000000 20.000017 -0.000009 -22.960817 0.000009 -0.000019 -34.441261 180.000000 -179.999985 157.062134
0.846886 89.848709 49.623604 0.154799 19.487112 1.437732 179.890594 176.223083 179.011597 178.202499 163.440063 173.714798 2.395731 -2.939808 2.488852 143.105392 -120.644173 -151.357437 18.758854 51.270519 -2.364483 5.783899 -22.581675 2.353816 1.647311 5.761661 -0.426967 1.646721 5.662575 -0.824646 7.866054 4.254434 -0.318680 179.999725 -174.055313 179.789978 179.999619 -173.064606 179.782440 7.283951 -5.060267 -0.780265 4.396082 -2.019846 -0.552590 14.143435 -17.831760 60.992825 71.948639 5.243849 6.423257 5.723405 -2.251636 -20.971235 42.305637 56.098820 15.658434 179.988144 179.994385 -168.171585 179.991531 179.997894 -172.122284 0.000000 -0.000003 0.000000 15.003863 -0.009392 41.940788 0.007500 -0.003584 34.315170 0.005746 0.000921 24.020618 0.000000 -0.000003 0.000000 0.002143 -0.006343 45.257545 0.006036 -0.002908 45.257557 0.004203 0.001503 30.141550 0.000000 -0.000003 0.000000 170.001999 -179.992889 -133.353622 0.006575 -0.003396 46.646381 0.004655 0.001648 31.066473 0.000000 -0.000003 0.000000 160.000122 -179.999451 -159.608780 0.000463 -0.000735 30.586838 0.000512 -0.000262 20.370844 178.792725 -176.019501 -175.086975 175.457047 143.717255 106.213936 126.626434 -173.472305 167.115448 4.703669 -6.210483 0.847678 131.806808 125.670929 157.056152 179.999603 -179.999573 167.114975 179.999680 -179.999771 171.418564 0.000000 -0.000000 0.000000 165.000473 -179.999466 141.775223 0.000033 -0.000580 -31.274818 179.999817 -179.999634 158.107620 0.000000 -0.000000 0.000000 0.000515 -0.000464 -39.839706 0.000097 -0.000688 -39.839710 179.999756 -179.999603 153.466751 0.000000 -0.000000 0.000000 10.001478 -0.001208 -33.808548 0.000552 -0.001835 -33.808533 179.999619 -179.998779 157.483505 0.000000 -0.000000 0.000000 20.001022 -0.000793 -22.911961 0.000945 -0.001692 -34.367954 179.999878 -179.998703 157.110947
1.184682 89.924744 51.547890 0.052299 19.601353 1.328099 179.189484 175.533615 178.926956 178.325653 163.747772 173.431458 3.816979 1.779554 2.522431 142.915527 -121.371857 -151.367035 19.143509 50.975769 -2.270894 6.044403 -22.906315 2.549745 1.650695 5.605900 -0.514673 1.650097 5.511408 -0.968008 7.900603 4.182220 -0.519239 179.999634 -174.122055 179.915573 179.999527 -173.142456 179.912521 7.252337 -5.013641 -0.691401 4.698810 -2.010677 -0.681809 13.894451 -17.743147 61.208992 73.353981 5.758090 6.096548 6.347855 -1.697501 -21.429337 43.940594 57.443039 15.253409 0.002951 -0.000869 10.615656 0.002030 -0.000201 7.070024 0.000000 -0.000000 0.000000 15.002892 -0.008404 42.442806 0.006401 -0.003440 34.725906 0.005046 0.000590 24.308146 0.000000 -0.000000 0.000000 0.001631 -0.006611 45.557590 0.005888 -0.003424 45.557583 0.004368 0.001218 30.341335 0.000000 -0.000000 0.000000 170.001007 -179.994186 -132.950394 0.004957 -0.003197 47.049587 0.003795 0.000986 31.335033 0.000000 -0.000000 0.000000 160.000031 -179.999588 -159.574753 0.000272 -0.000560 30.637865 0.000345 -0.000225 20.404808 178.881027 -176.183823 -174.814423 175.948914 143.748825 106.051331 125.684387 -172.723114 167.625626 4.757782 -6.336475 1.655025 131.895676 125.630486 157.409607 179.999817 -179.999771 167.254868 179.999847 -179.999863 171.511749 0.000000 -0.000000 0.000000 165.000702 -179.999100 141.740967 180.000000 -179.999069 148.697159 179.999664 -179.999451 158.088028 0.000000 -0.000000 0.000000 0.003051 -0.003059 -39.727882 0.000374 -0.004306 -39.727882 179.998352 -179.997635 153.541214 0.000000 -0.000000 0.000000 10.003564 -0.003231 -33.812935 0.001147 -0.004668 -33.812946 179.998901 -179.996994 157.480560 0.000000 -0.000000 0.000000 20.001564 -0.001322 -22.963638 0.001381 -0.002754 -34.445461 179.999725 -179.997971 157.059311
1.525864 89.927444 53.511429 179.958221 160.327133 -178.761688 178.932220 175.048508 179.035385 178.451843 163.443054 173.137772 4.548759 6.574166 2.411795 143.430954 -122.152771 -152.032944 19.607222 50.622219 -1.842472 6.039829 -23.426105 2.957099 1.636812 5.501422 -0.639400 1.636171 5.411212 -1.172896 7.864948 4.158928 -0.799870 0.000106 -5.875182 0.033365 0.000107 -6.854283 0.034557 7.091963 -5.023485 -0.602720 5.075906 -2.038810 -0.681501 13.540144 -17.580500 61.503326 74.750099 6.180155 5.853949 6.889130 -1.452525 -22.016254 43.639256 57.594429 15.873645 0.001878 -0.000234 11.051162 0.001238 0.000090 7.360071 0.000000 -0.000000 0.000000 15.002775 -0.009032 43.025402 0.006737 -0.003800 35.202568 0.005386 0.000596 24.641804 0.000000 -0.000000 0.000000 0.001313 -0.006647 46.036720 0.005726 -0.003620 46.036716 0.004391 0.001098 30.660456 0.000000 -0.000000 0.000000 170.000626 -179.994751 -132.501907 0.004303 -0.003069 47.498077 0.003445 0.000746 31.633707 0.000000 -0.000000 0.000000 160.000015 -179.999710 -159.539062 0.000170 -0.000412 30.691427 0.000232 -0.000170 20.440466 178.956863 -176.308121 -174.440094 176.358902 143.965027 105.874596 124.796135 -171.921906 168.205139 4.778536 -6.467962 2.555859 131.983810 125.576782 157.697006 179.999985 -179.999954 167.364487 179.999985 -179.999985 171.584747 0.000000 -0.000000 0.000003 165.000717 -179.998947 141.645996 179.999939 -179.998962 148.619461 179.999588 -179.999405 158.033615 0.000000 -0.000000 0.000003 0.002617 -0.002908 -40.095757 0.000112 -0.003907 -40.095772 179.998383 -179.997971 153.296219 0.000000 -0.000000 0.000003 10.003164 -0.003159 -34.195038 0.000822 -0.004396 -34.195057 179.998810 -179.997269 157.226120 0.000000 -0.000000 0.000003 20.001728 -0.001596 -23.102755 0.001429 -0.003217 -34.654114 179.999557 -179.997696 156.920364
1.860864 89.832115 55.512005 179.841385 160.313370 -178.861542 179.083817 174.801834 179.324203 178.075378 162.348907 172.609879 4.792964 9.526881 2.174898 144.888870 -123.053673 -153.533356 19.673094 50.086845 -1.344735 6.218801 -23.708574 2.908543 1.617632 5.448507 -0.764514 1.616966 5.361572 -1.379149 7.806644 4.170995 -1.078441 0.000495 -5.903556 0.127200 0.000583 -6.887393 0.131772 6.888593 -5.058115 -0.528571 5.454249 -2.072552 -0.691233 13.096022 -17.331982 61.864792 76.199120 6.586645 5.984165 7.510642 -1.225052 -22.989605 43.082657 57.735199 16.034006 0.001620 -0.000167 11.382478 0.001092 0.000107 7.580730 0.000000 -0.000000 0.000000 15.002478 -0.008612 43.885227 0.006362 -0.003627 35.906059 0.005094 0.000596 25.134253 0.000000 -0.000000 0.000000 0.001081 -0.006506 46.659969 0.005502 -0.003641 46.659954 0.004273 0.001013 31.075531 0.000000 -0.000000 0.000000 170.000565 -179.992706 -132.123093 0.005835 -0.004406 47.876900 0.004777 0.000944 31.886017 0.000000 -0.000000 0.000000 160.000015 -179.999527 -159.521149 0.000237 -0.000660 30.718264 0.000360 -0.000294 20.458361 178.989944 -176.427277 -174.120102 176.672348 144.348389 105.656517 123.860672 -170.992676 168.893097 4.863198 -6.511350 3.530732 132.124527 125.602600 156.893784 179.998718 -179.998459 166.887039 179.998947 -179.999191 171.266754 0.000000 -0.000000 0.000000 165.000671 -179.998932 141.508331 179.999893 -179.998978 148.506821 179.999573 -179.999435 157.954758 0.000000 -0.000000 0.000000 0.002042 -0.002492 -40.505650 179.999924 -179.996780 139.494354 179.998566 -179.998413 153.023224 0.000000 -0.000000 0.000000 10.002546 -0.002782 -34.636326 0.000500 -0.003745 -34.636307 179.998856 -179.997772 156.932220 0.000000 -0.000000 0.000000 20.001652 -0.001674 -23.309237 0.001267 -0.003296 -34.963837 179.999435 -179.997711 156.714096
2.181093 89.662613 57.532143 179.661682 160.197266 -179.034760 179.732513 174.999344 179.914383 177.344360 160.497192 171.963257 4.510508 12.095385 1.784263 147.075165 -124.153030 -155.665375 19.882301 49.084705 -0.443938 6.223242 -23.140297 2.689248 1.600593 5.380985 -0.884021 1.599921 5.297490 -1.575766 7.753068 4.169940 -1.345427 0.000714 -5.960822 0.202487 0.000867 -6.954218 0.209753 6.636041 -5.115382 -0.464448 5.824514 -2.100790 -0.676329 12.547063 -17.008446 62.257599 77.550529 6.852969 6.404931 8.243969 -0.925864 -24.158905 42.877872 58.000336 16.443354 0.001867 -0.000139 11.647454 0.001240 0.000167 7.757210 180.000000 180.000000 -180.000000 15.002738 -0.009298 44.993019 0.007008 -0.003682 36.812466 0.005464 0.000922 25.768726 180.000000 180.000000 -180.000000 0.001202 -0.006961 47.498791 0.005991 -0.003759 47.498833 0.004533 0.001293 31.634209 180.000000 180.000000 -180.000000 170.000519 -179.993988 -131.091965 0.004896 -0.003524 48.908051 0.003906 0.000947 32.572758 180.000000 180.000000 -180.000000 160.000000 -179.999191 -159.476913 0.000422 -0.001129 30.784630 0.000627 -0.000512 20.502562 178.983856 -176.542343 -173.839233 176.848541 144.895721 105.428139 123.182396 -170.258743 169.544632 4.660171 -6.793449 4.607129 132.153732 125.532745 160.426041 0.000029 -0.000001 -11.343761 0.000012 -0.000006 -7.554942 0.000002 0.000001 -0.000007 165.000519 -179.999130 141.333740 179.999878 -179.999191 148.363983 179.999634 -179.999557 157.854782 0.000002 0.000001 -0.000007 0.001355 -0.001797 -40.933659 179.999847 -179.997757 139.066360 179.998932 -179.998932 152.738190 0.000002 0.000001 -0.000007 10.001923 -0.002293 -35.096722 0.000244 -0.002982 -35.096748 179.998993 -179.998291 156.625580 0.000002 0.000001 -0.000007 20.001406 -0.001568 -23.575642 0.000993 -0.003010 -35.363461 179.999374 -179.997986 156.447922
2.488992 89.446320 59.553623 179.465012 160.115311 -179.201797 0.855263 4.375979 0.713649 176.157654 158.680710 171.176971 3.858452 15.189590 1.359158 150.006561 -125.627434 -158.411163 19.767731 47.572445 0.171514 6.037643 -21.914852 2.408074 1.570837 5.346207 -1.007265 1.570115 5.265297 -1.778510 7.642592 4.188520 -1.622254 0.000862 -6.054095 0.269270 0.001079 -7.063018 0.278904 6.370766 -5.201586 -0.407297 6.244593 -2.126086 -0.621113 11.889789 -16.623058 62.651508 78.699348 6.954023 7.113225 9.570150 -0.115444 -25.676212 42.195683 57.855820 17.361204 0.000670 -0.000158 12.462358 0.000445 -0.000005 8.299929 0.000000 -0.000000 0.000000 15.001418 -0.004604 46.519836 0.003549 -0.001712 38.061684 0.002692 0.000623 26.643171 0.000000 -0.000000 0.000000 0.000589 -0.003332 48.654152 0.002896 -0.001733 48.654156 0.002136 0.000706 32.403671 0.000000 -0.000000 0.000000 170.000244 -179.997116 -130.097107 0.002361 -0.001660 49.902859 0.001858 0.000504 33.235329 0.000000 -0.000000 0.000000 160.000000 -179.999359 -159.364899 0.000321 -0.000900 30.952682 0.000500 -0.000403 20.614487 178.980865 -176.626801 -173.587662 176.988297 145.506546 105.181374 122.438026 -169.515045 170.232986 4.566178 -7.038361 5.679924 131.815323 125.647888 160.158325 0.000163 -0.000116 -11.328830 0.000104 -0.000096 -7.544997 0.000000 -0.000000 0.000000 165.000427 -179.999207 141.158386 179.999847 -179.999268 148.220490 179.999649 -179.999619 157.754333 0.000000 -0.000000 0.000000 0.001149 -0.001784 -41.291065 179.999680 -179.997894 138.708923 179.998932 -179.999084 152.500168 0.000000 -0.000000 0.000000 10.001616 -0.002308 -35.550682 179.999969 -179.997177 144.449310 179.998886 -179.998489 156.323257 0.000000 -0.000000 0.000000 20.001375 -0.001873 -23.872753 0.000752 -0.003411 -35.809155 179.999069 -179.997879 156.151093
2.757235 89.131859 61.528526 179.242203 160.155457 -179.345001 2.300623 3.331654 1.631881 174.136703 155.596207 169.994080 3.093086 17.616949 0.969716 152.827347 -126.915504 -160.611954 17.951059 46.957111 -0.626381 6.643259 -21.235565 1.978832 1.529143 5.369345 -1.143887 1.528291 5.289822 -2.004081 7.484774 4.247783 -1.927446 0.000899 -6.182703 0.334524 0.001155 -7.213053 0.346461 6.101980 -5.316569 -0.353025 6.583032 -2.102917 -0.662812 11.176480 -16.283180 63.247540 79.563301 6.923031 8.126403 10.743586 0.636381 -27.103823 41.918648 57.670216 18.490234 179.999634 -179.999893 -166.808563 179.999786 -179.999863 -171.214493 0.000000 -0.000000 0.000000 15.000544 -0.000944 48.117111 0.000867 -0.000183 39.368530 0.000548 0.000298 27.557955 0.000000 -0.000000 0.000000 0.000310 -0.000694 49.802761 0.000728 -0.000210 49.802746 0.000422 0.000281 33.168636 0.000000 -0.000000 0.000000 170.000198 -179.999435 -129.095901 0.000566 -0.000213 50.904102 0.000343 0.000213 33.902126 0.000000 -0.000000 0.000000 160.000015 -179.999847 -159.145172 0.000109 -0.000180 31.282263 0.000133 -0.000049 20.833977 179.008331 -176.658859 -173.358078 176.656296 146.477448 104.747894 121.975182 -168.636185 171.161484 3.971895 -7.496302 6.863820 131.658096 125.814217 159.603500 179.999985 -179.999985 168.441940 180.000000 -179.999985 172.302338 0.000000 0.000000 -0.000003 165.000046 -179.999908 140.974091 179.999985 -179.999924 148.069687 179.999969 -179.999969 157.648804 0.000000 0.000000 -0.000003 0.000563 -0.001015 -41.660103 179.999741 -179.998871 138.339905 179.999374 -179.999557 152.254364 0.000000 0.000000 -0.000003 10.001047 -0.001766 -36.006340 179.999802 -179.997955 143.993668 179.999084 -179.998978 156.019775 0.000000 0.000000 -0.000003 20.000793 -0.001286 -24.249851 0.000281 -0.002241 -36.374783 179.999268 -179.998672 155.774384
3.057446 88.745514 63.549976 179.068634 160.286911 -179.427185 3.640641 1.959024 2.357486 171.423630 151.145813 168.515320 2.399354 18.886839 0.544287 155.952194 -127.740974 -162.643051 15.155842 47.045910 -2.303080 7.298566 -20.631374 1.627318 1.477336 5.444495 -1.260610 1.476386 5.364666 -2.196782 7.279036 4.328712 -2.190920 0.001321 -6.327518 0.383718 0.001714 -7.382003 0.397393 5.911493 -5.444493 -0.316235 6.796368 -2.014669 -0.821090 10.433292 -15.922779 63.928001 80.081696 6.790329 9.408737 11.637206 1.305876 -28.265368 41.600910 57.198639 19.504961 179.998917 -179.999832 -166.073181 179.999313 -179.999710 -170.724747 180.000000 180.000000 -179.999985 15.000129 0.000335 49.537075 179.999847 179.999756 -139.469681 179.999817 179.999939 -151.628784 180.000000 180.000000 -179.999985 0.000146 0.000252 50.842033 179.999893 179.999725 -129.157974 179.999832 179.999954 -146.139221 180.000000 180.000000 -179.999985 170.000137 179.999802 -128.235672 179.999939 179.999786 -128.235672 179.999863 179.999939 -145.524948 180.000000 180.000000 -179.999985 160.000076 179.999908 -158.958954 0.000051 0.000167 31.561556 179.999985 179.999893 -158.979996 179.031723 -176.626144 -173.329636 176.490250 147.281448 104.597717 121.218727 -167.833603 171.972900 3.310956 -7.955343 7.959308 131.113174 125.688812 158.936356 0.000017 0.000066 -11.595524 0.000022 0.000034 -7.722631 0.000000 0.000000 -0.000003 164.999985 179.999924 140.943665 0.000018 0.000063 -31.955196 0.000037 0.000031 -22.368631 0.000000 0.000000 -0.000003 0.000347 -0.000771 -41.916904 179.999741 -179.999207 138.083084 179.999512 -179.999725 152.083344 0.000000 0.000000 -0.000003 10.000615 -0.001308 -36.454388 179.999725 -179.998581 143.545609 179.999298 -179.999344 155.721375 0.000000 0.000000 -0.000003 20.000433 -0.000910 -24.578272 0.000031 -0.001521 -36.867409 179.999420 -179.999176 155.446289
3.385311 88.328979 65.578514 178.998611 160.507660 -179.391663 4.988526 0.474827 2.882641 168.119339 146.396118 166.694931 1.347401 20.260639 0.298699 158.832932 -129.340897 -164.730988 13.547137 46.905949 -3.493484 7.193257 -20.070944 1.360613 1.403825 5.547786 -1.387117 1.402485 5.466609 -2.404637 6.974500 4.426526 -2.479783 179.999146 -173.520706 -179.551895 179.999039 -172.440918 -179.536026 5.725760 -5.575709 -0.272319 6.903533 -1.738130 -1.096400 9.517476 -15.437116 64.818268 80.916924 6.679461 10.759815 12.703502 2.264693 -29.431532 39.846123 54.133045 24.601116 0.002163 -0.002080 17.815866 0.001782 -0.000923 11.865376 0.000000 0.000003 0.000000 14.998180 0.010038 50.972389 179.992676 179.996048 -138.295303 179.994324 -179.998657 -150.806732 0.000000 0.000003 0.000000 179.999771 179.990005 -128.090714 179.991959 179.994064 -128.090698 179.993591 -179.998199 -145.428375 0.000000 0.000003 0.000000 170.000473 179.994370 -127.367126 179.995804 179.996201 -127.367111 179.996307 -179.999283 -144.946518 0.000000 0.000003 0.000000 160.001617 179.991379 -158.598267 179.997498 179.987091 -147.897385 179.993988 179.993637 -158.619614 179.100693 -176.503204 -173.337875 176.262512 147.970291 104.424026 120.468719 -166.931656 172.793106 2.039220 -8.237355 9.140076 130.702911 125.502296 157.972351 0.005622 0.010932 -11.835161 0.005135 0.006387 -7.882200 180.000000 -180.000000 -179.999985 165.002518 -179.990845 141.146942 179.996872 -179.992874 148.211136 179.995514 -179.996918 157.747803 180.000000 -180.000000 -179.999985 0.007406 -0.025081 -41.981716 179.988480 -179.976532 138.018265 179.983780 -179.993668 152.040192 180.000000 -180.000000 -179.999985 10.000933 -0.003028 -37.377666 179.998901 -179.997040 142.622375 179.998215 -179.998886 155.106461 180.000000 -180.000000 -179.999985 20.000063 -0.000221 -25.270678 179.999954 -179.999664 142.093948 179.999847 -179.999847 154.754608
3.548686 87.899971 67.701492 178.973358 161.049316 -179.304245 5.687053 -1.305340 3.010948 165.072250 140.740982 164.837112 0.809100 20.224228 -0.369521 160.160690 -129.652328 -165.177612 11.017598 49.300426 -5.321273 7.827240 -21.513826 0.969051 1.344198 5.837507 -1.516617 1.342595 5.752132 -2.621221 6.757914 4.656961 -2.756483 0.000295 -6.762904 0.405633 0.000263 -7.890238 0.420189 5.264329 -5.824845 -0.272464 6.782828 -1.828228 -1.239704 8.974130 -15.549366 65.514938 79.812935 6.281267 12.314679 12.636582 2.276204 -29.227671 42.772087 59.897522 13.596444 179.588531 179.995865 -170.095520 179.733002 -179.938049 -173.403442 0.000000 -0.000000 0.000003 14.997962 0.009902 51.253868 179.992645 179.996262 -138.064972 179.994415 -179.998489 -150.645523 0.000000 -0.000000 0.000003 179.999466 179.988876 -127.850761 179.990845 179.993652 -127.850708 179.992935 -179.997757 -145.268585 0.000000 -0.000000 0.000003 170.000412 179.992966 -127.256134 179.994644 179.995422 -127.256165 179.995422 -179.998978 -144.872589 0.000000 -0.000000 0.000003 160.002319 179.985764 -158.542511 179.995193 179.978851 -147.813797 179.989700 179.989899 -158.563965 178.942886 -176.369827 -173.486511 175.717896 149.178238 104.454254 119.753792 -166.311203 173.850739 1.930530 -9.033453 9.986492 128.863754 125.054237 157.076782 0.004359 0.008201 -11.264606 0.003890 0.004802 -7.502247 0.000000 -0.000000 0.000000 165.001801 -179.985245 141.009628 179.993515 -179.989716 148.098816 179.992325 -179.996338 157.669159 0.000000 -0.000000 0.000000 0.003501 -0.032353 -42.533524 179.980392 -179.974030 137.466461 179.978653 -179.996323 151.672653 0.000000 -0.000000 0.000000 10.004786 -0.051565 -36.390507 179.972382 -179.956192 143.609528 179.967682 -179.987961 155.763947 0.000000 -0.000000 0.000000 20.002663 -0.032775 -24.556862 179.982498 -179.953888 143.164734 179.971985 -179.982864 155.467682
3.736723 87.484200 69.935883 179.214676 161.159622 -179.018524 6.008883 -4.027048 3.082923 160.759033 134.571365 161.249344 1.341346 18.567965 -0.867597 161.829346 -130.457748 -166.629623 11.056185 50.516800 -5.000314 6.917128 -22.491291 0.847741 1.249319 6.022087 -1.665265 1.247873 5.933255 -2.865033 6.369918 4.795489 -3.101263 179.999207 -173.005844 -179.495270 179.999008 -171.840271 -179.477310 5.073067 -6.022831 -0.208458 6.541450 -1.554895 -1.237831 8.470512 -15.373017 66.214203 78.779228 5.895684 13.644105 14.262053 3.625643 -29.750307 40.390259 53.244125 25.446917 179.947235 179.990326 -161.865448 179.964645 -179.994781 -167.922379 0.000000 0.000000 -0.000007 15.003162 -0.011754 52.099941 0.009156 -0.003899 42.627201 0.006565 0.002315 29.839024 0.000000 0.000000 -0.000007 0.001032 -0.008048 53.011093 0.007050 -0.004031 53.011082 0.004969 0.002110 35.305389 0.000000 0.000000 -0.000007 170.000275 -179.990494 -126.633430 0.007777 -0.005487 53.366508 0.006021 0.001958 35.542118 0.000000 0.000000 -0.000007 160.000275 179.995529 -157.697601 179.997879 179.993622 -146.546402 179.996460 179.997238 -157.719910 178.722412 -176.225296 -173.677231 175.774384 150.030426 105.038811 118.382973 -166.126862 174.592285 1.330679 -9.499351 10.525783 127.509346 124.603813 156.017899 0.005000 0.009356 -11.019597 0.004438 0.005505 -7.339047 0.000000 0.000000 0.000000 165.001450 -179.978989 140.797379 179.989944 -179.986008 147.925140 179.988800 -179.995499 157.547592 0.000000 0.000000 0.000000 0.001511 -0.035435 -43.222946 179.976501 -179.973450 136.777069 179.976456 -179.998108 151.213516 0.000000 0.000000 0.000000 10.000901 -0.035469 -37.929173 179.978546 -179.971756 142.070831 179.977097 -179.994202 154.739151 0.000000 0.000000 0.000000 20.000174 -0.015890 -25.674839 179.989746 -179.978470 141.487778 179.985687 -179.993149 154.350845
3.833457 87.133476 72.124557 179.604965 161.007217 -178.666092 5.575850 -5.678264 2.772665 158.343353 130.985626 158.658478 1.821636 17.829502 -0.900298 162.049301 -131.843338 -167.668808 13.517196 51.360432 -3.032374 5.577632 -23.661890 0.506802 1.135989 6.141211 -1.824123 1.134860 6.049446 -3.123333 5.893291 4.872716 -3.484231 0.000237 -7.320007 0.477041 0.000264 -8.539951 0.494119 4.597279 -6.305018 -0.196167 6.339462 -1.270217 -1.136881 8.214851 -13.771711 67.116348 78.306145 5.570255 14.158203 14.433659 3.543566 -29.018328 34.701763 47.535995 27.574362 179.982712 -179.987885 -157.162842 179.991959 -179.988464 -164.790451 0.000000 -0.000000 0.000000 15.025436 -0.091008 53.042332 0.071354 -0.029791 43.398270 0.050939 0.018284 30.378811 0.000000 -0.000000 0.000000 0.001317 -0.007972 52.838432 0.007134 -0.003800 52.838432 0.004889 0.002244 35.190376 0.000000 -0.000000 0.000000 170.004089 -179.935471 -126.003510 0.053978 -0.035607 53.996464 0.040523 0.014552 35.961628 0.000000 -0.000000 0.000000 159.997543 -179.925003 -156.395294 0.038884 -0.105637 35.406967 0.060746 -0.043925 23.581060 178.430161 -176.110733 -173.838593 175.672714 151.072159 105.381516 116.896423 -166.466141 175.644577 0.669952 -10.090146 10.959482 126.508629 124.163826 155.412613 0.005663 0.010884 -10.728685 0.005029 0.006435 -7.145315 0.000000 0.000000 0.000000 165.001022 -179.964249 140.602219 179.981812 -179.977081 147.765472 179.980606 -179.993408 157.435822 0.000000 0.000000 0.000000 179.999985 179.995697 135.151245 0.003019 0.003067 -44.848778 0.002865 0.000032 -29.869274 0.000000 0.000000 0.000000 10.000185 0.010739 -39.685829 0.006971 0.008171 -39.685818 0.007046 0.001249 -26.430765 0.000000 0.000000 0.000000 20.000650 0.017206 -26.710793 0.012293 0.022723 -40.066208 0.015952 0.006438 -26.684076
3.911761 86.797676 74.287361 0.130931 19.314577 1.737574 5.494051 -8.435751 2.894251 154.305038 127.111923 154.453247 2.841104 16.379091 -1.173935 163.485168 -132.193176 -169.102249 12.569346 52.553177 -3.363533 5.145968 -24.981762 0.829660 0.994731 6.213934 -1.986145 0.993836 6.118934 -3.383839 5.283947 4.892722 -3.891383 0.001780 -7.685667 0.417616 0.002167 -8.966748 0.432723 4.066754 -6.622785 -0.194504 6.271508 -0.999328 -0.928618 8.191469 -11.782567 68.009918 77.441895 5.175920 14.302508 13.831237 2.549021 -27.667057 42.466164 55.658165 15.317512 179.488388 179.866638 -168.350540 179.647614 -179.993607 -172.241013 0.000000 -0.000000 0.000000 14.977765 0.068895 48.839298 179.945099 179.977783 -140.040604 179.960770 -179.986603 -152.028427 0.000000 -0.000000 0.000000 179.997894 179.988754 -127.625389 179.989777 179.994858 -127.625320 179.993134 -179.996674 -145.118484 0.000000 -0.000000 0.000000 169.995758 179.958862 -128.855576 179.964996 179.977997 -128.855637 179.974075 -179.990738 -145.937805 0.000000 -0.000000 0.000000 159.995911 179.853577 -161.505310 179.911697 179.798767 -152.258133 179.880005 179.916077 -161.523895 178.123520 -176.073868 -173.955063 174.990723 153.222488 106.112907 116.353477 -166.504684 176.706558 179.985245 -169.176636 -168.689423 125.633240 123.856659 155.039978 0.007441 0.013182 -10.405313 0.006428 0.007774 -6.929934 180.000000 -180.000000 -179.999985 165.000015 -179.993988 139.171143 179.996796 -179.996262 146.594574 179.996689 -179.999069 156.616196 180.000000 -180.000000 -179.999985 179.997375 -179.942520 136.452576 179.957672 -179.961044 136.452530 179.961716 179.998703 150.997375 180.000000 -180.000000 -179.999985 9.993688 -0.083104 -37.607525 179.942429 -179.939743 142.392502 179.944931 -179.993011 154.953384 180.000000 -180.000000 -179.999985 19.995625 -0.047005 -25.053619 179.962906 -179.939682 142.419571 179.955566 -179.984192 154.971436
4.001381 86.432571 76.336281 0.703801 19.668734 2.084601 5.513247 -11.366540 3.318316 149.503708 123.914055 149.491425 3.718088 14.367290 -1.552408 165.035461 -132.444519 -170.586823 10.627501 53.305527 -4.512935 5.105227 -26.309889 1.244536 0.839364 6.271790 -2.135308 0.838627 6.172599 -3.621193 4.605334 4.877761 -4.278738 0.001030 -7.941099 0.489107 0.001319 -9.264468 0.506575 3.965973 -6.838370 -0.154779 6.342047 -0.910156 -0.537933 8.445505 -9.625387 68.793945 75.810669 4.692653 14.158812 15.500978 3.056916 -26.849504 36.323910 47.804390 26.066000 179.978088 179.988113 -158.692810 179.983521 179.998032 -165.809418 0.000000 -0.000000 0.000000 15.000468 -0.001658 51.673180 0.001290 -0.000524 42.277985 0.000929 0.000309 29.594604 0.000000 -0.000000 0.000000 179.998810 179.993423 -127.253258 179.994049 179.996979 -127.253258 179.996002 -179.998047 -144.870682 0.000000 -0.000000 0.000000 170.001770 -179.983688 -126.964134 0.014053 -0.008459 53.035862 0.010128 0.004062 35.321899 0.000000 -0.000000 0.000000 159.999939 179.997849 -155.554749 179.998566 179.997116 -143.332138 179.998093 179.999039 -155.579178 177.853027 -176.058426 -174.029831 174.235535 155.649292 107.148460 115.909843 -166.602615 177.677475 179.739044 -168.306458 -168.430466 123.994614 123.341209 154.530777 0.001629 0.003012 -9.711233 0.001417 0.001799 -6.467661 0.000001 -0.000000 0.000000 165.000015 179.999588 138.901398 0.000227 0.000247 -33.626122 0.000228 0.000058 -23.538269 0.000001 -0.000000 0.000000 179.999268 -179.986862 134.154480 179.990036 -179.991425 134.154526 179.991272 179.999191 149.466888 0.000001 -0.000000 0.000000 9.997150 -0.033570 -40.696217 179.975708 -179.976654 139.303787 179.977585 -179.998962 152.896332 0.000001 -0.000000 0.000000 19.998856 -0.010878 -26.931410 179.991043 -179.986267 139.602844 179.989517 -179.996948 153.095474
4.117547 86.053894 78.329025 1.592730 20.156588 2.620529 5.600632 -14.661215 3.688891 142.190781 120.445274 142.104874 4.375084 10.985918 -1.516431 167.186935 -132.914841 -172.816132 7.975968 53.838688 -6.002470 5.061167 -28.059214 1.813581 0.633327 6.277728 -2.278043 0.632539 6.173952 -3.843365 3.683339 4.788358 -4.675903 0.002122 -8.281545 0.485289 0.002697 -9.661981 0.502830 3.531135 -7.139944 -0.115063 6.284585 -0.424630 -0.262569 8.779439 -6.683862 69.972572 74.682892 4.344481 13.504792 16.159159 2.555869 -25.616386 34.082973 45.894104 24.928215 179.997635 179.997742 -157.922195 179.997986 179.999207 -165.296204 0.000000 -0.000003 -0.000003 15.005102 -0.021671 51.860577 0.016482 -0.007739 42.431339 0.012190 0.003760 29.701960 0.000000 -0.000003 -0.000003 0.002084 -0.013242 53.096668 0.011822 -0.006304 53.096622 0.008094 0.003757 35.362362 0.000000 -0.000003 -0.000003 170.003098 -179.968033 -127.118210 0.027232 -0.017017 52.881752 0.020027 0.007502 35.219296 0.000000 -0.000003 -0.000003 160.001221 -179.964798 -155.099533 0.023435 -0.047362 37.350697 0.031384 -0.015924 24.875572 177.597290 -176.050797 -174.127213 173.382202 158.337448 108.516090 115.582291 -166.640106 178.506897 178.165619 -167.721436 -167.990524 123.444359 123.002037 153.371307 0.011343 0.017296 -9.949244 0.009359 0.010115 -6.626192 0.000000 -0.000000 0.000000 165.000443 179.991318 138.759354 0.004945 0.005124 -33.742336 0.004867 0.001073 -23.619640 0.000000 -0.000000 0.000000 179.999710 -179.996857 133.708282 179.997498 -179.998047 133.708328 179.997910 179.999695 149.169724 0.000000 -0.000000 0.000000 9.997304 -0.021132 -41.600121 179.983841 -179.986115 138.399902 179.985825 179.999680 152.294342 0.000000 -0.000000 0.000000 19.999149 -0.005804 -27.243000 179.994858 -179.992859 139.135513 179.994293 -179.998672 152.784271
4.184665 85.722885 80.283531 2.513031 20.436031 3.057795 6.055908 -17.781895 3.953846 135.355331 117.945862 135.596573 3.926943 8.324175 -1.412972 169.719284 -133.071854 -175.093826 4.016223 54.707870 -8.266897 5.351764 -29.802332 2.380037 0.435080 6.348126 -2.374408 0.434440 6.237877 -3.989240 2.792221 4.729358 -4.965278 0.001457 -8.630104 0.392712 0.001887 -10.068460 0.406853 2.977327 -7.435674 -0.121964 6.288840 -0.288299 0.080243 9.108127 -3.787116 71.068710 72.572411 3.877420 12.758480 15.257173 0.996763 -23.439873 33.888313 46.535633 23.924603 179.969208 179.965652 -158.458359 179.972351 179.986588 -165.653259 0.000000 0.000000 -0.000003 15.002233 -0.012714 51.423370 0.009258 -0.005083 42.073692 0.007203 0.001663 29.451578 0.000000 0.000000 -0.000003 0.000083 -0.000594 52.738903 0.000520 -0.000300 52.738911 0.000371 0.000155 35.124119 0.000000 0.000000 -0.000003 170.001892 -179.981140 -127.762978 0.016016 -0.010116 52.236969 0.011883 0.004254 34.789848 0.000000 0.000000 -0.000003 160.001968 -179.968796 -155.679153 0.021515 -0.041653 36.481293 0.027874 -0.014087 24.296541 177.257706 -176.053223 -174.272308 172.408890 161.307877 110.208374 115.353783 -166.564651 179.200394 177.638184 -167.091171 -167.588547 121.475586 122.425201 152.363892 0.011360 0.015495 -9.315779 0.009077 0.009015 -6.204314 0.000000 0.000002 0.000003 165.000839 179.988632 138.955322 0.006597 0.006585 -33.581989 0.006390 0.001312 -23.507397 0.000000 0.000002 0.000003 0.000223 0.001892 -46.468086 0.001522 0.001146 -46.468071 0.001251 -0.000215 -30.947735 0.000000 0.000002 0.000003 9.998171 -0.012689 -42.337914 179.990067 -179.991898 137.662064 179.991486 179.999496 151.802948 0.000000 0.000002 0.000003 20.000387 0.002496 -27.550341 0.002260 0.003045 -41.325550 0.002469 0.000532 -27.522793
4.200466 85.417381 82.232910 3.524345 20.645725 3.471237 7.191698 -22.158951 4.249928 125.152504 115.562126 126.209503 3.101414 5.231626 -1.408137 172.507751 -133.493759 -177.545181 179.668823 124.673393 169.629898 5.763150 -31.531250 2.631413 0.245192 6.429011 -2.424751 0.244756 6.312104 -4.059044 1.928451 4.672779 -5.150496 0.000999 -8.898780 0.375621 0.001272 -10.381963 0.389159 2.536024 -7.667735 -0.084507 6.140996 -0.200182 0.361403 9.108120 -1.818522 72.015877 69.244850 3.286520 12.458789 15.369576 0.468735 -22.145672 31.869612 46.009548 24.965664 179.988449 179.984222 -156.995605 179.988770 179.993408 -164.679077 0.000000 -0.000000 0.000000 15.001810 -0.014720 51.185928 0.010277 -0.006437 41.879391 0.008364 0.001423 29.315554 0.000000 -0.000000 0.000000 0.000374 -0.003411 52.762970 0.002936 -0.001758 52.762943 0.002121 0.000837 35.140137 0.000000 -0.000000 0.000000 170.001938 -179.979675 -128.134735 0.017110 -0.011134 51.865269 0.012898 0.004308 34.542282 0.000000 -0.000000 0.000000 160.003143 -179.958328 -156.190414 0.028673 -0.055732 35.714355 0.036887 -0.019546 23.785769 176.848679 -176.091232 -174.446426 171.035614 164.816666 112.239563 115.477013 -166.231873 179.755447 177.154068 -166.600433 -167.039688 119.817772 121.717087 151.703186 0.011280 0.014097 -8.652577 0.008771 0.008221 -5.762619 0.000000 -0.000002 0.000000 165.000870 179.990997 139.334213 0.005307 0.005143 -33.272022 0.005080 0.000981 -23.290413 0.000000 -0.000002 0.000000 0.000817 0.006147 -46.483143 0.005007 0.003652 -46.483158 0.004061 -0.000741 -30.957785 0.000000 -0.000002 0.000000 9.992931 -0.043491 -42.196640 179.965103 -179.973099 137.803329 179.970779 179.997253 151.897003 0.000000 -0.000002 0.000000 20.000648 0.003846 -27.498634 0.003516 0.004674 -41.247955 0.003813 0.000802 -27.471144
4.203554 85.168083 84.254150 4.567866 20.786362 3.827475 8.471550 -25.916578 4.106089 115.827003 114.240349 117.955894 1.747584 2.567046 -1.067008 175.038147 -134.345734 -179.873230 175.886093 124.301315 168.190552 6.065145 -33.301350 2.655186 0.069938 6.515060 -2.426097 0.069670 6.391834 -4.047966 1.118964 4.625556 -5.222883 0.000468 -9.120554 0.352621 0.000569 -10.640775 0.365352 2.096366 -7.859610 -0.046197 5.885891 -0.163656 0.574882 8.678970 0.090670 72.915161 65.732918 2.801942 12.379280 15.754975 0.446478 -21.417103 32.319130 46.191128 25.984131 179.962814 179.954498 -156.701523 179.965042 179.982391 -164.483200 0.000000 0.000000 -0.000003 15.002352 -0.020746 50.877369 0.014336 -0.009319 41.626930 0.011838 0.001750 29.138840 0.000000 0.000000 -0.000003 0.001239 -0.011075 52.764538 0.009547 -0.005734 52.764496 0.006908 0.002731 35.141186 0.000000 0.000000 -0.000003 170.002792 -179.973297 -128.583878 0.022498 -0.014654 51.416119 0.017017 0.005521 34.243122 0.000000 0.000000 -0.000003 160.004608 -179.949951 -157.165604 0.034313 -0.067137 34.251579 0.043629 -0.024869 22.811556 176.157761 -176.164124 -174.791077 170.312363 167.995422 114.286827 114.868042 -166.411133 -179.913513 176.710297 -166.301910 -166.274521 118.291046 120.914650 151.238922 0.010771 0.012893 -7.950016 0.008245 0.007567 -5.294716 0.000000 -0.000000 0.000000 165.001160 179.989548 139.599350 0.006243 0.005935 -33.055073 0.005929 0.001116 -23.138542 0.000000 -0.000000 0.000000 0.000988 0.006854 -46.297295 0.005632 0.004040 -46.297314 0.004538 -0.000842 -30.834023 0.000000 -0.000000 0.000000 9.997581 -0.014593 -44.070358 179.988068 -179.991257 135.929626 179.990250 179.998596 150.649124 0.000000 -0.000000 0.000000 20.000992 0.005803 -27.406866 0.005323 0.007044 -41.110306 0.005751 0.001219 -27.379461
4.172298 85.003403 86.373825 5.614402 20.890795 4.097162 10.207031 -29.692478 3.599741 106.435013 113.751396 110.084084 0.365095 -0.035240 -0.697121 177.388199 -135.730347 178.065292 172.571487 124.276466 167.302658 6.184246 -35.096222 2.539216 179.902985 173.412277 177.617722 179.902954 173.541229 176.038132 0.331673 4.575811 -5.193774 0.000067 -9.381968 0.237328 0.000103 -10.945646 0.245813 1.415864 -8.080250 -0.038477 5.644076 -0.190963 0.705472 7.662833 1.944082 73.741028 62.239544 2.583228 12.619899 14.310706 -0.512767 -20.482143 27.254547 44.560497 25.767235 0.009897 -0.013303 25.510475 0.009727 -0.005215 16.989985 0.000003 -0.000000 0.000000 15.000021 -0.000210 50.119274 0.000139 -0.000096 41.006695 0.000121 0.000004 28.704655 0.000003 -0.000000 0.000000 179.999649 179.997269 -127.682915 179.997635 179.998611 -127.682953 179.998306 -179.999313 -145.156830 0.000003 -0.000000 0.000000 170.000778 -179.994904 -129.485413 0.004416 -0.002665 50.514603 0.003254 0.001132 33.642715 0.000003 -0.000000 0.000000 160.002655 -179.983719 -158.752747 0.012378 -0.021422 31.870848 0.014473 -0.007875 21.225986 175.536041 -176.143600 -175.145294 169.493088 171.397690 116.294212 114.228912 -166.777985 -179.804352 176.303726 -166.234283 -165.312454 116.721703 120.074150 150.923111 0.008022 0.009396 -7.148757 0.006040 0.005582 -4.761078 0.000000 -0.000000 0.000000 165.001129 179.990707 139.988449 0.005586 0.005254 -32.736683 0.005271 0.000992 -22.915680 0.000000 -0.000000 0.000000 0.001049 0.006812 -46.053944 0.005620 0.003994 -46.053944 0.004514 -0.000839 -30.671930 0.000000 -0.000000 0.000000 9.998302 -0.009880 -44.662865 179.991821 -179.994202 135.337143 179.993423 179.998901 150.254517 0.000000 -0.000000 0.000000 20.000648 0.003669 -27.167555 0.003386 0.004458 -40.751366 0.003645 0.000784 -27.140404
4.097575 84.891304 88.558357 6.623839 21.000080 4.249464 12.319674 -33.459896 2.734493 97.662621 114.072891 103.193687 179.223679 -177.381195 179.566437 179.246979 -137.340851 176.682327 169.793503 124.447289 166.671127 6.061929 -36.820953 2.388690 179.767471 173.362686 177.696854 179.767624 173.495926 176.180695 179.676361 175.465439 174.924240 179.999893 -170.478287 -179.797089 179.999878 -168.891296 -179.789825 0.998946 -8.201033 -0.003388 5.269621 -0.316861 0.811402 6.219331 3.807254 74.361259 58.927158 2.495236 13.091674 14.239332 -0.630627 -20.462694 27.536629 43.858788 24.158588 0.008665 -0.011019 24.709066 0.008280 -0.004315 16.456245 0.000000 -0.000000 0.000000 15.000624 -0.004925 50.192772 0.003414 -0.002198 41.066795 0.002816 0.000396 28.746763 0.000000 -0.000000 0.000000 179.998718 179.993073 -127.656860 179.993729 179.996811 -127.656860 179.995773 -179.997971 -145.139481 0.000000 -0.000000 0.000000 169.999496 179.997681 -129.797379 179.997894 179.998901 -129.797409 179.998550 -179.999390 -146.565079 0.000000 -0.000000 0.000000 160.000671 -179.997253 -159.572922 0.002346 -0.003519 30.640615 0.002537 -0.001220 20.406656 174.890533 -175.983841 -175.420471 168.565216 175.282578 118.212120 113.835762 -167.386322 179.972946 175.949600 -166.408875 -164.258011 115.135513 119.217796 150.475616 0.003963 0.004662 -6.408219 0.002968 0.002797 -4.267872 0.000000 -0.000003 0.000000 165.000671 179.995010 140.430984 0.003025 0.002809 -32.374657 0.002837 0.000530 -22.662254 0.000000 -0.000003 0.000000 0.000747 0.004555 -45.743919 0.003781 0.002648 -45.743935 0.003023 -0.000571 -30.465458 0.000000 -0.000003 0.000000 9.999249 -0.004170 -45.151730 179.996506 -179.997604 134.848297 179.997238 179.999466 149.928970 0.000000 -0.000003 0.000000 19.998510 -0.007856 -26.834108 179.992630 -179.990524 139.748825 179.992172 -179.998398 153.192719
4.011125 84.851006 90.810005 7.542569 21.106407 4.263136 14.575451 -37.264408 1.547901 89.997482 115.005646 97.475616 178.528320 -175.058670 179.626465 0.219130 -40.941864 -3.885982 168.017456 124.762367 166.398148 5.716805 -38.417992 2.290038 179.624680 173.366409 177.803070 179.625168 173.502899 176.368576 178.970718 175.540619 175.099304 179.999969 -170.351273 -179.819092 0.000022 -11.256853 0.187340 0.672535 -8.309510 0.026470 5.060511 -0.444626 0.888087 4.513738 5.765754 74.688354 56.013321 2.462533 13.705835 14.263069 -0.922305 -20.657799 26.686794 42.334118 21.869484 179.997971 -179.992523 -155.825287 0.000735 -0.005119 16.100367 0.000000 -0.000000 0.000000 14.997907 0.010616 49.641750 179.992249 179.995728 -139.384018 179.993958 -179.998703 -151.568817 0.000000 -0.000000 0.000000 179.997803 179.991791 -127.344025 179.992142 179.996826 -127.344025 179.995163 -179.997086 -144.931107 0.000000 -0.000000 0.000000 169.998901 179.996399 -129.709534 179.996521 179.998550 -129.709518 179.997772 -179.998825 -146.506531 0.000000 -0.000000 0.000000 159.999527 179.998596 -159.789551 179.998611 179.998276 -149.684326 179.998627 179.999466 -159.809769 174.495590 -175.757904 -175.584885 167.885071 178.380936 119.632156 112.090851 -168.511414 179.996750 175.977814 -166.715576 -163.270172 113.715691 118.420250 149.682495 0.001447 0.001706 -5.944741 0.001089 0.001027 -3.959199 180.000000 179.999985 -179.999985 165.000290 179.998016 140.720886 0.001210 0.001105 -32.137463 0.001133 0.000201 -22.496216 180.000000 179.999985 -179.999985 0.000338 0.001897 -45.481342 0.001593 0.001090 -45.481342 0.001260 -0.000239 -30.290575 180.000000 179.999985 -179.999985 10.000026 0.000140 -45.423515 0.000125 0.000082 -45.423508 0.000094 -0.000015 -30.252062 180.000000 179.999985 -179.999985 20.001425 0.007221 -27.461742 0.006856 0.008658 -41.192593 0.007225 0.001370 -27.434273
3.910026 84.885254 93.113098 8.313790 21.198179 4.141212 16.932417 -41.107487 0.040362 83.639397 116.401436 92.991913 178.323090 -171.731903 179.681747 0.444620 -39.129578 -3.796546 167.214462 125.269646 166.382889 5.134973 -39.835518 2.376095 179.488251 173.410828 177.916321 179.489014 173.549362 176.567398 178.287430 175.633591 175.294220 0.000190 -9.730899 0.213382 0.000288 -11.352652 0.220943 0.536119 -8.379539 0.066676 4.972973 -0.538261 0.928512 2.782701 7.796848 74.776054 53.530907 2.514011 14.285243 14.521141 -1.618411 -20.915274 31.548374 43.620758 21.813044 179.997818 -179.995621 -157.991058 179.999695 -179.996765 -165.342056 0.000000 -0.000000 0.000000 14.998216 0.006487 50.498528 179.994965 179.997772 -138.683014 179.996338 -179.998810 -151.078125 0.000000 -0.000000 0.000000 179.997498 179.993057 -126.727783 179.992920 179.997894 -126.727783 179.996078 -179.997025 -144.520691 0.000000 -0.000000 0.000000 169.999161 179.997894 -129.416016 179.997849 179.999329 -129.416016 179.998749 -179.999176 -146.311066 0.000000 -0.000000 0.000000 159.999466 179.998764 -159.685226 179.998611 179.998550 -149.527847 179.998703 179.999634 -159.705566 174.223145 -175.455856 -175.595367 167.646301 -179.868668 120.469467 110.569984 -169.337555 179.960190 174.414017 -167.897736 -162.357925 112.741524 117.701538 148.912689 0.000620 0.000735 -5.726239 0.000467 0.000448 -3.813676 0.000000 -0.000000 0.000003 165.000137 179.999268 140.864822 0.000444 0.000408 -32.019711 0.000415 0.000065 -22.413784 0.000000 -0.000000 0.000003 179.999847 -179.999207 134.682571 179.999329 -179.999542 134.682556 179.999466 179.999878 149.818604 0.000000 -0.000000 0.000003 10.000201 0.001000 -45.429611 0.000849 0.000559 -45.429600 0.000665 -0.000146 -30.256113 0.000000 -0.000000 0.000003 20.001284 0.006293 -27.001429 0.005967 0.007551 -40.502171 0.006282 0.001280 -26.974442
3.797025 84.986458 95.417473 8.895702 21.307310 3.893445 19.266230 -45.014374 -1.740859 78.760323 118.044777 89.665665 178.676254 -168.567627 179.686630 0.118776 -37.379501 -3.167405 167.110703 125.923416 166.521286 4.502690 -41.001530 2.482380 179.359619 173.512283 178.029175 179.360611 173.651245 176.764648 177.635361 175.755295 175.495117 0.000448 -9.763013 0.298496 0.000480 -11.390026 0.309139 0.629131 -8.406853 0.109458 4.950760 -0.584114 0.941022 1.397148 9.887336 74.638214 51.380322 2.334072 14.650460 14.959333 -2.590989 -21.071007 38.192001 45.701511 23.415001 179.993774 179.993240 -160.417831 179.994568 179.997162 -166.958282 0.000000 0.000000 -0.000003 15.000414 -0.001249 51.445419 0.001008 -0.000379 42.091709 0.000702 0.000278 29.464182 0.000000 0.000000 -0.000003 179.999756 179.999451 -125.765038 179.999405 179.999863 -125.765038 179.999695 -179.999725 -143.879517 0.000000 0.000000 -0.000003 169.999542 179.999039 -129.147781 179.998962 179.999741 -129.147797 179.999451 -179.999573 -146.132431 0.000000 0.000000 -0.000003 159.999786 179.999588 -159.522720 179.999481 179.999527 -149.284058 179.999542 179.999908 -159.543198 174.209900 -175.111374 -175.394943 167.215225 -176.065384 121.144157 108.528206 -171.303482 179.705505 175.508514 -168.303604 -161.899261 112.078300 117.083801 148.315140 0.000547 0.000639 -5.604914 0.000373 0.000390 -3.732877 0.000003 -0.000000 0.000003 165.000107 179.999283 140.927795 0.000457 0.000390 -31.968161 0.000415 0.000075 -22.377705 0.000003 -0.000000 0.000003 0.000248 0.001318 -45.426937 0.001116 0.000752 -45.426929 0.000879 -0.000183 -30.254333 0.000003 -0.000000 0.000003 10.000169 0.000846 -45.340614 0.000727 0.000474 -45.340622 0.000564 -0.000117 -30.196836 0.000003 -0.000000 0.000003 20.000769 0.003678 -26.409922 0.003451 0.004452 -39.614868 0.003660 0.000833 -26.383493
3.657639 85.070679 97.643349 9.464782 21.426153 3.587404 21.864653 -48.746288 -3.899382 76.324181 120.137001 88.783829 179.727051 -166.148026 179.364166 179.280106 -143.986404 177.865997 167.327301 126.218369 166.393234 3.727205 -42.175621 2.783167 179.249039 173.571854 178.126968 179.249435 173.711090 176.935699 177.083191 175.839615 175.659317 179.998764 -170.189011 -179.574356 179.999512 -168.553802 -179.559952 0.611137 -8.447594 0.200575 4.859214 -0.711116 1.052858 179.985840 167.940613 -105.830223 49.343494 1.821649 15.145567 15.575172 -3.902941 -21.099314 30.165985 42.284908 16.624105 0.000677 -0.039759 20.227200 0.009222 -0.024827 13.471335 180.000000 180.000000 -180.000000 14.992897 0.028059 51.197483 179.978394 179.990311 -138.111145 179.984238 -179.994858 -150.677811 180.000000 180.000000 -180.000000 179.985947 179.963608 -125.610359 179.962158 179.990662 -125.610336 179.980423 -179.982941 -143.776459 180.000000 180.000000 -180.000000 169.992996 179.984680 -128.868881 179.983673 179.995911 -128.868896 179.991074 -179.993195 -145.946655 180.000000 180.000000 -180.000000 159.998550 179.997177 -159.262451 179.996475 179.996826 -148.893661 179.996887 179.999405 -159.283173 174.061295 -174.624313 -174.942215 167.241821 -172.929611 121.459602 105.439690 -173.601532 179.424774 176.789154 -168.757889 -161.661911 116.551712 116.461487 147.046204 0.190862 0.233310 -8.602500 0.142435 0.141493 -5.729348 0.000000 -0.000000 0.000003 165.000977 179.992493 141.085892 0.004477 0.004274 -31.838760 0.004240 0.000891 -22.287159 0.000000 -0.000000 0.000003 0.002632 0.016688 -45.159710 0.013671 0.009924 -45.159740 0.011118 -0.001769 -30.076403 0.000000 -0.000000 0.000003 10.002090 0.012251 -45.214024 0.010145 0.007165 -45.214046 0.008150 -0.001419 -30.112553 0.000000 -0.000000 0.000003 20.004438 0.025145 -25.702440 0.022177 0.031222 -38.553684 0.024468 0.007201 -25.676779
3.586268 85.362122 100.033440 9.620506 21.540634 3.139373 24.391968 -53.140724 -6.373446 70.553123 121.774872 83.528870 0.321394 -18.840788 0.215729 178.559204 -146.124451 178.830734 168.116394 127.700058 166.911438 3.293376 -42.747902 2.892283 179.112915 173.816833 178.248138 179.113632 173.952835 177.145004 176.383698 176.047211 175.889633 179.999466 -170.301254 -179.412643 179.999817 -168.684937 -179.392105 1.462939 -8.354037 0.184673 4.999227 -0.556670 0.926823 179.922272 165.844299 -106.075363 48.024670 1.160022 14.982408 15.462934 -5.240664 -21.607685 32.506580 43.572659 16.315596 0.000757 -0.019926 18.877268 0.004662 -0.012430 12.572264 180.000000 -180.000000 -179.999985 14.997149 0.017884 51.783501 179.987015 179.992859 -137.631714 179.989944 -179.997513 -150.342163 180.000000 -180.000000 -179.999985 179.991409 179.972061 -124.946671 179.972076 179.991318 -124.946671 179.984726 -179.987946 -143.334457 180.000000 -180.000000 -179.999985 170.007568 -179.980347 -127.948174 0.020101 -0.006265 52.051846 0.011569 0.007923 34.666534 180.000000 -180.000000 -179.999985 159.999237 179.998306 -159.201294 179.998016 179.998062 -148.801987 179.998199 179.999588 -159.222107 174.234833 -174.491196 -174.770416 167.408127 -169.350861 121.389236 104.186142 -175.415207 178.938339 177.091217 -169.738968 -161.668259 104.916412 115.530258 148.830215 179.988937 -179.976578 178.681839 179.992096 -179.984680 179.122101 0.000000 0.000003 0.000003 164.999466 -179.995255 141.304688 179.997238 -179.997238 148.340240 179.997360 -179.999344 157.838150 0.000000 0.000003 0.000003 0.000348 0.002541 -44.832001 0.002025 0.001574 -44.832020 0.001693 -0.000209 -29.858149 0.000000 0.000003 0.000003 10.001506 0.010523 -45.078785 0.008512 0.006383 -45.078762 0.007012 -0.001001 -30.022463 0.000000 0.000003 0.000003 20.001587 0.010467 -25.289070 0.008802 0.013194 -37.933605 0.010024 0.003352 -25.263775
3.576379 85.763153 102.520599 9.704988 21.622322 2.772193 26.687826 -57.036381 -8.885575 70.007980 123.263824 83.188965 1.330807 -20.205280 0.313190 178.070435 -148.671356 179.505508 168.975159 129.793671 167.735168 3.080607 -43.011799 2.792691 178.962631 174.105118 178.369690 178.963638 174.236130 177.353363 175.622452 176.279083 176.123688 0.000131 -9.528563 0.713269 0.000107 -11.116444 0.738661 2.558189 -8.211470 0.114056 5.006283 -0.415077 0.736845 0.558608 16.204693 73.930458 46.141171 0.044880 13.946606 15.684059 -5.718533 -21.560043 34.826706 44.299316 16.934935 0.001752 -0.011526 18.067755 0.003445 -0.006979 12.033130 0.000000 0.000000 -0.000003 14.999135 0.010579 52.260445 179.992706 179.995285 -137.241470 179.994019 -179.998932 -150.069000 0.000000 0.000000 -0.000003 179.994797 179.978577 -124.316399 179.979309 179.992416 -124.316383 179.988113 -179.991379 -142.914719 0.000000 0.000000 -0.000003 169.995621 179.987076 -129.059982 179.987198 179.995331 -129.060043 179.992233 -179.995285 -146.073929 0.000000 0.000000 -0.000003 159.998657 179.996857 -159.208206 179.996445 179.996292 -148.812271 179.996689 179.999115 -159.228989 174.393234 -174.471619 -174.777695 167.036987 -163.056686 121.778786 102.137184 -178.117554 177.929031 1.635160 -10.760810 17.869659 107.171303 115.730148 150.613266 179.985260 -179.965820 178.330719 179.989075 -179.977753 178.888275 0.000000 -0.000000 0.000000 164.999756 -179.994598 141.253922 179.997086 -179.996689 148.298676 179.997040 -179.999100 157.809082 0.000000 -0.000000 0.000000 0.000168 0.002308 -44.797737 0.001737 0.001525 -44.797741 0.001538 -0.000092 -29.835283 0.000000 -0.000000 0.000000 10.002061 0.024250 -45.113037 0.018545 0.015754 -45.113010 0.016157 -0.001283 -30.045305 0.000000 -0.000000 0.000000 20.002466 0.025218 -25.336613 0.019325 0.032730 -38.004971 0.023499 0.009410 -25.311287
3.618804 86.287079 105.127426 9.279106 21.842588 2.064183 28.836752 -60.622227 -10.921571 71.224792 124.201515 84.329391 1.878258 -21.269405 0.513191 178.060211 -151.541595 -179.857208 170.014816 132.552292 168.995193 3.059995 -42.980999 2.406729 178.874207 174.494766 178.529922 178.875198 174.618546 177.623489 175.130020 176.545425 176.470306 0.000669 -9.310501 0.784097 0.000361 -10.862037 0.812333 3.837339 -8.026288 -0.012057 4.921099 -0.319561 0.466066 1.643876 18.195091 74.252106 44.509830 -0.951926 12.501106 15.639874 -5.905818 -21.465168 36.788113 44.293434 17.964052 0.003176 -0.012783 17.742739 0.004542 -0.007484 11.816648 180.000000 -180.000000 -179.999985 14.999403 0.010507 52.486435 179.992859 179.995178 -137.056549 179.994064 -179.999039 -149.939575 180.000000 -180.000000 -179.999985 179.996292 179.983826 -123.712196 179.984436 179.994247 -123.712250 179.991119 -179.993439 -142.512329 180.000000 -180.000000 -179.999985 169.996353 179.989090 -128.728745 179.989182 179.996094 -128.728760 179.993484 -179.995972 -145.853317 180.000000 -180.000000 -179.999985 159.997879 179.995026 -159.193130 179.994324 179.994171 -148.789688 179.994766 179.998657 -159.213928 174.517761 -174.520477 -174.953003 167.114136 -160.544800 121.428589 100.975349 -179.429077 177.931183 0.826614 -9.448095 17.750912 108.735550 115.369461 149.150787 0.002808 -0.020099 -3.231797 0.000875 -0.013486 -2.152377 0.000000 -0.000000 0.000000 165.000198 -179.978210 141.421860 179.988922 -179.986038 148.436035 179.988266 -179.995758 157.905228 0.000000 -0.000000 0.000000 179.999786 -179.989395 135.406723 179.992401 -179.992615 135.406754 179.992935 179.999924 150.300888 0.000000 -0.000000 0.000000 10.000542 0.014691 -44.713737 0.010680 0.010109 -44.713715 0.009792 -0.000206 -29.779369 0.000000 -0.000000 0.000000 20.000374 0.006662 -24.801460 0.004672 0.008815 -37.202168 0.006024 0.002809 -24.776659
3.698757 86.911186 107.861961 8.650294 22.132240 1.295242 30.481520 -63.700680 -12.427622 75.213448 124.152267 88.153946 1.775404 -21.407595 0.443799 178.381393 -154.734787 -179.377090 171.073441 135.925430 170.541962 3.232908 -42.627125 1.627786 178.795212 174.954102 178.710327 178.796082 175.068649 177.925049 174.680161 176.844696 176.870880 0.000958 -9.073133 0.808003 0.000377 -10.585230 0.837433 5.192791 -7.819928 -0.168699 5.013920 -0.116729 0.086319 2.733874 19.980858 74.788589 43.192120 -1.696661 10.821331 15.131429 -6.200173 -21.519041 38.801079 43.837738 18.389788 0.004309 -0.010940 17.181503 0.004844 -0.006169 11.442892 0.000000 -0.000000 0.000000 14.999360 0.004310 52.940220 179.996857 179.998306 -136.685318 179.997604 -179.999344 -149.679703 0.000000 -0.000000 0.000000 179.997910 179.993729 -122.995438 179.993607 179.998367 -122.995438 179.996780 -179.996994 -142.034973 0.000000 -0.000000 0.000000 169.998505 179.996597 -128.208481 179.996414 179.999069 -128.208496 179.998047 -179.998489 -145.506866 0.000000 -0.000000 0.000000 160.000275 -179.999512 -158.866150 0.000622 -0.000535 31.700779 0.000545 -0.000088 21.112722 174.646210 -174.610321 -175.294571 166.946869 -158.613937 121.120712 99.983864 179.516495 178.327576 0.010670 -8.236231 17.548218 111.782562 115.409927 149.245331 0.014212 -0.010107 -4.837766 0.008760 -0.007645 -3.221950 180.000000 -179.999985 179.999985 165.002853 -179.973526 141.204956 179.988113 -179.981750 148.258606 179.986176 -179.993591 157.781036 180.000000 -179.999985 179.999985 0.000965 -0.012619 -44.703209 179.991760 -179.990402 135.296799 179.991608 -179.999329 150.227676 180.000000 -179.999985 179.999985 9.999624 0.006908 -44.387791 0.004557 0.005208 -44.387779 0.004594 0.000350 -29.562254 180.000000 -179.999985 179.999985 20.000099 -0.003693 -24.542152 179.997818 -179.994919 143.186798 179.996811 -179.998154 155.482391
3.814445 87.604149 110.754013 7.831551 22.456301 0.461260 31.412464 -66.511520 -13.262822 74.639458 124.350769 86.953705 1.676182 -24.617226 1.513402 179.022400 -158.225296 -178.986603 172.031082 139.794540 172.197388 3.559994 -41.768234 0.461149 178.710846 175.505890 178.919052 178.711441 175.608368 178.270981 174.204819 177.196640 177.335938 0.000370 -8.753794 0.763248 0.000030 -10.212763 0.790865 6.750908 -7.536167 -0.380189 4.532271 -0.243253 -0.363892 4.472656 22.084656 75.380615 42.174671 -2.097344 9.111070 15.213832 -6.246965 -21.072861 39.525036 43.314346 17.407118 0.003837 -0.009326 16.493364 0.004151 -0.005269 10.984581 180.000000 -180.000000 180.000000 14.998984 0.002708 53.209000 179.997726 179.999344 -136.465424 179.998550 -179.999222 -149.525757 180.000000 -180.000000 180.000000 179.997696 179.996002 -122.608139 179.995392 179.999802 -122.608154 179.998260 -179.997482 -141.777039 180.000000 -180.000000 180.000000 169.998825 179.998291 -127.972458 179.997910 179.999863 -127.972504 179.999084 -179.998947 -145.349670 180.000000 -180.000000 180.000000 159.999420 179.999222 -158.958405 179.998764 179.999237 -148.437592 179.999039 -179.999985 -158.979446 174.913376 -174.795197 -175.847748 166.576721 -157.293991 120.880554 99.128677 178.648911 179.043259 179.177856 -172.556381 -162.723007 116.208015 115.941612 151.147629 0.013947 -0.006997 -6.302755 0.008632 -0.005771 -4.197633 0.000000 -0.000000 0.000000 165.004105 -179.982574 140.573044 179.993469 -179.986877 147.741577 179.991211 -179.994720 157.419113 0.000000 -0.000000 0.000000 0.001457 -0.007252 -45.025635 179.995880 -179.993866 134.974411 179.995163 -179.999069 150.012939 0.000000 -0.000000 0.000000 9.998981 0.006087 -44.253296 0.003499 0.005058 -44.253311 0.004018 0.000810 -29.472675 0.000000 -0.000000 0.000000 20.000195 -0.001491 -24.648781 179.999329 -179.997849 143.026855 179.998779 -179.999130 155.375870
3.928747 88.352081 113.761139 6.866379 22.725134 -0.425778 30.541014 -68.035126 -12.119190 85.368378 123.320045 97.457031 1.372878 -22.781345 0.651695 179.844635 -161.994888 -178.534027 172.574188 143.940536 173.508942 4.065755 -40.112324 -0.762516 178.685867 175.964981 179.125656 178.686417 176.056168 178.610092 174.024170 177.455383 177.810028 0.000631 -8.476145 0.646882 0.000189 -9.888956 0.670552 7.899096 -7.281153 -0.575486 3.688529 -0.674899 -0.813531 6.023663 24.052748 75.946190 41.253506 -2.300890 7.514180 15.448411 -6.470539 -20.424885 40.065197 43.017433 15.957433 0.001845 -0.005111 15.601746 0.002063 -0.002972 10.390762 0.000000 0.000000 -0.000003 14.998962 0.001397 53.457401 179.998581 -179.999985 -136.262115 179.999283 -179.999313 -149.383484 0.000000 0.000000 -0.000003 179.998260 179.998215 -122.216560 179.997559 -179.999466 -122.216591 179.999451 -179.998428 -141.516235 0.000000 0.000000 -0.000003 169.999191 179.999252 -127.802017 179.998917 -179.999817 -127.802017 179.999664 -179.999344 -145.236145 0.000000 0.000000 -0.000003 159.998444 179.998672 -158.966171 179.997116 179.999008 -148.449265 179.998016 -179.999542 -158.987228 174.812836 -174.696701 -176.307281 166.177399 -156.551361 120.641724 98.350273 177.943527 179.889099 178.359665 -172.877914 -162.976883 119.842842 116.476967 152.536697 0.011504 -0.005166 -7.588452 0.007087 -0.004500 -5.053907 0.000000 -0.000000 0.000000 165.003281 -179.991684 139.955994 179.997650 -179.993073 147.236755 179.995987 -179.996826 157.065720 0.000000 -0.000000 0.000000 0.000735 -0.002098 -45.315868 179.999023 -179.998001 134.684097 179.998596 -179.999527 149.819626 0.000000 -0.000000 0.000000 9.998558 0.004723 -44.083340 0.002232 0.004393 -44.083302 0.003103 0.001070 -29.359476 0.000000 -0.000000 0.000000 20.000053 -0.000249 -24.713516 179.999939 -179.999619 142.929703 179.999817 -179.999847 155.311203
4.015712 89.128685 116.868881 5.737364 22.864374 -1.415362 28.706083 -69.043610 -9.817801 95.409744 122.348724 107.114220 0.526908 -22.025780 0.229941 0.482873 -14.117720 2.262302 173.239105 148.230118 174.627472 4.586727 -37.004307 -1.935043 178.680939 176.371399 179.353653 178.681610 176.451111 178.982574 173.946213 177.659317 178.328522 0.000975 -8.192647 0.489954 0.000508 -9.558274 0.508162 8.961264 -7.014204 -0.775055 2.873104 -1.201592 -1.344580 7.228996 25.828346 76.329292 41.124790 -1.982154 6.627486 15.295538 -7.068487 -20.191774 40.831272 43.047749 14.766933 0.000205 -0.001608 14.661322 0.000387 -0.001012 9.764450 180.000000 -180.000000 180.000000 14.999176 0.000591 53.665443 179.999207 -179.999741 -136.091904 179.999725 -179.999481 -149.264328 180.000000 -180.000000 180.000000 179.999023 179.999435 -121.920898 179.999008 -179.999466 -121.920883 179.999954 -179.999252 -141.319290 180.000000 -180.000000 180.000000 169.999664 179.999817 -127.670265 179.999649 -179.999847 -127.670296 179.999954 -179.999741 -145.148407 180.000000 -180.000000 180.000000 159.998642 179.999329 -158.788956 179.997742 179.999786 -148.183395 179.998657 -179.999329 -158.810135 174.710648 -174.476883 -176.747833 165.957596 -156.269180 120.287804 97.548317 177.354126 -179.362274 177.285721 -172.829514 -163.181107 122.843681 116.858803 153.074677 0.004434 -0.001950 -8.934616 0.002697 -0.001753 -5.950457 0.000000 -0.000007 0.000000 164.997925 179.997238 139.322418 0.000165 0.002822 -33.281662 0.001171 0.001598 -23.297163 0.000000 -0.000007 0.000000 0.000655 -0.000955 -45.406620 179.999786 -179.998886 134.593353 179.999359 -179.999588 149.759186 0.000000 -0.000007 0.000000 9.999915 0.000146 -43.796165 0.000030 0.000163 -43.796162 0.000094 0.000067 -29.168230 0.000000 -0.000007 0.000000 20.000753 -0.001438 -24.667868 0.000129 -0.002420 -37.001789 179.999100 -179.998672 155.356812
4.081433 89.913788 120.044838 4.883976 22.760338 -2.121614 26.063848 -69.281952 -6.913456 106.807610 122.078850 118.006844 179.659485 -158.966568 179.862762 0.377052 -10.238549 3.091500 174.480209 152.256378 175.522522 4.500045 -32.971569 -2.435024 178.640411 176.652145 179.563171 178.641251 176.723480 179.328064 173.713150 177.788773 178.789490 0.001176 -7.926147 0.307585 0.000791 -9.247372 0.319284 9.895533 -6.756396 -0.968703 2.113723 -1.809278 -1.948892 8.024610 27.347605 76.470688 41.143852 -1.615805 6.243286 15.246005 -7.463960 -20.004087 41.868721 43.340015 14.150713 179.999588 -179.999863 -166.180496 179.999756 -179.999847 -170.796204 0.000000 -0.000000 0.000000 14.999516 0.000143 53.847263 179.999680 -179.999741 -135.943161 179.999969 -179.999725 -149.160233 0.000000 -0.000000 0.000000 179.999695 179.999924 -121.721062 179.999771 -179.999771 -121.721100 0.000046 -0.000210 38.813759 0.000000 -0.000000 0.000000 170.000137 -179.999969 -127.582268 0.000112 0.000093 52.417706 180.000000 179.999893 -145.089783 0.000000 -0.000000 0.000000 159.999496 179.999878 -158.555664 179.999237 -179.999878 -147.833511 179.999619 -179.999664 -158.577133 174.621597 -174.138397 -177.142151 165.834595 -156.349319 119.839371 96.716125 176.837418 -178.728592 177.343781 -172.126160 -163.266266 123.803078 117.077599 153.146683 0.003593 -0.001638 -9.424559 0.002178 -0.001479 -6.276754 0.000000 -0.000000 0.000000 165.003326 -179.996872 139.810501 0.000416 -0.003701 -32.882328 179.998840 -179.997650 156.982361 0.000000 -0.000000 0.000000 0.000519 -0.000531 -45.483616 179.999985 -179.999252 134.516388 179.999634 -179.999649 149.707916 0.000000 -0.000000 0.000000 9.999835 0.000201 -43.790623 0.000008 0.000264 -43.790615 0.000122 0.000117 -29.164566 0.000000 -0.000000 0.000000 20.000675 -0.000914 -24.778843 0.000345 -0.001668 -37.168282 179.999496 -179.998993 155.245926
4.154357 90.715767 123.258842 4.132443 22.508013 -2.739302 22.862856 -68.888847 -3.473448 118.117645 122.745438 128.539673 178.847900 -159.763031 179.861160 179.701828 -173.360703 -176.112991 176.432602 155.808533 176.296844 3.260018 -27.094070 -2.390459 178.598267 176.831253 179.771973 178.599182 176.895813 179.673752 173.478806 177.841644 179.240448 0.001119 -7.698075 0.115893 0.000862 -8.981263 0.120629 10.674940 -6.528280 -1.148309 1.327892 -2.530515 -2.612922 8.565138 28.642395 76.397667 41.298176 -1.322387 6.306056 15.242899 -7.510675 -19.874660 42.931057 43.785950 14.003819 179.999786 179.999756 -166.843155 179.999847 179.999878 -171.237549 0.000000 -0.000000 0.000003 15.000017 0.000000 54.021233 0.000006 0.000013 44.199188 180.000000 179.999985 -149.060562 0.000000 -0.000000 0.000003 0.000047 0.000003 58.377510 0.000023 0.000040 58.377502 179.999985 179.999985 -141.120575 0.000000 -0.000000 0.000003 170.000381 179.999985 -127.576279 0.000211 0.000313 52.423695 179.999924 179.999756 -145.085831 0.000000 -0.000000 0.000003 160.000000 -180.000000 -158.423645 180.000000 -179.999985 -147.635437 0.000001 -0.000002 21.554787 174.536102 -173.719528 -177.477921 165.824493 -156.653519 119.317162 95.804131 176.547318 -178.307434 177.447998 -171.284775 -163.250000 124.090088 117.180122 152.518768 0.002257 -0.001124 -9.901588 0.001358 -0.001000 -6.594454 0.000000 -0.000000 0.000000 164.999603 179.999710 139.281998 179.999908 179.999588 146.685272 0.000100 0.000282 -23.320316 0.000000 -0.000000 0.000000 0.000408 -0.000355 -45.545086 0.000055 -0.000551 -45.545090 179.999771 -179.999725 149.666992 0.000000 -0.000000 0.000000 9.999949 0.000047 -43.762646 0.000003 0.000071 -43.762680 0.000034 0.000037 -29.145941 0.000000 -0.000000 0.000000 20.000399 -0.000454 -24.893648 0.000244 -0.000840 -37.340443 179.999786 -179.999466 155.131241
4.258049 91.519501 126.475647 3.518685 22.135096 -3.252581 19.380276 -67.897163 0.138334 132.128265 125.431862 141.718719 177.641693 -162.386917 179.215652 178.724991 -176.504929 -175.560608 178.933929 158.770187 177.103058 1.613610 -20.230150 -2.445983 178.554840 176.920212 179.985260 178.555771 176.979279 -179.971222 173.241211 177.825272 179.693512 0.001051 -7.507775 -0.088929 0.000956 -8.759192 -0.091662 11.260949 -6.330302 -1.314379 1.200411 -2.845080 -3.460551 8.313101 29.304865 76.185143 41.581230 -1.222656 6.683520 15.231716 -7.189403 -19.799772 43.773380 44.194103 13.979743 0.000080 0.000259 12.659091 0.000010 0.000186 8.430959 0.000000 -0.000000 -0.000000 15.000205 0.000085 54.050346 0.000040 0.000172 44.223000 179.999939 179.999893 -149.043915 0.000000 -0.000000 -0.000000 0.000261 0.000099 58.399906 0.000053 0.000275 58.399929 179.999863 179.999863 -141.105652 0.000000 -0.000000 -0.000000 170.000381 179.999863 -127.662834 0.000121 0.000372 52.337193 179.999847 179.999786 -145.143448 0.000000 -0.000000 -0.000000 160.000397 179.999863 -158.367172 0.000447 0.000394 32.449253 0.000113 0.000383 21.611208 174.382675 -173.293579 -177.771103 166.019089 -157.058334 118.720764 94.784752 176.510910 -178.165726 177.656067 -170.599380 -163.158829 124.138580 117.264557 151.858475 0.001124 -0.000639 -10.268741 0.000659 -0.000555 -6.838984 0.000000 -0.000000 0.000000 165.003082 -179.998184 139.549667 0.000935 -0.002747 -33.095737 179.999496 -179.998032 156.832993 0.000000 -0.000000 0.000000 0.000153 -0.000099 -45.617104 0.000023 -0.000157 -45.617138 179.999939 -179.999908 149.618973 0.000000 -0.000000 0.000000 9.999936 0.000049 -43.755306 180.000000 179.999924 136.244720 0.000027 0.000046 -29.141008 0.000000 -0.000000 0.000000 20.000198 -0.000204 -24.978024 0.000136 -0.000401 -37.467049 179.999924 -179.999725 155.046951
4.414927 92.300728 129.704880 3.059073 21.723206 -3.642575 16.203020 -66.357407 3.296579 141.160553 128.107346 149.552063 176.933411 -162.693527 179.699539 177.336975 -179.613998 -175.776871 2.403280 18.374098 -1.460386 179.576340 -167.200867 177.281830 178.534637 176.918777 -179.863297 178.535202 176.974777 -179.718292 173.124161 177.766937 -179.988617 0.000535 -7.361830 -0.219856 0.000500 -8.588830 -0.227501 11.453580 -6.185382 -1.395218 1.032464 -3.098421 -4.086659 7.610909 29.783997 75.846237 42.114067 -1.074190 7.318646 15.138700 -6.624284 -19.776815 44.354122 44.376667 13.861371 0.000194 0.000240 12.285637 0.000093 0.000178 8.182220 0.000000 0.000000 0.000000 15.000438 0.000328 53.988583 180.000000 179.999557 -135.827530 179.999786 179.999771 -149.079254 0.000000 0.000000 0.000000 0.000488 0.000343 58.322567 179.999985 179.999405 -121.677399 179.999664 179.999817 -141.157150 0.000000 0.000000 0.000000 170.000458 179.999680 -127.795242 0.000028 0.000557 52.204712 179.999725 179.999756 -145.231644 0.000000 0.000000 0.000000 159.999969 -179.999985 -158.568466 179.999969 -179.999939 -147.852676 0.000000 -0.000045 21.410091 173.978394 -172.883926 -177.768143 166.328186 -157.499527 118.135208 93.680519 176.698273 -178.280746 177.979477 -170.130966 -163.049683 124.077164 117.272705 151.333130 0.000533 -0.000387 -10.501362 0.000320 -0.000313 -6.993906 0.000003 -0.000003 0.000003 164.999634 179.999832 138.840179 179.999863 179.999695 146.323792 0.000043 0.000225 -23.573360 0.000003 -0.000003 0.000003 179.999954 179.999969 134.339996 179.999985 179.999939 134.339951 0.000027 0.000025 -30.409573 0.000003 -0.000003 0.000003 9.999868 0.000093 -43.752571 179.999985 179.999832 136.247421 0.000062 0.000094 -29.139223 0.000003 -0.000003 0.000003 20.000044 -0.000055 -25.048920 0.000036 -0.000085 -37.573380 179.999985 -179.999954 154.976120
4.630015 93.036972 132.943649 2.734138 21.344788 -3.907749 14.094506 -64.429451 5.329529 147.742081 130.875549 155.206909 176.466080 -162.052475 -179.620209 176.052734 177.910950 -176.513779 5.742343 16.309727 0.064824 177.449127 -174.687073 176.788773 178.504105 176.901566 -179.696564 178.504593 176.954605 -179.439056 172.955643 177.687515 -179.641312 0.000833 -7.227520 -0.385144 0.000867 -8.432107 -0.398719 11.578793 -6.046355 -1.489872 1.051156 -3.240786 -4.883164 6.865889 30.116501 75.569099 42.793888 -1.025697 7.972371 15.310853 -6.174414 -19.767887 44.724194 44.519547 13.855726 0.000243 0.000280 12.075319 0.000127 0.000224 8.042166 180.000000 180.000000 179.999985 15.000400 0.000331 53.802402 179.999985 179.999588 -135.979843 179.999786 179.999802 -149.185928 180.000000 180.000000 179.999985 0.000356 0.000287 58.116463 179.999954 179.999542 -121.883537 179.999725 179.999863 -141.294449 180.000000 180.000000 179.999985 170.000336 179.999725 -127.988075 179.999985 179.999588 -127.988075 179.999771 179.999832 -145.360077 180.000000 180.000000 179.999985 159.999908 -179.999908 -158.565933 179.999908 -179.999832 -147.848877 0.000011 -0.000127 21.412647 173.612869 -172.487228 -177.929733 166.430283 -158.066895 117.743515 92.565941 177.097290 -178.354752 178.389923 -169.889160 -162.943192 123.966431 117.161392 150.868408 0.000227 -0.000223 -10.662890 0.000113 -0.000174 -7.101486 0.000000 -0.000000 0.000000 164.999557 179.999802 138.906982 179.999832 179.999634 146.378433 0.000037 0.000294 -23.535086 0.000000 -0.000000 0.000000 179.999832 179.999908 134.340210 179.999969 179.999817 134.340210 0.000067 0.000110 -30.409422 0.000000 -0.000000 0.000000 9.999818 0.000150 -43.722740 179.999985 179.999771 136.277252 0.000095 0.000123 -29.119333 0.000000 -0.000000 0.000000 19.999962 0.000044 -25.086472 179.999985 179.999908 142.370300 0.000026 0.000048 -25.061386
4.884835 93.692833 136.205521 2.486867 20.986742 -4.055299 13.559657 -62.299911 5.903342 152.612793 134.603500 159.832611 176.179260 -161.884674 -179.196762 174.957413 175.931152 -177.608398 8.597139 14.988386 1.696095 175.815704 177.956528 175.749939 178.478439 176.860611 -179.553986 178.478928 176.911575 -179.199814 172.812408 177.599228 -179.347107 0.001295 -7.093033 -0.539537 0.001375 -8.275184 -0.558595 11.608511 -5.910691 -1.566178 1.139396 -3.338638 -5.644581 6.175786 30.398973 75.425705 43.595436 -1.000348 8.548834 15.296569 -5.721892 -19.820568 45.074154 44.506439 13.571160 0.000227 0.000203 11.770976 0.000119 0.000165 7.839468 0.000000 -0.000000 0.000000 15.000407 0.000358 53.529675 179.999969 179.999557 -136.203003 179.999771 179.999802 -149.342102 0.000000 -0.000000 0.000000 0.000390 0.000347 57.884773 179.999924 179.999481 -122.115242 179.999695 179.999863 -141.448761 0.000000 -0.000000 0.000000 170.000320 179.999710 -128.208542 179.999969 179.999573 -128.208557 179.999756 179.999847 -145.506882 0.000000 -0.000000 0.000000 159.999924 -179.999924 -158.493301 179.999939 -179.999847 -147.739960 0.000016 -0.000107 21.485176 173.216995 -172.091705 -178.078415 166.569839 -158.663742 117.446152 91.396454 177.645081 -178.641800 178.899323 -169.909668 -162.832153 123.807449 116.909576 150.425949 0.000061 -0.000170 -10.770820 0.000028 -0.000118 -7.173366 0.000000 0.000000 -0.000003 164.999664 179.999847 139.064407 179.999878 179.999725 146.507248 0.000040 0.000207 -23.444929 0.000000 0.000000 -0.000003 179.999878 179.999908 134.413513 179.999985 179.999832 134.413559 0.000068 0.000082 -30.360580 0.000000 0.000000 -0.000003 9.999924 0.000142 -43.605564 0.000042 0.000160 -43.605549 0.000090 0.000048 -29.041309 0.000000 0.000000 -0.000003 20.000019 0.000085 -25.060669 0.000066 0.000113 -37.590981 0.000077 0.000035 -25.035603
5.148251 94.231468 139.485977 2.248103 20.569891 -4.095809 14.635289 -60.104191 5.152786 155.171600 138.015778 162.823349 175.773651 -161.299561 -178.639832 174.160812 174.317902 -178.873413 10.777336 13.952293 3.144593 175.074280 171.208725 174.711838 178.470078 176.778183 -179.443848 178.470596 176.828583 -179.014618 172.752182 177.495956 -179.122604 0.001677 -6.950042 -0.681067 0.001804 -8.108348 -0.705146 11.514167 -5.772868 -1.619699 1.207119 -3.475949 -6.292151 5.626024 30.725250 75.422035 44.473095 -0.970659 8.994138 15.333746 -5.430573 -19.898834 45.279930 44.481800 13.181604 0.000124 0.000145 11.484293 0.000062 0.000114 7.648538 0.000000 -0.000000 0.000000 15.000308 0.000289 53.175953 179.999969 179.999664 -136.492416 179.999817 179.999847 -149.544693 0.000000 -0.000000 0.000000 0.000333 0.000329 57.549931 179.999908 179.999542 -122.450073 179.999725 179.999893 -141.671722 0.000000 -0.000000 0.000000 170.000259 179.999725 -128.499771 179.999954 179.999634 -128.499771 179.999786 179.999863 -145.700851 0.000000 -0.000000 0.000000 159.999954 -179.999954 -158.415726 179.999985 -179.999908 -147.623596 0.000016 -0.000064 21.562679 172.784241 -171.678268 -178.169327 166.686279 -159.312958 117.235031 90.459480 178.159546 -178.744995 179.303406 -170.062393 -163.018860 123.455002 116.484558 149.769119 179.999985 -179.999863 169.134735 179.999985 -179.999908 172.763733 0.000007 -0.000000 0.000000 164.999893 179.999908 139.317596 179.999985 179.999878 146.714401 0.000034 0.000080 -23.299919 0.000007 -0.000000 0.000000 0.000003 0.000064 -45.433422 0.000052 0.000044 -45.433437 0.000045 0.000005 -30.258680 0.000007 -0.000000 0.000000 10.000074 0.000097 -43.394718 0.000130 0.000015 -43.394718 0.000069 -0.000042 -28.900883 0.000007 -0.000000 0.000000 20.000116 0.000062 -24.940340 0.000185 0.000030 -37.410534 0.000110 -0.000056 -24.915407
5.448001 94.770180 142.802673 2.017287 20.121052 -4.074195 17.302837 -57.720718 3.168839 155.994705 141.621796 165.046951 175.476151 -160.439423 -177.978241 172.923416 172.700958 179.535172 13.160745 13.363437 4.847093 174.566284 164.736832 173.510040 178.449387 176.681885 -179.318970 178.449738 176.731445 -178.803406 172.635071 177.375076 -178.869904 0.001032 -6.771704 -0.875049 0.001129 -7.900293 -0.906177 11.493241 -5.595251 -1.707951 1.382812 -3.710782 -7.066039 5.077607 31.239998 75.395424 45.433125 -0.908351 9.467371 15.595899 -5.413693 -19.984838 44.171677 44.457253 13.264179 179.998550 179.968185 -167.933807 179.994934 179.979416 -171.963898 0.000000 0.000000 0.000000 15.002641 0.003805 52.690712 179.998856 179.996384 -136.889450 179.997696 179.998688 -149.822586 0.000000 0.000000 0.000000 0.003647 0.005946 57.082676 179.997040 179.993683 -122.917290 179.995407 179.999329 -141.982956 0.000000 0.000000 0.000000 170.001999 179.996277 -128.945099 179.998383 179.996109 -128.945084 179.997314 179.999207 -145.997421 0.000000 0.000000 0.000000 159.999496 -179.998810 -158.368347 179.999939 -179.998047 -147.552505 0.000665 -0.001118 21.610046 172.397171 -171.227982 -178.506195 166.843048 -159.870926 117.081123 89.700783 178.732697 -178.724213 179.655060 -170.305618 -163.503220 122.767349 115.946136 148.773376 179.996902 -179.995438 169.069321 179.997375 -179.997406 172.720184 0.000000 -0.000000 0.000000 165.002136 179.999222 139.623535 0.001764 -0.000663 -33.035263 0.000783 -0.001042 -23.124653 0.000000 -0.000000 0.000000 0.004274 0.000950 -45.276649 0.003700 -0.002342 -45.276615 0.000624 -0.002856 -30.154192 0.000000 -0.000000 0.000000 10.006636 0.001196 -43.559780 0.005657 -0.003657 -43.559803 0.001077 -0.004339 -29.010853 0.000000 -0.000000 0.000000 20.005131 0.000808 -24.757587 0.007548 -0.002105 -37.136395 0.003191 -0.004129 -24.732840
5.626811 95.005028 146.106628 1.648877 19.406023 -3.949175 20.590399 -55.570042 1.061938 154.272003 145.248749 165.987518 175.653351 -160.843292 -178.031372 173.628387 172.167358 179.199966 12.914781 15.273663 5.511336 174.911407 160.760757 172.668793 178.475739 176.438492 -179.273331 178.476166 176.492081 -178.724594 172.737015 177.190247 -178.789948 0.000653 -6.680488 -0.973744 0.000719 -7.793868 -1.008432 11.444101 -5.505155 -1.748480 1.359931 -4.153012 -7.280440 5.120547 31.676888 75.643692 46.276981 -0.975120 9.468567 15.404769 -5.103131 -20.116932 47.066330 44.486603 12.133814 0.000012 0.002312 10.099325 179.999756 179.998474 -173.273834 0.000000 -0.000000 0.000000 15.001539 0.002453 52.280853 179.999191 179.997772 -137.224777 179.998535 179.999252 -150.057343 0.000000 -0.000000 0.000000 0.003034 0.005611 56.546162 179.997025 179.994370 -123.453911 179.995789 179.999573 -142.340302 0.000000 -0.000000 0.000000 170.001160 179.997513 -129.341919 179.998810 179.997543 -129.341995 179.998245 179.999573 -146.261734 0.000000 -0.000000 0.000000 159.999802 -179.999451 -158.227936 0.000026 -0.000901 32.658077 0.000337 -0.000493 21.750294 172.212021 -170.533920 -178.297974 166.816299 -160.649445 116.782532 88.876381 178.968536 -179.076767 0.223110 -9.179843 16.372696 121.921883 115.316490 147.440201 179.995407 -179.994888 168.911926 179.996338 -179.997253 172.615356 0.000000 -0.000000 0.000000 165.002625 179.999649 139.924057 0.001825 -0.001147 -32.789379 0.000643 -0.001382 -22.952581 0.000000 -0.000000 0.000000 0.005130 0.000519 -44.957806 0.004003 -0.003252 -44.957821 0.000375 -0.003413 -29.941927 0.000000 -0.000000 0.000000 10.006966 0.000612 -43.139854 0.005522 -0.004299 -43.139828 0.000750 -0.004599 -28.731127 0.000000 -0.000000 0.000000 20.005836 0.000457 -24.503698 0.008294 -0.002977 -36.755562 0.003254 -0.004861 -24.479204
5.736456 95.092796 149.367599 1.239264 18.588903 -3.793055 22.606794 -53.658707 0.067265 151.953094 146.906815 165.837784 175.865662 -159.784027 -177.700378 175.789291 172.479416 179.630524 11.156417 18.280334 5.663280 175.134659 157.547653 172.214905 178.522446 176.148605 -179.255890 178.522888 176.207840 -178.692688 172.937775 176.987183 -178.767471 0.000240 -6.646478 -1.021795 0.000245 -7.754188 -1.058208 11.319227 -5.472806 -1.759661 1.239748 -4.570870 -7.318524 5.403514 31.931612 76.109474 47.044209 -1.064646 9.244370 15.538704 -4.856717 -20.170223 48.083664 45.201817 12.453531 179.998688 -179.997192 -170.407837 179.999466 -179.998016 -173.611649 0.000000 0.000000 0.000000 14.996211 -0.007261 51.587963 0.002771 -0.006097 42.208347 0.004314 -0.001837 29.545815 0.000000 0.000000 0.000000 0.001338 0.003055 56.055775 179.998230 179.997177 -123.944221 179.997787 179.999924 -142.666840 0.000000 0.000000 0.000000 170.000015 179.999985 -129.632401 179.999985 179.999985 -129.632416 179.999985 179.999985 -146.455200 0.000000 0.000000 0.000000 159.999893 -179.999588 -158.184906 0.000073 -0.000643 32.722569 0.000273 -0.000330 21.793287 172.105362 -169.917572 -177.997314 166.627579 -161.461807 116.528931 88.332039 178.961990 -179.104111 0.751919 -8.273396 15.862474 121.212524 114.692986 146.349121 179.993057 -179.993530 168.799744 179.994629 -179.996704 172.540619 0.000000 -0.000000 0.000000 164.999695 -179.999985 140.306305 179.999802 179.999847 147.523346 179.999939 179.999847 157.266357 0.000000 -0.000000 0.000000 0.001957 0.000123 -44.551006 0.001483 -0.001293 -44.551003 0.000102 -0.001312 -29.670954 0.000000 -0.000000 0.000000 10.003156 0.000172 -42.684261 0.002446 -0.002018 -42.684250 0.000289 -0.002086 -28.427704 0.000000 -0.000000 0.000000 19.995649 -0.000190 -23.828592 179.993927 179.997604 144.257111 179.997681 179.996353 156.195236
5.770435 95.024925 152.607147 0.866952 17.740540 -3.619417 22.834438 -52.214375 0.460056 149.977859 148.270737 165.498260 176.657181 -159.543671 -178.022339 177.944168 172.106506 -179.843903 9.280671 21.988874 5.778459 175.264999 156.449356 171.801895 178.555222 175.833130 -179.248932 178.555664 175.898529 -178.677109 173.074554 176.767319 -178.772079 0.000107 -6.685769 -1.010047 0.000105 -7.800044 -1.046067 11.344985 -5.506946 -1.761727 1.156431 -4.960781 -7.189274 5.938746 31.951468 76.743919 47.712639 -1.195294 8.776006 15.623624 -4.472360 -20.177376 48.209358 45.655403 12.961761 179.995407 -179.995789 -170.321426 179.997498 -179.996704 -173.554062 0.000000 -0.000000 0.000000 14.998889 -0.002269 52.299866 0.000910 -0.001857 42.790768 0.001354 -0.000518 29.953535 0.000000 -0.000000 0.000000 0.000228 0.000564 55.733631 179.999664 179.999496 -124.266457 179.999588 179.999985 -142.881393 0.000000 -0.000000 0.000000 169.999451 -179.998291 -129.729691 0.000963 -0.001517 50.270298 0.001187 -0.000150 33.480026 0.000000 -0.000000 0.000000 159.999969 -179.999924 -158.141296 0.000017 -0.000121 32.787987 0.000053 -0.000062 21.836828 172.202896 -169.444519 -177.692719 166.332886 -162.251587 116.272110 87.687958 178.669724 -179.289795 1.040926 -8.046242 16.035067 119.377907 114.050949 143.679092 179.992615 -179.993637 168.484756 179.994308 -179.996857 172.330856 0.000003 -0.000000 0.000003 165.000320 -179.999985 140.244720 0.000184 -0.000181 -32.527031 0.000041 -0.000163 -22.768927 0.000003 -0.000000 0.000003 0.003018 -0.000191 -44.454285 0.002034 -0.002253 -44.454250 179.999924 -179.997986 150.393463 0.000003 -0.000000 0.000003 10.005170 -0.000294 -42.561268 0.003610 -0.003699 -42.561230 0.000119 -0.003443 -28.345791 0.000003 -0.000000 0.000003 20.007803 -0.000447 -24.546288 0.010386 -0.005401 -36.819435 0.003438 -0.006997 -24.521727
5.753870 94.829170 155.776886 0.580173 16.982584 -3.451333 21.369047 -51.271042 2.095418 149.600769 148.212845 164.891571 176.516663 -158.737808 -178.098816 0.702424 6.869358 1.096362 6.573426 26.696974 5.328322 175.454971 155.931717 171.867279 178.566895 175.547821 -179.237701 178.567368 175.618515 -178.653870 173.112900 176.563171 -178.770096 0.000167 -6.780477 -0.944720 0.000204 -7.910520 -0.978457 11.526495 -5.591494 -1.756323 1.156508 -5.208767 -6.982378 6.688759 31.634485 77.582161 48.267563 -1.387316 8.051673 15.620506 -3.970214 -20.121891 47.859322 45.666481 13.685844 179.994766 -179.996811 -169.787079 179.996979 -179.997269 -173.198181 0.000000 -0.000000 0.000000 14.999743 -0.000472 52.542950 0.000183 -0.000395 42.989655 0.000282 -0.000124 30.092775 0.000000 -0.000000 0.000000 179.999832 -179.999619 -124.355286 0.000217 -0.000358 55.644749 0.000277 -0.000016 37.059372 0.000000 -0.000000 0.000000 169.999237 -179.997971 -129.641312 0.001082 -0.001875 50.358715 0.001422 -0.000239 33.538895 0.000000 -0.000000 0.000000 160.000015 179.999985 -158.131836 180.000000 179.999985 -147.197754 180.000000 179.999985 -158.153702 172.469315 -169.189285 -177.470520 165.684357 -163.335571 116.384727 86.310760 178.201950 -179.556976 2.067112 -7.453840 16.475693 118.607300 113.502800 141.868576 179.995377 -179.995636 168.030716 179.996384 -179.997803 172.028458 0.000003 -0.000003 -0.000000 164.999100 179.999802 140.333832 179.999542 179.999405 147.545837 179.999969 179.999466 157.282089 0.000003 -0.000003 -0.000000 179.994644 179.999008 136.090515 179.996857 179.995560 136.090500 0.000552 0.003574 -29.243725 0.000003 -0.000003 -0.000000 10.003278 -0.000552 -42.265816 0.002042 -0.002579 -42.265770 179.999847 -179.997818 151.850983 0.000003 -0.000003 -0.000000 20.005489 -0.000896 -24.146511 0.007000 -0.004552 -36.219776 0.001991 -0.005169 -24.122364
5.725807 94.543030 158.912735 0.386803 16.305387 -3.289120 19.311003 -50.442707 4.051446 148.946823 147.373032 163.874741 176.915070 -159.907944 -178.475021 2.887834 5.374951 1.832228 4.448184 32.011009 4.817586 175.514740 155.910828 172.364105 178.572052 175.294098 -179.221970 178.572571 175.369354 -178.623474 173.119904 176.378510 -178.757599 0.000108 -6.912356 -0.834866 0.000185 -8.064386 -0.864761 11.744407 -5.713240 -1.734283 1.169004 -5.258745 -6.749636 7.719357 30.907982 78.474815 48.677868 -1.871016 7.140500 15.509696 -3.418931 -19.981291 47.479252 45.296600 14.048079 179.994736 -179.998276 -169.328369 179.996780 -179.998215 -172.892700 0.000000 -0.000000 0.000000 15.002127 0.002866 52.777515 179.999207 179.997192 -136.818405 179.998260 179.998947 -149.772873 0.000000 -0.000000 0.000000 179.998291 -179.997284 -124.471031 0.001264 -0.002956 55.528946 0.002101 -0.000414 36.982277 0.000000 -0.000000 0.000000 169.999435 -179.998962 -129.444351 0.000437 -0.001087 50.555592 0.000745 -0.000234 33.670048 0.000000 -0.000000 0.000000 159.999908 -179.999802 -158.144287 179.999985 -179.999680 -147.216461 0.000112 -0.000190 21.833834 172.750595 -169.162674 -177.344421 165.463699 -164.382797 116.298317 85.872375 177.169601 -179.755051 2.001259 -7.295966 16.600433 118.598274 113.184692 140.518707 179.999313 -179.998886 167.386261 179.999390 -179.999374 171.599258 0.000000 -0.000000 0.000000 164.999756 179.999863 140.234406 179.999893 179.999771 147.464508 0.000026 0.000166 -22.774828 0.000000 -0.000000 0.000000 0.000730 -0.000295 -44.549774 0.000315 -0.000720 -44.549770 179.999817 -179.999496 150.329849 0.000000 -0.000000 0.000000 10.001086 -0.000400 -41.997322 0.000539 -0.001008 -41.997284 179.999832 -179.999237 152.029800 0.000000 -0.000000 0.000000 20.002535 -0.000884 -23.749525 0.002946 -0.002716 -35.624310 0.000546 -0.002600 -23.725775
5.721138 94.179253 162.003235 0.279350 15.703143 -3.128008 17.682657 -49.513172 5.544969 149.204620 147.383591 163.438904 177.430145 -163.444046 -179.658188 3.948233 3.589499 2.152813 3.565914 37.762386 4.473955 175.556061 157.039307 173.091385 178.568939 175.054504 -179.192383 178.569504 175.133698 -178.569778 173.084595 176.197449 -178.716660 179.999832 -172.917374 179.300293 179.999893 -171.736893 179.275162 12.017096 -5.869236 -1.709321 1.194826 -5.215878 -6.511067 8.867150 29.843477 79.336029 48.994736 -2.524162 6.088596 15.079798 -2.771660 -19.798973 46.838776 44.273640 13.587444 179.994507 -179.999329 -168.995102 179.996506 -179.998856 -172.670731 0.000000 0.000000 -0.000003 15.010938 0.008780 52.860889 179.999786 179.988525 -136.750168 179.994431 179.994232 -149.725128 0.000000 0.000000 -0.000003 0.005444 0.004783 56.187458 179.999100 179.992813 -123.812584 179.995697 179.997818 -142.579163 0.000000 0.000000 -0.000003 170.001434 179.998611 -129.218475 179.999832 179.998032 -129.218536 179.998917 179.999252 -146.179504 0.000000 0.000000 -0.000003 160.000549 179.999390 -158.080795 0.000408 0.001157 32.878799 179.999817 179.999207 -158.102692 172.944733 -169.475082 -177.679077 165.502304 -165.494995 116.589523 85.419296 176.288849 179.856781 1.616004 -7.173051 16.906252 118.860291 113.083069 140.251205 0.000006 -0.000025 -12.876644 0.000012 -0.000017 -8.575839 0.000000 0.000007 0.000000 165.000031 -179.999985 140.178131 180.000000 -179.999969 147.418457 179.999985 -179.999985 157.192917 0.000000 0.000007 0.000000 0.000134 -0.000130 -44.450626 180.000000 -179.999832 135.549377 179.999924 -179.999908 150.395874 0.000000 0.000007 0.000000 10.000202 -0.000180 -41.865242 0.000045 -0.000293 -41.865246 179.999893 -179.999863 152.117752 0.000000 0.000007 0.000000 20.000767 -0.000589 -23.480879 0.000703 -0.001267 -35.221321 179.999908 -179.999039 156.542603
5.749351 93.740685 165.086304 0.182819 15.223158 -2.988220 17.115568 -48.455025 6.240927 149.347626 145.416122 162.974716 176.428894 -162.785355 179.708267 3.640321 1.827970 2.095278 4.208258 43.615173 4.335249 175.755554 158.990906 174.036423 178.578171 174.842606 -179.145844 178.578735 174.925095 -178.489044 173.104431 176.033142 -178.631989 179.999481 -172.714569 179.441696 179.999466 -171.500259 179.421616 12.286416 -6.052505 -1.685899 1.155070 -5.157709 -6.240707 10.029915 28.542004 79.958267 49.265633 -3.403563 5.018113 15.066801 -2.915235 -19.284443 45.702160 43.560863 12.948557 179.997955 -179.999893 -168.596710 179.998672 -179.999649 -172.405411 0.000000 0.000000 -0.000003 15.018311 0.012122 52.332058 0.001546 0.017893 42.817089 179.992401 179.989990 -150.028000 0.000000 0.000000 -0.000003 0.009417 0.006682 55.903526 179.999847 179.988464 -124.096420 179.993607 179.995728 -142.768234 0.000000 0.000000 -0.000003 170.003601 179.997223 -129.251617 0.000129 0.004542 50.748383 179.997726 179.998016 -146.201599 0.000000 0.000000 -0.000003 160.000931 179.999191 -158.120132 0.000826 0.001642 32.819847 179.999878 179.998795 -158.142014 173.033752 -169.907516 -178.174622 165.823700 -166.771072 116.871315 85.009689 175.757797 179.248184 0.734936 -7.231701 17.473454 117.498489 112.221184 139.856079 0.023324 -0.004737 -12.280655 0.014444 -0.006542 -8.178914 0.000000 0.000003 0.000000 165.000137 -179.999191 140.124924 179.999664 -179.999420 147.374924 179.999588 -179.999771 157.162460 0.000000 0.000003 0.000000 179.999985 179.999939 135.591064 0.000018 0.000074 -44.408928 0.000044 0.000019 -29.576355 0.000000 0.000003 0.000000 10.000082 -0.000122 -41.823254 179.999985 -179.999847 138.176743 179.999924 -179.999939 152.145721 0.000000 0.000003 0.000000 20.000069 -0.000114 -23.321529 0.000050 -0.000203 -34.982330 179.999954 -179.999863 156.701813
5.797889 93.232254 168.126801 179.970139 165.172440 177.102814 17.585102 -47.527802 6.388988 149.006439 144.396194 162.441956 175.979584 -164.315155 178.953979 3.204662 -1.045888 2.107736 5.265081 50.520390 4.431060 175.932953 161.324326 175.019241 178.612595 174.660110 -179.098526 178.613235 174.745682 -178.409103 173.244217 175.893692 -178.535110 0.000362 -7.482377 -0.426257 0.000610 -8.729463 -0.441542 12.500925 -6.231530 -1.663058 1.100058 -5.044198 -5.927539 11.154412 27.030283 80.238823 49.517879 -4.612633 4.053229 15.001328 -3.360047 -18.702223 44.532970 43.005093 11.991006 0.000483 0.000026 11.607358 0.000295 0.000067 7.730498 0.000000 0.000000 -0.000003 15.025314 0.016100 51.345673 0.003109 0.024350 42.010101 179.990417 179.985748 -150.592926 0.000000 0.000000 -0.000003 0.014056 0.009429 55.391819 0.000425 0.016921 55.391800 179.990967 179.993286 -143.109070 0.000000 0.000000 -0.000003 170.009521 179.993118 -129.298828 0.000801 0.011712 50.701183 179.994354 179.994614 -146.233032 0.000000 0.000000 -0.000003 160.001846 179.998489 -158.161774 0.001744 0.003133 32.757320 179.999847 179.997620 -158.183609 172.998642 -170.427673 -178.706238 166.583435 -168.223724 117.001564 84.726624 175.783203 178.289032 179.681625 -173.530701 -162.235489 122.501617 114.657814 143.006973 0.012871 -0.000222 -13.553770 0.008286 -0.002206 -9.026810 0.000003 -0.000007 -0.000000 165.002319 179.996033 140.523178 0.003528 0.001285 -32.299206 0.002563 -0.000557 -22.609453 0.000003 -0.000007 -0.000000 0.001034 0.002651 -44.269470 0.002595 0.001163 -44.269470 0.001774 -0.000656 -29.483488 0.000003 -0.000007 -0.000000 10.000454 0.001786 -41.693180 0.001516 0.001034 -41.693211 0.001216 -0.000153 -27.767670 0.000003 -0.000007 -0.000000 20.000345 0.003573 -23.092009 0.002637 0.004679 -34.638042 0.003225 0.001550 -23.068949
5.859124 92.709770 171.183151 179.519302 165.584854 177.120468 17.182566 -46.176895 7.034560 149.765457 141.821365 162.430283 175.121262 -163.862259 178.254654 2.073163 -3.635047 2.012876 7.762986 57.329254 5.219437 176.140076 163.941498 175.902008 178.735199 174.407608 -179.015488 178.735870 174.498825 -178.275787 173.780502 175.721756 -178.329239 179.997757 -172.157028 179.730133 179.997223 -170.849640 179.720169 12.554992 -6.554935 -1.637161 0.749723 -5.002013 -5.684030 12.127718 25.267687 80.029778 49.483463 -6.037859 3.280972 15.224076 -4.069898 -18.124868 43.474060 42.766029 10.906030 0.001122 0.000135 11.607782 0.000732 0.000242 7.730794 0.000000 -0.000000 0.000000 15.005646 0.004098 48.940025 0.000528 0.005691 40.041843 179.997742 179.996719 -151.970718 0.000000 -0.000000 0.000000 0.019024 0.014153 54.578690 179.999908 179.976288 -125.421326 179.987228 179.990723 -143.650604 0.000000 -0.000000 0.000000 170.005081 179.995926 -130.207047 0.000191 0.006514 49.792976 179.996780 179.997101 -146.837906 0.000000 -0.000000 0.000000 160.005493 179.995117 -158.160446 0.004974 0.009822 32.759338 179.999313 179.992691 -158.182281 172.611603 -170.889145 -179.358673 167.611237 -169.732529 116.916924 84.926628 176.471512 176.955704 177.428009 -174.495331 -161.527756 124.844711 115.940224 144.059143 0.008969 0.001891 -14.391021 0.006093 -0.000282 -9.584416 0.000003 0.000000 -0.000003 165.009979 179.986099 140.226974 0.013570 0.003420 -32.541565 0.009276 -0.003145 -22.779087 0.000003 0.000000 -0.000003 0.003406 0.005595 -44.563816 0.006363 0.001570 -44.563797 0.003746 -0.002226 -29.679512 0.000003 0.000000 -0.000003 10.001536 0.002995 -41.911980 0.003141 0.001192 -41.911972 0.002084 -0.000819 -27.913364 0.000003 0.000000 -0.000003 20.004005 0.009789 -23.430655 0.011413 0.010994 -35.145969 0.010443 0.001525 -23.407238
6.043492 92.090775 174.121201 179.082413 165.879440 177.112823 16.824434 -45.076706 7.585404 150.561340 139.719681 162.568344 174.451920 -161.890701 177.503693 1.026893 -5.785586 2.017964 10.374624 62.793930 6.322801 176.359848 165.818573 176.641754 178.877731 174.175766 -178.928970 178.878326 174.272461 -178.138443 174.410660 175.570435 -178.102737 179.996201 -171.759232 179.882568 179.995056 -170.385345 179.878036 12.487797 -6.911516 -1.603910 0.389949 -4.785387 -5.348520 12.747904 23.117752 79.357635 50.318760 -7.871134 2.867417 14.876186 -4.536921 -17.764370 42.348911 42.600910 8.932502 179.998734 -179.999069 -168.839966 179.999313 -179.999222 -172.567413 0.000000 -0.000000 0.000000 15.002857 0.002110 48.422791 0.000269 0.002889 39.618626 179.998856 179.998322 -152.266953 0.000000 -0.000000 0.000000 0.003095 0.002358 52.478470 0.000027 0.003893 52.478432 179.997971 179.998413 -145.049347 0.000000 -0.000000 0.000000 170.002686 179.997818 -130.719894 0.000112 0.003454 49.280060 179.998306 179.998428 -147.179474 0.000000 -0.000000 0.000000 160.003021 179.997299 -158.769531 0.002776 0.005387 31.845699 179.999710 179.995972 -158.790771 172.010956 -171.461777 -179.901443 168.875366 -171.174286 116.585808 85.822113 178.479935 175.592728 176.365616 -174.367599 -161.911011 128.541946 117.418053 148.827103 0.043566 0.014570 -14.091094 0.030544 0.001847 -9.384672 0.000000 -0.000000 0.000000 165.006393 179.991531 139.330215 0.008486 0.001819 -33.275257 0.005656 -0.002237 -23.292688 0.000000 -0.000000 0.000000 179.992157 -179.987823 134.632874 179.985886 -179.996872 134.632858 179.991882 179.994812 149.785492 0.000000 -0.000000 0.000000 9.994973 -0.009051 -42.413506 179.990204 -179.996643 137.586517 179.993668 179.997284 151.752609 0.000000 -0.000000 0.000000 19.998594 -0.003112 -24.318911 179.996185 -179.996597 143.521652 179.996597 -179.999695 155.705399
6.326882 91.640442 176.847687 178.865082 165.942490 177.306305 17.039671 -44.762280 7.610125 150.575211 137.179810 162.088715 173.270493 -159.031265 177.641159 0.347110 -7.046859 1.828363 12.556654 65.854919 7.594350 176.419434 166.501190 177.268707 178.988968 173.979034 -178.872894 178.989029 174.079330 -178.048340 174.896530 175.437119 -177.951599 179.995575 -171.305679 -179.949280 179.994156 -169.856064 -179.947784 12.447700 -7.318335 -1.574016 0.101998 -4.514503 -4.904491 13.062245 20.491310 78.346283 51.281982 -9.536905 2.667194 13.518859 -5.073615 -17.678179 41.841522 44.492722 12.129687 0.006067 0.008207 12.552868 0.002829 0.006190 8.360214 0.000000 -0.000000 0.000000 15.033069 0.051769 49.993507 179.987518 179.951279 -139.096252 179.971863 179.978760 -151.367355 0.000000 -0.000000 0.000000 0.022757 0.038396 53.469902 179.984482 179.958130 -126.530144 179.971741 179.990677 -144.389069 0.000000 -0.000000 0.000000 170.018265 179.966415 -129.879425 179.987274 179.963943 -129.879456 179.976425 179.990356 -146.619705 0.000000 -0.000000 0.000000 160.002289 179.995041 -159.142868 0.000618 0.008166 31.285727 179.997559 179.995132 -159.163712 171.371490 -171.999359 179.675858 170.227371 -172.576447 116.137009 85.450668 179.824799 174.368439 176.357910 -173.629349 -162.498016 135.528641 119.754486 149.805908 0.002946 0.001067 -17.428209 0.002085 0.000124 -11.607187 0.000003 -0.000000 0.000000 164.991394 -179.988480 138.107254 179.988480 -179.997589 145.724106 179.992355 179.996933 156.006882 0.000003 -0.000000 0.000000 179.994324 -179.991425 135.569473 179.989960 -179.997772 135.569458 179.994171 179.996414 150.409256 0.000003 -0.000000 0.000000 9.997641 -0.004045 -41.641674 179.995560 -179.998535 138.358337 179.997131 179.998764 152.266632 0.000003 -0.000000 0.000000 19.996756 -0.006758 -24.226748 179.991470 -179.992676 143.659882 179.992554 -179.999390 155.797470
6.457651 90.586678 179.635498 177.899033 166.578064 176.536713 13.088843 -42.833488 10.874451 154.371017 135.209412 163.223022 172.960297 -157.988983 177.153793 179.611893 -170.532837 -177.225891 15.304732 71.872169 9.048095 177.017792 168.603104 178.031311 179.244324 173.502533 -178.701797 179.245209 173.616806 -177.781677 176.033096 175.157669 -177.493576 179.996017 -170.836151 -179.787491 179.994675 -169.308334 -179.780106 12.444107 -7.737136 -1.554625 179.882843 -175.857147 175.603851 13.248475 17.114244 77.121140 52.141457 -10.801006 2.637036 12.747259 -4.927258 -17.895596 42.588432 43.921577 8.725886 179.998077 -179.998947 -169.364090 179.998886 -179.999069 -172.916489 0.000000 -0.000000 0.000000 15.000788 0.001698 42.025246 179.999557 179.998550 -145.615723 179.999176 179.999329 -155.931015 0.000000 -0.000000 0.000000 0.000712 0.001673 47.605820 179.999252 179.998337 -132.394180 179.998856 179.999619 -148.294510 0.000000 -0.000000 0.000000 170.000687 179.998230 -134.983856 179.999237 179.998260 -134.983871 179.998825 179.999542 -150.019241 0.000000 -0.000000 0.000000 160.000870 179.997421 -159.785629 179.999908 179.995926 -149.678467 179.998581 179.997681 -159.805832 170.711349 -172.617355 179.251205 171.731308 -173.946793 115.676506 87.523552 -177.690186 172.987305 172.772476 -175.664948 -163.320480 131.851807 117.114983 148.185806 179.959427 -179.973297 163.947495 179.969482 -179.989120 169.309036 0.000000 -0.000000 0.000000 165.030502 179.949112 140.246857 0.046123 0.015145 -32.525291 0.032798 -0.008930 -22.767727 0.000000 -0.000000 0.000000 0.008134 0.013364 -43.152283 0.015109 0.004091 -43.152279 0.009186 -0.004934 -28.739418 0.000000 -0.000000 0.000000 9.969042 -0.053370 -41.784702 179.941803 -179.979523 138.215302 179.961716 179.985046 152.171387 0.000000 -0.000000 0.000000 19.979866 -0.036100 -23.803391 179.951218 -179.961716 144.294937 179.958771 -179.997482 156.220413
6.592774 89.564384 182.378250 177.089920 167.160568 175.788849 9.390055 -40.742184 13.620006 158.316971 133.030212 164.556717 172.306488 -155.299026 176.944000 179.171234 -168.860168 -176.304260 17.664135 76.377785 10.542365 177.585815 170.158508 178.558762 179.497910 173.041504 -178.529922 179.499054 173.169006 -177.513443 177.144150 174.901199 -177.028427 179.998016 -170.386002 -179.652481 179.997299 -168.783417 -179.640152 12.420912 -8.136257 -1.545174 179.463760 -176.073624 175.900772 13.440444 14.449593 76.200691 54.217655 -11.278253 2.479005 10.758849 -5.150842 -18.401239 41.221661 44.185440 9.892612 179.999802 -179.996063 -168.221832 0.000432 -0.002585 7.844254 0.000000 -0.000000 0.000000 15.000812 0.004344 41.779842 179.998154 179.996902 -145.816498 179.997711 179.998932 -156.071564 0.000000 -0.000000 0.000000 0.000538 0.004228 47.362583 179.997269 179.996719 -132.637421 179.997177 179.999847 -148.456512 0.000000 -0.000000 0.000000 170.000381 179.995743 -135.247604 179.997284 179.996719 -135.247589 179.997177 179.999710 -150.194901 0.000000 -0.000000 0.000000 160.000229 179.994507 -160.188202 179.997574 179.992142 -150.282318 179.996033 179.996216 -160.208008 170.023209 -173.304398 178.867615 173.314346 -175.700150 115.035713 89.995750 -175.546417 171.772461 173.334518 -172.749939 -163.504700 124.488640 116.240807 152.377716 0.011324 0.001861 -10.087697 0.007650 0.000165 -6.718409 0.000000 -0.000000 0.000000 164.999969 -179.999893 137.155411 179.999924 -179.999985 144.945374 179.999954 179.999985 155.461746 0.000000 -0.000000 0.000000 179.997879 -179.996414 135.992218 179.995987 -179.998917 135.992218 179.997559 179.998672 150.690811 0.000000 -0.000000 0.000000 9.970212 -0.051492 -39.314304 179.944946 -179.977417 140.685699 179.961807 179.989334 153.816650 0.000000 -0.000000 0.000000 19.971741 -0.050383 -22.345095 179.933990 -179.943832 146.482361 179.942917 -179.991043 157.677246
6.702450 88.568817 184.993759 176.573013 167.693909 175.135391 7.073421 -39.163715 15.368036 160.888626 132.229889 165.528732 172.116745 -154.170197 176.709869 177.850708 -166.615997 -175.050964 22.121567 80.669693 13.604753 177.849670 171.670746 179.557053 179.692459 172.657227 -178.384613 179.693527 172.795227 -177.285843 177.976364 174.695633 -176.636078 179.998642 -170.110001 -179.586334 179.998108 -168.461563 -179.571594 12.438195 -8.377097 -1.553255 179.753906 -176.708206 176.562881 12.928034 10.398293 74.676437 55.655285 -11.063536 2.698793 9.780430 -5.002819 -18.654612 37.773502 44.889576 12.094276 179.997696 179.985641 -165.743561 179.996262 179.991074 -170.505203 0.000000 0.000000 -0.000003 15.000781 0.008526 41.275665 179.995941 179.994293 -146.229019 179.995422 179.998215 -156.360336 0.000000 0.000000 -0.000003 0.002620 0.050768 47.882828 179.966507 179.961594 -132.117203 179.966034 179.997498 -148.110046 0.000000 0.000000 -0.000003 169.999756 179.968643 -135.194550 179.978653 179.976990 -135.194580 179.979126 179.998428 -150.159576 0.000000 0.000000 -0.000003 159.999374 179.990875 -160.863449 179.994843 179.987305 -151.295212 179.993011 179.994125 -160.882599 169.536453 -174.032608 178.563828 174.431061 -176.817459 114.656990 94.022514 -173.635956 170.684219 172.922501 -170.087708 -164.179688 95.375076 112.927139 138.942383 0.668520 0.724223 -1.226000 0.531296 0.423218 -0.822726 0.000000 -0.000007 0.000000 164.988800 -179.974579 136.830368 179.979233 -179.990753 144.679413 179.984344 179.997086 155.275574 0.000000 -0.000007 0.000000 179.979950 -179.963760 135.820648 179.960678 -179.986938 135.820648 179.974884 179.988510 150.576553 0.000000 -0.000007 0.000000 9.971627 -0.046887 -35.632141 179.950333 -179.976715 144.367859 179.963867 179.994354 156.268997 0.000000 -0.000007 0.000000 19.968594 -0.048972 -18.786306 179.934128 -179.942596 151.820541 179.943771 -179.984497 161.232483
6.584357 87.153778 187.837036 174.769180 168.411285 173.143768 1.520638 -34.438866 19.549068 168.862656 131.861282 168.617584 171.762985 -151.709122 176.542007 176.106232 -163.134277 -172.046341 59.816399 88.928024 48.942207 179.221283 174.740753 -179.493591 0.128667 7.842989 1.925227 0.128340 7.687314 3.195549 179.850357 174.538727 -175.774170 179.999878 -169.856262 -179.570953 179.999680 -168.165771 -179.555542 12.613656 -8.588780 -1.613583 0.097105 -2.755352 -2.843045 12.502167 5.986894 73.064522 56.193672 -10.178224 3.130032 9.951117 -5.232941 -18.770739 41.405869 45.455257 11.903667 179.961166 179.877380 -167.624680 179.958481 179.925079 -171.758026 180.000000 -179.999985 -179.999985 15.000317 0.021837 39.683090 179.988831 179.986023 -147.532013 179.988174 179.995926 -157.272430 180.000000 -179.999985 -179.999985 179.996124 179.936737 -143.764008 179.959991 179.950836 -143.764053 179.959244 179.988983 -155.866837 180.000000 -179.999985 -179.999985 170.005630 -179.953583 -142.374466 0.033068 -0.033061 37.625515 0.030908 -0.003799 25.058609 180.000000 -179.999985 -179.999985 160.004028 -179.975937 -163.321854 0.016285 -0.032754 25.017189 0.019126 -0.015092 16.661430 168.926453 -174.915237 178.186707 176.141556 -178.944809 113.966026 98.687645 -172.469513 169.527512 171.175461 -167.886307 -163.015884 159.160095 122.829330 152.578140 179.835968 -179.862610 152.622086 179.861588 -179.966110 161.766190 0.000003 -0.000003 -0.000007 164.902649 -179.819885 140.379700 179.845734 -179.934723 147.583359 179.884109 179.982132 157.308319 0.000003 -0.000003 -0.000007 179.941559 -179.913986 140.819901 179.900620 -179.969406 140.819885 179.935638 179.974442 153.906006 0.000003 -0.000003 -0.000007 9.789163 -0.291063 -28.137432 179.681519 -179.833466 151.862503 179.760681 -179.996460 161.260132 0.000003 -0.000003 -0.000007 19.832661 -0.218765 -10.206335 179.702484 -179.713348 164.690735 179.762146 -179.861725 169.803864
6.686355 86.834869 190.454056 173.656036 167.945129 172.744308 0.312250 -32.636456 20.467957 172.126602 133.414505 169.674561 171.742813 -151.668961 176.302994 175.840485 -159.774063 -170.576141 23.681112 92.802246 12.212718 0.111288 2.491136 1.585641 0.382732 7.705026 1.948821 0.381806 7.547083 3.213269 1.043049 5.235145 4.388326 0.000100 -10.164066 0.393151 0.000022 -11.857917 0.407276 12.507380 -8.604484 -1.625479 0.377604 -2.490299 -2.514631 11.627286 3.157987 71.936066 58.641949 -8.518113 3.863197 9.435447 -5.338753 -18.769762 44.368702 46.911713 11.626538 179.988281 179.955399 -169.480469 179.987076 179.972137 -172.994003 180.000000 -179.999985 -179.999985 15.000548 0.060251 39.762169 179.969101 179.961578 -147.467331 179.967377 179.988754 -157.227127 180.000000 -179.999985 -179.999985 179.998642 179.981354 -144.820236 179.988174 179.985519 -144.820267 179.988022 179.996628 -156.570297 180.000000 -179.999985 -179.999985 170.006592 -179.948959 -141.907486 0.036928 -0.035840 38.092514 0.034110 -0.003395 25.369617 180.000000 -179.999985 -179.999985 160.046310 -179.756226 -164.876465 0.177032 -0.327397 22.684938 0.199537 -0.147093 15.108245 169.148041 -175.093384 178.041809 177.215302 176.125259 112.655663 101.325417 -170.800308 168.786545 175.233459 -160.234528 -161.233078 148.577957 120.469017 146.553955 179.920410 -179.956696 154.768356 179.939789 -179.995895 163.195694 0.000003 0.000000 -0.000003 165.016006 179.976501 142.716370 0.022116 0.007284 -30.504765 0.015915 -0.003509 -21.353331 0.000003 0.000000 -0.000003 0.180115 0.197439 -36.015438 0.263629 0.043842 -36.015644 0.156602 -0.084613 -23.986637 0.000003 0.000000 -0.000003 10.048412 0.049160 -24.282389 0.064565 0.024310 -24.282387 0.045837 -0.003288 -16.172081 0.000003 0.000000 -0.000003 20.134989 0.126759 -6.349276 0.227175 0.159853 -9.523784 0.169151 0.074934 -6.342965
6.841184 86.652885 192.968369 172.512772 167.351105 172.529373 179.178040 -149.467651 -158.992538 175.668167 135.336487 170.791611 171.701141 -151.728943 176.139053 175.019363 -155.048569 -168.703812 28.390446 97.379547 16.131836 0.920241 -1.226724 3.143612 0.647778 7.427748 1.898212 0.646088 7.271462 3.108815 2.329557 4.922874 4.382639 179.999985 -169.907669 -179.634598 0.000141 -11.774332 0.378350 12.091510 -8.549738 -1.569784 1.057934 -1.795197 -1.626121 10.151024 -1.180010 70.183205 60.140640 -6.934483 5.455431 11.542759 -4.165272 -18.231548 44.205818 48.050606 11.772320 179.975861 179.922684 -169.565994 179.975403 179.951996 -173.050949 0.000003 -0.000000 0.000000 14.999082 0.034749 39.085350 179.981598 179.978317 -148.021088 179.981064 179.993881 -157.614761 0.000003 -0.000000 0.000000 0.000239 -0.002147 34.851257 0.001419 -0.001619 34.851292 0.001394 -0.000346 23.210947 0.000003 -0.000000 0.000000 170.007019 -179.956848 -141.462296 0.032566 -0.029151 38.537674 0.029070 -0.001501 25.666105 0.000003 -0.000000 0.000000 160.006775 -179.967224 -161.135193 0.025774 -0.043079 28.297199 0.028831 -0.016929 18.845934 168.620712 -175.504990 178.171967 177.814026 174.176880 111.980164 105.719597 -168.965988 167.599503 173.028732 -159.109879 -158.902008 149.296143 123.763382 147.426392 179.813248 -179.902298 154.408249 179.859894 -179.991409 162.955811 0.000000 -0.000000 0.000000 165.230179 179.731308 144.829620 0.283372 0.059198 -28.776041 0.191784 -0.065452 -20.143442 0.000000 -0.000000 0.000000 179.965057 -179.964386 139.289490 179.950317 -179.995499 139.289474 179.972870 179.980820 152.886795 0.000000 -0.000000 0.000000 10.352609 0.315139 -22.279367 0.453752 0.133250 -22.279772 0.311504 -0.046743 -14.838830 0.000000 -0.000000 0.000000 20.395618 0.340608 -5.808751 0.673256 0.399686 -8.712519 0.496730 0.159136 -5.803450
7.135142 86.631302 195.562164 170.760422 166.559723 172.052002 177.541977 -153.318420 -158.697052 1.348457 41.169292 -7.247716 171.626694 -151.862808 175.868164 175.000153 -149.232346 -166.366257 31.970203 102.789696 19.647417 2.536638 -5.338128 3.880953 0.936160 7.132684 1.840793 0.935415 6.976860 2.988299 3.741193 4.577619 4.368091 0.000172 -10.066247 0.412341 179.999893 -168.256088 -179.572647 12.020278 -8.538239 -1.522346 1.347969 -2.041197 -1.477508 9.740474 -4.051887 69.703972 62.800579 -5.466585 6.787752 12.180407 -3.079907 -18.028734 45.655457 49.344444 11.703706 179.982178 179.945328 -170.569000 179.982635 179.965866 -173.718948 0.000000 0.000000 -0.000003 14.998185 0.034157 38.738449 179.981476 179.979019 -148.304932 179.981277 179.994247 -157.813446 0.000000 0.000000 -0.000003 179.999420 179.995453 -145.064606 179.996918 179.996628 -145.064606 179.997040 179.999329 -156.733017 0.000000 0.000000 -0.000003 170.001984 -179.988892 -140.736359 0.008592 -0.007322 39.263615 0.007520 -0.000141 26.149574 0.000000 0.000000 -0.000003 160.002563 -179.988403 -160.613617 0.009432 -0.015114 29.079575 0.010398 -0.005720 19.366989 169.402878 -174.985413 178.021103 178.621994 168.053833 110.995720 102.871880 -170.088043 167.130417 175.780640 -149.365189 -155.404373 141.544525 125.096825 146.110611 179.923843 -179.962006 157.037445 179.943481 -179.995651 164.706909 0.000000 -0.000000 0.000000 165.070984 179.931503 140.483734 0.080575 0.004786 -32.331512 0.049056 -0.028031 -22.632093 0.000000 -0.000000 0.000000 0.088002 0.075239 -38.786324 0.115779 0.000931 -38.786404 0.059593 -0.048942 -25.831764 0.000000 -0.000000 0.000000 10.180088 0.145663 -26.301226 0.227993 0.040880 -26.301371 0.146548 -0.048233 -17.516840 0.000000 -0.000000 0.000000 20.208111 0.166996 -9.965918 0.362135 0.170452 -14.948800 0.264835 0.031058 -9.956201
7.486042 86.653915 198.096359 170.157791 166.375183 172.565323 177.599152 -155.510971 -160.040726 3.652093 39.062687 -6.086547 171.521439 -152.051361 175.679932 173.870499 -143.981857 -164.667587 30.420652 106.067513 17.743763 2.702698 -8.317064 4.610690 1.087906 6.930815 1.647596 1.086846 6.778007 2.655888 4.541879 4.418893 3.998296 0.000402 -9.962145 0.500200 0.000181 -11.622548 0.518322 11.402263 -8.474194 -1.353537 1.243843 -2.177659 -1.235990 9.772682 -6.467566 69.547638 65.859520 -4.207516 7.832113 12.819845 -1.779014 -17.846851 46.932140 50.580025 11.855711 179.986908 179.962906 -171.367432 179.987793 179.976791 -174.250717 0.000000 0.000003 0.000000 14.997576 0.028348 38.322144 179.984131 179.982971 -148.645538 179.984329 179.995544 -158.051895 0.000000 0.000003 0.000000 179.998459 179.990326 -145.061234 179.993210 179.992935 -145.061234 179.993607 179.998734 -156.730774 0.000000 0.000003 0.000000 169.998032 179.990189 -140.412231 179.992218 179.993698 -140.412186 179.993332 -179.999954 -153.634521 0.000000 0.000003 0.000000 159.997711 179.990479 -160.282425 179.991989 179.987701 -150.423630 179.991333 179.995483 -160.302155 170.150131 -174.558426 177.965561 178.551605 162.041504 110.399063 103.286583 -166.608063 166.264542 173.675705 -148.388229 -154.465164 139.995422 126.392517 147.063263 179.941742 -179.963791 157.991898 179.955139 -179.991379 165.342606 0.000000 0.000000 -0.000003 165.030075 179.973358 138.621155 0.032876 -0.000207 -33.855431 0.018933 -0.013077 -23.698805 0.000000 0.000000 -0.000003 0.061749 0.050167 -40.393383 0.079493 -0.003354 -40.393410 0.038288 -0.036635 -26.902020 0.000000 0.000000 -0.000003 10.108321 0.085850 -29.672523 0.137262 0.016409 -29.672579 0.083816 -0.038107 -19.761980 0.000000 0.000000 -0.000003 20.118166 0.095243 -13.884117 0.210557 0.086558 -20.826124 0.151629 -0.002952 -13.870310
7.912212 86.763290 200.635986 169.929703 166.228928 173.111572 177.892685 -157.666428 -161.869461 5.398519 36.797291 -4.727046 171.377151 -152.388504 175.521790 171.709396 -139.124908 -162.599258 28.700441 108.194023 15.450029 2.373442 -11.674926 5.252359 1.204899 6.690938 1.465221 1.203688 6.543391 2.346077 5.171837 4.259853 3.632988 0.000545 -9.815812 0.613107 0.000464 -11.451862 0.635164 10.548161 -8.378891 -1.129535 1.036524 -2.354898 -0.997440 10.296365 -8.467984 69.507225 69.075836 -3.060849 8.538920 13.358445 -0.445961 -17.774851 48.329071 51.759262 12.349033 179.992447 179.980804 -172.044022 179.993301 179.987991 -174.701324 0.000000 0.000000 -0.000007 14.997506 0.019922 37.898552 179.988434 179.988358 -148.992096 179.988876 179.997162 -158.294449 0.000000 0.000000 -0.000007 179.997879 179.989044 -145.161255 179.992020 179.992203 -145.161301 179.992676 179.998779 -156.797409 0.000000 0.000000 -0.000007 169.996902 179.986588 -140.489365 179.989090 179.991608 -140.489349 179.990845 -179.999710 -153.685913 0.000000 0.000000 -0.000007 159.995377 179.982376 -160.308075 179.984650 179.977356 -150.462082 179.983719 179.991852 -160.327744 170.951172 -174.113831 177.861343 178.123718 156.120987 109.975372 103.536797 -162.838135 165.843018 171.997009 -148.168823 -155.221985 138.952515 126.381096 148.987152 179.979340 -179.977829 159.438309 179.982101 -179.990677 166.305908 0.000000 -0.000000 0.000000 165.008301 179.992813 137.591263 0.008965 -0.000273 -34.698044 0.005044 -0.003749 -24.288643 0.000000 -0.000000 0.000000 0.025844 0.020911 -42.120995 0.033172 -0.002205 -42.121014 0.015242 -0.016049 -28.052580 0.000000 -0.000000 0.000000 10.037762 0.030398 -32.792843 0.048279 0.004295 -32.792847 0.028373 -0.015409 -21.840067 0.000000 -0.000000 0.000000 20.036480 0.030298 -17.426003 0.066373 0.025599 -26.139023 0.047104 -0.005144 -17.408592
8.413286 86.974884 203.260681 169.950348 166.014267 173.641357 178.341614 -160.055237 -164.130737 6.838148 34.058689 -3.112586 171.162201 -152.883347 175.418045 168.356018 -134.912613 -159.914490 27.203318 109.082611 12.915762 1.733076 -13.425503 5.331970 1.320507 6.339676 1.286732 1.319013 6.199954 2.044742 5.794268 4.034883 3.258161 179.999588 -170.418976 -179.269745 0.000193 -11.177988 0.755681 9.369333 -8.207649 -0.852655 0.709973 -2.482216 -0.742199 11.205396 -10.075864 69.513557 72.270973 -1.923324 8.779374 13.780077 0.839997 -17.798931 49.788609 52.949501 13.223551 179.999329 179.998352 -172.560867 179.999420 179.998962 -175.045532 0.000000 -0.000000 0.000000 14.997833 0.013283 37.550068 179.992004 179.992462 -149.277222 179.992493 179.998306 -158.494049 0.000000 -0.000000 0.000000 179.998489 179.993301 -145.359818 179.994934 179.995346 -145.359818 179.995468 179.999359 -156.929626 0.000000 -0.000000 0.000000 169.998337 179.993591 -140.753098 179.994644 179.996063 -140.753128 179.995590 -179.999786 -153.861557 0.000000 -0.000000 0.000000 159.994904 179.981979 -160.544022 179.983917 179.977005 -150.816010 179.983215 179.991776 -160.563461 171.366638 -174.064575 177.956833 177.569626 151.261673 109.508873 102.172668 -160.809647 165.822495 171.718887 -146.852585 -156.178696 136.611435 125.001434 149.817505 0.005720 -0.008885 -18.782879 0.001805 -0.006797 -12.509394 0.000002 0.000002 0.000000 165.003494 179.996689 137.257950 0.003929 0.000042 -34.970764 0.002270 -0.001548 -24.479538 0.000002 0.000002 0.000000 0.006283 0.005492 -43.272022 0.008340 -0.000342 -43.271999 0.003874 -0.003990 -28.819166 0.000002 0.000002 0.000000 9.993595 -0.005576 -35.053158 179.991562 -179.999069 144.946838 179.995026 179.997299 156.654587 0.000002 0.000002 0.000000 20.002558 0.002260 -19.331450 0.004761 0.001909 -28.997185 0.003392 -0.000432 -19.312117
8.971441 87.265411 205.951767 170.126740 165.729065 174.154694 178.924149 -162.727020 -166.641632 7.910711 30.846674 -1.429574 170.860016 -153.668808 175.385635 163.608734 -131.006058 -156.169113 25.749773 109.301498 9.916102 0.872581 -14.838721 5.320352 1.345427 6.099101 1.166092 1.344669 5.965608 1.845844 5.962547 3.896914 2.993929 0.000415 -9.406218 0.819727 0.000728 -10.974028 0.848911 8.812444 -8.075214 -0.690408 1.099310 -3.045049 -0.942023 12.614117 -11.462300 69.431740 75.139862 -0.776082 8.357029 14.027559 2.100159 -17.951044 47.030045 53.266895 14.154842 179.899033 179.787872 -170.708633 179.915192 179.868408 -173.811935 0.000003 -0.000000 0.000000 15.001043 -0.006524 37.080982 0.003888 -0.003747 30.338963 0.003683 -0.000864 21.237274 0.000003 -0.000000 0.000000 0.001382 -0.006422 34.363194 0.004762 -0.004529 34.363186 0.004327 -0.000681 22.885891 0.000003 -0.000000 0.000000 170.001358 -179.994431 -141.010910 0.004568 -0.003454 38.989101 0.003816 0.000116 25.966738 0.000003 -0.000000 0.000000 159.998169 179.993042 -160.978226 179.994019 179.990997 -151.467331 179.993652 179.996613 -160.997238 173.097000 -173.263016 177.715469 176.911072 144.645172 108.996132 100.601044 -158.696930 166.152405 170.937515 -147.302490 -158.411896 132.369644 122.665215 148.461853 0.007514 -0.001555 -16.971619 0.004499 -0.002427 -11.303116 0.000000 -0.000002 -0.000003 164.999863 179.998840 137.085373 0.000561 0.000763 -35.111969 0.000626 0.000213 -24.578354 0.000000 -0.000002 -0.000003 0.000106 0.000541 -43.782543 0.000455 0.000315 -43.782505 0.000361 -0.000058 -29.159178 0.000000 -0.000002 -0.000003 9.999482 -0.001279 -34.659687 179.998856 -179.999237 145.340317 179.999084 179.999985 156.916656 0.000000 -0.000002 -0.000003 19.999172 -0.001386 -19.804926 179.998123 -179.998459 150.292633 179.998413 -179.999725 160.214890
9.537565 87.649574 208.664413 170.477158 165.190796 174.738739 179.690918 -165.426849 -169.271393 9.484839 25.654728 1.144208 169.807312 -156.456482 174.564514 159.399017 -128.637115 -153.082108 25.513529 107.258453 8.279941 0.080698 -15.917225 5.191217 1.451778 5.527595 0.975091 1.451224 5.406610 1.527629 6.543890 3.530851 2.569290 179.999619 -170.992065 -179.102722 0.000019 -10.509294 0.928917 7.417458 -7.755178 -0.406470 0.880107 -3.112482 -0.823502 13.693679 -11.685822 69.444633 78.783974 0.611258 7.644722 14.266079 2.900290 -18.200611 59.204571 55.667740 16.569729 0.001978 -0.020371 3.709729 0.002313 -0.013435 2.470682 0.000000 -0.000000 0.000003 15.001363 -0.010036 37.160721 0.005862 -0.005854 30.404207 0.005618 -0.001434 21.282951 0.000000 -0.000000 0.000003 0.001891 -0.010082 34.439003 0.007285 -0.007227 34.439003 0.006734 -0.001199 22.936382 0.000000 -0.000000 0.000003 170.002151 -179.990036 -140.962723 0.007960 -0.006369 39.037266 0.006788 0.000073 25.998812 0.000000 -0.000000 0.000003 159.999496 179.997910 -161.186676 179.998306 179.997269 -151.780029 179.998154 179.998932 -161.205490 173.395874 -173.472427 178.131485 176.656387 139.952072 108.374001 101.904602 -155.472229 165.134949 168.543259 -152.402817 -160.052628 130.691803 121.618156 147.807205 0.009487 0.000606 -16.292376 0.006195 -0.001333 -10.850709 0.000000 -0.000000 0.000000 164.999146 179.998993 136.771149 0.000068 0.001081 -35.369057 0.000470 0.000584 -24.758337 0.000000 -0.000000 0.000000 179.999893 179.999741 136.027481 0.000098 0.000259 -43.972485 0.000169 0.000078 -29.285690 0.000000 -0.000000 0.000000 10.000034 -0.000268 -34.149837 179.999878 -179.999756 145.850159 179.999847 -179.999908 157.256226 0.000000 -0.000000 0.000000 19.999336 -0.003442 -19.845362 179.997375 -179.995438 150.231995 179.997009 -179.998169 160.174500
10.156626 88.022301 211.502914 171.044952 164.394394 175.478088 0.700532 -12.070737 8.139822 6.944743 25.250925 0.388188 170.621078 -155.577332 176.425720 154.966949 -126.512589 -149.941742 25.526424 104.377296 6.856105 179.421127 -163.312836 -175.000000 1.489639 4.924095 0.773357 1.489363 4.816957 1.197715 6.797193 3.171157 2.094912 179.998840 -171.384766 -179.030289 179.999329 -169.948883 -178.996338 6.419649 -7.429219 -0.192680 1.105041 -3.374520 -0.922636 14.535467 -11.514832 69.494827 82.409119 2.180342 6.837589 14.511796 3.271646 -18.542076 57.546429 55.205307 16.427849 0.000166 -0.016864 4.607348 0.001119 -0.011171 3.068505 0.000000 -0.000000 0.000000 15.002991 -0.031464 37.066868 0.017680 -0.018874 30.327427 0.017400 -0.004988 21.229197 0.000000 -0.000000 0.000000 0.001916 -0.013472 34.636936 0.009273 -0.009957 34.636936 0.008863 -0.001899 23.068197 0.000000 -0.000000 0.000000 170.001770 -179.989548 -140.721008 0.007997 -0.006937 39.279007 0.007052 -0.000162 26.159813 0.000000 -0.000000 0.000000 160.000427 -179.997818 -161.307419 0.001640 -0.002891 28.038881 0.001870 -0.001183 18.673893 174.720566 -173.148529 178.844650 175.563019 136.629196 107.546791 101.482536 -155.880219 165.353485 168.537903 -153.236847 -161.404358 127.349205 120.518059 145.920670 0.005415 0.001726 -15.359924 0.003783 0.000177 -10.229700 180.000000 180.000000 -180.000000 164.997452 179.999863 136.452209 179.998566 179.998474 144.370010 179.999817 179.998550 155.059006 180.000000 180.000000 -180.000000 179.999176 179.999954 135.981369 179.999451 179.999374 135.981400 0.000018 0.000554 -29.316399 180.000000 180.000000 -180.000000 9.998594 0.000106 -33.812862 179.998901 179.999130 146.187134 179.999725 179.999100 157.480637 180.000000 180.000000 -180.000000 19.999422 0.000059 -17.867619 179.999207 179.999649 153.198563 179.999634 179.999557 162.150253
10.803603 88.362732 214.473480 171.802567 163.539612 176.397018 2.154216 -9.554385 5.896760 3.388096 24.894411 -0.797041 171.462692 -155.629654 178.101669 150.658707 -124.689217 -147.111328 25.709242 100.822830 5.596008 178.936768 -162.681793 -175.169250 1.558168 4.168804 0.499850 1.556773 4.079382 0.749034 7.199507 2.743602 1.445350 179.995178 -171.901276 -178.934418 179.996399 -170.551437 -178.898788 5.072530 -6.993010 0.067062 1.047645 -3.358520 -0.802619 15.126737 -11.030869 69.484016 85.936325 3.757592 6.029084 14.807753 3.237105 -18.898584 55.969910 54.642277 16.522072 179.998154 -179.986435 -174.407776 179.999741 -179.990891 -176.275589 180.000000 -179.999985 -179.999985 15.000231 -0.010628 38.466991 0.005592 -0.006653 31.473021 0.005778 -0.001908 22.031103 180.000000 -179.999985 -179.999985 0.000884 -0.011813 35.102962 0.007566 -0.009113 35.102974 0.007622 -0.002020 23.378580 180.000000 -179.999985 -179.999985 170.001083 -179.989822 -140.378494 0.007341 -0.007109 39.621506 0.006791 -0.000494 26.387926 180.000000 -179.999985 -179.999985 160.000565 -179.995712 -161.275665 0.002883 -0.005812 28.086489 0.003524 -0.002487 18.705606 175.653839 -173.099167 -179.975082 174.485245 133.732010 106.732239 100.744881 -156.866760 165.517059 168.746155 -154.245117 -162.309616 124.756218 120.455505 144.658585 0.002605 0.001515 -14.633482 0.001936 0.000546 -9.745896 180.000000 180.000000 -180.000000 164.997772 -179.999588 135.912247 179.998459 179.998962 143.928223 179.999573 179.998779 154.749741 180.000000 180.000000 -180.000000 179.998672 -179.999725 135.814850 179.998840 179.999268 135.814880 179.999802 179.999115 150.572693 180.000000 180.000000 -180.000000 9.996949 -0.000733 -34.095699 179.997070 179.998871 145.904327 179.998825 179.998276 157.292282 180.000000 180.000000 -180.000000 19.998075 -0.000573 -17.959457 179.996994 179.999893 153.060822 179.998260 179.999023 162.058502
11.459508 88.669418 217.525787 172.669785 162.786011 177.432831 2.936510 -7.909223 3.967395 0.088035 25.665495 -2.020830 172.839523 -157.557510 179.481445 146.811630 -123.164787 -144.822098 28.056818 96.331123 6.660408 178.821609 -162.545090 -175.401169 1.567931 3.563248 0.236923 1.566342 3.489531 0.321507 7.303767 2.425207 0.827641 179.994080 -172.351990 -178.874146 179.995499 -171.077103 -178.836807 4.257589 -6.607221 0.226875 1.434448 -3.586992 -0.943985 15.392982 -10.328419 69.363464 89.357552 5.216179 5.439764 15.147317 2.827195 -19.317125 55.535885 54.039215 16.971733 179.983292 -179.998993 -173.822983 179.989059 -179.997879 -175.886108 0.000000 0.000007 0.000003 14.999561 -0.006404 39.015297 0.003038 -0.004282 31.921583 0.003394 -0.001401 22.345116 0.000000 0.000007 0.000003 179.999908 -179.991470 -144.317490 0.004947 -0.006952 35.682522 0.005383 -0.001817 23.764559 0.000000 0.000007 0.000003 170.000244 -179.992020 -139.893341 0.005350 -0.005930 40.106670 0.005271 -0.000707 26.711050 0.000000 0.000007 0.000003 160.000320 -179.995285 -161.100235 0.002766 -0.006553 28.349653 0.003701 -0.002956 18.880869 176.911011 -172.754944 -178.849426 173.328644 131.197418 105.942001 100.580376 -157.590302 165.917816 168.757919 -155.750641 -163.754761 123.256104 120.996407 144.386261 0.001233 0.001133 -14.058455 0.000974 0.000539 -9.362933 0.000002 -0.000000 0.000000 164.997711 -179.999069 135.512604 179.998154 179.999207 143.601196 179.999283 179.998779 154.520874 0.000002 -0.000000 0.000000 179.997757 -179.999008 135.626572 179.997711 179.999115 135.626556 179.999329 179.998520 150.447296 0.000002 -0.000000 0.000000 9.997286 -0.001314 -34.898823 179.997040 179.999496 145.101181 179.998581 179.998581 156.757401 0.000002 -0.000000 0.000000 19.997955 -0.001146 -18.544655 179.996552 -179.999390 152.182999 179.997772 179.999268 161.473877
12.097483 88.901680 220.721725 173.556931 162.234726 178.492889 4.802133 -5.479838 2.813978 175.636520 154.215240 176.176773 174.119766 -157.769333 -179.460464 143.700623 -121.945976 -143.330215 27.767056 93.057465 5.340360 178.615997 -160.697128 -175.630112 1.631339 2.943569 -0.070593 1.630248 2.887780 -0.179238 7.646570 2.110051 0.136623 179.996292 -172.865677 -178.796768 179.996979 -171.676514 -178.755432 3.143217 -6.161067 0.430022 1.518853 -3.541698 -0.868848 15.343700 -9.513909 69.070839 92.677658 6.409792 5.153581 15.532975 2.060067 -19.773048 47.744209 53.175674 16.681622 179.999985 179.992966 -169.818817 179.999191 179.995407 -173.219330 0.000003 -0.000000 0.000000 14.999723 -0.002102 39.507008 0.000927 -0.001463 32.323917 0.001096 -0.000515 22.626751 0.000003 -0.000000 0.000000 179.999313 -179.985519 -143.952606 0.008093 -0.012032 36.047394 0.009110 -0.003201 24.007572 0.000003 -0.000000 0.000000 170.000000 -179.995728 -139.321182 0.002786 -0.003233 40.678802 0.002812 -0.000414 27.092104 0.000003 -0.000000 0.000000 160.000153 -179.996704 -160.780441 0.001871 -0.004589 28.829353 0.002564 -0.002075 19.200352 177.703995 -172.708588 -177.440247 171.969116 129.056091 105.147263 99.677094 -158.442062 166.334137 169.054520 -156.785950 -164.776047 122.670364 121.648087 145.059830 0.000430 0.000725 -13.505923 0.000390 0.000404 -8.994948 0.000002 -0.000000 0.000000 164.999786 -179.999802 134.650986 179.999756 179.999985 142.896255 179.999863 179.999878 154.027374 0.000002 -0.000000 0.000000 179.999054 -179.999130 134.830414 179.998703 179.999924 134.830414 179.999435 179.999344 149.917068 0.000002 -0.000000 0.000000 9.998536 -0.001407 -35.914650 179.998001 -179.999725 144.085327 179.998825 179.999344 156.080826 0.000002 -0.000000 0.000000 19.998886 -0.001172 -19.439571 179.997833 -179.998917 150.840652 179.998383 179.999908 160.579865
12.710704 89.055946 224.075745 174.421066 161.958450 179.510025 6.394474 -2.951917 2.388293 168.720825 153.551178 172.588196 177.880020 -162.738953 -177.730072 141.935410 -120.894264 -143.074890 11.101270 87.948051 -11.723000 178.914001 -160.255875 -175.973801 1.650717 2.548404 -0.336388 1.649659 2.505635 -0.613174 7.763510 1.945818 -0.459029 179.997253 -173.278702 -178.743805 179.997665 -172.158432 -178.700073 2.519521 -5.801171 0.545198 1.991476 -3.687274 -0.999450 14.978396 -8.656051 68.583748 95.904785 7.222240 5.187035 15.751217 1.300688 -20.233082 51.110069 52.744450 18.015467 179.996979 -179.995377 -170.770996 179.998535 -179.996613 -173.853485 0.000000 -0.000000 0.000000 15.000267 0.001131 39.784836 179.999588 179.999146 -147.448792 179.999435 179.999664 -157.214157 0.000000 -0.000000 0.000000 179.999725 -179.997986 -142.293259 0.001017 -0.001762 37.706722 0.001259 -0.000504 25.112682 0.000000 -0.000000 0.000000 169.999969 -179.999207 -138.837082 0.000487 -0.000635 41.162914 0.000522 -0.000106 27.414501 0.000000 -0.000000 0.000000 160.000015 -179.999313 -160.408707 0.000357 -0.000980 29.386913 0.000529 -0.000459 19.571690 178.783157 -172.457809 -176.213058 170.316025 127.297348 104.298576 99.096832 -159.125259 166.850418 168.944687 -157.511658 -165.987961 122.790245 122.151337 146.447708 0.000274 0.000643 -12.949028 0.000284 0.000367 -8.624045 0.000000 -0.000000 0.000000 164.999664 -179.998978 134.628799 179.999207 -179.999619 142.878113 179.999405 179.999863 154.014664 0.000000 -0.000000 0.000000 179.999741 -179.999329 134.159378 179.999329 -179.999725 134.159348 179.999573 179.999817 149.470139 0.000000 -0.000000 0.000000 9.999557 -0.001087 -36.988628 179.998978 -179.999405 143.011368 179.999222 179.999908 155.365585 0.000000 -0.000000 0.000000 19.999599 -0.000951 -20.334089 179.998932 -179.998871 149.498856 179.999008 -179.999725 159.686234
13.259870 89.182755 227.473526 175.252319 161.966003 -179.576447 7.173782 -0.313116 2.500896 165.231735 156.255676 171.418396 0.183322 -7.696692 2.436911 141.920929 -119.958572 -144.354187 15.323777 82.569901 -7.092983 179.418869 -159.794556 -176.292953 1.669855 2.289006 -0.579800 1.668903 2.256392 -1.012584 7.870260 1.869688 -0.994403 179.998215 -173.652649 -178.691040 179.998352 -172.594742 -178.644913 1.992221 -5.474019 0.642070 2.503998 -3.798902 -1.117828 14.402772 -7.779367 67.904442 99.030037 7.615181 5.453576 16.453247 0.600181 -20.277536 48.788063 52.317791 18.094980 179.998825 -179.997818 -169.471100 179.999496 -179.998413 -172.987762 0.000003 0.000003 0.000000 15.000412 0.001329 39.649197 179.999588 179.998932 -147.559738 179.999359 179.999542 -157.291824 0.000003 0.000003 0.000000 179.999893 -179.999466 -141.993515 0.000245 -0.000478 38.006481 0.000325 -0.000150 25.312338 0.000003 0.000003 0.000000 169.999481 -179.995468 -138.853378 0.002621 -0.003731 41.146626 0.002955 -0.000696 27.403664 0.000003 0.000003 0.000000 160.000015 -179.999847 -160.304367 0.000076 -0.000221 29.543465 0.000115 -0.000107 19.675949 179.209991 -172.612701 -175.167679 169.443741 126.188934 103.847382 98.014297 -159.156906 167.704102 169.289978 -158.262589 -167.350998 123.014725 122.362373 147.650711 0.002235 0.002746 -12.497450 0.001830 0.001479 -8.323302 0.000000 -0.000000 0.000000 165.000015 -179.999756 133.736404 179.999863 -179.999863 142.147949 179.999863 -179.999985 153.503571 0.000000 -0.000000 0.000000 179.999985 -179.999710 133.591675 179.999786 -179.999802 133.591614 179.999817 179.999985 149.092041 0.000000 -0.000000 0.000000 9.999942 -0.000561 -37.900349 179.999619 -179.999588 142.099625 179.999634 -179.999954 154.758392 0.000000 -0.000000 0.000000 19.999931 -0.000435 -21.136522 179.999695 -179.999435 148.295181 179.999619 -179.999786 158.884598
13.791464 89.325043 230.914612 176.078598 162.118118 -178.634125 8.581733 2.964274 3.277931 160.424881 159.817841 170.038788 3.118228 2.106091 2.765336 142.830231 -118.846573 -146.537506 15.380973 78.124725 -6.175755 179.795868 -158.226273 -176.568115 1.646098 2.161868 -0.776047 1.645597 2.136560 -1.336424 7.769164 1.864844 -1.428265 179.997711 -174.047134 -178.700089 179.997818 -173.055023 -178.654266 1.755417 -5.132773 0.662660 3.308369 -3.986184 -1.466180 13.746927 -6.912601 67.068016 102.194557 7.880171 5.689929 17.101250 -0.181746 -20.174892 46.671680 52.144409 18.361382 179.993866 -179.985641 -168.246124 179.998032 -179.989792 -172.171921 0.000003 -0.000000 0.000000 15.009677 0.020362 39.354527 179.995682 179.982071 -147.800858 179.990814 179.990952 -157.460587 0.000003 -0.000000 0.000000 0.000076 0.000241 38.236485 179.999924 179.999771 -141.763504 179.999863 179.999908 -154.534485 0.000003 -0.000000 0.000000 170.002075 179.991272 -137.538666 179.995667 179.992172 -137.538696 179.994354 179.998093 -151.720764 0.000003 -0.000000 0.000000 160.000656 179.994919 -160.191467 179.998337 179.992523 -150.287170 179.996582 179.996201 -160.211273 179.871506 -172.745163 -174.345215 168.460190 125.280411 103.287155 96.925423 -158.948044 168.609879 169.868958 -158.685333 -168.974396 121.650749 122.183533 151.367722 0.010360 0.009036 -9.873767 0.007803 0.004810 -6.575914 0.000000 -0.000002 0.000000 165.000229 179.996063 133.300247 0.002474 0.002093 -38.208893 0.002272 0.000084 -26.746233 0.000000 -0.000002 0.000000 0.000599 0.006528 -46.994438 0.005160 0.004037 -46.994392 0.004314 -0.000664 -31.298277 0.000000 -0.000002 0.000000 10.000528 0.004643 -38.873917 0.003315 0.003294 -38.873894 0.003095 0.000331 -25.890011 0.000000 -0.000002 0.000000 20.001078 0.008315 -21.947191 0.006095 0.011004 -32.920757 0.007365 0.003999 -21.925247
14.214622 89.326118 234.420914 176.852676 162.629379 -178.148590 6.420532 6.110424 3.501332 158.428833 162.202560 168.770996 6.924086 15.539632 3.855530 146.855576 -118.330429 -151.425842 11.653207 69.995636 -7.494513 0.921095 -20.099730 3.386136 1.660952 2.178941 -0.954263 1.660125 2.156815 -1.633579 7.857489 1.959067 -1.801183 179.997650 -174.264771 -178.596298 179.997620 -173.308838 -178.546692 1.379162 -4.941148 0.764645 3.866073 -4.103704 -1.530186 12.761508 -6.109995 66.166504 104.894455 7.249074 5.976779 17.751844 -0.711949 -19.871120 44.473495 52.756351 18.283915 179.998322 -179.992233 -167.332779 0.000075 -0.005294 8.436384 0.000000 -0.000007 0.000000 15.008135 0.015519 38.883606 179.997299 179.985916 -148.186157 179.993240 179.992599 -157.730316 0.000000 -0.000007 0.000000 0.001556 0.004018 38.327919 179.998734 179.995895 -141.672104 179.997650 179.998367 -154.473587 0.000000 -0.000007 0.000000 170.003784 179.986542 -137.567368 179.993790 179.987457 -137.567444 179.991348 179.996597 -151.739899 0.000000 -0.000007 0.000000 160.001343 179.991974 -160.203110 179.997879 179.987976 -150.304672 179.994827 179.993729 -160.222931 179.920685 -173.014465 -173.439163 168.078171 124.856201 103.138756 95.769798 -158.664810 169.162308 169.544113 -159.394760 -169.610886 120.542213 121.426826 151.126343 0.009147 0.007647 -9.292525 0.006800 0.004089 -6.188834 0.000002 0.000003 0.000000 165.001541 179.992828 133.337021 0.005118 0.003130 -38.178787 0.004179 -0.000489 -26.725136 0.000002 0.000003 0.000000 0.002318 0.009811 -46.858555 0.008727 0.005077 -46.858593 0.006445 -0.001900 -31.207804 0.000002 0.000003 0.000000 10.001794 0.007365 -38.791531 0.005994 0.004647 -38.791531 0.005049 -0.000069 -25.835144 0.000002 0.000003 0.000000 20.002289 0.009471 -21.660978 0.008346 0.012001 -32.491474 0.008953 0.003821 -21.639297
14.609734 89.241447 237.888596 177.545685 163.061707 -177.841675 3.677359 8.512341 3.244501 160.410599 163.084183 168.607925 6.734895 22.612387 3.757217 151.352737 -118.338966 -156.622910 8.750011 64.039474 -7.816168 1.617915 -20.591255 3.451650 1.677633 2.218977 -1.109781 1.676720 2.199318 -1.894235 7.950979 2.060256 -2.123825 179.999023 -174.353485 -178.467987 179.998886 -173.412338 -178.413437 1.022992 -4.858178 0.879825 4.483205 -4.394102 -1.682988 11.682593 -5.235210 65.363022 108.147408 5.818872 7.458415 18.048168 -0.330505 -20.357605 42.340714 53.652699 18.367298 179.999329 179.994751 -166.424164 179.998764 179.996704 -170.958481 0.000000 -0.000000 0.000000 15.002307 0.004084 38.252251 179.999451 179.996201 -148.702682 179.998291 179.997925 -158.091888 0.000000 -0.000000 0.000000 0.001647 0.003810 38.269306 179.998932 179.995987 -141.730682 179.997803 179.998337 -154.512650 0.000000 -0.000000 0.000000 170.002701 179.991745 -137.935257 179.996506 179.992035 -137.935257 179.994736 179.997604 -151.984863 0.000000 -0.000000 0.000000 160.000702 179.996597 -160.479889 179.999329 179.994827 -150.719803 179.997925 179.997223 -160.499405 179.903763 -173.139999 -172.711044 168.072418 124.550659 103.301750 94.189186 -157.937393 170.451813 169.876968 -160.559464 -170.734802 119.853493 120.951546 151.231842 0.009860 0.007226 -8.803187 0.007210 0.003782 -5.862927 0.000000 -0.000000 0.000000 165.003845 179.990402 133.526489 0.007836 0.003173 -38.023750 0.005695 -0.001601 -26.616634 0.000000 -0.000000 0.000000 0.003997 0.009737 -46.476734 0.009790 0.003871 -46.476730 0.006368 -0.002913 -30.953489 0.000000 -0.000000 0.000000 10.002668 0.006616 -38.480106 0.006183 0.003546 -38.480045 0.004696 -0.000696 -25.627745 0.000000 -0.000000 0.000000 20.003237 0.008509 -21.261059 0.009084 0.010193 -31.891607 0.008701 0.002628 -21.239813
14.967354 89.070717 241.336029 178.334442 163.661850 -177.858917 0.652330 10.485636 2.835433 164.013367 162.400116 168.479309 5.472840 27.542694 3.711500 154.644348 -119.406258 -160.680908 6.323430 58.174095 -7.940078 2.420155 -21.137402 3.428517 1.652435 2.378783 -1.184426 1.651556 2.357417 -2.020217 7.854175 2.196553 -2.269258 0.000609 -5.681471 1.665185 0.000525 -6.628424 1.724807 0.833362 -4.881954 0.981721 5.173482 -4.886947 -1.860297 10.612908 -4.244095 64.636757 111.117188 3.866534 9.124496 17.485954 0.588700 -21.590422 42.559723 54.518772 18.621403 179.998199 179.992676 -166.550400 179.997726 179.995529 -171.042572 180.000000 -179.999985 179.999985 15.001075 0.001773 38.020615 179.999802 179.998306 -148.892242 179.999283 179.999069 -158.224564 180.000000 -179.999985 179.999985 0.003029 0.006775 38.309818 179.998230 179.992798 -141.690216 179.996109 179.996948 -154.485672 180.000000 -179.999985 179.999985 170.003159 179.990341 -138.100998 179.995987 179.990692 -138.100998 179.993881 179.997116 -152.095261 180.000000 -179.999985 179.999985 160.000977 179.994888 -160.490799 179.998871 179.992279 -150.736191 179.996857 179.995850 -160.510300 179.958618 -173.081818 -172.214020 168.432709 124.376457 103.783958 92.956955 -157.968414 170.911377 169.542175 -161.466171 -170.796326 118.934959 120.445465 151.095947 0.008449 0.005685 -8.309228 0.006089 0.002971 -5.533945 180.000000 180.000000 -180.000000 165.005890 179.989899 133.883408 0.009296 0.002293 -37.731709 0.006143 -0.002680 -26.412220 180.000000 180.000000 -180.000000 0.005060 0.008617 -46.057350 0.009704 0.002399 -46.057320 0.005650 -0.003523 -30.674202 180.000000 180.000000 -180.000000 9.998283 -0.003027 -37.879059 179.996780 -179.998672 142.120987 179.997772 179.999374 154.772583 180.000000 180.000000 -180.000000 19.998732 -0.002407 -20.540747 179.996948 -179.997299 149.188858 179.997330 -179.999496 159.479797
15.295447 88.827553 244.762878 179.014801 164.320847 -178.064743 177.933121 167.972473 -177.704300 167.767563 162.446091 168.686035 4.621321 31.922529 3.723961 156.527374 -121.291321 -163.154617 4.951820 52.563480 -7.699707 3.091068 -21.638718 3.329628 1.614884 2.610216 -1.220139 1.614041 2.584846 -2.082596 7.700917 2.362761 -2.329419 0.001406 -5.833548 1.793341 0.001449 -6.805811 1.857628 0.835522 -5.008549 1.061990 5.904278 -5.611884 -1.908741 9.595355 -3.057574 63.901604 113.614693 1.841503 10.880358 17.176626 1.821189 -22.971777 43.793781 55.616512 18.822960 179.999954 179.999283 -167.230759 179.999863 179.999542 -171.495682 0.000000 -0.000000 0.000000 14.999671 -0.000432 37.788513 180.000000 -179.999557 -149.082123 0.000162 -0.000267 21.642515 0.000000 -0.000000 0.000000 0.001810 0.003556 37.905766 179.999268 179.996078 -142.094254 179.998032 179.998230 -154.754745 0.000000 -0.000000 0.000000 170.001068 179.996521 -138.822311 179.998535 179.996674 -138.822311 179.997803 179.998978 -152.575668 0.000000 -0.000000 0.000000 160.000336 179.996521 -160.722031 179.998779 179.994904 -151.083069 179.997665 179.997406 -160.741318 0.111262 -7.181002 8.051291 169.080902 124.349152 104.597206 91.781784 -158.266159 171.385773 169.064743 -162.725403 -170.528931 118.080299 120.007164 150.607758 0.009233 0.006095 -8.037081 0.006665 0.003187 -5.352678 0.000000 0.000002 0.000000 165.005737 179.991592 134.291763 0.008180 0.001503 -37.397610 0.005206 -0.002622 -26.178356 0.000000 0.000002 0.000000 179.996582 -179.995010 134.819916 179.994034 -179.998932 134.819962 179.996719 179.997665 149.910065 0.000000 0.000002 0.000000 9.998376 -0.002483 -38.003654 179.997192 -179.999054 141.996368 179.998138 179.999329 154.689560 0.000000 0.000002 0.000000 20.007057 0.011772 -21.235458 0.016111 0.012820 -31.853195 0.013602 0.001756 -21.214226
15.583634 88.499794 248.162079 179.572647 165.050354 -178.386353 175.658142 167.105896 -178.201691 171.961090 160.539017 168.802734 3.226162 33.600800 3.963552 156.647095 -123.811317 -163.773148 4.801247 47.470566 -7.337514 3.648108 -21.960890 3.134017 1.572317 2.895391 -1.247408 1.571492 2.864722 -2.131809 7.527232 2.562119 -2.369635 0.000612 -6.100039 1.925751 0.000690 -7.116686 1.994591 1.004702 -5.235868 1.129599 6.310321 -6.029242 -1.762940 8.994400 -2.128649 63.213448 115.449554 0.166124 12.590060 17.180058 3.108593 -24.373379 44.740189 56.494488 19.159866 179.998169 -179.998566 -167.667328 179.999008 -179.998810 -171.786469 0.000000 -0.000000 0.000000 14.999289 0.000280 37.719536 179.999405 -179.999832 -149.138580 179.999710 -179.999695 -158.397003 0.000000 -0.000000 0.000000 0.000168 -0.000208 37.282852 0.000260 -0.000059 37.282822 0.000167 0.000068 24.830374 0.000000 -0.000000 0.000000 169.999878 -179.999603 -139.326385 0.000152 -0.000377 40.673603 0.000239 -0.000107 27.088625 0.000000 -0.000000 0.000000 159.999161 -179.999435 -161.120316 179.999069 -179.998810 -151.680450 179.999832 -179.999008 -161.139160 0.306716 -7.553792 8.194820 169.963669 124.577446 105.703369 90.740303 -158.846252 171.885742 169.208145 -163.157074 -170.439209 117.032944 119.561546 150.624496 0.003065 0.001971 -7.408243 0.002177 0.001051 -4.933884 180.000000 -180.000000 180.000000 165.006302 179.993195 134.822632 0.007583 0.000313 -36.963295 0.004387 -0.003004 -25.874308 180.000000 -180.000000 180.000000 0.013913 0.015356 -46.316559 0.020714 0.000798 -46.316566 0.010011 -0.009499 -30.846851 180.000000 -180.000000 180.000000 10.006434 0.007412 -38.560081 0.009646 0.001839 -38.560085 0.005799 -0.003013 -25.681013 180.000000 -180.000000 180.000000 20.003654 0.004575 -20.281431 0.007514 0.004568 -30.422178 0.005852 0.000118 -20.261162
15.820515 88.060013 251.559998 0.020736 14.119464 1.237328 174.688629 167.414917 -177.986572 173.811356 155.722031 168.390305 2.471425 33.262711 3.748313 155.139252 -126.869659 -162.828568 5.803154 42.990952 -7.103456 4.155553 -22.102215 2.916272 1.501029 3.243890 -1.228027 1.500245 3.205101 -2.103443 7.219314 2.777904 -2.313813 0.000565 -6.347816 2.001346 0.000721 -7.405750 2.072811 1.311927 -5.450830 1.148065 6.682185 -6.191974 -1.741705 8.740285 -1.247011 62.773746 116.668144 -1.164395 14.490557 17.086950 4.576881 -25.942352 44.854824 57.006248 19.670422 179.990982 179.996994 -167.548294 179.993698 179.999420 -171.707153 0.000003 0.000000 -0.000003 14.999971 0.000862 38.044094 179.999542 179.999466 -148.873016 179.999542 179.999847 -158.211121 0.000003 0.000000 -0.000003 179.999802 -179.998688 -142.911011 0.000616 -0.001168 37.088993 0.000798 -0.000363 24.701256 0.000003 0.000000 -0.000003 169.998444 -179.994385 -139.500763 0.002409 -0.005290 40.499229 0.003502 -0.001658 26.972488 0.000003 0.000000 -0.000003 159.998169 -179.995316 -161.597656 179.999542 -179.992462 -152.396500 0.002015 -0.004602 18.383924 0.704166 -7.920394 8.031415 170.949829 125.138351 106.957504 89.855194 -159.707245 172.432892 169.447372 -163.934845 -170.086029 115.106308 118.996689 148.853851 179.999725 -179.999786 172.814667 179.999802 -179.999878 175.214569 180.000000 180.000000 -180.000000 165.004059 179.995544 135.316055 0.004911 0.000256 -36.559563 0.002876 -0.001907 -25.591698 180.000000 180.000000 -180.000000 0.002615 0.002882 -44.906651 0.003888 0.000210 -44.906666 0.001935 -0.001728 -29.907835 180.000000 180.000000 -180.000000 10.000800 0.000925 -37.856472 0.001188 0.000236 -37.856472 0.000726 -0.000361 -25.212406 180.000000 180.000000 -180.000000 20.002224 0.002791 -19.940184 0.004559 0.002811 -29.910299 0.003567 0.000123 -19.920256
15.983459 87.475327 254.985840 0.385111 13.114971 0.757678 174.572388 167.897781 -177.269241 173.417709 149.761063 167.557312 2.077003 30.335640 3.107182 152.983887 -130.365250 -161.207367 7.983538 39.744534 -6.828240 4.081636 -22.858812 2.751350 1.439818 3.658007 -1.194202 1.439052 3.609775 -2.052417 6.958957 3.038492 -2.220757 0.001233 -6.628959 2.031172 0.001473 -7.733790 2.103833 1.567337 -5.695811 1.142530 6.754114 -5.982787 -1.622896 8.913980 -0.391228 62.660168 116.563568 -1.582153 15.423291 17.537498 5.607150 -26.637209 44.038109 57.005795 20.459364 179.980606 179.990387 -166.751465 179.985916 179.996933 -171.176468 0.000000 -0.000000 0.000000 14.999669 -0.004374 38.309967 0.002005 -0.002971 31.344530 0.002280 -0.001058 21.941170 0.000000 -0.000000 0.000000 179.998642 -179.992584 -142.875854 0.003352 -0.006760 37.124123 0.004488 -0.002263 24.724674 0.000000 -0.000000 0.000000 169.996170 -179.984818 -139.871735 0.006713 -0.014152 40.128239 0.009458 -0.004412 26.725405 0.000000 -0.000000 0.000000 159.997772 -179.992691 -162.076309 0.000096 -0.011470 26.885546 0.003472 -0.006798 17.905766 0.976758 -8.211238 7.867020 171.859085 126.062164 108.146439 89.150414 -160.796997 173.061310 169.720871 -164.519485 -169.664856 114.346085 118.959740 148.060257 179.999023 -179.999161 172.834641 179.999283 -179.999527 175.227875 0.000000 -0.000000 0.000000 165.002487 179.996979 135.656113 0.003182 0.000356 -36.281376 0.001944 -0.001106 -25.396933 0.000000 -0.000000 0.000000 0.001862 0.002279 -44.697571 0.002929 0.000312 -44.697559 0.001537 -0.001217 -29.768579 0.000000 -0.000000 0.000000 10.000058 0.000066 -37.761833 0.000077 0.000019 -37.761799 0.000054 -0.000021 -25.149385 0.000000 -0.000000 0.000000 20.001270 0.001759 -19.718307 0.002684 0.001842 -29.577471 0.002161 0.000189 -19.698574
16.089600 86.741547 258.359619 0.536301 12.268266 0.324376 175.123947 168.984924 -176.297455 171.324112 144.243912 166.229828 1.742745 27.869099 2.068720 151.364807 -133.230362 -159.634277 10.321144 37.953072 -6.686926 3.546373 -24.154436 2.460977 1.416997 4.003824 -1.195622 1.416199 3.948738 -2.059748 6.878459 3.276676 -2.199122 0.000533 -6.815964 2.131539 0.000566 -7.951901 2.207722 1.698660 -5.855946 1.194290 6.527116 -5.318425 -1.442300 9.459172 0.458586 62.937557 115.776649 -1.414063 16.087389 17.113583 6.294398 -27.027840 43.435688 56.570660 21.637877 179.948975 179.973511 -165.791595 179.962524 179.992096 -170.537201 180.000000 180.000000 -180.000000 15.000096 0.000979 37.914207 179.999588 179.999313 -148.979279 179.999496 179.999741 -158.285522 180.000000 180.000000 -180.000000 179.999451 -179.997086 -143.401413 0.001289 -0.002667 36.598602 0.001745 -0.000922 24.374647 180.000000 180.000000 -180.000000 169.996429 -179.985519 -140.676590 0.006283 -0.013534 39.323399 0.008908 -0.004400 26.189377 180.000000 180.000000 -180.000000 160.002106 179.992554 -162.923721 179.999664 179.988388 -154.385559 179.996414 179.993149 -162.940781 1.038662 -8.394578 7.739408 172.606979 127.314262 109.171600 88.614136 -162.063400 173.789658 169.978226 -164.842957 -169.232376 114.095909 119.144547 147.586243 179.999939 -179.999924 172.712616 179.999939 -179.999939 175.146576 0.000002 0.000003 -0.000003 165.006638 179.989944 135.581497 0.009623 0.002156 -36.342403 0.006330 -0.002723 -25.439672 0.000002 0.000003 -0.000003 0.001838 0.002738 -44.555519 0.003223 0.000667 -44.555534 0.001846 -0.001185 -29.673992 0.000002 0.000003 -0.000003 10.000177 0.000276 -37.766029 0.000315 0.000108 -37.766026 0.000210 -0.000069 -25.152185 0.000002 0.000003 -0.000003 20.001007 0.001638 -19.588686 0.002234 0.001814 -29.383003 0.001881 0.000325 -19.569082
16.201847 85.874702 261.700500 0.668791 11.558846 -0.088184 175.866608 170.612930 -175.232010 168.522873 137.836090 164.285187 0.441412 24.878361 1.077107 150.976334 -135.283508 -159.188126 11.535214 37.428925 -6.715042 3.194215 -22.307123 2.278857 1.386721 4.307525 -1.215564 1.385917 4.246532 -2.096695 6.762059 3.488538 -2.225198 0.001388 -7.103430 2.169909 0.001548 -8.287271 2.247621 1.758045 -6.102260 1.213093 6.250431 -4.315667 -1.341275 10.382584 1.397934 63.697506 114.295296 -0.785472 16.340469 18.508705 7.654202 -27.442812 38.565052 53.704578 21.914001 179.986099 179.988373 -162.856155 179.988815 179.995453 -168.582184 0.000000 -0.000000 0.000000 14.999893 -0.001323 38.027260 0.000597 -0.000900 31.113216 0.000688 -0.000331 21.779242 0.000000 -0.000000 0.000000 179.997498 -179.983475 -143.381241 0.007739 -0.014824 36.618767 0.009995 -0.004896 24.388102 0.000000 -0.000000 0.000000 169.994812 -179.973190 -141.542191 0.012343 -0.024354 38.457802 0.016454 -0.007747 25.612898 0.000000 -0.000000 0.000000 160.000137 179.999435 -162.249893 179.999924 179.999146 -153.374817 179.999710 179.999512 -162.267639 0.993138 -8.507384 7.679350 173.146652 128.855591 109.945618 88.230873 -163.424408 174.613998 170.294220 -164.722931 -168.916321 114.116051 119.370613 147.643356 179.999954 -179.999908 172.704071 179.999939 -179.999939 175.140900 0.000000 -0.000003 -0.000003 165.002823 179.995071 136.599167 0.004434 0.001348 -35.509800 0.003084 -0.001023 -24.856838 0.000000 -0.000003 -0.000003 0.001931 0.003278 -44.344864 0.003667 0.001006 -44.344887 0.002220 -0.001227 -29.533676 0.000000 -0.000003 -0.000003 9.999974 -0.000051 -37.731136 179.999954 -179.999985 142.268845 179.999969 179.999985 154.871063 0.000000 -0.000003 -0.000003 20.000544 0.000978 -19.428185 0.001238 0.001114 -29.142279 0.001082 0.000246 -19.408762
16.384130 84.911591 264.958679 0.765046 11.189602 -0.484480 176.489838 172.695007 -174.260849 165.780762 133.677490 162.605133 178.488220 155.803589 179.778046 151.246826 -136.357300 -159.866104 12.861665 37.966930 -5.766120 2.449369 -19.618792 2.187380 1.352097 4.489823 -1.254510 1.351324 4.425427 -2.162948 6.617705 3.618938 -2.305229 0.002308 -7.416382 2.208847 0.002673 -8.652406 2.288051 1.786387 -6.368954 1.234893 6.135818 -3.485948 -1.290712 11.394252 2.724267 64.843582 111.997627 -0.148595 16.308613 17.995449 8.451748 -27.469196 38.000935 52.740131 23.977602 179.990158 179.991653 -161.399841 179.991989 179.996872 -167.612289 0.000003 0.000000 -0.000003 15.000866 0.014087 37.740734 179.993454 179.990479 -149.121231 179.992630 179.996674 -158.384857 0.000003 0.000000 -0.000003 179.999130 -179.992935 -144.178436 0.003400 -0.006253 35.821564 0.004265 -0.002056 23.857159 0.000003 0.000000 -0.000003 169.997162 -179.982452 -142.743301 0.008264 -0.015731 37.256695 0.010690 -0.005076 24.812948 0.000003 0.000000 -0.000003 160.000580 179.996902 -162.266464 179.999405 179.995316 -153.399719 179.998260 179.997375 -162.284195 0.714800 -8.496566 7.672982 173.654205 130.662140 110.548302 87.928871 -164.748947 175.512589 170.064621 -165.139236 -168.398224 115.856453 119.970718 149.202423 0.003065 0.004085 -7.534667 0.002375 0.002439 -5.018086 0.000000 -0.000000 0.000000 165.002884 179.991806 136.815613 0.006302 0.003315 -35.332638 0.004943 -0.000626 -24.732855 0.000000 -0.000000 0.000000 0.001743 0.004533 -44.164303 0.004402 0.002066 -44.164318 0.003067 -0.001049 -29.413441 0.000000 -0.000000 0.000000 10.000351 0.000898 -37.772427 0.000838 0.000500 -37.772427 0.000644 -0.000080 -25.156445 0.000000 -0.000000 0.000000 20.000587 0.001511 -19.380535 0.001566 0.001852 -29.070766 0.001509 0.000576 -19.361132
16.690895 83.503624 268.104340 0.764196 11.220225 -0.830065 177.186951 175.123322 -173.538666 160.474457 128.610352 158.504333 177.146118 158.058609 179.256973 152.685760 -136.633743 -161.376572 12.790937 39.208729 -5.047203 1.979903 -17.265720 2.123943 1.296916 4.532825 -1.313895 1.296196 4.467621 -2.259509 6.370762 3.649743 -2.447427 0.003067 -7.757439 2.251875 0.003914 -9.050276 2.332458 1.892368 -6.658669 1.247695 6.213791 -2.723414 -1.181456 11.872272 4.715874 66.709251 109.508614 0.858633 16.519382 17.439249 9.279220 -27.232447 36.601906 51.226048 23.892426 179.994247 179.995056 -160.543213 179.995285 179.998184 -167.041779 179.999985 -179.999985 -180.000000 15.000062 0.020588 38.203918 179.989532 179.986816 -148.742249 179.988922 179.995987 -158.119568 179.999985 -179.999985 -180.000000 0.000324 0.005840 35.362789 179.996857 179.995071 -144.637192 179.996399 179.998550 -156.448364 179.999985 -179.999985 -180.000000 169.999527 -179.994507 -143.603714 0.002863 -0.004712 36.396271 0.003395 -0.001393 24.239927 179.999985 -179.999985 -180.000000 160.000397 179.996475 -162.150452 179.998932 179.994797 -153.225662 179.997803 179.997223 -162.168289 0.873895 -8.688865 7.805748 173.462692 132.327087 110.708473 87.454384 -165.977158 176.446762 170.187454 -164.913422 -168.104691 115.757828 120.104271 150.126694 0.004643 0.005686 -7.033204 0.003504 0.003409 -4.684115 0.000000 -0.000003 -0.000003 165.002869 179.989319 137.539658 0.007572 0.004952 -34.740265 0.006332 -0.000124 -24.318184 0.000000 -0.000003 -0.000003 0.001786 0.005917 -43.762863 0.005360 0.003080 -43.762844 0.004006 -0.000970 -29.146042 0.000000 -0.000003 -0.000003 10.000519 0.001636 -37.709396 0.001408 0.000986 -37.709362 0.001139 -0.000047 -25.114447 0.000000 -0.000003 -0.000003 20.000574 0.001853 -19.242741 0.001725 0.002341 -28.864096 0.001760 0.000818 -19.223497
16.775797 83.628807 271.353760 0.766441 11.413463 -0.970652 177.471786 177.797668 -173.153137 155.862183 124.608002 154.460159 175.079834 159.367142 178.826721 155.174896 -136.522568 -163.330429 10.424546 41.426254 -5.525280 2.487229 -16.165800 1.992352 1.194208 4.524679 -1.403711 1.193554 4.459099 -2.403389 5.907339 3.635214 -2.674989 0.003576 -8.104669 2.309916 0.004979 -9.455421 2.392315 2.151525 -6.955947 1.250258 6.493853 -2.117087 -1.026991 11.893755 6.547905 68.655746 105.969635 1.749118 16.978535 17.229483 9.678774 -26.828592 33.719048 48.755020 21.194738 179.995026 179.994659 -160.177307 179.995682 179.997787 -166.798080 0.000000 -0.000000 0.000000 14.999576 0.014436 39.170452 179.992218 179.991119 -147.951462 179.992065 179.997650 -157.566010 0.000000 -0.000000 0.000000 0.000042 0.010828 35.547386 179.993698 179.991180 -144.452606 179.993179 179.997696 -156.325455 0.000000 -0.000000 0.000000 170.000122 179.995941 -143.966583 179.997711 179.996658 -143.966599 179.997452 179.999100 -156.001770 0.000000 -0.000000 0.000000 160.000153 179.997345 -161.987701 179.998947 179.996124 -152.981552 179.998215 179.998032 -162.005722 0.444716 -8.249255 7.965507 173.886139 135.493469 110.907692 87.776146 -166.900192 177.180542 170.305130 -164.755920 -167.725616 114.790184 119.945869 150.729324 0.005002 0.005227 -6.182233 0.003667 0.003127 -4.117363 0.000000 -0.000000 0.000000 165.002823 179.988327 138.716812 0.007971 0.005757 -33.777142 0.006871 0.000311 -23.643995 0.000000 -0.000000 0.000000 0.001937 0.007214 -43.134998 0.006308 0.003988 -43.134995 0.004893 -0.000908 -28.727901 0.000000 -0.000000 0.000000 10.000731 0.002630 -37.557297 0.002179 0.001650 -37.557304 0.001819 -0.000008 -25.013165 0.000000 -0.000000 0.000000 20.000727 0.002626 -19.058613 0.002293 0.003372 -28.587923 0.002418 0.001254 -19.039534
16.919100 83.942543 274.567017 0.802283 11.731894 -0.881182 177.575256 -179.341888 -173.195496 148.185822 120.465157 147.075668 174.279037 161.817078 179.133255 158.532349 -136.415924 -166.190262 7.420540 43.305290 -6.171140 3.081910 -14.077881 2.341055 1.060329 4.487977 -1.503028 1.059733 4.421790 -2.561270 5.299585 3.588856 -2.934907 0.002206 -8.537769 2.277908 0.003488 -9.960654 2.358929 2.440834 -7.332736 1.189969 6.713405 -1.688259 -0.874204 11.436895 7.937443 70.510498 101.185127 2.561698 17.789267 17.540520 9.756408 -26.374565 31.553698 46.605415 19.625460 179.999115 179.998749 -159.659195 179.999161 179.999435 -166.453018 180.000000 -179.999985 180.000000 14.999838 0.004520 40.033638 179.997528 179.997253 -147.245209 179.997498 179.999329 -157.071640 180.000000 -179.999985 180.000000 179.999893 179.992935 -143.845795 179.995743 179.994370 -143.845779 179.995499 179.998672 -155.921295 180.000000 -179.999985 180.000000 170.000015 179.998154 -143.730347 179.998917 179.998520 -143.730331 179.998825 179.999634 -155.844406 180.000000 -179.999985 180.000000 159.999954 -179.997086 -161.786545 0.001288 -0.004186 27.320210 0.002037 -0.002094 18.195253 179.747589 -172.400131 -172.059647 174.724548 139.240219 111.356781 88.217049 -167.576004 177.707153 170.386673 -164.802078 -167.115555 113.089897 119.413330 150.764130 0.002368 0.002298 -5.171329 0.001691 0.001385 -3.444109 0.000000 -0.000000 0.000000 165.002655 179.989532 140.281448 0.007084 0.005291 -32.497013 0.006168 0.000520 -22.747896 0.000000 -0.000000 0.000000 0.001885 0.006938 -42.183292 0.006017 0.003939 -42.183315 0.004737 -0.000719 -28.094074 0.000000 -0.000000 0.000000 10.000248 0.000882 -37.156704 0.000728 0.000558 -37.156715 0.000610 0.000008 -24.746353 0.000000 -0.000000 0.000000 20.001108 0.004167 -18.764086 0.003544 0.005414 -28.146135 0.003767 0.002093 -18.745319
17.126593 84.415527 277.738586 1.014377 11.941457 -0.390602 177.736679 -176.262177 -173.492432 136.734467 116.980209 135.871704 174.484772 164.962296 179.715439 161.379669 -136.654938 -168.824142 4.816590 45.221497 -7.140629 3.380876 -15.517068 2.748171 0.888088 4.534822 -1.627833 0.887560 4.465122 -2.760198 4.521123 3.582253 -3.260008 0.000707 -8.920386 2.250445 0.001767 -10.407201 2.330328 2.725360 -7.667265 1.131242 6.688778 -1.370030 -0.702493 10.461479 8.714691 71.981766 95.251625 3.316267 18.935440 16.596741 8.935068 -25.923128 31.894182 45.560543 17.582273 179.899307 179.881851 -160.578354 179.907654 179.952255 -167.065094 0.000007 -0.000000 0.000000 14.999857 0.002084 40.312569 179.998810 179.998779 -147.016998 179.998825 179.999741 -156.911896 0.000007 -0.000000 0.000000 179.999725 179.996262 -143.415833 179.997543 179.997177 -143.415848 179.997559 179.999466 -155.634949 0.000007 -0.000000 0.000000 169.999908 179.998764 -143.621368 179.999191 179.999069 -143.621384 179.999191 179.999817 -155.771851 0.000007 -0.000000 0.000000 160.000061 -179.999084 -161.972321 0.000518 -0.001287 27.041506 0.000691 -0.000600 18.009640 178.953979 -173.015091 -172.512756 175.777466 143.553589 112.301849 88.892052 -168.049530 177.967941 170.450531 -165.097122 -166.205200 111.489853 118.801308 150.153259 179.999985 -179.999985 175.466675 180.000000 -179.999985 176.980804 0.000000 -0.000000 0.000000 165.002060 179.992477 142.061508 0.005068 0.003881 -31.040564 0.004434 0.000531 -21.728386 0.000000 -0.000000 0.000000 0.001447 0.005091 -41.005714 0.004413 0.002923 -41.005718 0.003498 -0.000433 -27.309795 0.000000 -0.000000 0.000000 10.002960 0.010721 -37.307846 0.008727 0.006896 -37.307827 0.007404 0.000232 -24.847029 0.000000 -0.000000 0.000000 20.001116 0.004159 -18.088863 0.003488 0.005440 -27.133278 0.003703 0.002199 -18.070763
17.124710 86.055359 281.090942 0.980776 11.180936 0.621322 178.101257 -173.830002 -174.218735 121.510155 114.558975 120.444061 174.587433 168.403610 -179.546173 164.674850 -137.993027 -171.334824 0.791244 47.626854 -9.820796 4.299275 -18.693047 2.970105 0.721752 4.951016 -1.852473 0.720125 4.872018 -3.129644 3.808893 3.840060 -3.788110 179.999161 -170.631943 -177.779709 179.999359 -169.070618 -177.700638 3.069982 -8.058701 1.061239 6.619361 -0.991527 -0.525171 9.087138 8.721847 73.364632 88.153450 4.316451 20.291483 17.152609 8.113456 -25.210546 18.314825 39.526653 25.442881 0.031637 -0.077288 29.362225 0.043267 -0.034935 19.555260 0.000000 0.000000 -0.000003 14.999968 0.000398 40.623940 179.999786 179.999756 -146.762207 179.999771 179.999939 -156.733551 0.000000 0.000000 -0.000003 0.006559 -0.074749 37.406921 0.050146 -0.055805 37.406879 0.049045 -0.009592 24.913013 0.000000 0.000000 -0.000003 170.022675 -179.776688 -142.503708 0.149789 -0.167160 37.496105 0.146317 -0.030645 24.972549 0.000000 0.000000 -0.000003 160.002686 -179.979675 -161.924515 0.013191 -0.027761 27.113211 0.016211 -0.012504 18.057423 177.761581 -174.164124 -172.950775 177.031540 149.054169 113.223373 90.319221 -168.254395 178.013168 171.290741 -165.178955 -165.216278 111.574234 119.114960 151.022827 0.010972 0.011858 -4.166625 0.007843 0.007369 -2.774972 0.000000 -0.000000 0.000003 165.031235 179.882675 143.915802 0.075634 0.064389 -29.523428 0.068025 0.014399 -20.666422 0.000000 -0.000000 0.000003 0.030882 0.107695 -40.025604 0.091334 0.064880 -40.025604 0.074485 -0.004513 -26.657099 0.000000 -0.000000 0.000003 10.017405 0.059089 -34.451733 0.047248 0.039527 -34.451714 0.040795 0.004363 -22.944830 0.000000 -0.000000 0.000003 20.018438 0.064377 -17.142216 0.053326 0.085130 -25.713305 0.055926 0.036709 -17.125101
17.574682 85.923462 284.124481 1.451292 11.436291 2.077917 179.088943 -169.607315 -174.883835 105.947296 115.507805 104.999687 177.232025 171.486069 -179.402527 168.492584 -138.775574 -175.327179 178.665512 131.807480 169.697464 3.863192 -19.395866 3.777231 0.507633 5.058568 -2.076164 0.507158 4.971992 -3.489495 2.876178 3.828569 -4.338597 179.999283 -170.287445 -177.932602 179.999573 -168.668686 -177.859024 3.137646 -8.357709 0.943262 6.118647 -0.793288 -0.512629 7.435274 8.211396 73.649544 80.262268 4.905989 21.486069 17.244513 6.827086 -25.430716 18.310314 40.140053 22.989695 0.000178 -0.000456 28.070557 0.000243 -0.000196 18.694979 0.000007 -0.000003 -0.000000 14.997868 0.056682 40.230221 179.968491 179.965942 -147.084412 179.968491 179.992111 -156.959106 0.000007 -0.000003 -0.000000 0.004755 -0.054976 36.842159 0.036497 -0.041391 36.842106 0.035938 -0.007693 24.536869 0.000007 -0.000003 -0.000000 170.014587 -179.873947 -144.458008 0.083672 -0.095440 35.541950 0.082034 -0.020373 23.670967 0.000007 -0.000003 -0.000000 160.015732 -179.892761 -161.428482 0.071191 -0.146164 27.857231 0.086349 -0.065345 18.552946 176.321426 -174.853592 -174.053131 178.471634 154.422699 115.173042 91.098152 -168.472595 177.847122 171.376724 -165.805130 -163.803406 107.029770 118.447212 145.809982 0.020313 0.023642 -4.204955 0.014550 0.014797 -2.800501 0.000000 -0.000000 0.000000 165.019745 179.921692 145.970291 0.048550 0.044819 -27.842464 0.044548 0.012436 -19.489744 0.000000 -0.000000 0.000000 0.024961 0.088336 -38.348114 0.073302 0.055261 -38.348152 0.061131 -0.000415 -25.539869 0.000000 -0.000000 0.000000 10.002328 0.007706 -33.006031 0.006145 0.005204 -33.006046 0.005320 0.000692 -21.982014 0.000000 -0.000000 0.000000 19.989365 -0.034503 -15.014148 179.970749 -179.954422 157.478775 179.970184 -179.979721 165.000870
18.039936 85.847008 287.163483 2.341622 11.862874 3.563164 0.508560 -15.041407 4.674423 95.040161 118.184830 94.897766 0.324906 6.434364 -0.159377 171.112442 -139.740036 -178.812103 177.341644 130.860916 169.632050 3.065487 -22.603882 4.242711 0.246972 5.126742 -2.273935 0.247408 5.032334 -3.804802 1.732950 3.744749 -4.846474 179.999847 -170.036652 -178.103943 0.000061 -11.623947 1.963636 3.046716 -8.575944 0.836768 5.549491 -0.709611 -0.472776 5.794385 8.091469 73.623917 72.830917 5.697606 22.151648 17.306030 5.496692 -26.028101 19.692097 40.967030 23.513784 179.981705 179.966324 -152.291992 179.978714 179.985901 -161.546432 0.000000 -0.000000 0.000000 14.995411 0.125796 40.044815 179.929688 179.924744 -147.236115 179.929886 179.983185 -157.065262 0.000000 -0.000000 0.000000 0.001983 -0.020785 36.226990 0.013847 -0.015629 36.227001 0.013578 -0.002989 24.127178 0.000000 -0.000000 0.000000 170.002518 -179.981903 -146.100311 0.012147 -0.013638 33.899673 0.011776 -0.003051 22.577181 0.000000 -0.000000 0.000000 160.007111 -179.959686 -162.629898 0.027845 -0.054711 26.055138 0.032483 -0.024824 17.352736 175.153564 -175.242294 -175.125854 179.135803 160.155136 117.282097 91.959991 -168.737640 177.554352 170.733215 -166.988342 -162.518875 96.156189 117.793114 140.790833 0.032607 0.009692 -0.614661 0.022029 0.005326 -0.409367 0.000000 -0.000000 0.000000 165.008972 179.963211 147.393723 0.022188 0.021631 -26.677847 0.020631 0.006691 -18.674490 0.000000 -0.000000 0.000000 179.998047 -179.993225 144.028091 179.994431 -179.995682 144.028107 179.995316 -179.999847 156.042709 0.000000 -0.000000 0.000000 10.005604 0.018822 -33.108044 0.014914 0.012788 -33.108032 0.012963 0.001771 -22.049961 0.000000 -0.000000 0.000000 20.003994 0.013156 -16.114866 0.011158 0.017341 -24.172329 0.011479 0.007556 -16.098774
18.396683 85.860550 290.228241 3.423689 12.264174 4.761197 2.111175 -19.725126 4.353053 86.244499 121.208412 87.188789 3.597040 4.029510 -0.983847 173.890045 -141.101517 177.782654 175.812546 130.122360 169.901581 2.151937 -25.011101 4.636353 179.990555 174.851486 177.590225 179.991180 174.951920 175.982986 0.584706 3.610405 -5.219945 0.000310 -10.078107 1.717321 0.000447 -11.757848 1.778579 2.766136 -8.676467 0.753972 5.118951 -0.808822 -0.538125 4.272846 8.999203 73.678680 66.365120 6.275259 22.099100 17.336477 4.420418 -26.846443 20.730631 40.391811 26.683359 0.029503 -0.042064 28.967457 0.030643 -0.015237 19.292343 180.000000 180.000000 -180.000000 14.993394 0.105734 41.137756 179.938049 179.939377 -146.341888 179.940262 179.989471 -156.439270 180.000000 180.000000 -180.000000 179.987488 179.912643 -144.908752 179.938614 179.936600 -144.908768 179.942154 179.989655 -156.629227 180.000000 180.000000 -180.000000 169.997131 179.984695 -146.535675 179.989151 179.988831 -146.535660 179.989868 179.997803 -157.712738 180.000000 180.000000 -180.000000 160.000214 -179.999115 -163.280930 0.000672 -0.001176 25.078602 0.000744 -0.000520 16.702356 173.814560 -175.926422 -175.719254 179.363846 166.329712 119.140099 92.708450 -169.097092 177.257889 172.860168 -166.383240 -161.487427 121.087585 119.890694 149.905106 0.431298 0.449235 -9.996709 0.320731 0.263245 -6.658165 0.000000 -0.000000 0.000000 165.015427 179.931992 147.782211 0.039774 0.040892 -26.360022 0.037525 0.013679 -18.452013 0.000000 -0.000000 0.000000 0.024039 0.086275 -37.247299 0.070300 0.055487 -37.247257 0.059613 0.002040 -24.806702 0.000000 -0.000000 0.000000 9.969543 -0.093357 -31.339647 179.924118 -179.937683 148.660370 179.935089 -179.991974 159.127762 0.000000 -0.000000 0.000000 19.968510 -0.092020 -14.549385 179.916489 -179.880386 158.175964 179.917404 -179.948853 165.465179
18.672636 85.959579 293.287781 4.907512 13.301956 5.298536 3.547418 -24.878910 4.115800 78.999985 124.034325 81.442314 6.771323 2.052759 -1.842943 176.389084 -142.133652 175.161209 173.307983 129.667801 169.912125 1.335778 -27.461018 5.119937 179.717438 175.116516 177.618759 179.717758 175.217300 176.046692 179.270279 176.739410 174.762741 0.000549 -10.073689 1.544768 0.000659 -11.752710 1.599868 2.442317 -8.673843 0.683606 4.746147 -1.143767 -0.586773 3.076826 10.906965 73.591705 61.086952 6.238056 21.551809 17.661329 4.069692 -27.420528 17.551786 37.272541 24.325556 0.003551 -0.052707 29.450006 0.018562 -0.029910 19.613693 180.000000 179.999985 179.999985 14.977340 0.127762 41.950783 179.914932 179.936508 -145.676682 179.925705 179.998093 -155.973648 180.000000 179.999985 179.999985 179.974792 179.907394 -144.106903 179.924255 179.941071 -144.106934 179.936096 179.998718 -156.095200 180.000000 179.999985 179.999985 169.987534 179.961365 -146.617081 179.968170 179.974838 -146.617050 179.973053 179.997833 -157.766968 180.000000 179.999985 179.999985 159.985367 179.960297 -163.691696 179.961746 179.949356 -155.537567 179.962662 179.980194 -163.708008 172.614868 -176.465088 -176.042160 179.215088 172.316315 120.675629 93.934547 -169.542038 176.690048 173.143234 -166.933853 -160.801437 96.040291 117.872238 139.031906 179.968521 -179.962952 178.610413 179.978195 -179.976059 179.074524 0.000000 0.000003 0.000003 165.004227 179.982498 149.388458 0.010239 0.010604 -25.045773 0.009624 0.003716 -17.532055 0.000000 0.000003 0.000003 179.997147 -179.990494 145.120819 179.992218 -179.993851 145.120850 179.993408 -179.999603 156.770477 0.000000 0.000003 0.000003 9.994673 -0.016263 -33.640400 179.986526 -179.989426 146.359604 179.988632 -179.999146 157.595490 0.000000 0.000003 0.000003 19.997965 -0.005986 -16.924553 179.994431 -179.992294 154.613205 179.994461 -179.996964 163.092361
18.897093 86.068764 296.410309 6.496163 14.168892 5.268888 4.275048 -29.921246 4.076868 69.677933 126.703178 73.208069 9.238818 -4.404740 -1.391298 177.762894 -143.428879 173.720856 171.494690 129.330109 170.138550 0.300697 -29.585524 5.740221 179.444214 175.356949 177.773560 179.444656 175.458786 176.321198 177.928574 177.051270 175.033112 0.000369 -9.991443 1.396965 0.000418 -11.656780 1.446806 2.154936 -8.603510 0.626837 4.198390 -1.631165 -0.422910 2.272269 13.367090 73.075111 56.885059 5.471335 20.949873 17.505737 2.393629 -28.466232 30.024239 39.995049 29.963364 0.097069 -0.133909 27.285494 0.097129 -0.051963 18.172180 0.000000 0.000000 -0.000003 14.998818 0.005256 44.742760 179.996292 179.997635 -143.392319 179.996933 -179.999771 -154.374603 0.000000 0.000000 -0.000003 179.980133 179.941803 -142.757965 179.948471 179.966431 -142.757965 179.959183 -179.996567 -155.196808 0.000000 0.000000 -0.000003 169.986420 179.965942 -146.176620 179.969589 179.979523 -146.176620 179.975586 -179.999878 -157.473633 0.000000 0.000000 -0.000003 159.976990 179.948868 -163.440247 179.944061 179.937195 -155.160416 179.948288 179.978485 -163.456802 171.724930 -176.637741 -176.415741 178.639404 177.811661 122.067680 93.117180 -171.226593 176.731598 173.287460 -168.130951 -160.294739 103.412003 117.455688 138.337189 0.284218 0.286536 -5.830286 0.199341 0.180549 -3.883105 180.000000 180.000000 -180.000000 165.001907 179.992020 149.701813 0.004648 0.004850 -24.789433 0.004364 0.001740 -17.352600 180.000000 180.000000 -180.000000 0.003547 0.011888 -35.252132 0.009746 0.007683 -35.252106 0.008256 0.000453 -23.477919 180.000000 180.000000 -180.000000 9.999490 -0.001530 -34.006065 179.998734 -179.999008 145.993912 179.998932 -179.999939 157.351944 180.000000 180.000000 -180.000000 20.003187 0.009242 -17.181591 0.008645 0.011843 -25.772427 0.008600 0.004624 -17.164427
19.024378 86.239441 299.719391 7.807776 14.322718 4.742683 4.383043 -34.229565 4.330346 68.018677 128.949341 72.030975 11.934876 -7.507401 -1.034493 178.624100 -145.865601 173.319626 169.851013 129.381378 170.399216 179.305634 -148.366028 -173.728607 179.209976 175.395355 177.998489 179.210938 175.500595 176.708694 176.776291 177.166428 175.463348 0.000073 -9.858701 1.288025 0.000010 -11.501899 1.334032 1.934758 -8.488468 0.588105 3.556783 -2.058140 -0.102310 1.964036 16.068230 72.280884 53.626892 3.862552 20.446934 17.678141 1.077496 -29.287027 24.507797 37.268135 20.284534 179.991913 -179.953949 -154.945251 0.007466 -0.030242 16.686462 180.000000 179.999985 179.999985 14.995714 0.016953 44.623543 179.987732 179.992661 -143.489838 179.990051 -179.998962 -154.442871 180.000000 179.999985 179.999985 179.987854 179.967804 -141.561401 179.970291 179.982651 -141.561417 179.977341 -179.996536 -154.399918 180.000000 179.999985 179.999985 169.980881 179.957230 -145.865540 179.959839 179.975891 -145.865540 179.968872 -179.997910 -157.266464 180.000000 179.999985 179.999985 159.983673 179.967239 -162.461929 179.961304 179.961044 -153.692902 179.965240 179.988632 -162.479462 171.339523 -176.670273 -176.211075 177.553711 -177.204956 122.556038 91.988533 -173.385086 176.871857 174.838058 -168.666931 -160.336212 82.451653 117.084084 129.302719 179.995941 -179.994766 -178.615692 179.997375 -179.996460 -179.078049 0.000000 -0.000000 0.000000 164.995834 -179.978729 150.216110 179.988342 -179.986664 155.631348 179.988693 -179.994904 162.941956 0.000000 -0.000000 0.000000 179.994873 -179.979355 145.369690 179.983978 -179.986023 145.369690 179.985916 -179.998489 156.936218 0.000000 -0.000000 0.000000 9.998767 -0.004495 -33.992546 179.996475 -179.996979 146.007446 179.996918 -179.999649 157.360947 0.000000 -0.000000 0.000000 20.000757 0.002617 -16.942379 0.002239 0.003421 -25.413568 0.002322 0.001430 -16.925409
19.073793 86.500290 303.183868 8.780966 14.267640 4.025690 4.157053 -38.414803 4.664123 66.958824 130.050095 71.028381 13.172389 -10.693488 -0.287590 179.285645 -149.198532 173.748627 168.021759 130.352295 170.310303 178.571136 -146.561569 -173.332108 178.995407 175.404755 178.232468 178.996582 175.512558 177.109558 175.713455 177.225098 175.917404 179.999863 -170.287125 -178.769913 179.999725 -168.668274 -178.725937 2.012001 -8.363471 0.539961 3.083287 -2.376082 0.194136 1.913769 18.865294 71.340347 51.437138 1.768755 20.270622 17.860090 0.197339 -29.986914 27.684017 38.870552 18.640934 179.977707 -179.982300 -157.159241 179.990616 -179.983521 -164.788055 0.000000 -0.000002 0.000000 14.996904 0.013407 45.004765 179.990417 179.994095 -143.177933 179.992157 -179.999252 -154.224564 0.000000 -0.000002 0.000000 179.992645 179.980286 -140.703812 179.981720 179.989594 -140.703781 179.986221 -179.997543 -153.828735 0.000000 -0.000002 0.000000 169.991959 179.982269 -144.532043 179.983093 179.990387 -144.532028 179.987122 -179.998581 -156.378342 0.000000 -0.000002 0.000000 159.997025 179.994217 -161.263977 179.992935 179.993256 -151.895920 179.993729 179.998276 -161.282684 171.197815 -176.618683 -175.800400 176.524002 -172.805359 122.477890 90.639915 -175.932785 177.124466 177.141678 -168.582031 -160.690536 82.361465 116.608612 130.653366 179.995834 -179.983551 -177.914780 179.997406 -179.989014 -178.611237 179.999985 -179.999985 -180.000000 164.994934 -179.953400 150.002655 179.977066 -179.969254 155.456741 179.976379 -179.987259 162.819717 179.999985 -179.999985 -180.000000 179.995758 -179.971848 144.984833 179.980240 -179.979507 144.984818 179.981384 -179.996460 156.679886 179.999985 -179.999985 -180.000000 9.999203 -0.004527 -34.092678 179.996811 -179.996689 145.907303 179.997009 -179.999359 157.294296 179.999985 -179.999985 -180.000000 19.999710 -0.001526 -16.840591 179.998917 -179.997940 154.739105 179.998764 -179.999054 163.176224
19.095100 86.884186 306.779572 9.208642 14.271704 3.259557 4.184784 -42.288300 4.996760 67.857590 130.323776 71.887306 13.491067 -13.259226 0.597060 179.950043 -152.865036 174.628464 166.488022 132.055481 170.222336 178.134888 -145.188629 -173.175949 178.842117 175.458359 178.427475 178.842987 175.565933 177.442108 174.944031 177.278595 176.303543 179.999298 -170.408554 -178.784683 179.999496 -168.810043 -178.741608 2.351633 -8.262126 0.480131 2.566641 -2.527625 0.556903 2.088020 21.443247 70.266998 50.155712 -0.269423 20.295925 18.094793 -0.255335 -30.571678 31.918482 41.453114 19.256384 179.981644 -179.994766 -158.969955 179.989746 -179.992493 -165.994003 180.000000 -180.000000 179.999985 14.998853 0.011911 45.398083 179.992355 179.993912 -142.856079 179.993164 179.999863 -153.999283 180.000000 -180.000000 179.999985 179.996460 179.987152 -139.960968 179.988937 179.992554 -139.960953 179.991180 -179.998978 -153.334000 180.000000 -180.000000 179.999985 169.997101 179.992447 -143.721420 179.993179 179.995667 -143.721420 179.994629 -179.999588 -155.838470 180.000000 -180.000000 179.999985 160.001846 -179.996155 -160.776184 0.004488 -0.004565 28.835716 0.004080 -0.001235 19.204594 171.175858 -176.427383 -175.171280 175.614349 -169.022400 121.901962 89.154320 -178.553467 177.423965 175.816895 -169.987579 -161.105148 91.650696 115.961098 136.126251 179.996399 -179.990982 179.638870 179.997498 -179.994049 179.759491 0.000000 -0.000000 0.000000 164.999969 -179.980865 148.971222 179.991837 -179.986649 154.612823 179.990799 -179.994049 162.228989 0.000000 -0.000000 0.000000 179.999420 -179.981918 144.451111 179.988953 -179.985672 144.451126 179.988449 -179.996597 156.324432 0.000000 -0.000000 0.000000 9.999513 -0.009962 -34.082230 179.994003 -179.992035 145.917755 179.993713 -179.997894 157.301239 0.000000 -0.000000 0.000000 19.999807 -0.003033 -16.841509 179.998413 -179.995712 154.737762 179.997818 -179.997894 163.175339
19.112761 87.391495 310.518158 9.188744 14.265927 2.495598 4.756890 -46.533268 4.960701 69.517189 129.727173 73.564110 12.803598 -15.463420 1.480757 0.677254 -23.055597 -4.286312 165.397537 134.467651 170.401642 178.014206 -144.452789 -173.414001 178.677277 175.641190 178.621582 178.678268 175.745239 177.772018 174.114166 177.404449 176.702454 179.999908 -170.671967 -178.802872 179.999207 -169.117294 -178.759659 3.228114 -8.038880 0.355008 2.494950 -2.268240 0.637617 2.521425 23.823479 69.270531 49.734135 -1.935732 20.295229 18.184521 -0.610922 -31.303431 36.747597 44.044514 21.157881 179.994781 -179.999680 -160.570541 179.996811 -179.998672 -167.059982 0.000000 -0.000000 0.000000 15.003367 0.003301 46.217461 179.999924 179.996140 -142.185715 179.998291 179.997910 -153.529999 0.000000 -0.000000 0.000000 0.002013 0.003010 40.991821 179.999527 179.996414 -139.008179 179.998184 179.998413 -152.699448 0.000000 -0.000000 0.000000 170.000809 179.998001 -143.189224 179.999451 179.997910 -143.189240 179.998871 179.999115 -155.484039 0.000000 -0.000000 0.000000 159.999741 -179.998047 -160.935440 0.000553 -0.002894 28.596809 0.001236 -0.001525 19.045469 171.604248 -176.376282 -174.697205 174.762222 -165.870270 121.060867 87.240700 179.055222 177.906677 176.140793 -170.130356 -161.417694 95.714928 115.688011 137.988876 0.001239 -0.004616 -1.682471 0.000689 -0.003104 -1.120525 180.000000 -179.999985 -179.999985 165.001968 -179.983414 148.477737 179.994202 -179.987625 154.209061 179.992554 -179.993988 161.946350 180.000000 -179.999985 -179.999985 0.001348 -0.013270 -36.052692 179.993195 -179.988525 143.947311 179.991837 -179.996506 155.988907 180.000000 -179.999985 -179.999985 10.000865 -0.010113 -34.315472 179.994965 -179.991196 145.684570 179.993927 -179.997040 157.145905 180.000000 -179.999985 -179.999985 20.000488 -0.007509 -16.842726 179.997406 -179.989029 154.735886 179.995285 -179.994125 163.174103
19.136040 88.042923 314.337769 8.983178 14.258021 1.848771 5.660143 -50.175640 4.576506 74.991295 128.008820 79.305840 11.604836 -14.055516 1.535263 1.145668 -18.889378 -2.939173 164.694992 137.303558 170.501541 178.167007 -144.579742 -173.964111 178.520294 175.873871 178.800476 178.521439 175.972321 178.074173 173.327698 177.550674 177.075089 0.001083 -9.012106 1.166488 179.999725 -169.485779 -178.790604 4.313323 -7.771590 0.203524 2.539102 -1.888376 0.408450 3.217578 26.082268 68.646675 49.898140 -2.645354 19.814318 18.957203 0.129846 -31.570114 39.051830 44.946758 22.215759 179.998627 -179.999985 -161.243256 179.999146 -179.999710 -167.507996 180.000000 180.000000 179.999985 15.002559 0.000950 47.184528 0.000837 0.002059 38.605553 179.999557 179.998505 -152.976135 180.000000 180.000000 179.999985 0.002385 0.001114 41.805981 0.001017 0.002432 41.805965 179.999420 179.998337 -152.157227 180.000000 180.000000 179.999985 170.001801 179.998932 -142.735367 0.000775 0.001939 37.264652 179.999619 179.998672 -155.181763 180.000000 180.000000 179.999985 159.999649 -179.999710 -161.585556 179.999634 -179.999420 -152.378342 179.999969 -179.999542 -161.603943 171.990524 -176.364456 -174.292221 174.000305 -163.350937 120.109055 86.747406 177.879349 178.404129 174.886902 -170.827301 -161.444717 99.553749 115.620010 139.194763 0.003786 -0.001864 -3.200428 0.002421 -0.001412 -2.131490 0.000000 0.000003 0.000000 165.003052 -179.988388 147.871231 179.997025 -179.990646 153.712845 179.995209 -179.995071 161.598999 0.000000 0.000003 0.000000 0.001862 -0.007312 -36.574902 179.997116 -179.993042 143.425110 179.995682 -179.997406 155.641113 0.000000 0.000003 0.000000 10.001578 -0.006591 -34.694347 179.997513 -179.993698 145.305664 179.996246 -179.997498 156.893570 0.000000 0.000003 0.000000 20.001711 -0.007985 -17.066315 179.998886 -179.987808 154.400558 179.995789 -179.993027 162.950760
19.184174 88.798126 318.190521 8.107464 14.293809 0.918030 7.209958 -53.324524 4.293129 77.499214 125.330322 82.683968 9.020384 -15.059813 1.393314 1.533426 -14.991809 -1.194305 164.744736 140.272736 170.544662 178.408798 -146.470108 -174.456558 178.448837 176.160645 179.017273 178.450302 176.252808 178.436325 172.929535 177.694122 177.551834 0.002566 -8.650171 1.116822 0.000845 -10.092063 1.158574 5.581574 -7.463737 0.028742 2.656424 -1.554155 -0.117815 4.225572 28.297235 68.364487 50.544922 -2.802502 19.047710 19.530371 0.606641 -31.760380 40.200256 44.924999 22.492807 179.999771 179.999924 -161.612381 179.999847 -179.999985 -167.753860 0.000000 0.000000 -0.000003 15.000922 0.000169 47.976372 0.000400 0.000664 39.253372 179.999939 179.999466 -152.522629 0.000000 0.000000 -0.000003 0.001480 0.000322 42.641304 0.000862 0.001245 42.641304 179.999847 179.998993 -151.600891 0.000000 0.000000 -0.000003 170.001373 179.999649 -141.974396 0.000846 0.001125 38.025593 179.999985 179.999069 -154.674942 0.000000 0.000000 -0.000003 160.000168 179.999954 -161.917831 0.000213 0.000157 27.123236 0.000078 0.000158 18.064093 172.379974 -176.380463 -174.068695 173.209763 -161.446487 119.242409 86.234634 177.248260 179.070618 173.558167 -171.239334 -161.255554 102.613304 115.714661 139.722458 0.003517 -0.000841 -4.627511 0.002265 -0.000772 -3.081924 0.000000 -0.000000 0.000000 165.001892 -179.995163 147.221649 179.999146 -179.995819 153.181335 179.998154 -179.997665 161.226959 0.000000 -0.000000 0.000000 0.000947 -0.002496 -36.997124 179.999268 -179.997437 143.002899 179.998566 -179.998932 155.359924 0.000000 -0.000000 0.000000 10.000890 -0.002470 -35.070374 179.999313 -179.997467 144.929626 179.998657 -179.998886 156.643143 0.000000 -0.000000 0.000000 20.002218 -0.006795 -17.433977 0.000068 -0.010723 -26.150969 179.996857 -179.993591 162.583450
19.262152 89.619980 322.074707 6.957003 14.186032 -0.063795 9.293443 -55.618832 3.806806 81.934364 122.313377 88.470787 6.445470 -15.922240 0.913017 1.377902 -11.481050 0.527184 165.700729 142.885284 170.677170 178.873184 -147.867889 -175.047653 178.427139 176.416489 179.247467 178.428711 176.501358 178.817261 172.771301 177.792358 178.060623 0.003352 -8.249605 1.040950 0.001913 -9.624763 1.079994 6.792677 -7.119215 -0.143035 2.690356 -1.349567 -0.796170 5.344522 30.463921 68.264923 51.452888 -2.563207 18.183474 20.017429 0.661888 -31.764999 40.625862 44.414318 22.200951 0.000012 0.000120 18.164845 179.999985 179.999924 -167.902206 180.000000 180.000000 -180.000000 15.000157 0.000027 48.449623 0.000074 0.000109 39.640610 179.999985 179.999908 -152.251572 180.000000 180.000000 -180.000000 0.000407 0.000077 43.474434 0.000241 0.000332 43.474445 179.999969 179.999725 -151.046021 180.000000 180.000000 -180.000000 170.000381 179.999924 -141.057434 0.000233 0.000296 38.942543 180.000000 179.999741 -154.064240 180.000000 180.000000 -180.000000 160.000137 179.999969 -161.822128 0.000156 0.000105 27.266821 0.000060 0.000108 18.159685 172.624527 -176.410583 -174.000320 172.398361 -160.151871 118.542290 85.626846 177.168198 179.830200 172.195511 -171.727921 -160.939850 105.187744 115.876686 139.990524 0.000583 -0.000166 -5.917084 0.000378 -0.000147 -3.940774 0.000000 -0.000000 0.000000 164.999924 179.999863 146.768860 0.000008 0.000128 -27.189093 0.000040 0.000083 -19.032366 0.000000 -0.000000 0.000000 0.000264 -0.000419 -37.211857 179.999969 -179.999512 142.788132 179.999771 -179.999771 155.216888 0.000000 -0.000000 0.000000 10.000588 -0.000983 -35.260838 179.999924 -179.998871 144.739166 179.999512 -179.999420 156.516281 0.000000 -0.000000 0.000000 20.002005 -0.003711 -17.917545 0.001127 -0.006230 -26.876341 179.998779 -179.995956 162.100357
19.371038 90.508255 326.003204 5.743228 13.902628 -1.063493 11.638451 -57.039200 3.118448 88.683289 119.554207 96.800301 4.249346 -16.867886 0.429089 0.544953 -8.115761 2.039413 167.708832 145.228027 171.093674 178.568771 -151.621140 -175.160919 178.413010 176.606247 179.506729 178.414261 176.683029 179.245224 172.655212 177.825104 178.622574 0.002790 -7.823860 0.943051 0.002170 -9.127941 0.977892 7.974354 -6.747844 -0.312325 2.636059 -1.352703 -1.776739 6.589343 32.554123 68.481003 52.513134 -1.994664 17.398211 20.467733 0.277175 -31.615911 40.830879 43.989822 21.606583 0.000004 0.000114 17.871702 179.999985 179.999924 -168.097443 0.000000 -0.000000 0.000000 14.999978 -0.000003 48.703281 179.999985 -179.999985 -140.151855 0.000002 -0.000013 27.893702 0.000000 -0.000000 0.000000 179.999908 -179.999985 -135.806198 179.999939 -179.999924 -135.806198 0.000003 -0.000063 29.433079 0.000000 -0.000000 0.000000 169.999908 -179.999985 -140.261597 179.999939 -179.999939 -140.261597 179.999985 -179.999939 -153.534241 0.000000 -0.000000 0.000000 159.999969 -180.000000 -161.498383 179.999939 -179.999985 -152.247589 179.999985 -179.999969 -161.516907 172.839569 -176.425415 -174.141388 171.638443 -159.396576 118.049713 84.850243 177.451447 -179.425858 172.110214 -171.961929 -160.642914 105.837814 116.018402 140.235504 0.000336 -0.000138 -6.160319 0.000216 -0.000120 -4.102773 0.000003 0.000000 -0.000003 164.999252 179.999069 146.745453 179.999908 179.999023 152.791718 0.000250 0.000634 -19.045797 0.000003 0.000000 -0.000003 0.000122 -0.000168 -37.280178 180.000000 -179.999802 142.719818 179.999924 -179.999878 155.171387 0.000003 0.000000 -0.000003 10.000373 -0.000523 -35.414581 0.000000 -0.000642 -35.414581 179.999756 -179.999649 156.413895 0.000003 0.000000 -0.000003 20.001371 -0.002155 -18.492437 0.000910 -0.003729 -27.738651 179.999374 -179.997513 161.526047
19.519373 91.442390 329.920410 4.540441 13.495312 -1.974706 13.840549 -56.996281 2.574852 103.308189 118.096581 112.845581 2.235146 -16.098541 -0.071848 179.287445 -174.953430 -176.861130 170.516846 147.210403 171.736069 178.084839 -155.971985 -175.431503 178.465546 176.654114 179.738037 178.466599 176.724701 179.625809 172.861832 177.753769 179.125763 0.002871 -7.491673 0.860943 0.002537 -8.740340 0.892643 8.702272 -6.454667 -0.413349 2.279246 -1.549050 -2.754802 7.645117 34.347500 68.881416 53.623638 -1.316290 16.793272 20.898197 -0.320874 -31.422747 41.058605 43.944691 20.874460 179.999939 179.999939 -162.587112 179.999954 179.999985 -168.403015 0.000000 -0.000000 0.000000 14.999973 -0.000003 48.858086 180.000000 -179.999985 -140.025208 0.000002 -0.000013 27.982357 0.000000 -0.000000 0.000000 179.999863 -179.999969 -135.195587 179.999939 -179.999878 -135.195587 0.000023 -0.000093 29.839750 0.000000 -0.000000 0.000000 169.999893 -179.999969 -139.700577 179.999954 -179.999908 -139.700562 0.000009 -0.000074 26.839422 0.000000 -0.000000 0.000000 160.000000 -179.999985 -161.203842 179.999985 -179.999985 -151.805786 179.999985 -179.999985 -161.222672 172.578979 -176.271912 -174.281616 171.089676 -159.046188 117.768417 83.856071 177.862198 -178.897202 172.158722 -172.123184 -160.296722 105.819687 116.085762 139.833832 0.000223 -0.000139 -6.356562 0.000137 -0.000105 -4.233470 180.000000 179.999985 179.999985 164.999191 179.999084 146.968643 179.999847 179.999008 152.974350 0.000215 0.000673 -18.917952 180.000000 179.999985 179.999985 0.000120 -0.000132 -37.320686 0.000002 -0.000165 -37.320702 179.999939 -179.999893 155.144409 180.000000 179.999985 179.999985 10.000278 -0.000363 -35.549763 0.000017 -0.000457 -35.549755 179.999847 -179.999741 156.323853 180.000000 179.999985 179.999985 20.000694 -0.001039 -19.081396 0.000460 -0.001789 -28.622095 179.999710 -179.998810 160.937698
19.670177 92.439621 333.817200 3.304889 12.992016 -2.883641 16.829853 -56.643024 1.500670 116.041527 118.535118 127.459816 0.706380 -16.655758 -0.321807 177.269043 -177.864807 -175.971375 175.105865 149.080093 172.927689 176.649078 -157.530502 -175.480286 178.534744 176.642212 179.968292 178.534973 176.706024 -179.993927 173.151505 177.636765 179.627533 179.999100 -172.822021 -179.214966 179.998993 -171.625671 -179.187012 9.393568 -6.173876 -0.506670 1.966147 -1.787284 -3.841686 8.469461 36.071457 69.333405 54.894966 -0.699749 16.519169 21.214460 -0.948114 -31.247091 41.326000 44.201691 19.941776 179.997635 179.999527 -163.235138 179.998413 -179.999847 -168.834595 0.000000 -0.000000 0.000000 15.000414 0.000575 49.010330 179.999878 179.999451 -139.900635 179.999680 179.999756 -151.930450 0.000000 -0.000000 0.000000 179.999405 -179.999298 -134.639893 0.000080 -0.000920 45.360115 0.000473 -0.000391 30.209827 0.000000 -0.000000 0.000000 169.999817 -179.999802 -139.226395 179.999985 -179.999725 -139.226349 0.000118 -0.000143 27.155231 0.000000 -0.000000 0.000000 160.001999 179.997910 -161.314285 0.001854 0.003908 28.028568 179.999893 179.997116 -161.332947 172.392319 -176.119751 -174.476151 170.398254 -158.811005 117.631500 82.666794 178.457123 -178.440079 172.243759 -172.221191 -159.865356 105.581650 116.044952 139.046539 0.001079 -0.004014 -6.612396 0.000386 -0.002741 -4.403856 0.000000 -0.000000 0.000000 165.000397 -179.999496 147.620438 0.000055 -0.000517 -26.492363 179.999863 -179.999664 161.455338 0.000000 -0.000000 0.000000 0.001502 -0.002470 -37.371426 179.999695 -179.997116 142.628616 179.998672 -179.998627 155.110626 0.000000 -0.000000 0.000000 10.001632 -0.003440 -35.767200 179.999313 -179.996231 144.232803 179.998154 -179.998276 156.179031 0.000000 -0.000000 0.000000 20.002268 -0.007061 -19.708862 179.999527 -179.988892 150.436676 179.996033 -179.993729 160.310867
19.972662 93.366425 337.727448 2.512523 12.247019 -3.116280 19.236122 -55.060707 0.617231 129.788696 122.655960 142.134598 179.866074 -164.427612 -179.771301 176.163208 179.499832 -176.689499 0.354219 29.293692 -4.229501 173.656326 -167.898499 -177.286255 178.549774 176.457108 -179.889191 178.550003 176.521973 -179.754150 173.193237 177.450790 179.917267 0.000245 -6.870615 0.690103 0.000203 -8.015733 0.714860 9.930687 -5.899900 -0.579267 1.754496 -2.079218 -5.124084 9.222070 37.329659 70.203575 56.123581 -0.546812 16.559683 21.345798 -0.754968 -31.438971 41.658085 44.910557 19.678656 179.999115 179.999542 -163.678741 179.999344 179.999863 -169.130051 0.000000 -0.000000 0.000003 15.000323 0.000875 48.926594 179.999619 179.999329 -139.969193 179.999496 179.999817 -151.978424 0.000000 -0.000000 0.000003 179.999832 -179.999603 -134.461548 0.000146 -0.000408 45.538448 0.000261 -0.000115 30.328594 0.000000 -0.000000 0.000003 170.000229 179.999588 -139.116028 179.999893 179.999527 -139.116043 179.999741 179.999802 -152.771271 0.000000 -0.000000 0.000003 160.001373 179.997681 -161.718872 0.000895 0.003955 27.421698 179.999329 179.997375 -161.737152 171.998703 -175.878098 -175.065872 170.489990 -158.937469 117.813988 81.396164 179.064240 -178.619156 172.527069 -172.577652 -159.493530 104.589996 116.002335 137.409988 179.999969 -179.996017 173.113693 179.999649 -179.997375 175.413712 0.000000 0.000000 -0.000003 165.000854 -179.998199 147.700256 179.999802 -179.998383 153.572937 179.999374 -179.999054 161.501068 0.000000 0.000000 -0.000003 0.000330 -0.001482 -37.538731 179.999359 -179.998642 142.461288 179.999100 -179.999542 154.999191 0.000000 0.000000 -0.000003 10.000070 -0.001625 -36.033691 179.999084 -179.998672 143.966324 179.998993 -179.999619 156.001556 0.000000 0.000000 -0.000003 19.999426 -0.004006 -20.202959 179.997101 -179.994659 149.695557 179.996536 -179.997925 159.817245
20.341772 94.201385 341.639862 1.756066 11.515325 -3.163516 20.886272 -53.154308 0.344696 140.939529 129.502609 153.458389 179.171844 -166.643799 -179.141403 175.755920 177.085617 -177.923996 5.496303 27.524570 -0.864998 170.850906 -177.451492 179.830902 178.581482 176.260864 -179.784210 178.581726 176.327820 -179.577133 173.318649 177.272873 -179.868820 0.001871 -6.552461 0.580135 0.001884 -7.644544 0.601249 10.262386 -5.616318 -0.633541 1.742525 -2.215139 -6.206122 9.582697 38.283630 70.772697 57.311611 -0.826756 16.792686 21.360277 -0.101639 -31.810602 41.862419 45.411758 19.920162 179.999008 179.998718 -163.763382 179.999115 179.999374 -169.186401 0.000000 -0.000000 0.000000 15.000248 0.001082 48.822281 179.999466 179.999268 -140.054550 179.999390 179.999847 -152.038162 0.000000 -0.000000 0.000000 179.999939 -179.999817 -134.392639 0.000096 -0.000174 45.607380 0.000129 -0.000039 30.374487 0.000000 -0.000000 0.000000 170.000168 179.999542 -139.171066 179.999847 179.999542 -139.171082 179.999725 179.999847 -152.807922 0.000000 -0.000000 0.000000 160.000702 179.998337 -162.090942 0.000247 0.002696 26.863590 179.999344 179.998322 -162.108826 171.507065 -175.623032 -175.700485 170.836060 -159.155853 118.007568 80.195946 179.521133 -179.008377 172.899048 -173.072998 -159.228622 103.603409 115.944336 135.780930 179.999313 -179.996628 172.842438 179.999252 -179.997833 175.233047 0.000000 -0.000000 0.000007 165.000015 -179.998032 147.623138 179.999146 -179.998642 153.509842 179.999039 -179.999435 161.456909 0.000000 -0.000000 0.000007 179.999634 -179.998962 142.339767 179.999069 -179.999420 142.339783 179.999283 179.999924 154.918289 0.000000 -0.000000 0.000007 9.999433 -0.000960 -36.184196 179.998947 -179.999573 143.815842 179.999268 179.999832 155.901321 0.000000 -0.000000 0.000007 19.998203 -0.002209 -20.591167 179.996277 -179.997894 149.113235 179.997147 179.999908 159.429443
20.728756 94.913506 345.602051 0.999177 10.802145 -3.095847 22.065943 -51.124107 0.346884 145.364182 134.742966 158.068207 179.788986 -165.646118 -177.874390 177.192032 174.296860 -179.148346 9.018081 25.133501 2.663190 167.170883 172.434402 176.422577 178.602448 176.063278 -179.692169 178.602722 176.132492 -179.421265 173.394699 177.100098 -179.684219 0.002593 -6.266183 0.455212 0.002690 -7.310556 0.471946 10.742757 -5.354425 -0.715157 1.788101 -2.577106 -7.157929 10.416533 39.168804 71.924530 58.305809 -1.100789 16.598211 21.297905 0.859824 -32.248768 42.208199 45.627094 20.262114 179.998154 179.996765 -163.798172 179.998245 179.998260 -169.209579 0.000000 -0.000000 0.000000 15.000228 0.001057 48.712608 179.999466 179.999298 -140.144165 179.999405 179.999847 -152.100937 0.000000 -0.000000 0.000000 0.000084 0.000279 45.656590 179.999847 179.999741 -134.343384 179.999817 179.999954 -149.592667 0.000000 -0.000000 0.000000 170.000000 -179.999969 -139.248901 0.000017 -0.000038 40.751137 0.000022 -0.000012 27.140242 0.000000 -0.000000 0.000000 160.000122 179.999741 -162.348297 0.000019 0.000413 26.477566 179.999893 179.999741 -162.365952 171.224976 -175.321762 -176.303391 171.352097 -159.343964 118.011978 79.205986 179.704620 -179.560410 173.294327 -173.611038 -159.108185 102.457901 115.885429 134.148453 179.998932 -179.996674 172.657562 179.999023 -179.997894 175.109924 180.000000 -179.999985 -179.999985 164.998886 -179.998581 147.419647 179.998611 -179.999496 153.343338 179.998978 179.999863 161.340347 180.000000 -179.999985 -179.999985 179.998917 -179.999176 142.242691 179.998657 179.999985 142.242691 179.999298 179.999435 154.853607 180.000000 -179.999985 -179.999985 9.998901 -0.000660 -36.290146 179.998734 179.999878 143.709900 179.999359 179.999405 155.830765 180.000000 -179.999985 -179.999985 19.997616 -0.001221 -20.873247 179.996048 -179.999588 148.690125 179.997620 179.998856 159.147614
21.093216 95.486435 349.601685 0.251362 10.082465 -2.960498 22.974180 -48.864594 0.426739 150.463242 142.556305 163.324921 0.120177 -12.643560 2.687329 179.468964 171.718430 -179.863022 9.310044 23.733265 4.618356 165.137833 164.140671 173.417480 178.631683 175.856262 -179.616211 178.631989 175.928284 -179.292953 173.509674 176.928711 -179.532288 0.002060 -6.044706 0.324959 0.002180 -7.052155 0.336904 11.099525 -5.147142 -0.795506 1.661106 -3.158823 -7.789722 11.525133 40.010841 73.023544 59.213867 -1.511693 16.216267 21.193111 1.971668 -32.621838 42.178574 45.612022 21.513874 179.985428 179.978256 -163.146332 179.986755 179.988663 -168.775467 0.000002 -0.000000 0.000000 15.000407 0.001547 48.650894 179.999283 179.998917 -140.194733 179.999130 179.999741 -152.136307 0.000002 -0.000000 0.000000 0.000315 0.000933 45.669193 179.999557 179.999130 -134.330811 179.999374 179.999802 -149.584320 0.000002 -0.000000 0.000000 169.999725 -179.999191 -139.288086 0.000310 -0.000803 40.711864 0.000506 -0.000268 27.114120 0.000002 -0.000000 0.000000 159.999756 -179.999359 -162.418701 179.999954 -179.998978 -153.628052 0.000272 -0.000621 17.563715 171.140518 -174.980270 -176.717834 171.622772 -159.796982 118.058647 78.308014 179.725662 -179.797211 173.706375 -174.145950 -159.159821 101.361794 115.815063 132.714737 179.998398 -179.995590 172.546310 179.998550 -179.997238 175.035858 0.000000 -0.000000 0.000000 164.998138 -179.999252 147.174240 179.998413 179.999680 153.142563 179.999100 179.999268 161.199799 0.000000 -0.000000 0.000000 179.998169 -179.999496 142.127426 179.998260 179.999283 142.127426 179.999374 179.998886 154.776871 0.000000 -0.000000 0.000000 9.989564 -0.002433 -35.828777 179.990173 179.995728 144.171234 179.996429 179.993835 156.138062 0.000000 -0.000000 0.000000 19.997871 -0.000452 -21.126326 179.996780 179.999466 148.310501 179.998383 179.998581 158.894775
21.411894 95.927399 353.655518 179.534485 170.655945 177.212036 23.821201 -46.292362 0.491228 152.249695 148.606430 165.941299 1.243739 -13.239849 3.544791 2.215264 10.459008 0.012461 7.616545 23.434004 5.809353 163.835129 155.331650 170.671219 178.667053 175.628326 -179.551559 178.667435 175.703842 -179.183823 173.652298 176.748001 -179.404022 0.000905 -5.919575 0.202433 0.000972 -6.906166 0.209793 11.385642 -5.022788 -0.877867 1.436269 -3.838180 -8.117809 12.802665 40.684185 74.046486 60.066769 -2.043911 15.606256 21.077459 3.120234 -32.850822 44.031677 46.170544 17.882210 179.999329 179.998337 -165.962830 179.999298 179.999039 -170.651245 0.000000 0.000000 -0.000003 15.000816 0.002575 48.588223 179.998871 179.998108 -140.246048 179.998550 179.999481 -152.172226 0.000000 0.000000 -0.000003 0.000696 0.001862 45.646225 179.999176 179.998199 -134.353760 179.998764 179.999557 -149.599625 0.000000 0.000000 -0.000003 169.999863 -179.999664 -139.204819 0.000120 -0.000343 40.795216 0.000212 -0.000124 27.169603 0.000000 0.000000 -0.000003 159.999954 -179.999893 -162.345581 179.999985 -179.999832 -153.518372 0.000042 -0.000109 17.636772 170.687805 -174.406357 -176.858841 172.372238 -160.594452 117.896744 77.560661 179.487091 -179.917847 174.097763 -174.609070 -159.376556 100.887917 115.696136 131.723694 179.998047 -179.995026 172.316284 179.998245 -179.996902 174.882629 0.000000 -0.000000 0.000000 164.997665 179.999985 146.919601 179.998413 179.998932 152.934219 179.999344 179.998810 161.053955 0.000000 -0.000000 0.000000 179.997513 179.999985 141.974136 179.998062 179.998444 141.974106 179.999619 179.998398 154.674759 0.000000 -0.000000 0.000000 9.999154 -0.000001 -37.277153 179.999329 179.999481 142.722794 179.999847 179.999466 155.173431 0.000000 -0.000000 0.000000 19.999104 0.000007 -21.353699 179.998749 179.999481 147.969467 179.999466 179.999268 158.667648
21.681038 96.223122 357.734619 178.879547 171.435043 177.428314 24.809879 -43.533978 0.327987 152.468903 154.194977 167.796021 2.590219 -14.115420 4.320535 5.094912 12.119273 0.497725 4.385061 24.454060 6.157533 164.399185 151.730194 169.136017 178.699600 175.374084 -179.494949 178.700089 175.453796 -179.087616 173.781189 176.552155 -179.294678 179.999908 -174.105377 -179.908310 179.999908 -173.122940 -179.905075 11.709856 -4.983130 -0.972281 1.221849 -4.477839 -8.232216 14.113707 41.071415 75.006523 60.891449 -2.441662 14.754445 21.016884 4.024877 -32.988895 44.073296 46.370872 17.209282 179.999557 179.999176 -166.364975 179.999603 179.999512 -170.919083 0.000000 -0.000000 0.000000 15.001369 0.003867 48.468048 179.998398 179.997055 -140.344315 179.997833 179.999115 -152.241028 0.000000 -0.000000 0.000000 0.000952 0.002237 45.533131 179.999069 179.997772 -134.466843 179.998505 179.999390 -149.674942 0.000000 -0.000000 0.000000 170.000198 179.999588 -139.144852 179.999863 179.999557 -139.144852 179.999741 179.999832 -152.790482 0.000000 -0.000000 0.000000 160.000244 179.999496 -162.309311 0.000108 0.000825 26.536003 179.999832 179.999481 -162.327011 170.761383 -173.745132 -176.879913 172.721085 -161.581696 117.585411 76.952789 179.028992 -179.953735 174.482574 -174.976913 -159.718658 100.852158 115.521118 130.882477 179.998428 -179.995529 171.921661 179.998535 -179.997192 174.619843 0.000000 -0.000000 0.000000 164.997620 179.999222 146.637863 179.998734 179.998413 152.703735 179.999725 179.998611 160.892624 0.000000 -0.000000 0.000000 179.997253 179.999313 141.767395 179.998291 179.997757 141.767395 0.000038 0.001882 -25.462904 0.000000 -0.000000 0.000000 9.999896 0.000013 -37.379429 179.999939 179.999924 142.620560 180.000000 179.999924 155.105270 0.000000 -0.000000 0.000000 19.991396 0.001889 -21.052485 179.989044 179.992584 148.421310 179.996460 179.991943 158.968582
21.903818 96.387192 361.805023 178.287628 172.216003 177.678467 25.772253 -40.764397 0.041259 151.869568 158.883194 169.337692 3.616718 -15.201950 4.799395 7.863932 13.060055 1.349373 0.053867 27.000849 5.589848 166.181122 150.278580 168.115799 178.730347 175.110489 -179.445450 178.730865 175.194687 -179.002777 173.903046 176.352707 -179.199951 179.999451 -174.042343 179.998352 179.999405 -173.049408 179.998199 12.051544 -5.018271 -1.071992 1.043115 -5.016605 -8.192638 15.424857 41.075928 76.032021 61.628250 -2.560693 13.651961 21.010561 4.620242 -33.111710 43.882748 46.658642 16.533361 179.999725 179.999649 -166.678452 179.999771 179.999817 -171.127869 0.000000 -0.000000 0.000000 15.005702 0.015094 48.716534 179.993958 179.988266 -140.141022 179.991516 179.996323 -152.098740 0.000000 -0.000000 0.000000 0.001111 0.002463 45.384163 179.999039 179.997482 -134.615845 179.998352 179.999268 -149.774155 0.000000 -0.000000 0.000000 170.000259 179.999466 -139.170212 179.999847 179.999435 -139.170242 179.999680 179.999786 -152.807373 0.000000 -0.000000 0.000000 160.000153 179.999710 -162.354874 0.000081 0.000483 26.467701 179.999908 179.999695 -162.372482 171.052567 -172.995651 -176.858185 172.959579 -162.828537 117.173409 76.462044 178.397598 -179.967850 174.869186 -175.255142 -160.113785 101.357559 115.336586 130.370590 179.999466 -179.996567 171.394821 179.999283 -179.997772 174.268936 0.000000 -0.000000 0.000003 164.998093 179.998779 146.344101 179.999268 179.998306 152.463394 0.000097 0.001288 -19.275637 0.000000 -0.000000 0.000003 179.997711 179.998810 141.507462 179.998947 179.997635 141.507492 0.000437 0.001672 -25.636017 0.000000 -0.000000 0.000003 10.000728 -0.000345 -37.428928 0.000351 -0.000696 -37.428913 179.999908 -179.999466 155.072357 0.000000 -0.000000 0.000003 20.001394 -0.000636 -22.140182 0.001579 -0.001650 -33.210289 0.000271 -0.001492 -22.118057
22.115311 96.430611 365.833099 177.765671 172.956024 177.956741 25.990816 -38.128738 0.128235 151.435974 162.550964 170.630096 4.047650 -16.351198 4.834471 9.319252 12.836761 2.004601 176.619553 148.884888 -175.611450 168.350830 149.910873 167.709274 178.758392 174.857254 -179.401703 178.758911 174.945816 -178.927536 174.013779 176.162704 -179.116241 179.999329 -173.928696 179.920135 179.999268 -172.916824 179.917175 12.397726 -5.096808 -1.172071 0.920178 -5.352387 -8.030931 16.267361 40.674564 76.396881 62.347626 -2.657672 12.809413 21.009346 4.946673 -33.317257 43.619587 47.063854 15.954186 179.999985 179.999985 -166.934036 179.999969 179.999985 -171.298065 0.000000 -0.000000 0.000003 15.001812 0.004932 47.070789 179.998077 179.996155 -141.487518 179.997269 179.998718 -153.041290 0.000000 -0.000000 0.000003 0.001152 0.002478 45.194744 179.999069 179.997437 -134.805283 179.998352 179.999237 -149.900284 0.000000 -0.000000 0.000003 170.000259 179.999512 -139.213226 179.999863 179.999466 -139.213242 179.999710 179.999786 -152.836014 0.000000 -0.000000 0.000003 159.999878 -179.999741 -162.403152 179.999924 -179.999557 -153.604721 0.000079 -0.000291 17.579250 171.343369 -172.207397 -177.103333 173.174637 -164.431290 117.003395 76.033272 177.667709 -179.956558 175.307983 -175.453171 -160.502472 102.353783 115.205070 130.237915 0.000903 -0.002281 -9.212844 0.000339 -0.001603 -6.135759 0.000000 -0.000000 0.000000 164.999207 179.999176 146.057953 179.999847 179.999069 152.229248 0.000202 0.000630 -19.439537 0.000000 -0.000000 0.000000 179.998779 179.998962 141.243561 179.999710 179.998428 141.243607 0.000495 0.000951 -25.811779 0.000000 -0.000000 0.000000 10.001322 -0.001022 -37.402885 0.000429 -0.001614 -37.402897 179.999588 -179.998962 155.089676 0.000000 -0.000000 0.000000 20.001377 -0.001018 -22.034559 0.001348 -0.002190 -33.051826 179.999969 -179.998291 157.987473
22.331450 96.353943 369.784943 177.356567 173.633865 178.274689 24.691784 -35.910339 0.980213 152.146896 164.969299 171.589844 3.697536 -17.189636 4.340773 9.812516 12.009116 2.209109 174.495544 144.048477 -176.939560 169.953949 149.713394 167.672592 178.776398 174.619263 -179.358795 178.776917 174.711823 -178.853470 174.076675 175.982971 -179.035767 179.999176 -173.787308 179.846497 179.999084 -172.751877 179.840897 12.771410 -5.197399 -1.277995 0.930670 -5.396837 -7.846759 16.711784 39.715218 76.431152 62.962917 -2.565679 12.107150 20.960171 5.022631 -33.697933 43.265293 47.470520 15.600817 0.000040 -0.000044 12.967542 0.000040 -0.000013 8.636387 180.000000 -180.000000 179.999985 15.001406 0.003954 46.593166 179.998459 179.996948 -141.878296 179.997833 179.998962 -153.314819 180.000000 -180.000000 179.999985 0.003987 0.008511 45.267960 179.996857 179.991135 -134.732056 179.994370 179.997284 -149.851562 180.000000 -180.000000 179.999985 170.000122 179.999771 -139.268005 179.999954 179.999741 -139.268005 179.999863 179.999893 -152.872482 180.000000 -180.000000 179.999985 159.999756 -179.999527 -162.389862 179.999847 -179.999207 -153.584793 0.000136 -0.000514 17.592520 171.807281 -171.777664 -177.184677 173.478485 -165.710129 116.402840 75.775452 176.795288 179.782928 175.814346 -175.569931 -160.835358 103.854340 115.192085 130.475098 0.002251 -0.001128 -9.915756 0.001334 -0.001004 -6.603896 0.000000 -0.000000 0.000000 165.000305 -179.999512 145.869751 179.999985 -179.999512 152.075256 179.999847 -179.999710 160.452682 0.000000 -0.000000 0.000000 179.996063 179.994904 141.300247 0.000150 0.006441 -38.699776 0.002781 0.003257 -25.774036 0.000000 -0.000000 0.000000 10.001403 -0.001647 -37.286579 0.000128 -0.002184 -37.286572 179.999207 -179.998810 155.167130 0.000000 -0.000000 0.000000 20.001137 -0.001268 -21.899401 0.000877 -0.002408 -32.849113 179.999634 -179.998337 158.122482
22.541965 96.153015 373.636230 177.076111 174.215607 178.615585 21.797077 -34.381439 2.946159 154.253403 166.035339 171.770844 2.684367 -17.205166 3.511635 9.286153 10.655809 1.931123 173.974701 138.622726 -178.169952 171.302872 150.752319 167.999512 178.784882 174.397308 -179.309372 178.785385 174.493362 -178.768250 174.091751 175.811172 -178.943314 179.998749 -173.618607 179.770706 179.998596 -172.555069 179.762344 13.136785 -5.319488 -1.391685 1.058760 -5.173937 -7.680023 16.727373 38.174599 76.089348 63.472588 -2.282628 11.662916 20.831570 4.869803 -34.295891 42.811016 47.785927 15.348595 179.999786 -179.999954 -167.012756 179.999863 -179.999924 -171.350479 0.000000 -0.000000 0.000000 15.001269 0.003772 46.182896 179.998505 179.997116 -142.213989 179.997925 179.999039 -153.549789 0.000000 -0.000000 0.000000 0.000732 0.001636 44.065357 179.999405 179.998306 -135.934631 179.998932 179.999466 -150.652451 0.000000 -0.000000 0.000000 169.999908 -179.999802 -139.311783 0.000053 -0.000215 40.688229 0.000119 -0.000085 27.098351 0.000000 -0.000000 0.000000 159.999496 -179.999100 -162.363998 179.999710 -179.998474 -153.545990 0.000276 -0.000993 17.618376 172.345352 -171.597382 -177.365646 173.708923 -166.904175 115.796051 75.642090 175.925476 179.425369 176.404724 -175.572144 -161.078781 105.680084 115.362411 131.067276 0.003085 -0.000058 -10.627782 0.002021 -0.000416 -7.078099 0.000000 -0.000000 0.000000 165.000916 -179.997665 145.852066 179.999557 -179.998001 152.060776 179.999069 -179.998932 160.442551 0.000000 -0.000000 0.000000 0.001047 -0.002102 -39.603100 179.999466 -179.997726 140.396866 179.998764 -179.999069 153.624329 0.000000 -0.000000 0.000000 10.001069 -0.001927 -37.101349 179.999695 -179.997803 142.898651 179.998962 -179.998962 155.290497 0.000000 -0.000000 0.000000 20.000864 -0.001486 -21.757681 0.000415 -0.002561 -32.636520 179.999329 -179.998413 158.264069
22.757479 95.831841 377.377258 176.913269 174.690079 178.962112 17.815895 -33.329521 5.646656 157.754745 165.900665 171.364944 1.127058 -18.017326 2.816649 7.830165 8.848613 1.345529 175.334366 132.836945 -178.887390 172.034668 151.958008 168.555634 178.792038 174.180527 -179.255966 178.792480 174.279922 -178.676407 174.098328 175.642151 -178.842072 179.998215 -173.407410 179.698883 179.997940 -172.308716 179.687927 13.457165 -5.477385 -1.508932 1.207405 -4.774280 -7.468185 16.356550 36.146736 75.302193 63.933323 -2.001397 11.579264 20.435465 4.578471 -35.066257 42.065823 47.817627 15.102907 179.999847 -179.998123 -166.795670 0.000192 -0.001240 8.794087 0.000000 0.000002 0.000000 15.001245 0.005304 45.741333 179.997635 179.996231 -142.575272 179.997086 179.998917 -153.802704 0.000000 0.000002 0.000000 0.000602 0.001880 43.857941 179.999146 179.998230 -136.142044 179.998779 179.999557 -150.790604 0.000000 0.000002 0.000000 169.999649 -179.999054 -139.315048 0.000361 -0.000953 40.684940 0.000595 -0.000328 27.096182 0.000000 0.000002 0.000000 159.999268 -179.998184 -162.278717 179.999802 -179.997086 -153.418060 0.000753 -0.001797 17.703583 172.721298 -171.718597 -177.524536 173.999680 -167.952744 115.153984 75.643509 175.110107 179.012207 177.032227 -175.413483 -161.220627 107.926285 115.699059 132.225571 0.003015 0.000672 -11.296099 0.002041 0.000033 -7.523201 0.000003 -0.000000 0.000000 165.000763 -179.996063 146.051392 179.998718 -179.996979 152.223862 179.998230 -179.998550 160.556717 0.000003 -0.000000 0.000000 0.000956 -0.003419 -39.419003 179.998581 -179.996765 140.581009 179.997910 -179.998917 153.746948 0.000003 -0.000000 0.000000 10.000646 -0.001975 -36.890224 179.999329 -179.998032 143.109787 179.998856 -179.999207 155.431107 0.000003 -0.000000 0.000000 20.000582 -0.001596 -21.597971 179.999954 -179.997467 147.603043 179.999054 -179.998611 158.423615
22.960897 95.389153 381.008301 176.861954 175.056793 179.289932 13.908014 -32.995834 8.304273 161.526321 164.280167 170.430832 179.235291 -163.029877 -178.018982 5.850671 6.774219 0.761094 178.187271 127.069046 -178.875854 172.304260 153.028641 169.280396 178.791168 173.984314 -179.193924 178.791580 174.086456 -178.569916 174.066299 175.483963 -178.723694 179.997742 -173.155777 179.633545 179.997375 -172.015152 179.620224 13.766603 -5.668968 -1.631306 1.363166 -4.186697 -7.197745 15.594924 33.709919 74.093834 64.633461 -1.605064 11.982113 20.271536 4.582782 -36.084106 41.524311 47.696121 16.514851 0.000201 -0.001347 14.188839 0.000356 -0.000840 9.449770 0.000000 -0.000000 0.000000 15.001004 0.006632 45.164963 179.996765 179.995575 -143.046844 179.996338 179.998856 -154.132797 0.000000 -0.000000 0.000000 0.000691 0.003330 43.688854 179.998215 179.997116 -136.311157 179.997818 179.999435 -150.903229 0.000000 -0.000000 0.000000 170.000778 179.996796 -139.054459 179.998489 179.997086 -139.054459 179.997971 179.999191 -152.730270 0.000000 -0.000000 0.000000 159.999588 -179.998322 -162.061600 0.000163 -0.002590 26.907646 0.000879 -0.001484 17.920465 172.823059 -172.330338 -177.712875 174.468430 -168.748428 114.577812 75.600441 174.328400 178.624664 177.829102 -174.932281 -161.317978 108.451645 115.763008 133.137527 0.048253 0.020143 -11.135649 0.034292 0.006163 -7.416347 0.000000 -0.000000 0.000000 165.000168 -179.995422 146.470901 179.998062 -179.996796 152.567108 179.997772 -179.998627 160.796967 0.000000 -0.000000 0.000000 0.000417 -0.003936 -39.055237 179.997864 -179.996674 140.944748 179.997498 -179.999176 153.989212 0.000000 -0.000000 0.000000 10.000336 -0.002224 -36.677036 179.998932 -179.998032 143.322937 179.998657 -179.999344 155.573090 0.000000 -0.000000 0.000000 20.000292 -0.001539 -21.418463 179.999588 -179.997696 147.872284 179.998947 -179.998856 158.602951
23.113508 94.846558 384.537354 176.818344 175.270523 179.535919 11.736157 -33.861057 10.310949 163.912704 160.795105 168.903381 177.319687 -166.507751 -178.905533 3.560544 4.458128 0.444148 1.945729 58.587490 1.639761 172.522720 153.952896 170.112000 178.795303 173.823746 -179.127441 178.795731 173.928055 -178.457031 174.058914 175.351562 -178.590958 179.997498 -172.833969 179.604050 179.997086 -171.639694 179.589600 14.098248 -5.923331 -1.751924 1.543107 -3.466807 -6.832066 14.537966 30.946081 72.553055 64.549576 -1.332708 12.714166 20.884933 5.172960 -36.802391 41.762932 47.456497 17.533375 179.999573 179.998856 -165.360062 179.999527 179.999329 -170.249786 0.000000 -0.000000 0.000000 15.000468 0.006513 44.248493 179.996597 179.995895 -143.796677 179.996384 179.999069 -154.657669 0.000000 -0.000000 0.000000 0.000439 0.004709 43.274132 179.997116 179.996262 -136.725845 179.996887 179.999481 -151.179428 0.000000 -0.000000 0.000000 170.000137 179.998917 -139.562683 179.999374 179.999084 -139.562683 179.999298 179.999817 -153.068726 0.000000 -0.000000 0.000000 159.999832 -179.998398 -161.829132 0.000513 -0.002370 27.256310 0.001031 -0.001245 18.152706 172.947189 -172.830734 -177.747192 174.830246 -169.904343 113.855049 76.555351 174.001114 177.965927 177.787354 -174.450241 -160.987122 121.319489 118.186012 138.752594 0.001538 0.000449 -15.479543 0.001060 0.000028 -10.309372 0.000000 -0.000000 0.000000 164.999878 -179.996017 147.020218 179.998154 -179.997314 153.016541 179.998016 -179.998917 161.111588 0.000000 -0.000000 0.000000 0.000060 -0.002096 -38.529545 179.998749 -179.998306 141.470474 179.998657 -179.999649 154.339325 0.000000 -0.000000 0.000000 10.000087 -0.001168 -36.379898 179.999374 -179.999008 143.620117 179.999283 -179.999725 155.770996 0.000000 -0.000000 0.000000 20.000278 -0.002371 -21.275583 179.999115 -179.996552 148.086639 179.998291 -179.998352 158.745682
23.222095 94.261406 388.030548 176.594452 175.379166 179.612411 11.570638 -35.393745 11.524541 163.962097 155.900101 166.810379 175.836243 -168.253677 -179.234238 1.527435 2.047810 0.515609 6.007473 64.033012 2.632493 172.954895 154.866653 170.950272 178.836182 173.665298 -179.057358 178.836670 173.772415 -178.341400 174.222382 175.229355 -178.434265 179.998093 -172.521576 179.578064 179.997772 -171.275162 179.562744 14.343447 -6.171617 -1.860082 1.656537 -2.768745 -6.241189 13.335575 27.974466 70.718292 65.476250 -0.715746 14.013356 20.684120 5.859320 -37.641285 43.012657 47.612404 18.285915 179.999588 179.998917 -165.598877 179.999557 179.999374 -170.408859 0.000003 -0.000003 -0.000000 15.000057 0.004195 43.116802 179.997711 179.997437 -144.722626 179.997665 179.999466 -155.305832 0.000003 -0.000003 -0.000000 0.000032 0.004491 42.497490 179.997009 179.996658 -137.502502 179.997025 179.999680 -151.696671 0.000003 -0.000003 -0.000000 170.000000 179.999496 -139.758163 179.999680 179.999619 -139.758163 179.999680 179.999954 -153.198929 0.000003 -0.000003 -0.000000 160.000015 -179.998520 -161.562531 0.000731 -0.002095 27.656181 0.001081 -0.001011 18.419016 172.648621 -173.757217 -178.097900 175.468948 -170.939758 113.570236 77.782341 174.191635 177.344986 176.435074 -174.715546 -160.281265 117.429626 117.152756 139.692245 0.018739 0.009299 -12.822559 0.013608 0.003049 -8.539825 0.000000 -0.000000 0.000000 164.999176 -179.995300 147.870346 179.997406 -179.997101 153.712128 179.997482 -179.998978 161.598480 0.000000 -0.000000 0.000000 179.999405 -179.995193 141.866959 179.996597 -179.996582 141.866959 179.996811 -179.999588 154.603424 0.000000 -0.000000 0.000000 9.999958 -0.000500 -36.109352 179.999680 -179.999619 143.890686 179.999680 -179.999924 155.951187 0.000000 -0.000000 0.000000 20.000145 0.002786 -20.642147 0.001685 0.003833 -30.963190 0.002284 0.001603 -20.621494
23.164310 94.243423 391.719604 176.379944 175.363647 179.702744 15.894641 -37.919636 10.565981 160.263214 150.954620 164.029297 174.292740 -172.799759 179.732834 179.566086 -179.526230 -179.328049 11.278414 69.549286 5.021739 173.530579 155.551376 171.585312 178.843933 173.601852 -179.003128 178.844391 173.708740 -178.246918 174.231033 175.162933 -178.330643 0.002960 -7.624960 -0.560097 0.004705 -8.894910 -0.579802 14.409945 -6.259933 -1.971155 1.843351 -2.015387 -5.358868 11.943576 25.298582 68.549515 66.756752 -0.248233 15.790444 20.740898 7.195890 -38.522278 44.711609 47.751324 19.159845 0.003344 -0.009258 13.988390 0.003661 -0.005443 9.316260 180.000000 -179.999985 179.999985 15.000255 -0.009183 41.641819 0.005158 -0.005474 34.070610 0.005132 -0.001140 23.849413 180.000000 -179.999985 179.999985 179.997162 179.962189 -138.964157 179.973251 179.973129 -138.964172 179.974838 179.998016 -152.670151 180.000000 -179.999985 179.999985 170.004532 -179.960907 -140.165115 0.028748 -0.026878 39.834934 0.026170 -0.001306 26.530046 180.000000 -179.999985 179.999985 160.016083 -179.894058 -163.057800 0.073598 -0.142903 25.413219 0.086973 -0.062414 16.925228 172.413528 -174.899704 -178.518372 176.050156 -172.058228 113.387344 78.890808 174.561752 176.660583 176.552765 -174.105972 -160.189926 125.256737 119.060867 143.551788 0.022672 0.019247 -15.255431 0.017986 0.008300 -10.160102 180.000000 180.000000 -180.000000 164.982803 -179.916061 148.761429 179.953033 -179.947968 154.441208 179.954834 -179.980881 162.108826 180.000000 180.000000 -180.000000 179.980545 -179.893127 142.380325 179.920700 -179.925781 142.380386 179.928116 -179.992004 154.945328 180.000000 180.000000 -180.000000 10.004203 0.024366 -35.980431 0.017791 0.017174 -35.980431 0.016313 0.002240 -23.962946 180.000000 180.000000 -180.000000 20.004105 0.028123 -21.151653 0.021206 0.036981 -31.727478 0.025045 0.013377 -21.130484
23.365612 93.213188 394.990448 175.434036 175.313492 179.501236 16.436909 -38.128010 10.001970 160.015976 146.330444 163.812912 174.210815 -173.879532 178.746399 0.300011 -3.205744 1.289605 14.469571 74.580833 7.587280 174.553925 156.864716 172.241669 179.029831 173.297012 -178.958893 179.030838 173.412170 -178.189590 175.071671 174.981506 -178.169449 0.000396 -8.469657 -0.359157 0.000588 -9.880857 -0.372602 14.996790 -6.981591 -2.119880 1.261701 -1.780693 -4.072697 11.308455 21.526304 66.207199 66.312874 0.357365 17.633705 21.588024 9.316667 -38.230854 45.976944 48.194016 19.919924 0.008884 -0.036595 13.668377 0.011708 -0.022189 9.103148 0.000000 -0.000003 0.000000 14.999918 -0.020123 41.625538 0.010935 -0.012314 34.057293 0.011174 -0.002802 23.840103 0.000000 -0.000003 0.000000 179.999298 179.985184 -139.728958 179.989914 179.989120 -139.728943 179.990204 179.998779 -153.179474 0.000000 -0.000003 0.000000 170.001984 -179.977127 -139.465729 0.016454 -0.016014 40.534294 0.015264 -0.000921 26.995806 0.000000 -0.000003 0.000000 160.003601 -179.970093 -160.766449 0.020190 -0.040421 28.850319 0.024904 -0.016891 19.214333 172.085938 -175.207031 -179.075195 176.112457 -173.754608 113.480309 81.901985 176.173950 176.444489 175.656387 -173.854324 -160.136597 128.054535 119.393890 146.857300 0.046506 0.052645 -15.099230 0.039364 0.025281 -10.056089 0.000000 -0.000000 0.000003 164.980515 -179.882614 149.295868 179.938553 -179.924484 154.878479 179.939011 -179.969604 162.414917 0.000000 -0.000000 0.000003 179.969238 -179.807083 142.661057 179.862793 -179.860947 142.661194 179.871689 -179.978470 155.132248 0.000000 -0.000000 0.000003 9.996962 -0.018176 -36.618713 179.986755 -179.987198 143.381302 179.987854 -179.998383 155.611938 0.000000 -0.000000 0.000003 20.002258 0.014392 -21.561415 0.011154 0.018812 -32.342136 0.013001 0.006568 -21.539856
23.585464 92.154770 398.177063 174.868881 176.215149 179.159027 13.676376 -36.584793 10.729444 161.838074 142.231552 164.791138 174.596985 -170.773560 177.890152 1.172089 -4.861845 2.009861 18.085743 79.151863 11.225180 175.714432 158.779602 173.072311 179.181610 172.618271 -178.876022 179.183350 172.746277 -178.056839 175.724380 174.518204 -177.944016 179.997955 -170.789154 179.828781 179.997040 -169.253571 179.821625 15.472320 -7.619552 -2.240042 0.598644 -1.571520 -2.836733 11.419440 17.123569 64.039490 69.477493 2.208353 19.560204 19.177887 9.170616 -38.513653 45.961643 48.147900 21.311266 0.005411 -0.027212 14.392375 0.008115 -0.016597 9.585327 0.000000 0.000003 0.000000 15.000427 0.007730 42.212437 179.996033 179.995071 -145.462540 179.995758 179.998734 -155.823776 0.000000 0.000003 0.000000 0.000160 0.023626 40.192116 179.984970 179.981781 -139.807892 179.984543 179.997116 -153.232071 0.000000 0.000003 0.000000 169.999619 179.986740 -138.745148 179.991013 179.990265 -138.745178 179.991226 179.999069 -152.524261 0.000000 0.000003 0.000000 160.001266 -179.980820 -160.263962 0.011651 -0.026369 29.604055 0.015483 -0.011363 19.716291 171.170670 -176.473984 -179.773621 176.805618 -174.543640 113.796242 84.187851 177.920212 176.870987 175.567673 -173.665115 -160.509659 131.598221 119.602913 147.564819 0.012769 0.016991 -16.575905 0.011419 0.008367 -11.039548 0.000000 0.000003 0.000000 164.973312 -179.798630 149.862564 179.901871 -179.865875 155.342163 179.899567 -179.941299 162.739487 0.000000 0.000003 0.000000 179.960831 -179.722153 144.014038 179.813171 -179.790649 144.014267 179.818787 -179.954285 156.033356 0.000000 0.000003 0.000000 9.974673 -0.166076 -37.607220 179.881378 -179.881042 142.392868 179.889374 -179.983261 154.953598 0.000000 0.000003 0.000000 19.989023 -0.069351 -22.382450 179.946320 -179.909363 146.426361 179.937210 -179.968704 157.639908
23.866337 91.143021 401.293274 174.165085 176.253189 178.028427 10.686128 -35.225990 11.679085 164.635529 139.400818 167.141785 175.037399 -168.911423 176.212936 2.043906 -7.363666 3.436971 24.656206 83.226624 17.850546 176.737213 161.242828 174.167801 179.412323 172.232681 -178.640305 179.412460 172.373245 -177.681763 176.711426 174.302658 -177.330811 179.997406 -170.070557 -179.969055 179.995941 -168.414337 -179.968536 15.991218 -8.237432 -2.348691 0.003339 -1.275374 -1.735974 12.042593 12.488252 62.026764 71.622696 3.887909 21.040609 18.117455 8.902268 -38.126328 45.203014 47.969772 22.643017 179.998764 179.994339 -164.526672 179.998245 179.996582 -169.694763 0.000007 -0.000000 0.000000 15.005369 0.047183 42.590485 179.977417 179.968399 -145.153244 179.974457 179.990662 -155.607269 0.000007 -0.000000 0.000000 0.003087 0.043836 40.132206 179.974426 179.964249 -139.867798 179.971695 179.992538 -153.271942 0.000007 -0.000000 0.000000 170.001404 179.963242 -138.631653 179.976990 179.971298 -138.631653 179.975906 179.995621 -152.448669 0.000007 -0.000000 0.000000 160.000015 -179.991302 -159.889832 0.004509 -0.012247 30.165268 0.006711 -0.005521 20.090069 170.695663 -176.892700 179.587402 177.293549 -176.317429 113.798080 86.793289 179.303894 177.357117 178.194550 -171.648514 -161.715958 129.618088 118.708740 145.975006 0.047579 0.058533 -16.223526 0.041716 0.027972 -10.804883 0.000000 0.000000 -0.000003 164.988251 -179.881088 151.991409 179.947510 -179.917542 157.083908 179.944290 -179.960297 163.958740 0.000000 0.000000 -0.000003 179.976624 -179.846954 147.059097 179.900528 -179.881363 147.059128 179.902176 -179.967377 158.061340 0.000000 0.000000 -0.000003 9.959690 -0.227062 -37.165520 179.837494 -179.836349 142.834656 179.848740 -179.973145 155.247742 0.000000 0.000000 -0.000003 19.972902 -0.127123 -22.527719 179.894226 -179.836197 146.208511 179.882355 -179.944977 157.494812
24.257950 90.220413 404.403595 173.207184 176.066895 176.977295 7.783560 -33.636463 12.122722 168.458954 137.387390 170.345779 176.293106 -168.234680 175.016312 2.432769 -10.166041 4.978052 41.800323 86.714745 34.471951 177.390106 164.053726 175.557877 179.691986 171.982742 -178.449295 179.691544 172.134232 -177.388062 177.933487 174.222778 -176.789474 179.998291 -169.201294 -179.670364 179.997360 -167.401062 -179.658508 16.884390 -8.971203 -2.472475 179.409698 -179.108582 179.232498 13.177685 8.101835 60.285107 74.190292 5.381937 22.245800 17.187283 8.223786 -37.634975 44.397049 47.872997 22.709148 179.989609 179.964447 -164.086929 179.987076 179.978989 -169.401901 179.999985 179.999985 180.000000 15.011723 0.072221 42.247440 179.968155 179.949326 -145.433929 179.961716 179.983002 -155.803741 179.999985 179.999985 180.000000 0.007880 0.061062 39.739151 179.967773 179.947525 -140.260910 179.961319 179.986404 -153.533752 179.999985 179.999985 180.000000 170.003311 179.966873 -139.183670 179.981079 179.972610 -139.183716 179.978577 179.994308 -152.816345 179.999985 179.999985 180.000000 160.000000 179.999619 -159.658096 179.999847 179.999451 -149.487213 179.999725 179.999741 -159.678421 170.131882 -177.278427 179.014297 178.261490 -178.441635 113.502907 89.468353 -179.815781 177.621582 178.144409 -170.696335 -161.575928 130.801453 119.443947 143.620819 0.009894 0.011623 -18.080986 0.008673 0.005285 -12.041937 0.000000 0.000000 -0.000003 164.992477 -179.921936 153.769974 179.967041 -179.944946 158.539078 179.964722 -179.972198 164.977356 0.000000 0.000000 -0.000003 179.987335 -179.928360 149.658249 179.953690 -179.943893 149.658249 179.954712 -179.982773 159.792404 0.000000 0.000000 -0.000003 9.954313 -0.220121 -34.542713 179.844696 -179.837418 145.457382 179.854614 -179.964005 156.994553 0.000000 0.000000 -0.000003 19.964830 -0.137613 -21.212591 179.882294 -179.822418 148.181183 179.873169 -179.936325 158.808640
24.814814 88.886429 407.430542 172.119049 176.037155 176.178940 1.897166 -31.261768 14.145048 174.164429 134.065018 172.562225 177.068863 -162.764420 174.565994 1.999278 -12.281524 6.479402 100.851830 88.438309 92.014030 177.649811 167.142166 177.322861 0.009200 8.226167 1.661245 0.008603 8.065939 2.767647 179.355881 174.194290 -176.403320 0.000074 -11.107984 0.507501 179.999985 -167.040649 -179.474274 17.296268 -9.240950 -2.491142 179.473755 -179.404160 179.701019 13.964680 4.379878 59.284512 77.232033 6.538836 23.151241 16.349022 7.363087 -37.228695 44.241817 48.223251 21.137648 179.987686 179.965118 -164.883713 179.986252 179.979553 -169.932556 0.000000 -0.000000 0.000007 15.013193 0.069929 41.122360 179.971313 179.949356 -146.354431 179.963867 179.981201 -156.448120 0.000000 -0.000000 0.000007 0.009349 0.055705 38.745117 179.973114 179.950348 -141.254883 179.965500 179.985031 -154.195755 0.000000 -0.000000 0.000007 170.003220 179.977753 -139.822968 179.988220 179.980865 -139.822968 179.985825 179.995255 -153.242111 0.000000 -0.000000 0.000007 159.999939 -179.999420 -159.675903 0.000207 -0.000863 30.486166 0.000409 -0.000427 20.303789 169.324478 -177.878525 178.779266 179.955338 179.291077 112.588638 91.829147 -179.280136 177.304199 178.112381 -169.796967 -160.925323 132.109879 120.626076 143.252823 179.968353 -179.966751 160.924316 179.972992 -179.985718 167.295593 0.000000 -0.000000 0.000000 164.983002 -179.880920 154.245392 179.947250 -179.916916 158.928055 179.945435 -179.957916 165.249634 0.000000 -0.000000 0.000000 179.993713 -179.974945 151.106979 179.982498 -179.980988 151.106995 179.983704 -179.994492 160.757233 0.000000 -0.000000 0.000000 9.964059 -0.122067 -30.647560 179.909363 -179.910660 149.352509 179.918243 -179.977631 159.588730 0.000000 -0.000000 0.000000 19.983044 -0.048536 -18.441336 179.953690 -179.938339 152.338074 179.953949 -179.977280 161.577133
25.084469 88.605652 410.921326 171.351456 176.067352 175.298477 179.301392 -151.056351 -164.121170 175.743942 132.003098 172.474854 178.117142 -159.825912 174.067642 0.747452 -14.125749 8.400645 167.691528 87.313972 156.887726 177.605011 170.578720 179.301773 0.250249 8.262154 1.778952 0.249208 8.098080 2.941489 0.432504 5.726595 3.967229 0.000047 -11.028061 0.544519 0.000084 -12.866063 0.563979 17.499960 -9.173339 -2.478885 0.000264 -0.253060 -0.020275 14.719687 1.758259 58.787430 81.520340 7.379910 23.785177 14.912889 6.384668 -37.116825 45.371880 49.545181 20.389555 179.999603 179.982300 -166.062744 179.996979 179.988602 -170.717773 0.000000 -0.000000 0.000000 15.011036 0.047434 39.648884 179.982605 179.964157 -147.560013 179.976395 179.985153 -157.292023 0.000000 -0.000000 0.000000 0.007973 0.035495 37.542191 179.985016 179.966858 -142.457809 179.978729 179.988403 -154.996902 0.000000 -0.000000 0.000000 170.003540 179.983078 -140.267166 179.991989 179.984680 -140.267136 179.989395 179.995514 -153.537933 0.000000 -0.000000 0.000000 159.998810 -179.993637 -159.740540 0.001641 -0.009569 30.389219 0.004180 -0.004930 20.239210 169.171280 -178.448669 178.781296 1.867772 3.515636 -68.854614 93.743103 -178.873810 176.219711 177.944046 -169.076569 -159.753387 132.996048 122.188179 145.827759 179.956970 -179.961304 161.531662 179.964859 -179.984207 167.700089 0.000000 -0.000000 0.000000 164.997528 -179.991287 157.513916 179.995422 -179.994171 161.602310 179.995682 -179.997131 167.121613 0.000000 -0.000000 0.000000 179.996246 -179.990311 151.686844 179.992126 -179.993225 151.686859 179.993240 -179.998520 161.143433 0.000000 -0.000000 0.000000 9.988705 -0.025666 -27.533857 179.978256 -179.982285 152.466156 179.981735 -179.996124 161.662445 0.000000 -0.000000 0.000000 20.022789 0.046175 -16.413313 0.053273 0.055909 -24.619959 0.048081 0.018286 -16.396894
25.180521 88.502213 414.368958 170.334488 175.145447 174.940186 178.565308 -151.600662 -162.883972 175.691879 130.875656 171.498550 178.787872 -157.720764 173.541626 179.906311 -162.807449 -170.005554 2.286228 93.692841 -10.122484 177.041473 172.900085 -178.963409 0.491954 7.850629 1.751265 0.491017 7.690830 2.873795 1.628828 5.330038 4.016987 179.999786 -169.137009 -179.429977 179.999908 -167.326508 -179.409760 17.573114 -9.038592 -2.433204 0.449858 -0.175486 0.340894 15.567956 0.185959 58.688686 84.532181 7.283498 23.941730 14.956871 6.776814 -36.863651 44.448452 49.564205 18.055794 179.998856 179.985657 -166.799622 179.997147 179.990860 -171.208557 0.000003 0.000000 -0.000003 15.007669 0.030087 38.517174 179.989746 179.976761 -148.485947 179.985428 179.989807 -157.940170 0.000003 0.000000 -0.000003 0.005118 0.019858 36.659382 179.992371 179.980957 -143.340607 179.988388 179.992813 -155.584854 0.000003 0.000000 -0.000003 170.003433 179.986328 -140.631607 179.994034 179.987228 -140.631607 179.991547 179.995926 -153.780655 0.000003 0.000000 -0.000003 160.001755 179.992554 -159.434982 179.998581 179.988602 -149.152466 179.995316 179.993973 -159.455521 169.667725 -178.520462 178.967422 3.531164 6.960417 -70.424217 95.228714 -178.177673 174.405365 177.448471 -168.582962 -158.384018 133.534439 124.015678 149.483627 179.964386 -179.972473 162.783905 179.972046 -179.989182 168.534073 0.000000 -0.000000 0.000000 164.997482 -179.994659 157.729370 179.996429 -179.996750 161.778610 179.996933 -179.998611 167.245010 0.000000 -0.000000 0.000000 0.001788 0.003112 -27.923044 0.003050 0.001930 -27.923006 0.002394 0.000171 -18.596750 0.000000 -0.000000 0.000000 10.012590 0.020250 -26.303425 0.020365 0.012429 -26.303385 0.015829 0.001323 -17.518085 0.000000 -0.000000 0.000000 20.043703 0.066396 -16.925385 0.093905 0.073473 -25.388029 0.077976 0.015098 -16.908464
25.486967 88.569473 418.081299 169.852356 174.826019 175.475388 176.184570 -155.436096 -162.950867 177.427399 131.014175 170.066803 179.975037 -154.969360 173.974060 179.329224 -159.980255 -169.235687 8.392609 94.396210 -4.864110 176.164734 174.269241 -177.638611 0.629657 7.560287 1.568624 0.628681 7.403550 2.557647 2.376876 5.089273 3.674454 179.999680 -169.368927 -179.392578 179.999954 -167.597031 -179.371170 17.448389 -8.858180 -2.332589 0.740860 -0.325371 0.681782 16.745497 -0.761623 59.033939 87.472160 7.067943 23.661674 15.166474 7.339551 -36.632580 43.879818 49.895142 16.229811 179.998154 179.988785 -167.515823 179.997223 179.992950 -171.685532 0.000000 -0.000000 0.000000 15.004471 0.017041 37.681274 179.994446 179.986679 -149.169891 179.991913 179.993973 -158.418915 0.000000 -0.000000 0.000000 0.002425 0.008814 36.073387 179.996796 179.991440 -143.926620 179.994934 179.996643 -155.975113 0.000000 -0.000000 0.000000 170.002975 179.989166 -140.967560 179.995544 179.989685 -140.967590 179.993378 179.996552 -154.004395 0.000000 -0.000000 0.000000 160.000977 179.996246 -159.648514 179.999466 179.994202 -149.472763 179.997726 179.996857 -159.668884 170.451584 -178.459793 179.297699 4.966564 10.655053 -71.767181 96.374062 -176.765152 172.109451 176.605667 -168.362198 -157.154770 133.719925 125.839607 152.469467 179.969528 -179.978516 163.854721 179.976639 -179.991638 169.247238 0.000000 -0.000000 0.000000 164.997025 -179.995697 157.879105 179.996445 -179.997635 161.901077 179.997116 -179.999222 167.330765 0.000000 -0.000000 0.000000 0.008844 0.011322 -27.834070 0.013132 0.005815 -27.834070 0.009543 -0.000699 -18.537495 0.000000 -0.000000 0.000000 10.025340 0.031169 -26.573307 0.036834 0.016018 -26.573315 0.026698 -0.001754 -17.697847 0.000000 -0.000000 0.000000 20.044464 0.054080 -18.785139 0.090937 0.052568 -28.177698 0.069971 0.000116 -18.766375
25.928835 88.705101 421.789490 169.898636 174.532806 176.089554 173.913956 -159.121078 -164.008209 179.454132 131.659866 169.260620 0.693694 -27.198299 -5.255568 178.576614 -156.832336 -168.566437 11.076791 94.709663 -2.463430 175.098145 177.252609 -176.766327 0.707764 7.204339 1.406744 0.707114 7.053916 2.282037 2.833379 4.835173 3.342625 179.999832 -169.636551 -179.344223 0.000374 -12.090775 0.678753 17.053772 -8.659304 -2.175852 1.081811 -0.604172 0.796138 18.089857 -1.512160 59.794346 90.071663 6.986359 22.909519 15.528667 7.842981 -36.407116 43.844357 50.543537 14.953499 179.998871 179.994446 -168.271164 179.998520 179.996536 -172.188583 0.000000 -0.000000 0.000000 15.002890 0.010755 37.149929 179.996613 179.991531 -149.604599 179.994980 179.996078 -158.723221 0.000000 -0.000000 0.000000 0.000538 0.001836 35.742111 179.999359 179.998199 -144.257919 179.998947 179.999268 -156.195755 0.000000 -0.000000 0.000000 170.002213 179.992477 -141.294983 179.997055 179.992722 -141.295013 179.995453 179.997452 -154.222443 0.000000 -0.000000 0.000000 160.001083 179.996262 -159.744705 179.999588 179.994156 -149.617035 179.997803 179.996796 -159.764954 171.500214 -178.271545 179.693527 5.788471 14.537761 -72.748444 97.240349 -174.649536 169.795944 175.568787 -168.350281 -156.377365 133.340134 127.252899 154.664597 179.972610 -179.979202 164.869461 179.978912 -179.991074 169.923065 0.000000 -0.000000 0.000000 164.995300 -179.994736 157.997635 179.994812 -179.997421 161.998047 179.995987 -179.999405 167.398636 0.000000 -0.000000 0.000000 0.008229 0.008564 -28.278624 0.011332 0.003584 -28.278605 0.007763 -0.001506 -18.833563 0.000000 -0.000000 0.000000 10.027003 0.027671 -27.697037 0.036973 0.011341 -27.697046 0.025241 -0.005091 -18.446241 0.000000 -0.000000 0.000000 20.035276 0.036931 -21.013107 0.070153 0.030832 -31.519680 0.050368 -0.008300 -20.992134
26.489067 88.921921 425.507599 170.337021 174.135925 176.556763 172.862961 -162.064758 -165.610245 0.159410 47.510815 -11.151464 1.004937 -28.701885 -4.460394 177.626785 -153.443970 -167.904877 12.267675 94.363304 -1.138910 174.214676 -179.870850 -176.372696 0.757061 6.740304 1.303373 0.756655 6.598963 2.108566 3.131594 4.509863 3.117035 180.000000 -169.950867 -179.291443 0.000894 -11.724064 0.733218 16.350433 -8.430983 -1.962862 1.015105 -0.810645 0.975309 19.793207 -2.145797 60.546272 92.482613 7.261086 21.830368 16.067596 8.047042 -36.159962 44.126678 51.290085 14.556827 179.999496 179.997986 -168.752609 179.999390 179.998749 -172.509247 0.000000 -0.000000 0.000000 15.002680 0.009405 36.791225 179.997177 179.992538 -149.898071 179.995667 179.996460 -158.928650 0.000000 -0.000000 0.000000 179.999664 -179.998932 -144.363541 0.000354 -0.001046 35.636456 0.000599 -0.000443 23.733875 0.000000 -0.000000 0.000000 170.001297 179.996002 -141.588959 179.998535 179.996063 -141.588959 179.997620 179.998550 -154.418243 0.000000 -0.000000 0.000000 160.001038 179.996750 -159.870270 179.999802 179.994888 -149.805420 179.998169 179.997116 -159.890396 172.746994 -177.990601 179.951599 5.768493 18.600338 -73.267784 97.810707 -172.197754 167.954926 174.605377 -168.099213 -156.221313 132.118576 127.635567 156.827713 179.985916 -179.985809 166.482117 179.988785 -179.992859 170.997086 180.000000 180.000000 -180.000000 164.993469 -179.993683 158.183334 179.993118 -179.997147 162.149994 179.994827 -179.999557 167.505005 180.000000 180.000000 -180.000000 0.002253 0.002086 -28.864981 0.002982 0.000732 -28.864981 0.001970 -0.000539 -19.224083 180.000000 180.000000 -180.000000 10.003139 0.002943 -29.729935 0.004194 0.000986 -29.729939 0.002744 -0.000818 -19.800146 180.000000 180.000000 -180.000000 20.002867 0.002800 -23.764402 0.005645 0.002102 -35.646618 0.003867 -0.001066 -23.740652
27.253283 89.237663 429.229462 170.987198 173.597900 177.168427 172.972946 -164.296799 -168.142258 0.486975 46.581459 -10.443268 0.836661 -29.370632 -3.658226 175.856308 -149.369522 -167.284760 8.792762 93.801994 -4.856892 173.550201 -177.217361 -176.353073 0.796277 6.176210 1.179362 0.796069 6.046855 1.903981 3.379762 4.128227 2.834048 179.999847 -170.298080 -179.244095 0.001058 -11.318991 0.781993 15.291618 -8.181143 -1.701837 0.881760 -1.008363 1.106632 22.137562 -3.043955 61.172703 94.007584 7.881557 20.012365 16.848274 7.719582 -35.974316 43.454895 51.755550 15.794712 179.967773 179.951599 -167.889786 179.972977 179.972214 -171.934586 0.000003 -0.000003 -0.000000 15.002216 0.008361 36.399570 179.997421 179.993423 -150.218552 179.996170 179.996872 -159.152969 0.000003 -0.000003 -0.000000 179.999603 -179.998688 -144.326324 0.000449 -0.001292 35.673683 0.000747 -0.000517 23.758678 0.000003 -0.000003 -0.000000 170.000519 179.998352 -141.790955 179.999390 179.998398 -141.790939 179.999023 179.999420 -154.552765 0.000003 -0.000003 -0.000000 160.000793 179.997482 -160.012421 179.999832 179.996033 -150.018631 179.998596 179.997772 -160.032410 173.868347 -177.804535 -179.815704 4.925717 22.549589 -73.548615 98.051872 -169.687683 166.944489 173.548157 -168.605591 -156.657486 131.212357 127.153969 158.947647 179.990723 -179.988083 168.090561 179.992416 -179.993393 172.068314 0.000000 0.000003 0.000000 164.993988 -179.994675 158.744705 179.993851 -179.997696 162.609299 179.995422 -179.999725 167.826508 0.000000 0.000003 0.000000 0.000379 0.000321 -29.106455 0.000497 0.000097 -29.106468 0.000323 -0.000104 -19.384899 0.000000 0.000003 0.000000 10.020396 0.017249 -29.396526 0.026337 0.004480 -29.396574 0.016649 -0.006297 -19.578106 0.000000 0.000003 0.000000 20.022318 0.019723 -23.314796 0.042856 0.012694 -34.972210 0.027965 -0.010246 -23.291513
28.270948 89.645576 433.128510 171.818222 173.221481 177.557892 173.133987 -167.770813 -170.861481 0.610897 44.865547 -9.552872 0.767241 -29.828133 -2.724274 173.511063 -145.750778 -166.447174 3.694395 93.116081 -10.577289 173.304108 -173.980881 -176.328842 0.839362 5.646580 1.101849 0.839246 5.527392 1.775534 3.629955 3.757025 2.652342 179.999451 -170.661423 -179.196655 0.000794 -10.895094 0.830875 14.017360 -7.917503 -1.418322 0.856162 -1.166018 1.130592 24.025242 -3.897699 61.756069 95.495262 8.821559 18.125162 17.610048 7.110486 -35.881191 49.058289 54.355476 13.088877 0.000087 -0.001494 7.501976 0.000190 -0.000977 4.996317 0.000003 -0.000000 0.000000 15.002153 0.008252 35.956470 179.997498 179.993484 -150.581085 179.996246 179.996872 -159.406769 0.000003 -0.000000 0.000000 179.999741 -179.999115 -144.248169 0.000301 -0.000847 35.751827 0.000493 -0.000348 23.810717 0.000003 -0.000000 0.000000 170.000214 179.999329 -141.897766 179.999756 179.999329 -141.897781 179.999603 179.999741 -154.623932 0.000003 -0.000000 0.000000 160.000397 179.998779 -160.173203 179.999954 179.998062 -150.259781 179.999329 179.998917 -160.193024 174.814896 -177.731964 -179.498840 3.301407 26.933901 -74.456947 97.230034 -167.938110 167.135269 172.929474 -168.329987 -157.427734 130.365707 126.283287 161.357895 179.997620 -179.994965 169.888626 179.997879 -179.996964 173.265823 0.000000 -0.000000 0.000000 164.996307 -179.996658 159.414627 179.996201 -179.998474 163.157410 179.997147 -179.999741 168.210190 0.000000 -0.000000 0.000000 179.999268 -179.999374 150.808548 179.999069 -179.999817 150.808548 179.999390 179.999802 160.558502 0.000000 -0.000000 0.000000 9.999501 -0.000427 -32.189011 179.999359 -179.999893 147.810989 179.999603 179.999832 158.562119 0.000000 -0.000000 0.000000 20.002724 0.002419 -26.352480 0.005289 0.001414 -39.528732 0.003307 -0.001534 -26.326153
29.217953 90.094795 436.937775 172.418213 172.973892 177.779968 174.957382 -169.926270 -172.909332 179.758850 137.038239 171.985321 0.301778 -27.753616 -2.574119 171.013275 -142.680222 -165.470032 166.835205 88.334198 151.526749 173.469421 -170.747238 -176.283234 0.931813 5.151115 1.025437 0.931410 5.041287 1.648613 4.103457 3.400250 2.487753 179.998932 -171.035614 -179.136368 0.000270 -10.458596 0.893120 12.688147 -7.640483 -1.130461 0.863648 -1.305242 1.154002 25.410807 -4.620989 62.245796 97.037231 9.938043 16.365103 18.328802 6.264549 -35.928139 48.655151 54.653584 13.612707 179.999802 -179.998962 -172.084702 179.999969 -179.999298 -174.728424 180.000000 180.000000 -180.000000 15.001801 0.006531 35.295906 179.998154 179.994766 -151.121536 179.997116 179.997406 -159.785095 180.000000 180.000000 -180.000000 179.999969 -179.999908 -144.164581 0.000030 -0.000103 35.835403 0.000057 -0.000043 23.866388 180.000000 180.000000 -180.000000 170.000046 179.999893 -141.961960 179.999969 179.999908 -141.961960 179.999939 179.999969 -154.666672 180.000000 180.000000 -180.000000 160.000000 -179.999985 -160.294754 179.999985 -179.999954 -150.442139 0.000009 -0.000029 19.685511 175.822311 -177.607391 -179.052200 1.012402 31.133268 -75.747879 96.029037 -166.864990 167.999207 172.631638 -168.038193 -158.289276 129.394745 125.216667 162.344833 179.999359 -179.998169 171.070587 179.999405 -179.998856 174.053009 0.000000 -0.000000 0.000000 164.998764 -179.998703 160.161499 179.998688 -179.999344 163.768494 179.998978 -179.999817 168.637939 0.000000 -0.000000 0.000000 179.999573 -179.999588 150.936798 179.999420 -179.999847 150.936783 179.999619 179.999893 160.643906 0.000000 -0.000000 0.000000 9.999072 -0.000850 -32.141472 179.998764 -179.999771 147.858536 179.999222 179.999695 158.593796 0.000000 -0.000000 0.000000 19.998003 -0.001863 -27.086473 179.996063 -179.998840 139.370331 179.997513 179.998901 152.940628
30.101994 90.630211 440.808624 173.356735 172.635498 178.177826 177.159454 -172.135620 -174.524887 177.880936 139.338638 173.168365 0.087087 -24.439861 -2.836336 168.076141 -140.029617 -164.669342 56.376427 88.629509 39.707947 174.147430 -169.307968 -176.238602 0.978233 4.612761 0.908114 0.977656 4.513292 1.454793 4.373901 3.033974 2.216400 179.998413 -171.417419 -179.058701 179.999664 -169.986816 -179.026611 11.335868 -7.351201 -0.841128 0.841132 -1.441341 1.241161 26.197290 -5.189060 62.630657 98.705742 10.960443 14.944736 18.982159 5.304689 -36.103722 47.994225 54.699013 14.092435 179.999695 -179.999481 -171.519714 179.999847 -179.999634 -174.352127 0.000000 -0.000000 0.000000 15.003318 0.010413 34.647636 179.997513 179.991409 -151.651932 179.995682 179.995483 -160.156357 0.000000 -0.000000 0.000000 179.999908 -179.999725 -144.157639 0.000080 -0.000281 35.842361 0.000155 -0.000116 23.871016 0.000000 -0.000000 0.000000 169.999939 -179.999832 -141.982162 0.000055 -0.000174 38.017857 0.000100 -0.000072 25.319868 0.000000 -0.000000 0.000000 159.999847 -179.999603 -160.302567 179.999985 -179.999359 -150.453857 0.000206 -0.000382 19.677731 176.206100 -177.753815 -178.474670 179.222763 145.297501 102.780403 94.662514 -166.506760 169.056442 172.620346 -167.799500 -159.078476 128.392090 124.524048 162.580566 179.999893 -179.999374 171.824249 179.999893 -179.999588 174.554947 0.000000 -0.000000 0.000000 164.999802 -179.999725 160.673340 179.999771 -179.999832 164.187271 179.999817 -179.999939 168.931091 0.000000 -0.000000 0.000000 179.999893 -179.999878 151.098923 179.999847 -179.999954 151.098923 179.999908 179.999985 160.751877 0.000000 -0.000000 0.000000 9.999617 -0.000408 -31.824163 179.999466 -179.999847 148.175827 179.999649 179.999893 158.805099 0.000000 -0.000000 0.000000 19.999578 -0.000434 -26.353333 179.999146 -179.999695 140.469986 179.999435 179.999802 153.673019
30.953016 91.226944 444.739868 174.346786 172.311172 178.645782 179.467896 -174.670609 -175.893509 174.850571 141.879120 173.455917 0.817089 -20.328743 -2.814978 165.055008 -137.879150 -164.020660 27.921272 85.518295 9.729064 175.222290 -168.288025 -176.157089 1.009593 4.073697 0.754968 1.008778 3.985360 1.203163 4.574945 2.682575 1.862947 179.997772 -171.814499 -178.957901 179.998840 -170.450073 -178.922333 10.104971 -7.041288 -0.564146 0.876245 -1.569522 1.376711 26.234407 -5.660742 62.945473 100.524414 11.468240 14.119466 19.535686 4.529109 -36.341850 47.137272 54.623596 14.548496 179.999756 -179.999847 -170.849182 179.999863 -179.999863 -173.905548 0.000000 -0.000000 0.000003 15.000423 0.001165 32.167496 179.999802 179.999008 -153.681137 179.999573 179.999451 -161.576797 0.000000 -0.000000 0.000003 179.999924 -179.999802 -144.098450 0.000048 -0.000213 35.901546 0.000112 -0.000097 23.910433 0.000000 -0.000000 0.000003 169.999969 -179.999908 -141.943542 0.000020 -0.000094 38.056480 0.000049 -0.000036 25.345613 0.000000 -0.000000 0.000003 159.999893 -179.999741 -160.214081 179.999969 -179.999588 -150.321106 0.000118 -0.000256 19.766153 177.063309 -177.557480 -177.626312 177.137589 141.780945 101.158211 93.290115 -166.720535 169.942291 172.804077 -167.709991 -159.752777 127.244774 124.212143 162.412552 0.000093 -0.000312 -7.613913 0.000036 -0.000203 -5.070865 0.000000 -0.000000 0.000000 165.000000 179.999985 160.897400 180.000000 -180.000000 164.370590 179.999985 179.999985 169.059418 0.000000 -0.000000 0.000000 0.000038 0.000045 -28.804499 0.000051 0.000020 -28.804499 0.000038 -0.000007 -19.183790 0.000000 -0.000000 0.000000 10.000296 0.000339 -31.473755 0.000418 0.000135 -31.473734 0.000288 -0.000072 -20.961517 0.000000 -0.000000 0.000000 19.999903 -0.000114 -26.020987 179.999786 -179.999908 140.968506 179.999847 179.999954 154.005035
31.830278 91.899483 448.677582 175.155930 171.994186 179.086624 2.681491 -2.665799 2.814182 170.911087 144.853882 174.047607 2.212687 -15.299595 -3.087729 162.262329 -136.290421 -163.506866 21.874201 81.422249 2.073341 176.752182 -167.526382 -175.869843 1.055222 3.522447 0.586913 1.055354 3.447497 0.930585 4.835973 2.329560 1.486881 0.000737 -7.773261 1.173389 0.001079 -9.068853 1.215189 9.061975 -6.711907 -0.294001 1.025829 -1.683836 1.546621 25.450979 -5.794323 63.315647 103.023743 11.857755 13.788238 19.767950 3.800072 -36.715340 46.294979 54.552994 14.692399 179.980835 -179.997681 -170.339813 179.987732 -179.996170 -173.566315 0.000000 -0.000000 0.000000 15.013854 0.024132 31.466333 179.999573 179.977249 -154.254837 179.992905 179.985748 -161.978394 0.000000 -0.000000 0.000000 179.998703 -179.997925 -144.536438 0.000139 -0.002458 35.463554 0.001025 -0.001271 23.618732 0.000000 -0.000000 0.000000 170.002686 179.995865 -141.813385 179.999573 179.995087 -141.813370 179.997757 179.997635 -154.567734 0.000000 -0.000000 0.000000 159.997360 -179.995880 -160.052567 179.998398 -179.992813 -150.078857 0.001463 -0.004671 19.927473 178.088745 -177.220749 -176.676788 175.154160 138.316971 99.481415 92.008965 -167.270096 170.611633 173.347992 -167.146317 -160.310242 124.996574 123.820908 161.923447 0.002532 -0.001667 -6.620620 0.001561 -0.001297 -4.409340 0.000000 -0.000000 0.000000 164.997940 179.995102 161.153717 179.999741 179.995667 164.580307 0.000639 0.002962 -10.793795 0.000000 -0.000000 0.000000 179.999176 179.992676 151.553589 0.002878 0.006800 -28.446457 0.003876 0.003032 -18.945320 0.000000 -0.000000 0.000000 10.000204 0.002127 -31.251083 0.001276 0.001708 -31.251093 0.001328 0.000522 -20.813229 0.000000 -0.000000 0.000000 19.999958 -0.000134 -25.843433 179.999847 -179.999847 141.234879 179.999863 -179.999985 154.182388
32.501610 92.546242 452.738586 176.541290 171.775864 179.789246 5.176114 0.270622 2.499824 165.711655 148.243332 173.165802 4.526893 -8.441190 -2.640779 159.902054 -135.606552 -163.999725 19.065409 75.950790 -1.800488 178.521545 -167.095657 -176.084351 0.974533 2.994205 0.369461 0.974259 2.932605 0.579021 4.501451 2.026876 0.973317 179.999405 -172.699020 -178.688095 179.999466 -171.482208 -178.641541 8.326146 -6.322615 -0.067695 1.578870 -1.705455 1.588218 23.345936 -6.069530 63.808193 105.475143 10.832819 14.582616 20.463951 3.613894 -36.830215 45.020145 54.158894 15.582342 179.985168 -179.997711 -169.197891 179.990631 -179.996536 -172.805801 0.000000 -0.000000 0.000000 15.011368 0.016077 30.830662 0.001368 0.016047 25.225105 179.996140 179.989410 -162.342438 0.000000 -0.000000 0.000000 0.002212 0.002941 35.641617 0.000098 0.003696 35.641666 179.998627 179.997955 -156.262665 0.000000 -0.000000 0.000000 170.004120 179.994614 -141.847031 179.999924 179.993210 -141.846985 179.997192 179.996460 -154.590103 0.000000 -0.000000 0.000000 159.998077 -179.997406 -159.939453 179.998627 -179.995346 -149.909195 0.000769 -0.003143 20.040495 178.877853 -177.260971 -175.362320 174.458374 135.994141 98.755905 91.210022 -167.731186 170.439590 173.750931 -167.320572 -160.797867 124.256889 123.940407 162.173019 0.002448 0.000333 -6.126287 0.001635 0.000053 -4.080110 0.000000 0.000000 -0.000003 164.994186 179.995148 160.933762 179.996887 179.994629 164.400330 179.998962 179.995789 169.080261 0.000000 0.000000 -0.000003 179.995056 179.994034 150.980194 179.998703 179.992371 150.980194 0.001794 0.004844 -19.327187 0.000000 0.000000 -0.000003 9.998657 0.002414 -31.292233 0.000116 0.002756 -31.292208 0.001027 0.001526 -20.840609 0.000000 0.000000 -0.000003 19.999830 0.000564 -25.709837 0.000166 0.000860 -38.564777 0.000443 0.000376 -25.684168
33.068474 93.114578 456.877899 177.527206 171.860001 -179.766556 7.244602 3.330986 3.078542 160.211105 151.410812 171.284836 7.580774 -1.707264 -1.324865 158.659775 -135.545715 -164.842056 17.735783 70.005692 -3.524337 0.094125 -13.336746 3.435079 0.935251 2.595180 0.175354 0.934698 2.543123 0.261163 4.348917 1.794072 0.526874 179.997665 -173.202835 -178.546555 179.997543 -172.070023 -178.495239 7.822675 -5.902114 0.128446 2.385049 -1.707589 1.556337 20.527372 -6.359052 64.333328 107.857727 8.984596 15.894490 20.969353 3.750513 -36.758461 44.275330 54.002068 17.112103 179.990311 -179.999283 -168.037872 179.993820 -179.998138 -172.033249 0.000000 -0.000000 0.000000 15.008581 0.009709 30.238453 0.002122 0.010369 24.740536 179.998352 179.992783 -162.681641 0.000000 -0.000000 0.000000 0.003341 0.003626 35.600941 0.000611 0.004879 35.600922 179.998444 179.997116 -156.289780 0.000000 -0.000000 0.000000 170.007126 179.992218 -141.878815 0.000855 0.010512 38.121159 179.996155 179.994125 -154.611298 0.000000 -0.000000 0.000000 159.998184 -179.997910 -159.862823 179.998535 -179.996124 -149.794220 0.000451 -0.002747 20.117058 0.696286 -3.352500 6.171763 172.669128 133.343887 97.930107 90.387253 -168.120605 170.102921 174.163269 -167.722809 -161.275909 124.820015 124.447922 162.682892 0.015012 0.013297 -6.263929 0.010825 0.007829 -4.171786 0.000003 0.000000 -0.000003 164.990326 179.997253 160.269318 179.993408 179.995056 163.856750 179.996597 179.995361 168.699722 0.000003 0.000000 -0.000003 179.990402 179.996811 150.082199 179.993469 179.992279 150.082199 179.998932 179.993347 160.074738 0.000003 0.000000 -0.000003 9.996244 0.001425 -31.587893 179.997589 179.996780 148.412125 179.999786 179.997330 158.962463 0.000003 0.000000 -0.000003 19.999098 0.000421 -25.741037 179.999084 179.998856 141.388397 0.000005 0.000981 -25.715319
33.538460 93.578735 461.043640 178.523026 172.114609 -179.416168 8.079864 6.416807 4.032130 156.784088 154.948639 170.074524 10.123530 5.674003 -0.020238 158.571213 -135.764023 -166.322784 16.832054 63.872734 -3.885012 1.056337 -13.885201 2.794386 0.891256 2.300320 -0.005991 0.890510 2.255504 -0.036234 4.165972 1.630212 0.112834 179.996552 -173.679077 -178.399399 179.996506 -172.625580 -178.343185 7.421771 -5.503057 0.306143 3.350976 -1.753185 1.433786 17.448006 -6.551647 64.818329 110.000984 6.810431 17.222567 21.336895 3.831957 -36.587334 43.566391 53.865974 18.285524 179.996689 179.999847 -167.080292 179.997833 -179.999588 -171.395477 180.000000 180.000000 -180.000000 15.005845 0.005451 29.730556 0.001969 0.006245 24.325027 179.999466 179.995438 -162.972504 180.000000 180.000000 -180.000000 0.002010 0.001828 35.401371 0.000581 0.002657 35.401375 179.999298 179.998322 -156.422684 180.000000 180.000000 -180.000000 170.000534 179.999496 -142.473297 0.000122 0.000737 37.526676 179.999771 179.999557 -155.007233 180.000000 180.000000 -180.000000 159.998581 -179.998566 -159.765015 179.998703 -179.997238 -149.647507 0.000192 -0.002008 20.214748 1.565540 -3.450443 7.549927 172.043335 131.388550 97.572662 89.523819 -168.414169 169.791855 174.576843 -168.336197 -161.781693 121.612228 123.969124 161.442688 0.006348 0.007010 -5.090413 0.004601 0.004306 -3.390215 0.000000 -0.000000 0.000000 164.999176 -179.999939 157.866135 179.999359 179.999802 161.890472 179.999619 179.999725 167.323334 0.000000 -0.000000 0.000000 179.986542 -179.998947 148.666260 179.988129 179.993561 148.666275 179.995667 179.992126 159.131729 0.000000 -0.000000 0.000000 9.993359 -0.000594 -32.139004 179.994110 179.996887 147.861008 179.997833 179.996124 158.595398 0.000000 -0.000000 0.000000 19.998196 -0.000187 -25.902145 179.997467 179.999069 141.146729 179.999084 179.998444 154.123734
33.951042 93.926788 465.217499 179.469269 172.472794 -179.185486 7.423664 9.327639 4.932699 155.617752 157.803452 168.972076 11.674221 13.748992 1.668884 159.747894 -136.126770 -168.424774 15.655459 57.714252 -3.514398 1.246411 -14.472276 2.170882 0.876324 2.097891 -0.163788 0.875670 2.058673 -0.296031 4.111599 1.525948 -0.240728 179.997101 -174.048630 -178.267593 179.997147 -173.056641 -178.206635 6.839295 -5.190392 0.478573 4.092291 -1.952090 1.249544 14.664224 -6.464048 65.217674 111.819946 4.541865 18.270729 21.633280 3.865850 -36.375439 42.481323 53.975189 17.272369 179.996201 -179.998932 -167.088226 179.997696 -179.998718 -171.400757 0.000000 -0.000000 0.000000 15.003702 0.003034 29.333565 0.001440 0.003653 24.000172 179.999893 179.997253 -163.199875 0.000000 -0.000000 0.000000 179.999466 -179.999573 -144.822693 179.999817 -179.999329 -144.822662 0.000155 -0.000433 23.428106 0.000000 -0.000000 0.000000 169.999039 -179.999207 -142.578293 179.999725 -179.998764 -142.578293 0.000351 -0.000767 24.922855 0.000000 -0.000000 0.000000 159.997604 -179.997864 -159.745285 179.997757 -179.995728 -149.617935 0.000148 -0.003225 20.234472 2.263350 -3.669390 8.790952 171.184601 129.621887 97.242020 88.712395 -168.557632 169.558228 174.994141 -169.100433 -162.177048 117.884148 123.657089 159.762680 179.999680 -179.999420 176.146545 179.999771 -179.999619 177.433609 0.000000 -0.000003 -0.000003 164.974396 -179.984055 159.975220 179.975647 -179.995911 163.616104 179.982910 179.997406 168.531281 0.000000 -0.000003 -0.000003 0.000979 0.000578 -34.709896 0.001127 -0.000081 -34.709888 0.000588 -0.000472 -23.116781 0.000000 -0.000003 -0.000003 9.990368 -0.005380 -33.105938 179.989014 179.999084 146.894058 179.994263 179.995422 157.951447 0.000000 -0.000003 -0.000003 19.997345 -0.001503 -26.208750 179.995422 -179.999756 140.686920 179.997559 179.998169 153.817490
34.341667 94.154663 469.339233 0.305144 7.146932 0.914043 5.592278 11.702602 5.448188 156.793365 159.429367 168.009247 11.957606 20.763929 3.065156 161.824448 -136.675766 -170.700806 13.763267 51.638176 -3.154881 0.868588 -15.087732 1.598048 0.873689 1.963755 -0.284191 0.873283 1.928735 -0.494782 4.108324 1.460476 -0.507534 179.998642 -174.265305 -178.141953 179.998627 -173.309433 -178.076065 6.437721 -5.006796 0.615067 4.764690 -2.414632 1.007934 12.243955 -5.944636 65.524818 113.384903 2.347128 19.083447 22.105175 3.865443 -36.192333 42.807686 54.321362 21.625601 179.998032 -179.995682 -165.124054 179.999435 -179.996872 -170.092590 0.000000 -0.000000 0.000000 15.001654 0.001308 29.033974 0.000666 0.001593 23.755060 179.999985 179.998810 -163.371445 0.000000 -0.000000 0.000000 0.000020 0.000019 35.243027 0.000010 0.000022 35.243008 180.000000 179.999985 -156.528122 0.000000 -0.000000 0.000000 169.999481 -179.999588 -142.507263 179.999847 -179.999329 -142.507263 0.000184 -0.000412 24.970167 0.000000 -0.000000 0.000000 159.998672 -179.998871 -159.555603 179.998718 -179.997711 -149.333405 0.000055 -0.001731 20.423950 2.401028 -3.657009 9.421972 171.117569 128.221359 97.519989 87.477966 -168.692825 169.914948 175.416779 -170.111008 -163.162079 122.343704 124.485374 162.380890 0.019627 0.026307 -5.096641 0.014392 0.016459 -3.394366 0.000000 0.000003 0.000003 164.984360 -179.987991 155.732895 179.984222 -179.996643 160.145096 179.988846 179.998260 166.101562 0.000000 0.000003 0.000003 179.967636 -179.978607 147.668945 179.961227 179.999039 147.668961 179.979065 179.984848 158.467514 0.000000 0.000003 0.000003 9.989261 -0.007031 -34.205879 179.987167 179.999588 145.794128 179.993149 179.994888 157.218903 0.000000 0.000003 0.000003 19.996983 -0.001984 -26.512005 179.994614 -179.999390 140.232025 179.996979 179.998001 153.514526
34.740650 94.264641 473.409119 1.011865 6.790527 0.889201 3.099291 13.489343 5.392612 160.203827 159.398193 167.403900 10.703015 25.798485 4.022014 164.113541 -137.473984 -172.688446 12.230610 45.741543 -2.463418 179.652924 -164.213806 -178.940262 0.871261 1.895248 -0.370756 0.871063 1.862742 -0.638069 4.102818 1.432067 -0.697471 0.000301 -5.713718 1.984948 0.000263 -6.666039 2.055804 6.134504 -4.989236 0.725800 5.371708 -3.204281 0.789395 10.351233 -4.951027 65.702614 114.729080 0.373087 19.657862 21.941422 4.095010 -36.274403 41.898376 55.279541 17.743673 179.999451 -179.999878 -166.794113 179.999664 -179.999847 -171.204880 0.000000 -0.000003 0.000000 15.000045 0.000067 28.677799 0.000004 0.000055 23.463659 179.999985 179.999954 -163.575455 0.000000 -0.000003 0.000000 179.999771 -179.999710 -144.809845 179.999985 -179.999634 -144.809830 0.000129 -0.000208 23.436646 0.000000 -0.000003 0.000000 169.999756 -179.999725 -142.435501 180.000000 -179.999634 -142.435501 0.000146 -0.000200 25.017950 0.000000 -0.000003 0.000000 159.999741 -179.999664 -159.294617 179.999802 -179.999390 -148.941940 0.000092 -0.000423 20.684669 2.564322 -3.730113 9.661683 171.020416 127.006058 97.980980 86.090981 -168.892059 170.629898 175.887268 -171.278214 -164.172852 117.164925 123.382942 159.684845 0.001431 0.002286 -3.452554 0.001036 0.001466 -2.299402 0.000000 0.000000 -0.000003 164.986038 -179.986023 153.796295 179.984589 -179.995117 158.560608 179.988724 179.999069 164.992447 0.000000 0.000000 -0.000003 179.990402 -179.991760 142.830765 179.987350 -179.999405 142.830765 179.993103 179.995148 155.245300 0.000000 0.000000 -0.000003 9.991989 -0.006493 -35.468224 179.989700 -179.999466 144.531830 179.994247 179.996246 156.378174 0.000000 0.000000 -0.000003 19.998466 -0.001218 -26.912521 179.997116 -179.999420 139.631256 179.998291 179.999054 153.114395
35.163334 94.274040 477.451385 1.578518 6.424154 0.762188 0.570661 15.032222 4.853599 163.809952 159.567383 167.340271 9.600707 30.212925 4.342772 165.989029 -138.642517 -174.074509 11.329130 40.040527 -1.747881 177.955444 -163.481964 -179.455322 0.867148 1.893603 -0.425649 0.867070 1.861871 -0.729396 4.087881 1.441733 -0.816475 0.000462 -5.842390 2.114680 0.000629 -6.816099 2.190009 5.949824 -5.098527 0.810543 5.855557 -4.110694 0.656596 9.086809 -3.661378 65.688667 115.801910 -1.225486 19.986307 21.798302 4.608087 -36.645653 41.981106 56.377796 17.585104 0.003153 0.000350 12.908337 0.001988 0.000702 8.596942 0.000000 -0.000000 0.000003 15.000581 -0.000294 28.504620 0.000527 0.000010 23.321960 0.000335 0.000156 16.325361 0.000000 -0.000000 0.000003 0.000171 -0.000105 35.267487 0.000197 0.000012 35.267494 0.000104 0.000086 23.488129 0.000000 -0.000000 0.000003 170.000259 -179.999817 -142.399704 0.000309 -0.000008 37.600254 0.000164 0.000132 25.041761 0.000000 -0.000000 0.000003 159.999893 179.999878 -159.090088 179.999771 179.999893 -148.635193 179.999847 -179.999985 -159.111023 2.810931 -3.839796 9.512836 170.996048 126.007935 98.743538 84.606682 -169.220566 171.640671 176.266342 -172.346649 -165.312973 116.455849 123.050133 159.374100 0.000052 0.000095 -3.169261 0.000033 0.000062 -2.110726 0.000000 -0.000000 0.000000 164.989594 -179.987305 151.738144 179.987518 -179.995087 156.876694 179.990601 179.999588 163.813690 0.000000 -0.000000 0.000000 179.996124 -179.996002 141.393570 179.994476 -179.999329 141.393585 179.996857 179.998032 154.288132 0.000000 -0.000000 0.000000 9.995353 -0.004451 -36.516369 179.993607 -179.999222 143.483673 179.996292 179.997849 155.680130 0.000000 -0.000000 0.000000 20.000126 0.000132 -27.171200 0.000275 0.000075 -40.756821 0.000171 -0.000080 -27.144020
35.599915 94.180649 481.499207 2.026532 5.940327 0.578881 178.633728 164.303574 -175.553848 168.012512 157.458481 167.345978 6.709571 32.419430 4.235447 166.926468 -140.287231 -174.635300 11.091925 34.689148 -1.292198 176.377960 -162.742447 179.949905 0.895738 2.005044 -0.495987 0.895574 1.971995 -0.847915 4.234452 1.541885 -0.956357 0.003351 -6.235380 2.231874 0.003445 -7.274559 2.312179 5.644214 -5.431314 0.892861 5.919517 -4.906351 0.848080 8.176997 -2.356805 65.498512 116.863815 -2.487255 20.221899 21.369667 5.445354 -37.268890 42.385620 57.727577 18.581968 0.007198 0.000370 13.002772 0.004595 0.001361 8.659853 0.000000 0.000003 0.000003 15.003730 0.001169 28.603386 0.002214 0.002330 23.402781 0.000765 0.002112 16.381947 0.000000 0.000003 0.000003 0.001341 0.000441 35.297401 0.000841 0.001145 35.297405 0.000016 0.000932 23.508080 0.000000 0.000003 0.000003 170.001892 179.999329 -142.317139 0.001071 0.001680 37.682842 179.999878 179.998672 -154.903229 0.000000 0.000003 0.000003 159.999130 -179.999649 -159.161896 179.998947 -179.999039 -148.742828 179.999725 -179.999100 -159.182724 2.774323 -4.017859 9.251166 171.215302 125.264305 99.842583 83.095596 -169.712006 172.853821 176.526993 -173.224640 -166.560547 116.243744 122.792816 159.137115 179.999786 -179.999557 176.865097 179.999832 -179.999725 177.912155 0.000000 -0.000000 0.000000 164.994507 -179.992096 149.831451 179.992844 -179.996735 155.316666 179.994507 179.999939 162.721680 0.000000 -0.000000 0.000000 0.000974 0.001169 -39.413120 0.001502 0.000288 -39.413113 0.000892 -0.000479 -26.249125 0.000000 -0.000000 0.000000 9.998549 -0.001605 -37.249569 179.997879 -179.999603 142.750458 179.998718 179.999344 155.191803 0.000000 -0.000000 0.000000 20.001707 0.001801 -27.250816 0.003517 0.001247 -40.876228 0.002316 -0.000896 -27.223579
36.036510 93.977341 485.564423 2.419523 5.281118 0.411415 177.494247 164.262314 -175.720581 171.242050 154.216721 167.540802 3.539942 32.192020 3.519042 166.510651 -142.414154 -174.275757 11.588914 29.968124 -1.243595 175.400101 -162.031128 179.260040 0.919749 2.242495 -0.569333 0.919499 2.205782 -0.972765 4.364516 1.732446 -1.095130 0.004522 -6.712203 2.322217 0.004394 -7.830891 2.406336 5.334105 -5.834712 0.959499 5.743965 -5.258223 1.239997 7.460080 -1.302064 65.175919 116.912270 -2.689995 20.824020 21.694923 6.351254 -38.463654 42.933094 58.517960 20.914988 0.006950 0.000297 13.786358 0.004441 0.001332 9.181721 0.000000 0.000003 0.000003 15.007076 0.004530 29.205690 0.003185 0.006095 23.895573 0.000275 0.004802 16.726889 0.000000 0.000003 0.000003 0.002911 0.001868 35.509022 0.001274 0.003217 35.509022 179.999451 179.997772 -156.350998 0.000000 0.000003 0.000003 170.003571 179.997620 -141.957535 0.001321 0.004093 38.042461 179.999008 179.997330 -154.663727 0.000000 0.000003 0.000003 159.998291 -179.998779 -159.353821 179.998245 -179.997375 -149.030731 179.999893 -179.997894 -159.374466 2.708604 -4.206869 8.852642 171.730560 124.746056 101.210785 81.451744 -170.521820 174.172256 176.681732 -173.886520 -167.935425 116.491241 122.557800 159.174271 0.000162 0.000315 -3.220038 0.000112 0.000210 -2.144544 0.000000 -0.000000 0.000000 164.998962 -179.998169 148.518829 179.998489 -179.999176 154.242691 179.998810 -179.999954 161.969864 0.000000 -0.000000 0.000000 0.002722 0.003903 -39.438339 0.004580 0.001315 -39.438370 0.002916 -0.001245 -26.265924 0.000000 -0.000000 0.000000 10.000549 0.000732 -37.581707 0.000878 0.000239 -37.581726 0.000563 -0.000235 -25.029425 0.000000 -0.000000 0.000000 20.001938 0.002446 -27.073824 0.004251 0.001959 -40.610725 0.003001 -0.000838 -27.046745
36.451893 93.671951 489.648163 2.848203 4.080175 0.194658 177.080933 164.356262 -175.597244 172.795242 150.120926 167.772827 0.835992 31.062187 2.760226 164.978439 -145.321915 -173.301117 12.702802 26.068762 -1.635874 175.066940 -161.486420 178.734711 0.952375 2.737380 -0.639620 0.951792 2.692395 -1.094421 4.551931 2.106530 -1.205744 0.004659 -7.236586 2.376890 0.004217 -8.442711 2.463388 4.797640 -6.274506 1.030627 5.224666 -5.100938 1.708037 7.011433 -0.510943 64.913727 116.514137 -2.034769 21.418369 21.961864 7.119257 -39.893745 44.089584 58.989155 23.948423 179.998016 179.995193 -165.333191 179.997864 179.997269 -170.231918 0.000000 -0.000000 0.000007 15.007459 0.007138 30.238255 0.002256 0.008138 24.740385 179.999008 179.994171 -162.681717 0.000000 -0.000000 0.000007 0.003872 0.003531 35.906487 0.001037 0.005131 35.906483 179.998550 179.996826 -156.086273 0.000000 -0.000000 0.000007 170.004044 179.996307 -141.410492 0.000802 0.005407 38.589542 179.998154 179.996857 -154.299362 0.000000 -0.000000 0.000007 159.998291 -179.998367 -159.649277 179.998428 -179.996826 -149.473923 0.000176 -0.002349 20.330368 2.424081 -4.415695 8.461130 172.608505 125.368874 103.049477 80.908356 -171.283295 175.013092 176.704910 -174.044525 -169.002701 116.292389 122.355896 158.944809 0.000310 0.000644 -3.197917 0.000231 0.000418 -2.129814 0.000000 0.000000 -0.000003 165.001251 179.997589 147.990723 0.001896 0.001149 -26.189417 0.001551 0.000129 -18.332584 0.000000 0.000000 -0.000003 0.002847 0.004605 -38.883301 0.005086 0.001832 -38.883327 0.003414 -0.001153 -25.896286 0.000000 0.000000 -0.000003 10.001358 0.002019 -37.547268 0.002307 0.000790 -37.547272 0.001537 -0.000513 -25.006502 0.000000 0.000000 -0.000003 20.001896 0.002746 -26.718222 0.004401 0.002416 -40.077362 0.003284 -0.000641 -26.691517
36.840267 93.259972 493.741516 3.228775 2.837762 -0.039853 177.397705 164.916229 -175.193253 172.161423 145.652634 167.639862 178.851654 150.240860 -178.094482 162.935562 -148.488586 -172.158493 13.995058 23.013206 -2.410746 175.419632 -161.086838 178.589020 1.003368 3.292881 -0.716717 1.002699 3.238639 -1.230725 4.828696 2.528751 -1.324910 0.004550 -7.787506 2.395653 0.004016 -9.085471 2.482928 4.061727 -6.732247 1.106926 4.478504 -4.510810 2.151675 6.669334 0.145784 64.872337 115.628883 -0.726077 22.077482 22.145578 7.694576 -41.283691 42.392906 57.739140 25.956896 179.993301 179.995361 -163.306305 179.994812 179.998413 -168.881989 0.000003 -0.000000 0.000000 15.004761 0.006404 31.431145 0.000548 0.006513 25.716389 179.998352 179.995743 -161.998550 0.000003 -0.000000 0.000000 0.002618 0.003153 36.497196 0.000209 0.004092 36.497181 179.998489 179.997742 -155.692871 0.000003 -0.000000 0.000000 170.002609 179.996948 -140.783432 0.000075 0.004016 39.216530 179.998352 179.997894 -153.881790 0.000003 -0.000000 0.000000 159.998810 -179.998611 -159.924652 179.999039 -179.997421 -149.886978 0.000299 -0.001822 20.055279 1.945062 -4.680475 8.101032 173.609634 126.032799 104.957573 80.159836 -172.149490 175.827240 176.756393 -174.008118 -169.950104 116.190094 122.192551 158.996979 0.000338 0.000645 -3.093098 0.000249 0.000423 -2.059999 0.000000 -0.000000 0.000000 165.003494 179.992371 148.117737 0.005678 0.003878 -26.085482 0.004756 0.000733 -18.259834 0.000000 -0.000000 0.000000 0.002143 0.003950 -38.032764 0.004105 0.001819 -38.032742 0.002904 -0.000712 -25.329811 0.000000 -0.000000 0.000000 10.001242 0.002143 -37.195934 0.002282 0.000964 -37.195969 0.001603 -0.000403 -24.772497 0.000000 -0.000000 0.000000 20.001570 0.002633 -26.225559 0.003838 0.002523 -39.338352 0.003043 -0.000298 -26.199335
37.219490 92.725410 497.800690 3.575104 1.687683 -0.286767 178.143570 166.025757 -174.597015 170.429199 140.050079 167.059937 176.692749 152.234268 -178.702896 161.034775 -151.416672 -171.381836 15.069283 21.036657 -3.126772 176.217789 -160.597931 178.697098 1.058442 3.855117 -0.804898 1.057896 3.791818 -1.387685 5.126154 2.959478 -1.467970 0.004130 -8.374154 2.391920 0.003878 -9.769867 2.478679 3.192014 -7.214733 1.191003 3.608293 -3.388897 2.448376 6.439334 0.582888 65.222252 114.205589 0.926103 22.791271 22.227295 8.149719 -42.277115 39.956318 55.764915 27.365915 179.992020 179.996964 -161.115631 179.994308 179.999878 -167.423019 0.000000 -0.000000 0.000000 15.002458 0.004541 32.355007 179.999680 179.995804 -153.527740 179.998474 179.997467 -161.469421 0.000000 -0.000000 0.000000 0.000961 0.001465 36.972996 179.999893 179.998245 -143.026993 179.999237 179.999115 -155.375992 0.000000 -0.000000 0.000000 170.000412 179.999420 -140.301315 179.999954 179.999268 -140.301331 179.999680 179.999649 -153.560699 0.000000 -0.000000 0.000000 160.008392 179.988434 -160.462875 0.005737 0.020657 29.305668 179.996384 179.986191 -160.482422 1.366566 -5.018345 7.823319 174.736053 127.294769 106.907349 79.722824 -173.029343 176.383438 176.901123 -173.830978 -170.708221 115.989754 122.041359 159.032578 0.000292 0.000482 -2.944417 0.000203 0.000311 -1.960983 180.000000 180.000000 -180.000000 165.001221 179.996902 150.028534 0.002121 0.001705 -24.522112 0.001843 0.000478 -17.165474 180.000000 180.000000 -180.000000 0.001214 0.002673 -37.104549 0.002569 0.001410 -37.104557 0.001934 -0.000272 -24.711632 180.000000 180.000000 -180.000000 10.000805 0.001686 -36.704430 0.001648 0.000883 -36.704426 0.001231 -0.000188 -24.445154 180.000000 180.000000 -180.000000 20.001045 0.002167 -25.628462 0.002805 0.002266 -38.442699 0.002399 0.000041 -25.602839
37.652405 92.062790 501.747894 3.891061 0.795861 -0.536473 178.893555 167.297623 -174.210648 166.894211 135.446396 165.725220 175.497879 153.767136 -179.544128 159.687073 -153.293457 -171.273682 15.784429 20.435881 -3.245037 177.079788 -160.424133 178.889328 1.058441 4.330076 -0.856920 1.058074 4.258472 -1.481467 5.155146 3.308563 -1.553076 0.004118 -8.853164 2.371491 0.004265 -10.328699 2.457212 2.623031 -7.610125 1.240936 3.154135 -2.228482 2.418932 6.311427 1.364455 65.906242 112.059563 2.799093 23.415148 22.350458 8.482450 -42.635689 37.451328 53.277733 28.690060 179.994720 179.998276 -158.866501 179.996307 -179.999756 -165.925095 0.000000 -0.000000 0.000000 15.001240 0.003121 33.019455 179.999466 179.997314 -152.984085 179.998810 179.998505 -161.088867 0.000000 -0.000000 0.000000 179.999863 -179.999725 -142.783981 0.000048 -0.000286 37.216007 0.000143 -0.000136 24.785852 0.000000 -0.000000 0.000000 169.999268 -179.998795 -140.178345 0.000217 -0.001397 39.821621 0.000705 -0.000633 26.521202 0.000000 -0.000000 0.000000 160.001709 179.997375 -158.662506 0.000944 0.004618 32.006241 179.998901 179.997055 -158.683838 1.101201 -5.339832 7.391715 175.796295 129.066589 108.753853 79.513763 -173.829102 176.731339 177.145844 -173.560135 -171.248856 115.837357 121.837883 159.165329 0.000129 0.000191 -2.766680 0.000080 0.000128 -1.842608 0.000000 -0.000000 0.000000 165.000488 179.998550 150.996796 0.000913 0.000837 -23.729889 0.000813 0.000291 -16.610928 0.000000 -0.000000 0.000000 0.000521 0.001436 -36.278618 0.001266 0.000853 -36.278591 0.001013 -0.000038 -24.161551 0.000000 -0.000000 0.000000 10.000360 0.000969 -36.184986 0.000860 0.000568 -36.184990 0.000684 -0.000032 -24.099209 0.000000 -0.000000 0.000000 20.000494 0.001325 -24.966915 0.001501 0.001504 -37.450363 0.001402 0.000193 -24.941952
38.155998 91.258041 505.529602 4.174770 0.264160 -0.764095 179.387619 168.943573 -174.101212 161.053955 130.866257 162.381241 175.553345 156.126373 179.798767 159.149094 -153.470978 -171.797241 16.091433 21.932631 -2.645993 177.486206 -160.794724 179.324142 1.027109 4.676513 -0.907122 1.026870 4.598629 -1.568624 5.030067 3.558645 -1.652496 0.003258 -9.309557 2.348486 0.003827 -10.861179 2.432870 2.183149 -7.988383 1.278144 2.949857 -1.260555 2.226290 6.230322 2.579231 66.832748 109.732651 4.190054 23.808496 21.803518 8.865504 -42.008358 35.278984 50.883221 29.950813 179.997635 179.999100 -156.836960 179.998306 -179.999908 -164.573425 0.000000 -0.000000 0.000000 15.000557 0.001832 33.585773 179.999542 179.998505 -152.520721 179.999237 179.999207 -160.764511 0.000000 -0.000000 0.000000 179.999832 -179.999588 -142.825821 0.000099 -0.000440 37.174171 0.000230 -0.000190 24.757988 0.000000 -0.000000 0.000000 169.999023 -179.998154 -140.375885 0.000405 -0.002030 39.624107 0.001070 -0.000872 26.389664 0.000000 -0.000000 0.000000 160.000488 179.999191 -158.170303 0.000215 0.001386 32.744522 179.999619 179.999130 -158.192139 0.902520 -5.646790 6.968254 176.504929 132.130524 110.433891 80.342033 -174.254654 176.816788 177.460510 -173.255157 -171.572037 115.634804 121.691170 159.124954 0.000073 0.000106 -2.655986 0.000050 0.000067 -1.768886 0.000000 -0.000000 0.000000 165.000061 179.999741 151.656036 0.000147 0.000149 -23.190504 0.000137 0.000054 -16.233355 0.000000 -0.000000 0.000000 0.000156 0.000552 -35.636978 0.000443 0.000361 -35.636963 0.000378 0.000027 -23.734215 0.000000 -0.000000 0.000000 10.000071 0.000282 -35.748344 0.000227 0.000181 -35.748360 0.000194 0.000010 -23.808401 0.000000 -0.000000 0.000000 20.000130 0.000474 -24.369240 0.000464 0.000572 -36.553852 0.000476 0.000125 -24.344872
38.716213 89.748749 509.259308 4.406030 0.196768 -1.031532 179.891281 170.969803 -174.014908 152.636459 126.657387 156.616333 176.397369 158.826767 179.384735 158.880600 -152.342377 -173.029541 17.354671 23.749643 -0.775488 177.047684 -163.742981 -179.468430 0.963945 4.877102 -0.968850 0.963457 4.795523 -1.670620 4.756390 3.703907 -1.794996 0.000526 -9.774066 2.374518 0.000803 -11.403062 2.459262 1.921702 -8.374527 1.328382 2.965819 -0.189501 2.099091 6.282942 3.901478 67.809334 107.337395 5.327598 24.087255 21.028275 9.697670 -40.667442 33.783798 48.328510 32.004971 179.961777 179.964020 -154.710968 179.966599 179.989685 -163.157516 0.000000 -0.000003 0.000000 15.028322 0.133358 33.834396 179.956589 179.897232 -152.317398 179.938995 179.951263 -160.622177 0.000000 -0.000003 0.000000 0.025249 0.072801 36.381447 179.976349 179.926666 -143.618607 179.958069 179.970398 -155.769974 0.000000 -0.000003 0.000000 169.998337 -179.996185 -141.514496 0.001104 -0.004017 38.485447 0.002242 -0.001634 25.631332 0.000000 -0.000003 0.000000 160.000168 179.999664 -157.847687 0.000026 0.000577 33.228428 179.999817 179.999664 -157.869843 1.141500 -6.164367 6.529914 177.060272 134.237854 111.960732 80.244812 -174.880020 176.983765 177.857040 -172.884460 -171.824417 115.200485 121.595482 158.875320 0.002200 0.002330 -2.526653 0.001525 0.001486 -1.682752 0.000000 -0.000000 0.000003 165.000244 179.998810 151.724945 0.000645 0.000766 -23.134104 0.000622 0.000316 -16.193867 0.000000 -0.000000 0.000003 0.004003 0.021043 -35.272675 0.015287 0.014994 -35.272682 0.014063 0.002376 -23.491589 0.000000 -0.000000 0.000003 10.000857 0.004787 -35.502018 0.003448 0.003420 -35.501965 0.003193 0.000508 -23.644308 0.000000 -0.000000 0.000003 20.001928 0.012587 -23.956839 0.010208 0.016138 -35.935276 0.011781 0.004797 -23.932869
39.633579 89.301857 512.796814 4.552880 0.634971 -1.042439 179.811691 173.784271 -174.292130 145.403671 123.506950 150.676682 176.426041 161.966400 178.966583 160.450760 -150.137329 -176.158569 16.449202 27.608860 2.258934 177.439255 -166.424332 -179.122391 0.815722 4.813745 -1.047558 0.815440 4.732209 -1.792367 4.074215 3.635470 -2.015101 0.001847 -10.072122 2.452208 0.002608 -11.750478 2.539580 2.226167 -8.628636 1.336134 3.577027 0.065212 1.742561 6.339059 5.832226 68.701019 103.105576 6.091824 24.232075 20.298401 10.181684 -38.583485 36.769146 47.853157 22.599693 179.450455 179.219406 -160.297318 179.441925 179.694000 -166.876892 180.000000 180.000000 -180.000000 15.016994 0.097993 35.337257 179.963989 179.927048 -151.087753 179.952911 179.967957 -159.761429 180.000000 180.000000 -180.000000 0.036994 0.135022 36.519894 179.946747 179.870529 -143.480209 179.919388 179.953171 -155.677795 180.000000 180.000000 -180.000000 170.016098 179.952652 -141.980759 179.983185 179.952896 -141.980774 179.971741 179.982376 -154.679199 180.000000 180.000000 -180.000000 159.994965 -179.987122 -157.732941 0.000255 -0.020767 33.400658 0.007719 -0.011475 22.244827 0.799180 -5.856110 6.151591 178.306641 137.637253 113.229446 80.654892 -175.115768 177.041992 178.036453 -172.544724 -171.728531 114.938591 121.248169 158.527542 0.004577 0.004830 -2.512705 0.003176 0.003086 -1.673461 0.000000 -0.000000 0.000000 165.005447 179.976959 151.279785 0.012841 0.014517 -23.498363 0.012261 0.005803 -16.448849 0.000000 -0.000000 0.000000 0.007122 0.033263 -35.027920 0.024633 0.023473 -35.027912 0.022369 0.003621 -23.328606 0.000000 -0.000000 0.000000 10.005454 0.028149 -35.893246 0.020715 0.019844 -35.893208 0.018896 0.002796 -23.904894 0.000000 -0.000000 0.000000 20.002489 0.014762 -23.699089 0.012187 0.018869 -35.548641 0.013872 0.005601 -23.675392
40.373058 88.823524 516.123840 4.688325 1.334183 -0.952765 179.202713 176.848541 -175.150482 134.278275 121.338844 140.290344 178.773331 166.459366 179.114365 161.225098 -147.774933 -177.473129 15.853999 32.818157 3.239626 178.251358 -168.569626 -177.746811 0.695132 4.611454 -1.125816 0.695085 4.533279 -1.914813 3.523620 3.477343 -2.227885 0.002044 -10.336561 2.457218 0.002776 -12.059113 2.544849 2.231070 -8.854829 1.340416 3.914878 0.217332 1.139231 5.469057 8.034927 69.896843 98.649719 6.893024 24.994190 19.936947 10.382170 -36.515411 24.888155 44.124878 43.297813 179.998505 179.996063 -144.706116 179.997650 179.998428 -156.494263 0.000000 -0.000000 0.000000 15.018628 0.114636 36.091770 179.955719 179.915924 -150.470413 179.943588 179.964767 -159.329254 0.000000 -0.000000 0.000000 0.033323 0.145666 37.663486 179.934387 179.865753 -142.336594 179.909958 179.957596 -154.916153 0.000000 -0.000000 0.000000 170.023682 179.912460 -141.883011 179.963470 179.916992 -141.883057 179.946426 179.972122 -154.614105 0.000000 -0.000000 0.000000 159.997101 -179.990494 -157.879440 0.001275 -0.014844 33.180828 0.006113 -0.007815 22.098448 179.934875 -174.627396 -174.353714 179.821655 140.860626 114.582420 80.688744 -175.299271 177.166183 178.103729 -172.272827 -171.461975 114.580315 120.687218 158.275208 0.006037 0.007857 -2.376854 0.004213 0.005074 -1.582986 0.000000 -0.000000 0.000000 165.013992 179.954361 151.365845 0.027526 0.027715 -23.427944 0.025256 0.010447 -16.399563 0.000000 -0.000000 0.000000 0.013357 0.046882 -34.509487 0.037010 0.031725 -34.509464 0.032232 0.003929 -22.983299 0.000000 -0.000000 0.000000 10.007141 0.027129 -35.193039 0.021280 0.018282 -35.193024 0.018584 0.001933 -23.438547 0.000000 -0.000000 0.000000 20.003790 0.016404 -23.377249 0.014820 0.020444 -35.065865 0.015860 0.005600 -23.353830
41.003475 88.444626 519.586182 4.977689 1.655946 -0.413577 178.365875 179.842865 -176.520691 126.453888 119.571411 132.156631 179.474487 170.082642 179.196350 162.847717 -147.125534 -178.510300 13.989921 36.697205 1.971469 178.683655 -169.548309 -175.688568 0.559185 4.551047 -1.246042 0.559002 4.472800 -2.107592 2.915625 3.415604 -2.530508 180.000000 -169.383759 -177.610931 0.000197 -12.385612 2.474442 2.253106 -9.098963 1.292020 3.920991 0.298906 0.414714 4.604789 9.799874 70.917091 92.962357 7.560319 25.663794 19.931107 10.664287 -34.868450 22.214819 45.366478 43.272923 0.023561 -0.053574 36.117104 0.033480 -0.019959 24.053978 0.000000 -0.000000 0.000000 15.043335 0.277621 35.778667 179.887634 179.799408 -150.726852 179.860138 179.920319 -159.508774 0.000000 -0.000000 0.000000 0.032481 0.167049 38.858688 179.916412 179.851746 -141.141464 179.893768 179.960434 -154.120193 0.000000 -0.000000 0.000000 170.022781 179.892120 -141.228607 179.948471 179.902527 -141.228668 179.932175 179.971848 -154.178253 0.000000 -0.000000 0.000000 159.990265 -179.957474 -157.684738 0.010147 -0.064639 33.472893 0.029108 -0.032433 22.292938 178.945343 -175.185944 -175.229767 0.971588 35.509632 -64.044403 80.956520 -175.432602 177.437668 178.143066 -172.252930 -171.062668 113.662651 120.644852 157.448090 0.012221 0.016146 -2.285360 0.008502 0.010474 -1.522049 0.000000 -0.000000 0.000000 165.022568 179.943756 152.269730 0.037125 0.032875 -22.688421 0.032690 0.011705 -15.881884 0.000000 -0.000000 0.000000 0.020969 0.055025 -33.524712 0.047127 0.035320 -33.524689 0.039118 0.002961 -22.327469 0.000000 -0.000000 0.000000 10.016189 0.045711 -34.905151 0.038930 0.028921 -34.905140 0.032269 0.001432 -23.246813 0.000000 -0.000000 0.000000 20.014017 0.044574 -23.548557 0.044848 0.053876 -35.322834 0.044850 0.012974 -23.525009
41.551785 88.280830 523.102051 5.146628 1.278414 0.708779 177.988800 -177.313858 -178.089233 117.295197 118.760666 122.451027 0.597997 6.489108 -0.795321 164.072922 -148.555878 -179.544525 11.835426 39.673729 -0.498441 179.378159 -168.759781 -174.646545 0.469556 4.770737 -1.450606 0.468289 4.687304 -2.444546 2.531037 3.558205 -3.000424 179.997818 -169.084442 -177.772781 179.997375 -167.265259 -177.693085 2.093031 -9.360706 1.208450 3.469380 0.365638 -0.214489 3.717217 11.195294 71.435532 86.663124 8.165522 26.428164 19.985662 11.068818 -34.434025 20.836990 46.387192 39.473583 0.004325 -0.006694 34.604347 0.004908 -0.002033 23.046469 180.000000 -179.999985 -179.999985 15.006636 0.038675 40.808514 179.983276 179.972610 -146.611221 179.979630 179.990540 -156.627869 180.000000 -179.999985 -179.999985 0.016911 0.109498 41.096149 179.938950 179.907562 -138.903870 179.928574 179.981491 -152.629974 180.000000 -179.999985 -179.999985 170.009521 179.934509 -139.734955 179.964264 179.944305 -139.734970 179.957733 179.987503 -153.183487 180.000000 -179.999985 -179.999985 159.981506 -179.872177 -157.335251 0.042821 -0.188939 33.997013 0.091429 -0.091082 22.642006 177.502014 -176.086685 -176.241592 1.532248 29.906076 -62.755711 82.657555 -175.386627 177.633789 178.306961 -172.507858 -170.698166 111.634933 120.706024 156.226837 0.012062 0.015513 -1.781083 0.008283 0.010126 -1.186203 0.000000 0.000003 0.000003 165.027939 179.943573 153.719101 0.040288 0.032091 -21.502598 0.034320 0.011086 -15.051795 0.000000 0.000003 0.000003 0.029198 0.061258 -32.225788 0.056473 0.037621 -32.225845 0.045155 0.002030 -21.462402 0.000000 0.000003 0.000003 10.027769 0.062282 -34.052467 0.057003 0.037439 -34.052479 0.045425 0.000332 -22.678967 0.000000 0.000003 0.000003 20.012640 0.030952 -22.122427 0.034525 0.036397 -33.183670 0.032394 0.008191 -22.100323
41.961689 88.907814 526.424927 5.492447 1.319696 2.019740 178.133423 -173.879745 -179.475891 108.938393 118.610550 113.839432 1.464578 3.648103 -1.186726 166.202835 -149.854477 179.472153 8.043266 41.967499 -3.558722 179.753387 -163.937164 -174.171341 0.360417 4.889771 -1.671191 0.359707 4.801761 -2.805479 2.073064 3.611037 -3.511240 179.998169 -168.773239 -177.996078 179.997620 -166.902206 -177.924347 1.746351 -9.632511 1.111477 2.985897 0.572747 -0.747722 2.568052 12.187686 71.757561 80.219376 9.068834 27.045889 20.450726 11.299976 -35.212132 20.199196 45.723698 38.779762 0.010366 -0.013147 34.565666 0.010650 -0.003315 23.020729 0.000003 -0.000000 0.000000 15.004556 0.029258 41.362144 179.986862 179.979645 -146.158249 179.984406 179.993347 -156.310776 0.000003 -0.000000 0.000000 0.008345 0.078679 42.702049 179.951782 179.937256 -137.297958 179.947952 179.991760 -151.560440 0.000003 -0.000000 0.000000 170.004471 179.939758 -138.904297 179.963196 179.952118 -138.904343 179.960480 179.992477 -152.630295 0.000003 -0.000000 0.000000 159.996002 -179.922485 -159.358398 0.033195 -0.111613 30.962385 0.056175 -0.053473 20.620934 175.844421 -177.022736 -177.233444 1.624269 23.547569 -61.490273 84.741035 -175.406601 178.020248 178.690369 -173.056274 -170.508072 110.751816 121.159767 156.035721 0.021814 0.024310 -1.432125 0.014799 0.015956 -0.953796 0.000000 -0.000000 0.000000 165.029007 179.948471 155.374847 0.038616 0.029149 -20.147829 0.032269 0.010306 -14.103492 0.000000 -0.000000 0.000000 0.033054 0.060618 -30.517447 0.058396 0.036858 -30.517439 0.045932 0.002328 -20.324644 0.000000 -0.000000 0.000000 10.030644 0.059641 -32.274975 0.056931 0.035418 -32.274982 0.044660 0.000579 -21.495148 0.000000 -0.000000 0.000000 20.018999 0.040331 -21.445812 0.047704 0.046880 -32.168667 0.043312 0.010390 -21.424343
42.121094 88.619408 529.728149 6.220395 1.871283 3.328237 178.449783 -169.903259 179.479736 99.601486 120.330872 104.582794 3.866489 0.679145 -1.693483 167.867203 -150.961121 178.836639 5.203991 43.250324 -6.496410 179.176651 -160.790741 -172.975677 0.183268 4.884751 -1.874736 0.183998 4.792490 -3.134442 1.300708 3.528812 -4.007397 179.999985 -168.479645 -178.207962 0.000063 -13.440470 1.855971 1.425069 -9.888456 1.018056 2.712999 0.948966 -1.038067 1.266310 13.098579 71.983757 74.037415 10.087509 27.136074 21.286074 11.253818 -36.837986 18.464951 44.060745 37.227917 0.023904 -0.031223 34.638382 0.024835 -0.008305 23.069160 180.000000 -180.000000 179.999985 15.006084 0.044571 41.609596 179.979248 179.969604 -145.955780 179.975983 179.990692 -156.169052 180.000000 -180.000000 179.999985 0.005707 0.087008 43.718258 179.942673 179.934296 -136.281784 179.942078 179.995712 -150.883667 180.000000 -180.000000 179.999985 170.001312 179.938293 -138.073624 179.959091 179.953796 -138.073639 179.959106 179.995789 -152.077026 180.000000 -180.000000 179.999985 159.999435 179.975281 -161.546875 179.987198 179.965164 -152.320312 179.981583 179.983536 -161.565323 174.654846 -177.779572 -178.220398 1.006518 16.617952 -60.068569 87.059868 -175.613068 178.434433 179.339706 -173.893326 -170.587067 109.069275 121.271812 155.516830 0.030504 0.029169 -0.751473 0.020345 0.019381 -0.500481 0.000000 -0.000000 0.000000 165.026550 179.954346 157.022018 0.034149 0.026489 -18.800159 0.028476 0.010215 -13.160132 0.000000 -0.000000 0.000000 0.056194 0.102935 -29.507145 0.096950 0.066024 -29.507154 0.077608 0.009171 -19.651802 0.000000 -0.000000 0.000000 10.023342 0.044436 -30.203356 0.042045 0.027405 -30.203367 0.033362 0.002196 -20.115442 0.000000 -0.000000 0.000000 20.018690 0.039332 -20.217695 0.045765 0.046632 -30.326521 0.041762 0.012246 -20.197466
42.318661 88.517067 533.135986 7.268382 2.215871 4.460236 178.855453 -165.987411 179.183884 93.537376 122.385872 98.838768 5.628831 -1.145167 -2.598274 170.340271 -152.832321 176.829514 2.448953 43.938282 -7.517271 177.781387 -157.536484 -172.262695 179.932449 174.988266 177.934906 179.933823 175.088333 176.563034 0.200232 3.485200 -4.494111 0.000552 -11.750401 1.684526 0.000948 -13.708780 1.744598 1.179663 -10.086855 0.986348 2.663951 1.256206 -0.912315 0.898985 13.873601 71.976059 67.812187 10.318998 26.268656 22.369623 11.305144 -38.809021 18.664541 42.212795 35.818909 0.029470 -0.049743 34.098274 0.034535 -0.017014 22.709476 180.000000 180.000000 -180.000000 15.003929 0.050375 42.358906 179.974274 179.967636 -145.342743 179.972229 179.991852 -155.739914 180.000000 180.000000 -180.000000 179.999771 179.921707 -134.609177 179.943085 179.946228 -134.609222 179.947922 -179.997360 -149.769730 180.000000 180.000000 -180.000000 169.996613 179.937393 -136.960251 179.954163 179.957214 -136.960281 179.958252 -179.999466 -151.335526 180.000000 180.000000 -180.000000 159.995483 179.956039 -161.297989 179.971619 179.940063 -151.946991 179.964218 179.974136 -161.316681 173.867035 -178.399414 -178.882690 179.688263 171.089020 121.275200 89.869316 -176.151840 178.869492 0.176757 -5.039376 9.095307 106.581032 120.796074 154.986725 0.021828 0.019122 0.439883 0.014346 0.012974 0.292961 0.000000 -0.000000 0.000000 165.021118 179.960205 158.604706 0.027584 0.024440 -17.505239 0.023446 0.010781 -12.253662 0.000000 -0.000000 0.000000 0.010878 0.021570 -24.692141 0.018755 0.015226 -24.692114 0.015557 0.004118 -16.444942 0.000000 -0.000000 0.000000 10.012731 0.027545 -28.449141 0.024107 0.018435 -28.449144 0.019926 0.003346 -18.947140 0.000000 -0.000000 0.000000 20.013443 0.033108 -18.824259 0.034395 0.041115 -28.236389 0.032898 0.013866 -18.805433
42.480732 88.544991 536.414673 8.464555 2.751409 5.057103 179.310455 -162.024521 179.523224 87.419571 125.191177 93.135300 8.088184 -3.751244 -3.102322 171.914230 -154.643311 174.881012 0.514112 44.082142 -7.092774 177.160950 -155.152481 -172.151794 179.647186 174.950485 177.825317 179.648132 175.056992 176.398102 178.905869 176.652649 175.185806 179.999771 -168.145020 -178.323746 0.000012 -13.830626 1.736071 1.036752 -10.173775 1.006467 2.922537 1.433317 -0.563665 0.791935 15.250337 72.079803 62.653339 9.980858 24.996145 22.291721 9.882000 -41.419399 21.144878 41.036037 33.569820 0.010847 -0.038634 32.272652 0.019548 -0.018219 21.493570 0.000003 -0.000003 0.000003 15.001419 0.031300 43.493973 179.983047 179.980789 -144.414032 179.982498 179.996063 -155.089813 0.000003 -0.000003 0.000003 179.997772 179.945465 -132.914383 179.957993 179.965164 -132.914368 179.964020 -179.994827 -148.640976 0.000003 -0.000003 0.000003 169.995590 179.953064 -135.643784 179.963638 179.970016 -135.643768 179.968750 -179.996979 -150.458771 0.000003 -0.000003 0.000003 159.997910 179.985031 -160.153595 179.989288 179.980011 -150.230408 179.987167 179.992050 -160.173431 172.856354 -179.225800 -178.838943 179.389069 177.619049 121.751663 90.887878 -177.542084 179.482956 1.018233 -3.967838 8.653108 100.541405 119.432060 153.962357 0.000761 0.005509 3.466427 0.000406 0.003684 2.308640 180.000000 180.000000 -180.000000 164.986954 -179.969986 161.290863 179.981766 -179.980377 164.692535 179.983963 -179.990280 169.284760 180.000000 180.000000 -180.000000 179.993286 -179.982620 156.788422 179.986893 -179.986771 156.788437 179.988480 -179.995422 164.541092 180.000000 180.000000 -180.000000 10.004819 0.014466 -27.230591 0.010850 0.010724 -27.230629 0.009675 0.003107 -18.135580 180.000000 180.000000 -180.000000 19.994560 -0.018987 -16.691835 179.983765 -179.975235 154.962219 179.983124 -179.989807 163.324860
42.574646 88.639244 539.698486 9.814771 3.745435 4.995978 179.534149 -157.826263 -179.785995 84.572655 127.444252 91.003448 10.229012 -5.331189 -3.642842 173.873901 -156.027359 173.534897 178.182922 135.713333 173.537048 176.225800 -153.121750 -171.840149 179.340317 175.164871 177.851852 179.340973 175.273468 176.459869 177.444748 176.969727 175.168274 179.999298 -168.176529 -178.280716 179.999115 -166.206131 -178.219269 1.155297 -10.145519 1.016556 3.193984 1.518071 -0.180055 1.324392 17.174402 72.424973 58.288719 8.778624 23.261824 22.472734 8.581101 -43.347740 24.420527 41.269089 32.367542 0.000987 -0.028489 30.462627 0.009907 -0.016191 20.288107 0.000000 -0.000000 0.000000 15.000574 0.017825 44.433743 179.990067 179.989319 -143.645126 179.989960 179.998154 -154.551575 0.000000 -0.000000 0.000000 179.998383 179.969086 -131.272095 179.975464 179.981140 -131.272079 179.979813 -179.995804 -147.547211 0.000000 -0.000000 0.000000 169.996735 179.969101 -134.291245 179.975372 179.981079 -134.291245 179.979553 -179.996857 -149.557953 0.000000 -0.000000 0.000000 159.998840 179.992233 -159.691940 179.994247 179.989700 -149.537918 179.993210 179.996063 -159.712234 172.241959 -179.843414 -178.444046 179.263519 -176.485397 121.558350 91.363495 -179.409042 179.886581 1.642671 -3.000084 8.301082 114.952217 122.248375 152.229187 0.332649 0.254249 -5.768836 0.225697 0.166482 -3.842067 0.000000 0.000000 -0.000007 165.013962 179.925507 158.218933 0.031549 0.053411 -17.820862 0.031769 0.029629 -12.474602 0.000000 0.000000 -0.000007 0.002848 0.019840 -24.572283 0.010680 0.016967 -24.572277 0.011108 0.007404 -16.365131 0.000000 0.000000 -0.000007 10.000166 0.001603 -26.426039 0.000859 0.001363 -26.426035 0.000918 0.000557 -17.599731 0.000000 0.000000 -0.000007 20.001471 0.030364 -18.334480 0.015660 0.042841 -27.501717 0.022053 0.020896 -18.316143
42.596539 88.656509 543.240723 10.881461 4.253956 4.534527 179.742599 -153.931625 -178.928818 82.795174 129.002640 89.742966 11.876469 -6.726084 -3.771788 175.429810 -158.387573 173.115540 176.121094 135.675125 173.806396 175.097885 -150.935699 -171.260101 179.074600 175.302399 177.957779 179.075729 175.413574 176.649414 176.162094 177.189804 175.340576 179.999313 -168.322723 -178.241852 179.998734 -166.376526 -178.178894 1.462080 -10.022446 0.990087 3.224300 1.419233 0.170879 2.359349 19.610865 72.869385 54.780388 6.777151 21.562937 22.601631 7.699941 -44.620651 28.462002 42.177795 31.449623 179.998184 -179.982880 -151.674133 0.004187 -0.010688 18.865025 0.000003 -0.000003 -0.000003 15.000395 0.008017 45.189251 179.995560 179.995163 -143.026978 179.995483 179.999176 -154.118881 0.000003 -0.000003 -0.000003 179.999435 179.984482 -129.989288 179.987671 179.990585 -129.989258 179.989944 -179.997665 -146.692856 0.000003 -0.000003 -0.000003 169.998688 179.985703 -132.986465 179.988586 179.991302 -132.986481 179.990601 -179.998306 -148.688965 0.000003 -0.000003 -0.000003 159.999451 179.996170 -159.368057 179.997208 179.994919 -149.052078 179.996658 179.998062 -159.388702 171.975845 179.853302 -177.852264 179.519669 -171.494934 120.601959 91.141296 178.701584 179.760941 1.808617 -2.480500 8.199702 99.231567 118.263000 160.473526 0.001117 0.000494 7.535432 0.000696 0.000429 5.018607 0.000000 -0.000000 0.000000 164.999756 179.989975 162.719513 0.002193 0.007901 -14.138591 0.002820 0.004999 -9.897018 0.000000 -0.000000 0.000000 0.000993 -0.011868 -23.105972 179.996201 -179.988708 156.894028 179.994690 -179.994110 164.611420 0.000000 -0.000000 0.000000 10.000768 -0.006124 -26.213530 179.997971 -179.994156 153.786484 179.997070 -179.997116 162.541794 0.000000 -0.000000 0.000000 20.001755 -0.010949 -16.222036 179.997833 -179.983505 155.666931 179.994110 -179.990616 163.794174
42.566719 88.797684 546.910889 11.529286 4.275455 3.845824 0.143340 -29.635403 1.867754 81.839928 129.694534 89.143166 12.770375 -7.708922 -3.590250 176.693573 -161.542969 173.649124 173.868073 136.081436 173.475250 174.345154 -148.949539 -170.825394 178.869537 175.352356 178.105301 178.871063 175.465881 176.905197 175.157776 177.293076 175.616028 179.999451 -168.557465 -178.238083 179.998428 -166.650314 -178.174759 1.924871 -9.826158 0.914453 2.935089 1.203109 0.420786 3.410111 22.263704 73.204117 52.261230 4.610568 20.344625 22.596266 7.334009 -45.395008 32.386646 43.004311 30.661863 179.999039 -179.990814 -153.780624 0.002064 -0.005797 17.462097 0.000000 -0.000000 0.000000 15.000354 0.004895 45.650963 179.997345 179.997009 -142.649200 179.997238 179.999466 -153.854446 0.000000 -0.000000 0.000000 179.999847 179.992188 -129.055847 179.993805 179.995255 -129.055847 179.994965 -179.998764 -146.071198 0.000000 -0.000000 0.000000 169.999481 179.993637 -132.105865 179.994904 179.996155 -132.105835 179.995819 -179.999191 -148.102509 0.000000 -0.000000 0.000000 159.999878 179.999008 -159.115570 179.999268 179.998672 -148.673340 179.999130 179.999496 -159.136429 171.813354 179.757446 -177.221542 0.129853 -12.652755 -60.965122 90.363686 177.367142 179.224625 1.790158 -2.086623 8.429738 102.028244 118.771500 165.388611 0.001088 0.000872 8.391248 0.000639 0.000687 5.588568 0.000000 -0.000000 0.000003 164.999969 179.999908 163.446716 180.000000 179.999939 166.456390 0.000027 0.000050 -9.480510 0.000000 -0.000000 0.000003 0.006512 -0.018419 -23.673557 179.998383 -179.980530 156.326416 179.993713 -179.988617 164.233398 0.000000 -0.000000 0.000003 10.004818 -0.012715 -26.455114 179.998566 -179.986481 153.544891 179.995102 -179.992401 162.380875 0.000000 -0.000000 0.000003 20.007000 -0.017988 -16.728928 0.001948 -0.028892 -25.093409 179.992813 -179.982117 163.287781
42.517502 89.005356 550.722534 11.799364 4.464679 3.252529 1.082483 -33.357681 2.198748 81.418983 129.353210 89.252640 12.940363 -9.907899 -2.921107 177.772141 -164.967712 174.589081 171.864105 137.457153 172.991638 173.943619 -147.577606 -170.628937 178.697800 175.566254 178.239380 178.699295 175.677567 177.135239 174.303497 177.485519 175.885941 179.999588 -168.880295 -178.253830 179.998123 -167.026932 -178.190750 2.666630 -9.559496 0.782664 2.546267 1.057969 0.494767 4.223390 24.855944 73.245331 50.658894 2.787838 19.630247 22.448776 7.057696 -45.932980 35.707439 43.496906 29.815367 0.000171 -0.002577 24.318890 0.000802 -0.001515 16.196377 0.000003 0.000002 0.000000 15.000196 0.001427 46.133274 179.999268 179.999069 -142.254608 179.999207 179.999817 -153.578217 0.000003 0.000002 0.000000 0.000034 0.001644 51.743557 179.998734 179.998962 -128.256439 179.998932 -179.999756 -145.538773 0.000003 0.000002 0.000000 169.999939 179.998596 -131.456329 179.998901 179.999130 -131.456314 179.999084 -179.999832 -147.669922 0.000003 0.000002 0.000000 160.000122 -179.999222 -158.968079 0.000553 -0.001029 31.547886 0.000674 -0.000393 21.010908 171.723877 179.620468 -176.586670 1.083585 -16.203430 -62.909142 89.382973 176.839966 178.387802 0.042747 -2.563624 8.866040 105.368301 119.668152 167.853668 0.001172 -0.000188 7.674189 0.000786 -0.000037 5.111008 0.000000 -0.000000 0.000000 165.000229 -179.999512 163.461792 0.000063 -0.000446 -13.531258 179.999985 -179.999695 170.528122 0.000000 -0.000000 0.000000 0.006947 -0.013762 -24.835032 0.000376 -0.015412 -24.835028 179.995834 -179.990616 163.459869 0.000000 -0.000000 0.000000 10.006668 -0.012911 -27.198647 179.999908 -179.985489 152.801376 179.995453 -179.991470 161.885712 0.000000 -0.000000 0.000000 20.007254 -0.014137 -17.852177 0.003552 -0.023549 -26.778261 179.994873 -179.984985 162.165665
42.483112 89.283875 554.671021 11.584377 4.962049 2.817229 2.412337 -37.207283 2.123912 83.084480 128.165665 91.416496 12.378441 -11.286983 -2.366676 178.749710 -168.545929 175.656448 170.438324 139.459351 172.606964 173.787018 -146.800812 -170.617859 178.574951 175.978104 178.335510 178.576096 176.082230 177.296829 173.679550 177.796509 176.107773 179.999832 -169.285034 -178.269501 179.997772 -167.499207 -178.206528 3.616536 -9.224051 0.628163 2.122836 1.030222 0.421506 4.534698 27.301352 72.919800 49.932869 1.722899 19.420212 23.063904 7.671016 -45.874935 37.044712 43.429279 28.808956 0.000127 -0.001227 23.262094 0.000403 -0.000715 15.492564 0.000000 -0.000000 0.000000 15.000041 0.000285 46.506153 179.999847 179.999832 -141.949509 179.999847 179.999969 -153.364655 0.000000 -0.000000 0.000000 180.000000 179.999435 -127.841606 179.999557 179.999649 -127.841644 179.999634 -179.999893 -145.262512 0.000000 -0.000000 0.000000 169.999969 179.999466 -131.106888 179.999573 179.999695 -131.106857 179.999649 -179.999924 -147.437180 0.000000 -0.000000 0.000000 160.000015 -179.999771 -159.165741 0.000175 -0.000298 31.251364 0.000200 -0.000113 20.813431 171.903244 179.609177 -176.146439 1.726803 -19.005577 -64.667221 87.512817 177.914627 177.355042 178.945511 -177.521637 -170.455963 106.103630 119.929420 166.072784 0.001387 -0.000397 6.344087 0.000947 -0.000172 4.225167 0.000000 -0.000000 0.000000 165.001053 -179.998230 163.445267 0.000417 -0.001629 -13.544774 0.000005 -0.001182 -9.481336 0.000000 -0.000000 0.000000 0.006328 -0.010117 -26.066723 0.001113 -0.011881 -26.066711 179.997116 -179.992584 162.639557 0.000000 -0.000000 0.000000 10.006037 -0.009634 -28.351761 0.000614 -0.011356 -28.351744 179.996719 -179.993179 161.117722 0.000000 -0.000000 0.000000 20.005251 -0.008676 -19.152395 0.003022 -0.014924 -28.728613 179.996872 -179.990341 160.866760
42.427757 89.632759 558.673157 10.946697 5.488616 2.485485 3.986037 -40.665833 1.843447 85.418869 126.309677 94.169395 11.183909 -13.031461 -1.818720 179.532211 -171.984360 176.820541 169.197662 141.917679 172.072708 174.319229 -147.246872 -170.927353 178.508804 176.455383 178.399124 178.509583 176.550385 177.400208 173.325943 178.136475 176.278854 0.000285 -10.233150 1.709799 179.997803 -168.061310 -178.227524 4.608951 -8.821638 0.478975 1.762366 1.090940 0.187028 4.144575 29.568604 72.252518 50.015266 1.513598 19.662413 23.509455 7.848420 -45.697861 38.109825 43.341862 27.548422 0.000038 -0.000376 22.192617 0.000122 -0.000216 14.780273 0.000007 0.000002 0.000000 14.999991 -0.000031 46.654758 0.000018 -0.000013 38.172085 0.000015 -0.000000 26.720444 0.000007 0.000002 0.000000 180.000000 179.999863 -127.559387 179.999893 179.999939 -127.559372 179.999924 -179.999969 -145.074539 0.000007 0.000002 0.000000 169.999985 179.999847 -130.837967 179.999878 179.999924 -130.837952 179.999908 -179.999969 -147.258072 0.000007 0.000002 0.000000 160.000015 179.999985 -159.284668 180.000000 179.999985 -148.927002 180.000000 179.999985 -159.305374 171.927231 179.542526 -175.790344 2.069745 -21.199860 -66.147232 85.819893 179.667114 176.735489 177.744614 -177.647324 -169.874207 105.717072 119.918808 162.299881 0.000761 -0.000356 4.670673 0.000516 -0.000195 3.110668 180.000000 -179.999985 -179.999985 165.001129 -179.998276 163.191895 0.000471 -0.001622 -13.752090 0.000045 -0.001182 -9.626459 180.000000 -179.999985 -179.999985 0.003220 -0.004856 -27.632088 0.000533 -0.005802 -27.632092 179.998505 -179.996429 161.597031 180.000000 -179.999985 -179.999985 10.002590 -0.003988 -29.860434 0.000226 -0.004746 -29.860418 179.998550 -179.997192 160.112946 180.000000 -179.999985 -179.999985 20.001833 -0.002980 -20.527187 0.000980 -0.005167 -30.790770 179.998779 -179.996719 159.493347
42.387764 90.005501 562.672974 10.214588 5.930329 2.404798 5.616289 -44.063534 0.984890 86.348518 124.433754 95.309494 10.347806 -16.811291 -0.988639 0.076920 -4.689045 -1.947507 167.741821 144.430435 171.015793 175.388840 -148.435989 -171.148697 178.438644 176.940170 178.414246 178.438812 177.025436 177.416779 172.967575 178.503967 176.333511 179.998230 -170.295685 -178.307205 179.998779 -168.678543 -178.247513 5.665581 -8.383272 0.310470 1.460674 1.257285 -0.077598 3.257488 31.754396 71.060959 50.584015 2.051280 20.334465 23.917616 7.369153 -45.687279 39.048836 43.204842 26.266712 179.997925 -179.997131 -158.822144 179.999390 -179.997742 -165.895554 180.000000 180.000000 -180.000000 14.999894 0.000291 46.529804 179.999771 179.999893 -141.930130 179.999832 -179.999954 -153.351089 180.000000 180.000000 -180.000000 179.999374 179.998459 -127.415947 179.998398 179.999588 -127.415894 179.999130 -179.999329 -144.978973 180.000000 180.000000 -180.000000 169.999100 179.998077 -130.666855 179.997955 179.999420 -130.666840 179.998825 -179.999207 -147.144104 180.000000 180.000000 -180.000000 160.000015 -179.999985 -159.265442 0.000026 -0.000026 31.101871 0.000018 -0.000006 20.713804 171.871399 179.361420 -175.463089 2.167731 -23.347965 -67.508026 84.231979 -178.073227 176.464417 175.570969 -177.623596 -169.445938 102.930161 119.708984 156.387192 0.027898 0.010131 3.291135 0.018375 0.007262 2.191902 0.000000 0.000000 -0.000007 165.002563 -179.996124 162.199295 0.001016 -0.003668 -14.564236 0.000039 -0.002664 -10.194961 0.000000 0.000000 -0.000007 179.994553 179.991379 148.784424 179.999786 179.989807 148.784409 0.003367 0.005899 -20.789591 0.000000 0.000000 -0.000007 9.989414 0.017944 -32.939972 0.000720 0.020800 -32.939980 0.007881 0.011389 -21.938011 0.000000 0.000000 -0.000007 19.993874 0.011615 -22.528585 179.998138 179.980438 146.207077 0.006131 0.011562 -22.506062
42.433720 90.568794 566.664734 9.075772 6.208089 2.113963 7.131279 -45.818192 0.891803 94.813339 122.043381 104.320290 8.305861 -17.155542 -0.819448 178.936935 -178.430786 178.581680 170.062134 147.026321 171.830795 175.196518 -151.590302 -171.129349 178.365112 177.453293 178.498764 178.365936 177.528793 177.548553 172.573792 178.854950 176.559586 0.001349 -8.880226 1.605654 179.999329 -169.639465 -178.335266 7.098313 -7.677990 0.142951 1.846559 1.531326 -0.601841 1.435867 33.686653 69.434349 51.974785 2.706043 21.297445 24.056755 7.066036 -45.087357 40.091084 43.522690 25.590113 179.997604 -179.999054 -159.692108 179.998703 -179.998871 -166.474930 0.000000 -0.000002 0.000000 14.999519 0.000979 46.449318 179.999161 179.999725 -141.995987 179.999435 -179.999771 -153.397186 0.000000 -0.000002 0.000000 179.999466 179.999069 -127.291435 179.998917 179.999878 -127.291367 179.999496 -179.999466 -144.896088 0.000000 -0.000002 0.000000 169.999374 179.999008 -130.484604 179.998856 179.999847 -130.484665 179.999435 -179.999481 -147.022751 0.000000 -0.000002 0.000000 159.999969 179.999924 -159.279251 179.999878 179.999908 -148.918839 179.999908 179.999985 -159.299973 172.052399 178.994064 -175.391953 1.586201 -24.281563 -68.307922 82.269226 -176.358826 177.125336 176.146744 -178.821671 -169.295303 109.009575 119.037560 153.763794 0.002833 0.020389 -1.374376 0.002100 0.013550 -0.915339 0.000000 0.000003 0.000000 164.999832 179.999710 162.013474 179.999924 179.999725 165.283737 0.000002 0.000203 -10.301379 0.000000 0.000003 0.000000 0.038489 -0.068169 -28.592651 179.998047 -179.921738 151.407364 179.972443 -179.955750 160.957321 0.000000 0.000003 0.000000 10.025290 -0.048515 -30.528175 179.995575 -179.945480 149.471817 179.978333 -179.970718 159.668243 0.000000 0.000003 0.000000 20.010324 -0.022280 -21.264326 0.001709 -0.036781 -31.896515 179.987671 -179.978821 158.756912
42.484711 91.232147 570.636719 7.603729 6.299296 1.293369 8.297095 -46.386295 1.975184 100.254066 121.369308 110.428673 7.000381 -17.366419 -1.028776 178.480591 -179.883362 179.589600 170.798935 148.026184 171.199646 175.987411 -155.371323 -171.220932 178.356018 177.886246 178.693024 178.357529 177.952499 177.865845 172.468048 179.081757 177.020691 0.001176 -8.249170 1.533620 179.998779 -170.375824 -178.409622 8.618439 -7.137690 -0.042557 1.774181 1.374192 -1.449243 1.125698 35.374546 68.362732 52.837673 3.155583 22.133987 24.214581 6.681595 -44.698368 40.997677 43.946068 25.013271 179.998001 179.999725 -160.483032 179.998688 -179.999741 -167.001709 0.000000 -0.000000 0.000000 14.999464 0.000615 46.539692 179.999329 179.999985 -141.922073 179.999619 -179.999741 -153.345444 0.000000 -0.000000 0.000000 179.999588 179.999573 -127.156509 179.999405 -179.999924 -127.156487 179.999802 -179.999664 -144.806244 0.000000 -0.000000 0.000000 169.999649 179.999664 -130.315445 179.999512 -179.999969 -130.315460 179.999817 -179.999725 -146.910095 0.000000 -0.000000 0.000000 160.000107 -179.999924 -159.236435 0.000150 -0.000064 31.145380 0.000110 0.000014 20.742840 172.223297 178.668640 -175.391205 0.778686 -24.641649 -68.889282 81.654427 -176.420670 178.270676 176.091858 -178.784698 -168.987091 102.040749 119.127884 149.670242 0.003364 -0.007655 0.480660 0.002231 -0.005105 0.320121 180.000000 180.000000 -180.000000 165.037262 -179.915527 165.282837 0.007853 -0.075112 -12.041316 179.992233 -179.947693 171.571091 180.000000 180.000000 -180.000000 0.004703 -0.011948 -32.748722 179.997375 -179.987427 147.251251 179.993973 -179.993958 158.189362 180.000000 180.000000 -180.000000 10.000863 -0.002661 -33.727684 179.999252 -179.997314 146.272278 179.998596 -179.998795 157.537338 180.000000 180.000000 -180.000000 20.000334 -0.001401 -22.733456 179.999680 -179.997849 145.899796 179.999023 -179.998932 157.289291
42.583828 91.947357 574.661377 6.363827 6.190625 0.415593 9.137043 -46.857071 3.093875 108.728325 121.200859 119.325279 5.859413 -18.199217 -0.634536 177.326279 177.648499 -179.984070 174.634109 149.770554 172.835632 175.094391 -159.952911 -172.415024 178.294403 178.195374 178.923782 178.295837 178.252975 178.246475 172.133850 179.216919 177.539841 0.002163 -7.500580 1.387878 179.999725 -171.248978 -178.560333 10.127644 -6.488963 -0.218104 1.738678 0.948715 -2.456150 0.763525 37.295380 67.523514 54.140511 3.410006 22.903255 24.126642 6.832868 -44.110146 41.841606 44.398762 24.650217 179.999161 179.999466 -161.151001 179.999344 179.999832 -167.446564 0.000000 0.000002 0.000000 14.999435 0.000049 46.686966 179.999664 -179.999680 -141.801605 179.999954 -179.999680 -153.261108 0.000000 0.000002 0.000000 179.999619 179.999985 -127.036057 179.999741 -179.999710 -127.036079 0.000047 -0.000246 35.273968 0.000000 0.000002 0.000000 169.999741 179.999985 -130.207443 179.999817 -179.999802 -130.207428 0.000019 -0.000191 33.161823 0.000000 0.000002 0.000000 160.000000 -180.000000 -159.287598 179.999985 -179.999985 -148.931427 179.999985 -179.999985 -159.308304 172.450668 178.409378 -175.459747 0.290945 -24.573683 -69.391647 80.861206 -176.951584 179.344696 175.818405 -178.663696 -168.866959 101.862091 119.166664 147.841919 0.000844 -0.007157 -0.338493 0.000501 -0.004761 -0.225436 0.000003 0.000000 -0.000003 165.004272 -179.985611 159.051727 179.998886 -179.987778 162.860504 179.996658 -179.992096 168.002350 0.000003 0.000000 -0.000003 0.000708 -0.003888 -33.544292 179.998428 -179.996368 146.455673 179.997787 -179.998566 157.659500 0.000003 0.000000 -0.000003 10.000001 -0.000100 -33.945179 179.999954 -179.999908 146.054810 179.999939 -179.999969 157.392502 0.000003 0.000000 -0.000003 19.999987 0.000603 -22.884010 0.000347 0.000844 -34.326000 0.000510 0.000330 -22.861143
42.714577 92.693207 578.708435 5.228768 6.182805 -0.471054 9.432250 -45.982273 4.905469 125.629417 123.838310 136.431595 3.557452 -15.848252 -1.024575 176.593536 175.209366 -179.937729 179.613083 151.802048 175.491638 172.978348 -165.559570 -174.782730 178.204987 178.532791 179.181808 178.205765 178.579330 178.670654 171.680069 179.360031 178.112778 0.001225 -6.705514 1.185220 0.000410 -7.823333 1.228511 11.655501 -5.792235 -0.404853 2.355885 0.886798 -3.476457 0.306342 38.754784 67.033066 55.371174 3.494157 23.424795 23.974173 7.229820 -43.593399 42.444763 44.697014 24.297096 179.999985 179.999695 -161.672302 179.999939 179.999817 -167.793777 0.000000 -0.000000 0.000000 14.999263 -0.000643 46.919624 179.999985 -179.999207 -141.611206 0.000332 -0.000448 26.872152 0.000000 -0.000000 0.000000 179.999725 -179.999771 -126.828362 0.000015 -0.000368 53.171654 0.000205 -0.000137 35.412331 0.000000 -0.000000 0.000000 169.999741 -179.999786 -130.073257 180.000000 -179.999680 -130.073334 0.000171 -0.000138 33.251209 0.000000 -0.000000 0.000000 160.000000 -179.999985 -159.284302 179.999985 -179.999954 -148.926422 0.000003 -0.000032 20.695009 172.837494 178.121628 -175.667938 0.080502 -24.228073 -69.815727 79.940498 -177.760391 -179.820435 175.792358 -178.529999 -168.725418 101.324715 119.110603 145.877731 0.000557 -0.006540 -1.016356 0.000255 -0.004351 -0.676901 0.000000 -0.000000 0.000003 165.000534 -179.992020 157.921661 179.997894 -179.993790 161.935928 179.997238 -179.996338 167.355148 0.000000 -0.000000 0.000003 179.999832 -179.998337 146.114197 179.998932 -179.998703 146.114227 179.998932 -179.999695 157.432068 0.000000 -0.000000 0.000003 9.999890 -0.000467 -33.923756 179.999664 -179.999680 146.076233 179.999695 -179.999954 157.406769 0.000000 -0.000000 0.000003 20.000025 0.000104 -22.818399 0.000113 0.000110 -34.227585 0.000091 0.000039 -22.795568
42.878288 93.416420 582.764587 4.116268 6.288517 -1.269265 9.533923 -45.422863 6.417258 132.729370 125.687859 143.332901 3.085146 -18.316254 -0.334655 176.916611 172.963531 179.925568 4.321003 25.807594 -1.718766 170.214493 -171.994308 -177.710510 178.211090 178.770233 179.405853 178.211563 178.807159 179.038467 171.686234 179.419220 178.611359 0.002111 -6.192633 1.016728 0.001656 -7.224955 1.053842 12.650229 -5.334051 -0.521298 2.082337 0.195034 -4.408854 0.737647 40.426918 67.096169 56.368351 2.995174 23.393177 23.834036 8.072792 -42.753811 42.645267 44.872852 23.718422 0.000467 0.000240 17.905151 0.000252 0.000247 11.924844 0.000000 -0.000000 0.000000 14.999101 -0.001043 47.303429 0.000125 -0.001126 38.702808 0.000564 -0.000561 27.091961 0.000000 -0.000000 0.000000 179.999786 -179.999741 -126.655777 0.000063 -0.000322 53.344212 0.000194 -0.000094 35.527256 0.000000 -0.000000 0.000000 169.999832 -179.999817 -129.909058 0.000040 -0.000254 50.090931 0.000150 -0.000091 33.360558 0.000000 -0.000000 0.000000 159.999954 -179.999939 -159.278168 179.999969 -179.999878 -148.917236 0.000016 -0.000082 20.701126 172.666000 178.119949 -175.735992 0.102156 -23.713295 -70.146141 78.991089 -178.680023 -179.286255 175.921585 -178.407516 -168.569214 101.048828 119.124496 144.238144 0.000335 -0.005953 -1.683625 0.000061 -0.003982 -1.121303 180.000000 -179.999985 -179.999985 164.998917 -179.995712 156.990128 179.997787 -179.997131 161.173737 179.997879 -179.998611 166.821625 180.000000 -179.999985 -179.999985 179.999466 -179.999008 145.930450 179.998993 -179.999466 145.930466 179.999252 179.999908 157.309708 180.000000 -179.999985 -179.999985 9.999643 -0.000521 -33.949055 179.999420 -179.999786 146.050949 179.999588 179.999893 157.389923 180.000000 -179.999985 -179.999985 19.999929 -0.000088 -22.791721 179.999847 -179.999908 145.812454 179.999878 179.999985 157.231079
43.043762 94.056564 586.850586 2.956298 6.274216 -1.935524 10.283713 -44.021893 7.660199 141.860077 131.087540 151.850876 2.342574 -17.417145 0.223654 178.723709 171.010056 -179.720245 6.939472 24.286449 0.691935 167.388351 -179.483170 178.415649 178.257690 178.927216 179.607513 178.257965 178.956116 179.369629 171.890228 179.427200 179.055191 0.003122 -5.811392 0.857871 0.002883 -6.780088 0.889229 13.440050 -4.986428 -0.621480 1.457250 -0.706554 -5.222799 2.006766 42.093678 67.554550 57.463360 2.767045 23.209206 23.613405 8.501242 -42.390739 42.562496 44.907494 22.942265 0.000583 0.000242 17.546108 0.000318 0.000261 11.685710 0.000003 0.000000 -0.000003 14.999082 -0.000970 47.740242 0.000097 -0.001081 39.060226 0.000528 -0.000550 27.342133 0.000003 0.000000 -0.000003 179.999847 -179.999847 -126.539146 0.000034 -0.000214 53.460865 0.000128 -0.000066 35.604935 0.000003 0.000000 -0.000003 169.999969 -179.999954 -129.803421 0.000010 -0.000067 50.196590 0.000037 -0.000025 33.430912 0.000003 0.000000 -0.000003 159.999908 -179.999908 -159.259613 179.999924 -179.999802 -148.889404 0.000022 -0.000136 20.719662 172.290253 178.170624 -175.759735 0.447631 -23.129534 -70.455376 78.094772 -179.562515 -179.048294 176.304291 -178.326538 -168.334930 100.855568 119.160454 142.752945 0.000915 -0.006126 -2.321593 0.000395 -0.004114 -1.546180 0.000000 -0.000000 0.000000 164.998596 -179.996597 156.208435 179.997818 -179.997940 160.534180 179.998077 -179.999161 166.373947 0.000000 -0.000000 0.000000 179.999496 -179.999329 145.734848 179.999207 -179.999741 145.734848 179.999466 179.999847 157.179398 0.000000 -0.000000 0.000000 9.999916 -0.000084 -34.078960 179.999893 -179.999969 145.921036 179.999939 179.999985 157.303406 0.000000 -0.000000 0.000000 20.000261 0.000225 -22.841873 0.000494 0.000159 -34.262821 0.000327 -0.000094 -22.819027
43.202175 94.559380 590.999817 2.081142 5.994695 -2.207840 11.648640 -42.402256 8.030869 149.854385 138.864319 159.649292 1.942739 -16.724766 0.816190 179.441223 168.410507 179.797089 10.663865 22.651810 3.745075 163.727081 173.600006 174.460266 178.287659 178.932419 179.738907 178.287888 178.958481 179.587402 172.022125 179.368988 179.334106 0.001817 -5.394205 0.647005 0.001836 -6.293327 0.670467 13.971139 -4.603119 -0.719542 1.472412 -1.180407 -5.948789 2.111718 43.543129 67.965691 58.702164 2.699593 22.909893 23.699194 9.031616 -41.901661 42.427982 44.914268 22.185202 0.000544 0.000168 17.226667 0.000328 0.000219 11.472968 0.000000 -0.000000 0.000000 14.999323 -0.000635 48.122433 0.000018 -0.000757 39.372887 0.000344 -0.000404 27.561033 0.000000 -0.000000 0.000000 179.999924 -179.999939 -126.472374 0.000007 -0.000091 53.527618 0.000051 -0.000031 35.649391 0.000000 -0.000000 0.000000 170.000015 179.999985 -129.776917 0.000002 0.000023 50.223068 179.999985 179.999985 -146.551422 0.000000 -0.000000 0.000000 160.000000 -179.999985 -159.208588 180.000000 -179.999985 -148.812912 0.000003 -0.000001 20.770607 171.832489 178.335495 -175.645477 0.945467 -22.498775 -70.773788 77.339096 179.658783 -179.009811 176.238617 -178.336014 -168.323822 101.684677 119.030510 141.387070 179.999985 -179.996506 176.530472 179.999847 -179.997681 177.689301 0.000000 0.000003 0.000000 164.997803 -179.998962 155.566147 179.998032 -179.999985 160.008698 179.998703 179.999527 166.006088 0.000000 0.000003 0.000000 179.999115 -179.999725 145.638184 179.999100 179.999725 145.638214 179.999603 179.999512 157.115067 0.000000 0.000003 0.000000 9.999373 -0.000166 -34.042160 179.999390 179.999786 145.957840 179.999741 179.999649 157.327927 0.000000 0.000003 0.000000 19.999714 -0.000067 -22.749628 179.999573 179.999924 145.875519 179.999802 179.999817 157.273117
43.338524 94.926979 595.223022 1.211124 5.506192 -2.371799 14.003591 -39.787052 8.041506 152.668259 146.829376 163.411728 2.674267 -15.994498 1.259702 2.341070 13.357094 0.558748 9.743547 22.909821 5.012632 161.834518 166.156052 171.805984 178.346756 178.816452 179.854263 178.346985 178.842209 179.779831 172.289673 179.232224 179.568161 0.000987 -5.217675 0.485264 0.001042 -6.087348 0.502731 14.446047 -4.425917 -0.822207 1.126050 -1.756615 -6.236164 2.943983 44.703571 68.244316 59.855659 2.394122 22.343512 23.582291 9.218244 -41.606133 42.415047 45.181084 22.245562 0.004269 0.000408 17.202829 0.002635 0.001088 11.457089 0.000000 -0.000000 0.000000 14.999811 -0.000158 48.401150 179.999985 -179.999786 -140.399094 0.000090 -0.000124 27.720654 0.000000 -0.000000 0.000000 0.000106 0.000088 53.571625 180.000000 179.999863 -126.428345 179.999939 179.999954 -144.321289 0.000000 -0.000000 0.000000 170.000107 179.999924 -129.772476 180.000000 179.999878 -129.772491 179.999954 179.999954 -146.548477 0.000000 -0.000000 0.000000 160.000275 179.999786 -159.172791 0.000245 0.000434 31.240814 179.999985 179.999664 -159.193604 171.424088 178.685120 -175.421814 1.372286 -21.796293 -71.060867 76.780914 179.020920 -179.116638 176.546753 -178.354141 -168.127731 102.213089 118.923347 140.372208 179.999725 -179.997787 175.729034 179.999695 -179.998535 177.155533 0.000003 0.000000 -0.000003 164.997894 -179.999985 154.804077 179.998428 179.999268 159.385147 179.999161 179.999130 165.569611 0.000003 0.000000 -0.000003 179.999146 -179.999985 145.431549 179.999298 179.999512 145.431549 179.999802 179.999466 156.977402 0.000003 0.000000 -0.000003 9.995924 -0.000018 -33.846081 179.996628 179.997711 146.153915 179.999008 179.997482 157.458527 0.000003 0.000000 -0.000003 19.999615 -0.000005 -22.788242 179.999466 179.999771 145.817657 179.999786 179.999664 157.234543
43.449131 95.146538 599.519531 0.409997 4.786239 -2.428540 17.028822 -37.346886 7.488773 152.946274 152.923828 165.386490 3.434377 -16.524050 2.024344 5.739491 15.022017 1.826424 6.475689 24.205736 5.385896 161.279037 160.225266 170.149780 178.428146 178.567947 179.953690 178.428436 178.596252 179.948090 172.659912 179.011383 179.760178 0.000218 -5.162310 0.317905 0.000229 -6.022711 0.329258 14.770009 -4.349063 -0.938815 0.272519 -2.601236 -6.337406 4.155262 45.930687 68.402527 61.076481 2.071328 21.733904 23.457273 9.221579 -41.384651 41.885788 44.459431 19.558191 0.000417 -0.000002 16.261690 0.000271 0.000077 10.830281 0.000003 0.000002 0.000000 15.000212 0.000157 48.508568 0.000023 0.000224 39.688797 179.999924 179.999878 -152.217819 0.000003 0.000002 0.000000 0.000087 0.000059 53.538723 0.000007 0.000103 53.538696 179.999954 179.999969 -144.343216 0.000003 0.000002 0.000000 170.000153 179.999893 -129.792175 0.000013 0.000175 50.207844 179.999924 179.999908 -146.561600 0.000003 0.000002 0.000000 160.000290 179.999786 -159.246796 0.000296 0.000452 31.129776 0.000013 0.000360 20.732433 171.004150 179.190552 -175.133499 1.683601 -21.050003 -71.271477 76.459404 178.504807 -179.307053 176.821533 -178.394669 -167.898514 102.822235 118.673988 139.644608 179.999771 -179.998474 175.036591 179.999756 -179.999023 176.694351 0.000000 -0.000003 -0.000003 164.998199 179.999344 154.054611 179.998901 179.998856 158.771957 179.999588 179.998978 165.140381 0.000000 -0.000003 -0.000003 179.999191 179.999786 145.226273 179.999466 179.999344 145.226273 179.999954 179.999435 156.840698 0.000000 -0.000003 -0.000003 9.999421 0.000134 -34.968197 179.999588 179.999573 145.031799 179.999969 179.999603 156.711182 0.000000 -0.000003 -0.000003 19.999786 0.000052 -22.872776 179.999725 179.999817 145.690826 179.999924 179.999786 157.150101
43.531998 95.218895 603.831848 179.757828 176.065720 177.607925 20.256792 -34.254219 6.993404 152.741913 161.459686 167.681931 4.082849 -14.393918 2.231387 9.208231 15.782723 3.637476 1.304121 27.256815 4.717923 162.158569 156.087601 168.998642 178.504257 178.231171 -179.958130 178.504532 178.264145 -179.900345 173.004425 178.736588 179.924179 179.999756 -174.798126 -179.857346 179.999695 -173.931198 -179.852310 15.021974 -4.349545 -1.073624 179.681290 -176.953888 173.780701 5.001044 46.630283 68.535461 62.258713 1.816606 20.958183 23.329720 9.085952 -41.230618 41.448105 44.181908 18.761553 179.999908 179.999985 -163.875702 179.999954 -179.999985 -169.261230 0.000000 -0.000002 0.000000 15.000598 0.000366 48.483437 0.000104 0.000565 39.668240 179.999817 179.999649 -152.232208 0.000000 -0.000002 0.000000 179.999771 -179.999863 -126.515884 179.999985 -179.999725 -126.515869 0.000132 -0.000125 35.620438 0.000000 -0.000002 0.000000 169.999908 -179.999939 -129.858200 179.999985 -179.999893 -129.858200 0.000045 -0.000058 33.394444 0.000000 -0.000002 0.000000 160.000183 179.999893 -159.346756 0.000189 0.000244 30.979883 0.000024 0.000202 20.632603 170.690994 179.753082 -174.863373 1.828436 -20.383884 -71.404846 76.443054 178.042053 -179.595459 177.054520 -178.433868 -167.616196 103.459396 118.402138 139.043869 179.999939 -179.998993 174.395233 179.999878 -179.999329 176.267227 0.000000 -0.000000 0.000003 164.998672 179.999069 153.355988 179.999359 179.998825 158.200317 179.999893 179.999069 164.740250 0.000000 -0.000000 0.000003 179.999344 179.999664 145.001236 179.999680 179.999344 145.001236 0.000066 0.000495 -23.309174 0.000000 -0.000000 0.000003 9.999765 0.000113 -35.127125 179.999878 179.999786 144.872894 0.000014 0.000181 -23.394657 0.000000 -0.000000 0.000003 19.998173 0.000801 -22.784639 179.997955 179.997818 145.823044 179.999695 179.998032 157.238159
43.629883 95.166557 608.093933 179.231949 176.939835 177.694550 22.653797 -31.687130 6.602502 150.900116 165.724792 168.769409 4.973225 -15.229735 2.430375 11.892856 15.823790 5.078181 175.952377 148.947266 -176.930893 164.364426 153.382339 168.801620 178.579727 177.841599 -179.871918 178.579941 177.880493 -179.751404 173.343445 178.428391 -179.916794 179.999466 -174.682816 179.954254 179.999329 -173.796722 179.952576 15.214694 -4.410598 -1.228512 179.211517 -176.697601 173.961563 5.533864 46.855759 68.533661 63.289722 1.600944 20.282343 23.266026 8.806852 -41.145279 40.824318 43.697250 18.005470 179.999771 179.999985 -163.863419 179.999847 -179.999969 -169.253036 180.000000 180.000000 -180.000000 14.999965 -0.000018 48.241554 180.000000 -179.999985 -140.529648 0.000011 -0.000013 27.629251 180.000000 180.000000 -180.000000 179.999451 -179.999725 -126.473328 179.999893 -179.999405 -126.473343 0.000279 -0.000298 35.648766 180.000000 180.000000 -180.000000 169.999603 -179.999802 -129.856003 179.999893 -179.999557 -129.856018 0.000180 -0.000245 33.395897 180.000000 180.000000 -180.000000 160.000015 179.999985 -159.415817 0.000028 0.000027 30.876301 0.000005 0.000023 20.563612 170.534271 -179.687225 -174.690948 1.895549 -19.447493 -71.382492 76.305283 177.688339 -179.965576 177.222641 -178.452240 -167.259705 104.216553 118.152275 138.487091 0.000183 -0.000496 -6.290894 0.000074 -0.000337 -4.189728 0.000000 0.000000 -0.000003 164.999146 179.999084 152.770920 179.999725 179.999039 157.721695 0.000076 0.000703 -15.594828 0.000000 0.000000 -0.000003 179.999619 179.999695 144.782623 179.999863 179.999512 144.782608 0.000114 0.000310 -23.454767 0.000000 0.000000 -0.000003 9.999975 0.000007 -35.207867 179.999985 179.999969 144.792145 0.000007 0.000019 -23.448439 0.000000 0.000000 -0.000003 20.000414 -0.000300 -23.419029 0.000389 -0.000651 -35.128544 179.999985 -179.999481 156.604401
43.765945 95.002785 612.273376 178.779449 177.768494 177.812485 23.864182 -29.346390 6.591725 150.198410 168.661346 169.955444 4.818805 -15.865638 2.250904 14.328846 15.374577 6.400912 170.764481 144.699432 -179.200989 166.537369 151.586853 168.988937 178.660156 177.424713 -179.780746 178.660278 177.470169 -179.594711 173.701462 178.102554 -179.744797 179.999176 -174.513290 179.747818 179.998917 -173.598984 179.738739 15.358205 -4.513214 -1.403597 178.592728 -176.459900 174.354324 5.895967 46.667778 68.140129 64.383224 1.217046 19.781000 22.929802 8.428995 -41.095371 40.176941 43.079369 17.237219 179.999588 179.999985 -163.818939 179.999725 -179.999939 -169.223404 180.000000 180.000000 -180.000000 14.999915 -0.000033 48.247299 179.999985 -179.999924 -140.524933 0.000016 -0.000057 27.632530 180.000000 180.000000 -180.000000 179.999298 -179.999725 -126.303596 179.999817 -179.999268 -126.303612 0.000319 -0.000386 35.761810 180.000000 180.000000 -180.000000 169.999420 -179.999771 -129.734711 179.999817 -179.999405 -129.734726 0.000221 -0.000350 33.476658 180.000000 180.000000 -180.000000 159.999847 -179.999939 -159.438232 179.999817 -179.999817 -149.157364 179.999969 -179.999832 -159.458801 170.404984 -179.210770 -174.654678 2.044702 -18.468258 -71.382477 76.210640 177.276169 179.490356 177.353607 -178.422607 -166.811813 105.174187 117.959961 137.979431 0.000453 -0.000080 -7.066033 0.000284 -0.000096 -4.705985 0.000000 -0.000003 -0.000003 164.999588 179.999374 152.311935 179.999939 179.999374 157.346115 0.000124 0.000421 -15.857715 0.000000 -0.000003 -0.000003 179.999893 179.999863 144.612259 179.999985 179.999847 144.612289 0.000056 0.000095 -23.568237 0.000000 -0.000003 -0.000003 10.000058 -0.000062 -35.223541 0.000015 -0.000081 -35.223537 179.999985 -179.999954 156.541122 0.000000 -0.000003 -0.000003 20.000387 -0.000391 -23.285770 0.000287 -0.000754 -34.928654 179.999863 -179.999481 156.737518
43.937553 94.721832 616.310669 178.388443 178.479233 177.949234 23.151634 -27.606012 7.254915 151.166153 169.925751 170.723587 3.871725 -16.382357 1.932400 14.489292 14.271442 6.508388 168.416046 139.611588 178.754745 168.331848 151.725433 169.063248 178.742615 177.007217 -179.678925 178.742615 177.059387 -179.421387 174.063263 177.777145 -179.544907 179.998749 -174.299347 179.528519 179.998367 -173.349411 179.511566 15.483750 -4.649227 -1.596418 178.365128 -176.452240 174.563721 5.842556 45.816845 67.851097 65.032738 0.925611 19.515306 22.848928 7.926258 -41.085461 39.547649 42.343678 16.570713 179.999588 179.999985 -163.706848 179.999741 -179.999939 -169.148758 0.000003 0.000000 -0.000003 14.999918 -0.000028 48.281731 179.999985 -179.999939 -140.496780 0.000013 -0.000049 27.652243 0.000003 0.000000 -0.000003 179.998322 -179.999451 -126.101234 179.999466 -179.998306 -126.101257 0.000708 -0.000949 35.896549 0.000003 0.000000 -0.000003 169.999451 -179.999817 -129.508255 179.999802 -179.999466 -129.508240 0.000189 -0.000335 33.627483 0.000003 0.000000 -0.000003 159.999741 -179.999908 -159.380341 179.999695 -179.999725 -149.070511 179.999908 -179.999725 -159.400955 170.325729 -178.880585 -174.763931 2.249288 -17.423687 -71.460251 76.107857 176.740906 178.831451 177.456436 -178.306229 -166.268265 106.398743 117.884300 137.686005 0.000489 0.000126 -7.888260 0.000337 0.000034 -5.253587 0.000000 -0.000000 0.000003 164.999878 179.999725 151.999664 0.000020 0.000262 -22.909374 0.000082 0.000163 -16.036558 0.000000 -0.000000 0.000003 179.999481 179.999084 144.607834 0.000110 0.001042 -35.392166 0.000464 0.000526 -23.571173 0.000000 -0.000000 0.000003 10.000035 -0.000049 -35.195576 179.999985 -179.999939 144.804428 179.999985 -179.999969 156.559753 0.000000 -0.000000 0.000003 20.000175 -0.000266 -23.098276 0.000088 -0.000466 -34.647430 179.999878 -179.999710 156.924820
44.126465 94.309448 620.169373 178.037064 179.059830 178.102859 20.957212 -26.987413 8.647435 153.124832 169.941406 170.660873 2.802012 -16.085447 1.406744 13.295966 12.612412 5.891958 168.301193 133.775024 177.106262 169.630432 152.470032 169.162018 178.821793 176.592163 -179.566391 178.821640 176.651047 -179.231033 174.403229 177.454865 -179.317154 179.998337 -174.044739 179.306519 179.997772 -173.052444 179.281616 15.612903 -4.816150 -1.801646 178.338760 -176.514175 174.704147 5.594368 44.407173 67.583199 65.432777 0.603688 19.494213 22.754156 7.337169 -41.103989 38.900860 41.517262 15.944117 179.999817 -179.999985 -163.548920 179.999863 -179.999969 -169.043579 0.000000 -0.000000 0.000000 15.000132 0.000042 48.334061 0.000044 0.000097 39.546043 179.999985 179.999924 -152.317780 0.000000 -0.000000 0.000000 179.999573 -179.999878 -125.163994 179.999863 -179.999588 -125.163994 0.000175 -0.000239 36.520760 0.000000 -0.000000 0.000000 169.999619 -179.999893 -129.208572 179.999847 -179.999634 -129.208588 0.000126 -0.000233 33.827076 0.000000 -0.000000 0.000000 159.999863 -179.999969 -159.225540 179.999847 -179.999863 -148.838348 179.999954 -179.999863 -159.246323 170.320465 -178.669373 -174.985535 2.508720 -16.219461 -71.669670 75.953064 176.072235 178.109894 177.557236 -178.049942 -165.643372 107.796021 117.946121 137.802933 0.000295 0.000132 -8.608923 0.000206 0.000058 -5.733541 0.000003 -0.000000 0.000000 164.999969 179.999878 151.836304 0.000020 0.000105 -23.043015 0.000043 0.000065 -16.130106 0.000003 -0.000000 0.000000 179.999985 179.999954 144.073685 0.000012 0.000036 -35.926292 0.000026 0.000019 -23.926910 0.000003 -0.000000 0.000000 9.999997 0.000004 -35.167980 0.000004 -0.000002 -35.167988 0.000001 0.000004 -23.421873 0.000003 -0.000000 0.000000 20.000053 -0.000116 -22.951275 0.000009 -0.000201 -34.426899 179.999939 -179.999893 157.071686
44.339783 93.886665 624.119568 177.780960 179.737350 178.321991 17.141899 -26.767029 10.776897 156.983109 168.624451 170.135788 0.635755 -16.466106 0.815791 10.792291 10.762221 4.508490 170.853210 127.372864 176.578140 170.297775 153.390427 169.140274 178.894409 176.106689 -179.459061 178.894760 176.173065 -179.046722 174.710892 177.076752 -179.106995 179.999725 -173.758240 179.075821 179.999695 -172.717911 179.042770 15.658425 -5.010000 -2.012691 178.269104 -176.449448 174.806061 5.055205 42.791016 67.041100 65.683578 0.276542 19.813091 23.113157 6.250238 -40.976780 38.074352 40.927280 15.572174 0.004438 0.002407 16.745270 0.002388 0.002388 11.152362 0.000000 -0.000000 0.000000 15.018196 0.006970 48.406982 0.005719 0.014881 39.605698 179.996506 179.989410 -152.276001 0.000000 -0.000000 0.000000 0.001151 0.000438 55.329800 0.000292 0.001191 55.329788 179.999466 179.999390 -143.150391 0.000000 -0.000000 0.000000 169.968491 -179.987244 -129.358749 179.990326 -179.967422 -129.358780 0.012889 -0.018610 33.727043 0.000000 -0.000000 0.000000 159.992844 -179.996948 -159.133743 179.991653 -179.991867 -148.700623 179.998108 -179.992477 -159.154602 170.298996 -178.513184 -175.200333 2.930229 -15.038731 -71.999207 75.625969 175.264709 177.276001 177.677185 -177.750656 -165.017853 102.565231 117.227791 135.872147 0.216525 0.141389 -6.659684 0.157276 0.070196 -4.435435 0.000000 -0.000000 0.000000 164.999374 179.984467 151.831879 0.005609 0.011415 -23.046644 0.006766 0.005791 -16.132631 0.000000 -0.000000 0.000000 179.999557 179.994888 144.065338 0.002641 0.004400 -35.934696 0.003154 0.001332 -23.932478 0.000000 -0.000000 0.000000 9.999488 0.004364 -35.110073 0.002092 0.003860 -35.110031 0.002614 0.001315 -23.383282 0.000000 -0.000000 0.000000 20.000364 -0.002571 -22.800055 179.999023 -179.996216 145.799896 179.998047 -179.998291 157.222748
44.518642 93.307106 627.517578 177.454025 179.920303 178.508820 15.816173 -28.212173 11.815615 157.885010 166.560471 168.664398 179.249649 -167.304565 -178.901199 9.086892 9.591598 3.490827 174.663712 122.420525 177.684967 170.409515 154.344879 169.498596 179.004059 175.779785 -179.330872 179.004303 175.851578 -178.833817 175.187775 176.826462 -178.823166 0.000132 -6.508169 -1.157189 0.000163 -7.592775 -1.198587 15.601066 -5.186615 -2.212985 178.263718 -176.473450 174.797211 4.793617 40.665245 66.872337 65.751518 -0.325600 20.268316 23.549221 5.246516 -40.868343 38.368935 41.271450 15.748041 0.004161 0.004667 16.624060 0.001790 0.003772 11.071618 0.000000 -0.000000 0.000000 15.015836 0.007936 47.946728 0.003953 0.013941 39.229122 179.996017 179.990692 -152.539612 0.000000 -0.000000 0.000000 0.002570 0.001298 55.338547 0.000392 0.002841 55.338562 179.998596 179.998703 -143.144531 0.000000 -0.000000 0.000000 169.993500 -179.996567 -127.995834 179.998734 -179.992752 -127.995850 0.003291 -0.003620 34.634743 0.000000 -0.000000 0.000000 159.996414 -179.997955 -158.858841 179.996109 -179.995193 -148.288300 179.999481 -179.995911 -158.879990 170.211212 -178.662018 -175.446487 2.880850 -13.599712 -72.633492 75.584076 174.310669 176.755753 177.792587 -177.104477 -164.228928 117.203316 119.420280 141.194595 0.009294 0.006866 -12.212652 0.007023 0.003122 -8.133635 0.000000 -0.000000 0.000000 165.000595 179.985123 151.450424 0.006310 0.010438 -23.358727 0.006963 0.004944 -16.351122 0.000000 -0.000000 0.000000 179.999985 179.990448 144.028915 0.005612 0.007732 -35.971085 0.006056 0.001955 -23.956730 0.000000 -0.000000 0.000000 9.999721 0.009352 -35.117783 0.005166 0.007796 -35.117764 0.005811 0.002245 -23.388439 0.000000 -0.000000 0.000000 19.999924 0.001223 -22.665529 0.000628 0.001731 -33.998310 0.000978 0.000732 -22.642893
44.737919 92.346329 630.856018 176.951599 179.877396 178.597168 15.556743 -30.683283 12.631257 157.472076 162.078583 166.342392 179.413025 -171.412079 -178.485153 6.383986 7.139773 2.619786 179.953613 116.557831 179.202255 170.660751 155.391800 170.066071 179.170547 175.542801 -179.184799 179.170609 175.619797 -178.596329 175.928970 176.662613 -178.472748 0.000295 -6.754185 -1.402732 0.000213 -7.879546 -1.452864 15.431078 -5.346836 -2.405477 178.381516 -176.949539 174.783005 4.459471 38.111549 66.848610 65.870872 -1.039160 20.657667 24.010525 4.442080 -40.828396 39.382954 42.190399 16.284830 0.001496 0.002189 16.242350 0.000528 0.001669 10.817408 0.000000 0.000000 -0.000003 15.008511 0.005646 47.381668 0.001346 0.008251 38.766800 179.997131 179.994904 -152.863220 0.000000 0.000000 -0.000003 0.000810 0.000547 55.231773 0.000013 0.000995 55.231789 179.999466 179.999619 -143.215652 0.000000 0.000000 -0.000003 169.993256 -179.995193 -127.838737 179.999695 -179.991730 -127.838791 0.004234 -0.003536 34.739403 0.000000 0.000000 -0.000003 159.998428 -179.998764 -158.702026 179.998459 -179.997421 -148.053055 0.000045 -0.001998 21.276659 169.969452 -178.805344 -175.677948 2.631653 -11.745770 -73.402885 76.438553 173.482498 176.188583 176.155991 -176.738922 -162.990326 121.620941 120.113190 144.463623 179.995239 -179.995804 166.969620 179.996277 -179.997986 171.321762 0.000000 -0.000000 0.000000 164.999161 -179.988800 150.707504 179.994934 -179.992340 156.033432 179.994598 -179.996521 163.223404 0.000000 -0.000000 0.000000 0.000323 0.007465 -36.253044 0.004689 0.005825 -36.253006 0.004812 0.001274 -24.144510 0.000000 -0.000000 0.000000 9.999599 -0.025837 -35.833878 179.984680 -179.979218 144.166153 179.983658 -179.994659 156.134674 0.000000 -0.000000 0.000000 20.000088 -0.010821 -22.858273 179.993835 -179.984985 145.712585 179.990997 -179.994019 157.164566
45.039173 91.393517 634.085022 176.403015 179.672195 178.569717 17.236967 -33.413689 12.000975 155.337494 155.837280 164.922913 177.729492 -169.919281 -179.303314 4.241108 4.214990 2.246575 5.434275 69.286369 1.441518 171.159958 156.611771 170.896667 179.351730 175.352234 -179.041138 179.351456 175.434235 -178.364380 176.735992 176.545029 -178.118179 179.999893 -172.972015 178.369614 179.999680 -171.801025 178.311279 15.233994 -5.534854 -2.591709 178.699295 -177.846832 174.944443 4.160176 35.180111 67.001328 66.138077 -1.765634 20.852024 24.817078 3.736470 -40.792271 40.852676 43.490040 17.567019 179.997650 -179.997009 -164.056091 179.999069 -179.997650 -169.381348 0.000000 -0.000000 0.000000 15.000487 0.000459 46.935165 179.999985 179.999466 -141.598511 179.999771 179.999710 -153.118973 0.000000 -0.000000 0.000000 0.000233 0.000240 55.194160 179.999939 179.999680 -124.805847 179.999802 179.999908 -143.240723 0.000000 -0.000000 0.000000 169.992645 -179.992035 -127.716026 0.001870 -0.010691 52.283989 0.006408 -0.003337 34.821129 0.000000 -0.000000 0.000000 159.998566 -179.998291 -158.659668 179.998947 -179.996811 -147.989517 0.000532 -0.002175 21.319004 169.871155 -178.871460 -176.014984 1.934747 -9.653407 -74.062607 76.783562 172.635071 176.052139 177.172089 -175.746307 -162.434891 117.274811 118.882820 140.822388 0.014011 0.008252 -12.355997 0.010299 0.003334 -8.229101 0.000000 -0.000000 0.000000 165.006393 179.957687 151.527924 0.021337 0.027754 -23.295317 0.021478 0.011795 -16.306715 0.000000 -0.000000 0.000000 0.002820 0.022899 -36.196545 0.015890 0.016737 -36.196526 0.015130 0.002672 -24.106899 0.000000 -0.000000 0.000000 10.003717 0.036401 -34.664024 0.023990 0.027632 -34.663990 0.023646 0.005889 -23.086231 0.000000 -0.000000 0.000000 20.000666 0.008849 -22.443714 0.006003 0.011881 -33.665531 0.007726 0.004337 -22.421291
45.523613 90.501617 637.373657 175.661407 179.514999 178.445206 20.380293 -34.383591 9.736416 152.630997 151.264313 164.843140 177.876740 -171.790283 179.647522 2.840324 1.059627 2.285479 11.009341 74.998276 4.648918 171.953476 158.168610 171.755539 179.535126 175.021057 -178.914291 179.535095 175.111221 -178.164032 177.545181 176.340622 -177.796875 179.999588 -172.558792 178.205383 179.999237 -171.318680 178.141235 15.336105 -5.835685 -2.804247 179.036911 -178.477509 175.418488 4.495530 32.214508 67.351578 66.564636 -2.441744 20.692799 24.872339 3.851542 -41.025669 41.688847 43.709023 18.487972 179.994385 -179.994202 -164.014572 179.997498 -179.995255 -169.353714 0.000000 -0.000000 0.000000 15.001840 0.002043 46.961750 179.999817 179.997757 -141.576767 179.998932 179.998856 -153.103714 0.000000 -0.000000 0.000000 0.002341 0.002741 55.259392 179.999084 179.996506 -124.740631 179.997757 179.999176 -143.197235 0.000000 -0.000000 0.000000 169.994339 -179.992767 -127.321503 0.002353 -0.008893 52.678513 0.005665 -0.002321 35.083878 0.000000 -0.000000 0.000000 159.999924 -179.999878 -158.530121 179.999969 -179.999786 -147.795181 0.000047 -0.000136 21.448421 170.148010 -178.891434 -176.682770 0.598170 -7.707188 -74.208855 73.272354 170.388107 176.764862 2.700348 -7.451213 16.875202 119.073883 119.480347 143.474060 0.074121 0.042629 -12.046681 0.054425 0.016770 -8.023100 0.000000 -0.000000 0.000000 165.019562 179.910019 151.350082 0.050298 0.056083 -23.440815 0.048202 0.021386 -16.408587 0.000000 -0.000000 0.000000 0.004016 0.020862 -36.586277 0.015726 0.014284 -36.586277 0.014087 0.001354 -24.366453 0.000000 -0.000000 0.000000 10.006934 0.039341 -35.218636 0.028568 0.027914 -35.218609 0.026294 0.004043 -23.455593 0.000000 -0.000000 0.000000 20.002928 0.019629 -22.472700 0.015451 0.025442 -33.709038 0.018010 0.008285 -22.450226
46.129356 89.740448 640.594849 174.813873 179.601990 178.150024 20.312168 -33.732124 9.121723 153.141220 146.169434 165.623032 177.715790 -170.394470 178.352280 2.329896 -1.586569 2.661497 16.506680 80.009155 8.660652 173.104965 160.138458 172.913208 179.746399 174.497375 -178.793518 179.746948 174.600159 -177.977386 178.477844 176.020294 -177.473389 179.999130 -172.062012 178.119843 179.998825 -170.738953 178.052734 15.504133 -6.218518 -2.997654 179.237381 -179.305710 176.116959 5.828111 28.547129 68.050995 66.882187 -3.153790 19.904713 24.839443 4.065862 -41.255306 41.723717 43.130058 19.298130 0.000674 0.000867 16.516531 0.000275 0.000680 11.000018 180.000000 180.000000 -180.000000 15.004006 0.004739 46.946999 179.999420 179.994965 -141.588806 179.997498 179.997467 -153.112183 180.000000 180.000000 -180.000000 0.004237 0.005353 55.211266 179.998047 179.993469 -124.788734 179.995682 179.998566 -143.229309 180.000000 180.000000 -180.000000 169.994400 -179.992188 -127.018463 0.002898 -0.009160 52.981514 0.006043 -0.002105 35.285671 180.000000 180.000000 -180.000000 159.999329 -179.998932 -158.551590 179.999649 -179.998123 -147.827347 0.000465 -0.001181 21.426949 170.126892 -178.784409 -177.703033 179.365662 -174.265976 106.132149 76.566261 171.245605 177.227036 2.239557 -8.096586 17.480740 123.400124 121.650818 147.620529 0.144494 0.095143 -12.570744 0.108629 0.038476 -8.372164 180.000000 179.999985 -180.000000 165.026276 179.894775 150.113190 0.062717 0.062759 -24.452829 0.058457 0.020992 -17.116991 180.000000 179.999985 -180.000000 179.997253 -179.988159 142.781097 179.990677 -179.992188 142.781097 179.991913 -179.999603 155.212219 180.000000 179.999985 -180.000000 10.005770 0.025904 -35.950977 0.019960 0.017491 -35.950958 0.017603 0.001533 -23.943346 180.000000 179.999985 -180.000000 20.003191 0.015828 -22.810234 0.013684 0.019948 -34.215343 0.015028 0.005812 -22.787426
46.854885 89.063278 644.043518 174.326736 179.923492 177.651260 15.925027 -32.286655 10.247922 157.991074 140.370026 167.922134 177.245941 -166.896759 176.470016 0.257437 -5.122146 3.389692 32.605305 85.588272 22.285355 174.466171 162.553802 174.410950 179.942291 173.806839 -178.661743 179.942230 173.925293 -177.768204 179.325562 175.592392 -177.112656 179.998383 -171.528976 178.117630 179.997803 -170.117126 178.050812 15.512003 -6.654688 -3.130816 179.451370 179.614670 176.859680 7.785654 23.802187 69.214272 66.882538 -3.585502 18.548513 24.745934 4.169907 -41.419464 41.435276 42.650990 19.350229 0.005216 0.011720 16.784163 0.001110 0.008470 11.178251 0.000000 -0.000000 0.000000 15.008653 0.010757 46.895283 179.998474 179.988815 -141.631104 179.994339 179.994507 -153.141785 0.000000 -0.000000 0.000000 0.010500 0.014018 55.201431 179.994629 179.983337 -124.798538 179.988861 179.996552 -143.235840 0.000000 -0.000000 0.000000 169.998260 -179.997391 -126.542480 0.001047 -0.002948 53.457497 0.001995 -0.000608 35.602703 0.000000 -0.000000 0.000000 159.995239 -179.991867 -158.687195 179.997864 -179.986008 -148.030762 0.003779 -0.008640 21.291502 169.685425 -178.901642 -178.872787 178.414093 -176.043625 106.621490 80.722359 172.646301 178.066788 1.652604 -9.029489 17.782190 130.019699 124.969307 150.406769 0.076675 0.053848 -15.136151 0.058960 0.020492 -10.080685 0.000000 -0.000003 0.000000 165.025391 179.902435 148.474289 0.060431 0.056156 -25.793743 0.055408 0.016283 -18.055626 0.000000 -0.000003 0.000000 0.007085 0.027376 -36.687183 0.022124 0.017622 -36.687180 0.018828 0.000505 -24.433662 0.000000 -0.000003 0.000000 9.996496 -0.014114 -36.698551 179.988800 -179.990738 143.301453 179.990341 -179.999496 155.558762 0.000000 -0.000003 0.000000 20.002092 0.008787 -23.108932 0.008070 0.010872 -34.663429 0.008542 0.002884 -23.085840
47.579525 88.774117 647.363281 173.895859 -179.987350 177.020020 12.208833 -31.066061 11.115723 162.455032 136.171814 170.526779 176.226578 -162.916718 174.808212 178.982651 -171.956131 -175.662186 108.787323 88.620789 96.975296 175.855301 165.734344 176.391479 0.129515 6.842767 1.468950 0.128649 6.708539 2.435415 0.124979 4.791183 3.252297 179.996841 -170.983139 178.186310 179.995728 -169.480316 178.122253 15.464030 -7.118142 -3.218356 179.693222 179.039871 177.887848 10.812950 18.461727 70.197807 66.559433 -3.763260 16.579916 24.724806 3.862356 -41.585880 41.369404 42.924515 19.323002 0.006371 0.032717 16.741566 179.998154 179.977875 -168.850113 0.000000 -0.000000 0.000000 15.008053 0.009886 46.474495 179.998749 179.989639 -141.975433 179.994873 179.994781 -153.382782 0.000000 -0.000000 0.000000 0.013032 0.017183 54.790634 179.993729 179.979355 -125.209320 179.986420 179.995331 -143.509445 0.000000 -0.000000 0.000000 170.002289 179.996643 -126.255142 179.998672 179.996170 -126.255173 179.997421 179.999207 -144.205948 0.000000 -0.000000 0.000000 159.994904 -179.991241 -158.408295 179.997818 -179.984940 -147.612427 0.004218 -0.009213 21.570126 169.365707 -178.992828 179.810547 177.966187 -178.256180 106.794380 85.208771 174.422989 178.848633 2.029953 -10.477772 17.689056 138.858261 130.856720 152.880737 0.037238 -0.012162 -19.485327 0.021360 -0.015005 -12.977223 180.000000 180.000000 -179.999985 165.010956 179.965469 146.540329 0.023217 0.018424 -27.376083 0.020398 0.003831 -19.163260 180.000000 180.000000 -179.999985 0.003743 0.011414 -37.206608 0.009902 0.006781 -37.206604 0.007989 -0.000409 -24.779596 180.000000 180.000000 -179.999985 10.008639 0.026345 -36.023560 0.022608 0.016052 -36.023575 0.018470 -0.000331 -23.991684 180.000000 180.000000 -179.999985 20.006554 0.020853 -23.057762 0.021502 0.024775 -34.586632 0.021197 0.005295 -23.034706
48.273689 88.670532 650.869507 173.328049 179.923706 176.402603 6.815306 -27.661465 12.831244 169.015350 135.231216 172.904373 177.212097 -162.832993 173.956863 177.621719 -169.140427 -174.512726 178.836197 85.939568 165.547134 176.910385 167.899826 177.727158 0.366464 7.412488 1.601282 0.365041 7.262370 2.633798 1.146472 5.080669 3.644516 179.999161 -170.693039 178.195053 179.998611 -169.141846 178.130936 15.500563 -7.355533 -3.290187 179.528656 178.988953 178.609879 13.750709 13.960670 70.776161 66.079277 -3.785572 14.726092 23.874338 3.107943 -41.962547 44.502209 42.566586 15.286399 0.001317 -0.013473 13.360426 0.003084 -0.008476 8.898041 0.000000 -0.000000 0.000000 15.009665 0.015306 45.888958 179.996613 179.985580 -142.454498 179.992020 179.993408 -153.718155 0.000000 -0.000000 0.000000 0.015193 0.026137 53.758888 179.988281 179.972137 -126.241104 179.980484 179.995102 -144.196579 0.000000 -0.000000 0.000000 170.010345 179.980164 -126.135490 179.990280 179.979858 -126.135506 179.985382 179.997192 -144.126251 0.000000 -0.000000 0.000000 160.008987 179.979904 -157.160599 0.001155 0.032989 34.259125 179.988510 179.981262 -157.183426 168.650848 -178.972122 178.673492 177.287979 -179.522171 107.251282 90.940590 176.976807 179.615738 179.786148 -168.889969 -161.930923 129.767746 127.910507 152.639572 0.022503 -0.001571 -14.535547 0.014395 -0.004294 -9.680673 0.000000 -0.000000 0.000000 164.998581 -179.995422 145.201996 179.996902 -179.997589 151.528900 179.997299 -179.999542 160.070236 0.000000 -0.000000 0.000000 0.002014 0.005986 -37.520004 0.005264 0.003508 -37.519993 0.004199 -0.000283 -24.988317 0.000000 -0.000000 0.000000 10.004734 0.013887 -36.746643 0.012154 0.008218 -36.746628 0.009755 -0.000491 -24.473253 0.000000 -0.000000 0.000000 20.003637 0.010888 -23.631535 0.011601 0.012714 -35.447304 0.011217 0.002355 -23.607895
48.696594 88.714783 654.334656 172.749405 179.603668 175.770554 1.312887 -24.170664 15.380374 175.514465 135.079910 174.154922 176.992004 -160.398087 173.578720 176.026169 -166.306595 -172.851929 13.668069 96.587593 -1.542946 177.840836 171.150879 -179.973694 0.606512 7.699457 1.724434 0.605105 7.538691 2.816210 2.197782 5.158572 4.013688 0.001443 -9.318301 -1.809290 0.001720 -10.871335 -1.874037 15.474984 -7.367024 -3.290600 179.184189 178.611511 178.976135 15.753223 10.646210 71.024055 64.687180 -3.930544 13.305778 26.874622 3.647919 -41.125206 39.773949 45.029957 22.003532 179.948456 179.801910 -161.617188 179.931335 179.881927 -167.757080 0.000000 -0.000000 0.000003 15.024499 0.047248 45.783710 179.987198 179.958374 -142.540604 179.975464 179.981873 -153.778427 0.000000 -0.000000 0.000003 0.019676 0.042307 52.812359 179.979111 179.958267 -127.187660 179.969574 179.993744 -144.826965 0.000000 -0.000000 0.000003 170.005157 179.987228 -127.237793 179.993042 179.988129 -127.237816 179.990906 179.998871 -144.860382 0.000000 -0.000000 0.000003 159.989105 -179.966537 -159.191513 0.003678 -0.052679 31.212677 0.020905 -0.028292 20.787653 167.261215 -179.318222 178.070480 179.201569 178.447510 106.205429 96.712990 179.232803 178.181702 173.985687 -170.916092 -161.430893 108.052666 122.562920 143.329132 0.604354 0.492577 -6.566490 0.454158 0.253796 -4.374252 0.000000 0.000000 -0.000003 164.989624 -179.975113 145.114670 179.981476 -179.988022 151.457428 179.984619 -179.998734 160.020218 0.000000 0.000000 -0.000003 179.910233 -179.805328 139.596405 179.811691 -179.896973 139.596451 179.858368 179.978775 153.091110 0.000000 0.000000 -0.000003 9.858669 -0.298969 -41.383080 179.710480 -179.838501 138.617020 179.780121 179.971558 152.438660 0.000000 0.000000 -0.000003 19.885334 -0.227204 -27.183090 179.714096 -179.746063 139.225677 179.745819 -179.971497 152.844025
48.980282 88.793053 657.832153 172.328003 178.640656 175.327042 177.725677 -158.286179 -162.431030 177.951309 134.900497 172.647430 177.616623 -158.297318 173.683441 174.224075 -162.687408 -170.806747 21.219963 98.802559 4.238137 178.217606 174.403397 -177.890427 0.803803 7.555810 1.797358 0.802446 7.393941 2.922531 3.100296 4.952142 4.240720 0.001644 -9.104865 -1.826719 0.002381 -10.622254 -1.892468 15.289034 -7.199564 -3.224145 179.438278 178.641891 179.580811 18.056162 6.829550 70.987358 66.135376 -3.288094 11.880078 26.046331 2.993554 -41.606838 48.725006 46.303463 16.806391 179.993256 179.965744 -168.805466 179.991501 179.978348 -172.544434 0.000000 -0.000000 0.000000 15.007302 0.017941 42.835300 179.994537 179.985123 -144.952957 179.990936 179.993622 -155.467056 0.000000 -0.000000 0.000000 0.007048 0.019915 50.243805 179.989395 179.981735 -129.756210 179.986160 179.997513 -146.537643 0.000000 -0.000000 0.000000 170.002731 179.990997 -127.954590 179.994629 179.992294 -127.954620 179.993744 179.999649 -145.337784 0.000000 -0.000000 0.000000 159.999390 -179.997513 -156.932129 0.000641 -0.003777 34.601799 0.001779 -0.001830 23.044794 167.491379 -179.025314 177.554642 0.640052 4.456547 -75.039581 95.201431 177.313766 177.084259 177.451447 -166.119949 -161.087158 140.657516 135.628677 161.587524 179.974106 -179.964935 163.181381 179.976974 -179.982300 168.798798 0.000000 -0.000000 0.000000 165.027557 179.952835 147.067062 0.040319 0.019288 -26.945129 0.031257 -0.001240 -18.861605 0.000000 -0.000000 0.000000 0.033880 0.048324 -30.623314 0.054339 0.023064 -30.623302 0.038860 -0.005973 -20.395138 0.000000 -0.000000 0.000000 10.003895 0.005276 -27.663921 0.005911 0.002862 -27.663906 0.004370 -0.000149 -18.424168 0.000000 -0.000000 0.000000 20.006466 0.008474 -16.645714 0.012990 0.009326 -24.968590 0.010473 0.001927 -16.629068
49.385540 89.032837 661.496338 171.940109 177.520477 175.148819 176.025818 -161.381790 -162.317032 0.111064 43.332603 -7.707082 178.138550 -156.796478 174.024902 172.711273 -158.651611 -168.625046 24.494534 100.631592 6.310277 177.899933 177.561111 -176.302048 0.960187 7.179696 1.809855 0.959073 7.022306 2.933071 3.860948 4.608590 4.306144 0.000108 -8.690645 -1.853354 0.001158 -10.139004 -1.920493 15.016045 -6.865572 -3.113061 179.510437 178.951965 -179.743591 19.804346 3.997256 70.627090 68.362648 -2.345854 11.245336 25.405157 2.993430 -41.980389 53.390255 48.124390 15.830298 179.989441 -179.996857 -172.078918 179.993393 -179.996826 -174.724564 0.000000 -0.000003 0.000000 15.003153 0.008930 41.715843 179.997116 179.992813 -145.868896 179.995514 179.996964 -156.108215 0.000000 -0.000003 0.000000 0.000916 0.003125 48.846138 179.998276 179.997238 -131.153854 179.997879 179.999664 -147.468491 0.000000 -0.000003 0.000000 169.999878 -179.999496 -128.629471 0.000321 -0.000420 51.370541 0.000350 -0.000008 34.212772 0.000000 -0.000003 0.000000 159.998718 -179.993271 -156.902252 0.002268 -0.010012 34.646587 0.005055 -0.004605 23.074627 168.646393 -178.395920 177.132629 1.970326 8.070300 -75.996704 96.930153 179.019989 174.558609 176.558319 -164.933121 -159.705566 140.166046 136.578766 165.237839 179.981079 -179.971771 165.003311 179.983170 -179.984848 170.012207 0.000000 -0.000000 0.000000 165.024612 179.970810 144.546814 0.030391 0.007209 -29.007158 0.020965 -0.006224 -20.305008 0.000000 -0.000000 0.000000 0.041845 0.041741 -32.948978 0.058165 0.010520 -32.948978 0.035941 -0.016117 -21.944033 0.000000 -0.000000 0.000000 10.031458 0.029804 -27.373453 0.041893 0.011102 -27.373463 0.028067 -0.006765 -18.230730 0.000000 -0.000000 0.000000 20.026100 0.024153 -16.689272 0.048395 0.022435 -25.033871 0.035526 -0.000862 -16.672554
49.926590 89.347862 665.233154 171.885376 176.669022 175.229691 174.258163 -164.664841 -163.228210 1.766854 42.038513 -8.039849 179.035721 -154.957718 174.527512 171.156189 -154.719299 -166.459381 24.769844 101.984673 5.917148 176.968445 -179.572632 -175.441147 1.024651 6.835547 1.785225 1.023825 6.683730 2.889499 4.202197 4.338953 4.258389 179.999222 -171.707352 178.113953 179.999557 -170.325226 178.046188 14.895292 -6.538330 -3.021896 179.793060 179.630280 -179.475479 20.481474 1.842006 70.616806 71.323837 -1.143691 11.568465 23.104898 2.661641 -42.715984 47.414501 48.122349 19.072836 179.981216 179.903183 -167.404312 179.976028 179.938660 -171.611282 0.000000 -0.000000 0.000000 14.999319 -0.001884 40.724823 0.000585 -0.001523 33.320316 0.000927 -0.000672 23.324211 0.000000 -0.000000 0.000000 0.002705 0.008671 48.644535 179.995316 179.992218 -131.355484 179.994064 179.998886 -147.602753 0.000000 -0.000000 0.000000 170.001312 179.995041 -128.497879 179.996948 179.995895 -128.497864 179.996597 179.999878 -145.699600 0.000000 -0.000000 0.000000 159.999725 -179.998611 -156.200378 0.000458 -0.002064 35.699444 0.001055 -0.000948 23.775848 169.749542 -177.835037 176.887848 3.601799 11.664938 -76.357651 97.122574 -179.715347 171.800110 175.800385 -162.579361 -157.964172 139.536606 137.005814 168.981506 179.987915 -179.975586 167.048981 179.988754 -179.985748 171.374619 0.000000 0.000000 -0.000003 165.013153 179.985748 141.859909 0.015681 0.002354 -31.205526 0.010211 -0.004367 -21.843870 0.000000 0.000000 -0.000003 0.037857 0.034680 -36.504204 0.051206 0.003830 -36.504211 0.028489 -0.018946 -24.311817 0.000000 0.000000 -0.000003 10.038633 0.033596 -29.708796 0.050485 0.008595 -29.708805 0.031768 -0.012462 -19.786081 0.000000 0.000000 -0.000003 20.031464 0.026973 -18.578636 0.058276 0.021668 -27.867958 0.040916 -0.006547 -18.560051
50.617008 89.691444 668.967407 172.153244 175.983109 175.446304 173.985107 -166.602570 -164.869949 1.641572 41.383995 -8.011590 179.675415 -153.622894 174.983032 169.205429 -150.869385 -164.302185 23.242943 102.629951 3.952327 175.500931 -175.918121 -174.656769 1.068339 6.364507 1.717326 1.067589 6.221474 2.777855 4.468822 4.004682 4.096699 179.998795 -172.245529 178.173019 179.999603 -170.953033 178.106873 14.103411 -6.141800 -2.781340 179.964355 -179.970352 -179.109406 20.970991 -0.964693 70.665703 74.848885 0.431234 12.424590 22.496395 3.080870 -42.809166 55.100731 49.552567 14.430378 179.998337 179.989716 -174.012299 179.998260 179.993286 -176.012192 0.000000 -0.000000 0.000000 15.000399 0.001176 40.925694 179.999603 179.999069 -146.515350 179.999420 179.999588 -156.560745 0.000000 -0.000000 0.000000 0.000338 0.001225 47.870583 179.999329 179.998932 -132.129425 179.999176 179.999847 -148.118179 0.000000 -0.000000 0.000000 169.999863 -179.999344 -128.970398 0.000407 -0.000523 51.029598 0.000439 -0.000006 33.985703 0.000000 -0.000000 0.000000 159.999496 -179.997116 -156.138321 0.001105 -0.004247 35.792530 0.002259 -0.001856 23.837824 171.549347 -177.414093 176.572250 4.666559 16.531620 -76.310310 97.989243 -176.874954 168.730194 173.973450 -161.231537 -156.220398 137.018280 136.395645 171.793304 179.997162 -179.984589 169.725372 179.996475 -179.990158 173.157104 0.000000 0.000000 -0.000003 165.007477 179.992218 140.250732 0.008781 0.000897 -32.522144 0.005503 -0.002808 -22.765490 0.000000 0.000000 -0.000003 0.012123 0.010831 -40.624149 0.016249 0.000126 -40.624149 0.008196 -0.007066 -27.055691 0.000000 0.000000 -0.000003 10.025217 0.021185 -33.457203 0.032807 0.002957 -33.457226 0.019099 -0.010802 -22.282488 0.000000 0.000000 -0.000003 20.016874 0.014053 -21.630043 0.031484 0.009621 -32.445072 0.021016 -0.006270 -21.608410
51.568001 90.082123 672.809814 172.644852 175.334427 175.790253 174.315292 -168.486359 -167.451797 1.228865 40.963844 -6.987120 0.210764 -27.577480 -4.617756 166.917511 -147.096466 -162.284882 18.334618 101.632736 -1.208827 173.853012 -174.324280 -174.944519 1.102085 5.851093 1.621375 1.101041 5.718325 2.622803 4.693883 3.657405 3.866182 179.997894 -172.823059 178.263977 179.999115 -171.626740 178.200485 12.938361 -5.728884 -2.488051 0.187002 -0.526826 1.208954 21.263437 -3.713468 70.847008 78.385353 1.897893 13.439200 19.617741 2.545328 -43.483147 58.206223 50.874992 14.238530 0.000117 0.000423 3.944516 0.000065 0.000285 2.627051 0.000000 -0.000000 0.000000 15.000057 0.000143 40.699696 179.999969 179.999878 -146.700256 179.999939 179.999954 -156.690186 0.000000 -0.000000 0.000000 0.000436 0.001435 47.660728 179.999237 179.998703 -132.339279 179.999023 179.999817 -148.257950 0.000000 -0.000000 0.000000 170.000137 179.999527 -128.835983 179.999710 179.999603 -128.835968 179.999680 179.999985 -145.924759 0.000000 -0.000000 0.000000 159.999847 -179.999115 -155.597351 0.000330 -0.001307 36.603935 0.000691 -0.000569 24.378252 173.242050 -177.110382 176.314529 4.296736 20.831198 -75.575531 99.966797 -173.340637 166.487762 172.136124 -159.093857 -154.526321 132.208618 134.350616 172.919632 0.000265 -0.000189 -6.938410 0.000173 -0.000137 -4.620981 0.000000 -0.000000 0.000000 165.000839 179.999451 138.882233 0.000835 -0.000108 -33.641773 0.000444 -0.000396 -23.549261 0.000000 -0.000000 0.000000 0.001401 0.000835 -42.528580 0.001599 -0.000342 -42.528584 0.000626 -0.000892 -28.324026 0.000000 -0.000000 0.000000 10.001830 0.001052 -37.229301 0.002095 -0.000282 -37.229313 0.000988 -0.000996 -24.794714 0.000000 -0.000000 0.000000 20.001881 0.001080 -24.087151 0.003245 0.000304 -36.130722 0.001858 -0.001125 -24.063065
52.732151 90.480789 676.603516 173.163055 174.969864 176.111374 173.931946 -169.920807 -170.735992 2.660399 41.430836 -4.244183 0.219633 -29.883522 -4.141552 164.642578 -143.912567 -160.224442 12.817424 103.567268 -6.164433 172.120789 -170.859940 -175.727097 1.092188 5.550259 1.565718 1.092242 5.425167 2.537574 4.680080 3.462269 3.736782 0.003355 -6.810873 -1.687733 0.004056 -7.945883 -1.747407 12.059664 -5.477246 -2.272001 0.035476 -1.193563 1.114014 19.826075 -4.295824 71.557854 78.226830 1.522180 15.266291 22.439903 4.986025 -42.482754 44.780998 50.139793 16.008011 179.812027 179.191956 -167.932297 179.802368 179.483932 -171.962967 0.000000 -0.000000 0.000003 14.953080 -0.136384 38.609535 0.041914 -0.110312 31.589512 0.066227 -0.049366 22.112679 0.000000 -0.000000 0.000003 179.997589 -179.991928 -133.817764 0.004143 -0.007306 46.182262 0.005428 -0.001383 30.757393 0.000000 -0.000000 0.000003 169.981750 -179.925659 -130.710022 0.045215 -0.061786 49.289963 0.050881 -0.003471 32.827110 0.000000 -0.000000 0.000003 159.977951 -179.880966 -157.596756 0.041865 -0.176685 33.604778 0.090373 -0.080371 22.380743 173.509323 -177.200409 176.173569 5.024686 24.747568 -74.812119 102.313622 -168.794785 164.410141 167.752411 -159.531998 -153.877533 129.453339 131.761459 173.910080 179.999939 -179.999985 175.504089 179.999985 -179.999985 177.005737 0.000000 -0.000000 0.000000 165.005875 179.991669 139.142456 0.008116 0.001934 -33.428905 0.005475 -0.002043 -23.400200 0.000000 -0.000000 0.000000 0.006288 0.006784 -46.190796 0.009253 0.000085 -46.190758 0.004282 -0.004443 -30.763039 0.000000 -0.000000 0.000000 10.016335 0.015551 -37.577896 0.022475 0.001947 -37.577908 0.012533 -0.008302 -25.026880 0.000000 -0.000000 0.000000 20.025158 0.022051 -24.012045 0.048412 0.013268 -36.018082 0.030859 -0.012840 -23.988071
53.802345 90.969261 680.545166 173.591614 174.467545 176.551270 176.382935 -172.043335 -172.814926 0.698858 39.643330 -3.193107 179.784882 -151.550018 175.928391 161.463242 -140.957886 -157.985428 5.020503 101.159531 -15.331191 171.012161 -168.556824 -176.227585 1.228226 4.908484 1.387383 1.228268 4.795700 2.239462 5.404656 3.011968 3.343579 0.002019 -5.965543 -1.491609 0.002110 -6.959620 -1.544319 9.957811 -4.874308 -1.809937 179.519424 -178.967957 -178.900009 18.850910 -6.134670 72.453293 80.840660 3.236197 16.292688 25.377558 5.829805 -41.221001 65.096031 52.940277 15.536701 179.961914 -179.949966 -179.640030 179.975632 -179.965942 -179.760254 0.000000 -0.000000 0.000003 14.943209 -0.181288 38.816978 0.062340 -0.142392 31.759195 0.091378 -0.059071 22.231447 0.000000 -0.000000 0.000003 0.000967 0.003524 46.383507 179.998123 179.996872 -133.616531 179.997635 179.999466 -149.108582 0.000000 -0.000000 0.000003 170.000778 179.996582 -129.241028 179.997833 179.997238 -129.241013 179.997650 179.999969 -146.194504 0.000000 -0.000000 0.000003 160.001099 179.993103 -155.228516 179.997192 179.989914 -142.842804 179.994461 179.995773 -155.253296 174.830673 -177.175461 176.261963 2.342456 29.156855 -74.775146 102.566521 -165.304489 164.683517 166.291870 -161.597748 -154.471832 125.932579 129.706482 169.711166 179.993332 -179.997147 175.675415 179.995422 -179.998444 177.119843 180.000000 180.000000 -180.000000 164.994278 179.995880 138.609573 179.998779 179.994370 146.135147 0.001502 0.003752 -23.705414 180.000000 180.000000 -180.000000 179.998032 179.998077 133.165405 0.000053 0.002747 -46.834553 0.001368 0.001215 -31.191818 180.000000 180.000000 -180.000000 9.998836 0.001565 -39.479034 0.000099 0.001948 -39.478996 0.000881 0.000960 -26.293016 180.000000 180.000000 -180.000000 20.002213 -0.004920 -27.775452 179.999634 -179.991898 138.336838 179.996307 -179.996078 152.252319
54.817932 91.537056 684.539551 174.045334 173.855591 177.091385 179.274155 -174.364273 -174.509995 177.819611 142.444504 177.395660 179.801193 -153.984146 175.697540 158.937088 -138.073288 -156.683670 165.238647 82.500839 143.582748 170.520966 -167.548019 -176.590332 1.341084 4.292799 1.171669 1.340842 4.193066 1.882230 6.019263 2.617330 2.853169 179.999847 -174.667984 178.705032 0.000174 -6.220679 -1.341590 8.136692 -4.412385 -1.458983 179.402176 -178.921204 -178.961441 18.834984 -6.825029 72.981491 82.996956 4.429547 15.659863 25.949570 5.390960 -40.933407 64.660469 53.055672 16.689295 179.905060 -179.935745 -178.814804 179.939285 -179.953690 -179.210663 0.000003 -0.000000 0.000003 14.971931 -0.080864 42.791706 0.029149 -0.063692 35.011318 0.042601 -0.024276 24.507919 0.000003 -0.000000 0.000003 179.995804 -179.985199 -133.895676 0.007789 -0.013269 46.104324 0.009975 -0.002367 30.705460 0.000003 -0.000000 0.000003 170.002167 179.990601 -129.220154 179.994110 179.992386 -129.220123 179.993591 179.999832 -146.180634 0.000003 -0.000000 0.000003 160.003830 179.976913 -155.134766 179.990860 179.966125 -142.702179 179.981583 179.985626 -155.159637 175.295578 -177.244034 176.744247 0.098406 32.859905 -75.599098 100.855103 -164.839050 166.346344 166.365997 -162.049652 -155.013458 122.243103 128.063049 164.605453 179.995361 -179.998016 175.428833 179.996826 -179.998932 176.955612 0.000000 0.000000 -0.000003 164.987747 179.999405 137.894440 179.992950 179.992844 145.550003 179.998810 179.993088 155.885010 0.000000 0.000000 -0.000003 179.993103 179.999619 132.911850 179.995605 179.994659 132.911850 0.000632 0.004555 -31.360697 0.000000 0.000000 -0.000003 9.992521 0.000466 -39.558800 179.994553 179.994843 140.441223 179.999435 179.995026 153.653854 0.000000 0.000000 -0.000003 20.002171 -0.000148 -26.397924 0.002815 -0.001624 -39.596893 0.000761 -0.002028 -26.371517
55.718536 92.175468 688.596924 174.558182 173.318375 177.742218 2.457802 -3.290077 4.516228 173.427719 145.435760 176.848862 0.761531 -21.585012 -4.431021 157.456100 -135.690048 -156.547455 140.271362 84.300056 117.789154 171.062927 -165.314529 -176.724915 1.443698 3.689459 0.917560 1.442978 3.603903 1.463571 6.581432 2.259908 2.275952 179.997650 -175.306671 178.932358 179.997986 -174.524261 178.893112 6.481399 -3.928080 -1.129634 179.544693 -178.937393 -178.978302 19.217583 -7.426243 72.950027 85.845795 5.612257 14.581365 28.028879 5.386029 -40.125561 60.523857 52.464394 19.014832 179.939392 -179.963699 -175.232178 179.962433 -179.971664 -176.824615 180.000000 180.000000 -180.000000 14.978197 -0.054484 43.906525 0.018845 -0.044157 35.923542 0.029048 -0.016899 25.146458 180.000000 180.000000 -180.000000 179.991272 -179.971588 -134.037933 0.014610 -0.025856 45.962074 0.019191 -0.004810 30.610735 180.000000 180.000000 -180.000000 169.998077 -179.991821 -129.623550 0.005102 -0.006664 50.376446 0.005592 -0.000191 33.550697 180.000000 180.000000 -180.000000 159.999710 -179.998001 -155.784576 0.000823 -0.002926 36.323132 0.001597 -0.001236 24.191204 176.290741 -177.085434 177.342834 176.980499 143.745651 103.044785 100.255951 -164.127533 168.362595 166.307022 -164.636047 -156.024033 117.470047 125.702148 158.367477 179.999969 179.999619 175.361816 179.999985 179.999725 176.910965 0.000000 -0.000000 0.000000 164.992676 -179.999680 137.067200 179.995453 179.996078 144.873154 179.998993 179.995926 155.411209 0.000000 -0.000000 0.000000 179.993469 -179.999725 132.505569 179.995407 179.995361 132.505554 0.000225 0.004355 -31.631283 0.000000 -0.000000 0.000000 9.994390 -0.000263 -40.131481 179.995560 179.996567 139.868500 179.999222 179.996338 153.272430 0.000000 -0.000000 0.000000 19.994598 -0.000296 -25.802351 179.992554 179.996826 141.296463 179.997498 179.995224 154.223465
56.484257 92.833817 692.754333 175.105484 173.070221 178.483383 5.245906 -0.840496 4.393324 168.423416 148.510788 175.339127 2.570303 -16.381744 -4.486847 158.143707 -134.114090 -158.319458 78.575195 84.197914 56.263805 172.148010 -160.651794 -176.926712 1.498037 3.241721 0.663892 1.496508 3.168096 1.046292 6.899208 2.035899 1.699316 179.993591 -175.865860 179.139847 179.994095 -175.176117 179.106781 5.367621 -3.484848 -0.888085 179.988510 -179.066177 -179.017456 19.225212 -8.427338 73.281120 89.339699 7.618900 14.257015 26.395918 3.692069 -40.563126 58.379490 51.184704 19.522753 179.922195 -179.959030 -173.538422 179.952484 -179.965759 -175.696594 180.000000 179.999985 179.999985 14.981506 -0.038839 45.517262 0.012472 -0.032928 37.241383 0.021023 -0.012870 26.068958 180.000000 179.999985 179.999985 179.959137 -179.881882 -134.930588 0.059339 -0.110027 45.069363 0.080568 -0.021059 30.016188 180.000000 179.999985 179.999985 169.998871 -179.995941 -129.349792 0.002443 -0.003457 50.650131 0.002814 -0.000200 33.733032 180.000000 179.999985 179.999985 160.000244 179.998657 -155.675781 179.999496 179.998032 -143.513687 179.998947 179.999146 -155.700104 178.977081 -176.176773 177.810028 173.172989 139.386353 101.711990 98.358109 -165.213516 170.122269 166.525879 -165.852829 -156.836411 122.667244 129.203674 163.960159 0.016868 0.007346 -5.332552 0.011613 0.003879 -3.551480 180.000000 180.000000 -180.000000 164.980820 -179.999252 137.216507 179.988220 179.989594 144.995331 179.997559 179.989288 155.496750 180.000000 180.000000 -180.000000 179.976471 -179.999130 132.954712 179.983688 179.983002 132.954712 0.001174 0.015641 -31.332188 180.000000 180.000000 -180.000000 9.980400 -0.000804 -39.742424 179.984665 179.987778 140.257614 179.997559 179.987167 153.531540 180.000000 180.000000 -180.000000 20.002684 0.000163 -26.652401 0.003688 -0.001571 -39.978577 0.001220 -0.002377 -26.625736
57.103683 93.492134 697.165588 175.670517 173.155411 179.269928 8.839492 3.598409 4.625150 162.306747 153.199890 174.140381 5.129472 -8.276087 -4.351862 159.899628 -132.236755 -161.180832 40.475586 77.273064 18.940809 173.504242 -164.031006 -176.935181 1.636605 2.751875 0.331808 1.635351 2.693081 0.497780 7.608654 1.800983 0.978206 179.996353 -176.705429 179.477585 179.996185 -176.156067 179.457886 3.594023 -2.808587 -0.510435 0.627540 -0.720974 0.931520 19.916933 -9.692241 72.764549 94.477234 9.823833 13.382139 23.705114 1.184026 -41.459335 54.235764 49.417431 20.728266 179.969711 -179.981262 -170.351044 179.982391 -179.984085 -173.573792 0.000000 -0.000000 0.000000 14.989639 -0.011831 46.827656 0.001329 -0.012794 38.313568 0.006319 -0.006411 26.819469 0.000000 -0.000000 0.000000 179.990692 -179.985931 -130.364182 0.004806 -0.016174 49.635788 0.010309 -0.004466 33.057457 0.000000 -0.000000 0.000000 170.000076 179.999863 -129.173920 179.999939 179.999847 -129.173950 179.999908 179.999969 -146.149841 0.000000 -0.000000 0.000000 160.000397 179.998718 -155.697357 179.999771 179.998016 -143.546021 179.999084 179.999023 -155.721649 179.431305 -176.431824 179.131897 171.207550 136.175919 100.505669 96.515419 -166.655014 171.406158 166.986465 -166.320679 -157.473221 116.689995 125.663979 157.515747 179.999146 -179.999542 175.369766 179.999435 -179.999741 176.916275 0.000000 -0.000003 0.000000 164.983551 -179.995667 135.857346 179.987976 179.993011 143.883286 179.996170 179.991058 154.718307 0.000000 -0.000003 0.000000 179.978592 -179.994339 131.193802 179.981888 179.987289 131.193756 179.998642 179.985306 147.495056 0.000000 -0.000003 0.000000 9.981319 -0.005220 -41.328072 179.982666 179.991287 138.671906 179.995331 179.987961 152.475510 0.000000 -0.000003 0.000000 19.992552 -0.002324 -25.917767 179.988480 179.998154 141.123337 179.994858 179.994171 154.108139
57.641159 94.085747 701.676392 176.221619 173.498535 -179.962921 9.829707 7.520288 5.284438 158.907166 157.514572 172.981552 7.644639 -0.716289 -3.341526 164.757233 -131.588074 -166.534180 26.126339 71.447006 7.671435 175.187210 -163.798630 -177.132553 1.701150 2.505337 0.054099 1.699605 2.456489 0.038487 7.948832 1.744797 0.376169 179.995300 -177.338394 179.741486 179.994812 -176.894501 179.731277 2.514534 -2.281308 -0.271747 1.360814 -0.455138 0.942718 20.227715 -8.946054 71.829086 97.087120 9.705571 12.067442 24.167229 0.389279 -40.434753 51.772190 48.408424 20.913458 179.992722 -179.993210 -168.766388 179.996170 -179.994614 -172.518417 0.000000 -0.000000 0.000000 14.994530 -0.004720 47.475780 179.999847 -179.994095 -141.156189 0.002514 -0.003289 27.190676 0.000000 -0.000000 0.000000 179.994614 -179.993820 -129.613663 0.001361 -0.008086 50.386292 0.004740 -0.002728 33.557289 0.000000 -0.000000 0.000000 170.000153 179.999771 -129.175186 179.999924 179.999725 -129.175171 179.999832 179.999939 -146.150665 0.000000 -0.000000 0.000000 160.000015 179.999954 -155.783768 0.000001 0.000057 36.324379 179.999985 179.999985 -155.807983 0.263576 -3.553801 0.348556 169.882980 133.364014 99.785271 94.732109 -168.184036 172.074036 167.163956 -167.353043 -158.008698 117.264977 125.750587 157.606339 0.004453 0.003603 -4.921317 0.003150 0.002150 -3.277599 0.000000 -0.000000 0.000003 164.987106 -179.995178 134.883926 179.989838 179.995178 143.086853 179.996429 179.992981 154.160782 0.000000 -0.000000 0.000003 179.983093 -179.993774 129.878586 179.984573 179.990723 129.878632 179.998352 179.988113 146.619156 0.000000 -0.000000 0.000003 9.985988 -0.005374 -42.599888 179.986145 179.994232 137.400131 179.995941 179.990860 151.628464 0.000000 -0.000000 0.000003 19.992599 -0.003074 -26.371021 179.988007 179.999069 140.443451 179.994308 179.994370 153.655350
58.120644 94.587822 706.233459 176.778275 174.025314 -179.299530 9.152056 11.367990 5.821681 157.213257 161.257629 171.946259 9.852900 6.666430 -1.858758 170.504898 -131.894730 -172.203400 15.315686 65.034271 0.758640 176.716370 -163.481720 -177.436752 1.739156 2.380201 -0.197839 1.737621 2.338955 -0.379281 8.155338 1.771550 -0.163423 179.995804 -177.857727 179.962296 179.995316 -177.500458 179.960144 1.593361 -1.844582 -0.085899 2.305873 -0.304017 0.962827 19.809038 -7.887708 70.909157 99.964890 9.092739 11.454110 24.551296 -0.391681 -39.191669 50.631512 48.384563 21.180653 0.000883 0.001403 11.946423 0.000393 0.001030 7.956325 0.000000 -0.000000 0.000000 14.997494 -0.001807 47.839676 179.999725 -179.997498 -140.858444 0.000958 -0.001485 27.399088 0.000000 -0.000000 0.000000 179.998550 -179.998596 -129.095459 0.000176 -0.002013 50.904541 0.001114 -0.000736 33.902420 0.000000 -0.000000 0.000000 169.983200 -179.977097 -130.183990 0.007281 -0.027449 49.816006 0.017246 -0.007789 33.177448 0.000000 -0.000000 0.000000 160.000046 179.999908 -155.782303 180.000000 179.999832 -143.673431 179.999939 179.999893 -155.806503 0.929942 -3.538542 1.638694 169.341736 130.934448 99.704292 92.985710 -169.475998 172.193436 167.209534 -168.035233 -158.535019 115.142593 125.190361 156.120941 179.999969 -179.999908 175.612411 179.999969 -179.999954 177.077866 0.000000 -0.000000 0.000000 164.991440 -179.995255 133.720581 179.992386 179.997498 142.135040 179.996918 179.995316 153.494507 0.000000 -0.000000 0.000000 179.990494 -179.995026 128.177704 179.990295 179.995438 128.177704 179.998489 179.993011 145.486343 0.000000 -0.000000 0.000000 9.991372 -0.004539 -44.027744 179.990692 179.997116 135.972290 179.996948 179.994263 150.677567 0.000000 -0.000000 0.000000 19.994761 -0.002867 -27.140381 179.991028 -179.999863 139.289429 179.995453 179.996124 152.886765
58.576149 94.987473 710.754211 177.340652 174.628082 -178.801697 7.101323 14.744625 5.799109 157.484070 163.838577 171.185287 11.443463 13.987144 -0.271359 176.197174 -132.945633 -177.481293 7.340283 58.416328 -2.827894 177.685043 -162.961792 -177.825073 1.765277 2.336736 -0.416795 1.763990 2.301138 -0.743733 8.300347 1.843831 -0.626581 179.996994 -178.272263 -179.801895 179.996552 -177.984100 -179.795349 0.749458 -1.490998 0.093781 3.286924 -0.384411 0.969309 19.213049 -6.589289 70.005959 102.787285 8.113599 11.092372 24.887821 -1.061837 -37.835526 50.428383 49.346085 21.419392 0.000899 0.004066 11.952609 0.000042 0.002773 7.960440 0.000000 -0.000000 0.000000 14.999006 -0.000702 48.029278 179.999878 -179.999023 -140.703323 0.000374 -0.000591 27.507671 0.000000 -0.000000 0.000000 0.001155 0.001132 51.138527 179.999847 179.998383 -128.861465 179.999100 179.999405 -145.941742 0.000000 -0.000000 0.000000 170.000381 179.999496 -127.322716 179.999832 179.999405 -127.322701 179.999619 179.999847 -144.916916 0.000000 -0.000000 0.000000 160.000137 179.999664 -155.778137 179.999985 179.999466 -143.667191 179.999771 179.999725 -155.802368 1.602982 -3.633461 2.843233 169.351669 128.623138 100.428444 91.138252 -170.307510 171.887222 167.118561 -168.316559 -159.182251 115.701561 125.457390 156.716599 0.000055 0.000176 -4.444753 0.000041 0.000116 -2.960205 0.000000 -0.000003 0.000000 164.992172 -179.995667 132.378525 179.993088 179.997543 141.036987 179.997375 179.995590 152.725891 0.000000 -0.000003 0.000000 179.992935 -179.996292 126.628143 179.992859 179.996445 126.628113 179.999130 179.994766 144.454346 0.000000 -0.000003 0.000000 9.993235 -0.003564 -45.412361 179.992737 179.997589 134.587692 179.997803 179.995407 149.755386 0.000000 -0.000003 0.000000 19.994890 -0.002797 -27.928913 179.991272 -179.999985 138.106628 179.995728 179.996063 152.099014
59.032295 95.293938 715.183777 177.838562 175.168243 -178.526947 4.032777 17.346661 5.093388 159.844925 164.924347 170.520386 11.796029 19.875431 1.682174 0.630582 -45.454823 -1.289948 2.038647 51.855423 -4.084193 177.892334 -162.148468 -178.382294 1.771786 2.355647 -0.548043 1.771112 2.323026 -0.962915 8.343791 1.918701 -0.900399 179.998810 -178.518143 -179.668411 179.998611 -178.271088 -179.656754 0.091470 -1.277620 0.197764 4.394435 -0.804000 0.743922 19.101463 -4.698996 68.435730 105.485207 6.545382 10.097058 25.175436 -1.529003 -36.555607 50.996998 51.133911 21.998314 179.999710 179.997192 -168.420425 179.999451 179.998215 -172.287994 0.000000 -0.000000 0.000000 14.999198 -0.000652 48.103958 179.999969 -179.999161 -140.642197 0.000348 -0.000476 27.550451 0.000000 -0.000000 0.000000 0.001652 0.002015 51.074120 179.999481 179.997452 -128.925888 179.998459 179.999207 -145.984650 0.000000 -0.000000 0.000000 170.000290 179.999420 -127.369720 179.999725 179.999405 -127.369698 179.999588 179.999924 -144.948242 0.000000 -0.000000 0.000000 160.000015 -179.999985 -155.831787 0.000001 -0.000018 36.252293 0.000004 -0.000008 24.144030 2.202714 -3.758423 3.637239 169.250397 127.186455 101.366898 89.880280 -170.541733 171.691467 167.252563 -168.747253 -159.521408 116.446159 126.019203 157.901688 179.999985 -179.999908 175.641495 179.999985 -179.999939 177.097229 0.000000 -0.000003 0.000000 164.995056 -179.995285 130.733826 179.994446 179.999374 139.691299 179.997345 179.997116 151.783920 0.000000 -0.000003 0.000000 179.996201 -179.996887 125.129478 179.995285 179.998657 125.129463 179.998947 179.996902 143.456207 0.000000 -0.000003 0.000000 9.996427 -0.002796 -46.874939 179.995529 179.999252 133.125092 179.998337 179.997482 148.781296 0.000000 -0.000003 0.000000 19.996714 -0.002502 -29.040052 179.993866 -179.999161 136.439926 179.996674 179.997559 150.988983
59.506382 95.517769 719.484558 178.241180 175.604294 -178.480484 0.993880 18.930721 3.921999 163.278275 164.408875 169.989319 10.879982 24.464970 3.355842 2.931009 -43.564072 -3.024595 179.716705 134.575546 176.281494 177.227676 -161.141464 -179.057663 1.780031 2.382020 -0.655453 1.779563 2.351516 -1.142658 8.394435 1.989193 -1.123153 0.000170 -1.387068 0.474497 0.000169 -1.618294 0.491433 179.615295 -178.806900 -179.702515 5.451909 -1.552339 0.628556 18.391336 -2.799344 67.365967 108.060631 5.150879 9.910522 25.518326 -1.626609 -35.270130 52.149864 53.416435 23.291567 179.999985 179.999924 -168.799454 179.999985 179.999969 -172.540436 0.000000 -0.000000 0.000000 14.999027 -0.001646 48.100952 0.000481 -0.001478 39.355316 0.000923 -0.000588 27.548733 0.000000 -0.000000 0.000000 0.000126 0.000760 50.720131 179.999496 179.999405 -129.279846 179.999481 -179.999985 -146.220398 0.000000 -0.000000 0.000000 170.000076 -179.999329 -127.547470 0.000583 -0.000360 52.452507 0.000421 0.000165 34.933384 0.000000 -0.000000 0.000000 160.000656 -179.998383 -155.966080 0.001884 -0.001841 36.050865 0.001741 -0.000227 24.009888 2.636746 -3.876202 4.319332 169.230057 126.095200 102.379951 88.710548 -170.451202 171.602646 167.121063 -169.939606 -160.073669 117.673012 126.338829 159.194748 0.000077 0.000557 -4.448061 0.000079 0.000368 -2.962409 0.000000 -0.000000 0.000000 164.999817 -179.997971 129.387253 179.998627 -179.999069 138.589569 179.998840 179.999847 151.012711 0.000000 -0.000000 0.000000 179.999756 -179.999268 124.157867 179.999252 -179.999786 124.157867 179.999603 179.999664 142.809143 0.000000 -0.000000 0.000000 9.999707 -0.000593 -47.754440 179.999359 -179.999817 132.245560 179.999634 179.999756 148.195541 0.000000 -0.000000 0.000000 19.999556 -0.000692 -29.808485 179.998901 -179.999435 135.287247 179.999207 179.999756 150.221313
60.026890 95.650711 723.714478 178.563370 176.019424 -178.633530 178.291779 160.283554 -177.451874 167.283127 162.520828 169.683334 9.124901 27.550783 4.538483 2.521363 -41.456959 -2.688310 0.524621 39.112068 -2.428589 175.934280 -160.175079 -179.690048 1.785509 2.447998 -0.712908 1.785096 2.417700 -1.239863 8.429905 2.064171 -1.236129 0.000772 -1.420345 0.573588 0.000864 -1.657098 0.594124 179.284653 -178.781677 -179.634735 6.322832 -2.520847 0.530879 17.699036 -0.855983 66.328606 110.292000 3.734567 9.944477 25.159157 -0.854836 -34.851910 53.401142 54.992313 24.887693 0.001450 -0.001838 11.070251 0.001179 -0.001010 7.372790 0.000000 -0.000003 0.000000 14.999816 -0.000755 48.564678 0.000369 -0.000529 39.734730 0.000432 -0.000117 27.814304 0.000000 -0.000003 0.000000 179.999908 179.999359 -129.462372 179.999466 179.999664 -129.462341 179.999588 -179.999847 -146.341934 0.000000 -0.000003 0.000000 170.000076 -179.999817 -127.343002 0.000197 -0.000060 52.656952 0.000104 0.000078 35.069546 0.000000 -0.000003 0.000000 160.000656 -179.999039 -155.532532 0.001472 -0.000916 36.701210 0.001151 0.000104 24.443016 2.942891 -3.977492 4.762125 169.158279 125.296417 103.271965 87.614624 -170.139069 171.699905 167.019974 -170.244354 -160.793991 117.625816 126.076332 159.448792 0.000032 0.000336 -4.250359 0.000035 0.000223 -2.830742 0.000000 -0.000000 0.000000 165.000092 -179.998810 128.463654 179.999283 -179.999329 137.833908 179.999329 -179.999985 150.483734 0.000000 -0.000000 0.000000 0.000003 0.000017 -56.234268 0.000012 0.000014 -56.234299 0.000010 -0.000008 -37.452057 0.000000 -0.000000 0.000000 10.000051 0.000168 -48.089798 0.000152 0.000079 -48.089783 0.000109 -0.000040 -32.027794 0.000000 -0.000000 0.000000 20.000051 0.000118 -30.193329 0.000154 0.000120 -45.289986 0.000130 -0.000018 -30.163137
60.588753 95.676193 727.948486 178.800430 176.546280 -178.932541 175.921982 159.899445 -178.808441 171.487183 159.568085 169.678009 6.799056 29.824495 5.016880 179.599579 -140.973755 179.371399 3.537351 33.135593 -1.154206 174.716202 -159.348267 179.706451 1.790418 2.587443 -0.728055 1.790001 2.554990 -1.268041 8.463328 2.170783 -1.251139 0.000962 -1.497426 0.663615 0.001093 -1.747015 0.687387 179.145142 -178.717499 -179.576126 6.889876 -3.491613 0.574743 16.840658 0.903116 65.259773 112.195473 2.326305 10.417434 24.906464 -0.021867 -34.870182 54.940155 56.541206 27.773067 0.001394 -0.001813 11.454065 0.001154 -0.000992 7.628406 0.000003 0.000003 0.000000 15.000282 -0.000153 48.937836 0.000238 0.000088 40.040039 0.000089 0.000161 28.028023 0.000003 0.000003 0.000000 179.999435 179.999756 -129.749893 179.999451 -179.999710 -129.749908 179.999924 -179.999588 -146.533463 0.000003 0.000003 0.000000 170.000046 -179.999985 -127.245537 0.000050 0.000036 52.754425 0.000003 0.000042 35.134464 0.000003 0.000003 0.000000 160.000809 -179.999741 -155.075668 0.001281 0.000172 37.386494 0.000601 0.000602 24.899412 3.187438 -4.023504 5.013881 168.925034 124.789085 103.911194 86.642319 -169.747223 171.978851 166.890839 -170.585022 -161.409210 117.521011 125.793236 159.538849 0.000011 0.000252 -4.100111 0.000034 0.000163 -2.730675 180.000000 180.000000 -180.000000 165.000076 -179.999542 127.807510 179.999725 -179.999725 137.297043 179.999725 -179.999985 150.107925 180.000000 180.000000 -180.000000 180.000000 179.999603 123.731239 0.000327 0.000210 -56.268745 0.000237 -0.000104 -37.475014 180.000000 180.000000 -180.000000 10.000054 0.000490 -48.047043 0.000414 0.000278 -48.047081 0.000318 -0.000069 -31.999353 180.000000 180.000000 -180.000000 20.000116 0.000544 -30.185799 0.000585 0.000610 -45.278728 0.000563 0.000019 -30.155630
61.175591 95.583786 732.215271 178.956772 177.310684 -179.316864 173.819977 159.844055 -179.941284 175.165100 155.585922 169.789948 4.239105 30.485901 4.833316 174.738861 -143.927460 -177.500412 8.019659 27.803532 -0.340565 174.069824 -158.745300 179.177551 1.799988 2.841608 -0.709251 1.799547 2.804167 -1.242191 8.520912 2.342667 -1.180126 0.000878 -1.619060 0.701166 0.000996 -1.888919 0.726273 179.017441 -178.614273 -179.548386 7.050184 -4.172960 0.817475 15.795454 2.224610 64.110466 113.208054 1.427734 11.386365 24.743412 1.212668 -35.095898 54.821053 57.063862 29.886415 179.999893 179.999863 -167.506393 179.999908 179.999939 -171.679260 0.000000 -0.000000 0.000000 14.999060 -0.000110 49.211479 179.999573 -179.999359 -139.736053 0.000053 -0.000538 28.184765 0.000000 -0.000000 0.000000 179.998932 -179.999878 -129.990967 179.999405 -179.999130 -129.990982 0.000187 -0.000687 33.306015 0.000000 -0.000000 0.000000 169.999039 -179.999908 -127.160049 179.999481 -179.999176 -127.160011 0.000230 -0.000607 35.191422 0.000000 -0.000000 0.000000 159.998871 -179.999893 -154.662216 179.998535 -179.999130 -141.993332 179.999588 -179.998947 -154.687561 3.113704 -3.925524 5.178852 168.761398 124.668518 104.220230 85.519150 -169.492188 172.351715 166.967636 -170.814285 -161.754364 117.408737 125.520462 159.625626 179.999985 179.999756 176.050156 180.000000 179.999847 177.369415 0.000000 -0.000000 0.000000 164.999985 179.999847 127.458679 0.000086 0.000089 -42.988350 0.000088 0.000002 -30.091839 0.000000 -0.000000 0.000000 0.000011 0.000416 -56.046608 0.000352 0.000230 -56.046581 0.000257 -0.000108 -37.327030 0.000000 -0.000000 0.000000 10.000051 0.000420 -47.753868 0.000349 0.000246 -47.753880 0.000275 -0.000060 -31.804083 0.000000 -0.000000 0.000000 20.000107 0.000489 -29.861298 0.000513 0.000551 -44.791962 0.000501 0.000024 -29.831442
61.775261 95.364075 736.524353 179.067139 178.314178 -179.716354 172.283112 160.062576 179.331421 177.362915 150.765167 169.809570 2.054555 30.402872 3.874330 168.909164 -147.494720 -174.287430 13.229026 23.296413 -0.130657 174.126663 -158.384308 178.941788 1.828866 3.189728 -0.697459 1.828442 3.145890 -1.230931 8.672273 2.586315 -1.108631 0.000490 -1.750986 0.758549 0.000554 -2.042814 0.785708 178.763397 -178.503448 -179.504013 6.686429 -4.343872 1.340746 14.637454 2.946985 63.000496 114.062920 0.695674 12.641490 24.020498 2.414315 -35.405910 53.141724 56.737022 26.889244 0.000946 0.001287 11.920153 0.000425 0.000976 7.938823 0.000000 -0.000000 0.000000 14.999898 -0.000052 48.606159 179.999985 -179.999908 -140.231293 0.000028 -0.000056 27.838085 0.000000 -0.000000 0.000000 179.999588 -179.999802 -130.554184 179.999893 -179.999557 -130.554184 0.000179 -0.000249 32.930931 0.000000 -0.000000 0.000000 169.999786 -179.999893 -127.656013 179.999954 -179.999756 -127.656029 0.000103 -0.000129 34.861099 0.000000 -0.000000 0.000000 160.000107 179.999939 -155.248062 0.000117 0.000144 37.127930 0.000003 0.000125 24.727194 2.775805 -3.803316 5.408228 168.551620 124.885757 104.257095 84.543434 -169.442856 172.730667 167.186249 -170.937744 -162.000305 117.737816 125.304558 160.566299 0.000063 0.000161 -3.625646 0.000042 0.000105 -2.414682 0.000000 -0.000000 0.000000 164.999969 179.999802 127.598480 0.000109 0.000124 -42.873970 0.000112 0.000016 -30.011776 0.000000 -0.000000 0.000000 179.999985 179.999878 124.380394 0.000093 0.000080 -55.619640 0.000078 -0.000024 -37.042660 0.000000 -0.000000 0.000000 9.999990 0.000126 -47.325600 0.000093 0.000093 -47.325619 0.000087 -0.000004 -31.518854 0.000000 -0.000000 0.000000 19.999990 0.000188 -29.368977 0.000139 0.000244 -44.053505 0.000177 0.000055 -29.339596
62.357449 95.139832 740.981079 179.153442 179.597290 179.837463 170.698761 160.265533 178.942642 178.835999 145.417160 169.540359 0.061883 29.923557 2.326967 162.190872 -152.642410 -171.309998 19.297104 18.184357 -0.659902 174.853607 -158.182968 178.948166 1.865774 3.619276 -0.636779 1.865225 3.566454 -1.141469 8.847524 2.864446 -0.923955 179.998138 -178.193527 -179.227768 179.997894 -177.892471 -179.200378 178.537781 -178.460892 -179.497696 6.127586 -4.168361 1.878225 13.291557 3.238659 61.726776 115.612129 0.377619 14.021093 22.739044 2.889163 -36.046124 51.433899 57.005871 31.272232 179.977448 179.952972 -165.044846 179.976913 179.974045 -170.039856 180.000000 179.999985 -179.999985 14.992441 -0.009931 48.395226 0.001937 -0.010036 39.596085 0.005511 -0.004567 27.717258 180.000000 179.999985 -179.999985 179.997849 -179.997299 -131.117996 0.000624 -0.003393 48.882008 0.001975 -0.001181 32.555447 180.000000 179.999985 -179.999985 169.993744 -179.992035 -127.955223 0.002393 -0.009829 52.044773 0.006139 -0.002796 34.661808 180.000000 179.999985 -179.999985 159.980103 -179.973846 -154.918167 179.989014 -179.951981 -142.377213 0.013356 -0.029989 25.056744 2.405349 -3.596828 5.454707 168.331039 125.082993 104.217308 83.562355 -169.424149 173.120514 167.334137 -170.889023 -161.872238 117.373413 124.967056 160.991257 0.000605 0.002482 -3.155314 0.000489 0.001635 -2.101440 0.000000 -0.000000 0.000000 164.998352 179.976044 127.248756 0.014518 0.013216 -43.160137 0.013746 0.000007 -30.212074 0.000000 -0.000000 0.000000 0.000033 0.003477 -55.420773 0.002886 0.001956 -55.420811 0.002162 -0.000834 -36.910210 0.000000 -0.000000 0.000000 10.000139 0.002300 -47.049717 0.001759 0.001473 -47.049702 0.001522 -0.000190 -31.335098 0.000000 -0.000000 0.000000 20.000414 0.004237 -28.978983 0.003605 0.005284 -43.468487 0.004161 0.000921 -28.950016
62.916775 94.609871 745.240662 179.177124 -179.166168 179.514725 170.699036 161.160263 179.011795 176.666000 138.869415 168.335754 179.065292 151.935837 -179.000092 158.425919 -155.778366 -169.684586 22.665588 16.958303 -1.468132 175.836670 -157.760956 179.185684 1.926204 4.178070 -0.629161 1.925565 4.115492 -1.144545 9.160848 3.264158 -0.820860 179.999969 -177.796524 -179.264404 179.999695 -177.429337 -179.237656 177.689346 -178.121674 -179.466400 5.031203 -3.521387 2.273648 12.073514 2.991819 61.415169 114.610947 1.201869 15.680251 22.332113 3.440154 -36.525940 46.428974 55.644665 28.727123 179.976395 179.953583 -163.570328 179.975754 179.975204 -169.057846 0.000000 -0.000000 0.000000 15.006510 0.014935 47.704945 179.994507 179.987854 -140.968597 179.991638 179.995850 -152.678055 0.000000 -0.000000 0.000000 0.009373 0.020978 48.407768 179.990387 179.979111 -131.592224 179.985336 179.995636 -147.760376 0.000000 -0.000000 0.000000 170.003464 179.992157 -128.435242 179.995987 179.992432 -128.435226 179.994385 179.998978 -145.657867 0.000000 -0.000000 0.000000 159.997360 -179.993668 -155.951508 0.000208 -0.010293 36.072693 0.004134 -0.005471 24.024427 1.582022 -3.724115 5.572880 168.339294 126.165817 104.066544 82.887146 -169.964661 173.270004 167.712006 -170.426437 -161.419403 115.090614 124.753258 160.672714 0.001395 -0.001803 -2.015933 0.000872 -0.001247 -1.342607 0.000003 0.000003 0.000000 165.000183 179.997360 129.584076 0.001769 0.001272 -41.249363 0.001516 -0.000146 -28.874563 0.000003 0.000003 0.000000 0.000428 0.002837 -55.200287 0.002574 0.001276 -55.200291 0.001681 -0.000906 -36.763428 0.000003 0.000003 0.000000 10.000275 0.001407 -46.881523 0.001216 0.000762 -46.881557 0.000925 -0.000245 -31.223106 0.000003 0.000003 0.000000 20.000601 0.002555 -28.666420 0.002630 0.002926 -42.999660 0.002609 0.000239 -28.637764
63.523335 93.927887 749.319153 179.306885 -178.278336 179.248566 171.220490 162.338257 179.287506 174.585724 134.095413 167.619202 177.247452 151.882156 179.563553 156.376923 -157.188751 -169.130432 24.623562 17.465790 -1.627524 176.378769 -156.306793 179.675476 1.957999 4.683619 -0.644106 1.957445 4.612324 -1.182505 9.340762 3.631089 -0.781867 0.001892 -2.747974 0.677695 0.001712 -3.205947 0.702803 176.824799 -177.656784 -179.434738 3.956517 -2.738241 2.529973 11.077868 2.722921 61.645962 113.846756 1.588854 17.097527 21.359798 3.496535 -36.917374 42.892159 54.388508 27.575933 179.978302 179.960342 -162.200928 179.977875 179.979599 -168.145813 0.000000 -0.000000 0.000000 15.013466 0.042043 47.622353 179.981720 179.968842 -141.036255 179.976257 179.991272 -152.725372 0.000000 -0.000000 0.000000 0.013683 0.040868 48.554447 179.978027 179.962921 -131.445557 179.971756 179.994888 -147.662750 0.000000 -0.000000 0.000000 170.009293 179.972137 -128.562500 179.983826 179.975494 -128.562500 179.980515 179.998383 -145.742630 0.000000 -0.000000 0.000000 160.000000 -179.999893 -156.172409 0.000018 -0.000178 35.741402 0.000082 -0.000073 23.803770 0.789843 -4.029863 5.705608 168.330002 127.705605 103.922462 82.883156 -170.621246 173.371658 167.982147 -170.000351 -161.039780 120.461372 124.857071 161.652359 0.012773 0.032261 -4.509225 0.009937 0.020871 -3.003148 0.000000 -0.000003 0.000000 165.003616 179.971603 128.724487 0.019734 0.012606 -41.952656 0.016216 -0.002462 -29.366852 0.000000 -0.000003 0.000000 0.000631 0.002824 -55.027870 0.002672 0.001110 -55.027870 0.001629 -0.001029 -36.648525 0.000000 -0.000003 0.000000 10.000449 0.001629 -46.805092 0.001481 0.000801 -46.805042 0.001063 -0.000363 -31.172167 0.000000 -0.000003 0.000000 20.000912 0.002965 -28.528591 0.003327 0.003257 -42.792877 0.003095 0.000097 -28.500065
64.193008 93.094543 753.157837 179.460098 -177.907364 179.030273 172.281326 164.035980 179.793762 169.847839 128.686996 164.810013 176.402313 152.799957 178.726578 155.984161 -156.471725 -169.384995 25.330370 19.459867 -0.647557 176.233612 -155.735260 179.814667 1.954947 5.052021 -0.684664 1.954590 4.974753 -1.258554 9.354002 3.908722 -0.828447 0.003006 -3.402154 0.613452 0.002912 -3.969258 0.636298 176.052567 -177.098557 -179.397018 3.066323 -2.070339 2.734077 10.317519 3.084196 62.379543 112.202271 2.609979 18.334549 21.076597 3.248003 -37.311771 40.182674 53.030415 27.063683 179.983734 179.969467 -160.926437 179.982925 179.984528 -167.296997 0.000000 -0.000000 0.000000 15.013350 0.049584 48.284599 179.976593 179.965118 -140.494431 179.971756 179.991821 -152.346115 0.000000 -0.000000 0.000000 0.012062 0.041538 49.284706 179.976013 179.963989 -130.715317 179.971390 179.996719 -147.176392 0.000000 -0.000000 0.000000 170.010910 179.962814 -128.180939 179.977219 179.968658 -128.180939 179.974197 179.999222 -145.488541 0.000000 -0.000000 0.000000 160.002731 179.990601 -156.298859 179.998032 179.985458 -144.448303 179.993286 179.992905 -156.322586 0.120547 -4.476170 5.870501 168.284897 129.617340 103.805435 83.138794 -171.352890 173.479172 167.742844 -169.777191 -160.702866 115.668625 124.269722 159.687042 179.998947 -179.995728 177.247498 179.999176 -179.997192 178.166824 0.000000 -0.000000 0.000000 165.001968 179.992645 130.825134 0.005580 0.002749 -40.233971 0.004237 -0.001053 -28.163792 0.000000 -0.000000 0.000000 0.000267 0.000731 -54.819103 0.000761 0.000198 -54.819099 0.000399 -0.000332 -36.509510 0.000000 -0.000000 0.000000 9.999976 -0.000071 -46.663349 179.999939 -179.999985 133.336685 179.999969 179.999985 148.922226 0.000000 -0.000000 0.000000 20.001244 0.002687 -28.393181 0.003561 0.002676 -42.589760 0.002952 -0.000286 -28.364786
64.914139 91.840347 756.737305 179.613586 -178.031860 178.860626 173.517883 166.535507 -179.592987 163.449921 123.525108 160.198898 175.942719 153.724930 178.286835 155.917297 -154.100220 -170.122910 25.688881 22.397430 1.410349 176.109177 -156.495636 -179.922256 1.876301 5.297157 -0.754079 1.875796 5.215944 -1.375046 9.011166 4.101865 -0.981183 0.001620 -4.207117 0.557573 0.001870 -4.908387 0.577579 175.743149 -176.413361 -179.379333 2.802691 -1.728153 3.018821 9.915524 2.923020 62.810261 108.835403 2.985095 19.355003 20.873194 3.157205 -37.414551 38.288063 51.738846 27.194384 179.991348 179.981216 -159.745468 179.990189 179.990341 -166.510483 180.000000 180.000000 -180.000000 15.008657 0.032643 49.340553 179.984207 179.977356 -139.630493 179.981277 179.995193 -151.741318 180.000000 180.000000 -180.000000 0.009070 0.030948 50.123951 179.981873 179.973358 -129.876083 179.978622 179.998032 -146.617462 180.000000 180.000000 -180.000000 170.008865 179.970551 -127.451492 179.981842 179.975204 -127.451523 179.979523 179.999695 -145.002686 180.000000 180.000000 -180.000000 160.004150 179.986252 -156.193024 179.997269 179.978653 -144.289551 179.990189 179.989578 -156.216843 179.764496 -175.059723 -173.893066 168.325577 131.945709 103.713791 83.573563 -172.130554 173.599548 167.959625 -169.638870 -160.433746 114.652756 124.081284 158.506317 179.999634 -179.991379 177.250549 179.999451 -179.994263 178.168869 0.000000 -0.000000 0.000000 165.000931 179.996857 131.415176 0.002419 0.001143 -39.751247 0.001813 -0.000455 -27.825848 0.000000 -0.000000 0.000000 179.999481 -179.998657 125.309067 179.998611 -179.999649 125.309113 179.999283 179.999374 143.575836 0.000000 -0.000000 0.000000 9.999465 -0.001226 -46.618896 179.998734 -179.999557 133.381119 179.999207 179.999588 148.951843 0.000000 -0.000000 0.000000 20.001314 0.002728 -28.242851 0.003668 0.002685 -42.364288 0.003013 -0.000318 -28.214617
65.829102 91.211304 760.246277 179.686890 -178.706253 178.749313 174.468384 169.117249 -178.830124 156.492249 119.656319 154.346375 175.493301 154.644958 178.021271 156.557312 -151.692764 -171.587326 26.529509 24.272770 4.349061 175.216736 -160.128174 179.542084 1.732286 5.249923 -0.817061 1.731630 5.169079 -1.469133 8.343038 4.071104 -1.170582 0.002030 -4.813020 0.555749 0.002895 -5.615130 0.575074 176.165756 -175.893143 -179.383896 2.663491 -1.154421 3.281791 10.163383 3.759811 63.471382 104.789810 3.291266 19.934523 21.193922 3.826014 -37.187592 37.338245 50.516163 27.707863 179.997635 179.990051 -158.825943 179.996094 179.994400 -165.898087 0.000000 -0.000000 0.000000 15.006701 0.023193 50.017776 179.988892 179.983673 -139.076370 179.986633 179.996506 -151.353470 0.000000 -0.000000 0.000000 0.007835 0.024223 50.738136 179.986069 179.978699 -129.261932 179.983139 179.998276 -146.208420 0.000000 -0.000000 0.000000 170.009155 179.972595 -126.920776 179.983444 179.976349 -126.920799 179.980789 179.999466 -144.649246 0.000000 -0.000000 0.000000 160.006805 179.979752 -156.037262 179.996780 179.968155 -144.055862 179.985718 179.984177 -156.061172 179.491058 -175.190628 -173.680862 168.829590 134.749130 103.661873 84.076309 -172.967743 173.694229 168.239532 -169.604080 -160.215805 114.636375 124.297890 157.523376 0.000745 -0.008030 -3.265563 0.000174 -0.005364 -2.174865 0.000003 -0.000003 -0.000007 165.000992 179.995911 131.563110 0.003039 0.001621 -39.630169 0.002366 -0.000485 -27.741112 0.000003 -0.000003 -0.000007 179.998688 -179.996185 125.326721 179.996140 -179.998886 125.326706 179.997894 179.998322 143.587585 0.000003 -0.000003 -0.000007 10.003559 0.009156 -47.100399 0.009107 0.003701 -47.100388 0.005950 -0.002731 -31.368862 0.000003 -0.000003 -0.000007 20.001078 0.002526 -28.073835 0.003224 0.002586 -42.110825 0.002744 -0.000149 -28.045776
66.630829 90.628685 763.882568 179.808304 179.874924 178.678894 175.176208 172.628967 -177.982925 145.478607 116.616653 144.153336 176.525421 156.426239 178.102386 158.832581 -149.300461 -174.175034 23.347832 26.350771 6.037485 177.024658 -166.263260 179.969009 1.513078 4.859057 -0.867753 1.512503 4.783857 -1.531395 7.312423 3.776453 -1.381623 0.002531 -5.370799 0.589715 0.003947 -6.265698 0.609822 177.136536 -175.406967 -179.420792 3.098238 -0.636004 3.321051 10.623112 4.965423 64.194763 101.184906 3.421743 19.884394 20.494526 4.534469 -36.632622 42.117249 52.149567 24.455046 179.621643 179.649292 -162.857452 179.677765 179.877533 -168.582520 0.000000 -0.000000 0.000000 15.008214 0.027668 50.393269 179.986710 179.980469 -138.769150 179.983978 179.995941 -151.138382 0.000000 -0.000000 0.000000 0.008042 0.024086 51.189274 179.986160 179.978729 -128.810745 179.983170 179.998413 -145.907944 0.000000 -0.000000 0.000000 170.009552 179.972290 -126.416924 179.983185 179.975983 -126.416939 179.980484 179.999619 -144.313705 0.000000 -0.000000 0.000000 160.007431 179.978592 -155.676773 179.996674 179.966156 -143.515152 179.984711 179.983292 -155.701080 179.130951 -175.682037 -173.541809 169.770828 137.750000 103.760918 84.527718 -173.637741 173.840591 168.554169 -169.605316 -159.984360 115.439720 124.869194 156.861328 179.999969 -179.998444 175.864777 179.999893 -179.998962 177.245941 0.000000 -0.000000 0.000000 165.000259 179.998550 131.912842 0.001027 0.000628 -39.344048 0.000832 -0.000102 -27.540840 0.000000 -0.000000 0.000000 179.999741 -179.999008 124.987434 179.999054 -179.999664 124.987450 179.999466 179.999603 143.361633 0.000000 -0.000000 0.000000 9.998070 -0.006129 -45.976418 179.994247 -179.997162 134.023590 179.995987 179.998550 149.379715 0.000000 -0.000000 0.000000 20.000969 0.002779 -27.926264 0.003236 0.003001 -41.889381 0.002944 0.000056 -27.898354
67.374161 90.004440 767.524658 179.826416 179.049179 179.148041 175.647644 175.491760 -178.482178 130.640671 114.223946 129.904327 178.934692 159.958023 178.500381 159.412247 -147.867569 -175.746002 21.553782 29.963692 6.058612 178.797882 -167.883041 -178.468369 1.300126 4.624834 -0.958780 1.299863 4.552716 -1.667712 6.332286 3.603060 -1.665675 0.000249 -5.882064 0.604042 0.001430 -6.862305 0.624472 177.869492 -174.958099 -179.448898 3.334884 -0.130475 3.099566 11.428493 6.388714 65.078766 96.834938 3.568527 19.369358 20.007044 5.638986 -35.754749 33.930363 47.456451 38.380264 179.901520 179.911469 -151.395859 179.913666 179.981796 -160.949600 0.000000 -0.000003 0.000000 15.009636 0.038696 50.837090 179.980179 179.974091 -138.406036 179.977554 179.995804 -150.884216 0.000000 -0.000003 0.000000 0.010160 0.036503 51.541290 179.977432 179.969574 -128.458725 179.974777 179.999374 -145.673492 0.000000 -0.000003 0.000000 170.007568 179.973801 -125.822670 179.983032 179.978653 -125.822617 179.981857 -179.999054 -143.917877 0.000000 -0.000003 0.000000 160.003250 179.988892 -155.107910 179.997314 179.982849 -142.661865 179.991638 179.992035 -155.132797 178.498123 -176.266327 -173.960907 171.112488 140.711044 104.344002 84.466202 -174.295364 173.961975 169.284714 -169.385590 -159.631363 116.028740 125.333755 156.905853 0.001176 0.005544 -4.515303 0.001066 0.003622 -3.007185 180.000000 -179.999985 180.000000 165.001144 179.990891 131.755066 0.006147 0.004295 -39.473122 0.005237 -0.000379 -27.631186 180.000000 -179.999985 180.000000 0.002005 0.009768 -55.427155 0.009146 0.003952 -55.427158 0.005647 -0.003494 -36.914478 180.000000 -179.999985 180.000000 10.004661 0.018747 -47.185307 0.016801 0.009544 -47.185314 0.012313 -0.003738 -31.425417 180.000000 -179.999985 180.000000 20.001450 0.004923 -27.817751 0.005344 0.005549 -41.726616 0.005113 0.000424 -27.789946
68.069496 89.747711 771.363403 179.733688 179.404617 -179.693497 176.055069 177.620544 -179.855347 117.484924 113.468803 116.668976 1.114654 17.267492 -1.328311 161.439651 -148.499130 -176.817429 17.467674 34.476971 2.261408 1.201770 -11.391585 3.314634 1.130181 4.834739 -1.137249 1.128559 4.758304 -1.961456 5.552567 3.757398 -2.108257 179.998016 -173.716492 -179.441391 179.998337 -172.669189 -179.422165 178.673843 -174.601837 -179.529984 3.795340 -0.028433 2.552870 11.959115 7.575272 66.300690 91.136719 3.461668 18.566008 19.847897 6.879856 -34.662369 27.943773 44.071480 39.711445 179.988373 179.988144 -147.698105 179.989243 179.997498 -158.486938 0.000000 0.000000 -0.000003 15.008197 0.048915 51.601917 179.972427 179.970230 -137.780258 179.971680 179.997803 -150.446182 0.000000 0.000000 -0.000003 0.005448 0.029565 52.456341 179.979691 179.977814 -127.543701 179.980057 -179.998123 -145.064102 0.000000 0.000000 -0.000003 170.004700 179.974945 -125.210983 179.982117 179.981842 -125.210983 179.983276 -179.997116 -143.510513 0.000000 0.000000 -0.000003 159.997772 -179.988113 -154.584274 0.004549 -0.017557 38.123550 0.009574 -0.007366 25.390305 177.558578 -176.726791 -174.868561 172.535828 143.868271 105.339592 85.880577 -174.239441 174.037735 168.698578 -169.867584 -159.491852 116.141548 125.481163 157.742935 0.002853 0.008350 -4.179895 0.002290 0.005426 -2.783808 0.000000 -0.000000 0.000003 165.002121 179.981140 132.061081 0.012510 0.009192 -39.222736 0.010859 -0.000462 -27.455915 0.000000 -0.000000 0.000003 0.004720 0.025610 -55.255718 0.023533 0.011153 -55.255714 0.015155 -0.008426 -36.800312 0.000000 -0.000000 0.000003 10.005478 0.024157 -46.129097 0.020991 0.013147 -46.129066 0.016060 -0.003787 -30.721962 0.000000 -0.000000 0.000003 20.002754 0.010360 -27.656706 0.010780 0.011938 -41.485069 0.010630 0.001305 -27.629055
68.685257 89.786240 775.361633 179.842041 179.358856 -178.344894 176.544388 -179.214081 178.927277 104.025032 114.116997 102.955406 3.559706 14.356100 -1.407212 163.752350 -150.747543 -179.048416 12.927016 36.215961 -1.089419 3.482196 -11.881829 4.403233 0.994170 4.952594 -1.356503 0.992703 4.872966 -2.319474 4.956278 3.848294 -2.623602 179.997498 -173.301361 -179.483322 179.997162 -172.184937 -179.465164 178.476837 -174.246597 -179.512848 2.803986 0.216180 2.326505 13.696655 8.392514 67.622047 84.804985 3.407809 17.308344 19.761356 7.731359 -33.774723 22.201910 41.322121 36.601582 0.027518 -0.031892 33.325748 0.026892 -0.007984 22.194941 0.000007 -0.000000 0.000000 14.996210 -0.044471 53.931229 0.027288 -0.024282 44.125568 0.025555 0.000844 30.887884 0.000007 -0.000000 0.000000 179.999741 -179.996536 -126.412270 0.002627 -0.002268 53.587711 0.002259 0.000521 35.689434 0.000007 -0.000000 0.000000 169.999222 -179.988510 -124.151176 0.009048 -0.007134 55.848774 0.007331 0.002286 37.195301 0.000007 -0.000000 0.000000 159.998230 -179.971558 -154.686691 0.015394 -0.039887 37.969955 0.024268 -0.014922 25.287994 176.018845 -177.140015 -175.932480 173.966278 147.725311 106.674355 86.358215 -174.662918 174.131439 169.164307 -169.719391 -159.127472 115.367210 125.318344 158.116180 0.002165 0.005364 -3.529912 0.001654 0.003484 -2.350923 180.000000 179.999985 -179.999985 165.003006 179.978577 133.231323 0.014320 0.010415 -38.265244 0.012391 -0.000360 -26.785671 180.000000 179.999985 -179.999985 0.006566 0.032156 -53.746155 0.029505 0.014377 -53.746170 0.019525 -0.009837 -35.794937 180.000000 179.999985 -179.999985 10.005755 0.023554 -44.530952 0.020411 0.013088 -44.530956 0.015845 -0.003114 -29.657618 180.000000 179.999985 -179.999985 20.003536 0.012788 -27.039867 0.013307 0.014798 -40.559868 0.013128 0.001861 -27.012877
69.030945 89.448273 779.267761 0.376655 1.037764 3.002469 176.992462 -175.593613 177.946350 92.740646 116.351181 91.434898 6.557152 11.339705 -1.711091 167.433777 -151.758179 178.584625 6.099568 39.263359 -5.060037 5.576717 -15.332673 5.672645 0.814464 5.015461 -1.562180 0.814189 4.932478 -2.651272 4.177173 3.867843 -3.123790 179.998581 -172.892960 -179.513397 179.998306 -171.708496 -179.496140 178.052124 -173.899017 -179.473419 2.009800 0.383822 1.994859 13.271231 8.682506 68.463493 78.756538 3.153381 17.494289 19.940933 7.804819 -33.123936 19.541758 39.476559 31.577986 0.020059 -0.024775 32.006176 0.019993 -0.007125 21.316124 0.000003 -0.000000 0.000000 15.000779 -0.032535 52.490040 0.021330 -0.015943 42.946350 0.018547 0.001858 30.062466 0.000003 -0.000000 0.000000 0.001343 -0.025939 53.761124 0.021589 -0.014436 53.761169 0.016304 0.005776 35.804916 0.000003 -0.000000 0.000000 170.002609 -179.960327 -124.141624 0.034003 -0.020600 55.858368 0.024193 0.010761 37.201672 0.000003 -0.000000 0.000000 160.002869 -179.964020 -155.423019 0.025604 -0.047710 36.865475 0.032465 -0.015701 24.552402 174.376938 -177.442123 -177.038025 175.045898 152.034973 108.250885 86.662598 -175.057129 174.394791 169.722977 -169.614944 -158.794662 113.711426 125.149445 156.711212 0.005164 0.009280 -3.270791 0.003759 0.005994 -2.178352 0.000000 -0.000000 0.000000 165.003799 179.980011 134.703461 0.013680 0.009487 -37.060837 0.011649 -0.000373 -25.942583 0.000000 -0.000000 0.000000 0.013174 0.054785 -52.113625 0.050445 0.025125 -52.113605 0.034337 -0.015203 -34.707672 0.000000 -0.000000 0.000000 10.004838 0.016836 -42.796715 0.014887 0.009237 -42.796703 0.011476 -0.002110 -28.502607 0.000000 -0.000000 0.000000 20.003235 0.010307 -26.124985 0.011070 0.011857 -39.187481 0.010684 0.001554 -26.098856
69.328812 89.267853 783.043579 1.195805 1.182947 4.136292 177.462952 -172.270477 177.445618 85.091904 118.330940 83.682434 8.648673 8.690366 -2.169720 170.197067 -153.292709 176.803528 3.042023 41.545429 -6.947317 4.179839 -20.455627 6.479720 0.621212 5.224507 -1.736299 0.621644 5.135733 -2.932082 3.358314 3.967603 -3.555230 179.999924 -172.548721 -179.526093 0.000046 -8.693118 0.490755 177.379654 -173.608109 -179.397522 1.141768 0.497477 1.816173 11.787078 9.046550 69.115814 73.266502 2.954485 18.309752 20.402512 7.198631 -32.818150 18.997442 38.208469 28.213413 0.015738 -0.021983 30.678385 0.016403 -0.007436 20.431803 0.000000 -0.000000 0.000000 15.001185 -0.009772 51.029118 0.006812 -0.004290 41.751110 0.005567 0.000913 29.225796 0.000000 -0.000000 0.000000 0.008804 -0.055110 53.210880 0.048788 -0.027130 53.210884 0.034245 0.014528 35.438450 0.000000 -0.000000 0.000000 170.004654 -179.975815 -125.762894 0.022242 -0.010600 54.237122 0.014459 0.007757 36.121929 0.000000 -0.000000 0.000000 160.004562 -179.978531 -156.899551 0.018608 -0.027151 34.650677 0.020385 -0.008076 23.077362 172.862366 -177.607788 -177.994614 175.140045 158.485184 110.451576 88.548058 -174.930725 174.504715 170.395905 -169.684906 -158.498550 111.001503 124.553734 154.577591 0.007923 0.011207 -2.707966 0.005559 0.007238 -1.803506 0.000000 -0.000000 0.000000 165.004227 179.982941 136.190918 0.012077 0.007815 -35.843792 0.010061 -0.000427 -25.090656 0.000000 -0.000000 0.000000 0.005485 0.017785 -47.432674 0.016711 0.008203 -47.432674 0.011600 -0.004378 -31.590181 0.000000 -0.000000 0.000000 10.002673 0.007863 -41.404648 0.007187 0.004158 -41.404636 0.005432 -0.001062 -27.575476 0.000000 -0.000000 0.000000 20.002497 0.006941 -25.317307 0.007783 0.007850 -37.975937 0.007295 0.000979 -25.291994
69.509384 89.282982 786.820801 2.348904 1.837292 4.649007 177.878006 -168.276382 178.160126 79.876274 121.068817 78.766838 10.910333 6.429039 -2.870700 173.738998 -155.170563 174.577133 0.548693 42.356182 -6.498362 2.398870 -21.994513 6.376159 0.394638 5.243104 -1.816495 0.394498 5.151340 -3.052836 2.328948 3.892567 -3.805980 0.000331 -7.702823 0.499973 0.000721 -8.986508 0.517679 176.953476 -173.397263 -179.321182 0.536840 0.453865 1.850852 9.288111 9.845430 69.424431 68.799927 2.560076 19.943333 20.874760 6.265304 -32.893265 19.573851 37.739742 25.336733 0.011729 -0.020540 29.116079 0.013367 -0.008349 19.391306 0.000000 -0.000000 0.000000 14.997948 0.010101 50.293285 179.992554 179.996063 -138.850983 179.994263 -179.998642 -151.195694 0.000000 -0.000000 0.000000 179.995331 179.983231 -130.402115 179.984131 179.992828 -130.402100 179.989548 -179.994965 -146.967804 0.000000 -0.000000 0.000000 170.001633 -179.994736 -127.182709 0.005181 -0.001894 52.817280 0.003099 0.001977 35.176292 0.000000 -0.000000 0.000000 160.001816 -179.994659 -158.150330 0.005487 -0.006434 32.774506 0.005388 -0.001648 21.827808 171.557220 -177.901596 -178.489960 174.778687 165.554138 112.522621 90.655594 -175.037674 174.558044 170.963608 -170.144211 -158.353149 107.730179 123.424385 152.564514 0.003069 0.004217 -1.697999 0.002114 0.002753 -1.130869 0.000003 -0.000003 -0.000000 165.002197 179.992554 137.770264 0.005410 0.003328 -34.551571 0.004439 -0.000216 -24.186102 0.000003 -0.000003 -0.000000 0.001984 0.005603 -45.742439 0.005384 0.002516 -45.742447 0.003707 -0.001390 -30.464447 0.000003 -0.000003 -0.000000 10.001388 0.003642 -40.680794 0.003412 0.001869 -40.680779 0.002537 -0.000537 -27.093393 0.000003 -0.000003 -0.000000 20.001852 0.004722 -24.709835 0.005469 0.005295 -37.064770 0.005026 0.000645 -24.685135
69.531265 89.250107 790.443298 3.730879 3.096464 4.459673 178.187912 -163.857925 179.485687 76.474953 123.460617 76.236191 13.040780 4.366112 -3.653602 176.076584 -156.416443 172.534622 0.055867 42.268570 -3.781855 0.371100 -23.737120 6.343892 0.130912 4.959793 -1.760870 0.130407 4.868556 -2.942047 1.053540 3.573278 -3.773663 0.000164 -7.891567 0.560052 0.000395 -9.206735 0.579952 176.718124 -173.241577 -179.246887 179.867996 179.515549 -177.915787 6.476210 11.287147 69.175018 65.704842 1.991481 22.115940 20.655285 4.380395 -33.675587 22.134588 38.220230 22.499500 0.002033 -0.009130 26.774752 0.003886 -0.004875 17.831984 0.000000 -0.000000 0.000000 14.997342 0.011196 50.909561 179.991486 179.995987 -138.346725 179.993698 -179.998093 -150.842697 0.000000 -0.000000 0.000000 179.994247 179.982635 -129.357346 179.982849 179.993713 -129.357346 179.989594 -179.993698 -146.272003 0.000000 -0.000000 0.000000 169.999741 179.999298 -127.611031 179.999298 179.999786 -127.611023 179.999588 -179.999725 -145.108963 0.000000 -0.000000 0.000000 159.999542 179.998871 -158.591431 179.998734 179.998672 -147.887100 179.998810 179.999710 -158.612839 170.555359 -178.509415 -178.574722 174.255203 172.884308 114.272041 91.727173 -175.977112 174.566238 172.382874 -170.390182 -158.286636 105.838280 122.559044 150.309250 0.031178 0.037717 -1.645060 0.020953 0.025000 -1.095604 0.000000 -0.000000 0.000000 165.000076 179.999817 138.692184 0.000131 0.000086 -33.797302 0.000111 -0.000008 -23.658119 0.000000 -0.000000 0.000000 0.000038 0.000086 -45.046913 0.000095 0.000043 -45.046902 0.000063 -0.000022 -30.001238 0.000000 -0.000000 0.000000 10.000615 0.001550 -40.260361 0.001470 0.000793 -40.260338 0.001085 -0.000229 -26.813398 0.000000 -0.000000 0.000000 20.001392 0.003464 -24.194630 0.004007 0.003904 -36.291958 0.003689 0.000535 -24.170443
69.470253 89.337547 794.043518 4.931819 3.778508 3.915979 178.487427 -160.180573 -179.231186 73.269012 125.440781 73.971497 15.048120 1.696175 -4.133661 178.365997 -157.486221 172.003006 178.804871 136.561050 177.119492 178.089691 -154.193573 -173.082291 179.871643 175.218567 178.376358 179.871674 175.311630 177.301743 179.789719 176.663879 176.448029 179.999924 -172.069702 -179.424942 179.999832 -170.747925 -179.404358 177.136932 -173.205704 -179.283844 179.884628 179.724182 -177.900726 2.951874 13.850846 68.741112 63.893646 1.214851 24.418465 20.698948 3.091317 -34.394882 26.003483 39.866058 21.562244 179.999649 -179.997360 -155.321793 0.000521 -0.001694 16.435686 0.000000 -0.000000 0.000000 14.998708 0.005749 52.337032 179.995605 179.998032 -137.178802 179.996826 -179.998901 -150.025162 0.000000 -0.000000 0.000000 179.997681 179.992996 -127.102348 179.992981 179.997726 -127.102333 179.996017 -179.997131 -144.770142 0.000000 -0.000000 0.000000 169.999084 179.997589 -127.565475 179.997543 179.999283 -127.565445 179.998627 -179.998978 -145.078583 0.000000 -0.000000 0.000000 159.999100 179.997894 -158.479568 179.997604 179.997589 -147.719360 179.997772 179.999512 -158.501099 169.966492 -179.098450 -178.461075 173.549515 179.731796 115.601540 93.401344 -176.983200 174.619583 172.895081 -171.248276 -158.599213 92.647141 120.987679 142.986252 179.999466 -179.999329 -177.543289 179.999680 -179.999542 -178.363831 0.000000 -0.000000 0.000000 164.999512 -179.998260 138.762848 179.998764 -179.999207 146.260544 179.998962 179.999985 156.382370 0.000000 -0.000000 0.000000 179.999405 -179.998123 135.011215 179.998260 -179.999084 135.011215 179.998749 179.999588 150.037460 0.000000 -0.000000 0.000000 9.999909 -0.000302 -39.978397 179.999725 -179.999832 140.021591 179.999802 179.999985 153.374390 0.000000 -0.000000 0.000000 20.000381 0.001138 -23.605230 0.001209 0.001343 -35.407848 0.001176 0.000259 -23.581619
69.411034 89.433998 797.749451 6.090631 3.730972 3.059226 178.434845 -156.957367 -177.742203 71.774323 126.992790 73.454765 17.055880 0.201773 -4.792114 179.293777 -160.018997 172.426514 178.385132 136.243576 177.728317 175.849045 -151.882751 -172.252029 179.634583 175.170090 178.573990 179.635071 175.268677 177.644333 178.632812 176.716034 176.802322 179.999725 -172.078461 -179.451370 0.000061 -9.241786 0.567899 177.525024 -173.203079 -179.352890 179.721497 -179.901047 -177.698013 0.130152 16.593529 68.056473 61.612698 -0.325257 26.616096 20.792107 2.470906 -35.313606 31.042719 42.201916 22.193525 179.974197 -179.975342 -157.247177 179.990128 -179.978333 -164.846603 0.000003 -0.000000 0.000000 14.993240 0.081636 54.379925 179.941696 179.966995 -135.507339 179.954926 -179.987030 -148.855118 0.000003 -0.000000 0.000000 179.985199 179.924622 -124.358032 179.928711 179.971420 -124.358017 179.958084 -179.970673 -142.942429 0.000003 -0.000000 0.000000 169.984390 179.940750 -126.489830 179.942642 179.978424 -126.489746 179.966080 -179.977295 -144.362198 0.000003 -0.000000 0.000000 159.987030 179.959686 -157.635971 179.958191 179.952194 -146.453918 179.959030 179.989517 -157.658325 169.540680 -179.548767 -178.341904 172.858871 -173.652252 116.745033 94.896263 -178.729172 174.357544 173.250473 -172.135712 -159.106445 96.757835 120.585060 146.423798 179.980011 -179.976074 -178.215927 179.986954 -179.983826 -178.811813 0.000000 -0.000000 0.000000 164.998062 -179.968094 137.800644 179.981201 -179.981827 145.473267 179.981949 -179.997070 155.831284 0.000000 -0.000000 0.000000 179.997772 -179.970474 134.003372 179.977112 -179.981216 134.003387 179.980423 179.997635 149.366241 0.000000 -0.000000 0.000000 9.998974 -0.012842 -40.167717 179.990891 -179.990875 139.832245 179.991455 -179.999283 153.248291 0.000000 -0.000000 0.000000 19.999701 -0.003667 -23.099241 179.997406 -179.995148 145.351135 179.996735 -179.998322 156.923859
69.181892 89.719406 801.670044 6.793780 3.870264 2.429018 178.883041 -153.400360 -176.897369 73.013435 126.594002 75.640503 17.382393 0.057202 -4.821955 179.618790 -163.422592 173.824493 175.412750 138.023514 175.916489 176.129639 -150.817978 -172.019211 179.398026 175.329971 178.742096 179.398621 175.428040 177.935623 177.474823 176.889374 177.107361 179.999603 -172.250946 -179.532364 179.999741 -170.959427 -179.515900 178.625977 -173.341507 -179.539108 179.101395 -179.595459 -177.574432 0.083584 19.306293 67.535553 59.842716 -2.058420 26.793142 20.532639 2.206360 -35.563339 36.891037 44.558594 24.410316 179.994476 -179.993362 -159.104355 179.998123 -179.994583 -166.083481 0.000000 0.000000 -0.000003 15.007099 0.026134 56.404800 179.985123 179.983582 -133.850662 179.984497 179.999741 -147.695450 0.000000 0.000000 -0.000003 0.002928 0.020254 57.667240 179.984268 179.986908 -122.332733 179.987076 -179.995667 -141.593613 0.000000 0.000000 -0.000003 170.000839 179.984314 -124.887497 179.987503 179.990479 -124.887497 179.990067 -179.996719 -143.295090 0.000000 0.000000 -0.000003 159.999695 179.991959 -156.444321 179.994690 179.989166 -144.666412 179.992920 179.996201 -156.467850 169.277237 -179.764023 -177.740204 173.254257 -169.365829 115.972443 94.713860 178.730759 174.630096 172.257706 -172.327377 -159.620010 100.153069 120.115776 148.234528 179.985260 -179.980881 -179.236588 179.990204 -179.987274 -179.491547 0.000000 -0.000000 0.000000 165.000671 -179.980240 137.354935 179.989410 -179.987778 145.108597 179.989014 -179.997269 155.576050 0.000000 -0.000000 0.000000 0.000756 -0.025233 -46.329216 179.982193 -179.982117 133.670792 179.983200 179.999542 149.144745 0.000000 -0.000000 0.000000 10.000670 -0.025554 -40.143917 179.983948 -179.980103 139.856049 179.983276 -179.996857 153.264160 0.000000 -0.000000 0.000000 20.000593 -0.027947 -22.853699 179.984268 -179.961121 145.719467 179.976639 -179.984695 157.169174
68.954033 90.068146 805.745422 7.118406 4.437613 1.990718 179.833450 -149.523804 -176.287537 70.648643 127.624680 73.853256 18.004002 -3.415184 -4.238966 0.126892 -13.123566 -4.805608 172.674957 140.160202 174.113113 176.558777 -150.048355 -171.684601 179.215454 175.688538 178.858215 179.215897 175.781235 178.136108 176.577332 177.180237 177.331894 179.999542 -172.496063 -179.625900 179.999466 -171.245361 -179.612625 179.727173 -173.545471 -179.727371 179.203857 -179.725876 -177.564651 0.210040 21.653793 67.343124 59.385162 -3.573778 26.528332 20.604439 3.601360 -35.487877 39.051949 45.455738 25.402109 179.999054 -179.996552 -159.757401 0.000187 -0.002374 13.481586 0.000000 -0.000000 0.000000 15.006715 0.014023 57.790161 179.993088 179.989319 -132.717178 179.991211 179.998566 -146.902008 0.000000 -0.000000 0.000000 0.004368 0.012698 58.650894 179.991302 179.989777 -121.349091 179.991180 -179.998520 -140.938553 0.000000 -0.000000 0.000000 170.002045 179.991638 -124.049652 179.994156 179.993698 -124.049599 179.994354 -179.999084 -142.737061 0.000000 -0.000000 0.000000 160.000488 179.996414 -155.978577 179.998444 179.994812 -143.967834 179.997116 179.997833 -156.002579 169.587799 179.962433 -177.429596 172.810486 -165.633896 115.490463 94.300438 176.826477 175.211838 171.178818 -172.347855 -159.985077 102.677788 119.803345 149.105392 179.988632 -179.983078 179.783249 179.992233 -179.988861 179.855652 0.000000 -0.000000 0.000000 165.001877 -179.984207 137.084885 179.992294 -179.989517 144.887634 179.991364 -179.997116 155.421341 0.000000 -0.000000 0.000000 0.002567 -0.020911 -46.664009 179.986481 -179.983826 133.335983 179.985992 -179.999237 148.921753 0.000000 -0.000000 0.000000 10.002266 -0.018664 -40.515564 179.989532 -179.984360 139.484451 179.987930 -179.996658 153.016647 0.000000 -0.000000 0.000000 20.003693 -0.032411 -23.105551 179.985580 -179.953247 145.341614 179.974213 -179.980057 156.917542
68.661819 90.529671 809.907043 7.167415 4.953255 1.739893 1.067880 -33.854378 3.966353 74.754021 126.353226 79.033447 16.998528 -2.215743 -3.972228 0.007536 -9.596216 -3.299072 170.050400 142.811325 172.347595 178.142975 -150.277206 -171.901306 179.058960 176.063126 178.933975 179.059158 176.149719 178.267609 175.813416 177.475510 177.483322 179.999725 -172.814316 -179.719315 179.999435 -171.616638 -179.709167 0.919601 -6.184144 0.085353 178.716660 -179.798416 -177.695847 1.518290 24.268616 67.448456 59.248859 -4.538397 25.200884 20.943504 4.582384 -34.956184 39.712273 45.594559 25.340006 0.000085 -0.001175 19.884180 0.000323 -0.000713 13.242863 0.000000 -0.000000 0.000000 15.005304 0.011280 58.669884 179.994278 179.991562 -131.997345 179.992935 179.999100 -146.398148 0.000000 -0.000000 0.000000 0.003838 0.011720 59.359776 179.991760 179.990845 -120.640198 179.991974 -179.998291 -140.466400 0.000000 -0.000000 0.000000 170.001221 179.994507 -123.451981 179.996063 179.995972 -123.451927 179.996338 -179.999268 -142.339005 0.000000 -0.000000 0.000000 160.000214 179.998230 -155.688507 179.999161 179.997467 -143.532761 179.998550 179.998978 -155.712799 169.641922 -179.999954 -176.959351 172.480927 -162.790451 114.917343 93.694550 175.709824 176.034164 170.067398 -172.221329 -160.159119 103.929863 119.598404 148.402222 179.990723 -179.984741 178.737411 179.993469 -179.990051 179.159134 0.000000 -0.000000 0.000000 165.002838 -179.980392 136.934875 179.990677 -179.986740 144.764908 179.989304 -179.996216 155.335419 0.000000 -0.000000 0.000000 0.003077 -0.020504 -46.943062 179.987045 -179.983826 133.056915 179.986237 -179.999023 148.735916 0.000000 -0.000000 0.000000 10.000831 -0.005417 -40.954388 179.997055 -179.995392 139.045624 179.996506 -179.998962 152.724396 0.000000 -0.000000 0.000000 20.002487 -0.017620 -23.746216 179.992645 -179.974350 144.380692 179.986008 -179.989044 156.277512
68.356850 91.075783 814.067261 6.994651 5.311403 1.574751 2.652905 -36.545494 3.823528 78.447830 125.313141 83.726364 15.733385 -4.474575 -2.897761 179.227402 -173.639435 178.193375 168.984146 145.609741 170.956558 179.459457 -152.340912 -171.914352 178.931381 176.424500 178.993393 178.931458 176.504974 178.369461 175.188477 177.753098 177.607758 0.000107 -6.781888 0.179331 179.999725 -172.087692 -179.813919 2.005779 -5.836497 -0.083579 178.378265 -179.919678 -178.001541 2.871838 26.995285 67.729012 59.800957 -4.991576 23.583248 21.129101 4.862687 -34.520073 39.367672 45.215202 24.707468 0.000063 -0.001068 19.804293 0.000287 -0.000669 13.189661 0.000000 -0.000000 0.000003 15.003972 0.012514 59.382408 179.992737 179.992081 -131.414368 179.992493 -179.999756 -145.990082 0.000000 -0.000000 0.000003 0.002324 0.013725 60.056324 179.989136 179.991302 -119.943657 179.991409 -179.996490 -140.002487 0.000000 -0.000000 0.000003 170.000412 179.994110 -123.090935 179.995270 179.996475 -123.090912 179.996338 -179.998611 -142.098557 0.000000 -0.000000 0.000003 159.999939 179.998032 -155.576599 179.998672 179.997360 -143.364883 179.998230 179.999115 -155.601013 169.441391 -179.969971 -176.406174 171.937958 -160.550079 114.498627 93.463036 175.334442 177.296799 168.201141 -172.605881 -160.125824 105.314682 119.501595 146.666489 179.996246 -179.994110 177.093704 179.997284 -179.996231 178.064392 179.999985 -180.000000 179.999985 165.001572 -179.990097 136.501160 179.995331 -179.993256 144.410049 179.994598 -179.998077 155.087036 179.999985 -180.000000 179.999985 0.001269 -0.007869 -47.450535 179.995026 -179.993774 132.549454 179.994705 -179.999649 148.397919 179.999985 -180.000000 179.999985 10.000278 -0.001822 -41.093880 179.999023 -179.998428 138.906113 179.998810 -179.999649 152.631470 179.999985 -180.000000 179.999985 20.000683 -0.004668 -24.228128 179.998032 -179.993195 143.657791 179.996262 -179.997116 155.796097
68.126968 91.672386 818.113342 6.457532 5.701553 1.294072 4.632337 -38.874210 3.561678 83.149017 124.217697 89.772896 14.074944 -6.758400 -2.034088 177.696152 -176.070084 179.285156 170.058304 147.579193 170.557098 179.909180 -155.366241 -171.762619 178.868515 176.833023 179.068054 178.868805 176.905884 178.491409 174.860931 178.040024 177.781570 0.000719 -6.264796 0.078058 0.000239 -7.309062 0.081452 2.924592 -5.388306 -0.217325 177.927689 -179.976501 -178.388885 4.127145 29.841274 67.976334 60.820866 -5.004312 22.071974 21.203485 4.495545 -34.241787 38.971958 44.936310 24.115973 179.999939 -179.998703 -160.254410 0.000242 -0.000825 13.150568 0.000000 -0.000000 0.000000 15.002097 0.012130 60.415340 179.992142 179.993729 -130.569275 179.993088 -179.998596 -145.398499 0.000000 -0.000000 0.000000 0.000265 0.012775 61.225121 179.988846 179.993790 -118.774872 179.992859 -179.995377 -139.224091 0.000000 -0.000000 0.000000 169.999451 179.992706 -122.705620 179.993530 179.996597 -122.705643 179.995789 -179.997559 -141.841949 0.000000 -0.000000 0.000000 159.999680 179.998154 -155.408600 179.998413 179.997681 -143.112869 179.998215 179.999420 -155.433212 169.391434 179.960480 -176.108337 170.797302 -158.821945 114.632462 92.446648 175.654495 178.953537 168.856674 -173.077133 -160.524506 104.786247 119.399681 145.034988 179.996719 -179.995590 176.580811 179.997635 -179.997238 177.722824 0.000000 0.000003 0.000000 165.001297 -179.990326 136.243408 179.995255 -179.993591 144.199142 179.994675 -179.998322 154.939392 0.000000 0.000003 0.000000 0.000495 -0.003766 -47.757977 179.997543 -179.997101 132.242004 179.997482 -179.999924 148.193161 0.000000 0.000003 0.000000 10.000028 -0.000256 -41.181507 179.999863 -179.999771 138.818466 179.999847 -179.999969 152.573105 0.000000 0.000003 0.000000 20.000278 -0.002284 -24.409819 179.998962 -179.996719 143.385269 179.998138 -179.998672 155.614563
67.943649 92.310707 822.133423 5.734271 5.960325 0.771651 6.912739 -40.808842 3.554647 87.690529 123.663269 96.036751 12.368868 -9.503479 -1.323496 175.961151 -178.184097 -179.991440 172.917206 148.898178 171.273544 179.383545 -159.542923 -171.963623 178.851242 177.220947 179.184113 178.851837 177.285507 178.679947 174.743958 178.284317 178.054962 0.000348 -5.840750 -0.008063 179.999985 -173.185684 179.992065 3.766726 -5.016751 -0.332335 177.422134 -179.823471 -178.941727 5.047207 32.788311 68.203926 62.158062 -4.746550 21.116039 21.077265 3.775943 -34.262787 38.850719 44.863232 23.869968 179.999207 -179.998108 -160.306396 179.999908 -179.998627 -166.884048 180.000000 180.000000 -180.000000 15.001223 0.009492 61.682304 179.993591 179.995514 -129.532654 179.994736 -179.998459 -144.672867 180.000000 180.000000 -180.000000 179.999741 179.990311 -117.417099 179.991226 179.995895 -117.417099 179.994919 -179.996002 -138.319778 180.000000 180.000000 -180.000000 169.999207 179.993622 -121.988899 179.994141 179.997375 -121.988914 179.996460 -179.997589 -141.364594 180.000000 180.000000 -180.000000 159.999542 179.997955 -155.256332 179.998093 179.997513 -142.884506 179.997986 179.999466 -155.281097 169.308594 179.812820 -175.931625 169.315323 -157.611450 115.141197 91.516479 176.160538 -179.093018 169.346375 -173.818756 -160.870712 104.826454 119.337639 143.735031 179.998199 -179.998276 175.911163 179.998703 -179.998932 177.276840 0.000000 0.000000 -0.000003 165.000565 -179.994705 135.809814 179.997314 -179.996597 143.844391 179.997070 -179.999191 154.691071 0.000000 0.000000 -0.000003 0.000081 -0.000753 -47.975864 179.999496 -179.999451 132.024139 179.999496 -179.999985 148.048065 0.000000 0.000000 -0.000003 9.999890 0.001022 -41.236145 0.000596 0.000841 -41.236118 0.000668 0.000156 -27.463264 0.000000 0.000000 -0.000003 19.999931 0.000598 -24.580154 0.000279 0.000838 -36.870209 0.000493 0.000320 -24.555557
67.816940 92.954193 826.156799 5.084981 6.017838 0.102111 8.842601 -42.251938 3.768364 97.146202 123.307907 107.351768 10.194724 -9.919190 -1.273050 173.975372 179.653259 -179.612946 175.765274 150.337936 172.072266 178.931992 -161.999557 -171.624451 178.832870 177.527313 179.328262 178.833405 177.584244 178.916580 174.625885 178.460968 178.383636 179.999695 -174.680298 179.925156 179.999374 -173.793640 179.922684 4.457408 -4.561400 -0.404549 176.768799 -179.732452 -179.340866 5.501075 35.409458 68.003204 62.959446 -4.326365 20.353725 21.411505 3.072252 -33.957767 39.089878 45.220291 23.883266 179.998032 -179.998672 -160.480728 179.999069 -179.998718 -167.000153 0.000000 -0.000000 0.000007 15.001192 0.005922 62.961006 179.996094 179.996979 -128.486481 179.996658 -179.999146 -143.940536 0.000000 -0.000000 0.000007 0.000228 0.005941 63.899555 179.994751 179.997238 -116.100471 179.996841 -179.997620 -137.442917 0.000000 -0.000000 0.000007 169.999695 179.995529 -121.170563 179.996002 179.997986 -121.170563 179.997498 -179.998398 -140.819626 0.000000 -0.000000 0.000007 159.999832 179.999054 -154.954254 179.999176 179.998810 -142.431351 179.999069 179.999725 -154.979279 168.706467 179.869156 -175.494308 168.572403 -157.041016 115.433472 90.376877 176.332184 -177.168076 170.730408 -174.051682 -161.247086 102.804543 118.883911 141.274353 179.998840 -179.998550 175.848862 179.999161 -179.999084 177.235352 0.000003 -0.000000 0.000000 165.000610 -179.988388 135.727661 179.993668 -179.992905 143.777191 179.993484 -179.998672 154.644028 0.000003 -0.000000 0.000000 0.000183 -0.003009 -47.935970 179.997894 -179.997864 132.064026 179.998016 179.999908 148.074631 0.000003 -0.000000 0.000000 10.000076 -0.001298 -41.086285 179.999207 -179.998978 138.913696 179.999161 -179.999817 152.636536 0.000003 -0.000000 0.000000 20.000158 -0.002444 -24.429272 179.998688 -179.996567 143.356094 179.997940 -179.998703 155.595169
67.760315 93.603882 830.215454 4.537974 6.056224 -0.619370 10.435086 -42.994984 4.079405 105.443993 123.975159 117.243095 8.727696 -12.109829 -1.013704 172.538513 177.426575 -179.713318 0.333283 28.248030 -5.715634 176.984116 -167.033295 -172.761963 178.748337 177.834473 179.513031 178.748993 177.883377 179.222305 174.200821 178.626907 178.796432 0.001677 -4.672819 -0.129816 0.001144 -5.451747 -0.133222 5.465021 -3.998741 -0.447969 176.688705 -179.340424 179.801559 5.665019 37.978081 67.935379 63.967106 -4.102944 20.423050 21.304514 2.750495 -34.066727 39.986767 45.744282 24.254967 179.996719 179.999695 -160.806320 179.997879 -179.999496 -167.217026 180.000000 -179.999985 -179.999985 15.001199 0.002750 64.073196 179.998398 179.998154 -127.576462 179.998291 -179.999893 -143.303528 180.000000 -179.999985 -179.999985 0.000733 0.002873 65.003525 179.997696 179.998138 -114.996422 179.998245 -179.999115 -136.707611 180.000000 -179.999985 -179.999985 170.000290 179.997711 -120.354378 179.998154 179.998596 -120.354370 179.998581 -179.999405 -140.276001 180.000000 -179.999985 -179.999985 160.000015 179.998810 -154.862869 179.999237 179.998398 -142.294281 179.998932 179.999466 -154.887970 168.647598 179.788132 -175.432953 167.837097 -156.733734 115.968117 89.763878 176.553940 -175.408218 170.958145 -174.510452 -161.405380 103.866570 118.917816 141.193710 179.998550 -179.998840 175.207581 179.998962 -179.999329 176.808243 0.000000 -0.000000 0.000000 165.000183 -179.992111 134.821930 179.995499 -179.995377 143.036148 179.995529 -179.999329 154.125290 0.000000 -0.000000 0.000000 0.000103 -0.002609 -48.144943 179.998123 -179.998199 131.855057 179.998276 179.999863 147.935486 0.000000 -0.000000 0.000000 10.000065 -0.001188 -41.172989 179.999268 -179.999069 138.827026 179.999222 -179.999847 152.578796 0.000000 -0.000000 0.000000 20.000076 -0.001600 -24.622608 179.999100 -179.997772 143.066101 179.998642 -179.999191 155.402008
67.784531 94.222107 834.292725 4.114017 6.144606 -1.296238 11.462877 -43.309757 4.523244 114.703659 125.591675 127.656319 7.754373 -12.301010 -1.278244 171.956650 175.224243 179.873032 4.743351 26.641766 -2.746991 174.465378 -172.341476 -174.796646 178.642670 178.096497 179.704514 178.643265 178.137619 179.539597 173.684982 178.752808 179.215225 0.003275 -4.086698 -0.174886 0.002756 -4.767962 -0.179411 6.575602 -3.487737 -0.483424 176.662888 -178.774063 178.822083 5.595301 40.285233 67.865135 64.853714 -3.932455 20.900465 21.195288 2.955429 -34.184128 41.710411 46.194893 24.878098 179.996689 179.998856 -161.376587 179.997650 179.999985 -167.596802 0.000000 -0.000000 0.000003 15.000986 0.000969 64.897278 179.999603 179.998932 -126.902222 179.999252 179.999771 -142.831558 0.000000 -0.000000 0.000003 0.000819 0.001044 65.859589 179.999374 179.998825 -114.140366 179.999130 -179.999924 -136.137512 0.000000 -0.000000 0.000003 170.000534 179.999115 -119.680992 179.999496 179.999100 -119.681007 179.999329 180.000000 -139.827545 0.000000 -0.000000 0.000003 160.000198 179.999496 -154.524185 179.999954 179.999191 -141.786285 179.999634 179.999588 -154.549683 168.660156 179.838669 -175.468872 167.692566 -156.672165 116.420120 88.345963 176.236511 -174.165466 171.785034 -174.443741 -161.440063 104.352959 118.821495 140.513763 179.999039 -179.999207 174.600174 179.999313 -179.999512 176.403717 180.000000 180.000000 -180.000000 165.000076 -179.993378 134.054520 179.996124 -179.996216 142.408264 179.996231 -179.999588 153.685776 180.000000 180.000000 -180.000000 0.000072 -0.002637 -48.374062 179.998077 -179.998199 131.625931 179.998260 179.999832 147.782883 180.000000 180.000000 -180.000000 10.000050 -0.001370 -41.268307 179.999146 -179.998932 138.731720 179.999100 -179.999847 152.515305 180.000000 180.000000 -180.000000 20.000069 -0.001607 -24.763411 179.999084 -179.997772 142.854904 179.998611 -179.999191 155.261368
67.873695 94.787666 838.423340 3.367615 5.968297 -1.983369 12.442460 -42.974808 5.192974 124.104347 128.358276 137.729126 7.021800 -12.427426 -1.440571 172.816833 172.832016 179.423126 8.251500 24.711536 0.007081 171.906128 -179.117004 -177.388260 178.621948 178.208817 179.873611 178.622513 178.245636 179.819305 173.574112 178.777481 179.579681 0.003111 -3.591316 -0.189006 0.002704 -4.189877 -0.194293 7.486554 -3.055368 -0.494101 176.569611 -178.194870 177.735611 5.464968 42.283203 68.060905 65.632164 -3.937687 21.586485 21.104208 3.781676 -34.246037 43.431236 46.548813 25.143206 179.997894 179.998901 -162.122238 179.998459 179.999725 -168.093384 180.000000 179.999985 179.999985 15.000646 0.000181 65.496536 0.000084 0.000535 53.588032 179.999725 179.999725 -142.488358 180.000000 179.999985 179.999985 0.000646 0.000213 66.490959 0.000070 0.000681 66.490936 179.999603 179.999786 -135.717026 180.000000 179.999985 179.999985 170.000473 179.999832 -119.146652 0.000079 0.000502 60.853306 179.999741 179.999786 -139.471710 180.000000 179.999985 179.999985 160.000214 179.999893 -154.218994 0.000228 0.000273 38.671539 0.000002 0.000234 25.755234 168.390335 179.911499 -175.434296 168.268600 -156.708115 116.690666 87.424477 175.861649 -173.618134 171.871719 -174.210999 -161.207886 104.835152 118.799500 139.865479 179.999405 -179.999451 174.005981 179.999573 -179.999680 176.007980 0.000000 -0.000003 0.000000 165.000031 -179.995255 133.120682 179.997162 -179.997345 141.644180 179.997284 -179.999802 153.150940 0.000000 -0.000003 0.000000 0.000036 -0.001742 -48.754860 179.998718 -179.998810 131.245163 179.998856 179.999863 147.529251 0.000000 -0.000003 0.000000 10.000035 -0.001130 -41.452065 179.999268 -179.999146 138.547943 179.999268 -179.999893 152.392929 0.000000 -0.000003 0.000000 20.000051 -0.001475 -24.971107 179.999130 -179.997986 142.543320 179.998718 -179.999268 155.053864
67.998619 95.256035 842.583191 2.510307 5.538571 -2.519862 13.342500 -41.971405 5.892840 133.410934 132.537598 147.115860 6.305726 -12.266744 -1.442510 174.946686 170.352493 179.330093 10.045522 23.071041 1.999126 169.455978 175.458878 -179.653030 178.606110 178.147308 -179.979904 178.606613 178.183182 -179.937149 173.488205 178.684326 179.880981 0.001714 -3.121588 -0.214794 0.001573 -3.641846 -0.221717 8.489289 -2.643440 -0.512346 176.956406 -177.725677 176.809647 4.989752 43.848454 68.100739 66.427307 -4.018789 22.225325 21.015314 4.850707 -34.278011 44.827557 46.760036 25.195089 179.999100 179.999329 -162.804642 179.999298 179.999741 -168.547897 0.000000 0.000000 -0.000003 15.000239 -0.000067 65.963577 0.000122 0.000145 53.970158 179.999985 179.999863 -142.220856 0.000000 0.000000 -0.000003 0.000354 -0.000109 67.008514 0.000234 0.000283 67.008514 179.999893 179.999771 -135.372360 0.000000 0.000000 -0.000003 170.000320 -179.999893 -118.723083 0.000246 0.000231 61.276913 179.999954 179.999786 -139.189590 0.000000 0.000000 -0.000003 160.000183 -179.999939 -153.992386 0.000302 0.000027 39.011436 0.000145 0.000142 25.981596 168.301910 -179.831039 -175.375305 169.287384 -156.787155 116.755989 86.346893 175.475235 -173.588669 172.051071 -173.877243 -160.897736 105.033989 118.789322 139.283859 179.999374 -179.999405 173.603485 179.999542 -179.999649 175.739914 0.000000 -0.000003 0.000000 164.999985 -179.996078 132.155045 179.997604 -179.997879 140.854141 179.997772 -179.999924 152.597900 0.000000 -0.000003 0.000000 0.000005 -0.001376 -49.113285 179.998962 -179.999115 130.886703 179.999100 179.999863 147.290573 0.000000 -0.000003 0.000000 10.000010 -0.000960 -41.679703 179.999374 -179.999283 138.320312 179.999374 -179.999924 152.241318 0.000000 -0.000003 0.000000 20.000010 -0.001411 -25.257853 179.999100 -179.998077 142.113220 179.998734 -179.999374 154.767410
68.149773 95.632103 846.750427 1.531539 4.894979 -2.913133 14.636781 -40.359375 6.414210 139.839523 137.051865 153.675079 6.161581 -13.509621 -1.222335 177.197281 168.248962 179.300049 12.124774 22.096004 3.894835 166.337219 170.402100 178.095062 178.629990 177.947189 -179.866562 178.630386 177.984818 -179.747391 173.587723 178.503326 -179.893112 0.000193 -2.854283 -0.231904 0.000186 -3.329992 -0.240094 9.488355 -2.402828 -0.541678 177.049789 -176.962463 175.485794 5.599888 45.411655 69.017296 67.291985 -4.191337 22.647184 20.928230 5.926158 -34.269886 45.736382 46.805496 25.052906 179.999619 179.999649 -163.321960 179.999710 179.999847 -168.892410 0.000000 -0.000000 0.000000 14.999989 0.000001 66.226173 179.999985 -179.999985 -125.814941 0.000001 -0.000008 37.929535 0.000000 -0.000000 0.000000 0.000113 -0.000120 67.406357 0.000153 0.000056 67.406403 0.000006 0.000105 44.892639 0.000000 -0.000000 0.000000 170.000137 -179.999847 -118.343903 0.000197 0.000047 61.656078 0.000036 0.000131 41.062939 0.000000 -0.000000 0.000000 160.000107 -179.999863 -153.740189 0.000221 -0.000105 39.389736 0.000156 0.000039 26.233570 168.226486 -179.386444 -175.239517 170.621109 -156.946869 116.640114 85.219299 175.224243 -174.017181 171.669769 -173.762039 -160.454590 105.715378 118.788452 138.625946 179.999710 -179.999725 172.891907 179.999786 -179.999847 175.266022 180.000000 -179.999985 -179.999985 164.999924 -179.998611 131.196930 179.999100 -179.999313 140.070190 179.999207 179.999969 152.049133 180.000000 -179.999985 -179.999985 179.999985 -179.999588 130.543930 179.999680 -179.999756 130.543945 179.999741 179.999939 147.062271 180.000000 -179.999985 -179.999985 9.999907 -0.000937 -41.858051 179.999313 -179.999359 138.141937 179.999374 -179.999985 152.122528 180.000000 -179.999985 -179.999985 19.999945 -0.000587 -25.595022 179.999542 -179.999237 141.607437 179.999451 -179.999802 154.430573
68.299126 95.897453 850.971863 0.485094 4.106487 -3.149984 16.532066 -38.359272 6.618613 143.312698 140.899567 157.643723 6.563843 -16.593296 -0.726630 0.858660 13.791465 0.323446 10.642189 21.680433 4.194538 165.519852 165.178802 176.470856 178.734573 177.647018 -179.799942 178.734940 177.689240 -179.634720 174.062637 178.270233 -179.760330 0.000002 -2.779837 -0.251274 0.000002 -3.243158 -0.260250 9.970526 -2.332176 -0.564807 176.922256 -176.492310 174.580261 5.982318 46.362549 69.649246 68.124092 -4.299391 22.919687 20.846745 6.786773 -34.242519 46.167282 46.746979 24.837208 179.998566 179.999268 -163.624756 179.998947 179.999786 -169.094086 0.000000 -0.000000 0.000000 14.999948 0.000160 66.250061 179.999863 179.999985 -125.795403 179.999954 -179.999939 -142.056793 0.000000 -0.000000 0.000000 0.000004 -0.000013 67.652412 0.000015 0.000006 67.652397 0.000004 0.000009 45.056499 0.000000 -0.000000 0.000000 170.000031 -179.999924 -118.046326 0.000083 -0.000016 61.953709 0.000035 0.000044 41.261147 0.000000 -0.000000 0.000000 160.000015 -179.999924 -153.491959 0.000077 -0.000083 39.762054 0.000074 -0.000010 26.481529 167.899704 -178.833557 -175.049255 171.933075 -157.180222 116.525024 83.717842 174.855103 -174.701538 172.111084 -173.407196 -160.087326 105.741554 118.657219 137.959579 179.999771 -179.999786 172.553589 179.999832 -179.999863 175.040680 0.000000 -0.000000 0.000000 165.000000 -179.999954 130.444931 179.999969 -179.999985 139.454941 179.999985 179.999985 151.618469 0.000000 -0.000000 0.000000 179.999985 -179.999863 130.337173 179.999893 -179.999939 130.337173 179.999924 179.999954 146.924561 0.000000 -0.000000 0.000000 9.999973 -0.000090 -42.361740 179.999924 -179.999954 137.638275 179.999954 179.999985 151.787109 0.000000 -0.000000 0.000000 19.999910 -0.000296 -25.881048 179.999695 -179.999664 141.178406 179.999710 -179.999954 154.144836
68.439140 96.020821 855.225586 179.450592 176.754333 176.778061 18.844780 -35.869659 6.530312 148.087708 148.074478 162.658844 5.999663 -16.293882 -0.198407 4.940075 15.424681 1.897395 7.386097 23.235229 4.107388 165.807022 161.672592 175.170883 178.851471 177.320755 -179.756607 178.851761 177.368607 -179.559998 174.594757 178.029221 -179.671967 0.000001 -2.756876 -0.294125 180.000000 -176.783615 179.695358 10.422276 -2.303176 -0.606211 176.750427 -176.081009 173.874359 6.605331 47.307373 70.324348 69.170937 -4.339898 22.822279 20.749977 7.327448 -34.234734 47.106716 47.367397 23.590670 179.999939 180.000000 -164.847305 179.999985 -180.000000 -169.908310 0.000000 -0.000000 0.000000 14.999991 0.000178 65.944771 179.999863 179.999939 -126.045189 179.999908 -179.999954 -142.231644 0.000000 -0.000000 0.000000 0.000000 0.000049 67.689987 179.999969 179.999985 -112.309998 179.999985 -179.999985 -134.918457 0.000000 -0.000000 0.000000 170.000000 -179.999985 -117.869438 0.000004 -0.000005 62.130558 0.000004 0.000006 41.378929 0.000000 -0.000000 0.000000 160.000000 -179.999985 -153.331451 0.000002 -0.000008 40.002815 0.000002 -0.000006 26.641876 167.628601 -178.375763 -174.997330 172.957626 -157.406265 116.552765 82.775299 174.784286 -175.348953 172.162109 -173.389969 -159.757919 105.891975 118.488220 137.221329 179.999893 -179.999863 172.112762 179.999924 -179.999924 174.747086 0.000000 -0.000000 0.000000 164.999832 -179.999619 130.460938 179.999680 -179.999924 139.468048 179.999786 179.999893 151.627625 0.000000 -0.000000 0.000000 180.000000 -179.999985 130.210556 179.999985 -179.999985 130.210556 179.999985 180.000000 146.840225 0.000000 -0.000000 0.000000 9.999997 -0.000004 -42.452599 0.000004 -0.000002 -42.452599 180.000000 179.999985 151.726578 0.000000 -0.000000 0.000000 19.999842 -0.000207 -26.135906 179.999649 -179.999832 140.796143 179.999741 179.999939 153.890228
68.575783 96.131744 859.501465 178.605423 177.603012 176.870560 21.478045 -32.839787 6.230844 150.883575 154.869949 166.037720 5.709720 -17.734133 0.683743 8.700732 16.858103 3.713639 3.289345 25.125757 3.417950 166.735718 159.820190 174.255905 178.930267 176.981689 -179.730377 178.930420 177.035690 -179.512695 174.955475 177.783859 -179.621841 0.000380 -2.763467 -0.358696 0.000434 -3.224038 -0.371477 10.855819 -2.294519 -0.663365 176.556061 -175.555832 173.003616 7.774686 48.272171 71.344246 70.305824 -4.286832 22.554447 20.659161 7.576581 -34.209763 46.607819 47.699268 23.058872 179.998672 179.999802 -164.944672 179.999115 -179.999908 -169.973145 0.000000 -0.000000 0.000000 15.000801 0.003495 64.341583 179.997711 179.998169 -127.356926 179.998016 -179.999527 -143.149826 0.000000 -0.000000 0.000000 0.001552 0.004566 67.593323 179.996414 179.996796 -112.406700 179.997101 -179.998627 -134.982849 0.000000 -0.000000 0.000000 170.001328 179.996704 -117.629082 179.997711 179.997269 -117.629135 179.997681 -179.999496 -138.461014 0.000000 -0.000000 0.000000 160.001129 179.997528 -153.162064 179.999847 179.995941 -139.743088 179.998184 179.998001 -153.188873 167.540497 -177.861191 -175.047592 173.750931 -157.616547 116.737442 81.828796 174.822342 -175.984253 172.172073 -173.476822 -159.401535 106.209206 118.259483 136.392029 179.999847 -179.994293 171.539047 179.999313 -179.996262 174.365005 179.999985 180.000000 180.000000 164.998611 179.999847 129.232925 179.999390 179.999039 138.463303 0.000123 0.000783 -29.075686 179.999985 180.000000 180.000000 0.001782 -0.000154 -49.909378 0.001036 -0.001458 -49.909420 179.999710 -179.998856 146.760300 179.999985 180.000000 180.000000 10.001672 -0.000130 -42.491383 0.001155 -0.001240 -42.491409 0.000010 -0.001114 -28.299263 179.999985 180.000000 180.000000 19.998308 0.000134 -26.762043 179.997864 179.998688 139.856888 179.999466 179.998413 153.264709
68.684860 95.960167 863.818542 178.136795 178.202591 177.169571 24.229343 -30.299873 5.310297 151.126297 161.753647 168.348236 5.387856 -17.297268 1.127376 13.610211 17.831676 6.715464 176.547592 151.959671 -178.548172 168.883301 154.763733 172.878540 178.960388 176.760330 -179.709991 178.960526 176.818329 -179.476929 175.087982 177.620743 -179.587509 0.000375 -2.756693 -0.457300 0.000449 -3.216197 -0.473645 11.280057 -2.274281 -0.738686 176.153427 -175.065628 172.966400 8.531497 49.144073 71.193161 71.441658 -4.326389 22.030632 20.539396 7.447353 -34.323299 46.384483 47.999760 22.711769 179.997849 179.999069 -165.075607 179.998459 179.999771 -170.060364 180.000000 180.000000 -180.000000 15.000250 0.001005 63.701000 179.999344 179.999451 -127.881073 179.999435 -179.999863 -143.516739 180.000000 180.000000 -180.000000 0.001272 0.003163 66.941032 179.997604 179.997574 -113.058937 179.997894 -179.999176 -135.417252 180.000000 180.000000 -180.000000 170.001892 179.996170 -117.947723 179.997528 179.996521 -117.947777 179.997177 -179.999649 -138.673172 180.000000 180.000000 -180.000000 160.001755 179.996918 -153.376495 0.000312 0.005315 39.935226 179.997910 179.997131 -153.403122 167.454361 -177.799622 -175.507996 174.023010 -157.736069 117.282570 81.593925 174.714890 -176.296112 172.185715 -173.725021 -159.228912 106.807014 118.224388 135.378830 0.003221 -0.003944 -9.299759 0.001656 -0.002953 -6.193635 0.000000 -0.000000 0.000000 165.000931 -179.999344 128.882935 0.000062 -0.000919 -41.823063 179.999603 -179.999481 150.723862 0.000000 -0.000000 0.000000 179.996307 179.997910 130.623062 179.999207 179.995804 130.623062 0.001769 0.002217 -32.885048 0.000000 -0.000000 0.000000 10.002203 -0.001123 -42.390690 0.000878 -0.002311 -42.390629 179.999405 -179.998474 151.767822 0.000000 -0.000000 0.000000 19.999662 0.000166 -26.964661 179.999680 179.999557 139.553009 0.000015 0.000390 -26.937700
68.797928 95.613617 868.022156 177.846390 178.632248 177.522415 24.692318 -27.925533 5.154439 153.771484 171.373581 171.178604 3.892376 -12.550329 0.933626 16.393744 17.315428 8.085340 172.049637 146.541061 -179.446609 170.501358 154.875336 172.343338 178.990967 176.580750 -179.698578 178.991089 176.642151 -179.456650 175.226135 177.492615 -179.566818 0.000242 -2.775597 -0.542452 0.000288 -3.238215 -0.561844 11.451671 -2.275767 -0.799805 175.909424 -174.740311 173.085388 9.162586 49.980408 71.426529 72.722816 -4.182975 21.085466 20.382967 7.258205 -34.562439 46.682793 48.344120 22.086494 179.999222 179.999466 -165.609894 179.999405 179.999771 -170.416199 0.000000 -0.000000 0.000003 14.999693 -0.001322 63.370449 0.000849 -0.000709 51.848515 0.000761 0.000160 36.293968 0.000000 -0.000000 0.000003 0.001056 0.002450 66.513885 179.998184 179.998032 -113.486137 179.998322 -179.999405 -135.701782 0.000000 -0.000000 0.000003 170.001389 179.997452 -118.505241 179.998428 179.997574 -118.505219 179.998093 -179.999847 -139.044464 0.000000 -0.000000 0.000003 160.001648 179.997391 -153.773834 0.000495 0.004578 39.339256 179.998337 179.997421 -153.800064 167.244370 -177.900009 -175.935562 174.034027 -157.602173 117.888466 81.936440 174.551132 -176.496964 172.238251 -174.000763 -159.164825 107.757332 118.262459 134.653656 0.007700 -0.001069 -10.195591 0.004898 -0.001663 -6.790248 0.000000 -0.000000 0.000000 165.001968 -179.997345 128.875687 179.999329 -179.997375 138.171051 179.998428 -179.998932 150.719727 0.000000 -0.000000 0.000000 179.999512 179.999466 130.127655 0.000080 0.000715 -49.872295 0.000400 0.000258 -33.214970 0.000000 -0.000000 0.000000 10.001908 -0.001811 -42.222900 0.000196 -0.002622 -42.222820 179.998932 -179.998611 151.879562 0.000000 -0.000000 0.000000 20.001129 -0.001021 -27.071119 0.000839 -0.002129 -40.606670 179.999496 -179.998566 152.955948
68.889915 95.115135 872.089966 177.703079 178.921951 177.898499 23.530605 -26.612810 5.721114 153.907501 173.307159 171.347885 3.948467 -13.941850 1.065717 17.629013 16.289541 8.625470 169.769302 141.730774 179.352386 171.873627 154.912247 172.465927 179.010559 176.430573 -179.694244 179.010666 176.494888 -179.448364 175.314438 177.386887 -179.561737 180.000000 -177.168243 179.401993 179.999985 -176.696304 179.380630 11.488665 -2.314948 -0.844191 175.692383 -174.570404 173.411697 9.373092 50.168373 71.244293 73.632965 -4.108375 20.334864 19.996840 7.081145 -34.909237 46.895828 48.441387 21.364502 0.000084 -0.000187 13.901937 0.000101 -0.000106 9.258693 0.000000 -0.000000 0.000000 14.998868 -0.003657 63.388348 0.002266 -0.002165 51.863194 0.002170 0.000316 36.304226 0.000000 -0.000000 0.000000 179.998306 -179.996414 -114.212250 0.002585 -0.003006 65.787689 0.002534 0.000755 43.814644 0.000000 -0.000000 0.000000 170.000122 179.999802 -118.997810 179.999878 179.999802 -118.997826 179.999847 -179.999985 -139.372559 0.000000 -0.000000 0.000000 160.000656 179.998978 -154.224030 0.000221 0.001795 38.663960 179.999374 179.998962 -154.249817 167.108276 -177.996155 -176.232025 174.458237 -157.981216 117.948654 81.934814 174.200974 -176.917007 172.410233 -174.223694 -159.222519 109.300201 118.414169 134.384048 0.010890 0.002233 -11.199818 0.007405 -0.000036 -7.459078 180.000000 179.999985 179.999985 165.000656 -179.998520 129.180328 179.999405 -179.998810 138.420242 179.999146 -179.999664 150.894196 180.000000 179.999985 179.999985 179.998596 179.997635 130.160614 0.000910 0.002592 -49.839352 0.001718 0.000651 -33.193016 180.000000 179.999985 179.999985 10.001139 -0.001701 -42.047722 179.999725 -179.997955 137.952316 179.998947 -179.999130 151.996216 180.000000 179.999985 179.999985 20.002159 -0.002978 -27.063240 0.000882 -0.005467 -40.594822 179.998093 -179.996857 152.963852
68.964920 94.445099 876.027771 177.670822 179.163589 178.282303 20.653255 -26.857723 7.449990 155.127289 174.345367 170.428284 4.014899 -14.996544 0.690972 17.550323 14.879813 8.359215 169.510269 136.397232 178.800354 173.047791 154.186279 172.685074 179.007446 176.303131 -179.684906 179.007553 176.369751 -179.431152 175.294739 177.293823 -179.550140 179.999741 -177.079346 179.360062 179.999710 -176.592575 179.337189 11.759084 -2.380517 -0.896491 175.800720 -174.668808 173.892883 8.913328 49.837948 70.713181 74.519363 -4.065555 19.721111 19.816246 7.012408 -35.412357 47.319134 48.443264 21.917408 0.000008 -0.000107 13.970693 0.000014 -0.000076 9.304501 0.000000 -0.000000 0.000000 14.999146 -0.002440 63.785873 0.001483 -0.001506 52.188457 0.001467 0.000174 36.531902 0.000000 -0.000000 0.000000 0.000331 0.000693 66.364418 179.999512 179.999420 -113.635582 179.999512 -179.999847 -135.801285 0.000000 -0.000000 0.000000 169.998047 -179.996506 -119.239326 0.002091 -0.003411 60.760685 0.002660 0.000117 40.466625 0.000000 -0.000000 0.000000 160.000031 179.999924 -154.371140 0.000017 0.000132 38.443279 179.999954 179.999924 -154.396774 167.199646 -178.029877 -176.473267 174.942719 -158.657181 117.620041 81.974823 173.757233 -177.446823 172.706451 -174.362411 -159.369736 107.241890 117.989510 133.871536 0.145771 0.069760 -10.313130 0.104945 0.024030 -6.868600 180.000000 179.999985 179.999985 164.999252 179.997025 129.430939 0.001485 0.002017 -41.374672 0.001713 0.000372 -28.962290 180.000000 179.999985 179.999985 179.998398 179.995544 130.077225 0.002373 0.004084 -49.922764 0.003101 0.000530 -33.248581 180.000000 179.999985 179.999985 10.000903 -0.002122 -41.950516 179.999252 -179.997833 138.049454 179.998672 -179.999252 152.060944 180.000000 179.999985 179.999985 20.002558 -0.005404 -26.951523 179.999802 -179.991028 139.572647 179.996063 -179.995529 153.075378
69.094215 93.665443 879.897583 177.765030 179.408661 178.684525 17.371019 -27.611387 9.063855 157.924881 172.389648 169.276657 2.899076 -16.641788 0.283252 16.268038 13.299951 7.335769 171.302475 130.722565 179.226273 173.460449 155.812469 173.295547 179.027573 176.186188 -179.676498 179.027679 176.255020 -179.416443 175.383514 177.210098 -179.533813 179.999695 -176.978622 179.323975 179.999603 -176.475067 179.299850 11.830430 -2.459716 -0.939325 175.506760 -174.763855 174.121323 8.798344 49.090355 70.635712 74.501236 -3.760603 19.304218 20.336432 7.031261 -35.846004 47.505497 48.258224 22.118795 180.000000 -179.999985 -165.979675 0.000006 -0.000005 9.337544 0.000000 -0.000000 0.000000 14.999548 -0.001266 64.066231 0.000764 -0.000802 52.417793 0.000770 0.000087 36.692451 0.000000 -0.000000 0.000000 179.999954 -179.999893 -113.740677 0.000079 -0.000084 66.259361 0.000065 0.000025 44.128708 0.000000 -0.000000 0.000000 170.001801 179.996658 -118.554573 179.997940 179.996826 -118.554573 179.997482 -179.999817 -139.077347 0.000000 -0.000000 0.000000 159.999908 -179.999832 -154.391449 179.999985 -179.999710 -141.587204 0.000113 -0.000162 25.582947 167.161148 -178.007233 -176.670746 175.512482 -159.698242 116.932854 81.977852 173.254593 -178.109436 173.149506 -174.348618 -159.561203 118.608124 119.835480 135.736145 0.015084 0.009161 -15.766385 0.011360 0.003043 -10.500418 180.000000 179.999985 179.999985 164.999222 179.993546 129.376129 0.003705 0.003818 -41.419506 0.003711 0.000293 -28.993662 180.000000 179.999985 179.999985 179.999176 179.995926 129.833099 0.002609 0.003246 -50.166855 0.002772 0.000044 -33.411140 180.000000 179.999985 179.999985 10.000679 -0.002620 -41.853207 179.998764 -179.997604 138.146805 179.998322 -179.999359 152.125778 180.000000 179.999985 179.999985 20.002312 -0.007797 -26.736956 179.997910 -179.987976 139.894577 179.993805 -179.994751 153.289795
69.314178 92.765121 883.811829 178.024918 179.703857 179.124847 14.054628 -28.337626 10.260290 160.933411 170.222473 168.581894 1.938184 -16.677748 -0.105614 13.598148 11.414142 5.791601 175.051407 124.292534 -179.547073 173.913116 156.734161 173.903931 179.050629 176.070480 -179.669968 179.050735 176.141541 -179.405045 175.486176 177.126541 -179.520905 179.999847 -176.894928 179.292404 179.999847 -176.377441 179.267105 11.529000 -2.531621 -0.961011 175.466705 -175.090775 174.436035 7.983079 47.745167 70.457161 74.611839 -3.436906 19.081511 20.431992 7.142362 -36.251740 47.850513 48.201603 22.376249 0.000052 -0.000280 13.991372 0.000058 -0.000175 9.318257 180.000000 -179.999985 -179.999985 15.000211 0.000522 64.266823 179.999695 179.999680 -127.418091 179.999680 -179.999985 -143.192642 180.000000 -179.999985 -179.999985 0.000468 0.001016 66.325066 179.999268 179.999161 -113.674957 179.999298 -179.999771 -135.827499 180.000000 -179.999985 -179.999985 169.999695 -179.999359 -119.047531 0.000394 -0.000588 60.952484 0.000466 0.000044 40.594330 180.000000 -179.999985 -179.999985 160.000015 179.999985 -154.367432 0.000003 0.000013 38.448845 180.000000 179.999985 -154.393066 167.580704 -178.026108 -176.873306 175.383774 -161.036346 116.006554 82.039001 172.671555 -178.694382 173.242508 -174.324936 -159.596619 123.592384 120.499359 138.638809 0.000687 0.000577 -17.045313 0.000553 0.000238 -11.352177 0.000000 -0.000000 0.000000 165.000000 -179.999786 128.903961 179.999863 -179.999878 138.194214 179.999878 179.999985 150.735916 0.000000 -0.000000 0.000000 0.000233 -0.003934 -50.540874 179.997116 -179.997314 129.459122 179.997391 179.999664 146.339767 0.000000 -0.000000 0.000000 10.000618 -0.006398 -41.790874 179.996201 -179.994797 138.209137 179.995819 -179.999084 152.167282 0.000000 -0.000000 0.000000 20.002043 -0.015230 -26.474882 179.992737 -179.978119 140.287659 179.987030 -179.991776 153.551590
69.397812 91.863670 887.473877 178.389877 179.928787 179.569183 13.214554 -29.888416 10.384619 161.616180 166.691940 167.546844 0.285410 -15.057705 0.661971 10.282718 9.767024 4.434780 179.844131 119.563744 -177.811508 174.078171 156.407059 174.235153 179.054810 175.991180 -179.654083 179.055023 176.063339 -179.377838 175.501663 177.064926 -179.490524 0.000086 -3.190281 -0.740091 0.000168 -3.721964 -0.766605 11.409860 -2.599198 -0.989065 175.667923 -175.423462 174.645905 6.806704 46.125813 70.205437 74.618401 -3.132549 19.150946 20.573769 7.384803 -36.570652 48.171337 48.216175 22.760124 179.999985 -179.999420 -165.978409 0.000071 -0.000384 9.338370 0.000003 -0.000000 0.000003 15.000546 0.001368 64.262337 179.999191 179.999115 -127.421768 179.999161 -179.999924 -143.195221 0.000003 -0.000000 0.000003 0.000632 0.001374 66.253876 179.999008 179.998856 -113.746140 179.999054 -179.999710 -135.874908 0.000003 -0.000000 0.000003 169.999908 -179.999832 -118.971039 0.000123 -0.000165 61.028969 0.000138 0.000014 40.645287 0.000003 -0.000000 0.000003 160.000504 179.998978 -154.319687 0.000026 0.001706 38.520496 179.999313 179.999100 -154.345367 167.946762 -178.069366 -177.162476 175.305557 -162.872940 114.917305 82.012222 172.000732 -179.208862 174.501129 -173.504272 -159.813126 124.482277 120.178329 139.230453 179.999161 -179.999374 162.830597 179.999344 -179.999771 168.565186 0.000000 -0.000000 0.000000 164.999939 -179.998672 128.891388 179.999146 -179.999329 138.183899 179.999237 179.999939 150.728729 0.000000 -0.000000 0.000000 0.000050 -0.003003 -50.386501 179.997742 -179.998032 129.613480 179.998032 179.999680 146.442596 0.000000 -0.000000 0.000000 10.000102 -0.001772 -41.483074 179.998917 -179.998611 138.516953 179.998840 -179.999802 152.372284 0.000000 -0.000000 0.000000 20.000866 -0.009838 -25.845327 179.994797 -179.986130 141.231995 179.991547 -179.994904 154.180527
69.385361 90.667656 890.726929 178.557053 179.836304 179.829300 13.930294 -32.317924 10.240134 161.006271 164.248367 166.107361 0.268582 -8.161353 0.165858 7.080489 7.689648 3.291320 4.793396 65.853096 4.100503 174.549652 156.975220 174.645874 179.128494 176.012833 -179.599442 179.128754 176.084106 -179.290634 175.838470 177.075714 -179.354294 179.999207 -176.651031 179.219452 179.999039 -176.092972 179.191605 11.104787 -2.731559 -1.023352 175.969482 -175.792953 174.769089 5.593956 44.187672 70.147766 74.489143 -2.958505 19.248379 20.839201 7.731159 -36.832832 48.470795 48.171452 23.403454 0.000031 0.000166 14.205901 179.999985 179.999878 -170.538864 0.000000 -0.000000 0.000000 14.999073 -0.002192 63.960133 0.001285 -0.001457 52.331013 0.001362 0.000092 36.631691 0.000000 -0.000000 0.000000 179.999527 -179.998947 -113.988991 0.000761 -0.000861 66.010986 0.000731 0.000224 43.963333 0.000000 -0.000000 0.000000 169.999680 -179.999298 -118.982101 0.000447 -0.000628 61.017891 0.000507 0.000067 40.637913 0.000000 -0.000000 0.000000 160.000854 179.998184 -154.364670 179.999985 179.997009 -141.546982 179.998764 179.998428 -154.390305 168.212982 -178.000168 -177.526428 174.533493 -164.779633 114.032753 82.663231 171.379135 -179.362427 175.802063 -172.436600 -160.003418 126.470871 120.256874 141.345840 179.998230 -179.998611 162.844833 179.998596 -179.999466 168.574661 0.000000 -0.000000 0.000000 164.999756 -179.991531 128.818985 179.994507 -179.995804 138.124603 179.995163 179.999634 150.687256 0.000000 -0.000000 0.000000 180.000000 -179.999756 129.766403 179.999832 -179.999832 129.766418 179.999847 179.999969 146.544449 0.000000 -0.000000 0.000000 9.999828 0.003377 -41.333920 0.002101 0.002647 -41.333904 0.002221 0.000389 -27.528389 0.000000 -0.000000 0.000000 20.000250 -0.003094 -25.383297 179.998352 -179.995621 141.925049 179.997360 -179.998367 154.642090
69.495926 90.156303 894.119080 178.200684 179.104218 179.710022 14.975929 -33.634373 8.532643 161.561707 160.492096 167.348969 0.178824 -2.829151 -0.546419 5.108273 4.763206 2.649079 9.169472 71.057289 6.127426 175.217010 157.872070 175.083572 179.316071 176.210541 -179.494766 179.315338 176.279465 -179.126297 176.691635 177.223877 -179.075073 179.997910 -176.363953 179.178329 179.997238 -175.758087 179.149292 10.653820 -2.977410 -1.070038 176.261932 -176.239136 174.992050 4.531001 41.879326 70.266953 74.189224 -2.843745 19.278685 21.022709 8.081026 -36.964664 48.879547 48.302132 23.685396 179.999649 -179.999725 -165.885086 179.999832 -179.999771 -170.599472 0.000000 -0.000000 0.000000 14.997598 -0.005915 63.933453 0.003519 -0.003866 52.309189 0.003647 0.000315 36.616440 0.000000 -0.000000 0.000000 179.998398 -179.996399 -114.053558 0.002657 -0.002933 65.946457 0.002499 0.000837 43.920311 0.000000 -0.000000 0.000000 169.998825 -179.997375 -119.039612 0.001729 -0.002317 60.960388 0.001906 0.000256 40.599621 0.000000 -0.000000 0.000000 160.000427 179.999054 -154.598648 179.999985 179.998428 -141.898010 179.999344 179.999191 -154.624069 168.566818 -177.612228 -177.834122 173.452393 -167.099380 113.205292 84.002228 170.973053 -179.452271 176.774048 -171.324585 -160.212402 127.439445 120.235207 142.794754 179.999741 -179.999771 163.073196 179.999817 -179.999908 168.726746 0.000000 -0.000000 0.000000 165.000015 -179.988739 129.090225 179.992874 -179.994141 138.346573 179.993561 179.999771 150.842575 0.000000 -0.000000 0.000000 179.999725 179.994064 129.871414 0.004394 0.004008 -50.128628 0.003927 -0.000552 -33.385654 0.000000 -0.000000 0.000000 9.999195 0.010948 -41.342110 0.006658 0.008732 -41.342121 0.007173 0.001399 -27.533865 0.000000 -0.000000 0.000000 20.000076 -0.000815 -25.232252 179.999588 -179.998825 142.151611 179.999329 -179.999557 154.792969
69.771103 89.753120 897.547546 177.658173 179.651794 179.042770 16.398155 -33.738869 7.835332 160.645233 156.444168 168.642288 179.803116 179.524445 177.692810 4.457427 2.537867 3.004843 11.918154 76.368568 7.710195 176.253906 158.046036 175.341003 179.528778 175.855118 -179.336746 179.529099 175.932770 -178.874039 177.665115 176.986420 -178.680847 179.999146 -175.938583 179.224640 179.998413 -175.261658 179.197586 10.341623 -3.349948 -1.093985 176.780457 -176.856964 175.854736 3.391631 39.101521 70.168472 74.306854 -2.869977 19.134203 20.218964 8.357992 -37.216518 48.611362 47.852215 23.180670 179.997437 -179.999069 -165.905930 179.998520 -179.998978 -170.613342 0.000000 -0.000000 0.000000 14.998233 -0.004245 64.905624 0.002564 -0.002755 53.104603 0.002621 0.000293 37.173206 0.000000 -0.000000 0.000000 179.998734 -179.997177 -113.480598 0.002093 -0.002283 66.519386 0.001944 0.000691 44.301918 0.000000 -0.000000 0.000000 169.998596 -179.996918 -118.712593 0.002046 -0.002697 61.287361 0.002233 0.000342 40.817417 0.000000 -0.000000 0.000000 160.000076 179.999847 -154.802994 180.000000 179.999756 -142.204468 179.999893 179.999863 -154.828186 169.359436 -176.987244 -178.193741 171.741882 -169.680023 112.778847 84.905754 170.624329 -179.119461 178.974258 -170.195358 -160.944885 126.933739 119.803871 142.577240 0.006774 0.004547 -16.711569 0.005199 0.001580 -11.129908 0.000000 -0.000000 0.000000 165.000046 179.998215 129.725891 0.001147 0.000901 -41.133381 0.001018 -0.000052 -28.793365 0.000000 -0.000000 0.000000 179.999786 179.983948 129.781631 0.012277 0.010354 -50.218376 0.010528 -0.001922 -33.445427 0.000000 -0.000000 0.000000 9.999066 0.023988 -41.588600 0.015415 0.018406 -41.588585 0.015828 0.002224 -27.697998 0.000000 -0.000000 0.000000 19.999905 0.001393 -25.167885 0.000762 0.001961 -37.751831 0.001203 0.000713 -25.142717
70.023849 89.660149 900.819092 177.250076 -179.534363 177.895950 14.500551 -32.744946 8.521840 162.272110 151.913834 170.927567 179.736069 177.642914 175.943802 4.476178 0.390703 3.961348 12.610662 81.219017 8.259930 177.097244 159.169281 175.538483 179.734482 175.225906 -179.110443 179.735001 175.317154 -178.505127 178.594864 176.565979 -178.128143 0.000650 -4.680964 -0.667441 0.000278 -5.461383 -0.690490 10.237591 -3.890541 -1.123301 177.113586 -177.507187 176.860245 3.232651 35.470322 70.632080 73.804916 -2.755431 18.634972 18.917068 8.544279 -37.690765 47.797901 46.343315 22.414019 179.995880 -179.997314 -165.542999 179.997803 -179.997574 -170.371643 0.000000 -0.000000 0.000000 14.997302 -0.003567 66.197487 0.001790 -0.003197 54.161545 0.002548 -0.000287 37.913078 0.000000 -0.000000 0.000000 0.001625 0.002163 67.633598 179.998627 179.997650 -112.366425 179.998215 -179.999756 -134.956039 0.000000 -0.000000 0.000000 169.997787 -179.996857 -117.806450 0.001763 -0.003416 62.193523 0.002562 -0.000008 41.420906 0.000000 -0.000000 0.000000 160.000427 179.999359 -154.819580 0.000158 0.001142 37.770599 179.999619 179.999329 -154.844772 169.714798 -176.446472 -178.592102 170.855988 -172.068588 112.626549 84.045319 169.824219 -178.821198 3.525912 -11.779136 17.529329 129.459671 120.488823 144.942093 0.022605 0.014179 -16.923344 0.017205 0.004428 -11.270957 0.000000 -0.000000 0.000000 165.001022 179.981964 129.903549 0.011940 0.008725 -40.988003 0.010308 -0.000927 -28.691614 0.000000 -0.000000 0.000000 0.000391 0.014639 -50.915924 0.011667 0.008845 -50.915920 0.009456 -0.002383 -33.909996 0.000000 -0.000000 0.000000 10.000165 0.021663 -42.633228 0.014964 0.015653 -42.633236 0.014403 0.000787 -28.393719 0.000000 -0.000000 0.000000 19.999886 0.006401 -25.148996 0.003964 0.008742 -37.723499 0.005658 0.002972 -25.123844
70.464676 89.704605 904.193420 176.683868 -179.502869 176.304474 10.675885 -31.999279 10.457696 165.267136 147.503571 172.830307 0.276223 1.381554 -6.312953 4.357516 -2.525625 5.253936 10.676795 86.425987 5.923020 178.024643 161.552109 176.138107 179.966400 174.786484 -178.814911 179.964981 174.888763 -178.025055 179.596832 176.312210 -177.419220 0.000802 -5.401232 -0.511554 0.000864 -6.301682 -0.529308 10.351896 -4.517670 -1.152525 177.662155 -178.411758 177.916397 3.704848 30.813732 71.516670 72.882668 -2.581299 17.786295 18.667429 8.413624 -37.625435 47.261730 45.419449 23.720259 179.999741 -179.999741 -164.406113 179.999878 -179.999786 -169.614471 0.000000 -0.000000 0.000000 14.998403 -0.001829 67.041382 0.000875 -0.001782 54.852039 0.001369 -0.000202 38.396416 0.000000 -0.000000 0.000000 0.000330 0.000392 67.077721 179.999771 179.999557 -112.922272 179.999664 -179.999985 -135.326233 0.000000 -0.000000 0.000000 169.998688 -179.998306 -117.064255 0.000911 -0.001939 62.935711 0.001423 -0.000037 41.915203 0.000000 -0.000000 0.000000 159.999832 -179.999756 -155.004044 179.999939 -179.999573 -142.506058 0.000132 -0.000257 24.970968 169.944260 -176.214981 -178.930054 170.859238 -174.242081 112.334785 85.542709 170.598785 -179.049500 4.977077 -12.282188 16.888536 133.410950 122.166687 146.134491 0.022483 0.014895 -18.579954 0.017469 0.004294 -12.374249 0.000000 -0.000007 0.000000 165.000916 179.986404 128.842010 0.009188 0.006325 -41.856544 0.007737 -0.001059 -29.299578 0.000000 -0.000007 0.000000 0.000269 0.007258 -51.849781 0.005893 0.004235 -51.849796 0.004629 -0.001372 -34.531952 0.000000 -0.000007 0.000000 10.000169 0.008488 -44.058636 0.006058 0.005947 -44.058628 0.005652 0.000018 -29.343046 0.000000 -0.000007 0.000000 19.999996 0.000365 -25.611479 0.000235 0.000487 -38.417240 0.000321 0.000164 -25.585875
70.885483 89.998886 907.749634 175.970764 -179.482452 174.670502 7.363625 -30.827499 12.608570 167.471970 142.413712 173.857468 0.588477 -4.002894 -7.389876 3.780313 -5.449192 6.789719 63.970501 90.710716 58.354630 178.577423 163.600357 177.047821 0.256800 5.756866 1.480014 0.253414 5.638873 2.445686 0.828069 3.950237 3.318884 179.998810 -173.839508 179.620758 179.998016 -172.812607 179.607941 10.272767 -5.176581 -1.179774 177.887985 -179.084396 179.027740 4.834445 25.560259 72.288925 71.582893 -2.495963 16.718111 18.496914 8.001061 -37.377075 46.842377 45.022022 23.624269 179.999939 179.997635 -164.156235 179.999557 179.998505 -169.448044 180.000000 180.000000 -179.999985 15.000403 0.000519 67.662544 179.999741 179.999527 -124.639725 179.999619 179.999954 -141.247803 180.000000 180.000000 -179.999985 0.001621 0.002150 67.054047 179.998672 179.997665 -112.945938 179.998230 -179.999802 -135.341995 180.000000 180.000000 -179.999985 169.999969 -179.999924 -116.516472 0.000040 -0.000061 63.483509 0.000054 -0.000003 42.280025 180.000000 180.000000 -179.999985 159.999893 -179.999786 -154.936234 179.999969 -179.999634 -142.404358 0.000128 -0.000210 25.038702 169.688049 -176.043579 -179.244492 172.005630 -176.382919 111.679863 88.600204 172.118423 -179.762909 2.933769 -11.164205 16.868963 136.550049 123.396355 143.035568 0.008507 0.004970 -21.875368 0.006511 0.000915 -14.568996 0.000000 -0.000000 0.000000 165.002197 179.987549 127.473076 0.009220 0.004694 -42.976570 0.006950 -0.002051 -30.083595 0.000000 -0.000000 0.000000 0.001927 0.010939 -52.512142 0.009904 0.005053 -52.512142 0.006658 -0.003234 -34.973087 0.000000 -0.000000 0.000000 10.001808 0.010650 -44.867912 0.008854 0.006194 -44.867908 0.007079 -0.001282 -29.882023 0.000000 -0.000000 0.000000 19.999849 -0.001033 -25.669212 179.999130 -179.998703 141.496185 179.999008 -179.999710 154.356461
71.264793 89.970711 911.191772 175.454712 -179.081467 173.463684 5.062158 -29.558563 15.004175 166.612625 138.989746 172.179596 1.855281 -7.719781 -8.011851 2.941436 -7.229641 8.032152 34.576698 93.410431 28.070053 178.748489 165.952484 178.263245 0.499491 6.371007 1.690067 0.496286 6.236697 2.774451 1.818190 4.265018 3.857949 179.998138 -173.222046 179.757462 179.997040 -172.092407 179.749420 10.241841 -5.715132 -1.186130 178.131653 -179.735886 -179.982803 6.561758 20.037546 72.797318 70.062965 -2.574498 15.453197 18.442469 7.443740 -36.996620 48.050385 45.741985 23.241230 179.998962 179.998032 -165.110596 179.999008 179.998917 -170.083649 0.000000 -0.000000 0.000003 15.000779 0.001298 67.499519 179.999268 179.999008 -124.773132 179.999130 -179.999985 -141.341187 0.000000 -0.000000 0.000003 0.001183 0.002131 66.256363 179.998550 179.998047 -113.743645 179.998413 -179.999649 -135.873276 0.000000 -0.000000 0.000003 170.000137 179.999771 -116.481461 179.999847 179.999786 -116.481483 179.999832 -179.999985 -137.696671 0.000000 -0.000000 0.000003 159.999710 -179.999313 -154.876663 0.000035 -0.001134 37.684998 0.000483 -0.000580 25.098209 169.217926 -176.294830 -179.480225 174.139069 -178.440613 110.441559 91.635078 173.645737 178.862305 1.924823 -10.861876 17.099123 140.274017 125.496338 144.089981 0.000429 -0.002314 -23.490583 179.999680 -179.998459 164.355255 0.000000 -0.000000 0.000000 164.999741 -179.999008 125.810066 179.999222 -179.999695 135.662796 179.999466 179.999771 148.963943 0.000000 -0.000000 0.000000 0.000498 0.001702 -53.929024 0.001673 0.000594 -53.929020 0.000973 -0.000676 -35.916729 0.000000 -0.000000 0.000000 10.002678 0.009030 -46.120728 0.008434 0.004207 -46.120720 0.005883 -0.002181 -30.716410 0.000000 -0.000000 0.000000 20.000916 0.003256 -25.478249 0.003365 0.003797 -38.217358 0.003334 0.000571 -25.452774
71.549759 89.980789 914.475159 174.667267 179.647202 172.403580 2.174789 -29.469439 17.465420 165.653198 136.544235 169.125809 4.026378 -10.921676 -7.778250 0.207600 -10.325775 9.325786 33.987568 96.166435 24.478958 179.123260 167.653030 179.794434 0.776248 6.420316 1.876222 0.775618 6.280508 3.064939 3.031658 4.146879 4.354321 179.999069 -172.557770 179.823624 179.998138 -171.317383 179.817841 10.049013 -6.290053 -1.225482 178.624252 179.427887 -179.388351 8.421861 13.671322 73.163857 67.104706 -3.209774 14.272945 20.460669 7.191071 -36.096886 51.367855 47.959229 26.323292 179.942230 179.936386 -165.781372 179.952835 179.967590 -170.530380 0.000000 -0.000000 0.000000 14.996952 -0.017367 65.987335 0.011982 -0.008016 53.989582 0.009469 0.003523 37.792717 0.000000 -0.000000 0.000000 179.997864 -179.986420 -115.987801 0.011314 -0.007828 64.012184 0.007986 0.004494 42.632130 0.000000 -0.000000 0.000000 169.995956 -179.970276 -117.023407 0.024745 -0.016939 62.976624 0.017478 0.009675 41.942417 0.000000 -0.000000 0.000000 160.002289 179.980942 -154.344391 179.990891 179.972702 -141.516571 179.983994 179.989441 -154.370041 167.962189 -176.793701 -179.529587 177.786591 179.856949 108.200874 97.847443 175.363434 176.114441 177.534317 -170.477127 -161.652725 140.840134 126.044205 147.197128 179.902985 -179.942032 157.792099 179.925781 -179.987534 165.209534 0.000000 -0.000000 0.000000 165.111115 179.775833 123.844154 0.203806 0.019048 -45.945827 0.106069 -0.096335 -32.162197 0.000000 -0.000000 0.000000 0.179706 0.335488 -55.596996 0.380160 0.017858 -55.597492 0.142274 -0.209788 -37.028210 0.000000 -0.000000 0.000000 10.216016 0.398756 -47.977615 0.447470 0.073786 -47.978149 0.224067 -0.202580 -31.954016 0.000000 -0.000000 0.000000 20.091108 0.182497 -24.862938 0.246808 0.180808 -37.294262 0.203400 -0.012233 -24.838259
71.563164 89.960945 917.708191 173.725418 178.787094 172.552292 2.012288 -29.247561 19.917137 162.053070 135.280563 163.805496 5.314301 -13.920859 -7.579040 177.675858 -166.596634 -169.414810 36.014004 98.046295 23.555075 178.164917 169.943146 -178.374863 1.048747 6.309845 1.871579 1.047617 6.166739 3.040180 4.326090 3.928802 4.423339 179.999771 -172.325150 179.626694 179.999359 -171.046143 179.613632 9.459412 -6.478261 -1.320419 178.484268 179.313797 -179.169266 10.703658 8.810664 72.859749 66.518555 -3.234648 12.414060 19.866707 6.675310 -35.645420 55.312634 50.154224 28.865231 179.951157 179.947952 -167.030685 179.960968 179.972870 -171.362427 0.000000 -0.000000 0.000000 14.996389 -0.053760 65.783875 0.039150 -0.020289 53.823128 0.027510 0.013982 37.676224 0.000000 -0.000000 0.000000 179.997375 -179.956619 -116.164398 0.037987 -0.021114 63.835644 0.023627 0.016708 42.514507 0.000000 -0.000000 0.000000 169.996872 -179.938950 -116.957443 0.053436 -0.029692 63.042549 0.033480 0.023172 41.986355 0.000000 -0.000000 0.000000 160.001022 179.980850 -154.654465 179.989182 179.973358 -141.981659 179.983444 179.990341 -154.679749 167.587326 -176.481186 -179.832703 0.490446 3.043321 -74.342247 103.014130 177.091583 173.376434 172.827362 -172.434540 -160.587875 143.406616 127.875351 151.074722 179.860168 -179.922806 158.229889 179.894806 -179.984146 165.501053 0.000000 -0.000000 0.000000 165.157333 179.720398 121.826134 0.262520 -0.000258 -47.597149 0.119163 -0.139886 -33.318092 0.000000 -0.000000 0.000000 0.235429 0.396734 -58.841576 0.460494 -0.027887 -58.842442 0.127002 -0.279854 -39.189350 0.000000 -0.000000 0.000000 10.244115 0.416943 -52.381680 0.482437 0.026482 -52.382378 0.195125 -0.255970 -34.887245 0.000000 -0.000000 0.000000 20.143007 0.264386 -26.143425 0.381488 0.240293 -39.214809 0.295535 -0.053416 -26.117731
71.985504 90.276100 921.418091 173.754471 178.662415 173.227341 0.763571 -26.006260 20.046116 162.684067 135.477631 162.551102 6.030515 -16.393997 -7.590630 175.353653 -164.246719 -168.474655 37.697247 99.195572 23.481384 176.786926 172.156311 -177.037689 1.105553 6.220756 1.784765 1.104624 6.079016 2.891227 4.636254 3.862124 4.249248 0.000486 -7.612307 -0.524814 0.000364 -8.880589 -0.543360 9.085379 -6.416326 -1.366081 178.604218 179.070312 -179.044952 12.827344 4.708318 72.695770 66.637436 -2.628992 10.453321 19.320381 6.652050 -35.259426 58.349495 51.859715 29.665209 179.976883 179.973511 -168.593613 179.981583 179.985565 -172.403351 0.000000 -0.000000 0.000000 14.998323 -0.063901 66.445351 0.047677 -0.021505 54.364315 0.031489 0.018694 38.055031 0.000000 -0.000000 0.000000 179.998550 -179.957153 -115.517624 0.038254 -0.019368 64.482399 0.022472 0.017627 42.945248 0.000000 -0.000000 0.000000 169.997635 -179.924011 -116.250465 0.067748 -0.034519 63.749481 0.040126 0.030902 42.457203 0.000000 -0.000000 0.000000 160.000259 179.993591 -155.102112 179.996338 179.991089 -142.653152 179.994461 179.996750 -155.127014 168.099014 -176.331818 179.919647 2.001253 6.471394 -76.350388 103.371071 176.885651 171.282425 175.473709 -169.088364 -160.267487 140.794357 128.371262 154.331345 179.939514 -179.977158 160.955032 179.956970 -179.998245 167.316040 0.000003 0.000003 0.000000 165.146591 179.810135 118.958908 0.192426 -0.038560 -49.943027 0.061769 -0.122720 -34.960117 0.000003 0.000003 0.000000 0.179626 0.231717 -63.479137 0.283514 -0.074842 -63.479725 0.029865 -0.193038 -42.277424 0.000003 0.000003 0.000000 10.168690 0.227398 -57.486561 0.280743 -0.036948 -57.486965 0.071105 -0.174721 -38.286396 0.000003 0.000003 0.000000 20.104103 0.154530 -29.197409 0.255439 0.113409 -43.796047 0.171698 -0.072003 -29.168440
72.559158 90.537956 924.986450 174.111038 178.191040 173.824707 178.597092 -158.433472 -161.677063 167.051788 136.505386 164.905869 6.260949 -18.663168 -7.652841 171.561188 -160.304962 -166.410416 36.034645 100.982140 19.482313 175.308640 173.779999 -176.429367 1.153816 5.983033 1.736379 1.152946 5.845772 2.809914 4.896696 3.686345 4.145614 0.000998 -7.473872 -0.740754 0.001262 -8.719178 -0.767141 8.353285 -6.292389 -1.405038 178.507645 179.115479 -179.217758 14.661094 1.123034 73.088593 67.384384 -1.410472 8.331190 18.537951 7.210661 -34.967583 60.783520 53.291592 30.099705 179.999466 179.998062 -169.955673 179.999451 179.998795 -173.310471 180.000000 180.000000 -180.000000 14.995441 -0.045017 67.636620 0.032820 -0.017120 55.339058 0.022827 0.012251 38.737373 180.000000 180.000000 -180.000000 179.997314 -179.978073 -114.609756 0.018874 -0.011449 65.390213 0.012139 0.008302 43.549900 180.000000 180.000000 -180.000000 169.994110 -179.953171 -114.745399 0.040321 -0.024488 65.254555 0.025878 0.017814 43.459576 180.000000 180.000000 -180.000000 159.998871 -179.991714 -155.391006 0.003703 -0.012001 36.913445 0.006789 -0.004901 24.584391 168.789215 -175.827682 179.527130 2.296286 10.270261 -77.516060 105.004593 178.877716 169.580948 174.571671 -168.790710 -160.244949 140.336456 130.117935 155.915146 179.940384 -179.980133 161.608673 179.958130 -179.999298 167.751358 0.000000 -0.000000 0.000000 165.141495 179.843063 115.785942 0.163526 -0.056217 -52.538982 0.034211 -0.116117 -36.777275 0.000000 -0.000000 0.000000 0.139154 0.159705 -67.921898 0.196413 -0.079387 -67.922241 179.993988 -179.859009 134.763901 0.000000 -0.000000 0.000000 10.243896 0.285266 -59.498913 0.361823 -0.100306 -59.499805 0.045394 -0.246133 -39.626781 0.000000 -0.000000 0.000000 20.079741 0.109350 -32.065250 0.191605 0.067060 -48.097870 0.115486 -0.070366 -32.033329
73.198204 90.828705 928.431824 174.392059 177.515503 174.158997 177.274246 -161.048233 -162.947464 168.651474 137.030991 165.510284 6.830501 -20.448648 -7.559522 169.695343 -156.487305 -164.665726 34.093121 101.357536 17.276733 173.048477 177.159760 -175.465408 1.242323 5.541704 1.722818 1.241286 5.411438 2.788255 5.340729 3.338191 4.109879 0.000561 -7.159231 -0.934450 0.000860 -8.352317 -0.967936 7.404778 -6.026087 -1.390506 177.921021 179.081512 -179.339920 16.271667 -2.021416 73.761826 68.732643 0.418561 6.537022 17.812635 7.539485 -34.779179 55.872108 52.551640 30.230219 179.909058 179.838089 -167.054184 179.921432 179.904358 -171.378082 0.000000 -0.000000 0.000000 14.993392 -0.030589 68.548965 0.021418 -0.014025 56.085522 0.016471 0.007073 39.259850 0.000000 -0.000000 0.000000 179.995972 -179.983673 -114.185371 0.013296 -0.010300 65.814583 0.009859 0.005291 43.832550 0.000000 -0.000000 0.000000 169.994278 -179.977600 -113.667137 0.018320 -0.014123 66.332802 0.013471 0.007447 44.177670 0.000000 -0.000000 0.000000 159.999817 -179.999237 -155.155197 0.000209 -0.001155 37.267212 0.000576 -0.000515 24.819962 169.578796 -175.555603 179.029419 1.517008 14.361531 -77.811028 106.103241 -178.410339 168.487869 173.720642 -168.369812 -160.854691 138.855286 130.927002 156.954742 179.952652 -179.983246 162.641647 179.966599 -179.998062 168.439331 0.000000 -0.000003 0.000000 165.106934 179.893921 111.942924 0.111054 -0.053421 -55.683208 0.010203 -0.085673 -38.978249 0.000000 -0.000003 0.000000 0.087056 0.092084 -72.168800 0.112068 -0.059172 -72.168991 179.982605 -179.917404 131.935516 0.000000 -0.000003 0.000000 10.067522 0.077845 -69.164253 0.095544 -0.038641 -69.164352 179.996689 -179.931427 133.936554 0.000000 -0.000003 0.000000 20.045855 0.059973 -34.995411 0.108998 0.030774 -52.493137 0.058998 -0.047014 -34.960480
73.974403 91.198746 932.026306 174.743164 177.011536 174.251404 177.669113 -163.292358 -165.129486 170.303329 137.104462 168.178894 6.322797 -22.069275 -7.814996 167.936996 -152.837769 -163.070053 31.297512 100.962677 14.565498 171.704376 179.426285 -175.635513 1.278771 5.152439 1.717280 1.277691 5.029040 2.782892 5.536744 3.049392 4.074865 180.000000 -173.183884 179.034775 0.000404 -7.952086 -1.000039 6.529135 -5.749801 -1.283844 177.809799 179.574722 -179.414917 17.330881 -4.466708 74.699974 71.197090 2.632656 5.156441 16.671888 7.141036 -34.682182 61.961060 53.419846 22.489115 179.999176 -179.996933 -174.463531 179.999649 -179.997910 -176.312714 0.000000 -0.000003 -0.000003 14.990944 -0.026516 69.153008 0.017742 -0.014517 56.579735 0.015297 0.004851 39.605820 0.000000 -0.000003 -0.000003 0.008522 0.022207 66.676163 179.983109 179.983276 -113.323837 179.985275 -179.994156 -135.593689 0.000000 -0.000003 -0.000003 169.993240 -179.982391 -113.197784 0.013568 -0.013087 66.802223 0.011547 0.004930 44.490261 0.000000 -0.000003 -0.000003 159.997726 -179.994080 -155.218506 0.000657 -0.009488 37.172253 0.004181 -0.004757 24.756699 170.709152 -175.389023 178.732407 0.044129 18.701530 -77.686493 106.414429 -175.462891 168.040314 172.919144 -167.861450 -162.011414 136.834045 130.631393 158.275467 179.975006 -179.986526 164.311432 179.981644 -179.995422 169.551407 0.000000 -0.000003 0.000000 165.072174 179.934616 108.316055 0.067901 -0.041733 -58.650528 179.998245 -179.944229 138.944626 0.000000 -0.000003 0.000000 0.049072 0.048205 -75.543884 0.057888 -0.037187 -75.543983 179.984604 -179.956833 129.687759 0.000000 -0.000003 0.000000 10.034454 0.037251 -72.100525 0.045567 -0.022365 -72.100555 179.994537 -179.966644 131.981064 0.000000 -0.000003 0.000000 20.045700 0.055643 -36.445641 0.105750 0.022058 -54.668480 0.050655 -0.051136 -36.409264
74.976173 91.673569 935.818115 175.243073 176.718674 174.238937 178.453049 -166.636002 -168.132217 172.503036 138.807495 172.264557 5.774413 -22.539103 -7.970847 166.497375 -149.530243 -161.927475 27.128077 100.338356 10.885470 170.854156 -177.633911 -175.945557 1.334121 4.818879 1.703446 1.333045 4.701106 2.761288 5.819896 2.794424 4.028721 179.999542 -173.556229 179.063049 179.999893 -172.482224 179.029175 5.309577 -5.458869 -1.111736 177.617584 -179.943283 -179.434296 18.448263 -6.708781 75.465149 72.578621 3.726897 4.044310 17.501625 7.204723 -34.532207 62.982071 52.987953 20.190020 179.966034 179.991302 -176.097748 179.976898 179.996582 -177.401123 0.000000 -0.000003 0.000000 14.978953 -0.050165 69.141571 0.032800 -0.030091 56.570335 0.030120 0.007998 39.599247 0.000000 -0.000003 0.000000 179.975876 -179.947083 -115.193192 0.038590 -0.043488 64.806847 0.036948 0.011622 43.161362 0.000000 -0.000003 0.000000 169.990204 -179.979187 -112.959198 0.015495 -0.016990 67.040810 0.014417 0.005189 44.649185 0.000000 -0.000003 0.000000 159.995071 -179.989395 -155.209824 0.000038 -0.017549 37.185299 0.007138 -0.009270 24.765421 171.632278 -175.339127 178.667969 178.041306 157.026398 102.271988 105.597084 -173.342667 168.344849 172.572403 -166.861115 -163.468491 134.754547 129.201950 160.270203 179.990158 -179.992844 166.599762 179.992569 -179.996750 171.075439 0.000007 0.000003 0.000000 165.042664 179.963165 104.961739 0.037349 -0.027050 -61.394978 179.995178 -179.968079 137.023544 0.000007 0.000003 0.000000 0.026331 0.024520 -78.095604 0.028983 -0.021330 -78.095573 179.989700 -179.978363 127.988319 0.000007 0.000003 0.000000 10.016292 0.016647 -74.152954 0.020298 -0.011430 -74.153030 179.996201 -179.984970 130.614090 0.000007 0.000003 0.000000 20.008167 0.009508 -40.143654 0.018569 0.002825 -60.215473 0.007675 -0.009883 -40.103500
75.921738 92.093933 939.359558 175.500397 176.108414 174.195786 0.143508 -11.217267 9.812341 172.771225 140.516602 174.956039 5.135914 -21.919313 -8.085130 165.684509 -146.068695 -161.160110 23.918325 97.008957 8.280704 170.424118 -177.370850 -176.623520 1.425727 4.354269 1.658779 1.424718 4.244288 2.688221 6.293067 2.440710 3.912787 179.999069 -173.950104 179.138794 179.999405 -172.941696 179.107498 3.914106 -5.150586 -0.907767 177.564957 -179.544525 -179.392181 19.837675 -8.807956 75.819832 74.035828 4.429468 2.779347 17.275415 6.734562 -34.652470 53.982021 51.957035 26.000990 179.898087 179.809677 -168.016251 179.913071 179.885223 -172.018814 0.000000 -0.000000 0.000000 14.989089 -0.020386 71.199509 0.013072 -0.013680 58.254131 0.012929 0.002868 40.777882 0.000000 -0.000000 0.000000 179.988953 -179.980774 -112.956940 0.013609 -0.017503 67.043091 0.014233 0.003950 44.650681 0.000000 -0.000000 0.000000 169.989960 -179.982620 -112.356087 0.012427 -0.015787 67.643906 0.012834 0.003783 45.050838 0.000000 -0.000000 0.000000 159.992813 -179.987320 -155.010941 179.998489 -179.978195 -142.516403 0.008156 -0.012068 24.964054 172.313156 -175.453934 178.777634 176.196945 153.185303 101.873116 106.104431 -170.768997 168.305389 170.895966 -167.592819 -164.730728 133.062134 127.823166 162.805740 0.001110 0.000090 -11.030037 0.000734 -0.000079 -7.346005 0.000000 -0.000000 0.000000 165.023132 179.980453 102.064476 0.019241 -0.015622 -63.765438 179.995850 -179.983154 135.364197 0.000000 -0.000000 0.000000 0.013160 0.011651 -80.081253 0.013584 -0.011157 -80.081268 179.994110 -179.989883 126.665871 0.000000 -0.000000 0.000000 9.999926 -0.000079 -75.949631 179.999908 179.999939 104.050331 0.000018 0.000065 -50.582466 0.000000 -0.000000 0.000000 19.999010 -0.001057 -41.222973 179.997833 -179.999786 118.165604 179.999207 179.998810 138.818237
76.817474 92.672661 942.954651 175.869110 175.404999 174.295959 2.847958 -10.005070 8.857718 171.254044 142.647675 176.251938 3.985721 -19.428829 -8.172810 164.933990 -142.791275 -160.968918 16.811077 92.755135 1.633663 170.656158 -175.289490 -177.082443 1.504528 3.842989 1.569335 1.503542 3.742438 2.543344 6.719816 2.079426 3.690589 179.998520 -174.368317 179.243759 179.998840 -173.429565 179.216034 2.487891 -4.816761 -0.698252 177.488876 -179.177979 -179.205505 21.469625 -10.608567 75.656242 75.892151 5.155025 1.523320 14.572854 5.259289 -35.449730 69.766869 53.420921 24.308409 179.929901 179.969482 -177.978439 179.951920 179.983154 -178.653641 0.000000 -0.000000 0.000000 15.010389 0.018138 73.215233 179.988358 179.987488 -120.096649 179.988312 -179.997406 -138.067627 0.000000 -0.000000 0.000000 0.016162 0.028168 69.161774 179.979767 179.974594 -110.838234 179.979324 -179.993652 -133.938263 0.000000 -0.000000 0.000000 170.015503 179.971848 -110.386459 179.979340 179.975388 -110.386467 179.979767 -179.993011 -133.637405 0.000000 -0.000000 0.000000 160.006317 179.987503 -153.728500 0.000362 0.020997 39.407253 179.991394 179.988968 -153.754791 173.784576 -175.278046 179.282761 173.289917 149.404755 100.733109 105.061249 -170.013062 168.832077 170.399094 -167.018555 -165.710510 129.449890 125.939362 160.542847 179.996033 -179.995346 170.010040 179.996887 -179.997375 173.346680 0.000000 -0.000000 0.000000 165.009567 179.992004 99.550201 0.007653 -0.006763 -65.822556 179.997787 -179.993195 133.924194 0.000000 -0.000000 0.000000 0.007184 0.006087 -81.444275 0.006998 -0.006292 -81.444321 179.996506 -179.994797 125.758102 0.000000 -0.000000 0.000000 10.004789 0.004268 -75.547188 0.005290 -0.003626 -75.547195 179.998520 -179.995987 129.685577 0.000000 -0.000000 0.000000 19.998852 -0.001115 -41.151711 179.997620 -179.999863 118.272415 179.999176 179.998642 138.889435
77.705292 93.345329 946.731567 176.355179 174.762726 174.599487 5.346893 -7.623188 7.817550 169.170242 144.475098 177.217834 3.591248 -17.475981 -8.494987 164.380890 -139.920761 -161.336502 27.270277 87.621925 12.492655 171.421738 -173.536285 -177.332733 1.549856 3.350183 1.435858 1.548817 3.260138 2.327836 6.993295 1.768247 3.366769 179.997833 -174.812378 179.367188 179.998169 -173.947617 179.343658 1.219279 -4.452772 -0.506501 177.844009 -178.741241 -179.054108 22.904612 -11.885752 75.218285 76.494370 5.124554 -0.081578 16.083958 4.635709 -35.126080 58.776047 51.942123 25.597046 179.968781 179.925201 -170.862106 179.972687 179.953415 -173.914154 0.000000 -0.000000 0.000000 14.980392 -0.038442 71.325874 0.025135 -0.024784 58.357552 0.023927 0.006221 40.850269 0.000000 -0.000000 0.000000 179.967529 -179.931412 -113.958702 0.051588 -0.055685 66.041252 0.047351 0.017804 43.983486 0.000000 -0.000000 0.000000 169.984024 -179.964325 -112.834702 0.027225 -0.028050 67.165260 0.024110 0.009862 44.732086 0.000000 -0.000000 0.000000 159.987976 -179.969849 -155.110794 0.003648 -0.048580 37.333794 0.022058 -0.023796 24.864298 174.774323 -175.277817 179.873886 170.876678 146.184250 99.369629 103.911926 -169.805496 169.440186 169.801453 -166.801682 -166.400513 129.031693 125.409431 163.320526 179.999466 -179.998840 171.711197 179.999542 -179.999298 174.479660 180.000000 -179.999985 -179.999985 165.003952 179.996307 97.646339 0.003406 -0.002852 -67.380280 179.999069 -179.997025 132.833817 180.000000 -179.999985 -179.999985 179.998672 -179.998825 96.678619 179.998688 179.998825 96.678642 0.000669 0.000958 -55.492016 180.000000 -179.999985 -179.999985 9.998278 -0.001496 -76.932518 179.998154 179.998672 103.067505 0.000579 0.001403 -51.237041 180.000000 -179.999985 -179.999985 19.995564 -0.003973 -41.266056 179.991074 -179.999786 118.100937 179.996994 179.994858 138.775223
78.534714 94.043739 950.552368 176.851990 174.298889 175.087494 7.696146 -5.070856 7.109100 166.112671 146.944382 177.243042 4.027438 -14.159596 -8.523881 164.860458 -137.504456 -163.010223 19.931278 81.672340 6.096767 172.733688 -172.123810 -177.368042 1.597677 2.919517 1.256593 1.596573 2.840064 2.035850 7.275697 1.523343 2.950985 179.997238 -175.281433 179.501984 179.997467 -174.494827 179.483185 0.056282 -4.060473 -0.328571 178.150391 -178.562256 -178.876282 25.016100 -13.043387 73.921555 77.877487 5.411507 -1.980443 16.379015 3.308744 -35.069649 69.561203 53.064129 29.389433 179.996811 -179.987564 -175.297791 179.998672 -179.991547 -176.868317 0.000000 -0.000000 0.000000 14.997398 -0.006411 73.966202 0.004465 -0.003478 60.517811 0.003659 0.001523 42.362461 0.000000 -0.000000 0.000000 0.000413 0.001173 70.983002 179.999023 179.999222 -109.017014 179.999313 -179.999557 -132.725296 0.000000 -0.000000 0.000000 169.999344 -179.997833 -110.304283 0.001817 -0.001353 69.695709 0.001272 0.000818 46.417336 0.000000 -0.000000 0.000000 159.999176 -179.996490 -153.000916 0.001289 -0.005277 40.498665 0.002938 -0.002102 26.972109 175.746552 -175.222443 -179.340897 168.280350 143.383209 97.690369 102.829895 -169.908966 170.008591 169.439148 -166.472183 -166.679489 127.775856 124.990891 163.577072 0.000114 -0.000287 -7.439720 0.000056 -0.000199 -4.954848 0.000000 -0.000000 0.000000 165.001083 179.998901 96.396744 0.000995 -0.000793 -68.402679 179.999741 -179.999146 132.118118 0.000000 -0.000000 0.000000 179.998337 -179.998535 96.889786 179.998322 179.998535 96.889793 0.000838 0.001234 -55.351402 0.000000 -0.000000 0.000000 9.998061 -0.001629 -76.617325 179.997971 179.998520 103.382698 0.000643 0.001558 -51.027126 0.000000 -0.000000 0.000000 19.996031 -0.003290 -40.273499 179.992279 -179.999939 119.589752 179.997345 179.995590 139.766785
79.286247 94.743561 954.461853 177.288986 174.079346 175.699112 9.988707 -2.448225 6.810840 162.482040 149.341415 176.677551 5.079422 -9.969397 -8.361762 166.112152 -135.834732 -165.391647 14.979252 74.758232 2.411861 174.465469 -171.266541 -177.204483 1.639248 2.567424 1.043523 1.637974 2.498198 1.686957 7.521805 1.354381 2.470428 179.996704 -175.774857 179.662094 179.996658 -175.070496 179.649094 179.125092 -176.359726 179.835190 178.842636 -178.428146 -178.864746 26.500338 -13.728519 72.646484 79.437454 5.809253 -3.654372 17.168282 2.722749 -34.546482 69.046547 53.181641 31.650513 179.995682 -179.984848 -173.878555 179.998398 -179.989624 -175.923126 0.000000 0.000003 0.000000 14.998200 -0.004655 74.373978 0.003279 -0.002441 60.851448 0.002604 0.001180 42.596031 0.000000 0.000003 0.000000 0.000551 0.001674 70.922783 179.998596 179.998947 -109.077232 179.999039 -179.999344 -132.765442 0.000000 0.000003 0.000000 169.993362 -179.974396 -110.593521 0.021870 -0.014892 69.406456 0.014289 0.010329 46.224709 0.000000 0.000003 0.000000 160.000000 -179.999954 -152.732285 0.000021 -0.000081 40.901562 0.000050 -0.000026 27.240448 176.858337 -175.114914 -178.422821 165.757797 140.455231 95.951675 101.378098 -170.164017 170.335373 169.139969 -166.337173 -166.735214 126.415764 124.638275 163.148315 0.000045 -0.000014 -6.886735 0.000031 -0.000012 -4.586559 0.000000 0.000000 -0.000003 164.999756 -179.999756 95.639481 179.999786 179.999832 110.977798 0.000055 0.000186 -48.315548 0.000000 0.000000 -0.000003 0.000334 0.000261 -82.117203 0.000300 -0.000287 -82.117195 179.999847 -179.999771 125.309944 0.000000 0.000000 -0.000003 9.998762 -0.000893 -75.851501 179.998825 179.999023 104.148514 0.000434 0.000926 -50.517078 0.000000 0.000000 -0.000003 19.998440 -0.001053 -38.526089 179.997177 179.999802 122.210884 179.999084 179.998337 141.512451
79.926796 95.401367 958.534058 177.699432 174.198837 176.375519 11.577068 0.700842 7.015863 159.009918 151.994370 175.680252 6.788258 -4.992892 -8.021701 167.951492 -135.039658 -168.253998 10.418494 68.756638 -0.513084 176.503036 -168.906937 -176.792801 1.673622 2.335591 0.812222 1.671998 2.274890 1.305806 7.724292 1.284364 1.962033 179.996277 -176.275391 179.847473 179.995972 -175.654465 179.841232 178.467545 -176.791428 179.983063 179.860611 -178.381317 -179.027512 27.279474 -14.067197 71.370811 81.149986 6.264514 -5.036395 18.970165 2.363087 -33.808254 67.865524 53.434181 34.923897 179.992661 -179.986435 -171.582565 179.996674 -179.990280 -174.393982 180.000000 -179.999985 179.999985 14.999200 -0.002085 74.730095 0.001474 -0.001077 61.142807 0.001155 0.000541 42.799965 180.000000 -179.999985 179.999985 0.000833 0.002663 70.827766 179.997772 179.998337 -109.172272 179.998474 -179.998947 -132.828720 180.000000 -179.999985 179.999985 170.001144 179.995499 -108.365402 179.996078 179.997498 -108.365410 179.997589 -179.998077 -132.291367 180.000000 -179.999985 179.999985 160.000381 179.998032 -152.694046 179.999130 179.997116 -139.041092 179.998322 179.998932 -152.721344 178.107101 -174.938492 -177.374496 163.161819 137.769485 94.341316 99.971024 -170.241516 170.372162 168.820831 -166.462219 -166.580978 125.295944 124.681618 162.124115 0.001229 -0.000070 -6.820723 0.000809 -0.000142 -4.542606 0.000000 -0.000000 0.000000 164.999863 -179.999802 95.819992 179.999832 179.999878 111.125473 0.000018 0.000143 -48.212185 0.000000 -0.000000 0.000000 179.999222 -179.999481 97.182198 179.999390 179.999298 97.182243 0.000406 0.000470 -55.156670 0.000000 -0.000000 0.000000 9.999544 -0.000232 -74.849274 179.999664 179.999619 105.150757 0.000182 0.000286 -49.849617 0.000000 -0.000000 0.000000 19.999651 -0.000150 -37.260914 179.999466 179.999847 124.108635 179.999878 179.999649 142.776367
80.449745 95.988251 962.764282 178.147278 174.709763 177.062424 12.017852 4.342683 7.678366 156.013245 154.631927 174.260818 9.128487 0.149696 -7.451959 170.027618 -135.203766 -171.338242 6.767521 62.318680 -2.262226 178.359894 -168.316086 -176.585312 1.693447 2.262286 0.579017 1.691472 2.207275 0.918886 7.848981 1.332963 1.464342 179.996140 -176.751297 -179.949615 179.995712 -176.209671 -179.948517 177.996445 -177.205154 -179.878113 1.250252 -1.613371 0.602304 27.070026 -14.218843 70.142876 82.936684 6.626033 -5.973829 22.105495 2.215342 -32.730251 64.781693 53.536705 38.127552 179.998810 -179.996231 -168.224014 179.999771 -179.997375 -172.157181 180.000000 180.000000 -179.999985 14.999886 -0.000350 74.932808 0.000254 -0.000162 61.308666 0.000176 0.000111 42.916069 180.000000 180.000000 -179.999985 0.000076 0.000427 70.567200 179.999634 179.999786 -109.432800 179.999786 -179.999817 -133.002258 180.000000 180.000000 -179.999985 170.000076 179.999268 -108.805420 179.999329 179.999695 -108.805412 179.999664 -179.999634 -132.584412 180.000000 180.000000 -179.999985 160.000000 179.999985 -152.894684 179.999985 179.999985 -139.342041 179.999985 179.999985 -152.921783 178.755157 -175.022156 -176.341995 161.622635 135.515549 93.313316 98.569183 -170.102158 170.074158 168.487549 -166.904251 -166.279984 124.017776 123.729836 161.837250 179.999985 -180.000000 173.869019 179.999985 -179.999985 175.916763 0.000000 -0.000000 0.000000 165.000061 -179.999908 96.570114 179.999939 -179.999939 111.739159 179.999969 179.999985 132.217453 0.000000 -0.000000 0.000000 179.999969 -179.999939 99.240120 179.999924 179.999969 99.240158 0.000009 0.000050 -53.786102 0.000000 -0.000000 0.000000 9.999891 -0.000064 -73.957550 179.999908 179.999908 106.042450 0.000035 0.000074 -49.255703 0.000000 -0.000000 0.000000 19.999990 -0.000008 -36.652512 179.999985 179.999985 125.021271 180.000000 179.999985 143.384155
80.910393 96.463951 967.056641 178.660980 175.571655 177.685394 11.152988 8.182609 8.368784 154.710251 157.729935 173.107544 11.201968 6.182350 -6.589958 172.104507 -136.277237 -174.317993 4.123155 55.580254 -2.801293 179.804520 -167.719345 -176.616058 1.698125 2.343624 0.362976 1.696116 2.291278 0.557959 7.896217 1.486636 1.017525 179.996567 -177.175369 -179.742035 179.996124 -176.704422 -179.733429 177.653915 -177.576126 -179.747696 2.791179 -1.624174 0.148053 26.172600 -14.151316 68.880257 85.706886 7.476724 -6.336247 22.084005 1.388012 -32.214920 62.956238 53.411457 38.740158 179.999557 -179.998627 -166.866562 179.999924 -179.999039 -171.253128 0.000000 -0.000000 0.000000 15.000116 0.000320 75.024666 179.999771 179.999847 -118.616203 179.999832 -179.999908 -137.031357 0.000000 -0.000000 0.000000 0.000122 0.000587 70.487961 179.999496 179.999695 -109.512070 179.999710 -179.999756 -133.055054 0.000000 -0.000000 0.000000 170.000076 179.999374 -108.957458 179.999451 179.999725 -108.957497 179.999725 -179.999710 -132.685699 0.000000 -0.000000 0.000000 160.000015 179.999893 -152.893753 179.999924 179.999847 -139.340652 179.999908 179.999969 -152.920868 179.682693 -174.964264 -175.215927 159.997681 133.391251 92.497009 97.150665 -169.746506 169.503128 168.328110 -167.537766 -165.806778 123.071442 123.599060 160.758667 179.999969 180.000000 173.851807 179.999969 179.999985 175.905304 0.000000 -0.000000 0.000000 165.000153 179.999954 97.336708 0.000065 -0.000121 -67.633583 179.999939 -179.999924 132.656479 0.000000 -0.000000 0.000000 0.000067 0.000032 -80.223625 0.000048 -0.000060 -80.223618 179.999985 -179.999969 126.571083 0.000000 -0.000000 0.000000 10.000041 0.000024 -73.383987 0.000037 -0.000026 -73.383972 179.999985 -179.999969 131.126266 0.000000 -0.000000 0.000000 19.999985 -0.000024 -36.578388 179.999969 -179.999985 125.132454 179.999985 179.999985 143.458191
81.310318 96.923538 971.418091 179.242722 176.743179 178.330536 9.365586 12.369666 9.123620 154.044083 160.683304 171.613342 13.699202 12.417790 -5.527821 174.373581 -137.852676 -177.165039 0.893876 48.607868 -3.323333 1.428525 -12.829304 3.129854 1.682852 2.543785 0.145766 1.682159 2.492934 0.192162 7.846662 1.728647 0.575414 179.998718 -177.603485 -179.518250 179.998550 -177.204025 -179.501221 177.369675 -177.953140 -179.612411 4.614279 -1.505438 -0.311120 24.370123 -13.867669 67.555649 88.184761 7.798975 -6.520981 22.858278 0.708609 -31.349087 60.733810 53.066303 38.583168 0.000070 -0.003271 14.341485 0.000592 -0.002100 9.551440 0.000000 0.000000 -0.000003 15.018777 0.036065 75.587280 179.975586 179.977417 -118.155922 179.977936 -179.992645 -136.709152 0.000000 0.000000 -0.000003 0.006774 0.018777 70.408585 179.984695 179.987198 -109.591461 179.988495 -179.993332 -133.107895 0.000000 0.000000 -0.000003 170.003769 179.984543 -109.094444 179.986679 179.991318 -109.094467 179.991592 -179.993576 -132.776917 0.000000 0.000000 -0.000003 160.000137 179.999023 -152.802963 179.999481 179.998627 -139.204407 179.999146 179.999512 -152.830170 0.624192 -5.061907 6.020898 158.518631 131.393112 91.807076 95.744186 -169.170715 168.654358 168.026810 -168.578461 -165.266006 123.051674 123.656914 160.298706 179.998245 -179.999054 173.620865 179.998764 -179.999496 175.751495 0.000000 -0.000000 0.000000 165.003006 179.999115 98.173874 0.001074 -0.002336 -66.948662 179.998810 -179.998672 133.135956 0.000000 -0.000000 0.000000 0.003686 0.001161 -79.844917 0.001817 -0.003420 -79.844971 179.997986 -179.998398 126.823280 0.000000 -0.000000 0.000000 10.001993 0.000692 -73.023911 0.001259 -0.001711 -73.023918 179.999161 -179.998871 131.366043 0.000000 -0.000000 0.000000 19.997026 -0.001154 -37.011456 179.995407 179.998672 124.482849 179.999023 179.996964 143.025543
81.765778 97.248451 975.593384 179.893433 177.770737 178.671539 5.979240 15.359553 8.432504 155.154465 162.269043 171.215286 15.566141 18.199892 -5.344584 175.381470 -140.382477 -178.854309 1.937845 41.264812 -1.151845 0.307556 -13.436921 2.516633 1.671477 2.800931 0.000407 1.671080 2.748285 -0.054680 7.814659 1.976438 0.292399 179.999435 -177.800064 -179.362259 179.999359 -177.433380 -179.339569 177.078812 -178.129013 -179.515137 6.055570 -1.893066 -0.567373 22.123568 -13.273094 66.591240 90.708755 8.151222 -5.901352 23.045425 -0.441125 -30.927622 60.793255 53.421001 38.858833 0.000619 -0.004628 14.381585 0.001171 -0.002878 9.578131 0.000003 -0.000000 0.000000 15.008212 0.016015 74.178703 179.989304 179.989883 -119.308395 179.990143 -179.996979 -137.515884 0.000003 -0.000000 0.000000 0.007224 0.020238 70.032501 179.983597 179.986130 -109.967545 179.987518 -179.992996 -133.358368 0.000003 -0.000000 0.000000 170.003922 179.983490 -109.407394 179.985809 179.990692 -109.407448 179.990967 -179.993195 -132.985352 0.000003 -0.000000 0.000000 160.000427 179.995926 -152.732452 179.997803 179.994247 -139.098694 179.996399 179.998032 -152.759735 0.857355 -4.945227 6.929651 158.341599 130.112183 92.242157 94.551079 -168.398102 167.971283 168.088562 -169.740631 -165.102631 121.255775 123.149033 158.113953 179.999908 179.999969 173.568558 179.999939 179.999969 175.716660 180.000000 -180.000000 179.999985 164.997910 -179.999359 98.866821 179.999222 179.998383 113.618301 0.000826 0.000949 -46.467182 180.000000 -180.000000 179.999985 179.997971 -179.999374 101.018715 179.998993 179.998123 101.018761 0.001102 0.000899 -52.601524 180.000000 -180.000000 179.999985 10.003604 0.001200 -72.903275 0.002219 -0.003069 -72.903221 179.998505 -179.997971 131.446472 180.000000 -180.000000 179.999985 19.998844 -0.000419 -37.622581 179.998276 179.999451 123.566124 179.999680 179.998825 142.414993
82.294395 97.486633 979.674744 0.481615 1.408800 -1.154237 2.244791 17.559626 6.839114 159.081528 161.835373 171.275757 14.715199 22.053858 -5.065431 175.422058 -143.127594 -179.532745 4.657318 33.806427 1.137627 177.747223 -165.852997 -178.341232 1.649144 3.008337 -0.102483 1.648896 2.953899 -0.229620 7.727551 2.168798 0.091112 179.999969 -177.909592 -179.243805 179.999969 -177.561157 -179.216797 176.914215 -178.228806 -179.442184 7.543405 -2.621927 -0.854533 20.380993 -12.271970 66.659134 93.036301 9.157653 -5.528229 23.191004 -1.267601 -30.656929 61.537933 54.066563 39.774227 0.001084 -0.009411 14.321572 0.002279 -0.005877 9.538180 0.000000 -0.000000 0.000000 15.005605 0.012458 73.623489 179.991577 179.992676 -119.762642 179.992615 -179.997452 -137.833862 0.000000 -0.000000 0.000000 0.004525 0.015605 69.326698 179.987091 179.990143 -110.673332 179.990784 -179.994354 -133.828400 0.000000 -0.000000 0.000000 170.004181 179.975983 -109.592094 179.978989 179.987686 -109.592163 179.987442 -179.989716 -133.108368 0.000000 -0.000000 0.000000 160.000244 179.994705 -152.800552 179.996735 179.992767 -139.200821 179.995209 179.997772 -152.827744 0.941522 -4.755344 7.594166 159.028946 128.944183 93.173889 93.237099 -167.974152 167.535538 168.404221 -170.795609 -165.326538 124.902252 124.863045 161.171234 0.007021 0.004625 -7.122780 0.004993 0.002487 -4.743785 0.000000 0.000003 0.000000 165.010162 179.995850 97.738571 0.004581 -0.007707 -67.304794 179.996307 -179.994919 132.886597 0.000000 0.000003 0.000000 0.013461 0.005471 -80.359024 0.007879 -0.012202 -80.358986 179.992966 -179.993347 126.480911 0.000000 0.000003 0.000000 10.005108 0.002104 -72.693275 0.003558 -0.004221 -72.693230 179.998032 -179.996887 131.586273 0.000000 0.000003 0.000000 20.001108 0.000483 -37.933208 0.001751 -0.000447 -56.899776 0.000390 -0.001134 -37.895279
82.888359 97.614891 983.697693 0.940836 0.739990 -1.109967 178.286652 160.762421 -175.556885 164.518036 160.533646 172.045731 12.941392 24.937199 -4.990688 174.259415 -145.976822 -179.149445 8.362122 26.485859 2.760690 174.832260 -165.117508 -179.411438 1.626565 3.178017 -0.174453 1.626330 3.121832 -0.352151 7.635976 2.319787 -0.049064 0.000152 -2.045264 0.846848 0.000171 -2.386169 0.877104 176.845459 -178.271942 -179.386963 8.913786 -3.693834 -1.157426 18.210104 -11.313587 66.119980 95.303925 8.826294 -4.287915 23.260157 -1.537137 -30.532312 62.184589 54.653820 41.173801 179.999557 -179.989258 -165.426132 0.001576 -0.006990 9.706212 0.000000 -0.000000 0.000000 15.001898 0.005427 72.929123 179.996231 179.997208 -120.330734 179.996979 -179.998718 -138.231522 0.000000 -0.000000 0.000000 0.001367 0.007778 68.501106 179.993286 179.995850 -111.498924 179.995773 -179.996872 -134.378235 0.000000 -0.000000 0.000000 170.000549 179.989792 -110.937851 179.990707 179.995758 -110.937836 179.995132 -179.995255 -134.004608 0.000000 -0.000000 0.000000 159.999634 179.995132 -152.983841 179.996246 179.993729 -139.475754 179.995392 179.998428 -153.010864 0.999380 -4.568002 8.030669 160.259125 127.902351 94.463768 92.254555 -167.606796 166.817932 168.483139 -171.952545 -165.567398 121.663795 123.582314 158.026917 0.002597 0.001443 -6.762241 0.001819 0.000765 -4.503654 0.000000 -0.000000 0.000000 165.004974 179.997437 99.074356 0.002742 -0.003688 -66.211884 179.998428 -179.997208 133.651688 0.000000 -0.000000 0.000000 0.006296 0.003248 -78.582458 0.004477 -0.005502 -78.582458 179.997040 -179.996338 127.664116 0.000000 -0.000000 0.000000 10.005395 0.002886 -72.236572 0.004432 -0.004223 -72.236580 179.998260 -179.996338 131.890427 0.000000 -0.000000 0.000000 20.002516 0.001437 -37.942711 0.004300 -0.000595 -56.914055 0.001245 -0.002611 -37.904781
83.498779 97.604843 987.704346 1.229879 0.123293 -1.182029 174.545929 159.539032 -178.108856 170.081528 158.186447 172.830948 8.892271 27.338015 -5.038257 171.197235 -148.939331 -177.268524 13.122828 19.935139 3.154430 172.426407 -164.436798 179.639618 1.621383 3.326998 -0.222846 1.621102 3.269071 -0.435517 7.623298 2.446524 -0.137935 0.000084 -2.029284 0.925913 0.000088 -2.367538 0.958974 176.849396 -178.288971 -179.339951 10.040583 -4.822894 -1.459586 16.137289 -10.496610 65.771820 97.297623 8.127344 -2.658620 23.211287 -1.203730 -30.536371 62.196541 54.990738 42.523056 179.996567 -179.991394 -164.805786 179.999344 -179.993866 -169.880661 0.000000 -0.000000 0.000000 15.000093 0.000376 72.426285 179.999725 179.999847 -120.742172 179.999817 -179.999893 -138.519516 0.000000 -0.000000 0.000000 0.000023 0.002294 67.889404 179.997894 179.999100 -112.110634 179.998917 -179.998932 -134.785629 0.000000 -0.000000 0.000000 169.999405 179.995590 -111.651794 179.995697 179.998917 -111.651779 179.998276 -179.997604 -134.480087 0.000000 -0.000000 0.000000 159.999054 179.996597 -153.241852 179.996429 179.996063 -139.862747 179.996506 179.999496 -153.268585 1.086127 -4.416756 8.261203 161.676895 127.016563 96.007027 91.280838 -167.555206 166.587814 168.625870 -172.776550 -166.068573 121.061226 123.289749 157.718552 0.001964 0.000896 -6.546631 0.001357 0.000441 -4.360074 0.000000 -0.000003 0.000000 165.004501 179.997009 99.571480 0.003027 -0.003207 -65.805161 179.998825 -179.997131 133.936371 0.000000 -0.000003 0.000000 0.005186 0.003515 -77.922661 0.004545 -0.004291 -77.922623 179.997879 -179.996429 128.103561 0.000000 -0.000003 0.000000 10.004584 0.003280 -71.666412 0.004577 -0.003281 -71.666359 179.998917 -179.996414 132.270187 0.000000 -0.000003 0.000000 20.002691 0.002112 -37.712185 0.005133 0.000065 -56.568298 0.001937 -0.002814 -37.674484
84.084755 97.482262 991.674988 1.328862 -0.510579 -1.326783 171.427353 158.893188 179.746628 175.378845 156.794449 173.959915 3.744392 30.204470 -5.435232 169.289108 -151.332077 -176.057220 16.387556 14.922944 3.089267 170.985657 -164.068207 179.003845 1.644277 3.462942 -0.259790 1.644019 3.403411 -0.500847 7.740534 2.559675 -0.197881 179.999985 -177.998138 -178.985291 179.999969 -177.664490 -178.949051 176.821365 -178.316650 -179.286591 10.753605 -5.552924 -1.584740 14.137182 -10.127930 65.563179 99.011200 7.284034 -0.593156 23.024113 -0.462810 -30.582825 61.420956 55.066750 43.504772 179.993774 -179.995163 -163.895050 179.996979 -179.995712 -169.274094 0.000000 -0.000000 0.000000 14.999978 -0.000347 72.326942 0.000258 -0.000101 59.176575 0.000160 0.000118 41.423584 0.000000 -0.000000 0.000000 179.999893 179.999634 -112.401405 179.999619 179.999985 -112.401451 179.999878 -179.999771 -134.979355 0.000000 -0.000000 0.000000 169.999237 179.998703 -112.135895 179.998520 -179.999786 -112.135933 179.999756 -179.999039 -134.802521 0.000000 -0.000000 0.000000 160.001450 -179.998291 -153.962372 0.003079 -0.001357 39.056416 0.002155 0.000606 26.011578 0.909523 -4.350245 8.394999 163.173889 126.262207 97.520348 90.045052 -167.919952 166.918274 169.032944 -173.022263 -166.624664 120.827744 123.023483 157.734070 0.001585 0.000591 -6.371996 0.001090 0.000286 -4.243744 0.000000 -0.000003 0.000000 165.010056 179.991409 99.543633 0.008419 -0.006820 -65.827911 179.998154 -179.992661 133.920486 0.000000 -0.000003 0.000000 0.003423 0.003063 -77.259872 0.003760 -0.002628 -77.259827 179.998856 -179.997162 128.544968 0.000000 -0.000003 0.000000 10.003237 0.003153 -71.073837 0.004051 -0.002013 -71.073830 179.999634 -179.997009 132.664825 0.000000 -0.000003 0.000000 20.002144 0.002365 -37.363564 0.004715 0.000900 -56.045334 0.002263 -0.002256 -37.326195
84.626831 97.182594 995.631226 1.240519 -1.195808 -1.531100 169.035629 158.756256 178.317810 179.095154 152.881332 173.789612 178.698654 149.720490 174.556610 165.282242 -153.747025 -173.277664 20.542116 11.482758 2.045005 170.749573 -163.953674 178.873230 1.661492 3.598738 -0.277516 1.661255 3.537145 -0.533875 7.828206 2.664694 -0.217913 179.999969 -178.054520 -178.895279 179.999939 -177.730270 -178.855835 176.982315 -178.366348 -179.239075 11.225248 -5.633053 -1.434957 12.308964 -10.323882 64.856544 100.339317 5.951981 1.654852 22.735722 0.407856 -30.593229 59.849068 54.882931 44.012539 179.994507 -179.998764 -162.749329 179.996765 -179.998093 -168.511047 0.000000 -0.000000 0.000000 15.000123 0.000048 72.360786 180.000000 179.999893 -120.795761 179.999939 179.999969 -138.556992 0.000000 -0.000000 0.000000 179.999817 -179.999985 -112.475212 179.999954 -179.999817 -112.475212 0.000101 -0.000079 44.971500 0.000000 -0.000000 0.000000 169.999420 -179.999939 -112.450386 179.999847 -179.999466 -112.450394 0.000300 -0.000250 44.988010 0.000000 -0.000000 0.000000 159.999603 -179.999969 -153.362762 179.999481 -179.999695 -140.044159 179.999878 -179.999619 -153.389420 0.992067 -4.305482 8.417826 164.394928 125.753853 98.830116 88.904434 -168.492386 167.414124 169.409988 -173.038834 -166.974869 120.798264 122.780571 158.010223 0.000871 0.000283 -6.180750 0.000587 0.000120 -4.116383 0.000003 0.000003 0.000000 165.001831 179.998032 101.480003 0.001869 -0.001133 -64.243614 179.999863 -179.998474 135.029480 0.000003 0.000003 0.000000 0.001477 0.001755 -76.656555 0.002055 -0.001033 -76.656555 179.999664 -179.998520 128.946747 0.000003 0.000003 0.000000 10.001743 0.002329 -70.498779 0.002784 -0.000859 -70.498779 0.000085 -0.001936 -46.952190 0.000003 0.000003 0.000000 20.001368 0.002144 -36.965382 0.003564 0.001352 -55.448048 0.002096 -0.001437 -36.928421
85.122780 96.731461 999.579224 0.999663 -1.884666 -1.779802 167.663223 158.837509 177.739243 179.173798 149.096207 172.662567 175.243851 149.871384 173.774094 161.718872 -155.787247 -170.652939 23.500719 9.808938 0.796698 171.547867 -163.883286 179.372681 1.675470 3.732140 -0.273363 1.675327 3.667971 -0.530387 7.895676 2.757241 -0.192341 179.999847 -178.135056 -178.812729 179.999786 -177.824249 -178.770294 177.348892 -178.433640 -179.202759 11.056881 -5.260617 -0.991149 10.741012 -10.967648 63.470844 101.297241 3.948222 4.201025 22.389965 1.141826 -30.560921 58.088131 54.641472 44.246712 179.997147 179.998993 -161.637772 179.997986 179.999985 -167.770737 0.000000 0.000003 0.000000 15.000216 0.000527 72.499687 179.999649 179.999710 -120.682068 179.999710 -179.999893 -138.477448 0.000000 0.000003 0.000000 179.999756 -179.999634 -112.549911 0.000239 -0.000361 67.450089 0.000286 0.000048 44.921741 0.000000 0.000003 0.000000 169.999588 -179.999496 -112.645454 0.000294 -0.000594 67.354523 0.000436 0.000027 44.858147 0.000000 0.000003 0.000000 159.999512 -179.999496 -153.442825 179.999680 -179.999008 -140.164215 0.000255 -0.000657 26.530634 1.158799 -4.269784 8.350438 165.204056 125.539368 99.861076 87.949684 -169.014435 168.027145 169.710052 -172.914246 -167.019638 120.958824 122.607414 158.467194 0.000003 0.000010 -6.011914 0.000014 0.000000 -4.003934 180.000000 180.000000 -180.000000 165.000595 179.999207 101.875740 0.000730 -0.000334 -63.919811 0.000006 -0.000581 -44.743877 180.000000 180.000000 -180.000000 0.000414 0.000634 -76.295311 0.000709 -0.000255 -76.295357 179.999954 -179.999496 129.187332 180.000000 180.000000 -180.000000 10.000623 0.001093 -70.040321 0.001234 -0.000211 -70.040352 0.000146 -0.000830 -46.646877 180.000000 180.000000 -180.000000 20.000662 0.001377 -36.573582 0.002002 0.001080 -54.860397 0.001358 -0.000670 -36.537014
85.603058 96.145973 1003.501038 0.656478 -2.540016 -2.051127 167.788818 159.510971 177.993713 176.347855 144.652954 170.531479 172.357025 150.777924 172.770493 159.128128 -157.375916 -168.781006 25.193794 9.517974 -0.100672 172.683472 -163.657181 -179.652863 1.696244 3.843648 -0.278167 1.696062 3.777640 -0.541568 7.996531 2.838920 -0.185740 179.999908 -178.189667 -178.723328 179.999847 -177.887985 -178.677689 177.623886 -178.479980 -179.158524 10.485043 -4.574049 -0.267922 9.868639 -11.481761 62.944305 102.154121 3.039526 6.411448 21.754168 1.642720 -30.511473 56.636269 54.677780 44.348156 179.998062 179.998322 -160.815414 179.998413 179.999390 -167.223053 0.000000 -0.000000 0.000000 15.000509 0.001388 72.587723 179.999054 179.999252 -120.610031 179.999207 -179.999695 -138.427032 0.000000 -0.000000 0.000000 179.999725 -179.999435 -112.634361 0.000417 -0.000492 67.365685 0.000398 0.000131 44.865536 0.000000 -0.000000 0.000000 169.999924 -179.999847 -112.805901 0.000100 -0.000128 67.194099 0.000102 0.000032 44.751286 0.000000 -0.000000 0.000000 159.999466 -179.999115 -153.555054 179.999847 -179.998459 -140.332611 0.000578 -0.000851 26.418489 1.245830 -4.219148 8.365980 165.711655 125.636711 100.589302 86.905968 -169.760712 169.100861 170.226120 -172.340637 -167.121964 121.441231 122.588509 159.018326 179.999817 -179.999924 174.008438 179.999878 -179.999969 176.009613 0.000000 -0.000000 0.000000 165.000168 179.999741 102.040413 0.000237 -0.000094 -63.785141 0.000017 -0.000167 -44.649586 0.000000 -0.000000 0.000000 179.999985 -179.999954 103.855103 179.999954 179.999985 103.855133 180.000000 179.999969 129.287506 0.000000 -0.000000 0.000000 10.000220 0.000468 -69.822876 0.000525 -0.000054 -69.822899 0.000088 -0.000336 -46.502068 0.000000 -0.000000 0.000000 20.000359 0.000903 -36.323524 0.001243 0.000776 -54.485271 0.000901 -0.000373 -36.287201
86.112091 95.437828 1007.370667 0.303608 -3.168270 -2.303463 168.707520 160.426422 178.557571 171.521149 140.169174 167.462769 171.526016 152.843994 171.668549 157.972137 -158.096680 -167.970932 25.250505 10.433938 -0.358230 173.734756 -162.901886 -178.450500 1.712389 3.977373 -0.288375 1.712146 3.909258 -0.562190 8.079062 2.938880 -0.189286 0.000110 -1.807899 1.350737 0.000103 -2.109160 1.398996 177.822083 -178.481567 -179.118927 9.618893 -3.683645 0.477523 9.181087 -11.873401 62.726456 102.097122 2.657721 8.755923 21.803928 1.964507 -30.775326 54.493595 54.590942 45.288010 179.993256 179.999069 -159.192078 179.995560 -179.999054 -166.141922 0.000000 -0.000000 0.000000 15.000624 0.001509 72.798447 179.998962 179.999146 -120.437637 179.999130 -179.999680 -138.306366 0.000000 -0.000000 0.000000 179.999588 -179.999146 -112.710846 0.000623 -0.000710 67.289169 0.000606 0.000197 44.814575 0.000000 -0.000000 0.000000 169.999710 -179.999435 -112.807487 0.000407 -0.000496 67.192497 0.000410 0.000127 44.750202 0.000000 -0.000000 0.000000 159.998901 -179.997955 -153.637604 179.999878 -179.996521 -140.456375 0.001403 -0.001850 26.336040 1.219578 -4.218626 8.392874 166.026047 126.078300 101.110626 86.121681 -170.423187 170.025101 170.672928 -171.811584 -166.936707 121.802887 122.558563 159.304260 179.999924 -179.999939 173.962875 179.999939 -179.999985 175.979279 0.000000 -0.000000 0.000000 165.000259 179.999573 102.070129 0.000400 -0.000133 -63.760750 0.000037 -0.000288 -44.632565 0.000000 -0.000000 0.000000 0.000091 0.000167 -76.168304 0.000179 -0.000042 -76.168251 180.000000 -179.999878 129.271896 0.000000 -0.000000 0.000000 10.000166 0.000344 -69.735046 0.000377 -0.000033 -69.735054 0.000067 -0.000248 -46.443520 0.000000 -0.000000 0.000000 20.000282 0.000682 -36.156696 0.000933 0.000587 -54.235023 0.000682 -0.000281 -36.120541
86.688004 94.603470 1011.160828 179.805939 -176.347198 177.424301 170.123657 161.541321 179.136124 165.796875 135.802917 163.836136 171.165848 155.190186 170.349365 156.933228 -158.426239 -167.463715 24.977961 12.102959 -0.262232 174.842133 -162.458313 -177.235367 1.751302 4.097198 -0.303117 1.751079 4.027511 -0.591450 8.269108 3.033334 -0.197356 0.000524 -1.872805 1.404258 0.000608 -2.184902 1.454423 177.963852 -178.424744 -179.086929 8.616158 -2.868760 1.036994 8.624127 -11.831108 62.970528 101.711014 2.871373 10.876902 22.256147 2.137688 -31.284164 57.538197 55.225159 42.416698 179.988510 179.985107 -162.355804 179.989548 179.993073 -168.248978 0.000000 -0.000000 0.000007 15.000866 0.001885 72.990547 179.998734 179.998886 -120.280449 179.998886 -179.999619 -138.196335 0.000000 -0.000000 0.000007 179.999588 -179.999207 -112.826485 0.000559 -0.000671 67.173531 0.000557 0.000177 44.737564 0.000000 -0.000000 0.000007 169.999969 -179.999924 -112.897911 0.000050 -0.000070 67.102074 0.000055 0.000007 44.689968 0.000000 -0.000000 0.000007 159.997711 -179.995789 -153.852264 179.999680 -179.992813 -140.778412 0.002845 -0.003857 26.121574 1.128809 -4.314679 8.339849 166.353745 126.851517 101.665497 85.833572 -170.924332 170.721283 170.879593 -171.555161 -166.610397 121.702660 122.414597 159.150406 179.999725 -179.999786 173.961227 179.999802 -179.999878 175.978165 0.000000 -0.000000 0.000000 165.000458 179.999207 102.126328 0.000694 -0.000228 -63.714790 0.000069 -0.000511 -44.600376 0.000000 -0.000000 0.000000 0.000275 0.000485 -76.159775 0.000533 -0.000151 -76.159767 179.999985 -179.999634 129.277573 0.000000 -0.000000 0.000000 10.000380 0.000741 -69.700356 0.000826 -0.000097 -69.700317 0.000130 -0.000542 -46.420444 0.000000 -0.000000 0.000000 20.000219 0.000476 -36.017876 0.000681 0.000386 -54.026825 0.000475 -0.000210 -35.981846
87.348061 93.657249 1014.823364 179.257004 -176.162415 177.190643 171.578552 162.948532 179.526489 159.540710 131.865707 159.433746 171.378189 157.521149 169.169861 158.098068 -157.088516 -168.556808 23.068121 14.736076 1.086780 175.698730 -162.892426 -176.438583 1.755552 4.148100 -0.332334 1.755374 4.078221 -0.641375 8.295338 3.083007 -0.252573 0.000937 -2.004191 1.439056 0.001148 -2.338192 1.490347 178.193390 -178.309464 -179.068161 7.995625 -2.306198 1.392498 8.052869 -11.125957 63.560730 100.997490 3.792298 12.676603 21.228924 1.998567 -31.744076 56.142296 55.529594 45.137840 179.928787 179.973892 -160.291214 179.949387 -179.998276 -166.873917 0.000003 -0.000000 0.000000 15.001920 0.004087 73.068527 179.997253 179.997528 -120.216660 179.997543 -179.999207 -138.151642 0.000003 -0.000000 0.000000 0.001189 0.002260 67.018944 179.998398 179.998032 -112.981079 179.998383 -179.999512 -135.365387 0.000003 -0.000000 0.000000 170.000534 179.998993 -112.936806 179.999298 179.999115 -112.936852 179.999268 -179.999802 -135.335922 0.000003 -0.000000 0.000000 159.999756 -179.999542 -154.294434 179.999969 -179.999207 -141.441666 0.000308 -0.000431 25.679859 1.409946 -4.497338 8.415771 166.315903 128.041504 101.900360 85.787445 -171.501877 171.382278 171.106552 -171.371353 -166.347290 121.523712 122.279320 158.787125 179.999664 -179.999725 173.895187 179.999756 -179.999847 175.934204 0.000000 -0.000000 0.000000 165.000519 179.999146 102.284081 0.000766 -0.000256 -63.585747 0.000074 -0.000560 -44.510017 0.000000 -0.000000 0.000000 0.000233 0.000417 -76.052925 0.000451 -0.000133 -76.052902 179.999985 -179.999680 129.348740 0.000000 -0.000000 0.000000 10.000020 0.000037 -69.496124 0.000041 -0.000005 -69.496117 0.000004 -0.000028 -46.284397 0.000000 -0.000000 0.000000 20.000177 0.000359 -35.909710 0.000524 0.000274 -53.864571 0.000352 -0.000170 -35.873798
88.100594 92.599426 1018.304565 178.567993 -176.518692 177.006271 173.008484 165.064529 179.734085 152.944870 128.167389 154.206909 171.931656 159.814468 168.247482 159.627670 -154.903503 -170.196533 21.399632 17.139965 3.154369 176.748734 -166.135818 -176.559708 1.768022 3.998254 -0.387304 1.767679 3.932358 -0.728417 8.354137 3.002167 -0.378349 0.001006 -2.202702 1.461514 0.001295 -2.569799 1.513456 178.229477 -178.139893 -179.050644 7.663014 -1.785373 1.759446 7.421732 -9.898814 64.191536 99.833817 4.882976 14.125578 21.453093 2.189231 -32.375938 47.698566 52.335281 50.621094 179.990372 -179.998428 -152.612244 179.994720 -179.996231 -161.759750 0.000000 -0.000000 0.000000 15.002650 0.005690 73.511230 179.996140 179.996628 -119.854507 179.996597 -179.998810 -137.898163 0.000000 -0.000000 0.000000 0.002274 0.004315 67.232201 179.996887 179.996246 -112.767815 179.996902 -179.999054 -135.223358 0.000000 -0.000000 0.000000 170.001770 179.996826 -112.877228 179.997757 179.997162 -112.877213 179.997681 -179.999344 -135.296219 0.000000 -0.000000 0.000000 160.000916 179.998383 -154.406723 0.000167 0.002784 38.389915 179.998932 179.998474 -154.432312 1.162735 -4.601188 8.230782 167.214508 129.565979 102.630768 85.971832 -172.144775 172.021576 171.440720 -171.232437 -166.170135 121.204742 122.101936 158.167099 179.999893 -179.999908 173.781479 179.999924 -179.999954 175.858444 0.000000 0.000007 0.000003 165.000290 179.999466 102.522530 0.000473 -0.000137 -63.390625 0.000063 -0.000343 -44.373432 0.000000 0.000007 0.000003 0.000086 0.000167 -75.931091 0.000183 -0.000052 -75.931114 180.000000 -179.999878 129.429871 0.000000 0.000007 0.000003 10.000019 0.000042 -69.487511 0.000042 0.000000 -69.487503 0.000008 -0.000037 -46.278679 0.000000 0.000007 0.000003 20.000362 0.000752 -35.846577 0.001098 0.000603 -53.769882 0.000754 -0.000350 -35.810745
88.910851 91.726166 1021.667664 177.923157 -177.413956 176.998764 173.665314 167.651627 179.596710 146.437973 125.081360 148.155350 172.764267 161.997421 167.687531 161.670074 -152.495987 -172.102127 19.885561 19.597765 4.986257 177.547852 -171.813995 -176.515305 1.738657 3.646582 -0.456157 1.738135 3.588388 -0.832051 8.218115 2.781359 -0.562749 0.000647 -2.406238 1.433984 0.000922 -2.807337 1.484857 178.484619 -177.961624 -179.073441 7.517085 -1.108775 1.999173 7.227479 -8.372562 64.722961 97.854637 6.055966 14.985961 21.800505 2.673820 -32.789684 51.871193 53.372875 46.213692 179.951233 179.986877 -157.135406 179.966782 -179.994019 -164.772171 180.000000 -179.999985 179.999985 15.006711 0.015369 74.057617 179.989258 179.991470 -119.407387 179.991150 -179.996246 -137.585220 180.000000 -179.999985 179.999985 0.001777 0.003419 67.845932 179.997498 179.997086 -112.154099 179.997574 -179.999176 -134.814636 180.000000 -179.999985 179.999985 170.001877 179.996582 -112.447395 179.997543 179.996964 -112.447395 179.997498 -179.999237 -135.009964 180.000000 -179.999985 179.999985 160.001328 179.997635 -154.201691 0.000237 0.004065 38.697456 179.998413 179.997803 -154.227509 1.283576 -4.671692 8.039119 167.844360 130.794510 103.143089 86.199654 -172.641068 172.502258 171.324905 -171.451416 -165.995544 121.041473 121.925064 157.836380 179.999985 -179.999985 173.729111 179.999985 -179.999985 175.823593 180.000000 179.999985 -180.000000 165.000137 179.999725 102.719154 0.000232 -0.000053 -63.229778 0.000043 -0.000160 -44.260838 180.000000 179.999985 -180.000000 180.000000 -179.999985 104.135948 179.999985 179.999985 104.135918 0.000003 0.000009 -50.525467 180.000000 179.999985 -180.000000 10.000072 0.000142 -69.480507 0.000159 -0.000010 -69.480453 0.000032 -0.000101 -46.273994 180.000000 179.999985 -180.000000 20.000156 0.000388 -35.569092 0.000526 0.000331 -53.353645 0.000387 -0.000150 -35.533524
89.584824 90.852409 1024.985474 177.288254 -178.078690 177.581879 173.716888 170.071640 178.360123 139.142181 122.351570 140.522903 174.430771 164.416000 167.965927 164.544434 -150.527191 -173.743179 17.571188 23.037619 4.790341 178.765945 -176.642380 -176.200058 1.707454 3.362925 -0.581223 1.706923 3.312523 -1.033935 8.092806 2.635249 -0.865820 179.999100 -177.391708 -178.659790 179.999146 -176.956833 -178.612198 178.557999 -177.783661 -179.126114 7.286160 -0.405002 1.980352 7.377778 -6.548802 65.201393 95.510857 6.919691 15.246599 21.603071 3.459768 -32.709202 44.735600 49.774319 52.852795 179.995377 179.997665 -149.535599 179.996552 -179.999725 -159.710724 0.000000 -0.000000 0.000000 15.000626 0.001503 77.169624 179.998932 179.999222 -116.861214 179.999191 -179.999557 -135.802872 0.000000 -0.000000 0.000000 0.000489 0.000997 68.524887 179.999252 179.999176 -111.475098 179.999313 -179.999725 -134.362396 0.000000 -0.000000 0.000000 170.001022 179.998108 -111.786705 179.998611 179.998383 -111.786674 179.998657 -179.999542 -134.569962 0.000000 -0.000000 0.000000 160.000702 179.998703 -153.745529 0.000082 0.002205 39.381691 179.999100 179.998825 -153.771790 0.486411 -4.341420 6.961634 169.974762 132.789185 104.741325 86.582756 -173.267822 172.984406 171.631393 -171.286530 -165.788025 121.338829 121.866653 158.101883 179.999969 -179.999969 173.711700 179.999985 -179.999985 175.811996 0.000000 -0.000000 0.000000 165.000122 179.999710 102.848236 0.000252 -0.000037 -63.124146 0.000052 -0.000182 -44.186920 0.000000 -0.000000 0.000000 0.000002 0.000014 -75.873863 0.000019 0.000002 -75.873863 180.000000 -179.999985 129.468018 0.000000 -0.000000 0.000000 10.000099 0.000307 -69.419701 0.000323 0.000008 -69.419693 0.000081 -0.000199 -46.233536 0.000000 -0.000000 0.000000 20.000149 0.000514 -35.386841 0.000639 0.000493 -53.080276 0.000522 -0.000146 -35.351456
90.212997 89.873253 1028.255371 176.396484 -177.624176 178.770050 173.565613 171.896912 175.958939 129.423782 119.647209 129.808990 176.401428 167.279831 168.885864 166.937988 -149.633926 -174.143280 16.036350 27.438307 2.385051 179.471054 178.518188 -176.029999 1.758607 3.421672 -0.752766 1.754694 3.376087 -1.328972 8.322153 2.768737 -1.219987 179.997726 -177.245438 -178.849289 179.997482 -176.786545 -178.808075 178.336578 -177.657104 -179.223816 6.328345 0.152153 2.071814 8.471468 -4.015673 65.270973 92.984291 7.647390 15.030025 22.305201 4.760924 -32.628777 40.911552 47.572250 57.795483 179.940781 179.962662 -144.846008 179.953461 -179.997086 -156.587433 0.000003 -0.000000 0.000000 14.987057 -0.036409 78.347382 0.026956 -0.016551 64.102341 0.018691 0.011846 44.871693 0.000003 -0.000000 0.000000 0.035424 0.086799 68.374344 179.931503 179.936035 -111.625687 179.943878 -179.972656 -134.462662 0.000003 -0.000000 0.000000 170.000778 179.998276 -110.770523 179.998672 179.998672 -110.770531 179.998871 -179.999481 -133.893188 0.000003 -0.000000 0.000000 160.002716 179.994064 -152.986160 179.999557 179.990234 -139.479233 179.995544 179.995270 -153.013168 179.407547 -175.427017 -174.976669 172.446823 133.768494 106.771645 86.845497 -173.992462 173.396988 172.013062 -171.068024 -165.521957 123.186256 122.220787 159.650101 179.999130 -179.999069 173.452805 179.999359 -179.999466 175.639572 0.000000 -0.000000 0.000000 165.013351 179.946533 102.441269 0.045080 -0.000193 -63.457073 0.014489 -0.028025 -44.419983 0.000000 -0.000000 0.000000 0.008635 0.036362 -75.618301 0.037346 0.001344 -75.618263 0.007396 -0.023758 -50.361774 0.000000 -0.000000 0.000000 10.007454 0.034354 -69.325081 0.034683 0.005738 -69.325050 0.012009 -0.020100 -46.170498 0.000000 -0.000000 0.000000 20.009499 0.051282 -35.201653 0.054210 0.056377 -52.802429 0.051904 -0.004446 -35.166443
90.857147 89.414330 1031.556030 176.401199 -178.082947 -179.406265 172.627838 175.291000 174.049271 120.572754 118.642479 119.174477 178.504639 169.089874 169.849167 168.993912 -149.220352 -175.893951 13.872823 32.219997 0.050566 0.265671 0.370261 5.195120 1.711679 3.395802 -1.035430 1.709311 3.353981 -1.797123 8.133155 2.862966 -1.831950 179.997467 -176.983704 -179.096008 179.996735 -176.481400 -179.063370 177.895615 -177.429977 -179.344986 4.538222 0.698659 2.007961 10.879068 -3.344962 65.261902 87.035713 7.425402 14.346560 22.514444 7.921477 -31.536278 37.381470 45.543121 59.040421 0.101629 -0.060804 37.667004 0.078449 0.008239 25.086269 0.000000 -0.000000 0.000000 14.984486 -0.087344 78.297806 0.067133 -0.027594 64.061768 0.038179 0.033515 44.843292 0.000000 -0.000000 0.000000 179.984848 -179.928192 -109.574722 0.062223 -0.038906 70.425278 0.038521 0.030086 46.903240 0.000000 -0.000000 0.000000 170.003983 179.982040 -110.864006 179.984619 179.989944 -110.863976 179.990097 -179.992783 -133.955444 0.000000 -0.000000 0.000000 159.995651 -179.981201 -152.750107 0.007035 -0.028067 40.874832 0.015742 -0.011124 27.222666 177.988480 -175.855865 -176.644669 174.570663 136.566010 108.706657 87.372375 -174.353439 173.339691 172.053558 -170.807465 -164.780762 123.896187 122.289520 160.299850 179.999054 -179.998901 173.394577 179.999298 -179.999344 175.600784 0.000000 -0.000000 0.000000 165.013947 179.946106 104.096970 0.045552 0.000654 -62.102478 0.015788 -0.027695 -43.471733 0.000000 -0.000000 0.000000 0.004216 0.016084 -73.981850 0.016620 0.000484 -73.981812 0.003440 -0.010524 -49.271900 0.000000 -0.000000 0.000000 10.004821 0.019440 -67.883057 0.019798 0.003004 -67.883087 0.006906 -0.011407 -45.210140 0.000000 -0.000000 0.000000 20.009724 0.043709 -33.413567 0.047140 0.047848 -50.120281 0.044659 -0.002575 -33.380138
91.290680 88.807907 1034.892700 176.930435 -178.146927 -177.335861 171.472519 178.172775 172.167862 111.711258 118.970970 108.442093 1.507988 8.642924 -9.305414 173.096252 -149.286469 -178.540970 9.444627 37.325768 -3.037891 0.035574 -5.591068 5.931977 1.578083 3.676100 -1.361231 1.578880 3.630488 -2.338543 7.602072 3.148169 -2.540027 179.999268 -176.635376 -179.323715 179.998871 -176.074707 -179.299484 177.287628 -177.127533 -179.446289 2.966732 1.006747 1.663110 11.018160 -2.525293 65.934807 81.608452 7.350590 15.089361 20.645378 8.741907 -31.228601 32.146523 42.748802 52.000137 0.114469 -0.086846 36.919266 0.095673 -0.002175 24.588282 0.000003 -0.000000 0.000000 14.993981 -0.074273 77.542984 0.058119 -0.018401 63.444187 0.029914 0.030449 44.410954 0.000003 -0.000000 0.000000 179.995407 -179.952682 -110.288483 0.042662 -0.020977 69.711510 0.023063 0.021690 46.427849 0.000003 -0.000000 0.000000 169.985260 -179.867401 -109.703560 0.118877 -0.060551 70.296326 0.065494 0.060055 46.817436 0.000003 -0.000000 0.000000 159.988022 -179.895401 -152.309433 0.054569 -0.148181 41.535774 0.091822 -0.051285 27.662813 175.276428 -176.707138 -178.713821 177.798767 141.069626 111.313591 87.449120 -175.143311 173.471298 173.041031 -169.769531 -164.039352 128.917679 123.463036 161.334427 0.175955 0.189545 -8.932320 0.131620 0.111114 -5.948994 0.000000 -0.000000 0.000000 165.008224 179.973312 106.267029 0.022845 -0.000130 -60.326893 0.007948 -0.013881 -42.228878 0.000000 -0.000000 0.000000 179.998932 -179.996765 106.913246 179.996597 179.999939 106.913208 179.999390 179.997818 131.324203 0.000000 -0.000000 0.000000 9.997028 -0.009223 -66.684311 179.990341 -179.999115 113.315735 179.996948 179.994324 135.588272 0.000000 -0.000000 0.000000 20.004713 0.015595 -31.518246 0.018149 0.016380 -47.277393 0.016225 -0.001352 -31.486717
91.747955 88.406494 1038.192505 177.950409 -177.940720 -175.989044 170.456833 -179.080566 171.891541 105.351601 119.980919 100.718071 4.091207 7.058823 -9.454639 175.619080 -149.925644 178.871735 8.125059 41.883934 -3.097832 177.635269 -168.349045 -173.877930 1.381376 4.176438 -1.602319 1.382514 4.121912 -2.738196 6.791448 3.514216 -3.075041 0.001075 -3.747592 0.519769 0.001389 -4.372162 0.538126 176.831436 -176.797104 -179.501572 1.485691 1.090418 1.696683 10.382309 -1.871084 66.594666 75.961395 7.253447 16.280319 18.955042 8.817856 -31.496840 28.945496 40.445183 46.455936 0.119693 -0.110593 35.875065 0.107411 -0.015524 23.892859 0.000000 -0.000000 0.000000 15.000330 -0.016748 76.567528 0.013376 -0.002967 62.646160 0.006148 0.007354 43.852295 0.000000 -0.000000 0.000000 179.999557 179.975464 -111.156105 179.976929 179.991638 -111.156128 179.989304 -179.987640 -134.149948 0.000000 -0.000000 0.000000 170.000397 -179.968979 -111.438065 0.028981 -0.011096 68.561935 0.013991 0.015208 45.662270 0.000000 -0.000000 0.000000 160.000412 -179.950928 -153.505005 0.032848 -0.065870 39.742401 0.044718 -0.020119 26.468496 173.772385 -176.999329 -179.658905 178.377151 147.356155 113.289665 89.635941 -174.956039 173.044800 173.431213 -169.333374 -163.306305 115.174828 120.781639 154.692856 0.020391 0.020611 -4.496296 0.014511 0.012714 -2.994532 0.000000 -0.000000 0.000000 165.003494 179.990402 107.337402 0.008343 -0.000376 -59.451237 0.002756 -0.005156 -41.615849 0.000000 -0.000000 0.000000 179.997131 -179.992722 106.903816 179.992218 179.999344 106.903854 179.998932 179.994904 131.317947 0.000000 -0.000000 0.000000 9.992949 -0.017698 -66.770950 179.980942 -179.999634 113.229103 179.994827 179.988419 135.530563 0.000000 -0.000000 0.000000 20.001133 0.002981 -30.839315 0.003750 0.002954 -46.258980 0.003145 -0.000433 -30.808487
92.168190 88.233490 1041.458740 179.419861 -179.226288 -175.676544 169.725220 -175.354858 173.409454 100.431221 121.443085 95.141403 6.881562 5.361696 -10.053852 177.961563 -149.833771 174.802032 9.231187 44.023151 1.285387 175.789810 -164.741287 -173.735062 1.096704 4.124524 -1.726262 1.096110 4.067905 -2.926856 5.484130 3.400777 -3.434505 0.001396 -4.144637 0.526975 0.001952 -4.835288 0.545504 176.703842 -176.458725 -179.469757 0.981676 1.206540 1.885114 8.593930 -1.069699 67.497200 70.708061 6.999722 17.829636 17.524065 8.190170 -32.235546 27.988443 39.004112 41.528709 0.095328 -0.110436 34.093365 0.093113 -0.027763 22.706202 0.000000 0.000003 0.000000 14.997224 0.022989 76.127335 179.981201 179.997772 -117.714020 179.992538 -179.989059 -136.399826 0.000000 0.000003 0.000000 179.990601 179.930862 -111.296417 179.932007 179.984344 -111.296494 179.974167 -179.961365 -134.243393 0.000000 0.000003 0.000000 169.997253 179.979477 -112.085129 179.979935 179.994904 -112.085121 179.991867 -179.988861 -134.768723 0.000000 0.000003 0.000000 160.001526 -179.988388 -154.192169 0.009606 -0.014726 38.711823 0.011107 -0.003667 25.782047 172.509323 -177.834778 -179.797592 178.522141 154.885025 114.992447 92.071236 -174.841675 172.621964 174.428314 -168.705933 -162.937347 111.268860 120.017021 152.344604 179.993027 -179.993530 176.579300 179.995117 -179.996002 177.721802 0.000000 -0.000000 0.000000 165.003418 179.991760 107.641731 0.007266 -0.000609 -59.202187 0.002253 -0.004585 -41.441536 0.000000 -0.000000 0.000000 0.001402 0.003169 -73.465652 0.003450 -0.000447 -73.465607 0.000361 -0.002278 -48.928097 0.000000 -0.000000 0.000000 10.001466 0.003242 -67.605789 0.003563 -0.000113 -67.605766 0.000844 -0.002216 -45.025421 0.000000 -0.000000 0.000000 20.010851 0.024835 -31.071445 0.032949 0.023834 -46.607090 0.026653 -0.004801 -31.040352
92.408104 88.080200 1044.645264 0.823982 0.024579 4.223574 169.552246 -172.669876 174.933609 96.655098 122.451057 91.868912 9.748908 3.436175 -11.134192 0.968297 -29.957912 -7.670184 7.634068 46.471363 3.260343 174.387619 -161.613937 -173.821152 0.792412 4.101707 -1.759743 0.791342 4.040213 -2.967143 4.071969 3.264893 -3.595500 0.000770 -4.381617 0.562730 0.001073 -5.111789 0.582718 176.944382 -176.253983 -179.450287 1.294711 1.238044 1.799392 5.431713 0.677762 68.797585 66.566505 6.828363 19.927080 16.568844 6.891815 -33.221260 28.863901 38.881287 37.261185 0.056077 -0.084267 31.710007 0.060582 -0.029571 21.118874 0.000000 -0.000000 0.000000 14.992275 0.035549 76.230911 179.970261 179.999390 -117.629257 179.990067 -179.981705 -136.340485 0.000000 -0.000000 0.000000 179.982758 179.929642 -110.662956 179.927979 179.992233 -110.662918 179.978683 -179.956726 -133.821503 0.000000 -0.000000 0.000000 169.992203 179.968689 -111.988823 179.968018 179.995667 -111.988884 179.989441 -179.981277 -134.704575 0.000000 -0.000000 0.000000 160.003784 -179.984589 -154.267288 0.015029 -0.018420 38.599049 0.015469 -0.003389 25.706976 171.621475 -178.929504 -179.551529 178.190033 163.128174 116.277740 95.051033 -175.168549 172.103287 174.097061 -169.560013 -162.666611 107.486488 118.754738 147.774124 179.990219 -179.991257 176.501617 179.993134 -179.994614 177.670074 0.000000 -0.000000 0.000000 165.010147 179.975861 107.583855 0.021339 -0.001796 -59.249519 0.006612 -0.013451 -41.474701 0.000000 -0.000000 0.000000 0.010808 0.024159 -73.698975 0.026242 -0.003413 -73.698975 0.002828 -0.017409 -49.083511 0.000000 -0.000000 0.000000 10.010818 0.024121 -67.836159 0.026418 -0.000739 -67.836189 0.006278 -0.016441 -45.178879 0.000000 -0.000000 0.000000 20.015171 0.034926 -30.707577 0.045866 0.034015 -46.061367 0.037588 -0.005817 -30.676863
92.470207 88.082741 1047.989136 1.964281 0.098891 3.802333 170.362000 -169.818481 176.581757 92.742393 122.782196 89.141365 12.052055 2.151276 -12.197285 3.688751 -27.578028 -8.685922 4.537296 47.270927 2.813536 173.124329 -159.010712 -173.087418 0.561687 4.217309 -1.723149 0.561089 4.148413 -2.898598 2.994244 3.239202 -3.576710 179.999878 -175.559067 -179.408997 179.999908 -174.818970 -179.387955 177.110977 -176.200958 -179.441681 1.427295 1.002035 1.852375 1.619912 3.664017 69.916885 63.727913 6.760422 22.353024 15.828665 4.521049 -34.201004 31.948076 40.499722 34.487392 0.015967 -0.028298 28.827446 0.018275 -0.011597 19.199074 0.000000 0.000000 -0.000003 14.993936 0.025253 76.682922 179.978745 -179.999786 -117.259430 179.993362 -179.986679 -136.081604 0.000000 0.000000 -0.000003 179.989014 179.961975 -109.610626 179.960464 179.998016 -109.610619 179.990143 -179.975555 -133.120682 0.000000 0.000000 -0.000003 169.994156 179.980972 -111.548439 179.980164 179.998550 -111.548470 179.994293 -179.988037 -134.411285 0.000000 0.000000 -0.000003 159.998123 179.994064 -154.683731 179.993622 179.993164 -142.025589 179.993851 179.999054 -154.709015 171.167496 -179.420700 -179.262848 177.670303 168.574402 117.575890 95.450829 -176.126633 172.409393 174.163361 -170.260803 -162.829422 106.719040 118.134911 146.291733 179.989380 -179.991623 176.233398 179.992554 -179.994934 177.491440 0.000000 -0.000000 0.000000 165.011246 179.972366 108.047768 0.024364 -0.001553 -58.870003 0.007971 -0.015118 -41.209023 0.000000 -0.000000 0.000000 0.009633 0.022600 -73.162209 0.024438 -0.002489 -73.162216 0.003223 -0.016041 -48.726040 0.000000 -0.000000 0.000000 10.012494 0.029722 -67.401428 0.032245 0.000184 -67.401413 0.008505 -0.019713 -44.889343 0.000000 -0.000000 0.000000 20.015282 0.038093 -30.007339 0.047886 0.038723 -45.011021 0.040845 -0.003750 -29.977348
92.510399 88.223030 1051.393555 2.671806 -0.262288 3.202071 170.867706 -168.409851 177.751190 89.793320 122.968567 87.168533 14.648712 -0.368221 -12.705140 4.472841 -26.283422 -8.559514 2.768607 48.359623 2.069800 172.659775 -157.414108 -172.443771 0.417678 4.374278 -1.639469 0.417424 4.298695 -2.754375 2.311269 3.277028 -3.433453 179.999451 -175.656967 -179.415939 179.999329 -174.933136 -179.395111 177.235748 -176.284241 -179.457947 1.104499 0.677693 2.101680 179.396606 173.686798 -109.626160 60.298168 5.916731 24.045567 16.965193 4.326900 -35.041241 33.856117 41.594860 33.998466 0.004863 -0.016179 27.603497 0.007793 -0.008120 18.383934 0.000003 -0.000000 0.000000 14.996468 0.018353 77.263672 179.984726 179.999619 -116.784271 179.994980 -179.990540 -135.748993 0.000003 -0.000000 0.000000 179.993591 179.974808 -108.695862 179.974091 179.998199 -108.695869 179.993469 -179.983963 -132.511429 0.000003 -0.000000 0.000000 169.995773 179.985001 -111.130775 179.984497 179.998611 -111.130821 179.995468 -179.990677 -134.133118 0.000003 -0.000000 0.000000 159.998520 179.995071 -154.557373 179.994797 179.994278 -141.836075 179.994919 179.999161 -154.582825 171.087280 -179.376556 -179.082779 176.296738 174.802353 118.468513 99.070389 -176.931961 171.672882 172.451645 -172.129120 -162.558289 106.872971 117.411621 145.510345 179.993149 -179.994675 175.808380 179.995178 -179.996826 177.208405 0.000000 0.000003 0.000000 165.007477 179.977997 108.773384 0.019001 0.000126 -58.276321 0.007125 -0.011225 -40.793434 0.000000 0.000003 0.000000 0.007228 0.020986 -72.611076 0.022199 -0.000493 -72.611107 0.004194 -0.014169 -48.358963 0.000000 0.000003 0.000000 10.009592 0.028823 -66.694031 0.030247 0.002877 -66.694008 0.009864 -0.017674 -44.418236 0.000000 0.000003 0.000000 20.007643 0.024373 -28.917484 0.027454 0.026744 -43.376225 0.025519 0.000638 -28.888565
92.489349 88.462738 1054.784058 3.170816 -0.379971 2.944252 172.729675 -165.081390 178.841339 86.842865 122.375229 85.694572 15.664463 -1.383755 -12.676653 4.998305 -23.420864 -7.618053 178.610504 132.118164 178.600372 173.251953 -155.677475 -171.573105 0.275249 4.357697 -1.602718 0.275103 4.279276 -2.686080 1.634956 3.201410 -3.394924 179.999512 -175.873169 -179.473282 179.999329 -175.185303 -179.454376 177.538101 -176.466675 -179.519760 0.634891 0.373069 2.330824 178.003586 171.198715 -109.460052 57.085087 4.887086 25.290550 17.948301 4.773833 -35.675541 36.462048 42.900345 34.699619 0.000897 -0.009466 26.594831 0.003313 -0.005414 17.712179 0.000000 -0.000000 0.000000 14.998710 0.011937 77.878151 179.990234 179.999039 -116.281509 179.996399 -179.994141 -135.397049 0.000000 -0.000000 0.000000 179.997375 179.985062 -107.820663 179.984970 179.998077 -107.820618 179.995773 -179.990845 -131.928528 0.000000 -0.000000 0.000000 169.997833 179.990021 -110.634224 179.989899 179.998550 -110.634224 179.996750 -179.994019 -133.802383 0.000000 -0.000000 0.000000 159.999207 179.996780 -154.392883 179.996826 179.996155 -141.589355 179.996750 179.999329 -154.418488 171.206985 -179.233841 -178.626175 175.648483 178.861847 118.029358 99.212914 -179.177521 171.952225 171.898956 -173.100250 -162.728973 109.251816 117.103401 147.170044 179.997253 -179.996887 175.355347 179.998001 -179.998093 176.906647 0.000000 0.000000 -0.000007 165.003189 179.985443 109.470314 0.012104 0.001584 -57.706097 0.005481 -0.006542 -40.394226 0.000000 0.000000 -0.000007 0.003759 0.018043 -72.008057 0.018313 0.002137 -72.008034 0.005174 -0.011128 -47.957371 0.000000 0.000000 -0.000007 10.004497 0.023386 -65.844009 0.023129 0.005679 -65.844009 0.009838 -0.012441 -43.852104 0.000000 0.000000 -0.000007 20.001345 0.007787 -28.015997 0.007258 0.009391 -42.024036 0.007770 0.001444 -27.987995
92.497604 88.827553 1058.241699 3.457421 -0.082961 3.038241 174.633698 -161.057739 179.499557 85.611633 121.316917 85.805557 15.834037 -1.931491 -12.355007 4.967621 -20.487671 -6.688860 174.999725 133.594604 175.093140 174.177811 -154.378998 -170.788940 0.131790 4.151280 -1.616411 0.131711 4.073930 -2.700988 0.953277 2.994922 -3.463919 179.999985 -176.150131 -179.581940 179.999741 -175.508316 -179.566711 178.056870 -176.699799 -179.624161 0.188425 0.154513 2.445229 177.123917 168.990280 -109.435425 54.268448 3.935421 25.993801 18.793844 5.660135 -35.956398 39.105198 44.066471 35.692139 0.000484 -0.005004 25.689445 0.001713 -0.002872 17.109167 0.000000 -0.000000 0.000000 15.000026 0.006700 78.491753 179.994629 179.998901 -115.779518 179.997681 -179.996948 -135.045639 0.000000 -0.000000 0.000000 179.999466 179.992630 -107.023438 179.992798 179.998398 -107.023392 179.997604 -179.995712 -131.397614 0.000000 -0.000000 0.000000 169.999390 179.994904 -110.106506 179.994995 179.998825 -110.106499 179.998138 -179.997116 -133.450943 0.000000 -0.000000 0.000000 159.999786 179.998672 -154.213074 179.998840 179.998352 -141.319626 179.998718 179.999619 -154.238876 171.496384 -179.138458 -178.142075 175.152542 -177.483932 117.141006 98.540504 178.554779 172.444931 171.202667 -173.800293 -162.911285 114.559013 117.726463 151.463974 0.000000 0.000000 -5.437931 0.000000 -0.000002 -3.621654 0.000000 -0.000000 0.000000 165.000046 179.993393 110.034760 0.005075 0.001852 -57.244286 0.003016 -0.002281 -40.071033 0.000000 -0.000000 0.000000 179.999847 179.994171 108.737495 0.005461 0.002036 -71.262505 0.002460 -0.003000 -47.460850 0.000000 -0.000000 0.000000 9.999621 0.008120 -64.889305 0.007176 0.003845 -64.889259 0.004346 -0.003230 -43.216255 0.000000 -0.000000 0.000000 19.999960 0.000573 -27.655807 0.000355 0.000788 -41.483730 0.000518 0.000247 -27.628151
92.477562 89.284569 1061.781860 3.508368 0.340338 3.291971 176.493088 -157.144424 179.839325 83.473495 120.896996 84.551933 16.155405 -4.061361 -11.571973 4.219242 -17.408405 -5.654786 173.042984 135.644272 172.523529 174.984406 -153.457703 -170.331772 0.012300 3.886783 -1.647518 0.012247 3.812291 -2.746206 0.383160 2.757272 -3.559993 0.000534 -3.553944 0.270993 0.000324 -4.146531 0.281133 178.634506 -176.948761 -179.753021 179.768906 179.950546 -177.564850 176.781433 166.892685 -109.541924 52.095295 3.039417 26.054451 19.519560 6.657351 -35.926125 41.107422 44.681919 36.274601 0.000705 -0.002284 24.946335 0.001067 -0.001179 16.614262 0.000003 -0.000000 0.000000 15.000343 0.003342 79.033249 179.997375 179.999222 -115.336487 179.998718 -179.998550 -134.735519 0.000003 -0.000000 0.000000 0.000045 0.003391 73.582664 179.996750 179.998993 -106.417336 179.998764 -179.998108 -130.993958 0.000003 -0.000000 0.000000 169.999924 179.997986 -109.672882 179.998077 179.999405 -109.672882 179.999207 -179.998932 -133.162155 0.000003 -0.000000 0.000000 159.999969 179.999603 -154.095993 179.999695 179.999496 -141.143982 179.999634 179.999863 -154.121887 171.763107 -179.043961 -177.655029 174.691925 -174.491318 116.038689 98.710197 176.628479 172.968903 170.003784 -173.314041 -162.769592 116.480629 118.114883 153.749664 0.000009 -0.000547 -5.370316 179.999969 -179.999634 176.423370 0.000000 -0.000000 0.000000 164.999237 179.995422 110.387878 0.003285 0.001910 -56.955372 0.002383 -0.001203 -39.868752 0.000000 -0.000000 0.000000 179.999268 179.996414 109.058693 0.003151 0.001889 -70.941345 0.001877 -0.001572 -47.246937 0.000000 -0.000000 0.000000 9.998700 0.005732 -64.456749 0.004603 0.003657 -64.456734 0.003527 -0.001699 -42.928207 0.000000 -0.000000 0.000000 20.000219 -0.000885 -27.597492 179.999664 -179.998672 138.603745 179.999252 -179.999481 152.430099
92.437569 89.813385 1065.263794 3.416053 0.672479 3.608309 177.878998 -154.188660 179.950165 86.008263 119.316368 87.825073 15.269937 -4.882485 -10.959783 2.697262 -14.859857 -4.643509 173.205139 137.615036 171.093643 175.373245 -153.509293 -170.168488 179.902878 176.357071 178.328674 179.902863 176.428970 177.219772 179.858902 177.463715 176.364792 0.000930 -3.261140 0.092969 0.000861 -3.804944 0.096727 179.259872 -177.195618 -179.900742 179.375336 179.969788 -177.713196 177.062744 164.621445 -109.764389 50.817276 2.161721 25.536167 20.116083 7.354512 -35.768688 42.175289 44.691536 36.276516 0.000536 -0.000943 24.458485 0.000596 -0.000427 16.289345 180.000000 180.000000 -180.000000 15.000192 0.001570 79.457954 179.998779 179.999603 -114.988968 179.999390 -179.999329 -134.492279 180.000000 180.000000 -180.000000 0.000036 0.001393 74.024261 179.998672 179.999588 -105.975731 179.999481 -179.999222 -130.699844 180.000000 180.000000 -180.000000 169.999985 179.999405 -109.400269 179.999451 179.999832 -109.400223 179.999771 -179.999695 -132.980591 180.000000 180.000000 -180.000000 159.999985 179.999863 -154.044205 179.999893 179.999832 -141.066284 179.999878 179.999954 -154.070160 171.991577 -179.023483 -177.286362 173.923920 -170.459778 114.920105 99.098503 175.154938 173.537247 169.705307 -172.442139 -162.751755 117.670120 118.549843 154.745438 0.000254 -0.000583 -5.560635 0.000126 -0.000403 -3.703380 0.000000 -0.000000 0.000000 164.996780 179.990494 110.554031 0.006311 0.005242 -56.819454 0.005499 -0.001657 -39.773609 0.000000 -0.000000 0.000000 179.999268 179.998032 109.319763 0.001616 0.001367 -70.680244 0.001206 -0.000715 -47.073051 0.000000 -0.000000 0.000000 9.998500 0.003817 -64.056137 0.002764 0.003034 -64.056122 0.002627 -0.000767 -42.661369 0.000000 -0.000000 0.000000 20.000439 -0.001133 -27.646809 179.999802 -179.998184 138.529770 179.999100 -179.999176 152.380829
92.361809 90.372139 1068.731934 3.216929 1.020728 3.890312 179.732727 -150.688660 -179.755875 90.951187 117.521317 93.944176 13.192708 -5.707561 -10.322699 0.400634 -11.625698 -3.430257 174.079178 139.724518 169.810379 175.915314 -153.501556 -170.196365 179.827713 176.629959 178.326752 179.827835 176.698242 177.219559 179.483246 177.691696 176.345154 0.001085 -2.970550 -0.106660 0.001150 -3.465882 -0.110104 179.782333 -177.443527 179.948349 178.968933 179.951599 -177.978546 177.677856 162.054062 -109.990868 50.426125 1.319814 24.602463 20.607773 7.608436 -35.566780 42.414612 44.318302 35.794594 0.000330 -0.000497 24.194176 0.000346 -0.000213 16.113323 0.000000 -0.000000 0.000000 15.000030 0.000499 79.783775 179.999603 179.999908 -114.722382 179.999832 -179.999786 -134.305664 0.000000 -0.000000 0.000000 179.999985 179.999619 -105.680244 179.999649 179.999924 -105.680252 179.999878 -179.999786 -130.503021 0.000000 -0.000000 0.000000 170.000015 -179.999924 -109.262535 0.000077 -0.000019 70.737465 0.000032 0.000048 47.111107 0.000000 -0.000000 0.000000 160.000336 -179.998230 -153.911575 0.001597 -0.002175 39.132641 0.001735 -0.000463 26.062346 171.973633 -179.130280 -177.006973 173.110016 -167.711609 114.007950 97.471947 174.029388 174.948929 170.275375 -170.843842 -162.945663 118.167953 118.849045 154.491730 0.000071 0.000340 -5.991366 0.000071 0.000220 -3.990251 180.000000 180.000000 -179.999985 164.999878 179.999756 111.620888 0.000154 0.000148 -55.946541 0.000151 -0.000026 -39.162571 180.000000 180.000000 -179.999985 0.000202 -0.000447 -70.441704 179.999649 -179.999649 109.558273 179.999710 179.999847 133.085831 180.000000 180.000000 -179.999985 9.999650 0.000733 -63.647274 0.000504 0.000643 -63.647240 0.000542 -0.000105 -42.389072 180.000000 180.000000 -179.999985 19.999943 0.000117 -27.778467 0.000009 0.000186 -41.667690 0.000086 0.000095 -27.750694
92.326698 90.978729 1072.214233 2.903076 1.337206 3.900013 0.422466 -31.069536 0.645552 96.079346 116.438454 99.612793 11.977929 -8.838146 -9.659481 177.512177 -170.324722 177.231613 177.005569 140.942719 169.987274 176.075241 -154.729630 -170.418854 179.792496 176.913162 178.387482 179.792892 176.976852 177.320984 179.281616 177.905777 176.470734 0.001003 -2.686210 -0.308522 0.001142 -3.134073 -0.319254 0.195153 -2.311297 -0.194363 178.599823 179.998657 -178.366531 178.323975 159.214676 -110.093628 50.689075 0.571280 23.504110 21.025509 7.446929 -35.387066 42.305767 43.934185 35.170887 0.000278 -0.000499 24.021467 0.000302 -0.000230 15.998307 0.000000 0.000003 0.000000 15.000006 -0.000037 79.959190 0.000032 -0.000004 65.421181 0.000011 0.000018 45.794819 0.000000 0.000003 0.000000 0.000020 -0.000092 74.453880 0.000089 -0.000012 74.453888 0.000026 0.000056 49.586266 0.000000 0.000003 0.000000 170.000092 -179.999664 -109.267479 0.000348 -0.000021 70.732513 0.000096 0.000202 47.107857 0.000000 0.000003 0.000000 160.000076 -179.999786 -154.508347 0.000228 -0.000245 38.237461 0.000221 -0.000032 25.466154 171.837296 -179.255157 -176.942734 171.874054 -165.302155 113.488220 96.221107 174.382492 176.353119 171.613327 -170.584869 -163.123322 116.486801 118.618034 153.131012 0.000219 -0.000146 -5.741956 0.000137 -0.000114 -3.824143 0.000000 -0.000003 0.000000 165.000229 -179.999542 111.681198 179.999725 -179.999680 124.102814 179.999710 179.999954 140.871964 0.000000 -0.000003 0.000000 179.999771 179.999573 109.457375 0.000331 0.000368 -70.542633 0.000301 -0.000126 -46.981380 0.000000 -0.000003 0.000000 9.999578 0.000802 -63.529804 0.000530 0.000746 -63.529797 0.000598 -0.000098 -42.310856 0.000000 -0.000003 0.000000 20.000391 -0.000760 -27.733101 179.999985 -179.998703 138.400375 179.999435 -179.999359 152.294647
92.265610 91.616409 1075.637451 2.624464 1.557747 3.598681 0.976836 -32.552750 1.838167 104.709816 116.289474 109.074280 10.289028 -10.577657 -9.175454 175.075760 -171.841187 177.898865 179.930435 141.618744 170.488739 175.874420 -156.795288 -170.635071 179.778152 177.167206 178.511566 179.778717 177.226044 177.527267 179.173996 178.083160 176.739731 0.000810 -2.422786 -0.493919 0.000941 -2.826717 -0.511293 0.637318 -2.081072 -0.322386 178.091660 -179.826965 -178.808426 179.189407 156.260468 -110.053932 51.575344 -0.034364 22.454573 21.123108 6.758464 -35.484798 42.231876 43.851562 34.497402 0.000140 -0.000249 23.737040 0.000143 -0.000127 15.808855 180.000000 180.000000 -180.000000 15.000021 -0.000123 79.948555 0.000103 0.000003 65.412483 0.000022 0.000069 45.788712 180.000000 180.000000 -180.000000 0.000023 -0.000071 74.408516 0.000071 0.000004 74.408546 0.000015 0.000049 49.556087 180.000000 180.000000 -180.000000 170.000107 -179.999786 -109.438477 0.000242 0.000009 70.561493 0.000049 0.000148 46.993954 180.000000 180.000000 -180.000000 160.000076 -179.999847 -154.616257 0.000199 -0.000168 38.075588 0.000172 -0.000007 25.358355 171.520447 -179.278061 -176.883148 170.408295 -163.330673 113.195030 95.096542 175.142181 177.948029 172.064789 -170.539627 -163.163651 116.706444 118.876297 152.950195 0.000036 -0.000102 -5.981735 0.000003 -0.000075 -3.983841 0.000000 -0.000000 0.000000 165.000275 -179.999466 111.579956 179.999695 -179.999634 124.019981 179.999680 179.999954 140.813980 0.000000 -0.000000 0.000000 0.000159 -0.000297 -70.419708 179.999771 -179.999756 109.580292 179.999817 179.999908 133.100479 0.000000 -0.000000 0.000000 10.000017 -0.000029 -63.320934 179.999985 -179.999985 116.679070 179.999985 179.999985 137.828247 0.000000 -0.000000 0.000000 20.000185 -0.000381 -27.917240 179.999985 -179.999374 138.124130 179.999725 -179.999710 152.110672
92.167503 92.289948 1079.009033 2.410864 1.773525 3.137750 1.491238 -33.968666 3.444319 115.612114 117.084618 121.054939 7.762489 -12.379755 -8.878893 171.028564 -173.459381 178.425735 4.470601 37.792774 -8.582351 175.714462 -158.985703 -170.734192 179.761200 177.419144 178.662430 179.761185 177.472778 177.778519 179.057678 178.259857 177.065353 179.999344 -177.826721 179.326553 179.999283 -177.464523 179.302383 1.065423 -1.860090 -0.446560 177.757462 -179.648438 -179.192429 0.043008 26.693830 70.024925 52.432285 -0.722874 21.233080 21.294069 5.802484 -35.551464 42.103001 43.912994 33.790665 0.002066 -0.004265 23.427446 0.002356 -0.002076 15.602671 0.000003 -0.000000 0.000000 15.001250 -0.004211 79.820335 0.003577 0.000385 65.307564 0.000810 0.002386 45.715290 0.000003 -0.000000 0.000000 0.001097 -0.002448 74.336075 0.002659 0.000397 74.336098 0.000230 0.001771 49.507854 0.000003 -0.000000 0.000000 170.003311 -179.993790 -109.683502 0.006966 0.000980 70.316452 0.000969 0.004592 46.830849 0.000003 -0.000000 0.000000 160.001007 -179.998337 -154.833282 0.002415 -0.001613 37.750031 0.001928 0.000125 25.141558 171.168808 -179.218307 -176.750290 168.586243 -161.469604 113.000053 93.219810 176.138275 -179.983429 173.398422 -170.719177 -163.403885 115.674088 118.770622 151.492554 179.999893 -179.994812 173.865509 179.999557 -179.996582 175.914444 0.000003 -0.000003 -0.000000 165.005920 -179.986221 111.296471 179.991226 -179.991425 123.788025 179.991608 179.998184 140.651611 0.000003 -0.000003 -0.000000 0.001971 -0.004643 -70.625702 179.996277 -179.996597 109.374352 179.997055 179.998398 132.963272 0.000003 -0.000003 -0.000000 9.985507 0.035402 -64.146393 0.025165 0.028812 -64.146355 0.024646 -0.006441 -42.721516 0.000003 -0.000003 -0.000000 20.005650 -0.015528 -28.063324 179.996338 -179.975464 137.904999 179.987183 -179.989594 151.964706
92.204514 92.932037 1082.368896 2.416002 2.217566 2.561648 2.325124 -34.935867 4.670799 124.052338 120.207176 130.701614 6.863996 -11.969964 -8.250522 168.081161 -174.740494 178.198624 9.190651 36.946812 -6.511909 174.469162 -161.990189 -170.793655 179.668991 177.759705 178.857605 179.668823 177.807205 178.105286 178.584045 178.511154 177.485382 179.999939 -178.085571 179.204559 179.999924 -177.766464 179.176270 1.742847 -1.630553 -0.532944 177.234421 -179.146683 -179.872681 1.216735 29.580536 70.539032 53.016041 -1.689432 20.424765 21.484631 5.652952 -35.585384 42.748470 43.982677 34.095558 0.002283 -0.005489 23.268364 0.002838 -0.002764 15.496724 0.000000 0.000000 -0.000007 15.000937 -0.002907 79.581337 0.002483 0.000319 65.111977 0.000544 0.001664 45.578396 0.000000 0.000000 -0.000007 0.000564 -0.001163 74.164055 0.001273 0.000226 74.164085 0.000094 0.000859 49.393261 0.000000 0.000000 -0.000007 170.002640 -179.995407 -110.016716 0.005237 0.000893 69.983231 0.000653 0.003476 46.608864 0.000000 0.000000 -0.000007 160.000153 -179.999741 -154.983185 0.000395 -0.000250 37.525246 0.000307 0.000032 24.991779 171.049179 -179.149124 -176.737106 167.092789 -160.379532 113.044724 91.210907 177.307617 -178.197800 175.103455 -171.616028 -163.693024 114.219681 118.718636 150.320099 179.999649 -179.984161 174.076828 179.998581 -179.989548 176.055176 0.000000 -0.000000 0.000000 165.006958 -179.982559 111.043190 179.988678 -179.989624 123.580795 179.989578 179.997375 140.506577 0.000000 -0.000000 0.000000 0.000253 -0.000675 -70.811150 179.999451 -179.999542 109.188881 179.999588 179.999741 132.839798 0.000000 -0.000000 0.000000 10.026082 -0.076432 -61.167938 179.944077 -179.941742 118.832161 179.948380 179.984985 139.262207 0.000000 -0.000000 0.000000 20.004520 -0.014400 -28.450472 179.995544 -179.977814 137.324280 179.987747 -179.991211 151.577957
92.310280 93.552666 1085.752563 2.437628 2.311079 1.954058 3.677839 -35.816875 6.226823 129.711807 123.769485 137.818649 5.713535 -11.723339 -7.699399 166.680695 -176.243164 177.683884 12.882780 36.134407 -4.279088 172.753204 -165.298370 -170.975525 179.563141 177.952530 179.065918 179.563385 177.996552 178.454025 178.057220 178.651077 177.928024 0.000655 -1.670013 -0.893196 0.000711 -1.948428 -0.924782 2.489221 -1.411349 -0.603373 176.997009 -178.829437 179.490860 1.955168 32.056435 71.019646 53.850906 -2.492919 19.897623 21.465946 5.665039 -35.736973 42.338009 44.051418 33.123398 179.999023 -179.997894 -157.042572 179.999939 -179.998444 -164.710342 180.000000 -180.000000 179.999985 15.000489 -0.001328 79.316872 0.001138 0.000179 64.895554 0.000219 0.000779 45.426907 180.000000 -180.000000 179.999985 0.000289 -0.000547 74.059326 0.000605 0.000130 74.059280 0.000028 0.000404 49.323479 180.000000 -180.000000 179.999985 170.001511 -179.997620 -110.409279 0.002763 0.000573 69.590683 0.000289 0.001851 46.347382 180.000000 -180.000000 179.999985 159.999496 179.999313 -155.076553 179.998917 179.999374 -142.614838 179.999176 -179.999878 -155.101486 170.992096 -179.073029 -176.811172 165.923126 -159.607666 113.211914 90.216110 177.769592 -176.794144 173.591125 -171.626892 -163.525894 113.251823 118.515488 146.850143 179.999176 -179.994019 172.881104 179.998947 -179.996124 175.258820 0.000000 0.000000 -0.000007 165.002228 -179.992676 110.549614 179.995026 -179.996216 123.176956 179.995880 179.998520 140.223846 0.000000 0.000000 -0.000007 179.999908 179.999557 109.150352 0.000377 0.000256 -70.849663 0.000252 -0.000192 -47.185863 0.000000 0.000000 -0.000007 9.999799 0.001032 -64.223053 0.000834 0.000632 -64.223022 0.000620 -0.000329 -42.772511 0.000000 0.000000 -0.000007 20.001156 -0.007956 -28.807695 179.995712 -179.988739 136.788467 179.992767 -179.996521 151.221115
92.534027 94.112099 1089.216675 2.442127 2.187754 1.470440 5.123688 -35.876987 6.935588 135.414566 129.442307 145.005157 5.920371 -9.872854 -6.952188 164.894012 -178.722427 176.456726 17.580719 34.245735 -1.600736 170.600494 -168.655624 -171.432388 179.448624 178.043182 179.258255 179.449142 178.085495 178.776611 177.498291 178.713867 178.332214 0.001230 -1.426657 -0.975474 0.001365 -1.664531 -1.009921 3.055417 -1.194285 -0.654709 176.808792 -178.525375 178.853455 2.464288 34.293125 71.459793 54.190918 -3.536954 19.444153 21.875374 6.413198 -35.477062 43.469379 44.329617 33.303795 179.998306 -179.999207 -157.537888 179.999176 -179.999100 -165.040222 0.000000 -0.000000 0.000000 15.000252 -0.000570 79.148918 0.000496 0.000102 64.758240 0.000083 0.000350 45.330765 0.000000 -0.000000 0.000000 0.000219 -0.000339 74.004585 0.000388 0.000118 74.004570 0.000002 0.000266 49.287079 0.000000 -0.000000 0.000000 170.000839 -179.998886 -110.698776 0.001352 0.000394 69.301186 0.000079 0.000926 46.154629 0.000000 -0.000000 0.000000 159.999634 179.999557 -155.010727 179.999207 179.999634 -142.516098 179.999435 -179.999863 -155.035706 170.979523 -178.980820 -177.067612 165.143158 -159.150345 113.578094 88.969398 178.056946 -175.720505 173.496552 -171.929871 -163.667679 111.991867 118.469330 144.888519 179.999054 -179.994110 172.590042 179.998856 -179.996201 175.064972 0.000003 0.000003 0.000003 165.000793 -179.996490 110.230865 179.997528 -179.998398 122.916222 179.998138 179.999161 140.041336 0.000003 0.000003 0.000003 179.999588 179.997116 109.087044 0.002595 0.001345 -70.912964 0.001414 -0.001324 -47.228031 0.000003 0.000003 0.000003 9.999750 0.002954 -64.253868 0.002546 0.001506 -64.253937 0.001636 -0.001087 -42.793076 0.000003 0.000003 0.000003 20.000296 -0.022073 -28.591595 179.984070 -179.970978 137.112595 179.978973 -179.993393 151.436981
92.801659 94.599403 1092.748657 2.391247 1.763528 1.115955 6.900452 -35.425804 7.308554 137.061249 133.604599 148.152206 6.798456 -10.469142 -5.504109 165.748810 179.014618 175.566956 19.880079 32.984612 0.627248 168.135040 -172.135712 -172.146683 179.327301 178.023590 179.446640 179.327789 178.065903 179.093491 176.912582 178.693161 178.722244 0.000954 -1.170170 -1.066514 0.001091 -1.365244 -1.104421 3.784781 -0.961075 -0.711756 176.765457 -178.319839 178.137543 2.717165 36.252811 71.840256 55.027260 -4.096941 19.217783 21.970114 7.028718 -35.384171 44.626228 44.686901 33.376537 179.998825 179.999954 -158.126999 179.999252 -179.999741 -165.432587 0.000000 -0.000000 0.000000 15.000511 -0.000768 79.198753 0.000693 0.000288 64.798927 0.000037 0.000521 45.359253 0.000000 -0.000000 0.000000 0.000175 -0.000183 73.952988 0.000219 0.000113 73.952995 179.999985 179.999832 -130.747299 0.000000 -0.000000 0.000000 170.000412 -179.999619 -110.934479 0.000511 0.000260 69.065483 179.999969 179.999603 -134.002396 0.000000 -0.000000 0.000000 159.999893 179.999908 -154.900116 179.999771 179.999939 -142.350204 179.999847 -179.999939 -154.925217 171.023376 -178.917297 -177.609695 164.746857 -158.982895 114.181877 87.526184 178.199982 -174.937912 173.491898 -172.179489 -163.938538 110.997490 118.442635 143.116577 179.999039 -179.995041 172.248703 179.998901 -179.996826 174.837631 0.000000 0.000000 -0.000003 165.000031 -179.999786 109.995796 179.999847 -179.999924 122.723816 179.999893 179.999939 139.906693 0.000000 0.000000 -0.000003 179.999817 179.995148 109.116379 0.004532 0.001796 -70.883598 0.002126 -0.002451 -47.208488 0.000000 0.000000 -0.000003 10.000161 0.004670 -64.213188 0.004260 0.001907 -64.213150 0.002385 -0.001989 -42.765957 0.000000 0.000000 -0.000003 19.999664 -0.002971 -30.015789 179.997345 -179.996399 134.976364 179.997040 -179.999573 150.014236
93.072258 94.998833 1096.301392 2.257553 1.085182 0.867327 7.902677 -34.416122 7.420709 140.697678 138.758331 152.673355 7.825910 -9.412890 -3.935835 168.355698 176.539383 175.150772 20.264362 31.977139 2.345207 165.818954 -176.093979 -173.143616 179.275955 177.849503 179.593475 179.276382 177.894333 179.340683 176.659760 178.550171 179.024765 0.000855 -1.016781 -1.132335 0.000986 -1.186277 -1.172667 4.344266 -0.821233 -0.750474 176.086136 -177.653259 177.432190 3.255821 38.308281 72.345497 55.870247 -4.583761 19.084478 22.081861 7.858804 -35.181801 45.544720 44.963737 33.477974 179.999207 179.999557 -158.577164 179.999405 179.999908 -165.732391 0.000000 -0.000000 0.000000 15.000090 -0.000017 78.711739 0.000023 0.000058 64.400452 179.999985 179.999985 -134.919617 0.000000 -0.000000 0.000000 0.000141 -0.000017 73.894264 0.000062 0.000142 73.894234 179.999924 179.999939 -130.786438 0.000000 -0.000000 0.000000 170.000244 -179.999985 -111.103508 0.000115 0.000227 68.896492 179.999893 179.999863 -134.114914 0.000000 -0.000000 0.000000 159.999939 179.999985 -154.848053 179.999939 -179.999985 -142.272095 179.999985 -179.999954 -154.873199 170.667648 -178.781174 -178.120956 164.749802 -159.013550 114.951820 85.937866 178.226440 -174.453186 173.530136 -172.308502 -164.312088 110.157280 118.421257 141.569809 179.999023 -179.995926 171.936646 179.998962 -179.997406 174.629791 0.000000 0.000003 0.000003 164.999878 179.997986 109.896858 0.001517 0.000650 -57.357121 0.000962 -0.000652 -40.149982 0.000000 0.000003 0.000003 0.000478 0.006101 -70.724861 0.005906 0.001595 -70.724876 0.002313 -0.003350 -47.102760 0.000000 0.000003 0.000003 10.000928 0.005603 -64.050842 0.005437 0.001628 -64.050819 0.002578 -0.002762 -42.657841 0.000000 0.000003 0.000003 19.999783 -0.000866 -30.227081 179.999069 -179.999039 134.659393 179.999100 179.999985 149.803162
93.334373 95.302780 1099.840210 1.965620 0.159445 0.728329 9.041571 -32.876606 7.220294 143.698471 144.778534 157.059998 9.394855 -7.811918 -2.377563 172.343216 173.958923 175.420486 19.120302 31.098330 3.419914 163.688828 179.342728 -174.272110 179.270401 177.553131 179.713638 179.270660 177.602646 179.543594 176.623184 178.318390 179.270340 0.000459 -0.927824 -1.187793 0.000534 -1.082476 -1.230181 4.748762 -0.736792 -0.784663 175.787567 -177.144379 176.823380 3.283403 39.961903 72.628700 56.999195 -4.652403 18.957294 22.042557 8.271923 -35.097816 46.243324 45.156353 33.512428 179.999481 179.999329 -158.940048 179.999527 179.999710 -165.974060 0.000000 -0.000000 0.000000 15.000082 0.000158 78.656021 179.999893 179.999893 -115.645035 179.999908 -179.999954 -134.951553 0.000000 -0.000000 0.000000 0.000272 0.000385 73.904518 179.999710 179.999634 -106.095490 179.999725 -179.999878 -130.779572 0.000000 -0.000000 0.000000 170.000168 179.999802 -111.260124 179.999863 179.999771 -111.260132 179.999832 -179.999969 -134.219254 0.000000 -0.000000 0.000000 160.000000 -179.999985 -154.804977 180.000000 -179.999985 -142.207458 0.000003 -0.000004 25.169825 170.139771 -178.574921 -178.646286 165.189789 -159.185211 115.927063 84.277832 178.312408 -174.264252 173.606628 -172.336548 -164.764862 109.506111 118.419937 140.275681 179.998901 -179.996780 171.646667 179.998947 -179.997986 174.436676 0.000000 -0.000000 0.000000 165.000153 179.996719 109.947678 0.002575 0.000788 -57.315491 0.001448 -0.001216 -40.120861 0.000000 -0.000000 0.000000 0.000924 0.004376 -70.314751 0.004415 0.000620 -70.314751 0.001394 -0.002634 -46.829617 0.000000 -0.000000 0.000000 10.001897 0.006077 -63.770020 0.006275 0.001032 -63.769974 0.002474 -0.003443 -42.470810 0.000000 -0.000000 0.000000 20.000223 0.000507 -30.337160 0.000656 0.000501 -45.505733 0.000542 -0.000076 -30.306810
93.568573 95.489388 1103.360229 1.734715 -0.348498 0.665548 10.156791 -31.344267 6.646412 147.056931 152.978516 162.168289 10.809043 -4.334580 -0.952150 177.145523 172.010223 176.537415 16.946150 31.069544 4.330066 161.499283 175.340500 -175.427155 179.278717 177.387939 179.818375 179.278900 177.439667 179.719559 176.651047 178.180573 179.490921 179.999985 -179.093933 178.766220 179.999985 -178.942932 178.722153 5.006330 -0.710446 -0.814827 175.135742 -176.412766 176.252136 3.747823 41.575722 72.775009 58.122425 -4.741028 18.865112 22.003927 8.542921 -35.018726 46.761005 45.210712 33.428329 179.999527 179.999100 -159.244614 179.999481 179.999557 -166.176910 0.000000 -0.000000 0.000000 15.000116 0.000374 78.550301 179.999725 179.999847 -115.731598 179.999832 -179.999863 -135.012100 0.000000 -0.000000 0.000000 0.000108 0.000339 73.504158 179.999725 179.999786 -106.495842 179.999832 -179.999847 -131.046234 0.000000 -0.000000 0.000000 170.000137 179.999619 -111.427841 179.999710 179.999741 -111.427887 179.999771 -179.999878 -134.330963 0.000000 -0.000000 0.000000 160.000000 -179.999985 -154.801880 180.000000 -179.999985 -142.202789 0.000002 -0.000001 25.172926 169.472427 -178.268585 -179.148102 165.826935 -159.518478 116.587830 82.654419 177.961411 -174.212631 173.682999 -172.301392 -165.275238 108.792152 118.325073 138.982254 179.998718 -179.997208 171.400925 179.998871 -179.998291 174.273010 0.000000 0.000000 -0.000007 165.000687 179.996719 110.174400 0.002709 0.000421 -57.130039 0.001272 -0.001438 -39.991005 0.000000 0.000000 -0.000007 0.003125 0.008079 -70.212883 0.008656 -0.000114 -70.212891 0.001935 -0.005440 -46.761784 0.000000 0.000000 -0.000007 10.002928 0.005892 -63.342525 0.006562 0.000091 -63.342525 0.002037 -0.003867 -42.186119 0.000000 0.000000 -0.000007 20.000948 0.001573 -30.359709 0.002408 0.001348 -45.539574 0.001763 -0.000502 -30.329350
93.782127 95.550797 1106.907959 1.442958 -0.895199 0.762634 11.344593 -29.320871 5.790402 148.818665 158.783005 165.675491 11.773624 -4.085653 0.507401 2.852544 9.742899 -1.747434 13.132462 31.603168 4.665497 160.510178 170.861389 -177.124649 179.304932 177.203934 179.883881 179.305054 177.258530 179.829468 176.765305 178.036087 179.628571 179.999680 -179.060684 178.730438 179.999619 -178.904144 178.685089 5.121151 -0.733842 -0.840057 174.576523 -175.762802 175.779877 4.136351 42.933434 72.594536 59.251228 -4.870896 18.862919 21.892050 8.592925 -34.990276 47.219540 45.178947 33.150154 179.999466 179.998978 -159.598877 179.999420 179.999496 -166.412842 0.000000 -0.000000 0.000000 15.000243 0.000885 78.398026 179.999329 179.999649 -115.856171 179.999588 -179.999680 -135.099319 0.000000 -0.000000 0.000000 0.000231 0.000973 73.385361 179.999146 179.999481 -106.614609 179.999512 -179.999557 -131.125336 0.000000 -0.000000 0.000000 170.000153 179.999237 -111.600319 179.999344 179.999573 -111.600311 179.999588 -179.999710 -134.445831 0.000000 -0.000000 0.000000 160.000015 179.999908 -154.785477 179.999969 179.999863 -142.178192 179.999924 179.999939 -154.810684 168.804962 -177.937119 -179.561264 166.563736 -159.790833 117.470497 81.261452 177.841415 -174.236191 173.754654 -172.293091 -165.827820 108.157806 118.172890 137.743607 179.998550 -179.997650 171.143921 179.998795 -179.998596 174.101852 0.000000 -0.000000 0.000000 165.001282 179.997009 110.487526 0.002653 -0.000109 -56.873825 0.000966 -0.001593 -39.811699 0.000000 -0.000000 0.000000 0.004089 0.006532 -69.392082 0.007572 -0.001445 -69.392075 0.000913 -0.005065 -46.215153 0.000000 -0.000000 0.000000 10.003694 0.004998 -62.760067 0.006154 -0.000967 -62.760094 0.001336 -0.003920 -41.798218 0.000000 -0.000000 0.000000 20.001608 0.001925 -30.240133 0.003526 0.001288 -45.360180 0.002264 -0.001062 -30.209887
93.975258 95.464615 1110.490845 1.198597 -1.359353 0.939979 12.094172 -27.083391 4.885681 151.253937 165.865280 169.490860 11.652923 -2.583551 1.468423 8.475805 11.133617 0.453389 8.725309 32.852444 4.534862 160.256531 167.946808 -178.802948 179.327560 177.062164 179.927979 179.327652 177.119019 179.903427 176.864944 177.925751 179.721634 179.999512 -178.987976 178.704193 179.999435 -178.819305 178.657898 5.228570 -0.792681 -0.863115 174.156342 -175.246155 175.421448 4.362758 44.074009 72.068581 60.417286 -5.045798 18.954073 21.998226 8.557942 -34.881016 47.643425 45.267502 33.032543 179.999298 179.998795 -159.885651 179.999298 179.999405 -166.603867 0.000000 0.000000 -0.000003 15.000308 0.001323 78.171135 179.998993 179.999527 -116.041817 179.999405 -179.999512 -135.229279 0.000000 0.000000 -0.000003 0.000258 0.001380 73.127144 179.998764 179.999344 -106.872864 179.999344 -179.999329 -131.297318 0.000000 0.000000 -0.000003 170.000214 179.998550 -111.764847 179.998749 179.999268 -111.764824 179.999237 -179.999405 -134.555389 0.000000 0.000000 -0.000003 160.000015 179.999969 -154.821564 179.999985 179.999954 -142.232346 179.999985 179.999985 -154.846756 168.244415 -177.598953 -179.892105 167.332245 -159.998276 118.219963 80.126244 177.704422 -174.384613 173.817551 -172.411758 -166.370743 106.173798 117.863846 135.242432 0.000889 -0.000396 -8.991915 0.000537 -0.000358 -5.988616 180.000000 180.000000 -180.000000 165.001556 179.998001 110.924629 0.001989 -0.000590 -56.516205 0.000426 -0.001386 -39.561340 180.000000 180.000000 -180.000000 0.002767 0.002752 -68.301376 0.003589 -0.001523 -68.301361 179.999954 -179.997391 134.511292 180.000000 180.000000 -180.000000 10.003359 0.002998 -61.999779 0.004235 -0.001527 -61.999798 0.000434 -0.002972 -41.291862 180.000000 180.000000 -180.000000 20.002670 0.002223 -30.037048 0.005154 0.000899 -45.055611 0.002866 -0.001997 -30.007029
94.139656 95.239128 1114.103516 1.039562 -1.777243 1.211471 12.327235 -24.814240 4.182611 153.151031 170.819077 172.090530 10.887302 -3.098633 1.808083 14.143459 12.104670 3.210248 3.211118 33.760345 3.454216 160.966095 164.870255 179.529251 179.340393 176.954346 179.946472 179.340424 177.013046 179.934692 176.922195 177.844864 179.759460 179.999649 -178.942657 178.653763 179.999603 -178.766449 178.605667 5.117746 -0.830615 -0.896123 174.024429 -175.104218 175.273315 3.676662 44.583324 70.756638 61.481987 -5.109321 19.457729 22.118580 8.447254 -34.784649 48.110989 45.413940 32.837635 179.999283 179.998840 -160.247894 179.999298 179.999435 -166.845093 0.000000 -0.000000 0.000000 15.000299 0.001600 77.812737 179.998779 179.999481 -116.335030 179.999313 -179.999390 -135.434525 0.000000 -0.000000 0.000000 0.000230 0.001780 72.763451 179.998383 179.999237 -107.236542 179.999207 -179.999115 -131.539551 0.000000 -0.000000 0.000000 170.000107 179.998749 -112.202141 179.998901 179.999435 -112.202194 179.999374 -179.999466 -134.846634 0.000000 -0.000000 0.000000 160.000015 179.999756 -154.813980 179.999863 179.999680 -142.220978 179.999802 179.999878 -154.839172 167.868393 -177.241226 179.810684 167.862930 -160.172577 118.832611 79.363495 177.479660 -174.540054 173.893555 -172.708908 -166.864014 113.068192 118.084557 141.032516 179.998230 -179.998657 170.106384 179.998672 -179.999329 173.410843 0.000000 -0.000000 0.000000 165.001587 179.998932 111.375031 0.001299 -0.000859 -56.147724 0.000005 -0.001090 -39.303394 0.000000 -0.000000 0.000000 0.005988 0.003494 -67.928909 0.005542 -0.004165 -67.928909 179.998871 -179.995529 134.759354 0.000000 -0.000000 0.000000 10.004458 0.002403 -61.424145 0.004261 -0.002712 -61.424122 179.999786 -179.996628 139.091522 0.000000 -0.000000 0.000000 20.000839 0.000437 -29.442671 0.001421 -0.000050 -44.163971 0.000656 -0.000682 -29.413225
94.273476 94.858192 1117.718872 1.015871 -2.151420 1.560632 11.636000 -22.864626 3.942278 155.376389 173.581039 173.509750 9.439252 -4.924874 1.509166 18.417747 12.495787 5.537080 179.194641 143.889893 -177.118393 162.119492 163.596603 178.325485 179.331757 176.881577 179.943695 179.331711 176.941711 179.931000 176.881821 177.793732 179.748932 179.999741 -178.890823 178.626465 179.999725 -178.705978 178.577393 5.179875 -0.872886 -0.918437 174.089676 -175.128571 175.255997 2.548960 44.654346 69.220413 62.399502 -5.020268 20.129820 22.244308 8.370363 -34.686020 48.647236 45.642525 32.738117 179.999374 179.999039 -160.617279 179.999390 179.999527 -167.091110 0.000000 -0.000000 0.000003 15.000219 0.001774 77.356224 179.998642 179.999496 -116.708534 179.999268 -179.999313 -135.695984 0.000000 -0.000000 0.000003 0.000123 0.001901 72.249138 179.998245 179.999298 -107.750847 179.999207 -179.999023 -131.882065 0.000000 -0.000000 0.000003 170.000015 179.998703 -112.565552 179.998825 179.999481 -112.565567 179.999374 -179.999405 -135.088669 0.000000 -0.000000 0.000003 160.000015 179.999802 -154.885635 179.999863 179.999741 -142.328430 179.999832 179.999908 -154.910736 167.809509 -176.918167 179.549377 168.572327 -160.391693 119.250938 78.647125 177.375259 -175.046402 173.942291 -173.096466 -167.251587 104.055328 116.934204 130.927383 179.998154 -179.999054 170.091888 179.998672 -179.999588 173.401199 0.000000 -0.000000 0.000000 165.001892 179.999756 111.804192 0.000753 -0.001348 -55.796585 179.999527 -179.999039 140.942398 0.000000 -0.000000 0.000000 0.004500 0.000510 -66.445480 0.002296 -0.003889 -66.445503 179.998260 -179.997543 135.747299 0.000000 -0.000000 0.000000 10.004056 0.000436 -60.440399 0.002406 -0.003302 -60.440418 179.998901 -179.997513 139.746689 0.000000 -0.000000 0.000000 20.001808 0.000188 -29.317757 0.002512 -0.001067 -43.976681 0.000712 -0.001667 -29.288462
94.372276 94.317970 1121.263428 1.057446 -2.640383 2.036848 9.865381 -21.714666 4.315890 158.019485 174.794540 173.732697 7.940727 -6.589822 0.745604 21.169567 12.622532 7.195547 176.386948 141.241776 -177.732071 164.204849 162.791138 177.448593 179.313156 176.780441 179.910339 179.313126 176.842834 179.877029 176.800705 177.728348 179.669464 179.999893 -178.865570 178.601776 179.999878 -178.676498 178.551834 5.324070 -0.890703 -0.937561 174.207687 -175.284195 175.348526 1.240616 44.271542 67.693474 63.120266 -4.756919 20.887911 22.377588 8.420007 -34.568710 49.182888 45.903687 32.701523 179.999451 179.999207 -160.964233 179.999481 179.999619 -167.322174 0.000000 -0.000000 0.000000 15.000096 0.001684 76.780975 179.998672 179.999588 -117.179245 179.999329 -179.999313 -136.025436 0.000000 -0.000000 0.000000 179.999985 179.998184 -108.367447 179.998291 179.999435 -108.367470 179.999283 -179.999039 -132.292725 0.000000 -0.000000 0.000000 169.999939 179.998703 -112.977669 179.998795 179.999557 -112.977684 179.999420 -179.999374 -135.363113 0.000000 -0.000000 0.000000 159.999969 179.999710 -154.939545 179.999771 179.999603 -142.409332 179.999725 179.999878 -154.964615 168.033234 -176.702057 179.352127 169.254944 -160.612625 119.677826 78.084206 177.491959 -175.665710 174.338013 -174.026077 -167.571228 105.170570 116.614456 130.900208 179.998703 -179.999725 169.483337 179.999115 -179.999985 172.995911 0.000000 -0.000000 0.000000 165.001740 -179.999725 112.224258 0.000338 -0.001395 -55.452877 179.999329 -179.999252 141.182968 0.000000 -0.000000 0.000000 0.003472 -0.000499 -65.513809 0.001009 -0.003359 -65.513832 179.998260 -179.998444 136.367798 0.000000 -0.000000 0.000000 10.003234 -0.000466 -59.632339 0.001249 -0.003012 -59.632324 179.998703 -179.998260 140.284866 0.000000 -0.000000 0.000000 20.001406 -0.000212 -28.956629 0.001693 -0.001289 -43.434940 0.000233 -0.001393 -28.927671
94.435204 93.603523 1124.671509 1.304695 -3.046823 2.506222 7.229851 -22.182251 5.384153 160.864761 173.952560 172.755890 6.562846 -8.002449 -0.363622 22.073994 12.376919 8.104702 175.639359 138.054886 -177.867661 166.374252 163.282394 177.323120 179.273834 176.714020 179.879303 179.273773 176.778030 179.827484 176.621674 177.688507 179.592010 179.999985 -178.859528 178.583755 179.999985 -178.669464 178.533173 5.476253 -0.892200 -0.951096 174.540054 -175.497223 175.475677 179.798904 136.487411 -113.527672 63.613022 -4.318401 21.591703 22.536037 8.652349 -34.412239 49.696445 46.200092 32.664471 179.999435 179.999344 -161.310181 179.999512 179.999710 -167.552582 0.000000 -0.000000 0.000000 14.999943 0.001116 76.099533 179.999115 179.999832 -117.736755 179.999588 -179.999512 -136.415726 0.000000 -0.000000 0.000000 179.999863 179.998810 -109.098465 179.998825 179.999725 -109.098473 179.999588 -179.999329 -132.779587 0.000000 -0.000000 0.000000 169.999878 179.999176 -113.499908 179.999191 179.999786 -113.499939 179.999664 -179.999573 -135.710953 0.000000 -0.000000 0.000000 160.000000 179.999969 -155.074539 179.999985 179.999954 -142.611816 179.999969 179.999985 -155.099442 168.446609 -176.596634 179.214203 169.963684 -160.961349 119.648727 77.550880 177.340851 -176.436096 174.909134 -175.032578 -167.750031 106.704559 116.299232 131.298340 179.999283 -179.999985 168.862091 179.999527 179.999908 172.582153 180.000000 180.000000 -180.000000 165.001144 -179.999542 112.724586 0.000011 -0.001003 -55.043510 179.999435 -179.999588 141.469528 180.000000 180.000000 -180.000000 0.002039 -0.000792 -64.577881 0.000175 -0.002180 -64.577919 179.998749 -179.999268 136.991089 180.000000 180.000000 -180.000000 10.001927 -0.000750 -58.773731 0.000368 -0.002027 -58.773766 179.998978 -179.999069 140.856674 180.000000 180.000000 -180.000000 20.000694 -0.000280 -28.570137 0.000718 -0.000867 -42.855202 179.999969 -179.999252 151.458450
94.501259 92.746986 1127.940674 1.702534 -3.430196 3.008548 4.778332 -23.907734 6.462718 162.715576 171.719864 171.227814 5.753962 -8.912174 -1.698079 21.435925 11.873172 8.200121 176.951279 134.388504 -177.257355 168.677597 163.775513 177.574493 179.219070 176.652084 179.841949 179.219009 176.717712 179.767990 176.371902 177.654495 179.497665 0.000019 -1.135463 -1.421743 0.000016 -1.324705 -1.472521 5.572525 -0.886136 -0.955518 174.986435 -175.715286 175.599838 178.500137 137.559402 -114.261108 63.860622 -3.705103 22.127327 22.512573 8.983706 -34.296757 50.356319 46.596107 32.547085 179.999969 179.999954 -161.795135 179.999969 179.999985 -167.875565 180.000000 180.000000 -180.000000 14.999934 0.000616 75.379578 179.999496 179.999924 -118.325775 179.999802 -179.999725 -136.828079 180.000000 180.000000 -180.000000 179.999893 179.999329 -109.867592 179.999344 179.999863 -109.867546 179.999786 -179.999619 -133.291779 180.000000 180.000000 -180.000000 169.999908 179.999496 -114.033188 179.999512 179.999893 -114.033203 179.999802 -179.999725 -136.066071 180.000000 180.000000 -180.000000 160.000015 -179.999985 -155.103058 0.000004 -0.000005 37.345402 0.000007 -0.000001 24.872049 168.979858 -176.600830 179.097183 170.783020 -161.466446 119.454834 77.019020 177.143890 -177.312744 175.674225 -176.036346 -167.812973 108.399689 116.103912 131.903992 179.999756 179.999954 168.253738 179.999847 179.999939 172.176987 0.000000 -0.000000 0.000000 165.000519 -179.999680 113.204887 179.999924 -179.999512 125.349449 179.999695 -179.999847 141.744614 0.000000 -0.000000 0.000000 0.000791 -0.000489 -63.760963 179.999924 -179.999069 116.239029 179.999435 -179.999771 137.535202 0.000000 -0.000000 0.000000 10.000780 -0.000493 -58.002594 0.000005 -0.000926 -58.002586 179.999481 -179.999680 141.370255 0.000000 -0.000000 0.000000 20.000254 -0.000173 -28.281921 0.000223 -0.000415 -42.422894 179.999924 -179.999710 151.746353
94.600075 91.622215 1131.126831 2.206526 -4.009799 3.607335 2.483015 -26.493971 7.728975 163.415710 168.193024 168.807602 5.387369 -11.979200 -2.358521 19.429180 11.560890 7.450420 0.936733 50.086071 4.933415 170.979141 165.252533 177.653381 179.146576 176.515228 179.786179 179.146454 176.584137 179.680511 176.039993 177.573883 179.357910 0.000113 -1.117899 -1.407812 0.000149 -1.304137 -1.458166 5.621311 -0.870927 -0.946644 175.388184 -175.894562 175.708588 177.378754 138.663483 -114.691788 64.124992 -2.979852 22.533134 22.500948 9.505049 -34.114182 50.697681 46.786625 33.113991 179.999741 179.999680 -161.728149 179.999786 179.999847 -167.830948 180.000000 -179.999985 -179.999985 14.997608 0.018996 74.696968 179.984528 179.997559 -118.884346 179.993195 -179.991409 -137.218979 180.000000 -179.999985 -179.999985 179.996780 179.981827 -110.711899 179.981918 179.996292 -110.711914 179.993301 -179.989685 -133.854141 180.000000 -179.999985 -179.999985 169.996765 179.984177 -114.586967 179.984329 179.996140 -114.587021 179.993225 -179.991638 -136.434921 180.000000 -179.999985 -179.999985 159.999741 179.998886 -155.038666 179.998932 179.998642 -142.557953 179.998901 179.999710 -155.063629 169.575806 -176.724976 179.012009 171.828415 -161.916077 119.148293 76.321434 176.973587 -178.375427 176.763855 -177.406830 -167.776077 110.788284 116.099678 133.303497 179.998856 179.998840 167.658127 179.999451 179.999069 171.780319 0.000003 -0.000000 0.000003 165.006454 -179.991776 113.728104 179.995987 -179.992462 125.777534 179.994080 -179.999191 142.044281 0.000003 -0.000000 0.000003 0.008508 -0.010311 -62.987724 179.994751 -179.987717 117.012260 179.991119 -179.999374 138.050186 0.000003 -0.000000 0.000003 10.021446 -0.025884 -58.156487 179.989731 -179.967987 121.843529 179.978333 -179.994324 141.267792 0.000003 -0.000000 0.000003 19.999554 0.000581 -27.942770 179.999802 179.998932 138.085785 0.000375 0.000611 -27.914833
94.830360 90.570511 1134.150391 3.159976 -4.535869 4.306809 2.911355 -28.321737 6.310559 163.706970 164.675949 169.185654 3.146536 -8.856949 -4.297394 15.691448 10.949753 6.222155 6.861297 54.297058 7.768651 173.065826 166.772186 178.228638 179.030991 176.395706 179.710312 179.031082 176.467972 179.559937 175.517517 177.513184 179.169479 0.000205 -1.116683 -1.355303 0.000279 -1.302791 -1.403878 5.748677 -0.872916 -0.920033 176.016281 -176.015701 175.564835 176.942337 139.789749 -113.844353 64.110466 -2.099113 22.207956 22.418150 9.936189 -33.992405 50.790741 47.219872 32.922382 179.999725 -179.998825 -161.968948 0.000049 -0.000808 12.008698 0.000000 -0.000000 0.000000 14.998900 0.016228 73.839706 179.987061 179.996948 -119.585686 179.993591 -179.993256 -137.709976 0.000000 -0.000000 0.000000 179.998535 179.986679 -111.669769 179.987137 179.996277 -111.669785 179.994446 -179.993027 -134.492096 0.000000 -0.000000 0.000000 169.998337 179.987732 -115.379601 179.988251 179.996094 -115.379555 179.994247 -179.994110 -136.962799 0.000000 -0.000000 0.000000 159.999649 179.997742 -155.008148 179.998093 179.997147 -142.512222 179.997849 179.999268 -155.033142 170.267685 -176.831390 178.617874 172.162247 -162.959305 119.020393 76.001724 176.428146 -179.028336 177.729294 -177.849854 -167.645798 112.290054 116.279884 134.068924 179.999863 179.999634 167.212006 179.999985 179.999725 171.483200 0.000000 -0.000000 0.000000 165.004959 -179.992142 113.995697 179.995804 -179.993652 125.996529 179.994690 -179.999741 142.197540 0.000000 -0.000000 0.000000 0.005906 -0.008567 -62.620487 179.995148 -179.990799 117.379578 179.993073 179.999985 138.294769 0.000000 -0.000000 0.000000 10.005043 -0.007226 -56.867485 179.996735 -179.991806 123.132576 179.994263 -179.998825 142.126266 0.000000 -0.000000 0.000000 19.996313 0.005386 -27.837742 179.998932 179.990250 138.243393 0.003801 0.005318 -27.809896
95.017746 89.750580 1137.378540 4.055653 -4.276138 4.840902 4.267138 -30.104605 4.131387 162.770691 163.437317 168.702393 5.420969 5.328942 -6.662235 11.596182 9.271116 4.953069 13.749188 58.535820 11.254190 174.995071 168.486191 179.006073 178.995102 176.571335 179.677414 178.996170 176.638809 179.498978 175.371750 177.641251 179.096344 0.000093 -1.122871 -1.296568 0.000192 -1.310108 -1.343162 5.430229 -0.883777 -0.880032 176.406113 -176.440155 175.662399 176.539673 141.239822 -112.956505 63.911911 -1.237926 21.555855 22.316227 10.190460 -33.918266 50.356350 47.242439 32.467899 179.995377 -179.999481 -161.979889 179.997192 -179.998703 -167.998596 0.000000 -0.000000 0.000000 15.000060 0.000691 71.815384 179.999481 179.999786 -121.242004 179.999695 -179.999756 -138.869370 0.000000 -0.000000 0.000000 0.000264 0.007156 67.310547 179.993546 179.996918 -112.689430 179.996414 -179.996857 -135.171188 0.000000 -0.000000 0.000000 170.000076 179.992355 -116.214798 179.993225 179.996460 -116.214798 179.995850 -179.997055 -137.519073 0.000000 -0.000000 0.000000 159.999985 179.998474 -155.151367 179.999008 179.997940 -142.727020 179.998657 179.999313 -155.176193 170.471695 -176.990280 178.171906 172.365753 -164.277466 118.976906 75.838547 175.753998 -179.444611 178.682373 -178.119751 -167.596436 113.809746 116.612465 135.111893 179.999878 -179.999939 166.882309 179.999908 -179.999969 171.263626 180.000000 180.000000 -180.000000 164.979416 179.960449 115.336266 0.022500 0.028715 -52.906631 0.025527 -0.000750 -37.034649 180.000000 180.000000 -180.000000 0.001747 -0.002914 -62.235966 179.998245 -179.997101 117.764030 179.997742 179.999863 138.550873 180.000000 180.000000 -180.000000 9.999809 0.000303 -56.479408 0.000141 0.000324 -56.479378 0.000233 0.000047 -37.615261 180.000000 180.000000 -180.000000 19.991476 0.013625 -27.804047 179.998413 179.975983 138.293945 0.009955 0.012590 -27.776234
95.044815 89.169922 1140.585205 3.807588 -1.659342 4.964085 8.255139 -32.776230 1.810195 160.523453 160.924454 169.103348 5.874764 11.958189 -6.132707 9.246121 5.508366 3.576865 21.063015 62.078209 15.594918 176.805161 170.284241 -179.903793 179.249603 177.615601 179.717422 179.248474 177.664368 179.553024 176.495300 178.366165 179.253967 179.999390 -178.780167 178.725784 179.999252 -178.576904 178.680237 4.751319 -0.977485 -0.854136 175.742035 -176.374710 175.474884 177.479919 142.128326 -111.347229 63.489697 -0.482546 20.620811 22.157568 10.132570 -33.992561 48.487392 46.152340 31.552431 179.999741 -179.999939 -161.253433 179.999847 -179.999908 -167.514801 0.000000 -0.000000 0.000000 15.000176 0.000344 71.760506 179.999786 179.999771 -121.286934 179.999786 -179.999954 -138.900864 0.000000 -0.000000 0.000000 0.000145 0.000406 65.916481 179.999695 179.999710 -114.083527 179.999741 -179.999893 -136.099609 0.000000 -0.000000 0.000000 170.000092 179.999649 -117.727943 179.999725 179.999756 -117.727928 179.999786 -179.999924 -138.526825 0.000000 -0.000000 0.000000 160.000046 179.999664 -155.380951 179.999847 179.999496 -143.071457 179.999725 179.999786 -155.405579 169.919540 -177.398438 178.117950 173.040329 -165.693222 118.585556 75.725029 175.028030 -179.824203 179.513245 -178.282669 -167.746552 114.877907 116.832542 135.713654 0.000453 0.000590 -13.413904 0.000386 0.000323 -8.933659 0.000000 -0.000000 0.000000 164.984756 179.964981 114.080833 0.021371 0.022829 -53.933868 0.021697 -0.002889 -37.753716 0.000000 -0.000000 0.000000 179.991455 179.983566 118.256760 0.010533 0.015245 -61.743252 0.012257 -0.001443 -41.120991 0.000000 -0.000000 0.000000 9.990918 0.016410 -56.150070 0.008679 0.016632 -56.150009 0.012427 0.001293 -37.395962 0.000000 -0.000000 0.000000 19.989592 0.018248 -28.106205 179.999451 179.968521 137.840698 0.013930 0.015674 -28.078106
94.998451 88.862244 1143.860352 3.631388 -1.469726 4.193480 6.881731 -32.166111 1.330465 161.961243 158.867172 171.137085 6.449848 18.067991 -6.440191 7.902604 3.084733 3.997351 27.194553 66.043137 19.991304 178.419693 171.973145 -178.585861 179.458145 177.724075 179.891174 179.458145 177.770737 179.835953 177.442078 178.412537 179.673096 0.000142 -1.391987 -1.222525 179.999908 -178.375977 178.734207 4.356310 -1.133644 -0.823782 175.897919 -177.226196 175.872757 177.850067 144.010559 -109.985275 62.692604 -0.037607 19.520687 21.852537 9.889310 -34.393353 49.899616 47.861904 30.277676 179.904831 179.992722 -162.985947 179.938431 -179.984085 -168.668640 0.000000 -0.000000 0.000000 15.005734 -0.008557 74.808258 0.008129 0.002223 61.206787 0.001633 0.005677 42.844719 0.000000 -0.000000 0.000000 0.000266 -0.004028 67.240524 0.003782 -0.001432 67.240524 0.001904 0.001905 44.782166 0.000000 -0.000000 0.000000 169.998215 -179.995193 -116.051773 0.003393 -0.003839 63.948219 0.003313 0.000809 42.589500 0.000000 -0.000000 0.000000 159.998932 -179.998611 -155.040329 179.999374 -179.997452 -142.560501 0.000684 -0.001612 24.934719 169.939194 -177.247528 178.211716 172.694077 -167.688324 118.303055 75.466850 174.327393 -179.639526 1.847902 -1.406660 11.488884 114.669891 116.999718 133.054901 0.009120 0.004750 -14.650800 0.006635 0.001692 -9.757423 0.000000 -0.000000 0.000000 165.010468 -179.975204 111.782753 179.984512 -179.984329 124.185867 179.984833 179.997330 140.930130 0.000000 -0.000000 0.000000 179.987152 179.973938 118.150795 0.017222 0.023411 -61.849167 0.019118 -0.002973 -41.191570 0.000000 -0.000000 0.000000 9.990631 0.017502 -56.474152 0.009579 0.017386 -56.474167 0.013191 0.000982 -37.611797 0.000000 -0.000000 0.000000 19.992161 0.014052 -28.604580 179.999985 179.975861 137.093170 0.011042 0.011689 -28.575977
94.767365 88.941978 1146.969971 3.599548 -2.338459 2.845624 5.638581 -31.944775 2.416598 162.585037 155.156311 171.640503 6.110620 22.331007 -7.367757 7.004069 1.107507 5.175954 32.556080 70.018463 24.766638 179.835709 173.545975 -177.322113 179.602432 177.271851 -179.858963 179.604980 177.324799 -179.746063 178.151749 178.057861 -179.749496 0.001166 -1.671118 -1.117264 0.001164 -1.949787 -1.156610 4.070755 -1.382892 -0.775648 176.185837 -178.075073 176.738419 178.734512 146.858536 -108.539787 61.025623 0.216622 17.904909 21.338703 9.415976 -34.505531 45.988480 45.272049 31.264668 179.936920 -179.983276 -159.980896 179.965057 -179.974136 -166.667252 0.000000 -0.000000 0.000000 15.002151 -0.016106 69.393890 0.012815 -0.003533 56.776802 0.007183 0.005919 39.743759 0.000000 -0.000000 0.000000 179.995163 -179.986893 -114.591911 0.009517 -0.010234 65.408096 0.008931 0.002646 43.561813 0.000000 -0.000000 0.000000 169.991470 -179.987854 -118.755119 0.006076 -0.013548 61.244850 0.009834 -0.001087 40.789127 0.000000 -0.000000 0.000000 159.996140 -179.996124 -155.765472 179.997009 -179.992355 -143.648209 0.001337 -0.005297 24.210278 170.308548 -176.841736 178.238007 171.901199 -169.522964 118.556839 77.814079 173.564758 -179.360535 179.482269 -178.624268 -168.457108 112.488678 115.931221 141.609741 0.054234 0.003374 -9.075038 0.035916 -0.004672 -6.043984 0.000003 -0.000000 0.000000 164.978378 179.895447 114.874298 0.071652 0.049976 -53.284588 0.057592 -0.020596 -37.299229 0.000003 -0.000000 0.000000 179.993790 179.978973 116.881752 0.016048 0.014947 -63.118271 0.013685 -0.005099 -42.036747 0.000003 -0.000000 0.000000 9.998005 0.005919 -57.450470 0.003924 0.004857 -57.450504 0.004125 -0.000470 -38.262001 0.000003 -0.000000 0.000000 20.000700 -0.001913 -29.488586 179.999496 -179.996979 135.767105 179.998383 -179.998779 150.540894
94.448692 89.370056 1149.521484 3.035759 -1.913997 0.839240 4.718561 -34.027744 4.100473 161.792007 151.702332 170.842560 8.101398 23.318336 -6.392024 8.064103 -1.651325 7.225147 33.092766 73.490898 26.135756 1.067592 4.790957 4.218610 179.805695 177.141296 -179.475281 179.806870 177.196259 -179.115814 179.089111 177.951767 -178.882660 0.000864 -2.030685 -1.020953 0.001157 -2.369180 -1.057208 4.003992 -1.697778 -0.743109 176.752090 -179.136368 177.914688 0.062245 28.640837 72.841888 57.936035 0.100290 16.478605 20.448481 9.330993 -34.394020 43.885548 42.633163 34.162281 179.977219 -179.980743 -156.898102 179.991425 -179.982086 -164.614136 180.000000 180.000000 -180.000000 15.000153 -0.020006 66.372505 0.014699 -0.007205 54.304771 0.010311 0.005020 38.013336 180.000000 180.000000 -180.000000 179.986984 -179.981842 -116.802193 0.009292 -0.020315 63.197765 0.014838 -0.001227 42.089699 180.000000 180.000000 -180.000000 169.995667 -179.996201 -122.607811 0.000788 -0.005718 57.392200 0.003481 -0.001647 38.223209 180.000000 180.000000 -180.000000 159.996552 -179.997803 -156.855469 179.996490 -179.994965 -145.283188 179.999969 -179.995926 -156.878632 170.613281 -176.957886 178.352966 171.855270 -170.610641 118.796822 80.870720 172.609024 -179.327789 178.844788 -178.330048 -169.068253 112.143143 116.782341 133.363617 0.046974 0.018519 -13.113365 0.033342 0.004409 -8.733500 0.000000 -0.000000 0.000000 165.007843 -179.924759 110.001030 179.944855 -179.971909 122.728157 179.962296 179.978683 139.909683 0.000000 -0.000000 0.000000 0.003957 -0.024942 -64.223167 179.979370 -179.985458 115.776817 179.985260 179.991913 137.227356 0.000000 -0.000000 0.000000 10.004380 -0.022600 -57.955967 179.983261 -179.984207 122.044037 179.985153 179.996216 141.401337 0.000000 -0.000000 0.000000 20.005415 -0.024199 -29.718740 179.989334 -179.964371 135.421906 179.978378 -179.987915 150.310974
94.100739 89.515976 1151.971680 2.290009 -1.475659 -1.409308 2.936345 -34.598000 8.022895 161.157700 147.919739 169.973755 6.574635 15.282416 -5.617980 8.148430 -4.537034 8.676691 35.438217 76.471909 28.721014 1.808316 3.096284 5.756368 179.978348 176.917297 -179.053345 179.976288 176.978043 -178.418335 179.822723 177.812531 -177.949615 179.998764 -177.546997 179.105774 179.999115 -177.138275 179.073578 4.512254 -2.064506 -0.708661 177.592300 179.978424 179.005463 1.975019 23.018860 74.028397 53.583004 -0.403627 15.131114 19.425869 9.451681 -33.671398 43.210632 40.714718 38.399883 0.000022 0.000233 26.028799 179.999954 179.999847 -162.664810 0.000000 -0.000000 0.000000 14.998926 -0.004663 60.758598 0.002813 -0.002707 49.711555 0.002725 0.000223 34.798080 0.000000 -0.000000 0.000000 179.982300 -179.992859 -120.981407 179.996002 -179.981339 -120.981476 0.008897 -0.009103 39.306358 0.000000 -0.000000 0.000000 169.962280 -179.991135 -120.733604 179.985672 -179.963989 -120.733658 0.014490 -0.021402 39.471375 0.000000 -0.000000 0.000000 160.004013 179.999176 -157.901306 0.005057 0.003439 33.148018 0.001542 0.003768 22.076590 171.150528 -177.199829 178.459793 172.435028 -171.581604 118.604568 84.673218 171.741776 -179.555542 178.285736 -178.212723 -169.789185 114.368164 117.544182 133.812378 0.123122 0.064790 -14.187009 0.090571 0.019713 -9.448575 0.000003 -0.000003 -0.000000 164.992828 -179.877930 111.191803 179.905609 -179.966812 123.702431 179.943146 179.959076 140.591644 0.000003 -0.000003 -0.000000 179.998352 -179.940948 115.969948 179.946533 -179.974869 115.969986 179.969070 179.975693 137.355988 0.000003 -0.000003 -0.000000 9.999938 -0.056565 -57.814198 179.952499 -179.969284 122.185814 179.965652 179.984543 141.495743 0.000003 -0.000003 -0.000000 20.001747 -0.064252 -29.606779 179.956329 -179.914032 135.589859 179.939575 -179.978256 150.422821
93.915329 89.767990 1154.523315 2.369758 -2.809632 -3.200534 177.435745 -148.443375 -167.699051 163.838120 145.907043 169.473389 6.768300 13.243112 -6.368914 5.788659 -5.784474 10.170115 39.634441 79.592804 31.695084 1.866449 1.364024 7.397080 0.075253 4.073403 1.353166 0.070295 3.991210 2.250729 0.092427 2.843410 2.953772 179.997253 -177.194931 179.208557 179.997025 -176.727463 179.180222 4.787296 -2.366279 -0.682544 178.729355 178.946564 -179.921982 3.516891 16.446562 74.145676 48.340420 -1.022251 13.923924 18.882530 9.585786 -32.410919 41.435501 39.967911 39.641342 179.927216 179.929123 -152.325134 179.935822 179.978516 -161.568512 0.000000 -0.000000 0.000000 14.999725 0.001321 56.948036 179.998978 179.999588 -133.406143 179.999313 -179.999680 -147.384293 0.000000 -0.000000 0.000000 179.985046 179.990799 -125.915985 179.983475 -179.994034 -125.915970 179.996338 -179.988892 -143.980042 0.000000 -0.000000 0.000000 169.978729 179.991379 -128.291290 179.979599 -179.989456 -128.291275 179.996582 -179.985092 -145.561981 0.000000 -0.000000 0.000000 159.998383 179.999527 -157.057419 179.997467 -179.999710 -145.586121 179.998703 -179.998886 -157.080353 171.599030 -177.204010 177.970627 173.283905 -172.500626 118.098083 89.288383 170.991013 179.718521 178.557709 -176.903564 -169.963089 125.685287 120.123436 142.622711 0.137641 0.080354 -16.116365 0.103755 0.022816 -10.733563 0.000000 -0.000000 0.000000 164.989304 -179.911591 113.863678 179.930847 -179.977036 125.888458 179.958038 179.970993 142.121902 0.000000 -0.000000 0.000000 179.994186 -179.936646 117.001648 179.941391 -179.975281 117.001671 179.967163 179.973236 138.043076 0.000000 -0.000000 0.000000 9.991241 -0.188680 -58.454834 179.840103 -179.899307 121.545349 179.884460 179.949783 141.069016 0.000000 -0.000000 0.000000 19.997412 -0.071336 -28.514067 179.948074 -179.906357 137.228943 179.932892 -179.975861 151.514435
93.893120 90.048378 1157.006226 1.959016 -2.212940 -4.152664 174.428680 -149.141769 -164.027054 164.093506 143.713089 167.363724 7.541342 10.553306 -6.323864 4.172883 -7.465583 10.348802 39.242298 81.083817 30.267294 1.415424 -0.406335 8.894123 0.231361 4.308239 1.626496 0.227859 4.218712 2.696807 0.731160 2.925913 3.587490 179.998657 -176.951996 179.217163 179.998291 -176.444153 179.189285 4.727985 -2.569481 -0.697450 178.720551 178.697601 -179.562881 6.363288 10.717293 74.072548 44.200768 -0.653588 12.517813 17.917225 8.423437 -30.850975 46.178783 41.509087 37.577946 179.923569 179.937775 -155.934036 179.937241 179.980591 -163.972061 0.000000 -0.000000 0.000000 14.999700 0.005597 56.416206 179.996063 179.997650 -133.841324 179.996902 -179.999176 -147.688889 0.000000 -0.000000 0.000000 179.992828 179.983749 -130.804245 179.983154 179.994354 -130.804214 179.989685 -179.994202 -147.235611 0.000000 -0.000000 0.000000 169.988846 179.983734 -132.670227 179.980560 179.996643 -132.670227 179.989410 -179.992233 -148.478363 0.000000 -0.000000 0.000000 159.993378 179.992798 -156.909424 179.986710 179.993759 -145.364166 179.990326 -179.998535 -156.932510 171.594406 -177.595078 177.343475 175.138290 -173.335541 116.962738 94.484253 170.306061 178.290558 176.392426 -176.020554 -169.365997 135.092636 122.955933 144.487106 0.041251 0.022456 -20.362621 0.031024 0.004081 -13.561520 0.000000 -0.000000 0.000000 164.995407 -179.964401 116.923027 179.972458 -179.989868 128.391571 179.982376 179.989426 143.874115 0.000000 -0.000000 0.000000 179.996063 -179.958847 118.983429 179.962341 -179.982971 118.983482 179.977707 179.983826 139.362976 0.000000 -0.000000 0.000000 9.999215 -0.010273 -51.035427 179.991562 -179.994095 128.964539 179.993423 179.998108 146.010406 0.000000 -0.000000 0.000000 19.998037 -0.048666 -26.312296 179.966400 -179.935120 140.531586 179.955673 -179.979904 153.714035
94.097763 90.360367 1159.606934 1.316558 -0.807290 -4.476640 170.607758 -150.130539 -161.482834 166.587692 141.573822 166.855942 8.219595 7.794907 -6.470986 0.746166 -9.928853 10.546326 39.926350 82.563766 27.788229 0.502902 -2.191350 10.323291 0.407887 4.066936 1.808070 0.406879 3.979504 2.992125 1.531995 2.663375 4.017745 0.001388 -3.108676 -0.884173 0.001470 -3.626423 -0.915811 4.663889 -2.614559 -0.763068 178.999008 178.386841 -179.688156 8.642071 5.941870 73.655098 41.295616 -0.272741 11.607394 17.173407 7.408090 -29.528885 49.996574 44.150574 33.278389 179.953232 179.951294 -160.639404 179.960419 179.978592 -167.105835 0.000000 -0.000000 0.000000 14.999512 0.012041 55.597515 179.991699 179.994659 -134.511124 179.993240 -179.998550 -148.157791 0.000000 -0.000000 0.000000 179.998016 179.990524 -134.096817 179.991867 179.994766 -134.096802 179.993729 -179.998596 -149.428482 0.000000 -0.000000 0.000000 169.996750 179.989655 -135.915817 179.990540 179.994736 -135.915787 179.993011 -179.998199 -150.639938 0.000000 -0.000000 0.000000 159.996918 179.992493 -158.241455 179.991623 179.991165 -147.362152 179.992157 179.997986 -158.263184 171.257660 -177.964783 176.913620 177.592865 -174.779770 114.862251 98.212914 169.964401 176.339233 175.029572 -176.919464 -168.955139 141.155579 125.950874 146.167679 179.961578 -179.971817 157.085587 179.969238 -179.992249 164.738983 0.000000 0.000003 0.000000 165.007736 179.978531 118.873024 0.018458 0.002803 -50.012943 0.009759 -0.008689 -35.009087 0.000000 0.000003 0.000000 0.010948 0.028895 -58.712086 0.030437 0.005342 -58.712067 0.013431 -0.015594 -39.102253 0.000000 0.000003 0.000000 10.027844 0.072421 -49.663246 0.073871 0.023771 -49.663269 0.043333 -0.028191 -33.075729 0.000000 0.000003 0.000000 19.999250 -0.002106 -24.027391 179.997696 -179.997574 143.958923 179.997818 -179.999588 155.996643
94.415260 90.570938 1162.646973 0.968153 -0.525401 -4.374415 166.887115 -153.050476 -159.701538 169.208969 139.386414 166.225845 8.730447 4.397603 -7.083116 176.368866 -168.304245 -169.285645 43.946953 83.783310 28.080835 179.243958 -176.137512 -168.836655 0.547745 4.132059 1.908324 0.547074 4.040378 3.152929 2.153507 2.633115 4.265200 0.002949 -3.023994 -1.020903 0.003387 -3.527667 -1.057524 4.422262 -2.539705 -0.828652 179.194824 178.391891 -179.983536 10.357723 2.746099 73.083786 40.333347 0.436476 10.875280 16.760246 6.496954 -28.451067 53.781635 46.333244 30.328918 179.979721 179.971695 -164.606705 179.982254 179.985077 -169.748062 0.000000 0.000000 -0.000007 14.999682 0.010973 54.116993 179.992645 179.994888 -135.722458 179.993805 -179.998993 -149.005737 0.000000 0.000000 -0.000007 179.999344 179.994553 -135.346115 179.995743 179.996567 -135.346115 179.996368 -179.999649 -150.260513 0.000000 0.000000 -0.000007 170.000015 -179.999908 -137.446335 0.000071 -0.000057 42.553658 0.000060 0.000010 28.340740 0.000000 0.000000 -0.000007 159.998688 179.994034 -159.185852 179.995026 179.992294 -148.778793 179.994537 179.997284 -159.206665 171.317215 -177.800079 176.562851 179.491104 -176.820526 112.499680 102.076332 170.309631 173.997253 175.244247 -175.795425 -166.952148 145.023087 127.922363 153.242111 0.007872 -0.006572 -21.527699 0.003439 -0.005914 -14.337453 0.000000 -0.000000 0.000000 165.001526 179.996445 117.885323 0.003167 0.000234 -50.821083 0.001527 -0.001608 -35.574741 0.000000 -0.000000 0.000000 0.005268 0.011265 -59.932350 0.012395 0.001009 -59.932384 0.004679 -0.006843 -39.914944 0.000000 -0.000000 0.000000 10.010837 0.022774 -52.820843 0.024769 0.004801 -52.820816 0.012400 -0.011338 -35.178673 0.000000 -0.000000 0.000000 20.008394 0.018042 -23.621870 0.022631 0.019466 -35.432819 0.019821 0.001580 -23.598253
94.893257 91.171059 1165.648804 0.843630 -0.868464 -4.088374 164.420837 -155.566772 -160.272873 172.517426 137.571167 167.680756 8.766976 1.879191 -7.727664 172.919708 -166.953445 -168.471039 40.351013 84.919868 21.767324 177.806213 -174.512482 -168.491745 0.658382 4.377995 1.954094 0.657626 4.278850 3.222084 2.643281 2.745052 4.394709 0.001783 -2.837550 -1.158365 0.002055 -3.310424 -1.199802 4.089425 -2.380580 -0.880374 179.287277 178.665512 179.832870 11.491251 0.779077 72.613998 41.202835 1.518647 10.503275 16.514568 5.940258 -27.931173 57.709812 47.823978 27.484177 179.994431 -179.996002 -168.483887 179.996964 -179.996597 -172.330261 0.000000 -0.000000 0.000000 14.999971 0.002915 52.745461 179.998108 179.998581 -136.844635 179.998352 -179.999817 -149.791245 0.000000 -0.000000 0.000000 179.999847 179.997467 -136.000351 179.998138 179.998260 -136.000366 179.998306 -179.999954 -150.696243 0.000000 -0.000000 0.000000 170.000641 -179.993683 -137.586380 0.004750 -0.004209 42.413620 0.004226 0.000092 28.247484 0.000000 -0.000000 0.000000 159.999634 179.996964 -159.896164 179.997910 179.995911 -149.844223 179.997437 179.998337 -159.916275 171.758774 -177.343246 176.299622 1.182955 -0.245785 -70.000938 105.095840 170.744476 171.555359 173.843552 -175.779892 -164.625336 136.568893 124.998146 151.622940 179.998215 -179.991379 162.144348 179.997238 -179.994827 168.108139 0.000000 -0.000000 0.000000 164.999084 -179.998062 117.564697 179.998260 -179.999924 128.916580 179.999207 179.999069 144.241608 0.000000 -0.000000 0.000000 0.020038 0.038093 -60.110058 0.043052 0.000338 -60.110062 0.013888 -0.025112 -40.033302 0.000000 -0.000000 0.000000 10.005640 0.010918 -54.434921 0.012180 0.001660 -54.434906 0.005571 -0.005996 -36.253651 0.000000 -0.000000 0.000000 20.022425 0.043040 -24.246260 0.059050 0.042676 -36.369377 0.048538 -0.002449 -24.222029
95.447441 91.873016 1168.561768 0.693844 -0.984139 -3.999963 164.169434 -156.986237 -161.469620 173.631592 136.425262 168.725937 8.832193 0.260738 -7.991199 170.641602 -165.033691 -167.216415 30.538849 85.646423 10.678714 176.397018 -172.882797 -168.764908 0.706622 4.487875 1.959571 0.705815 4.385468 3.227618 2.859577 2.796067 4.422147 0.000184 -2.612246 -1.205749 0.000210 -3.047620 -1.248818 4.181686 -2.183788 -0.896131 179.738388 179.034576 179.967667 12.216982 -0.621607 72.420547 43.428284 2.645237 10.389069 16.141041 5.894300 -27.665871 51.426891 46.948257 29.136328 179.965103 179.951080 -164.113388 179.969528 179.973907 -169.419510 0.000000 -0.000000 0.000000 15.000036 0.002072 52.374718 179.998672 179.998947 -137.147934 179.998825 -179.999908 -150.003555 0.000000 -0.000000 0.000000 0.000126 -0.004011 43.542343 0.002878 -0.002797 43.542343 0.002672 -0.000021 28.999210 0.000000 -0.000000 0.000000 170.000336 -179.994431 -136.804718 0.004093 -0.003798 43.195271 0.003718 0.000041 28.768049 0.000000 -0.000000 0.000000 160.000153 -179.998169 -160.375275 0.001151 -0.002509 29.437094 0.001493 -0.001072 19.605114 172.843460 -176.882187 176.293045 1.947984 2.349475 -71.761154 108.557487 171.990250 169.657913 172.450745 -176.077377 -162.753647 127.895958 122.391487 151.143860 0.028281 0.019068 -13.301991 0.021368 0.007725 -8.859131 0.000000 -0.000000 0.000000 165.021027 179.960342 118.493034 0.036758 -0.000949 -50.323864 0.015377 -0.020673 -35.226723 0.000000 -0.000000 0.000000 0.015204 0.027819 -63.941711 0.031642 -0.002295 -63.941730 0.007436 -0.019786 -42.585182 0.000000 -0.000000 0.000000 10.004704 0.008900 -55.509956 0.010011 0.001066 -55.509987 0.004329 -0.005128 -36.969631 0.000000 -0.000000 0.000000 20.003542 0.006966 -29.007769 0.009766 0.006482 -43.511673 0.007678 -0.001406 -28.978754
95.983109 92.700539 1171.369873 0.475270 -0.817486 -4.156364 165.110489 -158.203064 -162.786011 173.923630 136.328583 169.819260 8.800826 -0.736184 -8.016885 168.099396 -162.285339 -165.396896 24.302927 86.312492 3.145605 174.965439 -171.151276 -169.321030 0.740773 4.496397 1.959299 0.739966 4.393115 3.225101 3.018306 2.785123 4.430089 179.998657 -177.599289 178.842239 179.998505 -177.199203 178.800873 4.465910 -2.000607 -0.864456 0.406683 0.587765 0.287340 12.510025 -1.986056 72.371513 45.704998 3.214359 10.634816 16.288456 6.880534 -27.249763 59.082947 48.611713 25.385365 179.999115 179.998077 -170.479385 179.999207 179.998825 -173.659286 0.000000 -0.000000 0.000000 15.000075 0.001715 52.014786 179.998932 179.999069 -137.442474 179.999023 -179.999969 -150.209732 0.000000 -0.000000 0.000000 180.000000 -179.999893 -135.683060 0.000073 -0.000066 44.316921 0.000064 0.000001 29.515072 0.000000 -0.000000 0.000000 170.000076 -179.998154 -135.768463 0.001339 -0.001274 44.231518 0.001231 0.000022 29.458193 0.000000 -0.000000 0.000000 160.000153 -179.997650 -160.074936 0.001432 -0.003217 29.887579 0.001905 -0.001368 19.905140 174.123215 -176.476974 176.416992 2.022053 4.922622 -73.092415 110.687378 173.112946 168.554810 173.102524 -174.790314 -161.729828 137.229950 126.778000 156.462311 179.996231 -179.997299 163.949631 179.997116 -179.998932 169.310455 0.000000 -0.000000 0.000000 165.003052 179.994247 112.579803 0.005303 -0.000536 -55.161976 0.001789 -0.003289 -38.613377 0.000000 -0.000000 0.000000 0.003156 0.005781 -68.041451 0.006534 -0.000818 -68.041420 0.001080 -0.004245 -45.315601 0.000000 -0.000000 0.000000 10.014217 0.025532 -56.401962 0.029244 0.001022 -56.401993 0.010790 -0.016285 -37.563694 0.000000 -0.000000 0.000000 20.006567 0.012729 -29.832067 0.018371 0.011170 -44.748100 0.013849 -0.003701 -29.802233
96.471931 93.513275 1174.220215 0.147060 -0.741146 -4.604274 166.729248 -160.005600 -163.879822 173.558655 137.286133 170.646545 8.904763 -1.380367 -7.911721 166.757355 -159.631485 -163.460800 15.683083 85.686600 -5.436417 173.431854 -170.106796 -170.256866 0.818283 4.591517 1.971705 0.817463 4.484656 3.240643 3.367125 2.808977 4.478935 179.999390 -177.760193 178.963440 179.999359 -177.386932 178.926437 4.579470 -1.868068 -0.783728 0.493165 -0.081026 0.962486 13.056082 -3.285105 72.286186 48.981876 4.262498 11.135133 15.838589 7.407050 -26.649145 60.666374 49.427788 25.108740 0.002780 -0.004716 8.309031 0.002294 -0.002836 5.533815 0.000000 -0.000000 0.000000 15.002844 0.083146 51.408077 179.948883 179.955032 -137.938904 179.952347 -179.999924 -150.557236 0.000000 -0.000000 0.000000 179.999832 179.937592 -135.370300 179.956558 179.955200 -135.370300 179.958466 179.998688 -150.276627 0.000000 -0.000000 0.000000 169.999588 179.986618 -134.876297 179.990265 179.990814 -134.876297 179.991089 -179.999725 -149.947586 0.000000 -0.000000 0.000000 160.000153 -179.997375 -158.707214 0.001629 -0.003574 31.939173 0.002182 -0.001452 21.271505 175.288010 -176.015747 176.680008 1.851811 7.830822 -74.534515 113.184631 174.698212 167.982193 173.682144 -173.538193 -161.208694 137.458801 128.950836 157.812088 0.044514 0.006981 -15.970700 0.029915 -0.002317 -10.636484 0.000000 -0.000000 0.000000 164.982147 -179.967361 109.772636 179.969894 179.995529 122.541214 179.991196 179.980591 139.778870 0.000000 -0.000000 0.000000 179.994965 -179.990463 109.989426 179.989334 179.998550 109.989426 179.998474 179.992981 133.372925 0.000000 -0.000000 0.000000 9.996904 -0.006263 -63.952927 179.993027 179.999985 116.047096 179.997971 179.995819 137.407379 0.000000 -0.000000 0.000000 20.002733 0.006113 -33.163662 0.008479 0.005429 -49.745502 0.006406 -0.001996 -33.130512
96.932678 94.287773 1176.831665 179.679672 -179.871109 175.047760 169.576569 -160.827316 -164.903351 171.025528 137.742615 170.500015 9.358978 -2.322216 -7.752562 166.340988 -156.517685 -162.228561 16.555483 83.560501 -3.990730 172.086090 -168.426575 -170.984802 0.912748 4.392687 1.910901 0.911908 4.288330 3.136313 3.835838 2.635888 4.357585 179.999298 -177.905014 179.171844 179.999252 -177.555801 179.142227 4.529378 -1.756019 -0.646711 0.381872 -0.335202 1.473513 13.852786 -4.683175 72.294441 50.050407 4.820482 11.311153 18.511332 8.757685 -25.504026 60.448410 50.351131 25.108452 0.007707 -0.011636 8.246491 0.006216 -0.006914 5.492162 180.000000 -179.999985 180.000000 14.999676 0.069298 50.419128 179.956589 179.963516 -138.748032 179.960327 -179.999542 -151.123611 180.000000 -179.999985 180.000000 179.997940 179.936188 -135.979416 179.954758 179.954941 -135.979416 179.957489 179.998917 -150.682297 180.000000 -179.999985 180.000000 169.997772 179.955948 -134.665558 179.967361 179.970322 -134.665573 179.970657 -179.998657 -149.807266 180.000000 -179.999985 180.000000 159.998245 179.973785 -158.357040 179.983276 179.964310 -147.535538 179.977951 179.985779 -158.378677 175.954178 -176.120636 176.973312 0.595639 9.376201 -74.304619 115.909126 176.533356 168.685684 173.823883 -171.410522 -162.388992 117.137909 122.466492 153.628098 0.280226 0.292259 -6.488003 0.215443 0.162266 -4.321178 0.000000 -0.000000 0.000000 165.011429 179.975998 111.182549 0.021669 -0.001771 -56.305164 0.007313 -0.013367 -39.413631 0.000000 -0.000000 0.000000 179.988785 -179.975525 109.789833 179.973145 179.997955 109.789848 179.995102 179.982758 133.240005 0.000000 -0.000000 0.000000 9.990441 -0.021884 -64.196350 179.976151 -179.998901 115.803658 179.992340 179.986069 137.245178 0.000000 -0.000000 0.000000 19.977722 -0.056588 -34.432297 179.925720 -179.947052 128.351532 179.941269 179.984497 145.602112
97.309967 94.975433 1179.362183 179.112839 179.257843 174.850815 172.996902 -160.708298 -165.786148 168.058014 137.617691 170.475159 9.354709 -3.020070 -7.890072 166.469940 -152.550232 -162.007446 21.001411 81.111778 1.537149 171.310822 -167.065735 -171.573654 1.001714 4.034943 1.819232 1.000804 3.936660 2.983639 4.301610 2.362195 4.158389 179.999481 -178.058945 179.371597 179.999420 -177.735413 179.349152 4.458199 -1.635144 -0.512228 0.331814 -0.270441 1.738472 15.519346 -6.409056 71.896996 52.471828 5.563331 11.036830 19.406174 8.820568 -24.765383 61.151249 51.694077 26.170321 0.010670 -0.022024 8.152176 0.009237 -0.013429 5.429354 0.000000 -0.000000 0.000000 14.998943 0.049982 49.397514 179.968643 179.973740 -139.583862 179.971390 -179.999985 -151.708710 0.000000 -0.000000 0.000000 179.998459 179.960358 -136.995850 179.972092 179.971832 -136.995880 179.973633 179.998779 -151.359253 0.000000 -0.000000 0.000000 169.998825 179.976776 -135.416260 179.982941 179.984177 -135.416290 179.984512 -179.999588 -150.307236 0.000000 -0.000000 0.000000 159.998413 179.972244 -158.638016 179.982895 179.961960 -147.957001 179.977020 179.984375 -158.659393 176.490829 -176.451904 177.247986 179.480499 168.539886 105.929527 116.856644 177.246902 169.643692 173.285553 -169.814346 -163.465103 132.789261 125.859322 156.385330 179.985138 -179.976746 166.257568 179.986816 -179.987198 170.847534 0.000000 -0.000000 0.000003 165.000137 179.999588 110.221107 0.000368 -0.000013 -57.091805 0.000131 -0.000210 -39.964264 0.000000 -0.000000 0.000003 179.998489 -179.996399 110.708405 179.996094 179.999863 110.708412 179.999176 179.997528 133.851746 0.000000 -0.000000 0.000003 9.998018 -0.004636 -63.401020 179.994965 -179.999695 116.598969 179.998306 179.997101 137.774933 0.000000 -0.000000 0.000003 19.995611 -0.010298 -32.351734 179.986237 -179.990387 131.472351 179.989136 179.997406 147.680557
97.583946 95.462708 1181.975586 178.919891 178.601654 174.704880 176.427933 -160.989807 -166.612122 164.527679 137.680420 170.391678 9.429491 -3.417910 -8.221952 166.551392 -149.143951 -162.418121 22.035522 77.142761 3.786615 171.286942 -166.759323 -172.151169 1.054053 3.704305 1.744042 1.053185 3.611825 2.859135 4.590312 2.121526 3.986010 179.999664 -178.228149 179.542145 179.999588 -177.932831 179.525818 4.166750 -1.500520 -0.389095 0.231163 -0.123576 1.927336 17.337719 -7.815671 71.253494 55.066517 6.110772 10.546443 20.194384 8.716525 -24.314749 59.725231 51.954147 25.800436 0.009786 -0.023647 8.708753 0.008985 -0.014482 5.800029 0.000000 0.000000 -0.000007 14.999087 0.035946 48.568130 179.977600 179.980942 -140.262451 179.979401 179.999634 -152.183716 0.000000 0.000000 -0.000007 179.999374 179.982651 -137.793991 179.987961 179.987503 -137.794022 179.988480 179.999207 -151.890793 0.000000 0.000000 -0.000007 169.999817 179.995453 -135.955368 179.996719 179.996857 -135.955414 179.996979 -179.999985 -150.666306 0.000000 0.000000 -0.000007 159.999207 179.980530 -159.104919 179.988617 179.973053 -148.657394 179.984253 179.988541 -159.125809 176.808334 -176.935593 177.541031 179.010391 165.621658 106.419212 118.537903 178.373306 170.067993 171.940338 -168.542038 -163.752975 132.478088 125.426834 157.752121 179.991394 -179.986816 167.176163 179.992538 -179.992676 171.459320 0.000000 -0.000003 0.000000 165.003555 179.990204 110.395195 0.008529 0.000065 -56.949390 0.003281 -0.005000 -39.864574 0.000000 -0.000003 0.000000 0.004291 0.010143 -68.956505 0.011011 -0.000397 -68.956589 0.002369 -0.006948 -45.925056 0.000000 -0.000003 0.000000 10.002617 0.005859 -63.109409 0.006419 0.000299 -63.109406 0.002107 -0.003723 -42.030842 0.000000 -0.000003 0.000000 20.001293 0.002895 -31.900808 0.003989 0.002629 -47.851223 0.003087 -0.000800 -31.868956
97.866356 96.108330 1184.595825 178.520233 177.991791 174.715439 0.095026 -18.606371 12.357826 162.391083 138.479218 171.358047 8.694916 -2.604735 -8.272860 167.460495 -146.082458 -163.461487 21.315437 73.932419 4.589226 171.647202 -164.712601 -172.375397 1.146759 3.362413 1.649287 1.145858 3.276029 2.702368 5.068874 1.867449 3.773947 179.999741 -178.412384 179.675095 179.999680 -178.147751 179.663437 3.745333 -1.350898 -0.287361 0.232313 -0.015993 1.964961 19.010160 -8.879976 70.359688 57.794083 6.361343 10.033311 21.502546 8.868155 -24.003731 56.992939 51.603016 25.518566 0.002986 -0.005617 10.115051 0.002633 -0.003325 6.736623 179.999985 179.999985 180.000000 14.999775 0.020323 47.876308 179.987610 179.988922 -140.828476 179.988388 179.999435 -152.579956 179.999985 179.999985 180.000000 0.000007 -0.000116 41.711441 0.000085 -0.000080 41.711449 0.000084 -0.000017 27.779814 179.999985 179.999985 180.000000 170.000122 -179.989975 -136.246506 0.007032 -0.007144 43.753475 0.006673 -0.000168 29.139814 179.999985 179.999985 180.000000 159.999985 179.996521 -159.601898 179.998169 179.995132 -149.402863 179.997299 179.997833 -159.622299 177.059067 -177.438065 177.831741 178.933914 162.743973 106.913513 118.580360 178.800354 170.161728 172.389725 -166.460144 -163.725922 130.997391 125.151321 157.883759 0.001041 0.001204 -11.958914 0.000866 0.000634 -7.964642 0.000003 -0.000003 0.000003 165.002884 179.993011 110.149811 0.006180 -0.000266 -57.150070 0.002179 -0.003739 -40.005074 0.000003 -0.000003 0.000003 0.005907 0.011878 -69.088783 0.013187 -0.001353 -69.088844 0.002241 -0.008546 -46.013145 0.000003 -0.000003 0.000003 10.003081 0.005804 -63.213696 0.006557 -0.000159 -63.213707 0.001865 -0.003953 -42.100338 0.000003 -0.000003 0.000003 20.003532 0.006395 -31.860281 0.009578 0.005314 -47.790428 0.006897 -0.002382 -31.828432
98.146759 96.715096 1187.283691 178.042419 177.555542 174.795792 3.823496 -18.010197 11.248116 158.344116 138.745178 171.050552 9.346698 -2.088392 -8.086356 169.055222 -143.541138 -164.960892 18.671085 70.122414 3.837659 172.889145 -164.883621 -172.741196 1.219999 3.066602 1.562504 1.219106 2.985865 2.559470 5.448691 1.655192 3.576699 179.999786 -178.617630 179.759766 179.999756 -178.387207 179.751144 3.526465 -1.178971 -0.219582 0.310618 0.279176 2.015992 20.296711 -9.666370 69.830750 60.345116 6.974831 9.526343 21.952385 8.595700 -24.133505 56.674370 51.545040 25.551125 0.003304 -0.006667 10.312325 0.002964 -0.003965 6.868012 0.000007 0.000003 0.000000 15.000318 0.013163 47.325802 179.992294 179.992462 -141.278915 179.992508 179.999237 -152.895248 0.000007 0.000003 0.000000 179.999832 -179.992172 -138.418854 0.005087 -0.005950 41.581112 0.005167 -0.000707 27.693031 0.000007 0.000003 0.000000 169.999741 -179.986481 -136.096085 0.009219 -0.009894 43.903919 0.008990 -0.000450 29.240013 0.000007 0.000003 0.000000 160.000015 -179.999176 -159.749069 0.000400 -0.001174 30.376432 0.000635 -0.000523 20.230690 177.621063 -177.899673 178.093231 179.241577 159.884216 107.268143 118.423294 179.089203 169.772217 171.554611 -165.574371 -163.258804 131.853806 125.927094 158.458771 179.994278 -179.994125 167.759308 179.995453 -179.996979 171.847702 0.000000 -0.000000 0.000000 165.005814 179.987854 110.001648 0.010969 -0.001127 -57.271339 0.003467 -0.006893 -40.089920 0.000000 -0.000000 0.000000 0.009284 0.016691 -69.433113 0.018860 -0.002970 -69.433136 0.002478 -0.012474 -46.242451 0.000000 -0.000000 0.000000 10.006901 0.011799 -63.296448 0.013636 -0.000934 -63.296444 0.003486 -0.008412 -42.155430 0.000000 -0.000000 0.000000 20.007318 0.012254 -31.969490 0.019108 0.009646 -47.954216 0.013258 -0.005246 -31.937517
98.376480 97.285500 1190.051392 177.489136 177.314499 174.941025 7.527720 -17.030573 10.284021 155.261383 139.794510 171.302643 9.544154 -0.460703 -7.351445 171.347412 -141.378021 -166.936554 15.458451 65.948059 2.945205 174.280975 -165.385483 -173.134979 1.328027 2.839813 1.464550 1.327115 2.763268 2.395896 5.984961 1.486881 3.361957 179.999619 -178.835861 179.822006 179.999573 -178.641830 179.815536 3.187060 -0.995250 -0.165353 0.481186 0.329959 1.961979 21.880888 -10.071833 68.707916 64.618668 7.718744 8.890701 20.699234 7.000653 -24.608749 56.631115 51.513130 26.082520 0.003229 -0.007078 10.607058 0.002990 -0.004222 7.064304 0.000000 -0.000000 0.000000 15.000490 0.007389 46.894253 179.995880 179.995544 -141.631958 179.995804 179.999359 -153.142395 0.000000 -0.000000 0.000000 179.999405 -179.989670 -138.272125 0.006480 -0.008083 41.727901 0.006801 -0.001120 27.790779 0.000000 -0.000000 0.000000 169.999359 -179.987656 -135.741180 0.008219 -0.009248 44.258827 0.008230 -0.000555 29.476376 0.000000 -0.000000 0.000000 159.999893 -179.997589 -159.757812 0.001092 -0.003449 30.363277 0.001783 -0.001615 20.221945 178.128937 -178.281174 178.472687 179.503525 157.103333 107.406769 118.238098 179.586014 169.203110 171.751862 -164.043365 -162.807510 130.872620 126.550140 158.692932 0.000167 0.000141 -11.746468 0.000128 0.000076 -7.823140 0.000000 0.000003 0.000000 165.005051 179.990509 109.576866 0.008699 -0.001343 -57.618900 0.002442 -0.005648 -40.333233 0.000000 0.000003 0.000000 0.004875 0.008032 -70.166122 0.009192 -0.001907 -70.166092 0.000856 -0.006196 -46.730637 0.000000 0.000003 0.000000 10.004023 0.006343 -63.793961 0.007460 -0.000832 -63.793911 0.001683 -0.004712 -42.486752 0.000000 0.000003 0.000000 20.004988 0.007757 -32.450714 0.012570 0.005742 -48.676048 0.008376 -0.003817 -32.418240
98.561012 97.805412 1192.898315 176.929382 177.286804 175.151672 10.485829 -15.584796 9.688850 151.390625 140.938538 170.299194 11.039865 1.171448 -5.836917 173.487442 -140.410049 -168.636612 12.313066 60.921707 1.706514 175.332306 -166.162155 -173.525253 1.429719 2.698232 1.356456 1.428784 2.624880 2.214785 6.485673 1.388760 3.131213 179.999542 -179.064651 179.863892 179.999466 -178.908752 179.859009 2.907269 -0.800205 -0.123649 0.848135 0.222635 1.870364 22.653885 -9.943141 67.612000 68.319626 8.261214 8.482837 20.594404 5.633831 -24.819530 56.861191 51.600620 27.125635 0.002745 -0.006911 10.989572 0.002697 -0.004161 7.319060 0.000000 -0.000000 0.000000 15.000311 0.004435 46.617683 179.997543 179.997330 -141.858276 179.997498 179.999588 -153.300781 0.000000 -0.000000 0.000000 179.999603 -179.991760 -137.926102 0.005238 -0.006350 42.073895 0.005428 -0.000802 28.021217 0.000000 -0.000000 0.000000 169.999695 -179.991669 -135.297150 0.005660 -0.006108 44.702824 0.005533 -0.000227 29.772091 0.000000 -0.000000 0.000000 160.000229 179.991943 -159.478729 179.996124 179.988571 -149.218094 179.993912 179.994751 -159.499268 178.672104 -178.617035 178.900925 179.787430 154.256439 107.396881 117.853271 -179.615189 168.576004 171.820923 -163.072540 -162.344833 131.436066 127.967430 158.757629 0.002037 -0.000543 -12.281207 0.001226 -0.000628 -8.179297 0.000000 -0.000000 0.000000 165.000153 179.999771 108.833275 0.000217 -0.000059 -58.227314 0.000042 -0.000163 -40.759144 0.000000 -0.000000 0.000000 0.000805 0.001108 -70.744293 0.001308 -0.000406 -70.744324 0.000031 -0.000918 -47.115719 0.000000 -0.000000 0.000000 10.002154 0.002906 -64.138725 0.003561 -0.000697 -64.138779 0.000609 -0.002334 -42.716393 0.000000 -0.000000 0.000000 20.001734 0.002386 -32.936119 0.004142 0.001563 -49.404190 0.002581 -0.001427 -32.903175
98.699799 98.272118 1195.810547 176.119797 177.225876 175.460190 12.749775 -13.872211 9.362505 149.001892 142.277710 169.885941 12.400455 3.048896 -3.812379 176.032791 -139.688980 -170.399628 9.837103 55.611073 1.219937 175.851196 -167.153366 -174.003860 1.584510 2.547735 1.218027 1.583596 2.477561 1.981573 7.237583 1.285283 2.838031 179.999283 -179.307968 179.900620 179.999161 -179.192627 179.896988 2.491341 -0.593223 -0.087768 0.896244 0.242507 1.913926 23.100403 -9.820678 66.932991 70.757973 8.663893 8.234763 21.768879 5.257765 -24.719212 57.066719 51.624008 28.291574 0.002014 -0.005480 11.459764 0.002059 -0.003301 7.632208 0.000000 -0.000000 0.000000 15.000257 0.004006 46.449902 179.997772 179.997604 -141.995544 179.997742 179.999619 -153.396881 0.000000 -0.000000 0.000000 179.999847 -179.994904 -137.564621 0.003335 -0.003867 42.435379 0.003370 -0.000391 28.261972 0.000000 -0.000000 0.000000 169.999954 -179.995743 -134.912109 0.002991 -0.003020 45.087887 0.002834 0.000007 30.028513 0.000000 -0.000000 0.000000 160.000153 -179.988907 -160.178802 0.005980 -0.015516 29.731783 0.008624 -0.006948 19.801371 179.353180 -178.748367 179.686310 179.310547 152.138245 106.748032 118.274071 -178.596207 167.941818 170.482010 -163.924850 -161.909821 128.821609 127.100708 157.375351 179.997238 -179.997375 168.521255 179.997864 -179.998611 172.355148 0.000000 -0.000000 0.000000 164.998306 -179.997726 108.706848 179.997787 179.999268 121.669289 179.999619 179.998413 139.168488 0.000000 -0.000000 0.000000 179.998672 -179.998260 109.012657 179.997925 179.999313 109.012657 179.999985 179.998535 132.722412 0.000000 -0.000000 0.000000 9.998022 -0.002627 -64.700584 179.996780 179.999329 115.299454 179.999466 179.997879 136.909424 0.000000 -0.000000 0.000000 20.000631 0.000857 -33.276699 0.001474 0.000567 -49.915039 0.000919 -0.000509 -33.243408
98.809044 98.646057 1198.784668 175.477417 177.258957 175.748489 13.611424 -11.792427 9.384632 146.079773 143.338959 168.145432 15.413584 4.214420 -0.872065 178.280716 -139.411285 -171.959091 8.419753 50.061134 1.588524 175.539246 -168.197952 -174.555695 1.703925 2.429603 1.090234 1.703053 2.362795 1.767544 7.819045 1.222197 2.565909 179.999039 -179.568542 179.926651 179.998871 -179.496613 179.923904 2.189349 -0.370492 -0.061343 1.279170 0.009869 1.930768 23.446003 -9.322561 65.711960 74.168228 9.256823 7.908783 21.978170 3.969040 -24.704050 57.247387 51.593254 29.362764 0.001419 -0.003642 11.906106 0.001427 -0.002175 7.929468 0.000000 -0.000000 0.000000 15.000270 0.005004 46.295116 179.997208 179.996994 -142.122177 179.997177 179.999557 -153.485519 0.000000 -0.000000 0.000000 179.999985 -179.997971 -137.266769 0.001370 -0.001497 42.733261 0.001350 -0.000110 28.460344 0.000000 -0.000000 0.000000 170.000031 -179.998672 -134.655243 0.000962 -0.000917 45.344753 0.000888 0.000019 30.199600 0.000000 -0.000000 0.000000 160.000076 -179.998199 -159.470032 0.001060 -0.002478 30.794977 0.001450 -0.001050 20.509462 0.109267 -1.213983 0.594673 178.506836 150.074219 105.866974 118.725189 -177.264969 167.374466 170.042572 -163.860260 -161.976822 122.052788 124.925171 156.035370 0.073523 0.050794 -8.199965 0.053946 0.025195 -5.461188 0.000002 0.000003 0.000000 165.006927 179.990387 109.425705 0.009272 -0.002839 -57.742603 0.001731 -0.006572 -40.419815 0.000002 0.000003 0.000000 0.004353 0.006000 -70.499649 0.007095 -0.002158 -70.499634 0.000195 -0.004932 -46.952763 0.000002 0.000003 0.000000 9.999743 -0.000368 -64.389236 179.999557 179.999924 115.610786 179.999924 179.999725 137.116791 0.000002 0.000003 0.000000 20.000351 0.000531 -33.360004 0.000862 0.000373 -50.039967 0.000560 -0.000281 -33.326626
98.903419 98.925766 1201.763672 174.855469 177.297577 176.004105 12.866380 -9.433646 9.525286 145.964722 144.778107 167.165359 17.969131 5.692984 3.157438 0.060375 -40.485825 6.890079 7.924118 44.334858 2.383137 174.406357 -169.014099 -175.155380 1.842494 2.311463 0.967848 1.841723 2.247908 1.562278 8.487257 1.157826 2.306168 179.998947 -179.834549 179.953583 179.998779 -179.806961 179.951752 1.722825 -0.142924 -0.035880 1.510604 -0.167659 1.943883 24.319187 -8.797027 63.726929 77.200264 9.171497 7.059023 22.179476 2.638619 -24.536749 57.415554 51.661224 30.265385 0.001029 -0.002568 12.255264 0.001028 -0.001520 8.161999 0.000000 -0.000000 0.000000 15.000214 0.004647 46.003979 179.997391 179.997238 -142.360397 179.997375 179.999573 -153.652283 0.000000 -0.000000 0.000000 179.999985 179.998795 -137.070236 179.999191 179.999115 -137.070221 179.999207 179.999954 -151.408783 0.000000 -0.000000 0.000000 170.000000 -179.999939 -134.548309 0.000056 -0.000049 45.451698 0.000047 0.000009 30.270824 0.000000 -0.000000 0.000000 160.000870 -179.988846 -159.606201 0.007209 -0.015156 30.590727 0.009338 -0.006147 20.373425 0.688998 -1.265105 1.590430 177.393967 148.028351 104.839630 119.166611 -175.687561 166.895416 169.689240 -164.119812 -162.158920 131.271103 129.018127 158.457809 0.000859 -0.000503 -12.553268 0.000484 -0.000442 -8.360477 0.000000 0.000002 0.000003 164.999115 -179.998550 107.830482 179.998657 179.999680 120.952217 179.999710 179.999069 138.666550 0.000000 0.000002 0.000003 179.999847 -179.999725 108.540405 179.999695 179.999924 108.540382 179.999985 179.999786 132.407883 0.000000 0.000002 0.000003 9.999773 -0.000382 -64.350395 179.999573 179.999969 115.649567 179.999893 179.999725 137.142624 0.000000 0.000002 0.000003 20.000191 0.000356 -33.424129 0.000535 0.000282 -50.136215 0.000377 -0.000152 -33.390720
98.986717 99.095459 1204.708496 174.267593 177.359940 176.182892 12.062535 -7.678306 9.738054 145.314713 145.815033 165.734970 20.905405 6.862310 7.582968 1.392614 -40.229542 6.128909 7.866104 38.709572 3.200347 172.779114 -169.381546 -175.797577 1.958035 2.201385 0.872501 1.957397 2.140782 1.402688 9.042609 1.098366 2.101789 179.999039 179.909729 179.963547 179.998871 179.894684 179.962082 1.344134 0.076685 -0.023777 1.923885 -0.553438 1.998434 24.424662 -8.074924 62.712326 80.401627 10.095440 6.493212 22.347376 1.337699 -24.262651 58.774708 52.004791 31.228748 179.989807 -179.998672 -168.049820 179.993591 -179.997620 -172.041199 0.000000 -0.000000 0.000000 15.000108 0.003780 45.637623 179.997879 179.997772 -142.660126 179.997864 179.999664 -153.862091 0.000000 -0.000000 0.000000 0.000019 -0.000803 42.785652 0.000570 -0.000575 42.785633 0.000536 -0.000034 28.495237 0.000000 -0.000000 0.000000 169.999969 179.999374 -134.523926 179.999527 179.999588 -134.523956 179.999588 -179.999969 -149.712952 0.000000 -0.000000 0.000000 160.000092 -179.999207 -158.498749 0.000545 -0.001068 32.251904 0.000690 -0.000402 21.479757 1.334016 -1.398174 2.540080 176.082184 145.953796 103.760300 119.539978 -174.014328 166.492615 169.344818 -164.782486 -162.365997 127.757484 127.687477 158.198380 0.003673 0.003396 -10.624587 0.002835 0.001747 -7.075975 0.000000 0.000000 -0.000003 165.000809 179.998459 108.200661 0.001406 -0.000243 -58.744915 0.000363 -0.000929 -41.121437 0.000000 0.000000 -0.000003 179.999588 -179.999207 108.558525 179.999130 179.999847 108.558556 179.999908 179.999420 132.419998 0.000000 0.000000 -0.000003 9.999891 -0.000233 -64.282532 179.999741 179.999985 115.717499 179.999939 179.999847 137.187866 0.000000 0.000000 -0.000003 20.000189 0.000411 -33.478024 0.000576 0.000353 -50.217041 0.000424 -0.000142 -33.444530
99.089882 99.144936 1207.644165 173.762802 177.506119 176.254929 9.583660 -5.392067 9.476979 147.749847 146.485382 165.475601 23.661762 8.303136 13.253930 2.641812 -39.931728 5.546693 7.511233 33.287720 3.732842 171.159393 -169.302597 -176.515823 2.087256 2.119561 0.805565 2.086741 2.060830 1.289500 9.656636 1.044921 1.961417 179.999313 179.684982 179.979431 179.999191 179.632492 179.978607 0.729683 0.269885 -0.011416 2.160974 -1.080797 2.087840 24.942881 -7.212721 61.218357 83.066940 10.414768 5.532048 22.501305 0.151554 -23.927179 52.112049 50.911289 30.816311 179.991730 179.988861 -164.508514 179.992767 179.994247 -169.682663 0.000000 -0.000000 0.000000 15.000026 0.002452 45.206402 179.998596 179.998566 -143.012955 179.998611 179.999786 -154.109070 0.000000 -0.000000 0.000000 0.000009 -0.000165 42.886848 0.000116 -0.000126 42.886860 0.000116 0.000006 28.562634 0.000000 -0.000000 0.000000 169.999908 179.998749 -134.574173 179.999054 179.999191 -134.574158 179.999176 -179.999924 -149.746399 0.000000 -0.000000 0.000000 160.000031 -179.999756 -158.400909 0.000181 -0.000330 32.398632 0.000215 -0.000124 21.577484 1.791193 -1.648260 3.458033 174.583588 143.800461 102.697868 119.760536 -172.360535 166.163895 169.455795 -165.134369 -162.704361 128.918625 128.176880 157.475143 179.999756 -179.999207 168.317764 179.999725 -179.999496 172.219620 180.000000 180.000000 -179.999985 164.999695 -179.999268 107.825577 179.999359 179.999954 120.948196 179.999802 179.999588 138.663757 180.000000 180.000000 -179.999985 179.999435 -179.998672 108.673904 179.998550 179.999893 108.673897 179.999756 179.999069 132.496811 180.000000 180.000000 -179.999985 9.999867 -0.000317 -64.245712 179.999664 -179.999985 115.754272 179.999893 179.999802 137.212341 180.000000 180.000000 -179.999985 20.000114 0.000328 -33.553936 0.000427 0.000311 -50.330925 0.000343 -0.000086 -33.520401
99.217682 99.059464 1210.614014 173.356415 177.821686 176.213516 6.451140 -3.005201 8.784256 150.848923 146.656540 165.252167 26.762836 9.208463 18.568304 1.603044 -38.948360 6.633475 8.743392 28.884392 3.856834 169.531509 -167.793915 -176.977600 2.193419 2.095508 0.775796 2.192991 2.037050 1.237584 10.156715 1.020624 1.903951 179.999512 179.500000 179.980042 179.999435 179.416672 179.979248 0.346614 0.429197 -0.010802 2.640209 -1.928522 2.056366 25.281090 -6.027669 59.954716 86.477623 11.134726 4.474444 22.508059 -1.080015 -23.648443 55.998566 51.853065 31.889463 0.000651 -0.000848 13.795208 0.000564 -0.000446 9.187613 0.000000 -0.000000 0.000000 14.999993 0.001512 44.882458 179.999130 179.999130 -143.278000 179.999146 179.999878 -154.294601 0.000000 -0.000000 0.000000 179.999969 179.999329 -137.064621 179.999512 179.999512 -137.064621 179.999557 179.999985 -151.405029 0.000000 -0.000000 0.000000 169.999924 179.999023 -134.732864 179.999252 179.999374 -134.732864 179.999344 -179.999939 -149.852081 0.000000 -0.000000 0.000000 159.999969 179.999680 -158.352676 179.999786 179.999588 -147.529007 179.999725 179.999847 -158.374329 2.053861 -1.885493 4.091079 173.367096 141.642822 102.017197 120.171112 -170.947006 165.806549 169.761063 -164.995621 -163.191360 126.584824 127.338211 156.408508 179.999985 179.999985 169.155350 180.000000 179.999985 172.777481 0.000000 -0.000000 0.000000 165.000015 179.999924 108.025383 0.000058 0.000009 -58.888287 0.000025 -0.000027 -41.221817 0.000000 -0.000000 0.000000 179.999985 -179.999710 108.999893 179.999710 -179.999939 108.999908 179.999893 179.999847 132.713928 0.000000 -0.000000 0.000000 10.000010 0.000069 -64.155708 0.000062 0.000024 -64.155685 0.000036 -0.000032 -42.727684 0.000000 -0.000000 0.000000 20.000013 0.000162 -33.626652 0.000145 0.000189 -50.439972 0.000157 0.000004 -33.593021
99.358635 98.839996 1213.631104 173.037460 178.345978 176.064453 2.852267 -0.514550 7.651826 155.678802 146.517105 166.144257 29.097483 10.135506 22.816351 179.092880 -142.509644 -171.384171 10.353942 24.152300 3.677567 168.726730 -166.806610 -177.582184 2.285515 2.135528 0.783652 2.285189 2.075362 1.247088 10.584438 1.022834 1.932726 179.999664 179.353180 179.979019 179.999603 179.245361 179.978210 0.028755 0.556210 -0.012671 2.968740 -2.762720 2.020699 25.638115 -5.022932 58.754257 88.828171 11.010182 3.513902 22.604778 -1.629154 -23.265066 56.196369 52.439690 33.057552 0.000265 -0.000334 14.163327 0.000229 -0.000173 9.432782 0.000000 -0.000000 0.000000 14.999991 0.000623 44.482666 179.999634 179.999649 -143.605103 179.999649 179.999954 -154.523575 0.000000 -0.000000 0.000000 179.999985 179.999649 -137.242294 179.999741 179.999756 -137.242310 179.999771 179.999985 -151.523376 0.000000 -0.000000 0.000000 169.999969 179.999527 -134.988647 179.999634 179.999695 -134.988663 179.999695 -179.999969 -150.022446 0.000000 -0.000000 0.000000 160.000000 179.999878 -158.436508 179.999924 179.999847 -147.654755 179.999893 179.999954 -158.458069 2.294930 -2.168556 4.578086 172.324387 139.433960 101.623390 120.155251 -169.826675 165.476929 169.444931 -165.664093 -163.358353 125.706314 126.880409 155.252975 0.000015 -0.000009 -10.876755 0.000011 -0.000016 -7.243931 180.000000 180.000000 -180.000000 165.000061 -179.999817 107.953766 179.999878 -179.999893 121.053093 179.999908 179.999969 138.737183 180.000000 180.000000 -180.000000 0.000096 -0.000248 -70.783905 179.999817 -179.999832 109.216103 179.999847 179.999908 132.857910 180.000000 180.000000 -180.000000 10.000078 -0.000195 -64.228386 179.999863 -179.999847 115.771599 179.999863 179.999969 137.223907 180.000000 180.000000 -180.000000 19.999943 0.000128 -33.741329 0.000037 0.000202 -50.612011 0.000122 0.000064 -33.707592
99.483482 98.608032 1216.681641 172.746994 178.991302 175.885941 177.884338 177.563095 -174.182938 162.307281 146.441940 167.453629 31.929239 10.957944 27.257339 176.110535 -144.309952 -169.305328 12.117178 19.218634 3.517438 168.337540 -165.733521 -178.567490 2.386807 2.202448 0.790312 2.385915 2.140196 1.253529 11.056796 1.043459 1.964551 0.000221 0.781529 -0.003800 0.000171 0.911786 -0.003965 179.632568 179.326965 179.993546 3.504637 -4.027988 1.870232 26.126774 -3.543236 57.492386 90.652832 10.483638 2.164090 22.960051 -1.998837 -23.007925 60.191589 54.171089 34.354980 0.010312 -0.004812 12.332625 0.007406 -0.001621 8.213525 180.000000 -179.999985 180.000000 14.999312 0.008306 43.993118 179.994888 179.995483 -144.005661 179.995255 179.999557 -154.803940 180.000000 -179.999985 180.000000 179.999756 179.997208 -137.541855 179.997940 179.998093 -137.541809 179.998138 179.999985 -151.722839 180.000000 -179.999985 180.000000 169.999435 179.993240 -135.336929 179.994873 179.995560 -135.336899 179.995499 -179.999695 -150.254395 180.000000 -179.999985 180.000000 160.000198 -179.997543 -158.594620 0.001627 -0.003325 32.108078 0.002095 -0.001303 21.383972 2.447473 -2.374482 5.056608 171.268127 137.160126 101.209953 120.200645 -169.034897 165.189926 169.154373 -166.233170 -163.551575 125.175003 126.792725 154.852173 0.002489 0.001031 -10.783365 0.001773 0.000373 -7.181695 0.000000 -0.000000 0.000000 165.002060 -179.998413 107.945999 179.999298 -179.998016 121.046761 179.998550 -179.999710 138.732773 0.000000 -0.000000 0.000000 0.016177 -0.011241 -70.883850 179.994904 -179.980957 109.116142 179.986938 -179.998932 132.791351 0.000000 -0.000000 0.000000 10.004989 -0.003448 -63.966866 179.999115 -179.994003 116.033211 179.996170 -179.998779 137.398102 0.000000 -0.000000 0.000000 19.995438 0.003236 -33.935616 179.997070 179.992157 129.096573 0.002850 0.004806 -33.901661
99.695686 98.122025 1219.917114 172.614365 179.919815 175.563614 173.170929 174.670624 -176.832489 169.828766 146.110519 169.909912 33.151196 11.217658 27.830296 169.647125 -148.162125 -165.319366 16.565603 15.427244 2.873758 168.752579 -164.721725 -178.589844 2.454203 2.330403 0.913324 2.453760 2.261626 1.452793 11.347246 1.036059 2.242739 179.999832 179.125168 179.922272 179.999832 178.979340 179.919479 179.742615 179.247147 179.948410 3.583602 -4.813976 1.680426 25.928274 -2.710428 56.741001 93.304718 9.969475 1.976166 23.206659 -1.644818 -22.581827 58.983204 54.585613 34.675652 0.001873 -0.000203 13.077663 0.001246 0.000167 8.709717 0.000003 -0.000000 0.000000 14.994286 0.031710 44.596310 179.978699 179.984482 -143.512131 179.981552 179.999924 -154.458481 0.000003 -0.000000 0.000000 179.999313 179.995346 -137.519485 179.996353 179.997025 -137.519485 179.996872 -179.999832 -151.707962 0.000003 -0.000000 0.000000 169.999405 179.994736 -135.462479 179.995880 179.996674 -135.462509 179.996475 -179.999680 -150.338028 0.000003 -0.000000 0.000000 159.999969 179.999496 -158.476227 179.999649 179.999329 -147.714355 179.999588 179.999725 -158.497757 2.597199 -2.543144 5.084658 171.058624 135.041306 101.811691 120.406097 -169.248672 164.564865 168.833923 -166.612610 -164.000885 124.378677 126.538284 154.173187 0.003201 0.001614 -10.653499 0.002292 0.000667 -7.095227 180.000000 180.000000 -179.999985 165.004059 -179.997955 107.992378 179.999466 -179.996323 121.084709 179.997604 -179.999008 138.759308 180.000000 180.000000 -179.999985 0.018700 -0.008577 -70.107040 179.998535 -179.979492 109.893021 179.986847 -179.996140 133.308716 180.000000 180.000000 -179.999985 10.008685 -0.003964 -63.827217 0.000325 -0.009540 -63.827190 179.994400 -179.996979 137.491058 180.000000 180.000000 -179.999985 19.981981 0.008544 -33.725784 179.984985 179.974121 129.411362 0.007221 0.018576 -33.692059
99.954964 97.481369 1223.148193 172.514267 -179.125351 175.286163 169.163712 172.237717 -179.543167 176.247604 146.115768 172.219589 34.383762 11.949920 27.849039 164.886215 -151.253128 -162.654465 19.233318 11.363939 2.412619 170.030121 -165.766937 -178.401352 2.499998 2.463409 1.062388 2.499636 2.387290 1.695766 11.532029 1.016724 2.573717 179.999496 179.039688 179.838531 179.999496 178.879608 179.832733 179.678848 179.173767 179.897095 3.719308 -5.218441 1.541139 25.717335 -2.455508 54.798527 95.426224 8.348073 1.785754 22.067383 -1.854902 -22.352034 60.035164 55.739666 35.336632 0.015531 0.001891 12.655200 0.009787 0.003576 8.428368 180.000000 -179.999985 -179.999985 14.998962 0.004244 42.735973 179.997009 179.998032 -145.034210 179.997498 -179.999939 -155.523972 180.000000 -179.999985 -179.999985 179.999847 179.999084 -137.785156 179.999268 179.999435 -137.785156 179.999390 -179.999939 -151.884903 180.000000 -179.999985 -179.999985 169.999176 179.994156 -135.636047 179.995331 179.996399 -135.636063 179.996094 -179.999557 -150.453629 180.000000 -179.999985 -179.999985 159.999680 179.996567 -158.416428 179.997681 179.995361 -147.624649 179.997040 179.998215 -158.438019 2.725666 -2.592380 4.969324 171.676102 133.214691 102.958038 119.947548 -169.960419 163.884567 169.067398 -166.911469 -164.602676 123.596176 126.125771 153.293076 0.006281 0.003723 -10.604282 0.004553 0.001682 -7.062455 0.000000 -0.000002 0.000000 165.008331 -179.996399 108.065292 179.999344 -179.992599 121.144333 179.995346 -179.997711 138.801056 0.000000 -0.000002 0.000000 0.029603 -0.011624 -69.567841 179.999893 -179.968185 110.432137 179.980209 -179.992432 133.667831 0.000000 -0.000002 0.000000 10.013432 -0.005267 -63.572437 0.001346 -0.014357 -63.572376 179.991867 -179.994904 137.660828 0.000000 -0.000002 0.000000 19.993416 0.002669 -34.815445 179.994217 179.991058 127.776787 0.002374 0.006686 -34.780651
100.248123 96.718307 1226.356201 172.566422 -178.224869 174.742386 166.163193 170.083084 178.369324 1.100102 33.528667 -5.898642 35.609268 13.185561 27.918459 160.890106 -153.849518 -160.595810 22.003307 9.837497 2.345990 170.709442 -165.568665 -177.503403 2.527870 2.582552 1.294598 2.527569 2.497204 2.078036 11.619151 0.936032 3.073831 179.999329 178.961960 179.732529 179.999329 178.788956 179.722977 179.627106 179.107681 179.830780 3.424248 -5.088848 1.666291 24.955441 -2.875307 53.154690 97.622047 7.178205 2.411625 22.059820 -1.404279 -22.136019 59.432514 56.767231 36.240875 0.013791 0.005675 13.276152 0.008023 0.005857 8.841923 0.000000 -0.000000 0.000000 15.000296 -0.000731 42.471310 0.000577 -0.000288 34.749218 0.000444 0.000067 24.324469 0.000000 -0.000000 0.000000 0.000079 -0.000327 42.152893 0.000273 -0.000178 42.152927 0.000214 0.000031 28.073843 0.000000 -0.000000 0.000000 169.999405 179.996902 -135.871460 179.997421 179.998184 -135.871460 179.997925 -179.999680 -150.610397 0.000000 -0.000000 0.000000 159.999710 179.997116 -158.522354 179.998032 179.996140 -147.783539 179.997513 179.998535 -158.543823 2.791368 -2.523449 4.727723 172.771790 131.875336 104.634804 120.203514 -171.296021 162.993530 169.482437 -167.535278 -165.657700 122.791641 125.849350 153.297485 0.000047 0.000016 -10.121243 0.000030 0.000007 -6.740744 0.000000 -0.000000 0.000000 165.006668 -179.998047 108.396416 0.000225 -0.005677 -58.584793 179.996704 -179.997772 138.990646 0.000000 -0.000000 0.000000 0.028748 -0.007600 -68.618240 0.003805 -0.029491 -68.618217 179.982758 -179.990295 134.300308 0.000000 -0.000000 0.000000 10.013699 -0.003635 -63.164837 0.003025 -0.013840 -63.164783 179.992722 -179.994003 137.932220 0.000000 -0.000000 0.000000 19.994139 0.001616 -35.039089 179.994217 179.992935 127.441429 0.001412 0.005913 -35.004036
100.571869 95.823311 1229.478516 172.696838 -177.532196 174.137497 164.372726 168.094467 176.548553 4.435426 32.763252 -4.043016 36.887222 14.843020 28.269426 158.326538 -155.231384 -159.184525 23.352480 9.914853 2.266598 171.755081 -164.321579 -176.373123 2.539716 2.614949 1.569595 2.538888 2.520848 2.534406 11.628872 0.769160 3.646425 179.999832 178.884064 179.598602 179.999847 178.698074 179.584259 179.464310 179.041687 179.746338 3.229967 -4.631455 1.624138 23.486588 -3.964873 51.749962 99.547096 5.957894 3.483348 22.165966 -0.873099 -22.002022 58.378838 57.429283 36.745033 0.012508 0.009503 13.993910 0.006481 0.008216 9.319945 180.000000 -180.000000 179.999985 14.999846 0.000258 42.533733 179.999756 179.999939 -145.199692 179.999847 -179.999954 -155.639786 180.000000 -180.000000 179.999985 179.989410 179.974167 -136.790405 179.974823 179.987915 -136.790405 179.982178 -179.994690 -151.222382 180.000000 -180.000000 179.999985 169.999176 179.996994 -135.970154 179.997330 179.998413 -135.970200 179.997986 -179.999527 -150.676147 180.000000 -180.000000 179.999985 159.998734 179.989838 -158.318863 179.992752 179.986481 -147.478302 179.991135 179.994904 -158.340546 2.727866 -2.226879 4.287284 174.247665 131.084503 106.743988 120.294304 -172.473694 162.109100 169.969559 -168.382706 -166.785324 122.068184 125.568466 152.543915 179.998337 -179.998734 169.938370 179.998779 -179.999344 173.298950 0.000000 -0.000000 0.000000 165.005493 -179.998581 108.666504 0.000343 -0.004619 -58.363743 179.997375 -179.998093 139.145386 0.000000 -0.000000 0.000000 0.028529 -0.006643 -67.669739 0.005059 -0.028855 -67.669754 179.983627 -179.989410 134.931976 0.000000 -0.000000 0.000000 10.012266 -0.002874 -62.692257 0.003132 -0.012200 -62.692230 179.993759 -179.994385 138.246948 0.000000 -0.000000 0.000000 19.994949 0.001235 -35.248062 179.994904 179.994095 127.127922 0.001094 0.005084 -35.212807
100.876572 94.795998 1232.390503 172.853836 -177.179306 173.453903 164.902603 166.856293 176.482697 4.566705 31.372875 -2.890233 38.462654 17.914682 29.148352 157.014771 -154.808914 -158.105392 23.768351 11.873388 2.506413 172.075287 -163.986526 -174.527618 2.530248 2.585093 1.812896 2.529038 2.484720 2.939984 11.546699 0.588605 4.141713 179.999954 178.827148 179.530060 179.999985 178.631668 179.513290 179.198914 178.993835 179.700180 2.571165 -4.004660 1.928091 22.222847 -5.672849 50.496956 101.256073 4.876040 4.650092 22.212847 -0.522601 -21.565197 56.991093 58.272892 36.978790 0.011913 0.014503 14.720439 0.005129 0.011409 9.803822 0.000000 -0.000000 0.000000 15.002874 -0.002136 42.379604 0.002920 0.000308 34.674232 0.001555 0.001344 24.271978 0.000000 -0.000000 0.000000 0.001659 -0.001864 40.651760 0.002473 -0.000326 40.651764 0.001386 0.000913 27.074074 0.000000 -0.000000 0.000000 170.000549 -179.998978 -136.315536 0.001108 -0.000334 43.684475 0.000695 0.000338 29.093861 0.000000 -0.000000 0.000000 159.999893 179.999405 -159.245117 179.999527 179.999207 -148.867645 179.999466 179.999725 -159.265839 2.758122 -2.443160 3.892768 175.777496 130.370163 109.013069 120.516747 -173.796509 161.341812 170.588104 -169.495239 -168.158081 121.374184 125.386864 151.621185 179.997879 -179.998230 169.881165 179.998398 -179.999084 173.260849 0.000001 0.000000 -0.000003 165.001083 -179.999725 108.967247 0.000073 -0.000907 -58.117649 179.999481 -179.999619 139.317612 0.000001 0.000000 -0.000003 0.013242 -0.003064 -66.423683 0.002566 -0.013347 -66.423668 179.992569 -179.994843 135.761856 0.000001 0.000000 -0.000003 10.007455 -0.001718 -62.207069 0.001984 -0.007391 -62.207104 179.996277 -179.996521 138.570084 0.000001 0.000000 -0.000003 19.995003 0.001188 -35.408298 179.994965 179.994202 126.887527 0.001081 0.005003 -35.372910
101.144600 93.859734 1234.953247 172.714691 -177.589401 172.646866 166.463394 166.332321 177.406052 3.506054 32.059223 -3.380880 40.033241 18.671415 29.713785 156.723831 -152.202133 -157.121201 25.058727 14.685406 3.788407 170.558395 -165.174438 -173.662781 2.543972 2.280758 2.037250 2.541370 2.177940 3.323142 11.595514 0.216017 4.556699 0.000186 1.169999 -0.482470 0.000197 1.364995 -0.499707 178.781906 178.998077 179.686005 2.137446 -3.092215 2.147615 20.183498 -8.150652 49.972923 102.076996 4.010948 6.516526 22.642292 0.269649 -22.399580 54.842384 58.488953 36.797920 0.006658 0.008235 15.725872 0.002748 0.006499 10.473430 0.000000 -0.000000 0.000000 15.004583 -0.001649 42.507069 0.003670 0.001558 34.778515 0.001481 0.002371 24.344959 0.000000 -0.000000 0.000000 0.002979 -0.001660 40.736507 0.003340 0.000702 40.736504 0.001373 0.001815 27.130531 0.000000 -0.000000 0.000000 170.001816 -179.998291 -136.361740 0.002483 0.000028 43.638260 0.001180 0.001165 29.063076 0.000000 -0.000000 0.000000 160.000259 -179.999252 -159.419876 0.000728 -0.000906 30.870222 0.000722 -0.000277 20.559547 2.669144 -2.464090 3.498132 177.509323 130.180206 111.277412 120.804405 -175.326263 160.827087 171.502090 -171.116302 -169.867966 121.321236 125.496460 151.566284 179.995392 -179.996170 169.864014 179.996521 -179.998032 173.249435 0.000000 0.000001 0.000003 164.994781 179.998642 109.195335 179.999664 179.995590 122.068909 0.002494 0.001839 -40.551758 0.000000 0.000001 0.000003 0.004019 -0.000943 -65.801186 0.000798 -0.004048 -65.801186 179.997772 -179.998413 136.176422 0.000000 0.000001 0.000003 10.000082 -0.000020 -61.806355 0.000022 -0.000082 -61.806347 179.999969 -179.999969 138.836975 0.000000 0.000001 0.000003 19.994864 0.001214 -35.539532 179.994827 179.994034 126.690666 0.001150 0.005135 -35.504005
101.385941 92.166115 1237.409180 172.427307 -178.502075 171.735428 168.612350 166.333160 178.915390 1.767479 33.415859 -4.250882 41.520149 18.694843 29.701456 157.342148 -148.181137 -156.563507 23.581484 18.576431 5.292642 171.130692 -170.231003 -173.331894 2.559791 1.796658 2.238588 2.555779 1.695395 3.674256 11.680034 -0.267544 4.896838 0.000488 1.115152 -0.509099 0.000528 1.300981 -0.527333 178.441910 179.048615 179.665482 1.670403 -2.356126 2.409671 19.047491 -9.925194 49.630810 102.311859 3.456588 7.199883 22.982883 0.882053 -23.491859 53.748196 58.355045 36.771214 0.004760 0.006862 16.303444 0.001740 0.005280 10.858099 0.000000 -0.000000 0.000000 15.005666 0.000008 42.795944 0.003382 0.003166 35.014847 0.000656 0.003176 24.510380 0.000000 -0.000000 0.000000 0.003813 -0.000017 41.016903 0.002873 0.002498 41.016884 0.000338 0.002512 27.317257 0.000000 -0.000000 0.000000 169.996567 179.999908 -135.469193 179.997467 -179.997665 -135.469269 179.999863 -179.997711 -150.342484 0.000000 -0.000000 0.000000 160.000473 -179.999954 -159.354691 0.000666 0.000166 30.967951 0.000324 0.000333 20.624653 2.503003 -2.621810 3.221081 178.908035 130.145294 113.161766 121.211952 -176.832108 160.652924 171.710083 -171.547134 -171.244461 120.448540 125.334480 150.477615 179.987411 -179.989624 169.818832 179.990494 -179.994766 173.219345 0.000000 -0.000000 0.000003 164.998962 179.999588 108.790184 0.000037 0.000924 -58.262600 0.000561 0.000318 -40.783825 0.000000 -0.000000 0.000003 0.012660 -0.004380 -65.790131 0.001286 -0.013337 -65.790131 179.992294 -179.995544 136.183762 0.000000 -0.000000 0.000003 10.005904 -0.002017 -61.930939 0.001015 -0.006150 -61.930889 179.996719 -179.997467 138.754044 0.000000 -0.000000 0.000003 20.003952 -0.001375 -35.999172 0.003604 -0.005144 -53.998779 179.998657 -179.996048 144.036819
101.665649 90.641693 1239.994507 171.930176 -179.989700 171.094955 171.047745 166.893402 179.921326 0.035664 34.613083 -4.699089 42.996445 18.548361 29.370203 159.732101 -144.647003 -156.874313 21.052813 20.939754 5.930429 170.169693 -175.979126 -174.543182 2.612093 1.080744 2.383296 2.607156 0.986497 3.936626 11.991783 -0.896987 5.072995 179.999832 178.984222 179.446762 179.999847 178.814926 179.426987 177.750198 179.140289 179.636078 1.363927 -1.641148 2.294521 16.660637 -12.062503 50.541340 102.364212 3.408217 8.786736 23.182110 1.356856 -24.828823 53.037334 58.064854 36.873512 0.004024 0.006665 16.769114 0.001262 0.005027 11.168247 0.000000 -0.000000 0.000003 15.007011 0.002356 43.191429 0.002826 0.005347 35.338432 179.999435 179.995804 -155.263092 0.000000 -0.000000 0.000003 0.004502 0.002248 41.446659 0.001861 0.004678 41.446663 179.998856 179.996857 -152.396530 0.000000 -0.000000 0.000003 170.003769 179.997040 -136.867203 0.000679 0.004733 43.132767 179.998154 179.997391 -151.273560 0.000000 -0.000000 0.000003 160.000809 179.998337 -159.094513 0.000231 0.002783 31.358194 179.999176 179.998322 -159.115433 2.007134 -2.870116 2.682976 0.323900 49.945972 -65.139076 121.653893 -178.469666 160.816483 173.065964 -173.293747 -173.158432 117.750183 125.062988 144.984894 179.999969 -179.999985 168.592560 179.999969 179.999985 172.402634 0.000000 -0.000000 0.000000 165.000000 180.000000 108.713692 0.000001 0.000001 -58.325150 0.000000 0.000000 -40.827599 0.000000 -0.000000 0.000000 0.009366 -0.003611 -65.242912 0.000712 -0.010014 -65.242950 179.994171 -179.996735 136.548218 0.000000 -0.000000 0.000000 10.006538 -0.002473 -61.746044 0.000949 -0.006928 -61.746063 179.996246 -179.997238 138.877136 0.000000 -0.000000 0.000000 20.007513 -0.002867 -35.966000 0.006669 -0.010061 -53.949028 179.997238 -179.992447 144.069946
101.875015 89.195099 1242.683838 171.622635 178.976562 170.986069 172.880066 167.436813 179.880615 178.831436 143.847656 175.221222 44.449112 18.291647 28.717411 164.022552 -142.627579 -158.174866 16.774712 22.788580 4.156411 170.276260 177.069733 -175.540176 2.647940 0.569646 2.455500 2.643590 0.481348 4.071790 12.232033 -1.328882 5.128950 179.998840 179.059906 179.333221 179.998810 178.903152 179.309357 177.109039 179.213379 179.561386 0.907892 -0.467007 2.181932 14.454060 -14.271444 51.527843 102.048454 3.612262 10.289598 23.208597 1.880486 -26.443581 52.523312 57.753517 37.243698 0.002739 0.005297 17.269407 0.000684 0.003909 11.501431 180.000000 180.000000 -180.000000 15.008216 0.005479 43.744305 0.001701 0.007901 35.790787 179.997711 179.994827 -154.946426 180.000000 180.000000 -180.000000 0.004854 0.004575 42.016903 0.000501 0.006650 42.016926 179.997269 179.996506 -152.016724 180.000000 180.000000 -180.000000 170.004395 179.993942 -136.108582 179.998901 179.992584 -136.108597 179.996033 179.996979 -150.768326 180.000000 180.000000 -180.000000 160.001251 179.996597 -158.654572 179.999847 179.994568 -147.981857 179.997971 179.996994 -158.675919 1.218978 -2.963321 1.912851 1.377367 49.786388 -63.959885 122.313362 -179.920181 161.292206 173.823624 -174.392227 -174.813644 119.659531 125.360229 147.056976 180.000000 -179.999695 168.533173 179.999954 -179.999802 172.363068 0.000000 -0.000000 0.000000 165.003006 -179.997757 108.587669 179.999054 -179.997101 121.571709 179.997910 -179.999496 139.100189 0.000000 -0.000000 0.000000 0.011546 -0.007990 -64.807716 179.997849 -179.986130 115.192299 179.991058 -179.997269 136.838074 0.000000 -0.000000 0.000000 10.008717 -0.005993 -61.480984 179.998993 -179.989471 118.519012 179.993546 -179.997192 139.053680 0.000000 -0.000000 0.000000 20.009958 -0.006979 -35.664494 0.006256 -0.017146 -53.496727 179.993439 -179.989777 144.371170
102.153488 87.899246 1245.431641 171.477798 179.509003 171.626740 174.345551 167.256287 178.999084 177.341095 141.481323 174.596039 45.986717 17.761446 27.721992 169.702347 -140.341980 -161.626816 11.807332 26.617123 3.109410 170.507965 172.579132 -176.907944 2.737079 0.826574 2.401454 2.731431 0.734294 3.970845 12.580622 -1.157149 5.055381 179.998627 179.252716 179.154282 179.998413 179.127960 179.124161 176.368378 179.391769 179.452133 0.857833 -0.038972 1.710521 12.168499 -16.208097 53.223228 100.619888 4.307280 11.575426 23.062500 2.567104 -28.375446 52.544353 57.215851 37.715790 0.002046 0.008703 17.580919 179.999496 179.994064 -168.291107 0.000000 -0.000000 0.000000 15.002804 0.003130 44.709816 179.999817 179.996582 -143.419266 179.998459 179.998154 -154.393463 0.000000 -0.000000 0.000000 0.001618 0.002320 42.837814 179.999588 179.997208 -137.162231 179.998550 179.998810 -151.470032 0.000000 -0.000000 0.000000 170.002457 179.995438 -135.068100 179.998489 179.995026 -135.068100 179.996948 179.998398 -150.075333 0.000000 -0.000000 0.000000 160.000259 179.999313 -157.996475 179.999985 179.998886 -146.994720 179.999588 179.999405 -158.018494 179.946808 -176.922104 -178.961380 2.342207 49.308571 -63.315369 123.091621 178.744644 161.917114 174.948593 -175.115601 -175.946884 121.976250 125.885071 150.164505 0.000302 0.001083 -11.258041 0.000343 0.000661 -7.497851 180.000000 180.000000 -180.000000 165.005096 -179.993729 108.719414 179.996536 -179.994385 121.679520 179.995392 -179.999969 139.175674 180.000000 180.000000 -180.000000 0.011309 -0.013161 -63.890278 179.993469 -179.983932 116.109703 179.988495 -179.999023 137.449066 180.000000 180.000000 -180.000000 10.010381 -0.012195 -60.912399 179.994659 -179.984894 119.087616 179.989517 -179.998062 139.432358 180.000000 180.000000 -180.000000 20.009611 -0.011748 -34.881931 0.002234 -0.022668 -52.322910 179.989182 -179.989365 145.152954
102.455811 86.700676 1248.180786 171.784973 -179.874451 172.551865 175.251526 167.421112 177.971558 177.420242 138.802917 175.050797 45.743729 17.344984 26.515175 176.167480 -138.873535 -166.173141 5.592397 30.681175 1.532672 171.318436 170.618134 -177.862122 2.785294 1.261540 2.263455 2.779953 1.163458 3.729294 12.748285 -0.780075 4.849132 179.999542 179.490143 178.979752 179.999268 179.405029 178.943588 175.552887 179.611298 179.349823 179.980209 179.621017 -178.380798 11.554522 -17.942532 54.576672 98.096161 5.480128 12.125290 22.895224 3.143021 -29.688896 51.987206 56.942070 38.330967 179.994217 179.984573 -161.781448 179.992996 179.991531 -167.866440 0.000003 -0.000000 0.000000 15.001162 0.001795 45.122437 179.999634 179.998291 -143.081665 179.999069 179.999207 -154.157150 0.000003 -0.000000 0.000000 0.000598 0.001104 43.149227 179.999695 179.998795 -136.850784 179.999298 179.999557 -151.262619 0.000003 -0.000000 0.000000 170.001389 179.996964 -134.477264 179.998810 179.996872 -134.477264 179.997955 179.999130 -149.681854 0.000003 -0.000000 0.000000 160.000076 179.999817 -157.899277 179.999985 179.999710 -146.848938 179.999878 179.999847 -157.921371 178.205963 -177.041901 -179.895401 1.662326 47.066277 -64.229378 125.755165 177.877869 163.024963 175.957687 -175.215698 -176.507202 124.220230 126.341820 152.520248 0.001383 0.004076 -11.360940 0.001448 0.002480 -7.566391 0.000000 0.000000 -0.000003 165.009384 -179.985580 109.420792 179.991608 -179.988708 122.253349 179.990173 179.999359 139.577362 0.000000 0.000000 -0.000003 0.014291 -0.021024 -62.064770 179.988724 -179.977219 117.935249 179.983078 -179.999176 138.664856 0.000000 0.000000 -0.000003 10.015104 -0.022487 -59.336006 179.989044 -179.975204 120.664009 179.982132 -179.997437 140.482224 0.000000 0.000000 -0.000003 20.010561 -0.016576 -33.176117 0.000417 -0.029489 -49.764206 179.985519 -179.986725 146.857040
102.675423 86.243980 1250.683838 172.321396 -179.867676 173.613708 175.513733 168.589020 176.997452 177.767105 136.352112 175.401794 44.840137 17.099220 25.507177 2.356180 -42.167328 9.049019 2.074205 34.092342 1.116163 169.926071 172.179031 -178.631927 2.762979 1.581347 2.045063 2.760729 1.483949 3.356477 12.645610 -0.391533 4.452614 0.000733 0.237140 -1.129008 0.000699 0.276672 -1.169050 174.922012 179.858887 179.297775 179.000397 179.145157 -178.214523 10.739296 -19.739767 56.636070 95.099838 7.491690 13.139693 22.486877 3.637469 -31.004032 50.087475 55.504486 39.634937 179.978790 179.981354 -159.914993 179.982315 179.993546 -166.623398 0.000000 -0.000000 0.000000 14.999567 -0.001012 45.363300 0.000338 -0.000838 37.115414 0.000544 -0.000325 25.980789 0.000000 -0.000000 0.000000 179.999603 -179.999008 -136.695404 0.000397 -0.000995 43.304619 0.000648 -0.000297 28.840870 0.000000 -0.000000 0.000000 170.001297 179.996323 -134.173569 179.998260 179.996506 -134.173569 179.997528 179.999222 -149.479599 0.000000 -0.000000 0.000000 159.999664 -179.998871 -157.854965 0.000159 -0.001747 33.217579 0.000724 -0.000917 22.122913 176.494492 -177.560089 179.229950 0.457497 43.228645 -65.439774 129.846268 177.141296 164.236542 177.456741 -175.783035 -177.091293 127.549438 127.073303 155.580963 0.005388 0.013574 -11.715459 0.005483 0.008047 -7.802495 0.000000 -0.000000 0.000000 165.004929 -179.982224 111.341957 179.988129 -179.990677 123.825211 179.989899 179.996902 140.677643 0.000000 -0.000000 0.000000 0.005653 -0.021442 -59.102551 179.984985 -179.983673 120.897476 179.985458 179.997375 140.637726 0.000000 -0.000000 0.000000 10.005774 -0.023545 -56.190704 179.984253 -179.981552 123.809280 179.983902 179.998566 142.576996 0.000000 -0.000000 0.000000 20.002481 -0.011822 -30.672611 179.994507 -179.982727 133.991104 179.989288 -179.994415 149.358063
102.776871 85.770416 1252.820923 173.186188 -179.754578 174.587875 175.726089 170.245209 176.666656 177.562881 132.513901 174.783234 42.641521 15.607455 23.983500 8.014189 -43.927200 4.048684 178.888672 140.817001 -178.620270 169.716751 174.571228 -178.428345 2.646843 2.048054 1.766598 2.647706 1.953488 2.878216 12.118297 0.176549 3.950880 0.001734 -0.090359 -1.159155 0.002171 -0.105330 -1.200444 174.722031 -179.857712 179.305725 178.450165 178.866760 -177.816833 10.830031 -20.597557 58.668327 91.244011 10.151192 12.717564 21.745844 3.430758 -32.123661 46.309162 52.670277 41.039471 179.972229 179.984512 -156.800217 179.978867 179.998260 -164.548935 0.000000 -0.000000 0.000000 14.998810 -0.004747 45.319160 0.002061 -0.003436 37.079304 0.002597 -0.001054 25.955524 0.000000 -0.000000 0.000000 179.998718 -179.994980 -136.733292 0.002484 -0.004542 43.266708 0.003273 -0.001081 28.815628 0.000000 -0.000000 0.000000 169.998306 -179.993225 -133.637817 0.003693 -0.005924 46.362198 0.004547 -0.000962 30.877209 0.000000 -0.000000 0.000000 159.999405 -179.997437 -157.945694 0.000600 -0.003905 33.081512 0.001747 -0.001961 22.032267 175.091156 -178.209427 178.824692 178.665741 141.910019 113.171730 134.770401 177.082703 165.319794 179.298309 -175.482880 -177.175034 130.453110 127.474754 153.817093 0.004501 0.009044 -14.162477 0.004475 0.005055 -9.432206 180.000000 180.000000 -180.000000 165.008942 -179.977844 114.484978 179.986969 -179.985428 126.396828 179.986328 179.999023 142.477753 180.000000 180.000000 -180.000000 0.008198 -0.020843 -55.149361 179.988159 -179.980957 124.850609 179.985123 -179.998825 143.270508 180.000000 180.000000 -180.000000 10.008217 -0.021974 -51.824486 179.988464 -179.979553 128.175522 179.984604 -179.997192 145.484894 180.000000 180.000000 -180.000000 20.002003 -0.006089 -28.350893 179.998413 -179.990509 137.473648 179.995010 -179.996002 151.677460
102.871323 85.295479 1254.732666 174.299393 179.600998 175.148132 175.834183 172.528687 177.287689 177.833328 127.018333 173.688751 39.296642 12.174555 22.141319 13.967905 -46.627899 -2.494331 178.572067 135.420639 -174.477203 167.273621 177.943832 -178.727051 2.486664 2.344925 1.448773 2.486764 2.258488 2.342980 11.411571 0.668732 3.344311 0.002291 -0.594493 -1.037973 0.002946 -0.693335 -1.075398 174.488998 -179.429596 179.414017 177.796082 178.571823 -176.923920 11.597729 -21.175192 61.015350 87.016151 13.543726 11.082129 20.657871 2.999350 -33.339035 39.796749 46.956638 45.817474 0.038897 -0.019692 29.690279 0.029010 0.001321 19.773701 0.000000 -0.000000 0.000000 14.993949 -0.330540 45.766209 0.183969 -0.198289 37.444725 0.185785 -0.036544 26.211498 0.000000 -0.000000 0.000000 179.974396 -179.670959 -136.512558 0.198590 -0.263604 43.486900 0.215607 -0.042793 28.962484 0.000000 -0.000000 0.000000 169.967590 -179.713959 -134.212814 0.175410 -0.228243 45.786705 0.189783 -0.027183 30.494165 0.000000 -0.000000 0.000000 160.009598 179.925262 -158.836273 179.971817 179.890549 -148.254440 179.945175 179.948425 -158.857468 173.676437 -179.194885 178.974167 175.785553 149.542480 111.264160 142.576080 177.400772 166.364716 0.944708 -4.533476 3.187353 133.078995 129.924835 146.213760 0.016009 -0.024910 -19.784040 0.004594 -0.019177 -13.176190 0.000000 -0.000000 0.000000 165.318329 -179.520294 118.678146 179.819199 -179.565033 129.829330 179.692612 -179.880646 144.880402 0.000000 -0.000000 0.000000 0.307793 -0.470588 -50.901508 179.881668 -179.450348 129.100281 179.681000 -179.803864 146.100937 0.000000 -0.000000 0.000000 10.227798 -0.372867 -46.689720 179.917343 -179.570984 133.311356 179.764709 -179.828796 148.905548 0.000000 -0.000000 0.000000 20.096582 -0.179084 -27.815386 0.016496 -0.304716 -41.722832 179.880402 -179.835678 152.212769
102.733276 85.020729 1256.405029 175.391541 178.633347 175.217682 176.686554 175.444382 178.394897 173.991577 123.680016 171.106033 35.611809 10.143569 20.520420 15.951242 -47.804440 -4.660919 176.254578 132.650726 -174.726257 167.380020 179.951233 -178.901215 2.178732 2.240120 1.235332 2.177771 2.165531 2.001804 10.029265 0.839889 2.871027 0.001423 -0.775133 -0.915290 0.001791 -0.904158 -0.948243 175.444550 -179.296432 179.496490 178.837509 178.233643 -176.230408 10.376516 -20.766785 64.209015 82.231346 15.458313 10.738132 18.734779 1.537481 -32.733467 36.118095 43.141380 42.832340 0.177730 -0.102024 30.600023 0.136477 -0.001224 20.379704 0.000000 0.000000 -0.000007 15.029302 -0.511350 44.931446 0.297698 -0.294985 36.761482 0.288707 -0.052137 25.733423 0.000000 0.000000 -0.000007 179.995712 -179.645416 -138.324219 0.221821 -0.276664 41.675262 0.231459 -0.047013 27.755995 0.000000 0.000000 -0.000007 169.984177 -179.736359 -136.072021 0.165536 -0.205820 43.927658 0.173906 -0.026489 29.255978 0.000000 0.000000 -0.000007 160.039429 179.348236 -162.064056 179.670456 179.078003 -153.099106 179.487686 179.596252 -162.084000 173.977615 -179.535141 178.710358 174.541473 154.501114 111.122154 148.927963 175.200714 168.552719 3.736365 -4.270950 1.479274 130.631943 130.304840 143.717865 0.036535 -0.078274 -19.810068 0.006325 -0.057177 -13.193499 180.000000 -180.000000 179.999985 165.586395 -179.283310 120.898911 179.848267 -179.257446 131.648605 179.572922 -179.684921 146.154541 180.000000 -180.000000 179.999985 0.272209 -0.371746 -44.400948 179.970673 -179.540176 135.600037 179.785782 -179.780243 150.429962 180.000000 -180.000000 179.999985 10.219453 -0.321339 -41.923477 179.974869 -179.611694 138.077240 179.825272 -179.808563 152.079697 180.000000 -180.000000 179.999985 20.103533 -0.172250 -25.775316 0.040927 -0.298637 -38.662846 179.904846 -179.823227 154.250778
102.637650 84.758789 1258.086060 176.398331 178.755661 175.337219 178.303070 177.663620 179.178299 170.195999 119.602211 168.709702 30.152412 7.084383 19.130962 16.109371 -48.051609 -4.830915 172.606339 130.373413 -178.032059 168.791550 -178.784409 -178.261871 1.904413 2.449423 1.056322 1.903479 2.378717 1.704544 8.760445 1.175697 2.506443 0.000063 -0.815991 -0.804614 0.000078 -0.951927 -0.833304 176.433441 -179.275009 179.560654 0.069502 1.795468 4.164001 9.308272 -20.271503 67.235680 76.331406 16.089157 10.330930 16.786247 -0.250846 -31.135950 32.385223 39.305584 35.094177 0.107765 -0.112905 29.132687 0.098565 -0.033038 19.402414 0.000003 0.000003 0.000000 15.045418 -0.558471 42.250370 0.314513 -0.333598 34.567760 0.310231 -0.082331 24.197842 0.000003 0.000003 0.000000 0.001024 -0.342302 39.501949 0.207156 -0.272525 39.501450 0.219930 -0.060107 26.308187 0.000003 0.000003 0.000000 169.988190 -179.775497 -137.899307 0.136820 -0.178380 42.100441 0.146592 -0.030467 28.038973 0.000003 0.000003 0.000000 159.964203 -179.700089 -151.615753 0.146722 -0.428573 42.575722 0.258071 -0.156319 28.355406 174.584824 -179.260361 178.599396 173.339203 157.541367 110.957718 153.601730 172.779785 170.891708 7.685717 -3.165286 -0.392253 130.695175 129.473434 146.594910 0.024685 -0.066898 -18.213730 0.002420 -0.047420 -12.130340 0.000000 -0.000000 0.000000 165.156845 -179.810898 136.504425 179.995148 -179.799026 144.412933 179.919067 -179.884872 155.089157 0.000000 -0.000000 0.000000 0.168525 -0.214339 -38.258270 0.014009 -0.272310 -38.257954 179.901657 -179.847305 154.520340 0.000000 -0.000000 0.000000 10.147033 -0.203275 -36.913494 0.007976 -0.250758 -36.913216 179.909698 -179.859406 155.415909 0.000000 -0.000000 0.000000 20.060183 -0.096463 -22.960705 0.031591 -0.167586 -34.441040 179.957291 -179.894745 157.062347
102.546707 84.665047 1259.765869 176.884979 179.006821 175.734253 0.102750 0.048615 -0.576153 163.995575 116.107140 164.483826 24.885412 4.077415 17.675205 14.158111 -47.535999 -3.219343 170.476898 129.463089 178.280472 170.367355 -177.962631 -177.557053 1.715210 2.574688 0.856035 1.714693 2.508392 1.373231 7.898436 1.417133 2.084808 179.999207 -179.353073 179.319656 179.999054 -179.245300 179.295593 177.305939 -179.427628 179.621338 0.680477 1.704229 4.577729 8.792478 -19.966782 69.614166 69.782318 14.921976 10.777369 14.826850 -1.052678 -29.067587 29.699995 38.442883 27.879255 0.013355 -0.047964 26.791328 0.022008 -0.024810 17.843029 0.000000 -0.000000 0.000003 15.012155 -0.325642 36.861156 0.158510 -0.214403 30.158850 0.168759 -0.079755 21.111296 0.000000 -0.000000 0.000003 179.987564 -179.781555 -143.666260 0.113344 -0.187153 36.333534 0.133096 -0.059319 24.198183 0.000000 -0.000000 0.000003 169.987640 -179.893585 -140.283630 0.057069 -0.090661 39.716232 0.067522 -0.023054 26.451056 0.000000 -0.000000 0.000003 160.030579 179.805511 -157.554016 179.920639 179.715530 -146.331284 179.846405 179.877106 -157.576645 175.274963 -178.767380 178.380127 172.654831 158.946564 110.754478 157.821152 168.993393 173.975403 10.543404 -2.251920 -2.461514 134.529160 129.505951 152.865417 0.033953 -0.043905 -17.029795 0.013556 -0.034387 -11.341837 0.000000 -0.000000 0.000000 165.072067 -179.917572 140.531708 0.004756 -0.089454 -32.292179 179.970367 -179.944748 157.395477 0.000000 -0.000000 0.000000 0.081940 -0.103094 -33.880547 0.014805 -0.130868 -33.880459 179.961716 -179.921082 157.435623 0.000000 -0.000000 0.000000 10.062983 -0.089222 -32.639858 0.007962 -0.108924 -32.639839 179.966827 -179.935257 158.261887 0.000000 -0.000000 0.000000 20.029516 -0.049836 -21.088861 0.016091 -0.085393 -31.633352 179.980347 -179.945557 158.932236
102.429176 84.729744 1261.415161 176.783478 179.008499 176.423706 1.891290 -2.602683 -0.857050 156.906631 113.200356 159.026108 20.020559 1.414411 16.647644 12.255172 -47.128880 -1.119314 167.545883 128.768646 173.258041 172.459869 -176.913025 -176.818314 1.619374 2.581853 0.640721 1.619292 2.521289 1.018290 7.484643 1.544892 1.621889 179.999573 -179.616837 179.421082 179.999466 -179.552979 179.400589 177.985092 -179.658508 179.665359 0.612824 1.409429 4.660483 8.923588 -19.657206 71.326370 62.976364 13.039295 11.538640 13.274967 -0.944105 -27.010258 29.556248 40.156517 25.142071 179.992599 -179.990463 -154.828857 179.998199 -179.992157 -163.236008 0.000000 -0.000000 0.000000 14.991017 -0.081444 31.970165 0.028205 -0.060808 26.157372 0.036168 -0.029884 18.310162 0.000000 -0.000000 0.000000 179.981339 -179.915146 -146.658447 0.029740 -0.081613 33.341492 0.045961 -0.035139 22.205442 0.000000 -0.000000 0.000000 169.978531 -179.924484 -141.399948 0.029295 -0.072844 38.599995 0.045207 -0.026281 25.707613 0.000000 -0.000000 0.000000 159.961868 -179.889450 -153.018417 0.019677 -0.174304 40.472282 0.083193 -0.082023 26.954487 175.853210 -178.255325 178.068130 172.435486 157.009293 111.085167 157.601135 166.726929 176.522980 14.123119 -0.985477 -3.921594 136.139023 129.423660 156.616333 0.038469 -0.026861 -15.947229 0.020080 -0.023946 -10.620861 180.000000 -180.000000 -179.999985 165.032120 -179.967957 142.758102 0.005567 -0.036703 -30.470642 179.990601 -179.975769 158.670547 180.000000 -180.000000 -179.999985 0.032081 -0.038094 -31.053547 0.008733 -0.049027 -31.053524 179.988632 -179.968842 159.318344 180.000000 -180.000000 -179.999985 10.013869 -0.019920 -29.871279 0.002324 -0.024164 -29.871286 179.993469 -179.985229 160.105728 180.000000 -180.000000 -179.999985 20.009640 -0.017955 -19.727446 0.004859 -0.030203 -29.591181 179.993073 -179.980850 160.292267
102.420494 84.905296 1262.948853 176.361343 178.695450 177.325974 2.914103 -5.435695 -1.517202 149.295456 111.583954 152.457642 15.112077 -1.829384 13.642257 9.111631 -46.306732 1.587399 168.844223 129.093903 170.832794 173.022858 -176.325317 -176.185287 1.608036 2.409634 0.431704 1.607804 2.357297 0.674494 7.465545 1.520861 1.160284 179.998901 -179.969467 179.484085 179.998749 -179.964401 179.465652 178.367081 -179.965134 179.686752 0.050249 1.285886 4.285730 9.405678 -19.221409 72.591499 56.373688 10.975680 12.191747 12.190895 0.591809 -25.311300 31.767029 42.980705 26.587639 179.998352 -179.999329 -155.519852 179.999207 -179.999146 -163.696228 0.000003 -0.000000 0.000000 15.007106 0.020603 29.869438 179.996582 179.982513 -155.561386 179.992722 179.989868 -162.892975 0.000003 -0.000000 0.000000 179.992905 -179.984634 -148.389572 0.001951 -0.016805 31.610439 0.006946 -0.008873 21.052549 0.000003 -0.000000 0.000000 169.963531 -179.930801 -142.241165 0.012220 -0.077259 37.758801 0.037432 -0.036226 25.147348 0.000003 -0.000000 0.000000 159.958710 -179.927368 -154.616913 179.987946 -179.875275 -141.925354 0.043319 -0.071350 25.357674 176.029175 -178.106384 177.608597 172.753677 159.696014 111.145210 160.694580 163.296616 177.765121 17.230558 0.390387 -3.919775 134.900452 128.576874 158.457901 0.009238 -0.008401 -14.256479 0.004638 -0.006914 -9.494821 0.000002 -0.000000 0.000003 165.009430 -179.992554 144.178696 0.002765 -0.009433 -29.308315 179.998505 -179.993286 159.484146 0.000002 -0.000000 0.000003 0.001874 -0.002223 -28.979506 0.000569 -0.002842 -28.979530 179.999420 -179.998154 160.699646 0.000002 -0.000000 0.000003 9.998354 0.003090 -28.541906 0.000032 0.003490 -28.541939 0.001144 0.002020 -19.008902 0.000002 -0.000000 0.000003 19.999884 0.000506 -18.662243 0.000090 0.000769 -27.993370 0.000290 0.000428 -18.643579
102.378044 85.138596 1264.329834 175.757324 178.275726 178.307159 3.448017 -8.316449 -2.218119 142.332977 109.774384 145.536682 10.636174 -5.904140 10.447055 5.978584 -45.628834 4.074147 171.761429 129.316391 169.808701 172.901520 -175.902435 -175.754776 1.663227 2.280584 0.200444 1.663092 2.235020 0.289051 7.748262 1.525550 0.662105 179.999390 179.775375 179.590134 179.999359 179.737915 179.575516 178.407379 179.813751 179.744003 179.208344 178.925186 -176.207458 10.113560 -18.541784 73.552681 50.922112 8.880432 12.512719 11.024291 3.388594 -24.071802 35.065487 46.026348 30.002518 0.006699 0.002102 24.203922 0.003487 0.003119 16.119831 0.000000 -0.000000 0.000000 15.020482 0.030842 30.006268 0.001616 0.030237 24.550591 179.992111 179.980301 -162.814590 0.000000 -0.000000 0.000000 0.000155 0.000201 31.148773 0.000033 0.000271 31.148743 179.999939 179.999847 -159.254898 0.000000 -0.000000 0.000000 169.965958 -179.959213 -143.679977 179.996033 -179.947021 -143.679977 0.018436 -0.030208 24.189108 0.000000 -0.000000 0.000000 159.959930 -179.953079 -156.063538 179.971970 -179.911804 -144.095306 0.018242 -0.058875 23.912508 175.932938 -178.344681 177.602509 172.927475 163.495941 110.683472 162.865417 163.180435 177.631897 20.521210 3.374460 -1.451775 133.811264 128.679230 159.155624 0.000856 -0.001861 -13.387836 0.000260 -0.001335 -8.916309 0.000000 0.000000 -0.000003 165.001160 179.998459 144.946762 0.001505 0.000497 -28.679886 0.001089 -0.000196 -20.075949 0.000000 0.000000 -0.000003 0.001108 -0.002260 -28.285309 179.999908 -179.997482 151.714722 179.999146 -179.998566 161.161972 0.000000 0.000000 -0.000003 10.003857 -0.003011 -28.464287 0.001916 -0.004499 -28.464289 179.999664 -179.996750 161.042801 0.000000 0.000000 -0.000003 20.004734 -0.002343 -18.342159 0.005592 -0.005621 -27.513243 0.001521 -0.005054 -18.323824
102.299812 85.468712 1265.571167 175.155609 178.135849 179.138336 3.383273 -10.912373 -2.537383 132.318130 109.838997 135.457428 8.976838 -9.743176 6.851584 2.712852 -44.780102 6.475366 175.599182 129.139389 170.231094 172.393326 -175.339478 -175.906525 1.726617 2.300465 0.014063 1.726643 2.257865 -0.024575 8.062238 1.619243 0.276230 0.000289 0.446886 -0.390890 0.000327 0.521370 -0.404834 178.554871 179.621262 179.754089 178.499176 178.986084 -176.817230 10.677365 -17.718140 74.353218 44.326752 8.677900 11.852122 12.200595 6.221724 -23.230698 38.516556 47.960644 28.795702 0.041751 0.045969 21.686033 0.012489 0.039501 14.442884 180.000000 180.000000 -180.000000 14.967079 -0.034635 31.842020 179.991592 -179.961823 -153.947449 0.006193 -0.026669 18.236795 180.000000 180.000000 -180.000000 179.964600 -179.966736 -148.229279 179.986801 -179.953247 -148.229279 0.008573 -0.031197 21.159290 180.000000 180.000000 -180.000000 169.982727 -179.984192 -144.973572 179.994797 -179.977173 -144.973587 0.005814 -0.014465 23.327597 180.000000 180.000000 -180.000000 159.974182 -179.976410 -157.449692 179.977249 -179.952728 -146.174545 0.004536 -0.034649 22.527748 175.635849 -178.752228 177.449219 173.598526 167.862915 110.129623 164.668167 164.085281 177.084290 22.909327 5.988050 2.107545 133.244446 129.531403 158.670761 179.998383 179.999786 166.476074 179.998993 179.999619 170.993088 0.000000 0.000003 0.000000 164.997986 179.995361 145.440247 0.000790 0.004066 -28.276152 0.001830 0.002248 -19.793295 0.000000 0.000003 0.000000 0.008440 -0.012473 -28.773691 0.001242 -0.015014 -28.773685 179.995850 -179.990875 160.836731 0.000000 0.000003 0.000000 10.027017 -0.033464 -28.462103 0.006661 -0.042492 -28.462061 179.989807 -179.973236 161.044296 0.000000 0.000003 0.000000 20.012787 -0.013587 -18.800615 0.011235 -0.025636 -28.200895 179.998276 -179.981461 161.218185
102.204430 85.846313 1266.624756 174.739212 178.229248 179.669693 2.771445 -13.075889 -2.447538 125.811623 111.087517 128.292862 8.517462 -12.824209 3.512846 179.070648 -136.232788 -170.955292 179.964127 129.043427 171.079880 171.662552 -175.117554 -176.033417 1.762568 2.453289 -0.097676 1.762593 2.409935 -0.214979 8.245874 1.777717 0.060862 0.000275 0.549692 -0.401258 0.000285 0.641293 -0.415594 178.711960 179.531998 179.747681 178.118164 178.896667 -177.429993 11.081525 -16.875467 75.051231 39.770374 8.678990 10.915080 12.033342 9.608305 -22.743656 39.121681 47.936428 44.217564 179.990570 179.993866 -150.879120 179.992523 179.999573 -160.605484 180.000000 179.999985 -180.000000 15.069164 0.072751 28.662748 0.018721 0.080015 23.451300 179.988449 179.943649 -163.584091 180.000000 179.999985 -180.000000 0.040385 0.037237 29.379980 0.016049 0.052545 29.379988 179.991638 179.964386 -160.432968 180.000000 179.999985 -180.000000 169.990662 -179.991852 -145.582184 179.996872 -179.988022 -145.582184 0.002760 -0.007780 22.922262 180.000000 179.999985 -180.000000 159.989944 -179.991226 -158.422440 179.990723 -179.982254 -147.633667 0.001039 -0.013307 21.555973 175.204285 -179.236313 177.180847 174.584183 172.585617 109.392891 166.087433 165.634720 176.378860 24.294922 8.002928 6.041052 132.454056 130.257812 159.931320 179.992554 179.994110 167.342575 179.995941 179.995163 171.570145 0.000000 -0.000000 0.000000 164.998413 179.997314 145.856110 0.000148 0.002544 -27.935913 0.000929 0.001526 -19.555141 0.000000 -0.000000 0.000000 0.017169 -0.024306 -29.489048 0.002592 -0.029642 -29.489069 179.991608 -179.982056 160.360306 0.000000 -0.000000 0.000000 10.038098 -0.050677 -30.693542 0.005255 -0.063188 -30.693508 179.980698 -179.962433 159.558105 0.000000 -0.000000 0.000000 20.023296 -0.029328 -19.511450 0.017229 -0.053482 -29.267176 179.991898 -179.963470 160.508057
102.072586 86.278275 1267.492432 174.554657 178.288910 179.900345 1.648784 -15.989958 -1.229533 119.218987 113.385086 120.260223 9.207701 -15.601998 0.507765 175.170456 -137.207840 -168.376724 4.443782 50.890881 -7.942946 170.939133 -175.236862 -176.033371 1.774126 2.687891 -0.167672 1.774237 2.641559 -0.336644 8.315193 1.975863 -0.059470 0.000383 0.504563 -0.430356 0.000396 0.588619 -0.445744 178.893524 179.570282 179.731766 177.933670 178.925720 -177.773575 11.363712 -16.039471 75.635597 36.067032 9.422455 9.422686 11.586547 12.323272 -22.257208 36.992897 45.107590 43.187397 179.986130 179.995239 -149.875275 179.990433 -179.998016 -159.936951 0.000000 -0.000000 0.000000 15.051127 0.066719 31.491602 0.005082 0.068616 25.765841 179.981293 179.955612 -161.963928 0.000000 -0.000000 0.000000 0.002864 0.003124 31.475859 0.000807 0.004154 31.475885 179.999008 179.997360 -159.037079 0.000000 -0.000000 0.000000 169.991745 -179.991516 -145.880630 179.997864 -179.988358 -145.880600 0.003147 -0.007230 22.723515 0.000000 -0.000000 0.000000 159.997513 -179.997498 -158.880707 179.997879 -179.995163 -148.321075 0.000485 -0.003481 21.098154 174.684586 -179.443100 176.968521 175.634872 178.742264 108.209000 168.558105 166.669174 176.234375 24.244925 9.080854 9.054716 132.052795 130.741882 162.977570 179.992554 179.992889 168.963104 179.995987 179.994431 172.649429 0.000000 -0.000002 0.000000 164.997833 179.996719 145.975723 0.000016 0.003221 -27.838072 0.001061 0.001994 -19.486656 0.000000 -0.000002 0.000000 0.022007 -0.030570 -30.550716 0.002918 -0.037557 -30.550705 179.988708 -179.977585 159.653229 0.000000 -0.000002 0.000000 10.031286 -0.042771 -33.268291 0.001717 -0.052979 -33.268311 179.981140 -179.970154 157.843338 0.000000 -0.000002 0.000000 20.070494 -0.099794 -19.681248 0.039645 -0.179027 -29.521860 179.957993 -179.885193 160.338531
101.874077 86.761627 1268.243652 174.557144 178.168549 179.920914 0.595343 -18.964130 0.500330 115.075653 116.386696 114.434639 10.852222 -16.618763 -0.544211 171.636108 -138.197861 -166.052383 8.627203 50.648502 -6.861821 170.094833 -175.417267 -176.029755 1.765214 2.921055 -0.196298 1.765262 2.870899 -0.388578 8.283808 2.153222 -0.095180 0.000870 0.372261 -0.552945 0.000922 0.434294 -0.572673 179.185257 179.683289 179.660629 177.928864 179.017456 -177.972198 11.532840 -15.229688 76.121109 31.775324 11.344892 7.355835 11.782509 13.132175 -21.664810 33.981312 41.359207 40.703743 179.984833 179.997086 -149.069122 179.990372 -179.996384 -159.400024 0.000000 -0.000000 0.000000 15.008014 0.012003 35.534576 179.999542 179.988190 -150.926270 179.995667 179.992966 -159.648376 0.000000 -0.000000 0.000000 0.003241 0.004031 31.573236 0.000632 0.005134 31.573238 179.998566 179.996857 -158.972214 0.000000 -0.000000 0.000000 169.997131 -179.996704 -146.351562 179.999451 -179.995682 -146.351562 0.001285 -0.002618 22.409861 0.000000 -0.000000 0.000000 160.005386 179.993958 -159.208466 0.004287 0.011396 31.187309 179.998474 179.992035 -159.229279 174.197235 -179.338776 176.769699 176.340622 -179.763306 107.546173 166.263062 169.186066 176.122711 22.976822 9.198951 10.603551 131.990845 130.588272 165.587753 179.996078 179.995483 170.336594 179.997925 179.996597 173.564178 0.000000 -0.000000 0.000000 165.000656 -179.999054 146.175980 180.000000 -179.999054 152.325806 179.999695 -179.999420 160.628052 0.000000 -0.000000 0.000000 0.012108 -0.017459 -31.996233 0.000864 -0.021221 -31.996267 179.992935 -179.987747 158.690506 0.000000 -0.000000 0.000000 10.020247 -0.029640 -35.208179 179.999008 -179.964111 144.791809 179.985489 -179.981003 156.551346 0.000000 -0.000000 0.000000 20.031622 -0.048694 -24.497644 0.010701 -0.086456 -36.746468 179.969986 -179.950333 155.526871
101.619553 87.292183 1268.933594 174.674881 177.900772 179.819290 179.679962 -158.213058 -177.443237 113.458687 120.623367 111.376007 13.356963 -16.612127 -0.907667 168.692017 -139.275146 -164.191498 12.131798 50.113758 -5.841253 169.356842 -175.607101 -176.109390 1.766665 3.075910 -0.212188 1.766696 3.023141 -0.418262 8.295868 2.269572 -0.111048 0.001131 0.241858 -0.680152 0.001194 0.282213 -0.704361 179.364990 179.795975 179.585022 177.963928 178.984726 -178.083435 11.597688 -14.411877 76.565170 27.613590 13.283158 5.116820 13.795407 13.328424 -21.415751 31.744162 37.363281 40.988079 0.025635 -0.007803 32.780888 0.017225 0.004679 21.832077 0.000000 -0.000000 0.000000 14.998836 -0.010665 36.853580 0.004440 -0.007570 30.152922 0.005334 -0.003033 21.107048 0.000000 -0.000000 0.000000 179.996979 -179.987198 -147.826294 0.004177 -0.012457 32.173710 0.006751 -0.005580 21.427692 0.000000 -0.000000 0.000000 169.990906 -179.971176 -146.171082 0.008074 -0.029120 33.828896 0.015106 -0.013301 22.530058 0.000000 -0.000000 0.000000 159.994690 -179.985947 -158.396484 0.000158 -0.022531 32.405312 0.008019 -0.012685 21.581909 173.677444 -179.184677 176.656387 176.384033 -178.740051 106.881729 163.790543 169.902176 176.281296 20.249350 6.858725 10.350578 132.308990 129.831985 167.108582 179.998337 179.997116 171.103043 179.999207 179.997925 174.074631 0.000000 -0.000000 0.000000 164.990005 179.984467 145.880814 0.000265 0.015113 -27.915657 0.005070 0.009286 -19.540960 0.000000 -0.000000 0.000000 0.008315 -0.012986 -32.770489 179.999863 -179.984573 147.229523 179.994324 -179.991440 158.174866 0.000000 -0.000000 0.000000 10.007245 -0.011690 -36.684528 179.998749 -179.986298 143.315475 179.993851 -179.993195 155.568100 0.000000 -0.000000 0.000000 19.986191 0.023404 -27.587238 179.997360 179.959335 138.619125 0.016296 0.021708 -27.559647
101.343849 87.852486 1269.587524 175.080261 177.456177 179.577011 178.760620 -155.563324 -175.179413 113.911446 123.955872 110.445549 14.827398 -16.366407 -0.573434 166.124893 -140.290924 -162.758972 14.872916 49.323971 -4.953422 168.780121 -175.823669 -176.219223 1.723235 3.162181 -0.185136 1.722992 3.107253 -0.373261 8.090235 2.317306 -0.054420 0.001063 0.051536 -0.759242 0.001103 0.060165 -0.786285 179.444565 179.959503 179.538940 178.154144 178.950348 -178.261459 11.497518 -13.513611 76.967941 25.426836 14.226609 3.807251 11.518524 11.680319 -20.483929 29.647072 34.137047 34.905136 0.010098 -0.003984 31.181273 0.007133 0.001139 20.766727 0.000000 -0.000000 0.000003 15.000228 -0.006410 36.256744 0.003225 -0.004136 29.664600 0.003394 -0.001413 20.765219 0.000000 -0.000000 0.000003 0.000246 0.002733 31.239380 179.998795 179.997528 -148.760635 179.998459 179.999023 -159.194580 0.000000 -0.000000 0.000003 169.997757 -179.987061 -147.882050 0.004854 -0.012211 32.117931 0.007026 -0.005225 21.390558 0.000000 -0.000000 0.000003 159.999695 -179.998718 -159.334641 0.000236 -0.001965 30.998049 0.000803 -0.001040 20.644688 173.386292 -178.961716 176.502228 175.293030 -177.970062 106.442963 160.994888 170.553116 176.604706 17.633057 3.586916 9.363186 132.781967 128.597046 168.185410 0.000006 0.000343 -8.334128 0.000030 0.000229 -5.550535 0.000000 -0.000000 0.000000 164.993210 179.986450 146.665955 0.001371 0.012319 -27.273327 0.004777 0.007251 -19.091320 0.000000 -0.000000 0.000000 0.010377 -0.021490 -33.287815 179.996658 -179.976379 146.712204 179.989410 -179.988144 157.830338 0.000000 -0.000000 0.000000 9.998232 0.003793 -37.467361 0.000896 0.004085 -37.467377 0.002130 0.001793 -24.953253 0.000000 -0.000000 0.000000 20.006079 -0.014440 -25.918449 179.998550 -179.976532 141.122330 179.989349 -179.988525 154.107483
101.087845 88.424126 1270.233643 175.600418 177.004318 179.320465 178.096878 -153.077988 -172.888809 113.878601 126.726662 109.418938 16.070377 -16.729427 0.053758 164.211105 -141.266464 -161.969620 16.719965 48.334198 -4.251009 168.485397 -176.059418 -176.339432 1.675974 3.232274 -0.145761 1.675548 3.175288 -0.307381 7.864297 2.348988 0.026178 0.000742 -0.080933 -0.885865 0.000754 -0.094396 -0.917473 179.505478 -179.926178 179.462997 178.262924 178.950378 -178.436264 11.425187 -12.491377 77.183647 22.476402 14.717045 2.609090 11.302085 9.995356 -19.658367 29.558249 32.689743 32.052547 0.012260 -0.006663 30.096560 0.009293 0.000139 20.044310 0.000000 -0.000000 0.000000 15.002560 -0.012010 35.852741 0.007399 -0.006794 29.334057 0.006828 -0.001657 20.533848 0.000000 -0.000000 0.000000 0.000817 -0.009242 31.687654 0.005489 -0.007472 31.687641 0.005713 -0.002344 21.103962 0.000000 -0.000000 0.000000 169.999969 -179.986145 -148.899841 0.007002 -0.011954 31.100140 0.008067 -0.004477 20.712687 0.000000 -0.000000 0.000000 159.999405 -179.993317 -159.332886 0.002649 -0.009710 31.000637 0.004810 -0.004669 20.646435 173.204605 -178.706238 176.338684 173.134323 -177.319046 106.229988 159.363785 171.724945 177.342651 12.537956 0.545359 8.190965 133.017731 126.182076 167.349060 179.999985 179.996353 171.582397 0.000335 0.002405 -5.606131 0.000000 -0.000000 0.000000 164.998260 179.996201 147.483551 0.000455 0.003386 -26.604366 0.001341 0.001978 -18.623072 0.000000 -0.000000 0.000000 179.998688 179.996994 145.262299 0.000614 0.003211 -34.737690 0.001551 0.001528 -23.135302 0.000000 -0.000000 0.000000 9.998238 0.004286 -37.293655 0.001180 0.004482 -37.293644 0.002427 0.001907 -24.837576 0.000000 -0.000000 0.000000 19.995232 0.012758 -27.081135 0.002120 0.020320 -40.621735 0.009771 0.009465 -27.054056
100.895798 89.002640 1270.906616 176.170090 176.615845 179.055862 177.710785 -151.649399 -171.456573 113.955513 128.644302 109.211830 17.325216 -18.275076 0.845199 162.951645 -142.244385 -161.876968 17.826639 47.122730 -3.593745 168.476349 -176.309860 -176.448715 1.626258 3.246084 -0.087622 1.625828 3.187621 -0.208779 7.622732 2.333140 0.141021 0.000416 -0.131285 -1.008432 0.000424 -0.153151 -1.044435 179.507538 -179.881836 179.388580 178.352005 178.786697 -178.659073 11.306821 -11.420723 77.202042 19.877987 14.218387 2.158692 10.298817 8.034842 -18.478746 29.620378 32.284039 27.833523 0.003706 -0.002975 28.055305 0.003112 -0.000618 18.684837 0.000000 -0.000000 0.000000 15.001565 -0.005465 34.585262 0.003570 -0.002978 28.297039 0.003190 -0.000661 19.807924 0.000000 -0.000000 0.000000 0.000542 -0.003471 30.694912 0.002223 -0.002719 30.694897 0.002191 -0.000808 20.442806 0.000000 -0.000000 0.000000 170.000351 -179.994370 -150.381729 0.003045 -0.004735 29.618252 0.003314 -0.001767 19.725788 0.000000 -0.000000 0.000000 159.999939 -179.997833 -160.060440 0.000998 -0.003102 29.909369 0.001595 -0.001462 19.919622 173.170532 -178.595627 176.171722 170.026337 -176.758377 106.158066 156.970642 173.127335 178.309830 9.901751 -2.387310 7.232028 132.127777 124.349739 168.472473 0.001995 -0.002651 -7.092729 0.001054 -0.001936 -4.723758 0.000000 -0.000000 0.000000 164.999039 179.996796 147.816406 0.000728 0.002641 -26.332043 0.001271 0.001440 -18.432411 0.000000 -0.000000 0.000000 179.999619 179.998611 145.547073 0.000465 0.001361 -34.452938 0.000765 0.000576 -22.945641 0.000000 -0.000000 0.000000 9.998755 0.004811 -36.939594 0.001872 0.004604 -36.939594 0.002835 0.001714 -24.601763 0.000000 -0.000000 0.000000 19.997971 0.008773 -25.919127 0.002872 0.013196 -38.878685 0.006940 0.005726 -25.893217
100.720657 89.596260 1271.561279 176.881165 176.193161 178.694290 177.510620 -149.905945 -169.744949 116.555267 129.627518 112.209717 17.030807 -18.088993 1.211773 161.342941 -143.211456 -161.902328 19.006788 45.804871 -2.754162 168.697128 -176.582199 -176.544495 1.549962 3.249304 0.002782 1.549785 3.188466 -0.055432 7.250171 2.296368 0.318602 0.000234 -0.190876 -1.094154 0.000240 -0.222663 -1.133242 179.463303 -179.829437 179.336807 178.492325 178.606522 -178.916641 11.239912 -10.301205 77.025238 18.502827 12.540274 2.647623 6.565641 5.844508 -16.658794 31.904121 34.522438 23.239069 0.001572 -0.001124 24.485302 0.001265 -0.000238 16.307228 0.000000 -0.000000 0.000000 14.999041 0.004573 32.648342 179.997314 179.997284 -153.287766 179.997467 179.999161 -161.301407 0.000000 -0.000000 0.000000 0.000187 -0.003512 29.474234 0.001890 -0.002958 29.474209 0.002059 -0.001110 19.629831 0.000000 -0.000000 0.000000 169.999115 -179.984894 -150.832199 0.006542 -0.013650 29.167767 0.008203 -0.005847 19.425726 0.000000 -0.000000 0.000000 160.000519 179.996902 -161.078598 179.999207 179.995361 -151.617920 179.998062 179.997528 -161.097504 173.314636 -178.474213 175.974625 166.220657 -176.142090 106.136795 154.737396 174.824417 179.639435 9.010358 -5.979822 5.986829 155.887558 129.434097 157.786819 2.150095 1.618858 -24.355579 1.670669 0.648626 -16.231243 0.000000 -0.000001 0.000000 165.014801 179.867508 146.993027 0.067453 0.085709 -27.005638 0.068797 0.033109 -18.903967 0.000000 -0.000001 0.000000 0.021577 0.215313 -36.480835 0.139333 0.165561 -36.480724 0.139076 0.037784 -24.296261 0.000000 -0.000001 0.000000 10.008967 0.086397 -36.648010 0.057813 0.064832 -36.647999 0.056514 0.012360 -24.407619 0.000000 -0.000001 0.000000 20.013840 0.160044 -25.702932 0.115641 0.211389 -38.554234 0.145751 0.067140 -25.677174
100.725624 90.204712 1272.306274 177.309998 176.136749 178.484741 177.799332 -148.967133 -168.871994 123.230080 128.537567 119.304512 14.456862 -17.180950 1.219661 161.640823 -144.281250 -163.343567 18.924553 44.147953 -1.910269 169.117889 -176.846222 -176.597504 1.522851 3.291443 0.055974 1.522719 3.228776 0.033383 7.114525 2.305208 0.430200 0.000017 -0.132113 -1.164558 0.000017 -0.154109 -1.206152 179.379364 -179.878571 179.293915 178.453964 178.552521 -179.074890 11.216658 -9.011212 76.661446 17.222010 9.839408 3.727405 6.528669 7.077523 -16.385147 32.055286 34.616768 24.260883 0.007538 -0.007110 24.931503 0.006517 -0.002242 16.604382 0.000000 -0.000000 0.000000 15.000853 -0.004980 32.890747 0.002791 -0.003052 26.910608 0.002707 -0.001024 18.837433 0.000000 -0.000000 0.000000 0.000024 -0.020098 29.676796 0.009868 -0.017527 29.676796 0.011453 -0.006926 19.764736 0.000000 -0.000000 0.000000 169.995453 -179.959946 -150.715317 0.015209 -0.037343 29.284685 0.020848 -0.016939 19.503584 0.000000 -0.000000 0.000000 159.996185 -179.982498 -160.682220 0.003093 -0.026721 28.976696 0.010335 -0.014638 19.298492 173.547729 -178.385635 175.985580 162.178909 -175.818436 106.213676 153.090851 176.657104 -178.785385 4.907342 -6.200909 6.182500 122.125862 117.734894 163.388245 179.994705 -179.996429 176.521408 179.996323 -179.997864 177.683258 0.000002 -0.000000 0.000003 165.005219 179.984818 149.371109 0.009976 0.008556 -25.059967 0.008856 0.002482 -17.541988 0.000002 -0.000000 0.000003 0.000647 0.002019 -32.307194 0.001619 0.001367 -32.307209 0.001399 0.000193 -21.516600 0.000002 -0.000000 0.000003 9.992056 -0.027190 -34.586151 179.977921 -179.982269 145.413834 179.981186 -179.998734 156.965622 0.000002 -0.000000 0.000003 20.008154 0.033137 -23.032307 0.030277 0.041275 -34.548439 0.032085 0.011525 -23.009281
100.811409 90.804558 1273.090210 177.678085 176.114502 178.326889 178.200958 -148.642410 -168.644272 131.557770 127.985916 128.211746 11.826636 -16.235876 0.934600 162.327805 -145.121170 -164.984879 18.732847 42.671612 -0.906404 169.441620 -177.268265 -176.559402 1.519711 3.300003 0.092524 1.519605 3.236458 0.094164 7.093559 2.296402 0.507925 179.999939 -179.914597 178.843643 179.999924 -179.900360 178.802338 179.141373 -179.915939 179.298691 178.306702 178.539230 -179.184601 11.057301 -7.810974 76.289925 15.747123 7.296254 4.898430 4.680902 7.731801 -15.119594 34.026047 36.382851 24.074789 179.999466 179.999680 -156.302902 179.999588 179.999954 -164.217728 0.000000 -0.000000 0.000000 14.999727 0.009078 32.525234 179.995804 179.993866 -153.388428 179.995453 179.997498 -161.371902 0.000000 -0.000000 0.000000 179.999847 -179.998871 -150.952530 0.000393 -0.001082 29.047457 0.000580 -0.000500 19.345604 0.000000 -0.000000 0.000000 169.995361 -179.983276 -151.646851 0.003736 -0.016941 28.353130 0.007498 -0.008790 18.883183 0.000000 -0.000000 0.000000 159.999176 -179.997833 -161.206528 179.999863 -179.996521 -151.809799 0.001005 -0.002085 18.774662 173.736267 -178.318954 176.163986 157.984436 -175.703934 106.346817 149.370087 177.679276 -177.042191 6.294100 -6.475456 6.567791 119.727585 116.359184 161.768448 179.963531 -179.979645 177.124542 179.974915 -179.987976 178.084930 0.000000 0.000002 0.000000 164.994736 -179.985687 149.963318 179.990372 -179.992050 155.424530 179.991562 -179.997772 162.797195 0.000000 0.000002 0.000000 179.991379 -179.974411 148.061569 179.979065 -179.982956 148.061569 179.982147 -179.997818 158.728989 0.000000 0.000002 0.000000 10.008940 0.030360 -35.706367 0.024854 0.019591 -35.706387 0.021057 0.001056 -23.780424 0.000000 0.000002 0.000000 20.005249 0.020913 -22.376497 0.019085 0.026111 -33.564678 0.020161 0.007579 -22.354092
100.881889 91.418106 1273.957153 178.014954 176.125519 178.220078 178.421921 -147.813705 -167.998062 140.815933 127.361954 138.188431 8.128616 -14.978841 -0.460719 164.831055 -146.452621 -167.315063 17.008886 40.589508 -0.456814 169.532715 -177.707016 -176.480057 1.511938 3.289409 0.121544 1.511843 3.225492 0.142950 7.052246 2.277373 0.567005 179.999954 -179.962509 178.877411 179.999954 -179.956253 178.837296 178.949951 -179.955246 179.318787 178.110153 178.668030 -179.219589 11.186937 -6.251808 76.181305 14.315522 5.187160 5.536321 4.260978 9.177527 -14.330174 34.428505 36.572430 24.830364 0.002046 -0.001078 23.877846 0.001541 -0.000103 15.902614 0.000000 -0.000000 0.000000 14.999961 0.005714 32.811493 179.997437 179.996078 -153.154221 179.997162 179.998383 -161.207962 0.000000 -0.000000 0.000000 0.000339 0.001850 28.950375 179.999405 179.998215 -151.049637 179.999069 179.999161 -160.719070 0.000000 -0.000000 0.000000 169.995636 -179.985764 -152.088058 0.002709 -0.014641 27.911940 0.006122 -0.007803 18.589363 0.000000 -0.000000 0.000000 159.999054 -179.997665 -161.252151 179.999741 -179.996231 -151.878189 0.001033 -0.002298 18.729124 173.886215 -178.286148 176.354752 154.852020 -175.702347 106.453346 146.841354 177.972534 -175.468048 4.589044 -5.910222 7.340818 120.588928 115.566360 160.838654 179.968018 -179.985382 176.289658 179.978012 -179.991943 177.528915 0.000000 -0.000003 0.000000 164.987076 -179.970200 150.007614 179.978531 -179.984329 155.460785 179.981766 -179.996338 162.822540 0.000000 -0.000003 0.000000 179.987640 -179.968002 147.849258 179.972336 -179.979706 147.849289 179.977203 -179.998520 158.587601 0.000000 -0.000003 0.000000 9.995636 -0.012962 -34.758644 179.989014 -179.991882 145.241379 179.990906 -179.999756 156.850739 0.000000 -0.000003 0.000000 19.999094 -0.003284 -21.800648 179.996902 -179.995941 147.299011 179.996811 -179.998840 158.221161
100.917282 92.022720 1274.921387 178.373230 176.190598 178.158447 179.092834 -148.054672 -168.276855 146.565338 128.954773 144.127121 6.912449 -14.888081 -0.316484 167.657379 -147.965378 -169.417877 14.838273 38.545063 -0.345043 169.478470 -178.154724 -176.415802 1.493690 3.284535 0.146458 1.493604 3.220233 0.185198 6.962737 2.264819 0.615940 0.000025 -0.009451 -1.068161 0.000029 -0.011048 -1.106328 178.787842 -179.978195 179.351517 178.008514 178.877380 -179.309937 11.037485 -4.795085 76.449547 12.799641 4.233664 5.688420 3.907342 10.022321 -13.310635 34.627186 36.530491 24.907639 0.004424 -0.002184 23.849945 0.003294 -0.000156 15.884078 0.000000 -0.000000 0.000000 14.999951 0.002408 33.044807 179.998886 179.998367 -152.963379 179.998795 179.999344 -161.074356 0.000000 -0.000000 0.000000 0.000512 0.003165 28.966661 179.998901 179.996979 -151.033356 179.998398 179.998596 -160.708191 0.000000 -0.000000 0.000000 169.996857 -179.988846 -152.542877 0.002291 -0.011371 27.457121 0.004817 -0.006035 18.286434 0.000000 -0.000000 0.000000 159.999115 -179.997711 -161.314972 179.999832 -179.996323 -151.972473 0.001045 -0.002222 18.666334 173.865387 -178.271881 176.473557 152.374069 -175.983047 106.419121 144.203110 177.621445 -173.679413 3.821531 -5.485500 8.087459 121.367668 115.157524 160.649307 179.961105 -179.985626 175.827209 179.973328 -179.992905 177.220917 0.000000 -0.000003 0.000000 164.979248 -179.951660 149.744965 179.965149 -179.974762 155.245911 179.970398 -179.994400 162.672134 0.000000 -0.000003 0.000000 179.982727 -179.954208 147.488266 179.960495 -179.971115 147.488312 179.967468 -179.998230 158.347198 0.000000 -0.000003 0.000000 9.994533 -0.016828 -34.926510 179.985840 -179.989395 145.073486 179.988220 -179.999649 156.738953 0.000000 -0.000003 0.000000 19.996712 -0.012454 -21.738672 179.988403 -179.984528 147.392029 179.987930 -179.995529 158.283066
100.901794 92.600563 1275.954590 178.822693 176.304245 178.127518 179.819763 -148.650131 -168.893738 154.858673 132.928665 152.634354 5.005323 -11.723963 -0.678485 170.370819 -149.594482 -171.103516 12.789474 36.704430 -0.382832 169.101013 -178.533630 -176.349121 1.461313 3.296009 0.173463 1.461239 3.231051 0.231239 6.806761 2.264405 0.668233 0.000073 -0.012841 -1.004267 0.000081 -0.015000 -1.040148 178.619034 -179.974380 179.390564 177.895035 179.059448 -179.407608 10.929982 -3.535536 76.939507 11.234321 4.254002 5.330085 3.557361 9.997481 -12.070679 34.605461 36.273266 24.320795 0.005743 -0.002776 23.624763 0.004242 -0.000179 15.734082 180.000000 -180.000000 -179.999985 15.000069 -0.000863 33.202652 0.000435 -0.000549 27.165817 0.000444 -0.000202 19.016039 180.000000 -180.000000 -179.999985 0.000302 0.003199 29.060860 179.998703 179.997055 -150.939102 179.998291 179.998703 -160.645462 180.000000 -180.000000 -179.999985 169.998245 -179.991821 -152.957520 0.002109 -0.008091 27.042454 0.003686 -0.004175 18.010279 180.000000 -180.000000 -179.999985 159.999527 -179.998520 -161.405319 0.000020 -0.002329 27.892031 0.000740 -0.001370 18.576077 173.936554 -178.334076 176.644012 150.925186 -175.922379 106.792435 141.634048 176.391083 -172.900589 0.717241 -4.008135 9.473297 127.126976 116.204552 161.378067 179.991592 -179.997437 173.090652 179.994247 -179.999008 175.398376 0.000000 -0.000000 0.000000 164.994171 -179.986618 148.648544 179.990204 -179.993179 154.348816 179.991760 -179.998688 162.044174 0.000000 -0.000000 0.000000 179.996201 -179.989349 146.404266 179.990906 -179.993286 146.404282 179.992477 -179.999664 157.625259 0.000000 -0.000000 0.000000 9.998690 -0.004448 -35.312668 179.996368 -179.997116 144.687332 179.996918 -179.999832 156.481766 0.000000 -0.000000 0.000000 19.999760 -0.001076 -22.073250 179.999069 -179.998642 146.890137 179.998993 -179.999588 157.948822
100.825523 93.142776 1277.066895 179.400253 176.465179 178.116959 0.629329 -30.491791 10.185151 157.034470 135.475082 155.428513 5.065334 -11.372195 -0.185782 173.121689 -151.279449 -172.350174 10.417600 35.038200 -0.831112 168.582596 -178.936218 -176.289108 1.422123 3.328796 0.204514 1.422048 3.262788 0.284047 6.618052 2.278826 0.729883 0.000041 -0.048392 -0.935714 0.000043 -0.056464 -0.969140 178.368484 -179.942337 179.433228 177.570343 179.114822 -179.400925 11.071970 -2.518822 77.443481 9.656404 4.864450 4.600702 3.182801 9.188506 -10.676285 34.461586 35.925449 23.411289 0.006402 -0.003120 23.306061 0.004740 -0.000258 15.521825 0.000001 -0.000002 -0.000000 15.000362 -0.002277 33.212845 0.001251 -0.001390 27.174107 0.001224 -0.000466 19.021872 0.000001 -0.000002 -0.000000 0.000047 0.002614 29.186569 179.998779 179.997696 -150.813446 179.998550 179.999069 -160.561737 0.000001 -0.000002 -0.000000 169.999283 -179.994843 -153.321823 0.001658 -0.004937 26.678167 0.002461 -0.002445 17.767670 0.000001 -0.000002 -0.000000 159.999893 -179.999603 -161.486557 0.000048 -0.000597 27.770184 0.000215 -0.000339 18.494936 173.875992 -178.449081 176.747116 150.534363 -175.619949 107.172928 139.088562 174.449249 -172.694427 0.406876 -4.007259 10.233811 128.317749 116.240654 161.032455 179.999619 -179.999893 172.302689 179.999725 -179.999969 174.873596 180.000000 179.999985 179.999985 164.997589 -179.994019 148.129318 179.995728 -179.996902 153.923996 179.996353 -179.999374 161.746780 180.000000 179.999985 179.999985 179.998093 -179.994095 146.026199 179.995102 -179.996185 146.026199 179.995880 -179.999725 157.373459 180.000000 179.999985 179.999985 9.999409 -0.002344 -35.474461 179.998154 -179.998444 144.525574 179.998413 -179.999863 156.374039 180.000000 179.999985 179.999985 19.999805 -0.001070 -22.096893 179.999130 -179.998611 146.854630 179.999008 -179.999557 157.925186
100.689491 93.632935 1278.230225 0.130680 3.310606 -1.872886 1.116252 -29.478731 9.134579 159.674576 140.171997 158.937546 5.456795 -8.213991 0.237810 175.565140 -153.140244 -173.211044 8.162519 33.413177 -1.436627 167.873642 -179.149094 -176.321960 1.351692 3.393571 0.245907 1.351610 3.325836 0.354970 6.281153 2.315247 0.810075 180.000000 -179.885391 179.117981 179.999985 -179.866287 179.086502 178.161163 -179.884613 179.468323 177.576080 179.301407 -179.651443 10.836973 -1.462454 78.365707 8.235144 6.123322 3.609744 2.739461 7.654162 -9.223589 34.314850 35.588024 22.267727 0.005620 -0.002947 22.869089 0.004218 -0.000371 15.230822 0.000000 -0.000000 0.000000 15.000400 -0.001778 33.108734 0.001066 -0.001040 27.088940 0.000996 -0.000307 18.962269 0.000000 -0.000000 0.000000 179.999863 179.997513 -150.705933 179.998672 179.997894 -150.705933 179.998550 179.999222 -160.490158 0.000000 -0.000000 0.000000 169.999817 -179.997025 -153.592270 0.001149 -0.002749 26.407743 0.001501 -0.001307 17.587561 0.000000 -0.000000 0.000000 160.000015 179.999786 -161.520020 179.999969 179.999680 -152.280029 179.999878 179.999832 -161.538498 173.823349 -178.576080 176.740906 151.259476 -175.077499 107.504715 136.451035 171.956284 -173.233002 1.228473 -4.403045 10.462587 129.965973 116.686157 163.091980 179.996323 -179.998444 172.439590 179.997452 -179.999313 174.964767 180.000000 179.999985 179.999985 164.999237 -179.997421 147.753510 179.998337 -179.998550 153.616516 179.998520 -179.999588 161.531555 180.000000 179.999985 179.999985 179.999268 -179.996613 145.678284 179.997482 -179.997635 145.678314 179.997726 -179.999634 157.141724 180.000000 179.999985 179.999985 9.999915 -0.000477 -35.637283 179.999664 -179.999649 144.362701 179.999695 -179.999954 156.265564 180.000000 179.999985 179.999985 20.000011 0.000059 -22.179832 0.000035 0.000085 -33.269749 0.000058 0.000027 -22.157656
100.548233 94.038078 1279.401245 1.017781 2.998178 -1.822491 2.363155 -27.996571 7.544289 162.068680 147.251312 163.018646 5.899479 -1.739076 0.375562 176.631927 -154.532990 -173.465729 7.070075 32.552692 -1.843763 167.034073 -179.209335 -176.449112 1.271607 3.494818 0.285283 1.271502 3.424738 0.422640 5.898757 2.380316 0.886734 179.999985 -179.800232 179.168991 179.999985 -179.766937 179.139343 177.863663 -179.810074 179.503159 177.574600 179.471451 -179.967560 10.607914 -0.687024 79.181435 6.738725 7.570747 2.743596 2.240088 5.679996 -7.770010 34.292671 35.461781 21.197470 0.004461 -0.002395 22.371819 0.003357 -0.000351 14.899637 180.000000 180.000000 179.999985 15.000012 -0.000044 32.966690 0.000028 -0.000024 26.972761 0.000030 -0.000008 18.880936 180.000000 180.000000 179.999985 179.999756 179.997742 -150.582031 179.998672 179.998154 -150.582031 179.998627 179.999359 -160.407639 180.000000 180.000000 179.999985 170.000000 -179.997894 -153.761978 0.000911 -0.001901 26.238026 0.001103 -0.000868 17.474524 180.000000 180.000000 179.999985 160.001740 179.985596 -161.993240 179.995514 179.978714 -152.989868 179.990738 179.988861 -162.011261 173.700134 -178.696869 176.732712 152.304733 -174.322113 107.854401 133.871368 169.680206 -174.218536 1.283944 -4.527705 10.850416 129.963333 116.465569 161.729568 0.001013 0.000440 -8.214782 0.000709 0.000195 -5.471046 0.000000 -0.000000 0.000003 165.001816 179.992661 147.256744 0.004461 0.004288 -26.789911 0.004140 0.001293 -18.752945 0.000000 -0.000000 0.000003 179.999481 -179.997070 145.532944 179.997910 -179.997879 145.532959 179.998047 -179.999619 157.044952 0.000000 -0.000000 0.000003 9.999869 -0.001176 -35.627266 179.999207 -179.999115 144.372726 179.999222 -179.999847 156.272247 0.000000 -0.000000 0.000003 19.999975 -0.000443 -22.157375 179.999725 -179.999405 146.763962 179.999619 -179.999771 157.864777
100.408195 94.349464 1280.592285 2.053416 2.579254 -1.714103 2.903446 -26.615597 6.122099 161.420700 151.782791 164.809296 8.166486 3.368119 0.370378 177.402039 -155.916061 -173.635513 6.309662 31.932077 -2.128696 165.946228 -179.039749 -176.650253 1.182087 3.632206 0.315606 1.181919 3.559193 0.475497 5.472868 2.475960 0.944134 0.000018 -0.289363 -0.780399 0.000011 -0.337618 -0.808221 177.492554 -179.731369 179.538925 177.552704 179.600891 179.680237 10.695750 0.087432 79.922012 5.383448 8.553274 1.996812 1.714012 3.678744 -6.370000 34.417713 35.559181 20.209520 0.003078 -0.001480 21.807213 0.002272 -0.000174 14.523600 0.000000 0.000002 0.000000 14.999756 0.000743 32.932735 179.999512 179.999588 -153.055038 179.999573 179.999893 -161.138519 0.000000 0.000002 0.000000 179.999802 179.998764 -150.409012 179.999222 179.999023 -150.408997 179.999222 179.999695 -160.292389 0.000000 0.000002 0.000000 170.000061 -179.998367 -153.904526 0.000757 -0.001437 26.095453 0.000877 -0.000635 17.379591 0.000000 0.000002 0.000000 159.999863 -179.998398 -160.518906 0.000603 -0.002345 29.221601 0.001103 -0.001165 19.461599 173.738693 -178.803482 176.797409 153.756821 -173.144714 108.213165 131.167221 167.536026 -176.044037 2.365188 -4.708162 10.780337 130.871567 116.777176 163.366974 179.999969 -179.999985 172.106659 180.000000 -179.999985 174.743042 180.000000 180.000000 -180.000000 165.000122 179.999298 148.080124 0.000392 0.000427 -26.116264 0.000379 0.000158 -18.281378 180.000000 180.000000 -180.000000 179.999878 -179.998795 145.238388 179.999222 -179.999069 145.238403 179.999222 -179.999802 156.848755 180.000000 180.000000 -180.000000 9.999974 -0.000446 -35.746765 179.999725 -179.999649 144.253281 179.999725 -179.999924 156.192673 180.000000 180.000000 -180.000000 19.999994 0.000146 -22.214207 0.000082 0.000210 -33.321289 0.000114 0.000087 -22.191990
100.275085 94.565758 1281.801270 3.188531 2.093274 -1.545421 3.250064 -25.129999 4.712238 160.377365 155.237595 166.556137 10.195288 6.768770 0.217828 177.821625 -157.279892 -173.775650 6.027072 31.527935 -2.195285 164.603333 -178.584702 -176.905518 1.088218 3.787911 0.330574 1.087959 3.711742 0.502951 5.028992 2.590418 0.967341 0.000092 -0.382560 -0.727088 0.000096 -0.446366 -0.752998 177.061234 -179.649536 179.577805 177.619507 179.783585 179.234116 10.838359 0.939881 80.722870 4.147629 9.030311 1.443177 1.267039 1.923483 -5.110096 34.588173 35.629261 19.445412 0.002037 -0.000883 21.344561 0.001484 -0.000053 14.215477 0.000000 -0.000000 0.000000 14.999775 0.000614 32.995628 179.999588 179.999680 -153.003586 179.999634 179.999939 -161.102493 0.000000 -0.000000 0.000000 179.999985 179.999847 -150.262772 179.999908 179.999893 -150.262772 179.999908 179.999969 -160.194992 0.000000 -0.000000 0.000000 170.000092 -179.998810 -154.049896 0.000602 -0.001039 25.950111 0.000657 -0.000447 17.282763 0.000000 -0.000000 0.000000 159.999954 -179.998856 -160.663925 0.000468 -0.001640 29.004114 0.000805 -0.000809 19.316746 173.624283 -178.856186 176.818619 154.659302 -172.454788 108.184914 129.308258 166.155838 -177.104156 2.086178 -4.529342 11.005550 130.326645 116.400574 162.586716 0.000760 0.000248 -7.961178 0.000522 0.000093 -5.302146 180.000000 180.000000 -180.000000 164.999207 -179.994278 148.403183 179.996979 -179.996368 154.148071 179.996979 -179.998672 161.903656 180.000000 180.000000 -180.000000 179.999908 -179.998276 145.167007 179.998932 -179.998657 145.167023 179.998917 -179.999664 156.801224 180.000000 180.000000 -180.000000 9.999998 -0.000957 -35.759964 179.999435 -179.999222 144.240036 179.999405 -179.999786 156.183853 180.000000 180.000000 -180.000000 20.000010 -0.000330 -22.182785 179.999847 -179.999542 146.725815 179.999741 -179.999802 157.839386
100.150551 94.683014 1283.001099 4.381801 1.620074 -1.326470 3.339478 -23.681643 3.482581 159.211441 158.861267 168.278549 12.606587 11.673216 0.010655 177.710129 -158.526688 -173.924805 6.452408 31.382452 -1.922686 163.057205 -177.799637 -177.186584 0.994280 3.929930 0.329259 0.993980 3.851053 0.503326 4.588463 2.700157 0.952237 0.000179 -0.482438 -0.675294 0.000193 -0.562898 -0.699334 176.585419 -179.561951 179.617783 177.879150 -179.941315 178.637512 10.823654 1.881294 81.709869 3.499588 9.193852 0.929668 0.506293 0.407056 -3.838966 35.031052 35.953827 18.872046 0.001461 -0.000419 20.812916 0.001005 0.000086 13.861401 0.000001 -0.000000 0.000000 14.999907 0.000217 33.084087 179.999847 179.999893 -152.931183 179.999863 179.999985 -161.051849 0.000001 -0.000000 0.000000 0.000042 -0.000169 29.771818 0.000122 -0.000126 29.771832 0.000115 -0.000035 19.828032 0.000001 -0.000000 0.000000 170.000076 -179.999405 -154.211685 0.000323 -0.000503 25.788324 0.000341 -0.000214 17.175018 0.000001 -0.000000 0.000000 160.000000 -179.999252 -160.807465 0.000357 -0.001070 28.788830 0.000551 -0.000512 19.173347 173.527710 -178.846756 176.880981 155.792526 -171.563690 108.029846 127.041847 164.834442 -178.578445 2.480133 -4.275577 11.084847 129.652512 115.740189 163.406006 179.999908 179.999878 172.873016 179.999954 179.999908 175.253418 0.000000 0.000000 -0.000003 165.000381 179.997467 147.470444 0.001371 0.001591 -26.615101 0.001353 0.000578 -18.630556 0.000000 0.000000 -0.000003 179.999832 -179.996857 145.030975 179.998032 -179.997528 145.030991 179.998001 -179.999405 156.710632 0.000000 0.000000 -0.000003 10.000010 -0.001946 -35.828026 179.998871 -179.998413 144.171982 179.998779 -179.999588 156.138550 0.000000 0.000000 -0.000003 20.000090 -0.001273 -22.183640 179.999405 -179.998184 146.724548 179.999008 -179.999207 157.838562
100.022057 94.705849 1284.166992 5.584342 1.235307 -1.075078 3.437239 -22.702240 2.672835 157.961975 160.092346 169.061295 13.797801 13.401287 -0.262801 177.532715 -159.569748 -174.138138 6.925248 31.441605 -1.543936 161.519653 -176.716888 -177.456757 0.906405 4.034281 0.312310 0.906157 3.953657 0.477541 4.180392 2.786663 0.900263 0.000259 -0.595243 -0.626493 0.000283 -0.694507 -0.648750 176.077042 -179.463440 179.658691 178.076340 -179.750809 178.145691 10.975988 2.739500 82.621971 2.591019 8.527365 0.811767 0.258395 -0.406792 -3.085701 35.586391 36.314251 18.278046 0.000971 -0.000196 20.216816 0.000649 0.000095 13.464410 0.000000 -0.000000 0.000000 14.999951 0.000100 33.126511 179.999924 179.999954 -152.896500 179.999939 179.999985 -161.027573 0.000000 -0.000000 0.000000 0.000021 -0.000056 29.735573 0.000051 -0.000043 29.735554 0.000037 -0.000006 19.803877 0.000000 -0.000000 0.000000 170.000046 -179.999802 -154.336288 0.000124 -0.000165 25.663687 0.000122 -0.000063 17.092030 0.000000 -0.000000 0.000000 160.000015 -179.999542 -160.948959 0.000271 -0.000640 28.576551 0.000365 -0.000283 19.032011 173.471085 -178.714767 176.976089 156.656891 -170.863419 107.837883 124.934937 163.904907 179.972748 2.076976 -3.695287 11.550707 131.995560 117.017563 160.113419 0.012963 0.001860 -10.121531 0.008703 -0.000172 -6.740936 0.000000 -0.000000 0.000000 164.999756 -179.998398 147.928741 179.999130 -179.999008 153.759903 179.999146 -179.999634 161.631912 0.000000 -0.000000 0.000000 179.999924 -179.998291 144.648422 179.998932 -179.998672 144.648392 179.998917 -179.999664 156.455841 0.000000 -0.000000 0.000000 10.000038 -0.001245 -36.054821 179.999313 -179.998978 143.945190 179.999222 -179.999725 155.987473 0.000000 -0.000000 0.000000 20.000046 -0.000324 -22.357048 179.999863 -179.999542 146.464447 179.999741 -179.999786 157.665314
99.882515 94.645531 1285.287354 6.738558 1.020252 -0.828690 3.726663 -22.300528 2.174850 157.407181 160.066437 169.541794 13.500108 13.683132 -0.407913 177.388290 -160.336288 -174.402344 7.203159 31.655909 -1.180406 160.200851 -175.428284 -177.663376 0.832278 4.073505 0.284745 0.832149 3.992539 0.433936 3.839590 2.827836 0.823606 0.000369 -0.728399 -0.582067 0.000396 -0.849840 -0.602676 175.554047 -179.347809 179.700348 178.034332 -179.617737 177.811218 11.243731 3.497375 83.488586 2.011188 7.721776 0.671273 179.970413 -178.988419 177.558380 36.073021 36.645927 17.667551 0.000540 -0.000102 19.642605 0.000361 0.000060 13.081974 180.000000 180.000000 -180.000000 14.999971 0.000038 33.159210 179.999985 179.999985 -152.869736 179.999985 -179.999985 -161.008835 180.000000 180.000000 -180.000000 180.000000 179.999985 -150.286545 179.999985 179.999985 -150.286545 180.000000 180.000000 -160.210846 180.000000 180.000000 -180.000000 170.000031 -179.999908 -154.399368 0.000069 -0.000068 25.600636 0.000066 -0.000020 17.050045 180.000000 180.000000 -180.000000 160.000046 -179.999786 -161.093887 0.000169 -0.000293 28.359146 0.000195 -0.000119 18.887196 173.468338 -178.456528 177.116074 157.322800 -170.363983 107.622437 123.039192 163.279816 178.576324 2.123700 -3.209418 11.925058 130.042114 115.324860 162.695877 179.999573 -179.999985 172.368179 179.999725 179.999969 174.917206 0.000000 -0.000000 0.000000 164.999481 -179.997025 147.682175 179.998337 -179.998184 153.558151 179.998398 -179.999390 161.490692 0.000000 -0.000000 0.000000 179.999878 -179.997528 144.355301 179.998444 -179.998093 144.355301 179.998413 -179.999557 156.260635 0.000000 -0.000000 0.000000 10.000005 -0.000165 -36.343544 179.999924 -179.999863 143.656448 179.999908 -179.999969 155.795197 0.000000 -0.000000 0.000000 20.000084 -0.000632 -22.405556 179.999741 -179.999069 146.391678 179.999527 -179.999588 157.616852
99.822845 94.597336 1286.258179 7.779818 1.024271 -0.621204 4.256301 -22.309204 1.549469 157.551208 159.251846 170.128235 11.901193 12.692155 -0.383292 177.171097 -160.792603 -174.680771 7.251200 31.952988 -0.882677 159.319824 -174.098862 -177.782013 0.780443 4.032256 0.249999 0.780425 3.952541 0.378178 3.604643 2.810828 0.732545 0.000562 -0.885727 -0.536362 0.000603 -1.033398 -0.555283 175.033218 -179.212326 179.746368 178.258865 -179.470917 177.489807 11.042923 4.181010 84.507141 1.573896 6.814591 0.558713 179.796005 -178.636627 177.950272 36.468918 37.074429 17.138815 0.000110 -0.000015 19.118187 0.000077 0.000010 12.732720 0.000002 -0.000003 0.000003 14.999997 -0.000003 33.181221 0.000001 0.000002 27.148262 180.000000 180.000000 -160.996216 0.000002 -0.000003 0.000003 179.999985 179.999985 -150.284683 179.999985 179.999985 -150.284683 179.999985 -179.999985 -160.209595 0.000002 -0.000003 0.000003 170.000031 -179.999985 -154.453339 0.000028 -0.000017 25.546661 0.000020 -0.000003 17.014072 0.000002 -0.000003 0.000003 160.000031 -179.999924 -161.222870 0.000080 -0.000087 28.165674 0.000076 -0.000023 18.758348 173.395615 -178.112549 177.307266 157.806580 -170.068954 107.434944 121.340881 163.088913 177.430405 1.577292 -2.396436 12.579709 129.937332 114.994240 162.096802 0.000117 -0.000015 -7.840177 0.000073 -0.000020 -5.221556 0.000003 -0.000003 -0.000003 164.999619 -179.998398 146.965088 179.999039 -179.999084 152.971451 179.999100 -179.999741 161.080017 0.000003 -0.000003 -0.000003 179.999939 -179.998901 143.746506 179.999313 -179.999146 143.746506 179.999298 -179.999832 155.855179 0.000003 -0.000003 -0.000003 10.000040 -0.000622 -36.346996 179.999664 -179.999481 143.653015 179.999619 -179.999847 155.792908 0.000003 -0.000003 -0.000003 20.000002 -0.000082 -22.574314 179.999985 -179.999893 146.138519 179.999954 -179.999954 157.448257
99.802284 94.418091 1287.120483 8.839772 1.345232 -0.377170 5.808352 -23.150623 0.460694 157.567749 157.575256 170.493088 9.169574 11.157107 0.012874 176.844696 -160.771103 -175.064972 7.329911 32.415394 -0.544545 158.511017 -172.685028 -177.790009 0.736946 3.851246 0.199909 0.736992 3.775667 0.297968 3.410692 2.696289 0.603873 0.000046 -1.048942 -0.496396 0.000037 -1.223744 -0.514109 174.466995 -179.071915 179.788254 178.525223 -179.346848 177.130936 10.585957 4.897575 85.706947 0.914397 5.771329 0.609006 179.980270 -178.568085 178.041138 36.325417 36.472454 16.475996 0.002304 -0.001109 18.990374 0.001706 -0.000201 12.647595 0.000002 -0.000000 0.000003 14.998014 0.000654 33.031509 179.998352 -179.999557 -152.974243 179.999115 -179.999191 -161.081985 0.000002 -0.000000 0.000003 179.999802 179.999924 -150.267319 179.999771 -179.999969 -150.267365 179.999878 -179.999908 -160.198059 0.000002 -0.000000 0.000003 170.000061 -179.999985 -154.495743 0.000072 0.000008 25.504253 0.000042 0.000025 16.985844 0.000002 -0.000000 0.000003 160.000427 -179.999802 -161.326355 0.000683 -0.000086 28.010534 0.000431 0.000161 18.654993 173.304428 -177.608582 177.554581 158.511108 -169.725708 107.174156 119.150558 162.964691 175.857452 1.811030 -1.495504 13.056476 128.843643 114.326202 161.454681 179.996704 179.995911 172.470001 179.998169 179.997009 174.985016 0.000000 0.000000 -0.000003 164.994293 -179.984177 146.133331 179.988770 -179.992035 152.290939 179.990448 -179.998825 160.603638 0.000000 0.000000 -0.000003 0.000088 -0.010803 -36.762978 179.993500 -179.991379 143.237015 179.993073 -179.998047 155.515839 0.000000 0.000000 -0.000003 10.001242 -0.004889 -36.722046 179.998047 -179.995331 143.278000 179.997101 -179.998322 155.543152 0.000000 0.000000 -0.000003 19.993458 0.013031 -23.488571 179.998428 179.978195 144.767136 0.007302 0.012598 -23.465076
99.813423 94.458595 1287.895630 9.429605 1.712847 -0.314010 5.300173 -23.478451 0.329570 160.254654 156.869843 171.524704 6.665466 10.941252 0.309032 176.963104 -160.814880 -175.390747 6.200765 32.626015 -0.700107 158.937729 -171.647583 -177.676331 0.753263 3.655116 0.153233 0.753363 3.583724 0.221216 3.493205 2.566601 0.496067 0.000444 -1.187038 -0.418054 0.000500 -1.384874 -0.433063 173.995697 -178.956757 179.855118 178.541580 -179.479034 177.370804 10.387540 5.201275 86.488068 0.860453 4.988626 0.209786 179.841599 -178.140808 178.245163 36.483730 36.927689 15.984205 0.001421 -0.001286 18.569868 0.001178 -0.000514 12.367536 180.000000 -180.000000 180.000000 15.003371 -0.000504 33.576229 0.002512 0.001165 27.471430 0.001190 0.001533 19.230009 180.000000 -180.000000 180.000000 179.999680 179.999954 -150.258942 179.999710 -179.999878 -150.258942 179.999863 -179.999847 -160.192459 180.000000 -180.000000 180.000000 170.000275 -179.999954 -154.483261 0.000267 0.000080 25.516710 0.000143 0.000127 16.994144 180.000000 -180.000000 180.000000 160.000809 -179.999847 -161.334534 0.001222 0.000160 27.998207 0.000667 0.000479 18.646812 173.232574 -177.317017 177.960785 158.663910 -169.651031 106.965248 118.362305 163.297394 175.373596 1.254207 -0.627720 13.762985 128.906738 114.050659 161.470779 179.997482 179.988800 172.477356 179.999374 179.992386 174.989914 0.000000 -0.000000 0.000000 164.997177 -179.995026 144.922409 179.995758 -179.998032 151.300171 179.996735 179.999741 159.910126 0.000000 -0.000000 0.000000 0.001410 -0.004527 -37.410896 179.998306 -179.995560 142.589127 179.997284 -179.998367 155.084351 0.000000 -0.000000 0.000000 10.001491 -0.001674 -37.072739 0.000148 -0.002223 -37.072678 179.999191 -179.998749 155.309586 0.000000 -0.000000 0.000000 20.001907 -0.001338 -21.648819 0.001890 -0.002935 -32.473221 180.000000 -179.997665 158.372833
99.883636 94.652664 1288.671875 9.784040 1.824386 -0.389362 3.160257 -23.002766 0.431499 163.530029 156.780380 172.908890 5.264720 10.721074 0.369371 176.936447 -161.372238 -175.448853 4.841286 32.537460 -1.054696 159.925507 -170.817291 -177.625626 0.803732 3.660283 0.125934 0.803835 3.589045 0.174068 3.736177 2.573974 0.452412 0.000764 -1.442990 -0.300845 0.000847 -1.683562 -0.311491 173.599442 -178.745224 179.958298 179.003525 -179.348862 177.617493 9.654779 5.381229 87.267151 0.649257 3.874777 0.106416 179.963882 -178.103241 177.993607 36.377476 37.317177 15.480207 0.000566 -0.001234 18.262794 0.000608 -0.000659 12.163027 0.000000 -0.000000 0.000000 15.003300 -0.000065 33.331589 0.002284 0.001417 27.271255 0.000969 0.001611 19.089891 0.000000 -0.000000 0.000000 0.000141 0.000005 29.804623 0.000124 0.000066 29.804592 0.000048 0.000078 19.849857 0.000000 -0.000000 0.000000 170.001053 -179.999969 -154.439209 0.000974 0.000432 25.560780 0.000464 0.000537 17.023478 0.000000 -0.000000 0.000000 160.001602 -179.999954 -161.343155 0.002299 0.000694 27.985275 0.001135 0.001118 18.638182 173.119125 -176.960709 178.386063 158.357620 -169.410904 106.729050 118.235229 163.733353 175.598679 1.011549 -0.044592 14.636463 132.211472 113.934708 163.258453 179.999710 179.999069 171.713791 179.999908 179.999344 174.481369 0.000000 -0.000000 0.000000 164.998566 -179.998917 144.059052 179.998550 -179.999969 150.593781 179.999100 179.999496 159.415665 0.000000 -0.000000 0.000000 0.001724 -0.001164 -38.088715 0.000596 -0.001994 -38.088715 179.999481 -179.998703 154.632935 0.000000 -0.000000 0.000000 10.003336 -0.001041 -36.954834 0.001984 -0.002855 -36.954823 179.999893 -179.997681 155.388062 0.000000 -0.000000 0.000000 20.005184 -0.001099 -21.403269 0.006582 -0.004485 -32.104923 0.002055 -0.004884 -21.381845
99.852440 94.891441 1289.640259 10.021959 1.679196 -0.558450 179.484650 -158.340042 -178.690613 167.270370 157.410416 174.131241 4.932373 10.490770 0.161942 176.699921 -162.380859 -175.251923 3.885578 32.269550 -1.371285 160.857559 -170.139694 -177.574966 0.855530 3.804849 0.124812 0.855667 3.730788 0.169193 3.982562 2.673492 0.472978 0.000501 -1.709771 -0.177757 0.000557 -1.994818 -0.183933 173.301193 -178.525787 -179.934158 179.039185 -179.379913 178.216370 9.501484 5.115960 87.451317 0.424733 2.775293 0.040450 0.053940 -2.055489 -2.256818 36.052223 37.870457 15.052313 0.000125 -0.000976 18.041573 0.000290 -0.000589 12.015701 180.000000 180.000000 -180.000000 15.002460 0.000162 33.001762 0.001622 0.001196 27.001444 0.000632 0.001260 18.901011 180.000000 180.000000 -180.000000 0.001772 0.000109 29.939154 0.001480 0.000974 29.939148 0.000539 0.001056 19.939489 180.000000 180.000000 -180.000000 170.001175 179.999924 -154.526245 0.001020 0.000562 25.473774 0.000446 0.000631 16.965509 180.000000 180.000000 -180.000000 160.000015 179.999985 -161.656204 0.000024 0.000012 27.515684 0.000013 0.000019 18.325462 173.100113 -176.746643 178.731552 157.718811 -169.069550 106.558716 118.940147 163.974869 176.292191 179.817673 179.473053 -164.896896 126.201157 114.584282 158.450470 0.014647 0.051651 -7.726384 0.014841 0.032535 -5.145773 0.000000 -0.000000 0.000000 164.999680 -179.994354 142.154663 179.996979 -179.996490 149.035645 179.996933 -179.998962 158.324951 0.000000 -0.000000 0.000000 179.998230 -179.995605 140.055054 179.995834 -179.997742 140.055054 179.996902 179.999374 153.396652 0.000000 -0.000000 0.000000 9.997755 -0.003634 -38.556202 179.995987 -179.998535 141.443817 179.997299 179.999084 154.321579 0.000000 -0.000000 0.000000 19.997150 -0.003499 -23.038630 179.994034 -179.996826 145.442078 179.995529 179.999512 156.984406
99.748146 95.231216 1290.695801 10.344004 1.607607 -1.034255 175.799896 -160.118683 -177.261322 170.628586 158.694702 175.008377 4.728487 10.433443 -0.120877 176.059174 -163.412537 -174.617569 2.977697 31.909786 -1.643989 162.043930 -169.569946 -177.698334 0.872028 3.959840 0.208239 0.871770 3.882262 0.306369 4.046116 2.763444 0.664836 179.999985 -178.019974 179.929260 179.999985 -177.689941 179.926819 173.192902 -178.301849 -179.840454 179.090317 -179.262405 178.633011 9.506698 4.965829 87.614441 0.320784 1.758064 0.034265 0.236682 -2.308364 -2.680761 35.567604 38.569950 14.848339 179.999939 -179.998642 -162.036484 0.000229 -0.000882 11.963700 0.000000 -0.000000 0.000000 15.001944 0.000219 32.753460 0.001242 0.001000 26.798275 0.000457 0.001018 18.758791 0.000000 -0.000000 0.000000 179.999771 -179.999985 -150.430359 179.999817 -179.999847 -150.430359 179.999939 -179.999847 -160.306610 0.000000 -0.000000 0.000000 170.000870 179.999908 -154.652206 0.000741 0.000448 25.347771 0.000324 0.000484 16.881636 0.000000 -0.000000 0.000000 160.002869 179.999695 -161.313248 0.003925 0.001766 28.030132 0.001779 0.002255 18.668102 173.253876 -176.668350 178.935486 156.913559 -168.646393 106.470863 120.023308 164.141083 177.301758 179.387207 179.595078 -164.155060 133.406784 114.744415 162.434418 0.010148 0.018633 -9.388433 0.008816 0.011049 -6.252698 0.000000 -0.000000 0.000000 164.999634 -179.997055 142.940002 179.998306 -179.998260 149.678207 179.998367 -179.999527 158.774734 0.000000 -0.000000 0.000000 0.002176 0.007335 -38.902630 0.006326 0.004302 -38.902615 0.005073 -0.000452 -25.909157 0.000000 -0.000000 0.000000 10.001274 0.003195 -37.822895 0.002964 0.001738 -37.822929 0.002269 -0.000312 -25.190071 0.000000 -0.000000 0.000000 20.002300 0.004732 -22.258326 0.005934 0.005227 -33.387535 0.005218 0.000698 -22.236099
99.627319 95.680878 1291.854736 10.632872 1.427480 -1.550607 171.678970 -162.491623 -175.639389 173.638214 160.404755 175.487595 5.303842 10.320946 -0.503587 175.172989 -164.602966 -173.913254 2.298431 31.510170 -1.783067 163.391617 -169.092651 -177.976807 0.891321 4.181034 0.313323 0.890813 4.098276 0.478174 4.112981 2.894234 0.906822 179.999710 -177.753174 -179.986588 179.999664 -177.378708 -179.986038 173.084076 -178.080109 -179.758865 178.997543 -179.171555 179.190689 9.509712 4.477350 87.252090 0.138526 1.240056 0.045707 0.181698 -2.474274 -2.575095 34.711033 39.283718 13.926937 179.999985 -179.999939 -162.323318 0.000023 -0.000047 11.772660 0.000000 0.000000 -0.000003 15.000057 0.000017 32.213451 0.000032 0.000034 26.356478 0.000005 0.000030 18.449501 0.000000 0.000000 -0.000003 179.999466 -179.999893 -150.417831 179.999588 -179.999634 -150.417862 179.999878 -179.999649 -160.298294 0.000000 0.000000 -0.000003 169.998611 -179.999756 -154.994247 179.998856 -179.999176 -154.994293 179.999527 -179.999191 -163.346191 0.000000 0.000000 -0.000003 160.000488 179.999908 -162.056503 0.000646 0.000337 26.915197 0.000288 0.000404 17.925535 173.376266 -176.643311 179.040955 156.094452 -168.285553 106.443398 121.478004 164.358551 178.592270 179.138535 179.988876 -163.604828 131.729095 114.555779 162.499817 0.106165 0.117033 -8.503426 0.084034 0.063421 -5.663317 0.000000 -0.000000 0.000000 164.999619 -179.997299 143.147812 179.998413 -179.998428 149.848206 179.998505 -179.999588 158.893753 0.000000 -0.000000 0.000000 0.002346 0.009437 -39.332245 0.007832 0.005758 -39.332241 0.006466 -0.000371 -26.195276 0.000000 -0.000000 0.000000 10.001265 0.004168 -38.008202 0.003572 0.002498 -38.008194 0.002889 -0.000149 -25.313461 0.000000 -0.000000 0.000000 20.002075 0.005957 -22.540421 0.006356 0.007025 -33.810608 0.006124 0.001508 -22.517862
99.529633 96.058067 1293.059204 10.878718 1.240197 -2.056633 168.990051 -164.989029 -174.611679 175.792191 162.255722 175.953140 5.580429 10.261180 -0.765969 174.000702 -165.765350 -173.285751 2.010717 31.173834 -1.725416 164.830490 -168.709732 -178.347412 0.924180 4.418736 0.427405 0.923760 4.330068 0.663566 4.236956 3.031105 1.172895 179.999847 -177.481735 -179.916107 179.999817 -177.061996 -179.913071 172.924927 -177.854553 -179.681686 178.767960 -179.008163 179.619171 9.643453 3.898926 86.737663 179.933472 179.055588 -179.898468 0.168183 -3.206508 -2.995436 34.232971 39.889408 13.931966 179.999863 -179.999374 -162.267487 0.000039 -0.000419 11.809853 0.000000 0.000002 0.000007 14.999389 -0.000241 32.115875 179.999680 -179.999573 -153.723373 179.999939 -179.999619 -161.606354 0.000000 0.000002 0.000007 179.997574 -179.999329 -150.529846 179.998215 -179.998215 -150.529861 179.999557 -179.998383 -160.372894 0.000000 0.000002 0.000007 169.999985 -179.999985 -154.727966 179.999985 -179.999985 -154.727966 179.999985 -179.999985 -163.168823 0.000000 0.000002 0.000007 160.000122 179.999985 -162.135666 0.000150 0.000084 26.796520 0.000061 0.000101 17.846483 173.385834 -176.578064 179.099915 155.246689 -167.954865 106.294930 123.468315 164.667572 -179.798080 179.072540 -179.427216 -163.287766 139.868866 117.243408 161.255844 0.020049 0.019024 -13.478935 0.016054 0.009017 -8.976972 0.000000 -0.000000 0.000000 164.999817 -179.999008 143.329941 179.999420 -179.999435 149.997223 179.999466 -179.999847 158.998062 0.000000 -0.000000 0.000000 0.002006 0.009124 -39.817108 0.007416 0.005683 -39.817097 0.006218 -0.000282 -26.518204 0.000000 -0.000000 0.000000 10.003588 0.014236 -37.948082 0.011650 0.008928 -37.948093 0.009779 -0.000160 -25.273418 0.000000 -0.000000 0.000000 20.002903 0.010603 -22.716413 0.010252 0.012911 -34.074596 0.010488 0.003230 -22.693695
99.466499 96.419922 1294.268555 11.096635 1.158504 -2.468471 166.795578 -167.567291 -173.772675 177.569321 164.267273 176.185776 5.875293 10.107106 -0.918754 172.937698 -166.605927 -172.947495 1.925670 30.986662 -1.468087 166.156586 -168.503220 -178.695648 0.946438 4.533596 0.527840 0.946132 4.441364 0.828327 4.315671 3.083202 1.401517 179.999924 -177.340179 -179.874680 179.999878 -176.896851 -179.870148 172.763306 -177.738235 -179.634872 178.546204 -179.006287 179.889191 9.776958 3.280159 86.273491 179.745117 179.021210 179.998032 0.092765 -4.148497 -3.433930 34.078461 40.442783 13.930059 179.999786 -179.999100 -162.328278 0.000054 -0.000605 11.769361 0.000000 0.000002 0.000003 14.998788 -0.000635 32.152798 179.999451 -179.999023 -153.693176 179.999954 -179.999207 -161.585236 0.000000 0.000002 0.000003 179.996811 -179.998901 -150.248093 179.997787 -179.997452 -150.248108 179.999588 -179.997787 -160.185226 0.000000 0.000002 0.000003 169.996735 -179.999069 -154.967987 179.997467 -179.997772 -154.968018 179.999100 -179.997925 -163.328690 0.000000 0.000002 0.000003 159.999649 -179.999908 -162.178818 179.999542 -179.999710 -153.268204 179.999832 -179.999695 -162.196625 173.353561 -176.681305 179.152008 154.725922 -167.813675 106.036827 125.653244 165.062943 -178.329239 179.431793 -178.572647 -163.215683 141.248962 118.555161 161.112244 0.021668 0.020974 -14.391164 0.017609 0.009681 -9.584517 0.000000 -0.000000 0.000000 165.000473 179.997147 143.476395 0.001687 0.001652 -29.882965 0.001612 0.000395 -20.918070 0.000000 -0.000000 0.000000 0.002399 0.010853 -40.127399 0.008874 0.006688 -40.127380 0.007385 -0.000440 -26.724836 0.000000 -0.000000 0.000000 9.998777 -0.004982 -39.045681 179.995941 -179.996887 140.954346 179.996597 179.999908 153.995590 0.000000 -0.000000 0.000000 20.001205 0.004418 -23.306185 0.004304 0.005355 -34.959282 0.004399 0.001262 -23.282879
99.461349 96.738586 1295.465698 11.216297 1.151842 -2.790221 165.114807 -169.964890 -173.164154 179.017197 166.209732 176.300278 6.152581 9.973163 -1.000833 171.953918 -167.204712 -172.863770 1.543124 31.109442 -1.230895 167.819855 -168.162064 -179.034256 0.953731 4.587522 0.613583 0.953533 4.493164 0.970169 4.328069 3.098142 1.590835 179.999954 -177.250046 -179.846680 179.999924 -176.791718 -179.841187 172.759079 -177.663239 -179.608215 178.451263 -178.938812 179.932007 9.865061 2.794867 86.056511 179.400116 178.797913 179.867111 0.262867 -5.186323 -4.164159 34.239624 40.934010 13.790281 0.000087 -0.000559 17.430771 0.000164 -0.000326 11.608892 0.000002 -0.000000 0.000007 14.997971 -0.001198 32.353680 179.999130 -179.998291 -153.528793 179.999985 -179.998657 -161.470169 0.000002 -0.000000 0.000007 179.995590 -179.998291 -149.830200 179.997086 -179.996292 -149.830185 179.999588 -179.996887 -159.906891 0.000002 -0.000000 0.000007 169.995209 -179.998459 -154.633179 179.996353 -179.996521 -154.633148 179.998810 -179.996857 -163.105682 0.000002 -0.000000 0.000007 159.998993 -179.999725 -162.176086 179.998703 -179.999130 -153.264145 179.999496 -179.999084 -162.193909 173.346695 -176.776611 179.190292 154.510300 -167.806442 105.597366 128.110367 165.559555 -176.975616 178.529388 -178.306305 -162.731567 141.539246 119.331398 157.178329 0.002422 0.001754 -16.594044 0.001872 0.000652 -11.051643 180.000000 179.999985 -180.000000 165.001022 179.994705 143.353882 0.003240 0.002978 -29.983192 0.003015 0.000666 -20.988228 180.000000 179.999985 -180.000000 0.002871 0.014596 -40.688641 0.011756 0.009123 -40.688652 0.009894 -0.000535 -27.098642 180.000000 179.999985 -180.000000 10.001037 0.005441 -38.580620 0.004206 0.003592 -38.580650 0.003684 0.000105 -25.694695 180.000000 179.999985 -180.000000 20.001160 0.006364 -23.527534 0.005442 0.008038 -35.291317 0.006055 0.002257 -23.504004
99.525681 97.010353 1296.639404 11.133547 0.932524 -2.847370 163.801605 -172.218445 -173.070496 0.160923 12.175587 -3.493679 6.619994 9.800914 -1.168592 171.325897 -167.918564 -173.153320 1.427589 31.273441 -0.930633 169.304611 -168.157547 -179.344467 0.974565 4.689178 0.640005 0.974367 4.592456 1.011788 4.416634 3.159879 1.658560 179.999985 -177.209213 -179.822113 179.999985 -176.744095 -179.815750 172.793167 -177.629410 -179.590500 178.392960 -178.956818 179.993195 9.935076 2.126499 85.845306 179.193726 178.603088 179.601547 0.187754 -6.224244 -4.977116 34.404694 41.141953 13.546681 179.999954 179.999832 -162.802368 179.999939 179.999908 -168.546371 0.000002 0.000002 0.000003 14.996902 -0.001889 32.779411 179.998734 -179.997314 -153.180466 0.000057 -0.002076 18.773653 0.000002 0.000002 0.000003 179.993988 -179.997513 -149.200974 179.996140 -179.994751 -149.201004 179.999619 -179.995682 -159.487854 0.000002 0.000002 0.000003 169.993240 -179.997650 -154.077530 179.995010 -179.994888 -154.077545 179.998535 -179.995468 -162.735626 0.000002 0.000002 0.000003 159.997833 -179.999344 -162.110718 179.997238 -179.998062 -153.166092 179.998947 -179.998016 -162.128616 173.274155 -176.862564 179.217041 154.600098 -167.910339 104.995293 130.823303 166.193329 -175.798477 179.659637 -177.034744 -162.862640 144.025543 121.502853 160.003479 0.002668 0.002262 -16.665318 0.002140 0.000928 -11.099104 0.000000 0.000003 0.000003 165.000229 179.998810 143.111298 0.000726 0.000652 -30.181667 0.000672 0.000146 -21.127155 0.000000 0.000003 0.000003 0.001464 0.007631 -41.286606 0.006147 0.004753 -41.286568 0.005161 -0.000337 -27.496872 0.000000 0.000003 0.000003 10.000234 0.001325 -38.827667 0.001017 0.000880 -38.827644 0.000896 0.000034 -25.859192 0.000000 0.000003 0.000003 20.000530 0.003166 -23.790585 0.002627 0.004032 -35.685863 0.002993 0.001153 -23.766779
99.647018 97.255623 1297.766113 10.960529 0.688630 -2.838917 162.833511 -174.081619 -173.319244 1.150561 10.909150 -3.124285 6.986603 9.693741 -1.297722 170.994537 -168.584442 -173.481384 1.435749 31.477497 -0.669042 170.555984 -168.248840 -179.639282 0.980931 4.774664 0.653367 0.980728 4.676126 1.032693 4.441164 3.216000 1.694004 0.000041 -2.785995 0.198491 0.000038 -3.250325 0.205595 172.988403 -177.633270 -179.586304 178.464874 -178.916016 179.790817 9.983761 1.699931 86.056198 179.216812 178.624512 179.333893 0.288781 -7.403615 -6.432583 34.724720 41.303947 14.017437 0.000042 -0.000065 17.269508 0.000033 -0.000034 11.501500 0.000000 0.000000 -0.000003 14.998116 -0.001298 33.539707 179.999313 -179.998260 -152.558426 0.000136 -0.001303 19.209108 0.000000 0.000000 -0.000003 179.996017 -179.998047 -148.249802 179.997665 -179.996201 -148.249771 0.000017 -0.002962 21.145628 0.000000 0.000000 -0.000003 169.995621 -179.998154 -153.177521 179.996964 -179.996353 -153.177521 179.999329 -179.996902 -162.136230 0.000000 0.000000 -0.000003 159.999313 -179.999725 -161.816650 179.999161 -179.999313 -152.724945 179.999710 -179.999329 -161.834824 173.268356 -176.965439 179.208694 154.970047 -168.060516 104.274643 133.710052 166.953873 -174.928864 0.996161 -4.259767 16.922237 144.088989 122.434532 159.881912 0.001190 0.000938 -16.887421 0.000917 0.000372 -11.247029 0.000003 0.000003 0.000000 165.000092 179.999619 143.056992 0.000240 0.000213 -30.226097 0.000221 0.000045 -21.158272 0.000003 0.000003 0.000000 0.000872 0.004657 -41.604481 0.003746 0.002892 -41.604515 0.003144 -0.000213 -27.708597 0.000003 0.000003 0.000000 9.999908 -0.000473 -38.902973 179.999649 -179.999680 141.096985 179.999695 -179.999985 154.090607 0.000003 0.000003 0.000000 20.000208 0.001377 -23.931131 0.001125 0.001775 -35.896671 0.001297 0.000521 -23.907196
99.804222 97.483009 1298.809814 10.706907 0.496116 -2.761862 162.284225 -175.374100 -173.850189 1.502287 10.094667 -2.588000 7.591539 9.623261 -1.498299 170.456528 -169.287048 -173.698151 2.018132 31.608204 -0.482670 171.483429 -168.425262 -179.868698 0.974122 4.825430 0.650588 0.973899 4.726031 1.027920 4.408973 3.254010 1.689368 0.000080 -2.748665 0.219640 0.000080 -3.206767 0.227522 173.298798 -177.664566 -179.589752 178.631393 -178.875809 179.533737 9.941132 1.108544 86.603676 179.203369 178.881409 178.970428 0.326116 -8.048432 -7.754066 34.749012 41.174297 14.048586 179.999588 -179.999512 -162.696396 179.999847 -179.999588 -168.475800 180.000000 -180.000000 179.999985 14.998498 -0.001190 34.070293 179.999527 -179.998505 -152.124344 0.000202 -0.001082 19.512962 180.000000 -180.000000 179.999985 179.997513 -179.998566 -147.408646 179.998688 -179.997452 -147.408630 0.000192 -0.001901 21.705847 180.000000 -180.000000 179.999985 169.997177 -179.998566 -152.390564 179.998169 -179.997406 -152.390564 179.999725 -179.997910 -161.612106 180.000000 -180.000000 179.999985 159.999390 -179.999725 -161.715988 179.999252 -179.999313 -152.573975 179.999786 -179.999359 -161.734283 173.320328 -177.071579 179.178192 155.489990 -168.230789 103.507736 136.746643 167.949081 -174.367142 2.541353 -5.524547 16.656256 143.905701 123.309776 159.712936 179.999985 -179.999985 162.986526 179.999985 -179.999985 168.669022 0.000003 -0.000000 0.000000 164.999634 -179.998337 143.009888 179.998947 -179.999069 149.735352 179.999054 -179.999817 158.814758 0.000003 -0.000000 0.000000 0.000211 0.001130 -41.844563 0.000914 0.000704 -41.844585 0.000768 -0.000056 -27.868498 0.000003 -0.000000 0.000000 9.999596 -0.002517 -38.915741 179.998123 -179.998291 141.084259 179.998306 -179.999908 154.082123 0.000003 -0.000000 0.000000 19.999937 -0.000381 -24.013618 179.999710 -179.999512 143.979523 179.999649 -179.999847 156.010391
99.977203 97.695282 1299.717651 10.338902 0.357471 -2.626361 162.403015 -175.977112 -174.477066 1.263444 9.754665 -2.058628 8.162993 9.700819 -1.682410 169.898163 -169.823456 -173.822693 2.975312 31.868231 -0.348019 172.115631 -168.648636 179.974121 0.969534 4.846161 0.629209 0.969285 4.746747 0.992375 4.392497 3.275327 1.643414 0.000079 -2.688767 0.244393 0.000067 -3.136885 0.253163 173.665298 -177.715195 -179.595367 178.815033 -178.834808 179.299225 10.033744 0.534641 87.210220 179.325043 179.553665 178.751205 0.441608 -8.384573 -9.253470 34.806549 42.317173 14.079891 179.999908 -179.999908 -162.949036 179.999969 -179.999924 -168.644043 180.000000 180.000000 179.999985 14.998751 -0.001149 34.546856 179.999710 -179.998642 -151.734390 0.000267 -0.000935 19.785931 180.000000 180.000000 179.999985 179.998459 -179.998932 -146.796631 179.999298 -179.998276 -146.796631 0.000243 -0.001223 22.113457 180.000000 180.000000 179.999985 169.998611 -179.999146 -151.755676 179.999191 -179.998581 -151.755676 179.999969 -179.998917 -161.189285 180.000000 180.000000 179.999985 159.999451 -179.999695 -161.605743 179.999359 -179.999313 -152.408600 179.999847 -179.999390 -161.624130 173.401627 -177.168793 179.147888 156.103928 -168.400482 102.751175 139.913162 169.326981 -174.055801 4.082495 -6.535535 16.279091 143.676102 124.209518 159.471970 179.995285 -179.996445 162.837082 179.996323 -179.998642 168.569504 0.000000 -0.000000 0.000000 164.998993 -179.995392 143.049469 179.997101 -179.997467 149.767776 179.997360 -179.999496 158.837433 0.000000 -0.000000 0.000000 179.999588 -179.997803 138.053909 179.998230 -179.998642 138.053925 179.998520 179.999893 152.063919 0.000000 -0.000000 0.000000 9.999390 -0.003735 -38.810741 179.997208 -179.997467 141.189301 179.997498 -179.999847 154.152069 0.000000 -0.000000 0.000000 19.999773 -0.001682 -24.013489 179.998672 -179.997833 143.979767 179.998428 -179.999344 156.010513
100.128082 97.899353 1300.462769 9.846845 0.257565 -2.430009 163.212143 -175.898560 -174.946548 0.415721 9.970686 -1.779008 8.686920 9.821595 -1.841341 169.192474 -170.149002 -173.878677 4.340518 32.155602 -0.203083 172.500977 -169.068695 179.846039 0.989169 4.849652 0.583479 0.988904 4.750771 0.914999 4.495974 3.287009 1.550868 0.000054 -2.620059 0.277196 0.000036 -3.056722 0.287139 173.939560 -177.774429 -179.592682 178.882416 -178.789398 179.140778 10.325138 -0.031518 87.782478 179.747055 -179.295212 178.668991 0.406697 -8.277303 -10.793309 35.058506 43.329323 14.121282 179.999725 179.999908 -163.245087 179.999802 -179.999985 -168.841217 0.000000 -0.000000 0.000000 14.999248 -0.000813 35.109512 179.999878 -179.999100 -151.274017 0.000231 -0.000593 20.108168 0.000000 -0.000000 0.000000 179.999161 -179.999313 -146.272476 179.999695 -179.998947 -146.272461 0.000216 -0.000698 22.462530 0.000000 -0.000000 0.000000 169.999069 -179.999329 -151.350067 179.999512 -179.998947 -151.350067 0.000051 -0.000770 19.080832 0.000000 -0.000000 0.000000 159.999680 -179.999786 -161.455566 179.999649 -179.999527 -152.183334 179.999939 -179.999619 -161.474106 173.392166 -177.243912 179.162521 156.729385 -168.448517 101.900093 143.291534 171.050186 -173.914566 6.955827 -7.939958 15.614555 141.788788 124.572227 159.447525 0.002844 0.001769 -16.347132 0.002146 0.000587 -10.887194 0.000000 -0.000000 0.000000 164.999496 -179.997803 143.314270 179.998596 -179.998810 149.984421 179.998734 -179.999756 158.989090 0.000000 -0.000000 0.000000 179.999725 -179.998505 138.171646 179.998795 -179.999069 138.171692 179.998993 179.999924 152.142334 0.000000 -0.000000 0.000000 9.999519 -0.003105 -38.621315 179.997696 -179.997879 141.378723 179.997910 -179.999847 154.278214 0.000000 -0.000000 0.000000 19.999865 -0.001216 -23.924744 179.999069 -179.998413 144.112900 179.998886 -179.999496 156.099197
100.252785 98.096031 1301.062622 9.423985 0.180928 -2.261743 164.020172 -175.661880 -175.262527 179.633316 169.706100 178.355057 9.054543 9.978215 -1.939799 168.027985 -170.270401 -173.826248 5.909059 32.664051 -0.096556 172.736862 -169.236221 179.831757 1.001707 4.850704 0.540351 1.001470 4.752200 0.842361 4.565466 3.297255 1.461826 0.000019 -2.555216 0.316051 0.000002 -2.981062 0.327378 174.161224 -177.830978 -179.583435 178.893295 -178.739761 179.048370 10.840901 -0.596619 88.252129 0.187528 -2.147662 -1.232029 0.501622 -7.943635 -12.334590 35.427391 43.004707 16.951918 179.991119 -179.995911 -161.920059 179.995163 -179.995605 -167.958755 0.000000 0.000001 0.000000 15.000637 0.000908 35.788937 179.999985 179.999084 -150.718140 179.999695 179.999451 -159.502716 0.000000 0.000001 0.000000 179.999985 -179.999985 -145.794601 180.000000 -179.999985 -145.794617 0.000008 -0.000013 22.780781 0.000000 0.000001 0.000000 169.999359 -179.999435 -150.950409 179.999725 -179.999191 -150.950409 0.000103 -0.000562 19.347027 0.000000 0.000001 0.000000 159.999695 -179.999741 -161.336761 179.999695 -179.999481 -152.005142 179.999985 -179.999588 -161.355438 173.352692 -177.285706 179.223297 157.285782 -168.369843 101.109550 146.845840 173.261826 -173.991089 8.008847 -8.141785 15.237261 141.882568 125.549698 158.878326 0.001433 0.000841 -16.834137 0.001071 0.000263 -11.211539 0.000000 -0.000000 0.000000 164.999512 -179.997986 143.526031 179.998703 -179.998917 150.157669 179.998825 -179.999802 159.110382 0.000000 -0.000000 0.000000 179.999725 -179.998596 138.315628 179.998871 -179.999130 138.315613 179.999069 179.999939 152.238205 0.000000 -0.000000 0.000000 9.999692 -0.002036 -38.306023 179.998505 -179.998581 141.694000 179.998642 -179.999878 154.488190 0.000000 -0.000000 0.000000 19.999950 -0.000485 -23.794567 179.999634 -179.999359 144.308136 179.999573 -179.999802 156.229233
100.356720 98.289215 1301.576172 8.835729 0.096215 -1.996578 165.856903 -174.916794 -175.400040 177.736816 168.975113 178.098938 9.583458 10.175457 -2.032699 166.634262 -170.226105 -173.782333 8.011972 33.420242 0.066295 172.791458 -169.502899 -179.970551 1.034907 4.849864 0.469691 1.034674 4.751938 0.722680 4.738790 3.310956 1.319488 0.000020 -2.476207 0.355101 0.000000 -2.888907 0.367817 174.371140 -177.899796 -179.574493 178.896515 -178.702667 178.979584 11.658859 -1.185422 88.756218 0.706948 -4.165725 -1.082183 0.611687 -7.177506 -14.040778 32.013058 46.255035 13.441024 179.987793 -179.989716 -162.905258 179.994339 -179.990997 -168.614899 0.000000 -0.000000 0.000003 15.000425 0.002574 34.704224 179.999084 179.998062 -151.605667 179.998810 179.999100 -160.123962 0.000000 -0.000000 0.000003 179.997925 -179.995163 -146.202271 0.000997 -0.005172 33.797710 0.002488 -0.002478 22.509270 0.000000 -0.000000 0.000003 170.005325 179.991318 -149.097672 0.000236 0.010174 30.902317 179.996719 179.994064 -159.419067 0.000000 -0.000000 0.000003 160.004425 179.994202 -160.989441 0.003524 0.010338 28.515846 179.998871 179.992813 -161.008469 173.362198 -177.290558 179.321823 157.914795 -168.273529 100.228523 150.363052 175.640320 -174.391266 9.184197 -8.217547 15.051237 141.909927 126.540237 158.287186 0.010174 0.005878 -17.302620 0.007621 0.001711 -11.523561 0.000000 -0.000000 0.000000 164.993103 -179.972076 143.104980 179.981857 -179.985016 149.813126 179.983765 -179.997269 158.869217 0.000000 -0.000000 0.000000 179.993317 -179.962189 138.421783 179.970078 -179.975952 138.421768 179.974457 179.998901 152.308914 0.000000 -0.000000 0.000000 9.995883 -0.032919 -37.998905 179.976639 -179.976440 142.001053 179.978104 -179.997101 154.692703 0.000000 -0.000000 0.000000 20.000162 0.002286 -23.684769 0.001603 0.003042 -35.527153 0.002045 0.001029 -23.661081
100.404396 98.470490 1301.914429 8.380919 0.179774 -1.700245 167.821869 -174.063538 -175.352722 175.784958 168.322800 177.614349 9.861918 10.312338 -2.103092 164.961502 -169.672531 -173.820541 9.462423 34.380630 0.159555 172.507629 -169.435349 -179.753677 1.046944 4.818253 0.392566 1.046760 4.721909 0.593979 4.814793 3.308683 1.155747 0.000008 -2.446833 0.396142 180.000000 -177.145370 -179.589676 174.554688 -177.926102 -179.558731 178.863373 -178.636078 178.966599 12.594935 -1.583711 88.753723 1.424833 -5.687181 -0.786934 0.248443 -6.516556 -15.253447 32.063198 42.442345 15.164766 179.989029 179.990341 -161.304016 179.991043 179.996201 -167.548477 180.000000 -180.000000 179.999985 15.000260 -0.002702 33.973209 0.001429 -0.001704 27.796307 0.001437 -0.000584 19.457394 180.000000 -180.000000 179.999985 0.003427 0.022061 36.852280 179.990280 179.979904 -143.147720 179.987015 179.992767 -155.456375 180.000000 -180.000000 179.999985 170.002609 179.991180 -149.787628 179.997955 179.991028 -149.787613 179.995865 179.995468 -159.878586 180.000000 -180.000000 179.999985 160.000946 179.997833 -161.820206 0.000336 0.003508 27.269733 179.999146 179.997818 -161.838394 173.306351 -177.263138 179.446167 158.013367 -167.797943 99.520714 154.456955 178.876221 -174.653702 10.089812 -7.936785 14.564263 141.641098 127.108185 157.708878 0.005960 0.003425 -17.568369 0.004488 0.000958 -11.700532 0.000000 0.000002 0.000000 164.993774 -179.973022 143.390579 179.982819 -179.985245 150.046844 179.984436 -179.996994 159.032791 0.000000 0.000002 0.000000 179.992798 -179.952576 138.681152 179.963577 -179.968811 138.681168 179.968048 179.999847 152.481659 0.000000 0.000002 0.000000 9.997149 -0.029594 -37.636551 179.979797 -179.978195 142.363495 179.980499 -179.996613 154.934052 0.000000 0.000002 0.000000 20.000183 0.004949 -23.676151 0.003258 0.006677 -35.514271 0.004352 0.002353 -23.652489
100.449013 98.647079 1302.231812 8.185259 0.227423 -1.562291 169.226181 -173.693008 -175.303452 174.316467 168.044968 177.307114 10.014951 10.338785 -2.149923 163.306366 -169.199554 -173.803635 11.143942 35.299797 0.455542 171.340164 -169.027344 -179.383987 1.021743 4.831279 0.353579 1.021597 4.735252 0.530221 4.705820 3.331780 1.065202 179.999985 -177.538910 -179.557266 179.999969 -177.128738 -179.541473 174.757446 -177.914886 -179.536865 178.853912 -178.511154 178.987015 13.235546 -1.960309 88.549240 2.132646 -6.548907 -0.500544 179.810196 -173.856186 163.830444 35.407280 43.277027 17.426626 179.988754 179.997238 -161.721848 179.992294 -179.999466 -167.826767 0.000000 0.000001 0.000000 15.002920 -0.005231 34.000359 0.004398 -0.002176 27.818518 0.003435 0.000113 19.472954 0.000000 0.000001 0.000000 179.999207 179.997910 -147.326035 179.998230 179.998672 -147.326019 179.998535 179.999878 -158.239120 0.000000 0.000001 0.000000 169.999329 179.997238 -151.268616 179.998077 179.997894 -151.268555 179.998199 179.999374 -160.864868 0.000000 0.000001 0.000000 160.000198 -179.998337 -162.407791 0.001029 -0.002284 26.388334 0.001288 -0.001056 17.574640 173.298965 -177.195328 179.561203 158.072891 -167.259979 99.172104 158.693237 -177.483841 -175.179947 10.803364 -7.308114 13.830030 141.181244 127.445335 157.071381 0.003928 0.002428 -17.736059 0.002994 0.000749 -11.812205 0.000000 -0.000000 0.000000 164.994720 -179.971649 143.671707 179.982880 -179.983765 150.276886 179.983963 -179.996002 159.193787 0.000000 -0.000000 0.000000 179.994644 -179.946091 139.125534 179.961121 -179.962265 139.125519 179.963989 -179.997589 152.777573 0.000000 -0.000000 0.000000 9.998793 -0.029101 -37.302902 179.981552 -179.977463 142.697098 179.981155 -179.995407 155.156250 0.000000 -0.000000 0.000000 19.999838 0.010452 -23.663088 0.006100 0.014450 -35.494610 0.008913 0.005448 -23.639442
100.490845 98.820717 1302.563721 7.801056 0.384034 -1.249952 171.447845 -173.075211 -175.383911 172.082352 167.658173 176.872742 10.298082 10.210280 -2.161012 162.301559 -168.622665 -174.024628 11.920061 35.919006 0.585217 170.268646 -168.518387 -179.201889 1.041247 4.781243 0.277665 1.041057 4.686935 0.403192 4.816596 3.315287 0.904924 179.999985 -177.522995 -179.520569 179.999969 -177.110138 -179.503403 174.786926 -177.903458 -179.514053 178.674973 -178.474640 179.005020 13.896852 -2.318140 88.114586 2.795776 -7.128015 -0.145785 179.226898 -174.380768 163.031845 36.691910 44.537304 17.051540 179.999130 179.999710 -162.719376 179.999405 179.999985 -168.491089 180.000000 -180.000000 179.999985 15.002021 -0.003397 34.774593 0.002940 -0.001333 28.451895 0.002254 0.000170 19.916361 180.000000 -180.000000 179.999985 179.999725 179.999435 -147.698013 179.999466 179.999695 -147.698013 179.999588 -179.999985 -158.486893 180.000000 -180.000000 179.999985 169.997711 179.994980 -151.412857 179.995636 179.996658 -151.412872 179.996384 179.999420 -160.960983 180.000000 -180.000000 179.999985 160.000626 -179.998398 -162.208191 0.001626 -0.002014 26.687691 0.001579 -0.000710 17.773985 173.137299 -177.230225 179.600937 157.589920 -166.741669 99.127930 163.121262 -173.590088 -175.701050 11.379481 -6.653574 12.797375 140.624771 127.483490 156.257599 0.002083 0.001592 -17.893282 0.001648 0.000574 -11.916930 0.000000 0.000001 0.000003 164.997101 -179.972458 144.040527 179.984940 -179.983063 150.578644 179.985016 -179.994781 159.405045 0.000000 0.000001 0.000003 179.999237 -179.937439 139.695023 179.959671 -179.952179 139.695038 179.959000 -179.992584 153.156891 0.000000 0.000001 0.000003 10.001322 -0.029684 -36.942230 179.983398 -179.975357 143.057785 179.981339 -179.993423 155.396469 0.000000 0.000001 0.000003 19.998377 0.016276 -23.720181 0.007727 0.023286 -35.580303 0.013254 0.009554 -23.696480
100.552299 98.992287 1302.933105 7.643740 0.561245 -1.061475 172.532196 -173.094543 -175.627289 171.316528 167.753952 176.927841 10.158426 10.004178 -2.146040 161.443237 -168.160797 -174.185730 12.122711 36.186241 0.601758 169.486755 -167.926804 -179.273102 1.010424 4.778485 0.222695 1.010313 4.684940 0.313396 4.685126 3.330833 0.777313 179.999969 -177.436218 -179.454895 179.999985 -177.008926 -179.435440 174.938568 -177.831345 -179.473312 178.640717 -178.326508 179.075485 13.988198 -2.691236 87.623711 3.431469 -6.904300 0.197965 178.803650 -174.932571 162.563629 35.866692 44.202377 15.934908 179.998932 179.999344 -162.858749 179.999191 179.999802 -168.583939 0.000000 -0.000000 0.000000 15.000503 -0.000832 35.314625 0.000730 -0.000325 28.893814 0.000550 0.000052 20.225651 0.000000 -0.000000 0.000000 179.999588 179.999313 -147.744568 179.999298 179.999634 -147.744598 179.999466 -179.999954 -158.517883 0.000000 -0.000000 0.000000 169.995956 179.992966 -151.760117 179.993164 179.995651 -151.760117 179.994629 179.999573 -161.192261 0.000000 -0.000000 0.000000 159.991364 179.983719 -160.671005 179.980255 179.980652 -151.006500 179.982391 179.994583 -160.690323 173.093475 -177.165237 179.631088 156.742020 -166.300293 99.402596 167.690598 -169.764374 -176.293442 11.913388 -6.023637 11.366724 140.296280 127.441521 155.615280 0.000152 0.000416 -18.059258 0.000195 0.000235 -12.027445 0.000000 -0.000000 0.000003 165.000809 -179.975983 144.485214 179.989227 -179.983551 150.942474 179.987854 -179.993561 159.659714 0.000000 -0.000000 0.000003 0.008238 -0.063122 -39.409832 179.967163 -179.945465 140.590164 179.960236 -179.985275 153.753082 0.000000 -0.000000 0.000003 10.000146 -0.000796 -36.122902 179.999649 -179.999283 143.877121 179.999527 -179.999741 155.942169 0.000000 -0.000000 0.000003 19.997192 0.012286 -24.009714 0.003714 0.018537 -36.014565 0.009294 0.008495 -23.985695
100.650612 99.160110 1303.356323 7.522118 0.733720 -0.908304 173.214310 -173.386200 -175.997452 171.033859 168.017670 177.216629 9.959153 9.681132 -2.156282 160.963867 -167.859482 -174.375626 11.757723 36.029263 0.471969 169.220856 -167.244324 -179.512482 0.999026 4.752470 0.183801 0.998882 4.659893 0.249524 4.641284 3.323988 0.689333 179.999969 -177.350098 -179.396652 179.999924 -176.908401 -179.375076 174.909714 -177.761581 -179.429459 178.463501 -178.291931 179.120438 13.913904 -3.102806 87.081947 4.029847 -6.338295 0.558044 178.551132 -175.518677 162.465714 34.344151 44.315834 15.196880 179.986008 179.985458 -162.586182 179.988251 179.993469 -168.402405 0.000000 0.000001 0.000000 15.001060 -0.001600 35.320362 0.001459 -0.000564 28.898455 0.001086 0.000151 20.228926 0.000000 0.000001 0.000000 179.999832 179.999725 -147.840683 179.999710 179.999863 -147.840683 179.999802 -179.999969 -158.581894 0.000000 0.000001 0.000000 170.000137 -179.999802 -152.997299 0.000205 -0.000112 27.002689 0.000160 -0.000005 17.983801 0.000000 0.000001 0.000000 159.979996 179.967667 -160.714127 179.958191 179.961227 -151.071182 179.963821 179.988373 -160.733429 172.808411 -177.234055 179.568222 155.856339 -165.948334 99.924660 171.829559 -166.224075 -176.977539 13.026093 -4.936066 9.659940 139.102127 126.748009 154.041992 0.000239 -0.000176 -18.165321 0.000114 -0.000154 -12.098107 0.000000 0.000000 0.000000 165.003937 -179.981339 144.955994 179.993942 -179.985641 151.327591 179.991486 -179.993179 159.929321 0.000000 0.000000 0.000000 0.018444 -0.060209 -38.326485 179.978104 -179.940964 141.673508 179.964478 -179.977707 154.474579 0.000000 0.000000 0.000000 10.011675 -0.033283 -36.562462 179.989868 -179.966217 143.437531 179.981293 -179.985809 155.649399 0.000000 0.000000 0.000000 19.997007 0.007810 -24.275179 0.000765 0.012527 -36.412792 0.005383 0.006393 -24.250927
100.779083 99.311470 1303.815186 7.452715 0.894535 -0.802158 173.512543 -173.889374 -176.429947 171.131210 168.404129 177.657623 9.735956 8.903898 -2.278418 160.909683 -167.756760 -174.575195 11.179097 35.424152 0.300434 169.191101 -166.618820 -179.686172 0.961885 4.767220 0.141316 0.961810 4.674872 0.180718 4.477215 3.347584 0.587847 179.999985 -177.215988 -179.299301 180.000000 -176.751999 -179.274277 174.977539 -177.651703 -179.362549 178.436295 -178.204590 179.199951 13.635034 -3.587726 86.592262 4.557033 -5.593386 0.895718 178.147461 -175.833435 162.529785 39.413200 46.074528 18.418922 0.000359 -0.000309 16.448059 0.000285 -0.000135 10.954406 180.000000 180.000000 179.999985 15.004754 -0.005699 35.263126 0.005884 -0.001514 28.851637 0.004113 0.001077 20.196148 180.000000 180.000000 179.999985 0.001779 -0.002032 31.966345 0.002588 -0.000775 31.966312 0.001734 0.000479 21.289572 180.000000 180.000000 179.999985 170.003372 -179.996170 -153.218704 0.004743 -0.001894 26.781326 0.003382 0.000315 17.836342 180.000000 180.000000 179.999985 159.998917 179.998672 -167.192001 179.997955 179.998428 -160.788010 179.998367 179.999466 -167.204819 172.679184 -177.216370 179.533463 155.035629 -165.736511 100.521591 177.287933 -164.307465 -177.686356 13.170270 -4.178155 7.098872 137.387497 125.780869 152.022964 0.001719 -0.000455 -18.189754 0.000986 -0.000639 -12.114384 180.000000 180.000000 -180.000000 165.005203 -179.987259 145.389435 179.997620 -179.988998 151.682266 179.994904 -179.993988 160.177567 180.000000 180.000000 -180.000000 0.026929 -0.054242 -37.111347 179.989685 -179.940323 142.888672 179.970917 -179.972076 155.283844 180.000000 180.000000 -180.000000 10.017912 -0.033900 -35.946808 179.994980 -179.961990 144.053162 179.982590 -179.981339 156.059418 180.000000 180.000000 -180.000000 19.998329 0.003083 -24.488949 179.999649 179.994751 143.266541 0.001903 0.002939 -24.464472
100.919807 99.440399 1304.307617 7.357949 1.130940 -0.650022 173.487900 -174.386658 -176.912109 171.627686 168.805801 178.144455 9.475497 8.076825 -2.412125 160.820206 -167.723877 -174.797104 10.225627 34.364857 -0.017101 170.020218 -166.150253 -179.911545 0.935479 4.745089 0.086648 0.935425 4.653752 0.091362 4.366343 3.346878 0.460978 180.000000 -177.078201 -179.190277 0.000037 -3.408760 0.838592 174.949158 -177.540787 -179.283905 178.366470 -178.168808 179.255005 13.330360 -4.117460 86.188309 4.989281 -4.767707 1.170303 178.058304 -176.772675 162.681488 40.248901 46.156982 19.278582 0.000270 -0.000137 16.482559 0.000202 -0.000040 10.977394 180.000000 180.000000 -180.000000 15.007811 -0.009277 35.609226 0.009635 -0.002336 29.134808 0.006669 0.001916 20.394363 180.000000 180.000000 -180.000000 0.002396 -0.002739 32.128231 0.003487 -0.001029 32.128201 0.002335 0.000660 21.397394 180.000000 180.000000 -180.000000 170.002396 -179.997238 -152.748718 0.003396 -0.001334 27.251289 0.002419 0.000248 18.149342 180.000000 180.000000 -180.000000 160.016998 -179.980240 -168.757904 0.031626 -0.022989 16.863117 0.024898 -0.007661 11.230840 172.421524 -177.233093 179.499435 153.947052 -165.786331 101.026146 2.760090 -16.352365 1.809158 13.396761 -3.574546 4.174716 135.359024 124.851799 149.910110 0.003253 -0.000621 -18.100739 0.001932 -0.001063 -12.055098 0.000000 -0.000000 0.000003 165.008804 -179.985275 145.630661 179.999207 -179.985992 151.879639 179.994919 -179.991592 160.315735 0.000000 -0.000000 0.000003 0.035319 -0.052019 -35.926044 179.999100 -179.937134 144.073959 179.975418 -179.966095 156.073288 0.000000 -0.000000 0.000003 10.022919 -0.032893 -35.212566 0.000168 -0.040090 -35.212555 179.984879 -179.977982 156.548447 0.000000 -0.000000 0.000003 19.972601 0.040231 -24.017746 179.988159 179.927979 143.973358 0.022508 0.043100 -23.993725
101.051308 99.538956 1304.820312 7.319614 1.337065 -0.584178 173.043182 -174.913437 -177.223846 172.481934 169.159683 178.555252 9.187860 7.197183 -2.607793 160.619675 -167.864944 -174.920624 9.782778 33.049236 -0.142532 170.806992 -165.745972 -179.897934 0.852940 4.769506 0.033022 0.852906 4.678189 0.006516 3.992276 3.378812 0.322391 0.000102 -3.094165 0.969801 0.000234 -3.609737 1.004318 175.214325 -177.399109 -179.185272 178.636963 -178.043869 179.340012 12.838205 -4.662633 85.936638 5.318568 -3.672482 1.344791 178.180954 -177.724472 162.904922 40.789734 46.964153 19.759188 0.002753 -0.001374 16.307884 0.002016 -0.000350 10.861047 0.000000 -0.000000 0.000000 15.000794 -0.000901 37.212112 0.000956 -0.000204 30.446268 0.000650 0.000220 21.312384 0.000000 -0.000000 0.000000 0.000018 -0.000015 32.617874 0.000021 -0.000007 32.617863 0.000017 0.000005 21.723505 0.000000 -0.000000 0.000000 170.000565 -179.999359 -152.299850 0.000790 -0.000299 27.700129 0.000565 0.000067 18.448309 0.000000 -0.000000 0.000000 160.009491 -179.988892 -165.963242 0.018113 -0.012319 21.055113 0.014280 -0.003007 14.022727 172.420898 -177.159698 179.560303 153.397507 -165.857941 101.385933 6.719515 -16.704748 1.553947 15.062020 -1.434154 1.662377 133.549210 124.109894 148.212860 0.004503 -0.000669 -17.931515 0.002709 -0.001348 -11.942395 0.000000 -0.000000 0.000000 165.006577 -179.991531 146.079437 0.000617 -0.008747 -27.753170 179.997543 -179.994370 160.572784 0.000000 -0.000000 0.000000 0.037202 -0.044069 -34.549866 0.006513 -0.057304 -34.549831 179.982361 -179.965881 156.989822 0.000000 -0.000000 0.000000 10.028805 -0.033967 -34.437511 0.005055 -0.044246 -34.437481 179.986374 -179.973663 157.064636 0.000000 -0.000000 0.000000 20.006317 -0.007700 -25.688873 0.003586 -0.014502 -38.533325 179.995880 -179.990952 154.336807
101.157692 99.598534 1305.334961 7.295831 1.476998 -0.527943 172.295410 -175.420639 -177.408752 173.535477 169.411087 178.820267 8.979059 6.285516 -2.783151 160.437378 -168.140549 -175.029587 9.537807 31.562592 -0.133877 171.571915 -165.389267 -179.680511 0.794343 4.772658 -0.007204 0.794320 4.681588 -0.057202 3.727211 3.390608 0.218236 0.000089 -3.221120 1.107517 0.000250 -3.757806 1.146922 175.317490 -177.296600 -179.097382 178.739502 -178.033417 179.349518 12.675774 -5.150648 85.740387 5.544177 -2.874668 1.447211 178.452347 -178.686783 163.113892 40.427406 47.210892 20.302395 0.001130 -0.000742 16.696012 0.000882 -0.000244 11.119551 0.000000 0.000001 0.000000 14.999989 0.000012 37.397472 179.999985 179.999985 -149.402084 179.999985 -179.999985 -158.581451 0.000000 0.000001 0.000000 179.998489 179.998291 -147.244003 179.997787 179.999359 -147.244049 179.998535 -179.999573 -158.184509 0.000000 0.000001 0.000000 169.999359 179.999268 -152.112289 179.999100 179.999649 -152.112274 179.999359 -179.999939 -161.426788 0.000000 0.000001 0.000000 159.995590 179.994507 -163.250351 179.991379 179.993881 -154.875519 179.993088 179.998657 -163.267105 172.183395 -177.193207 179.610992 153.287140 -165.690582 101.762344 11.282810 -15.161386 1.245042 16.316679 0.695876 -0.880992 131.835464 123.492729 146.822556 0.003247 -0.000332 -17.669127 0.002002 -0.000858 -11.767635 0.000002 -0.000000 0.000000 165.004318 -179.995285 146.374115 0.000807 -0.005163 -27.512115 179.998840 -179.996536 160.741531 0.000002 -0.000000 0.000000 0.040386 -0.041503 -33.283951 0.011888 -0.056685 -33.283894 179.986389 -179.963913 157.832916 0.000002 -0.000000 0.000000 10.032701 -0.033920 -33.496471 0.009148 -0.046214 -33.496498 179.988419 -179.970840 157.691345 0.000002 -0.000000 0.000000 20.002104 -0.002281 -25.392668 0.001370 -0.004451 -38.089031 179.998901 -179.997101 154.632706
101.219383 99.622849 1305.842407 7.291016 1.636929 -0.525447 171.186569 -175.855713 -177.290115 174.875336 169.586441 178.828232 8.792195 5.392865 -2.911512 160.247879 -168.425674 -175.046555 9.511328 30.028650 0.036662 172.149872 -165.072403 -179.309998 0.744138 4.773517 -0.036913 0.744054 4.682593 -0.103968 3.498944 3.398524 0.140264 0.000205 -3.393335 1.266090 0.000255 -3.958850 1.311274 175.145782 -177.164505 -178.975403 178.776917 -177.981186 179.332031 12.602252 -5.548327 85.637787 5.689099 -2.260417 1.520763 178.821487 -179.583618 163.225403 39.560398 46.882771 20.330469 0.000340 -0.000376 17.173054 0.000302 -0.000169 11.437263 0.000001 -0.000001 0.000003 15.000581 -0.000627 37.344654 0.000694 -0.000118 30.554749 0.000462 0.000176 21.388315 0.000001 -0.000001 0.000003 179.996811 179.996597 -147.401932 179.995483 179.998810 -147.401947 179.997040 -179.999069 -158.289658 0.000001 -0.000001 0.000003 169.998703 179.998566 -152.181854 179.998199 179.999344 -152.181854 179.998734 -179.999832 -161.473114 0.000001 -0.000001 0.000003 159.992203 179.990692 -163.877472 179.985107 179.989471 -155.816208 179.988129 179.997391 -163.893585 171.774811 -177.205917 179.715820 153.420380 -166.271317 101.422173 14.661674 -13.009345 1.675799 17.606190 3.124676 -3.118757 130.021667 123.187996 145.150543 0.004950 -0.000382 -17.536366 0.003078 -0.001230 -11.679211 0.000000 -0.000000 0.000000 165.007339 -179.993011 146.488785 0.001876 -0.008086 -27.418255 179.998566 -179.994370 160.807220 0.000000 -0.000000 0.000000 0.032372 -0.029388 -31.714590 0.012649 -0.041855 -31.714581 179.992828 -179.971786 158.878098 0.000000 -0.000000 0.000000 10.030779 -0.028351 -32.296646 0.011381 -0.040265 -32.296661 179.992371 -179.973190 158.490448 0.000000 -0.000000 0.000000 19.999495 0.000490 -25.271469 179.999634 179.998993 142.092758 0.000208 0.000687 -25.246199
101.243141 99.622330 1306.342041 7.281533 1.789283 -0.569312 170.217331 -176.164719 -177.025955 176.067032 169.605942 178.697235 8.607417 4.738640 -2.928388 159.761887 -168.706406 -174.968048 9.903237 28.522932 0.395547 172.566589 -164.833984 -178.939270 0.657765 4.761006 -0.054680 0.657677 4.670306 -0.128501 3.098036 3.393013 0.075725 0.000320 -3.551995 1.433396 0.000480 -4.143855 1.484444 175.157730 -177.039978 -178.861542 179.062210 -177.949646 179.283997 12.754531 -5.826918 85.560692 5.901700 -1.939440 1.537987 179.346771 179.186890 163.365097 37.921841 45.920689 19.543509 0.000831 -0.000071 17.707352 0.000548 0.000119 11.793111 180.000000 -180.000000 179.999985 14.999872 0.000095 37.531120 179.999878 -179.999985 -149.292725 179.999924 -179.999954 -158.504913 180.000000 -180.000000 179.999985 0.000050 -0.000038 31.656635 0.000068 -0.000006 31.656649 0.000042 0.000018 21.083326 180.000000 -180.000000 179.999985 169.998993 179.999146 -152.453125 179.998703 179.999710 -152.453125 179.999146 -179.999771 -161.653793 180.000000 -180.000000 179.999985 160.000458 -179.999588 -166.484985 0.000798 -0.000455 20.272514 0.000600 -0.000099 13.501492 171.822632 -177.198212 179.806290 153.450439 -166.717819 101.097649 16.235714 -11.795950 2.064677 20.443956 7.195818 -4.144010 128.385147 122.911957 143.523758 0.014187 0.000182 -17.467781 0.009068 -0.002653 -11.633556 0.000000 -0.000000 0.000000 165.006348 -179.994736 146.809845 0.002003 -0.006441 -27.155567 179.999207 -179.995346 160.991104 0.000000 -0.000000 0.000000 0.022594 -0.018032 -30.285051 0.010698 -0.026852 -30.285046 179.997299 -179.980942 159.830154 0.000000 -0.000000 0.000000 10.021851 -0.017760 -30.932390 0.009890 -0.026369 -30.932377 179.996780 -179.981522 159.399033 0.000000 -0.000000 0.000000 20.008232 -0.007067 -25.441381 0.006673 -0.014831 -38.162041 179.997437 -179.989471 154.584061
101.250603 99.603531 1306.816162 7.274373 1.902992 -0.623510 169.365906 -176.395370 -176.747299 177.137405 169.488831 178.529434 8.411345 3.971313 -2.961435 159.364899 -169.003571 -174.853745 10.401014 27.036785 0.823860 172.649551 -164.702301 -178.588791 0.586825 4.746213 -0.064578 0.586738 4.655718 -0.140878 2.767564 3.383969 0.033028 0.000345 -3.707052 1.583424 0.000491 -4.324783 1.639848 174.986649 -176.922516 -178.746536 179.227966 -177.950821 179.239304 13.149068 -5.992033 85.453239 6.179939 -1.891786 1.521542 179.470612 178.298019 163.308273 37.303871 45.627708 19.655399 0.000615 0.000260 18.095192 0.000343 0.000288 12.051396 0.000000 -0.000000 0.000000 14.999743 0.000109 37.508709 179.999786 -179.999939 -149.311050 179.999893 -179.999878 -158.517746 0.000000 -0.000000 0.000000 179.999924 179.999969 -148.309341 179.999908 -179.999985 -148.309357 179.999969 -179.999954 -158.894028 0.000000 -0.000000 0.000000 169.999039 179.999542 -152.794556 179.998932 -179.999985 -152.794586 179.999374 -179.999664 -161.881165 0.000000 -0.000000 0.000000 159.999008 179.999451 -166.083420 179.998352 179.999557 -159.125092 179.998871 -179.999893 -166.097336 171.589767 -177.284698 179.917542 154.297333 -167.521988 100.509949 16.661331 -9.908484 2.577982 23.285385 11.344831 -4.678731 127.925819 123.413635 145.122482 0.027141 0.005419 -16.520760 0.018369 -0.001493 -11.002821 0.000000 -0.000000 0.000000 165.001389 -179.999008 147.212463 0.000517 -0.001299 -26.826153 179.999924 -179.999023 161.221710 0.000000 -0.000000 0.000000 0.013780 -0.009538 -29.066341 0.007535 -0.014967 -29.066362 179.999619 -179.988846 160.641815 0.000000 -0.000000 0.000000 10.013129 -0.009288 -29.736465 0.006892 -0.014516 -29.736465 179.999268 -179.989304 160.195526 0.000000 -0.000000 0.000000 20.010633 -0.007947 -25.076979 0.009542 -0.017477 -37.615471 179.998032 -179.986893 154.948090
101.263916 99.569229 1307.241577 7.267195 1.978760 -0.673128 168.698029 -176.531067 -176.539932 178.031631 169.229507 178.398148 8.216809 2.885992 -2.996539 159.061966 -169.335907 -174.739319 10.862128 25.506752 1.254671 172.398026 -164.691315 -178.301239 0.516447 4.754372 -0.063271 0.516369 4.663592 -0.134718 2.437299 3.389150 0.014741 0.000290 -3.880682 1.710207 0.000535 -4.527284 1.771041 174.712509 -176.789703 -178.640060 179.377808 -177.932846 179.179611 13.637019 -6.098519 85.347748 6.518885 -1.957200 1.433705 179.262329 177.586578 163.214584 36.756172 45.397095 20.076618 0.000262 0.000352 18.592241 0.000078 0.000277 12.382427 0.000000 0.000000 -0.000003 14.999831 0.000007 37.381573 179.999893 -179.999924 -149.415054 179.999969 -179.999908 -158.590561 0.000000 0.000000 -0.000003 179.999985 180.000000 -148.362259 179.999985 -179.999985 -148.362244 180.000000 -179.999985 -158.929260 0.000000 0.000000 -0.000003 170.000137 -179.999985 -153.485550 0.000118 0.000054 26.514471 0.000053 0.000065 17.658619 0.000000 0.000000 -0.000003 160.000000 179.999985 -166.876923 179.999985 -179.999985 -160.315369 179.999985 -179.999985 -166.890030 171.421204 -177.350861 179.971542 155.205765 -168.546753 99.789101 17.059824 -7.516658 3.238052 25.033115 14.886687 -5.241921 120.007957 121.022499 138.672180 0.014780 0.001631 -15.198399 0.009806 -0.001405 -10.122148 180.000000 -179.999985 180.000000 165.003189 -179.998169 147.267929 0.001399 -0.002661 -26.780806 0.000035 -0.002099 -18.746559 180.000000 -179.999985 180.000000 0.010717 -0.005991 -28.120815 0.006735 -0.010276 -28.120817 0.000785 -0.008139 -18.728474 180.000000 -179.999985 180.000000 10.010215 -0.005887 -28.823307 0.006202 -0.010028 -28.823320 0.000461 -0.007847 -19.196308 180.000000 -179.999985 180.000000 20.010590 -0.006478 -24.352610 0.010662 -0.015286 -36.528923 179.999802 -179.987595 155.671738
101.297310 99.520805 1307.603882 7.260086 2.060620 -0.726295 168.133743 -176.505814 -176.407974 178.902634 168.797470 178.331116 7.958717 1.537096 -2.965819 158.786545 -169.669815 -174.623871 11.319793 24.259266 1.586403 172.119476 -164.744415 -178.128571 0.446169 4.760328 -0.061161 0.446110 4.669303 -0.127269 2.107223 3.392581 -0.001557 0.000174 -4.069385 1.836083 0.000394 -4.747466 1.901430 174.299149 -176.649384 -178.521606 179.529419 -177.931595 179.169464 14.150150 -6.182961 85.224884 6.907177 -2.051048 1.290937 178.743271 177.068512 163.050262 36.251785 45.099018 20.471800 0.000076 0.000204 19.069246 0.000010 0.000136 12.700117 0.000000 0.000000 -0.000003 15.000012 0.000003 37.232140 0.000002 0.000008 30.462629 0.000003 -0.000001 21.323851 0.000000 0.000000 -0.000003 0.000123 0.000035 31.601496 0.000084 0.000098 31.601439 0.000019 0.000085 21.046585 0.000000 0.000000 -0.000003 170.000076 179.999985 -153.360977 0.000058 0.000059 26.638998 0.000015 0.000052 17.741583 0.000000 0.000000 -0.000003 160.000137 179.999939 -166.941895 0.000171 0.000137 19.587173 0.000073 0.000127 13.045053 171.367569 -177.426147 -179.992432 156.058685 -169.844589 98.904556 16.090752 -6.066322 3.966192 26.984888 18.708788 -5.008468 118.796471 120.915550 141.877548 0.003675 -0.000130 -12.922415 0.002375 -0.000619 -8.606339 0.000000 -0.000000 0.000000 165.000534 -179.999832 147.655640 0.000287 -0.000340 -26.463577 0.000077 -0.000302 -18.524502 0.000000 -0.000000 0.000000 0.003696 -0.001153 -26.897606 0.002783 -0.002681 -26.897593 0.000854 -0.002438 -17.913805 0.000000 -0.000000 0.000000 10.003180 -0.001045 -27.621225 0.002340 -0.002393 -27.621210 0.000657 -0.002132 -18.395733 0.000000 -0.000000 0.000000 20.003067 -0.001091 -23.030943 0.003606 -0.003292 -34.546406 0.000756 -0.003167 -23.007910
101.342690 99.470276 1307.933838 7.251195 2.088330 -0.748427 167.629532 -176.371155 -176.438217 179.682327 168.538223 178.451782 7.763733 0.287843 -2.980535 158.458176 -170.121124 -174.572174 12.437615 23.010218 2.053861 171.169724 -164.557480 -177.865662 0.393462 4.742049 -0.062376 0.393399 4.651288 -0.126306 1.860151 3.379387 -0.018676 0.000025 -4.200578 1.930155 179.999924 -175.099319 -178.000793 173.899261 -176.554413 -178.429947 179.468689 -178.104904 179.226974 14.794519 -6.282278 85.007874 7.332106 -2.166764 1.161013 177.960022 176.461502 162.647202 35.767506 44.654827 20.890251 0.000003 -0.000001 19.575979 180.000000 179.999985 -166.962387 0.000000 -0.000000 0.000000 15.000583 0.000593 37.234699 0.000083 0.000682 30.464750 179.999817 179.999573 -158.674698 0.000000 -0.000000 0.000000 0.000427 0.000919 31.876333 179.999878 179.998993 -148.123627 179.999588 179.999466 -158.770355 0.000000 -0.000000 0.000000 170.000122 179.998947 -153.239517 179.999619 179.999023 -153.239548 179.999481 179.999527 -162.177521 0.000000 -0.000000 0.000000 159.999832 179.999405 -166.953705 179.999588 179.999191 -160.430588 179.999557 179.999588 -166.966751 171.050995 -177.676010 -179.971970 157.475357 -170.969849 98.219337 15.119903 -4.081782 4.591809 27.992447 22.832651 -4.461357 120.305969 121.244583 150.487366 0.000571 0.002530 -9.442569 0.000668 0.001595 -6.288749 180.000000 -179.999985 180.000000 165.015915 179.996857 147.509048 0.012397 -0.004751 -26.583496 0.006315 -0.006821 -18.608442 180.000000 -179.999985 180.000000 0.014963 0.003171 -26.101656 0.014868 -0.003617 -26.101618 0.007868 -0.006474 -17.383684 180.000000 -179.999985 180.000000 9.980909 -0.004284 -26.139078 179.981018 179.995224 153.860977 179.990143 179.991486 162.591400 180.000000 -179.999985 180.000000 19.993382 -0.001749 -21.856876 179.989807 179.998703 147.214676 179.994781 179.995560 158.164993
101.441940 99.389694 1308.121338 7.251193 2.088330 -0.748427 167.326309 -176.056229 -176.548096 0.255256 12.371717 -1.506895 7.549066 -1.306348 -2.876557 158.116226 -170.465057 -174.586090 11.462369 21.238802 2.100291 171.405212 -164.978928 -178.041855 0.322749 4.816237 -0.063103 0.322693 4.723952 -0.123770 1.529141 3.431479 -0.040102 179.999939 -175.583176 -177.975662 179.999863 -174.847031 -177.903320 173.321091 -176.396851 -178.312637 179.584976 -178.143494 179.347168 15.129631 -6.647887 85.073860 7.554363 -1.823671 0.646388 177.246460 176.544220 162.404175 35.558296 44.350586 20.669796 0.000113 -0.000229 19.617062 0.000115 -0.000108 13.064969 180.000000 -180.000000 179.999985 15.000050 0.000347 37.401241 179.999878 179.999756 -149.398956 179.999847 179.999893 -158.579269 180.000000 -180.000000 179.999985 179.999725 179.999496 -147.853165 179.999496 179.999725 -147.853104 179.999619 -179.999985 -158.590210 180.000000 -180.000000 179.999985 169.999191 179.999222 -153.027008 179.998917 179.999680 -153.026978 179.999268 -179.999847 -162.035980 180.000000 -180.000000 179.999985 159.999481 179.999664 -166.788315 179.999115 179.999680 -160.182449 179.999374 179.999985 -166.801483 171.330780 -177.628891 179.982910 158.024780 -171.825806 97.728760 14.248612 -2.631742 4.864093 28.221907 24.998363 -4.041103 122.610855 123.275391 146.695190 179.969467 -179.969513 167.128128 179.976181 -179.983963 171.427322 180.000000 180.000000 -180.000000 164.999161 -179.998047 148.438934 179.998566 -179.998993 154.177307 179.998810 -179.999817 161.924118 180.000000 180.000000 -180.000000 179.997635 -179.988464 155.231689 179.992935 -179.990585 155.231674 179.993073 -179.996323 163.504303 180.000000 180.000000 -180.000000 9.999185 -0.017876 -26.693905 179.991074 -179.984482 153.306122 179.989975 -179.993546 162.221878 180.000000 180.000000 -180.000000 20.003267 -0.028550 -21.255610 179.988052 -179.958588 148.116562 179.978226 -179.981293 158.765625
101.559357 99.296150 1308.271362 7.251193 2.088330 -0.748427 167.194412 -175.708267 -176.654572 0.625214 13.209302 -1.467043 7.350846 -2.391449 -2.729714 157.709305 -170.701141 -174.591858 11.294177 20.302637 2.149569 170.814468 -164.835510 -177.862610 0.301763 4.864176 -0.065909 0.301715 4.770948 -0.127387 1.431683 3.465555 -0.052013 179.999878 -175.375397 -177.894577 179.999908 -174.604614 -177.819427 172.240891 -176.263351 -178.168213 179.445755 -178.298096 179.498962 15.654211 -6.763166 84.666878 7.966862 -1.965245 0.533059 176.740677 176.654968 162.145996 35.566090 44.112991 20.549128 0.000304 -0.000259 19.602520 0.000249 -0.000090 13.055270 0.000000 -0.000000 0.000000 14.999770 0.000113 37.606014 179.999802 -179.999954 -149.231461 179.999893 -179.999893 -158.462021 0.000000 -0.000000 0.000000 179.999252 179.999771 -147.621368 179.999252 -179.999786 -147.621368 179.999664 -179.999603 -158.435806 0.000000 -0.000000 0.000000 169.998306 179.999588 -152.723633 179.998306 -179.999588 -152.723633 179.999130 -179.999237 -161.833969 0.000000 -0.000000 0.000000 159.999054 179.999786 -166.674301 179.998535 -179.999985 -160.011490 179.999084 -179.999634 -166.687637 171.496933 -177.620560 179.967331 158.173828 -172.649796 97.247040 13.510688 -1.773939 5.202524 26.608498 25.443310 -3.414912 125.514946 124.709747 160.083740 0.014522 0.007487 -7.941938 0.010289 0.003509 -5.289340 0.000000 -0.000000 0.000000 165.003082 -179.989426 148.613098 179.997589 -179.991302 154.319809 179.995819 -179.995270 162.023880 0.000000 -0.000000 0.000000 0.014065 -0.029240 -24.773207 179.999985 -179.967545 155.226807 179.990677 -179.980499 163.501022 0.000000 -0.000000 0.000000 10.024078 -0.040836 -26.839640 0.001979 -0.047375 -26.839645 179.986420 -179.971512 162.124786 0.000000 -0.000000 0.000000 20.028238 -0.041292 -22.215395 0.013721 -0.073791 -33.323132 179.979355 -179.954468 157.806824
101.688339 99.204384 1308.394043 7.251194 2.088330 -0.748427 167.246506 -175.408936 -176.763931 0.617809 13.642385 -1.375138 7.330927 -2.670320 -2.686443 157.277390 -170.845291 -174.622696 9.388532 18.491796 2.170133 171.130707 -165.120636 -177.994659 0.278558 4.922694 -0.072784 0.278523 4.828340 -0.137673 1.324912 3.507347 -0.073229 179.999908 -175.160263 -177.804886 179.999985 -174.353683 -177.726608 170.996704 -176.135529 -177.999649 179.365829 -178.491852 179.685333 15.822748 -6.845571 84.075584 8.417818 -1.970829 0.682218 176.428589 176.774612 161.976486 35.603222 43.940517 20.298904 0.000257 -0.000117 19.497391 0.000185 -0.000006 12.985243 180.000000 -180.000000 179.999985 14.999543 0.000003 37.708595 179.999710 -179.999771 -149.147522 179.999908 -179.999741 -158.403275 180.000000 -180.000000 179.999985 179.998734 179.999985 -147.419785 179.998947 -179.999329 -147.419800 179.999664 -179.999237 -158.301544 180.000000 -180.000000 179.999985 169.997406 179.999985 -152.354691 179.997726 -179.998795 -152.354645 179.999039 -179.998566 -161.588226 180.000000 -180.000000 179.999985 159.998154 179.999985 -166.572021 179.997299 -179.999359 -159.858032 179.998474 -179.998962 -166.585449 171.630188 -177.549561 179.993622 158.303726 -173.442841 96.762794 12.768639 -0.872259 5.425334 24.157063 24.236568 -2.850937 128.348328 127.130463 163.125183 0.022340 0.010595 -8.348111 0.015802 0.004704 -5.559846 0.000000 -0.000000 0.000000 165.015884 -179.983414 148.492950 0.003792 -0.018394 -25.778526 179.996719 -179.987274 161.955048 0.000000 -0.000000 0.000000 0.040181 -0.035598 -25.447098 0.019893 -0.049852 -25.447096 179.997055 -179.964371 163.052246 0.000000 -0.000000 0.000000 10.045647 -0.037757 -28.171293 0.021147 -0.055357 -28.171276 179.994247 -179.960968 161.237961 0.000000 -0.000000 0.000000 20.040291 -0.031961 -23.763052 0.034267 -0.069108 -35.644608 179.990463 -179.949524 156.260712
101.824318 99.111954 1308.522827 7.251193 2.088330 -0.748427 167.458313 -175.207794 -176.883698 0.485952 14.333033 -1.370765 7.266133 -3.125938 -2.604285 156.811279 -170.748901 -174.510315 8.713930 17.933891 2.089561 170.799286 -165.258347 -177.886597 0.253049 4.991666 -0.085403 0.253026 4.895995 -0.157405 1.208851 3.556792 -0.107369 180.000000 -174.942215 -177.703369 0.000108 -5.900725 2.378535 169.582733 -176.019882 -177.804321 179.446045 -178.570862 179.824310 15.719722 -6.828336 83.522232 8.801033 -2.030160 0.996691 176.360748 176.870300 161.844482 35.581039 43.809544 20.075727 0.000137 -0.000039 19.422329 0.000080 0.000012 12.935280 180.000000 180.000000 -180.000000 14.999258 -0.000049 37.807304 179.999542 -179.999588 -149.066742 179.999878 -179.999588 -158.346741 180.000000 180.000000 -180.000000 179.998260 -179.999878 -147.180206 179.998596 -179.998947 -147.180206 179.999603 -179.998901 -158.142014 180.000000 180.000000 -180.000000 169.996368 -179.999756 -151.922256 179.996933 -179.998047 -151.922226 179.998825 -179.997894 -161.300217 180.000000 180.000000 -180.000000 159.997025 -179.999802 -166.344650 179.995743 -179.998611 -159.516983 179.997681 -179.998108 -166.358307 172.008774 -177.419891 -179.947144 158.022415 -174.156448 96.343513 12.015313 -0.383379 5.631504 22.126856 21.608805 -2.547644 130.421204 128.721298 164.579102 0.025770 0.011618 -8.996950 0.018203 0.004776 -5.991990 180.000000 180.000000 -180.000000 165.027512 -179.979675 148.033798 0.009952 -0.026150 -26.154160 179.997986 -179.980515 161.692093 180.000000 180.000000 -180.000000 0.056824 -0.037397 -26.653015 0.032478 -0.059782 -26.653017 0.000494 -0.045310 -17.750879 180.000000 180.000000 -180.000000 10.050613 -0.031741 -29.735191 0.027032 -0.053284 -29.735197 179.997314 -179.960297 160.196381 180.000000 180.000000 -180.000000 20.036077 -0.022152 -25.263981 0.033728 -0.053818 -37.896000 179.994904 -179.958008 154.761276
101.959633 99.016174 1308.670044 7.251192 2.088330 -0.748427 167.803680 -175.084152 -176.997879 0.222507 15.229227 -1.458331 7.190556 -3.782197 -2.477165 156.437393 -170.512314 -174.309753 5.990540 16.725174 1.826719 171.626083 -165.953140 -178.150330 0.210092 5.101953 -0.107378 0.210070 5.004152 -0.191775 1.013632 3.635732 -0.166106 0.000150 -5.298976 2.422402 0.000186 -6.182133 2.508904 168.105988 -175.900177 -177.577728 179.677979 -178.522995 179.968994 15.472736 -6.772678 82.950172 9.274932 -2.127598 1.334159 176.346924 176.958847 161.876312 35.490620 43.734150 19.857685 179.999817 179.999969 -160.633026 179.999878 -179.999969 -167.101608 0.000002 0.000000 -0.000003 14.998959 -0.000052 37.934071 179.999359 -179.999451 -148.963028 179.999817 -179.999435 -158.274124 0.000002 0.000000 -0.000003 179.997864 -179.999893 -146.888840 179.998276 -179.998734 -146.888855 179.999512 -179.998657 -157.947968 0.000002 0.000000 -0.000003 169.996338 -179.999817 -151.243896 179.996887 -179.998032 -151.243881 179.998825 -179.997849 -160.848434 0.000002 0.000000 -0.000003 159.996613 -179.999817 -165.835938 179.995132 -179.998428 -158.753891 179.997375 -179.997818 -165.850098 172.572464 -177.154388 -179.837662 158.107178 -174.985001 95.773796 11.034091 0.573922 5.822890 20.687307 18.309851 -2.173187 132.602829 130.103088 166.149796 0.033530 0.012960 -9.584596 0.023514 0.004508 -6.383355 0.000000 -0.000000 0.000003 165.041214 -179.972900 147.263962 0.015777 -0.037143 -26.784033 179.997772 -179.971832 161.251190 0.000000 -0.000000 0.000003 0.065596 -0.038725 -28.430639 0.037563 -0.066271 -28.430614 179.999893 -179.949265 161.065216 0.000000 -0.000000 0.000003 10.051474 -0.029051 -31.380434 0.027803 -0.052153 -31.380396 179.997086 -179.960739 159.100616 0.000000 -0.000000 0.000003 20.033346 -0.018529 -26.483709 0.031620 -0.047684 -39.725552 179.995316 -179.962173 153.542786
102.085197 98.924164 1308.807617 7.251193 2.088330 -0.748427 168.215744 -174.983383 -177.073486 179.766327 164.376419 178.483612 7.245653 -3.895101 -2.386279 156.147614 -170.170944 -174.042160 4.518533 16.471401 1.565433 171.494568 -166.249237 -178.128891 0.197948 5.148823 -0.133162 0.197932 5.050157 -0.234116 0.963665 3.670051 -0.225204 0.000222 -5.476141 2.538086 0.000271 -6.388823 2.628722 166.246094 -175.858276 -177.336990 179.725571 -178.619598 -179.879288 15.093557 -6.562720 82.203117 9.710340 -2.402985 2.033782 176.560822 176.950333 161.894974 35.306309 43.620453 19.687128 179.999649 179.999985 -160.617493 179.999786 -179.999939 -167.091248 0.000000 -0.000001 -0.000003 14.998842 0.000023 38.103310 179.999237 -179.999435 -148.824600 179.999756 -179.999374 -158.177216 0.000000 -0.000001 -0.000003 179.997559 179.999954 -146.554993 179.997940 -179.998672 -146.554993 179.999344 -179.998520 -157.725632 0.000000 -0.000001 -0.000003 169.996506 179.999924 -150.590347 179.996948 -179.998322 -150.590378 179.998795 -179.998032 -160.413177 0.000000 -0.000001 -0.000003 159.996918 179.999924 -165.180740 179.995544 -179.998901 -157.771088 179.997543 -179.998169 -165.195572 172.965454 -177.044495 -179.724045 158.341415 -175.730133 95.255638 9.852162 0.653506 6.048378 18.758675 14.803081 -1.217950 134.403976 131.206314 165.480026 0.013681 0.004071 -11.030644 0.009473 0.000870 -7.346395 180.000000 -179.999985 180.000000 165.038544 -179.982895 145.977936 0.017845 -0.029532 -27.836212 0.001086 -0.024126 -19.485348 180.000000 -179.999985 180.000000 0.040392 -0.016446 -30.669369 0.025743 -0.035198 -30.669394 0.002378 -0.028956 -20.425789 180.000000 -179.999985 180.000000 10.029375 -0.011661 -33.114174 0.017914 -0.026031 -33.114174 0.000313 -0.021052 -22.054028 180.000000 -179.999985 180.000000 20.014345 -0.005705 -27.695726 0.014953 -0.017697 -41.543606 179.999512 -179.984589 152.331970
102.194344 98.835602 1308.934448 7.251193 2.088330 -0.748427 168.608063 -174.861130 -177.089844 179.251022 163.895798 178.329773 7.360089 -4.034419 -2.278239 155.905365 -169.772736 -173.747925 1.983641 15.964500 1.223240 172.379700 -167.066864 -178.445145 0.183277 5.187861 -0.164245 0.183263 5.088492 -0.285102 0.903231 3.698768 -0.296752 0.000267 -5.627934 2.657164 0.000330 -6.565910 2.752051 164.255722 -175.856003 -177.085953 179.776672 -178.708405 -179.709122 14.416504 -6.564337 81.855499 9.885929 -2.331969 2.496834 176.837830 177.028900 162.019135 35.126472 43.521263 19.520782 179.999207 179.999985 -160.605042 179.999496 -179.999832 -167.082962 0.000000 0.000000 -0.000003 14.998703 0.000096 38.275562 179.999115 -179.999390 -148.683655 179.999695 -179.999329 -158.078552 0.000000 0.000000 -0.000003 179.997223 179.999786 -146.190857 179.997589 -179.998611 -146.190842 179.999191 -179.998337 -157.483109 0.000000 0.000000 -0.000003 169.996811 179.999725 -149.965439 179.997116 -179.998596 -149.965424 179.998810 -179.998230 -159.996979 0.000000 0.000000 -0.000003 159.993332 179.999420 -165.019257 179.990128 -179.998047 -157.528870 179.994492 -179.996170 -165.034225 173.346817 -176.949020 -179.618393 159.248535 -176.358551 94.769821 8.481747 1.055271 6.119190 18.049437 11.841299 -0.236261 135.450333 131.889328 165.572159 0.008671 0.001910 -11.631307 0.005924 0.000069 -7.746446 0.000000 0.000003 0.000000 165.006958 -179.997498 143.936264 0.003374 -0.005020 -29.506691 0.000314 -0.004221 -20.654696 0.000000 0.000003 0.000000 0.025754 -0.008786 -32.252541 0.016839 -0.021378 -32.252548 0.001712 -0.018042 -21.480179 0.000000 0.000003 0.000000 10.018040 -0.006047 -34.264278 0.011379 -0.015258 -34.264256 0.000452 -0.012667 -22.820004 0.000000 0.000003 0.000000 20.006346 -0.002146 -28.322317 0.006814 -0.007369 -42.483482 0.000005 -0.006687 -28.294006
102.288925 98.746147 1309.061157 7.251193 2.088330 -0.748427 168.905182 -174.710144 -177.038757 178.793854 163.210907 178.045212 7.480786 -4.338705 -2.129624 155.650253 -169.326523 -173.420761 0.435864 15.943163 0.916621 172.302429 -167.653732 -178.546448 0.164740 5.217324 -0.199677 0.164727 5.117409 -0.343063 0.825766 3.720361 -0.379142 0.000276 -5.749472 2.774256 0.000346 -6.707695 2.873325 162.170410 -175.894943 -176.834702 179.820419 -178.783951 -179.530701 13.924301 -6.585848 81.660774 9.913204 -2.416470 2.821769 177.197266 177.188019 162.185074 34.921089 43.367996 19.472584 179.999069 179.999985 -160.511810 179.999405 -179.999817 -167.020859 0.000000 0.000001 0.000000 14.998810 0.000193 38.487080 179.999146 -179.999512 -148.510605 179.999664 -179.999390 -157.957428 0.000000 0.000001 0.000000 179.997192 179.999512 -145.749069 179.997421 -179.998795 -145.749084 179.999039 -179.998367 -157.188873 0.000000 0.000001 0.000000 169.997452 179.999527 -149.354462 179.997574 -179.999100 -149.354477 179.998932 -179.998657 -159.590073 0.000000 0.000001 0.000000 159.997955 179.999557 -163.228424 179.996872 -179.999725 -154.842651 179.998199 -179.998932 -163.245193 173.873505 -176.881317 -179.532776 159.600510 -176.840485 94.457504 7.111071 0.451518 6.002722 17.654966 9.403002 0.817143 135.864151 132.275269 165.176437 0.004626 0.000820 -12.109843 0.003123 -0.000114 -8.065144 0.000000 -0.000000 0.000000 164.998581 179.999557 143.474045 179.999298 179.999008 150.115158 179.999924 179.999161 159.080597 0.000000 -0.000000 0.000000 0.014567 -0.004439 -33.409199 0.009613 -0.011798 -33.409206 0.000957 -0.010090 -22.250528 0.000000 -0.000000 0.000000 10.010083 -0.003047 -35.075111 0.006452 -0.008323 -35.075096 0.000305 -0.007009 -23.360023 0.000000 -0.000000 0.000000 20.001898 -0.000585 -28.655542 0.002062 -0.002132 -42.983315 0.000037 -0.001982 -28.626900
102.370323 98.657501 1309.177734 7.251193 2.088330 -0.748427 169.073303 -174.545975 -176.926987 178.438629 162.770203 177.737961 7.617579 -4.386798 -1.986847 155.355118 -168.941650 -173.188736 178.471420 164.330490 -179.244965 172.601013 -168.714905 -178.940475 0.140425 5.231193 -0.238078 0.140412 5.131012 -0.405573 0.721834 3.730209 -0.470002 0.000238 -5.832595 2.883930 0.000302 -6.804664 2.986916 160.033981 -175.977707 -176.595551 179.867523 -178.857986 -179.353195 13.478923 -6.581688 81.556450 9.847777 -2.526602 3.094656 177.577713 177.409973 162.430908 34.736076 43.259739 19.530272 179.998993 179.999969 -160.383560 179.999344 -179.999802 -166.935471 0.000002 0.000002 0.000000 14.999105 0.000246 38.710617 179.999313 -179.999695 -148.327682 179.999710 -179.999573 -157.829391 0.000002 0.000002 0.000000 179.997482 179.999237 -145.237793 179.997498 -179.999161 -145.237762 179.998947 -179.998581 -156.848358 0.000002 0.000002 0.000000 169.998032 179.999329 -148.820389 179.997971 -179.999527 -148.820374 179.999008 -179.999023 -159.234375 0.000002 0.000002 0.000000 159.998611 179.999451 -162.720291 179.997757 179.999847 -154.080444 179.998627 -179.999420 -162.737579 174.297516 -176.864075 -179.451035 161.107803 -177.232132 94.150742 5.592700 0.319368 5.841474 17.489666 7.563217 2.039580 135.904999 132.334152 164.552368 0.001895 0.000293 -12.455251 0.001270 -0.000086 -8.295208 180.000000 -180.000000 179.999985 164.996841 179.999039 143.488953 179.998398 179.997833 150.127350 179.999786 179.998123 159.089142 180.000000 -180.000000 179.999985 0.007239 -0.002125 -34.201088 0.004774 -0.005842 -34.201073 0.000420 -0.005009 -22.777935 180.000000 -180.000000 179.999985 10.004682 -0.001375 -35.635178 0.002993 -0.003855 -35.635178 0.000116 -0.003249 -23.733036 180.000000 -180.000000 179.999985 19.999649 0.000107 -28.798075 179.999619 179.999603 136.802856 179.999985 179.999634 151.230713
102.445206 98.567566 1309.287842 7.251192 2.088330 -0.748427 169.096176 -174.387360 -176.772720 178.217606 162.357254 177.379364 7.748398 -4.430004 -1.834755 154.890869 -168.572510 -173.016312 177.601257 164.307068 -179.219406 172.613998 -169.331192 -179.180832 0.108831 5.225615 -0.278243 0.108809 5.125490 -0.470539 0.583914 3.725178 -0.567144 0.000134 -5.869892 2.980135 0.000177 -6.848153 3.086561 157.875946 -176.105255 -176.380722 179.923370 -178.936890 -179.188446 13.122436 -6.547924 81.552254 9.694193 -2.646595 3.284836 177.891190 177.791702 162.829376 34.282894 42.774166 19.686304 179.999847 179.999939 -160.018478 179.999893 179.999985 -166.692307 0.000000 -0.000000 0.000000 15.000939 -0.000311 39.059147 0.000756 0.000276 31.957510 0.000340 0.000444 22.370218 0.000000 -0.000000 0.000000 0.000782 -0.000287 35.613358 0.000793 0.000218 35.613316 0.000346 0.000428 23.718479 0.000000 -0.000000 0.000000 169.998566 179.999405 -148.363434 179.998459 -179.999725 -148.363449 179.999222 -179.999313 -158.930054 0.000000 -0.000000 0.000000 159.999039 179.999527 -162.336639 179.998413 179.999771 -153.504974 179.998993 -179.999649 -162.354309 174.758957 -176.889267 -179.454269 162.598602 -177.399841 94.107048 4.195286 -0.127316 5.390181 17.481701 6.248923 3.348526 135.808151 132.157196 163.999039 0.000632 0.000075 -12.648467 0.000427 -0.000052 -8.423893 0.000000 -0.000000 0.000000 164.998734 179.999603 143.719025 179.999359 179.999130 150.315582 179.999924 179.999252 159.220917 0.000000 -0.000000 0.000000 0.004254 -0.001295 -34.667744 0.002751 -0.003495 -34.667744 0.000176 -0.002958 -23.088717 0.000000 -0.000000 0.000000 10.002630 -0.000804 -35.944180 0.001655 -0.002192 -35.944187 0.000025 -0.001824 -23.938810 0.000000 -0.000000 0.000000 19.999018 0.000314 -28.799414 179.998932 179.998871 136.800873 179.999985 179.998962 151.229370
102.519814 98.474449 1309.396484 7.251192 2.088330 -0.748427 168.996231 -174.256088 -176.597977 178.195099 161.993393 177.007706 7.793158 -4.480747 -1.668235 154.248215 -168.241119 -172.905258 177.098984 164.243851 -179.041779 172.019745 -170.429596 -179.739182 0.068461 5.202613 -0.319141 0.068428 5.102830 -0.536174 0.404673 3.706294 -0.668680 179.999985 -174.141342 -176.941269 179.999985 -173.164932 -176.832016 155.731155 -176.273468 -176.199890 0.006212 -0.987082 0.950147 12.921416 -6.481762 81.639061 9.457456 -2.838403 3.370929 178.269653 177.928055 163.126999 35.188744 44.347946 19.577904 179.992371 179.999191 -160.771896 179.995026 -179.998795 -167.194077 0.000000 -0.000000 0.000003 14.998129 0.001088 38.510345 179.998260 -179.999725 -148.491531 179.999069 -179.999207 -157.944092 0.000000 -0.000000 0.000003 179.996033 179.997375 -145.169235 179.995255 -179.999847 -145.169266 179.997498 -179.998062 -156.802719 0.000000 -0.000000 0.000003 169.999100 179.999298 -147.781860 179.998871 179.999878 -147.781891 179.999329 -179.999664 -158.542740 0.000000 -0.000000 0.000003 159.999481 179.999496 -161.869598 179.999039 179.999527 -152.804413 179.999298 -179.999985 -161.887726 175.224289 -176.941422 -179.485168 164.355957 -177.491653 94.103050 3.090065 -0.003717 5.018535 17.262356 4.899605 4.361179 135.622040 131.838120 163.505188 0.000183 0.000010 -12.738791 0.000123 -0.000013 -8.484040 0.000000 -0.000000 0.000000 165.000488 -179.999847 143.870743 0.000239 -0.000338 -29.560318 0.000024 -0.000286 -20.692226 0.000000 -0.000000 0.000000 0.003217 -0.001072 -34.998386 0.002009 -0.002725 -34.998413 0.000051 -0.002259 -23.308937 0.000000 -0.000000 0.000000 10.005061 -0.001712 -36.043545 0.003061 -0.004377 -36.043545 179.999924 -179.996445 155.994965 0.000000 -0.000000 0.000000 19.999235 0.000266 -28.718172 179.999207 179.999100 136.922729 0.000013 0.000804 -28.689459
102.604118 98.378624 1309.503540 7.675434 2.004670 -0.611546 168.385773 -174.251724 -176.570053 178.335495 161.714539 176.654236 7.775386 -4.551664 -1.498129 153.025574 -167.939026 -172.988693 177.033264 164.055008 -178.764206 171.192276 -171.333588 179.664597 179.951584 174.797028 179.631744 179.951736 174.896912 179.387146 179.871765 176.304031 179.186218 179.999817 -174.200348 -176.882523 179.999741 -173.233780 -176.771149 153.624390 -176.476120 -176.058929 0.119070 -0.919362 1.066981 12.904838 -6.388278 81.794594 9.148423 -3.110176 3.346478 178.403824 178.355118 163.696274 34.129562 42.954304 19.792385 179.993851 179.999161 -159.938354 179.995972 -179.999069 -166.638947 180.000000 -180.000000 180.000000 14.999935 0.000052 39.244320 179.999939 180.000000 -147.891006 179.999969 -179.999969 -157.523712 180.000000 -180.000000 180.000000 179.999191 179.999222 -143.476700 179.998886 179.999878 -143.476715 179.999359 -179.999619 -155.675476 180.000000 -180.000000 180.000000 169.999527 179.999466 -147.382584 179.999313 179.999802 -147.382599 179.999542 -179.999847 -158.276810 180.000000 -180.000000 180.000000 159.999756 179.999634 -161.582291 179.999466 179.999588 -152.373459 179.999573 179.999924 -161.600723 175.702621 -177.003769 -179.545105 166.028961 -177.548981 94.149666 2.294533 0.410439 4.719703 16.802139 3.497595 5.068252 135.322327 131.404434 162.971970 0.000148 -0.000006 -12.770411 0.000097 -0.000020 -8.505094 0.000000 -0.000000 0.000000 165.001038 -179.999588 143.845856 0.000488 -0.000764 -29.580662 0.000032 -0.000633 -20.706461 0.000000 -0.000000 0.000000 0.002417 -0.000916 -35.344067 0.001434 -0.002154 -35.344074 179.999954 -179.998291 156.460846 0.000000 -0.000000 0.000000 10.001513 -0.000583 -36.693771 0.000862 -0.001373 -36.693768 179.999908 -179.998932 155.561951 0.000000 -0.000000 0.000000 19.999607 0.000153 -28.622360 179.999588 179.999496 137.066422 0.000028 0.000416 -28.593735
102.694786 98.269424 1309.652588 5.961213 2.336195 -1.167992 169.922577 -174.008102 -175.894669 178.379944 161.563721 176.317886 7.771981 -4.624674 -1.316598 153.614868 -167.503769 -172.326035 177.121872 163.695053 -178.506180 170.389771 -171.952103 179.162064 0.159664 5.006340 -0.371113 0.159329 4.909640 -0.623217 0.837488 3.573292 -0.749753 179.999695 -174.299850 -176.842682 179.999557 -173.349854 -176.729843 151.571793 -176.703506 -175.957855 0.254056 -0.861625 1.177920 13.111570 -6.281754 81.973343 8.781281 -3.491353 3.219652 178.384705 178.783905 164.354233 33.084801 41.657032 20.914505 179.999908 179.999985 -158.686203 179.999954 -179.999985 -165.805008 0.000000 -0.000000 0.000000 15.000031 -0.000026 39.283604 0.000036 -0.000004 32.141144 0.000020 0.000014 22.498798 0.000000 -0.000000 0.000000 179.999664 179.999573 -143.006531 179.999466 179.999847 -143.006531 179.999664 -179.999847 -155.362350 0.000000 -0.000000 0.000000 169.999817 179.999710 -147.052048 179.999695 179.999847 -147.052063 179.999771 -179.999969 -158.056671 0.000000 -0.000000 0.000000 159.999908 179.999802 -161.359329 179.999771 179.999756 -152.038986 179.999802 179.999924 -161.377975 176.190048 -177.061050 -179.638397 168.225876 -177.603531 94.168159 1.857868 1.977594 4.673638 15.998982 1.818828 5.327905 134.940659 130.890747 162.323822 0.000245 -0.000021 -12.803785 0.000146 -0.000052 -8.527317 180.000000 180.000000 -180.000000 165.000946 -179.999588 143.687149 0.000426 -0.000739 -29.710497 0.000002 -0.000599 -20.797358 180.000000 180.000000 -180.000000 0.001722 -0.000744 -35.732468 0.000961 -0.001612 -35.732491 179.999893 -179.998764 156.202148 180.000000 180.000000 -180.000000 10.001051 -0.000467 -36.943245 0.000558 -0.001002 -36.943249 179.999893 -179.999237 155.395798 180.000000 180.000000 -180.000000 20.000540 -0.000259 -28.511345 0.000534 -0.000719 -42.767021 179.999939 -179.999405 151.517166
102.817932 98.131477 1309.873657 4.026667 2.689380 -1.806299 171.587296 -173.808456 -175.219803 178.412949 161.530319 176.001175 7.846775 -4.761415 -1.187107 154.148529 -167.075089 -171.619141 177.467468 163.168732 -178.219376 169.539246 -172.399643 178.667862 0.381774 4.777364 -0.366353 0.380757 4.685409 -0.623762 1.864218 3.428364 -0.673053 179.999588 -174.451141 -176.822388 179.999359 -173.526337 -176.708786 149.328644 -176.976547 -175.891159 0.412944 -0.800770 1.304626 13.619402 -6.184196 82.156151 8.314136 -4.016713 2.975646 178.172623 179.237183 165.175873 33.141800 41.902332 21.220573 0.000001 0.000003 21.394081 0.000002 0.000001 14.248459 0.000000 -0.000000 0.000000 15.000004 -0.000003 39.260769 180.000000 -180.000000 -147.877563 0.000002 -0.000000 22.485708 0.000000 -0.000000 0.000000 180.000000 180.000000 -142.656464 0.000003 -0.000002 37.343536 180.000000 180.000000 -155.129211 0.000000 -0.000000 0.000000 170.000000 179.999985 -146.814240 0.000001 -0.000002 33.185753 0.000000 -0.000000 22.101711 0.000000 -0.000000 0.000000 160.000000 -180.000000 -161.197922 0.000000 0.000002 28.203115 0.000000 -0.000000 18.783262 176.726517 -177.108322 -179.786743 170.055344 -177.630920 94.252014 0.935579 1.944590 4.165812 15.563936 1.272346 6.223716 134.660568 130.549301 161.693100 180.000000 -180.000000 167.086304 0.000002 -0.000003 -8.600523 0.000000 -0.000000 0.000000 165.000015 -180.000000 143.402054 180.000000 180.000000 150.056229 0.000002 0.000000 -20.960642 0.000000 -0.000000 0.000000 0.000000 0.000000 -36.239365 0.000001 0.000004 -36.239353 180.000000 -180.000000 155.864609 0.000000 -0.000000 0.000000 10.000000 -0.000001 -37.261925 180.000000 179.999985 142.738068 0.000000 0.000000 -24.816437 0.000000 -0.000000 0.000000 19.999998 -0.000001 -28.685373 0.000003 0.000001 -43.028046 0.000002 -0.000007 -28.656677
