HIERARCHY
ROOT Hips
{
    OFFSET 0.000000 97.120003 0.000000
    CHANNELS 6 Xposition Yposition Zposition Yrotation Xrotation Zrotation
    JOINT RightUpLeg
    {
        OFFSET -11.000000 -0.000000 0.000000
        CHANNELS 3 Yrotation Xrotation Zrotation
        JOINT RightLeg
        {
            OFFSET 0.000000 -45.062000 0.000000
            CHANNELS 3 Yrotation Xrotation Zrotation
            JOINT RightFoot
            {
                OFFSET 0.000000 -42.057999 0.000000
                CHANNELS 3 Yrotation Xrotation Zrotation
                End Site
                {
                    OFFSET 0.000000 -10.000000 15.120000
                }
            }
        }
    }
    JOINT LeftUpLeg
    {
        OFFSET 11.000000 -0.000000 0.000000
        CHANNELS 3 Yrotation Xrotation Zrotation
        JOINT LeftLeg
        {
            OFFSET 0.000000 -45.062000 0.000000
            CHANNELS 3 Yrotation Xrotation Zrotation
            JOINT LeftFoot
            {
                OFFSET 0.000000 -42.057999 0.000000
                CHANNELS 3 Yrotation Xrotation Zrotation
                End Site
                {
                    OFFSET 0.000000 -10.000000 15.120000
                }
            }
        }
    }
    JOINT Spine
    {
        OFFSET 0.000000 8.120000 0.000000
        CHANNELS 3 Yrotation Xrotation Zrotation
        JOINT Spine1
        {
            OFFSET 0.000000 17.980000 0.000000
            CHANNELS 3 Yrotation Xrotation Zrotation
            JOINT Spine2
            {
                OFFSET 0.000000 12.760000 0.000000
                CHANNELS 3 Yrotation Xrotation Zrotation
                JOINT Neck
                {
                    OFFSET 0.000000 19.139999 0.000000
                    CHANNELS 3 Yrotation Xrotation Zrotation
                    JOINT Neck1
                    {
                        OFFSET 0.000000 4.250000 0.000000
                        CHANNELS 3 Yrotation Xrotation Zrotation
                        JOINT Head
                        {
                            OFFSET 0.000000 4.250000 0.000000
                            CHANNELS 3 Yrotation Xrotation Zrotation
                            End Site
                            {
                                OFFSET 0.000000 19.120001 0.000000
                            }
                        }
                    }
                }
                JOINT RightShoulder
                {
                    OFFSET -2.900000 13.340000 0.000000
                    CHANNELS 3 Yrotation Xrotation Zrotation
                    JOINT RightArm
                    {
                        OFFSET -16.100000 0.000000 0.000000
                        CHANNELS 3 Yrotation Xrotation Zrotation
                        JOINT RightForeArm
                        {
                            OFFSET -28.000000 0.000000 0.000000
                            CHANNELS 3 Yrotation Xrotation Zrotation
                            JOINT RightHand
                            {
                                OFFSET -26.000000 0.000000 0.000000
                                CHANNELS 3 Yrotation Xrotation Zrotation
                                JOINT RightHandThumb1
                                {
                                    OFFSET -1.937000 -0.484000 2.518000
                                    CHANNELS 3 Yrotation Xrotation Zrotation
                                    JOINT RightHandThumb2
                                    {
                                        OFFSET -3.872000 0.000000 0.000000
                                        CHANNELS 3 Yrotation Xrotation Zrotation
                                        JOINT RightHandThumb3
                                        {
                                            OFFSET -2.690000 0.000000 0.000000
                                            CHANNELS 3 Yrotation Xrotation Zrotation
                                            End Site
                                            {
                                                OFFSET -2.537000 0.000000 0.000000
                                            }
                                        }
                                    }
                                }
                                JOINT RightInHandIndex
                                {
                                    OFFSET -3.389000 0.535000 2.080000
                                    CHANNELS 3 Yrotation Xrotation Zrotation
                                    JOINT RightHandIndex1
                                    {
                                        OFFSET -5.485000 -0.096000 1.051000
                                        CHANNELS 3 Yrotation Xrotation Zrotation
                                        JOINT RightHandIndex2
                                        {
                                            OFFSET -3.806000 0.000000 0.000000
                                            CHANNELS 3 Yrotation Xrotation Zrotation
                                            JOINT RightHandIndex3
                                            {
                                                OFFSET -2.158000 0.000000 0.000000
                                                CHANNELS 3 Yrotation Xrotation Zrotation
                                                End Site
                                                {
                                                    OFFSET -1.898000 0.000000 0.000000
                                                }
                                            }
                                        }
                                    }
                                }
                                JOINT RightInHandMiddle
                                {
                                    OFFSET -3.556000 0.544000 0.796000
                                    CHANNELS 3 Yrotation Xrotation Zrotation
                                    JOINT RightHandMiddle1
                                    {
                                        OFFSET -5.441000 -0.088000 0.330000
                                        CHANNELS 3 Yrotation Xrotation Zrotation
                                        JOINT RightHandMiddle2
                                        {
                                            OFFSET -4.153000 0.000000 0.000000
                                            CHANNELS 3 Yrotation Xrotation Zrotation
                                            JOINT RightHandMiddle3
                                            {
                                                OFFSET -2.603000 0.000000 0.000000
                                                CHANNELS 3 Yrotation Xrotation Zrotation
                                                End Site
                                                {
                                                    OFFSET -2.076000 0.000000 0.000000
                                                }
                                            }
                                        }
                                    }
                                }
                                JOINT RightInHandRing
                                {
                                    OFFSET -3.539000 0.566000 -0.136000
                                    CHANNELS 3 Yrotation Xrotation Zrotation
                                    JOINT RightHandRing1
                                    {
                                        OFFSET -4.873000 -0.023000 -0.504000
                                        CHANNELS 3 Yrotation Xrotation Zrotation
                                        JOINT RightHandRing2
                                        {
                                            OFFSET -3.619000 0.000000 0.000000
                                            CHANNELS 3 Yrotation Xrotation Zrotation
                                            JOINT RightHandRing3
                                            {
                                                OFFSET -2.511000 0.000000 0.000000
                                                CHANNELS 3 Yrotation Xrotation Zrotation
                                                End Site
                                                {
                                                    OFFSET -1.952000 0.000000 0.000000
                                                }
                                            }
                                        }
                                    }
                                }
                                JOINT RightInHandPinky
                                {
                                    OFFSET -3.324000 0.494000 -1.264000
                                    CHANNELS 3 Yrotation Xrotation Zrotation
                                    JOINT RightHandPinky1
                                    {
                                        OFFSET -4.354000 -0.023000 -1.147000
                                        CHANNELS 3 Yrotation Xrotation Zrotation
                                        JOINT RightHandPinky2
                                        {
                                            OFFSET -2.898000 0.000000 0.000000
                                            CHANNELS 3 Yrotation Xrotation Zrotation
                                            JOINT RightHandPinky3
                                            {
                                                OFFSET -1.831000 0.000000 0.000000
                                                CHANNELS 3 Yrotation Xrotation Zrotation
                                                End Site
                                                {
                                                    OFFSET -1.730000 0.000000 0.000000
                                                }
                                            }
                                        }
                                    }
                                }
                            }
                        }
                    }
                }
                JOINT LeftShoulder
                {
                    OFFSET 2.900000 13.340000 0.000000
                    CHANNELS 3 Yrotation Xrotation Zrotation
                    JOINT LeftArm
                    {
                        OFFSET 16.100000 0.000000 0.000000
                        CHANNELS 3 Yrotation Xrotation Zrotation
                        JOINT LeftForeArm
                        {
                            OFFSET 28.000000 0.000000 0.000000
                            CHANNELS 3 Yrotation Xrotation Zrotation
                            JOINT LeftHand
                            {
                                OFFSET 26.000000 0.000000 0.000000
                                CHANNELS 3 Yrotation Xrotation Zrotation
                                JOINT LeftHandThumb1
                                {
                                    OFFSET 1.937000 -0.484000 2.518000
                                    CHANNELS 3 Yrotation Xrotation Zrotation
                                    JOINT LeftHandThumb2
                                    {
                                        OFFSET 3.872000 0.000000 0.000000
                                        CHANNELS 3 Yrotation Xrotation Zrotation
                                        JOINT LeftHandThumb3
                                        {
                                            OFFSET 2.690000 0.000000 0.000000
                                            CHANNELS 3 Yrotation Xrotation Zrotation
                                            End Site
                                            {
                                                OFFSET 2.537000 0.000000 0.000000
                                            }
                                        }
                                    }
                                }
                                JOINT LeftInHandIndex
                                {
                                    OFFSET 3.389000 0.535000 2.080000
                                    CHANNELS 3 Yrotation Xrotation Zrotation
                                    JOINT LeftHandIndex1
                                    {
                                        OFFSET 5.485000 -0.096000 1.051000
                                        CHANNELS 3 Yrotation Xrotation Zrotation
                                        JOINT LeftHandIndex2
                                        {
                                            OFFSET 3.806000 0.000000 0.000000
                                            CHANNELS 3 Yrotation Xrotation Zrotation
                                            JOINT LeftHandIndex3
                                            {
                                                OFFSET 2.158000 0.000000 0.000000
                                                CHANNELS 3 Yrotation Xrotation Zrotation
                                                End Site
                                                {
                                                    OFFSET 1.898000 0.000000 0.000000
                                                }
                                            }
                                        }
                                    }
                                }
                                JOINT LeftInHandMiddle
                                {
                                    OFFSET 3.556000 0.544000 0.796000
                                    CHANNELS 3 Yrotation Xrotation Zrotation
                                    JOINT LeftHandMiddle1
                                    {
                                        OFFSET 5.441000 -0.088000 0.330000
                                        CHANNELS 3 Yrotation Xrotation Zrotation
                                        JOINT LeftHandMiddle2
                                        {
                                            OFFSET 4.153000 0.000000 0.000000
                                            CHANNELS 3 Yrotation Xrotation Zrotation
                                            JOINT LeftHandMiddle3
                                            {
                                                OFFSET 2.603000 0.000000 0.000000
                                                CHANNELS 3 Yrotation Xrotation Zrotation
                                                End Site
                                                {
                                                    OFFSET 2.076000 0.000000 0.000000
                                                }
                                            }
                                        }
                                    }
                                }
                                JOINT LeftInHandRing
                                {
                                    OFFSET 3.539000 0.566000 -0.136000
                                    CHANNELS 3 Yrotation Xrotation Zrotation
                                    JOINT LeftHandRing1
                                    {
                                        OFFSET 4.873000 -0.023000 -0.504000
                                        CHANNELS 3 Yrotation Xrotation Zrotation
                                        JOINT LeftHandRing2
                                        {
                                            OFFSET 3.619000 0.000000 0.000000
                                            CHANNELS 3 Yrotation Xrotation Zrotation
                                            JOINT LeftHandRing3
                                            {
                                                OFFSET 2.511000 0.000000 0.000000
                                                CHANNELS 3 Yrotation Xrotation Zrotation
                                                End Site
                                                {
                                                    OFFSET 1.952000 0.000000 0.000000
                                                }
                                            }
                                        }
                                    }
                                }
                                JOINT LeftInHandPinky
                                {
                                    OFFSET 3.324000 0.494000 -1.264000
                                    CHANNELS 3 Yrotation Xrotation Zrotation
                                    JOINT LeftHandPinky1
                                    {
                                        OFFSET 4.354000 -0.023000 -1.147000
                                        CHANNELS 3 Yrotation Xrotation Zrotation
                                        JOINT LeftHandPinky2
                                        {
                                            OFFSET 2.898000 0.000000 0.000000
                                            CHANNELS 3 Yrotation Xrotation Zrotation
                                            JOINT LeftHandPinky3
                                            {
                                                OFFSET 1.831000 0.000000 0.000000
                                                CHANNELS 3 Yrotation Xrotation Zrotation
                                                End Site
                                                {
                                                    OFFSET 1.730000 0.000000 0.000000
                                                }
                                            }
                                        }
                                    }
                                }
                            }
                        }
                    }
                }
            }
        }
    }
}
MOTION
Frames: 418
Frame Time: 0.011111
0.000000 97.119995 0.000000 0.000000 0.000000 0.000000 0.000000 0.000000 0.000000 0.000000 0.000000 0.000000 0.000000 0.000000 0.000000 0.000000 0.000000 0.000000 0.000000 0.000000 0.000000 0.000000 0.000000 0.000000 0.000000 0.000000 0.000000 0.000000 0.000000 0.000000 0.000000 0.000000 0.000000 0.000000 0.000000 0.000000 0.000000 0.000000 0.000000 0.000000 0.000000 0.000000 0.000000 0.000000 0.000000 0.000000 0.000000 0.000000 0.000000 0.000000 0.000000 0.000000 0.000000 0.000000 0.000000 0.000000 0.000000 0.000000 0.000000 0.000000 0.000000 0.000000 0.000000 0.000000 0.000000 0.000000 0.000000 0.000000 0.000000 0.000000 0.000000 0.000000 0.000000 0.000000 0.000000 0.000000 0.000000 0.000000 0.000000 0.000000 0.000000 0.000000 0.000000 0.000000 0.000000 0.000000 0.000000 0.000000 0.000000 0.000000 0.000000 0.000000 0.000000 0.000000 0.000000 0.000000 0.000000 0.000000 0.000000 0.000000 0.000000 0.000000 0.000000 0.000000 0.000000 0.000000 0.000000 0.000000 0.000000 0.000000 0.000000 0.000000 0.000000 0.000000 0.000000 0.000000 0.000000 0.000000 0.000000 0.000000 0.000000 0.000000 0.000000 0.000000 0.000000 0.000000 0.000000 0.000000 0.000000 0.000000 0.000000 0.000000 0.000000 0.000000 0.000000 0.000000 0.000000 0.000000 0.000000 0.000000 0.000000 0.000000 0.000000 0.000000 0.000000 0.000000 0.000000 0.000000 0.000000 0.000000 0.000000 0.000000 0.000000 0.000000 0.000000 0.000000 0.000000 0.000000 0.000000 0.000000 0.000000 0.000000 0.000000 0.000000 0.000000 0.000000 0.000000 0.000000 0.000000 0.000000 0.000000 0.000000 0.000000 0.000000 0.000000 0.000000 0.000000 0.000000 0.000000 0.000000
-1.726954 97.153740 -1.932539 92.456299 -176.360504 -179.345367 172.801620 173.725906 177.351456 175.566208 178.698654 179.947205 9.504329 -3.282486 1.031072 0.709221 3.933677 2.668353 9.533175 2.566499 -0.148193 170.700562 -178.124329 175.349747 0.192607 4.114675 0.109156 0.192601 4.035331 0.172449 0.879660 2.921775 0.285443 0.000009 -4.527943 0.200780 179.999985 -174.717407 -179.792053 171.252274 -176.165421 -179.283997 6.176076 0.156381 -1.117215 12.851048 -7.981868 81.203888 178.479462 -177.654327 -179.377396 175.222458 177.182922 173.882294 34.176338 46.812515 11.828714 180.000000 179.999985 -164.709137 0.000001 -0.000003 10.183704 0.000000 -0.000000 0.000000 15.000004 0.000002 31.867388 180.000000 -179.999985 -153.926682 0.000007 -0.000002 18.251314 0.000000 -0.000000 0.000000 180.000000 -179.999985 -147.265793 0.000000 0.000001 32.734203 0.000010 -0.000004 21.800987 0.000000 -0.000000 0.000000 170.000015 179.999985 -151.124466 180.000000 -180.000000 -151.124466 180.000000 179.999985 -160.768890 0.000000 -0.000000 0.000000 160.000015 179.999985 -160.153641 180.000000 -179.999985 -150.230469 0.000004 0.000003 19.826511 174.178970 -177.949585 -179.681427 171.996552 -172.439514 97.691933 179.340271 -179.890686 179.378372 10.001796 3.233644 -0.873621 130.691360 122.429573 155.562134 0.000000 -0.000002 -12.522424 180.000000 180.000000 171.660065 0.000000 -0.000000 0.000000 165.000015 179.999985 150.673828 0.000004 -0.000000 -23.994143 0.000017 0.000005 -16.795902 0.000000 -0.000000 0.000000 0.000003 -0.000010 -31.093824 180.000000 -179.999985 148.906174 180.000000 -179.999985 159.291534 0.000000 -0.000000 0.000000 9.999997 -0.000003 -29.173134 0.000000 -0.000002 -29.173141 0.000004 -0.000004 -19.429300 0.000000 -0.000000 0.000000 20.000019 0.000002 -24.085566 180.000000 -179.999985 143.871658 0.000006 0.000003 -24.061470
-1.726207 97.153862 -1.931437 92.458717 -176.367157 -179.342667 172.798904 173.729401 177.346832 175.570190 178.706177 179.951416 9.500013 -3.278685 1.032674 0.705912 3.929059 2.663449 9.537300 2.563147 -0.147530 170.696457 -178.125351 175.350494 0.191693 4.115264 0.108509 0.191642 4.035906 0.171402 0.875445 2.922264 0.283806 179.999985 -175.474457 -179.795578 0.000002 -5.279788 0.211719 171.258362 -176.167755 -179.282501 6.179033 0.145594 -1.117741 12.859621 -7.974907 81.204216 178.484772 -177.659332 -179.379608 175.221680 177.185837 173.882523 34.176735 46.811905 11.814189 180.000000 -179.999985 -164.716476 180.000000 180.000000 -169.821167 0.000000 -0.000002 -0.000002 15.000006 0.000012 31.872442 0.000001 0.000003 26.077440 0.000000 0.000001 18.254219 0.000000 -0.000002 -0.000002 180.000000 -179.999985 -147.259094 0.000000 -0.000000 32.740898 180.000000 -179.999985 -158.194565 0.000000 -0.000002 -0.000002 170.000000 -179.999985 -151.119736 0.000003 -0.000003 28.880257 0.000009 -0.000007 19.234261 0.000000 -0.000002 -0.000002 160.000015 179.999985 -160.145279 180.000000 179.999985 -150.217911 180.000000 -179.999985 -160.165115 174.180176 -177.935898 -179.669250 171.977982 -172.453720 97.673157 179.332626 -179.870132 179.378098 10.003701 3.248318 -0.872538 130.742676 122.438255 155.617126 0.000004 0.000002 -12.522271 0.000000 0.000000 -8.339829 180.000000 -180.000000 180.000000 165.000000 -179.999985 150.690216 179.999985 -179.999985 156.019272 0.000000 -0.000002 -16.786507 180.000000 -180.000000 180.000000 0.000003 0.000003 -31.086731 180.000000 -179.999985 148.913269 180.000000 -179.999985 159.296234 180.000000 -180.000000 180.000000 10.000009 -0.000006 -29.162735 0.000007 0.000002 -29.162718 0.000009 0.000010 -19.422377 180.000000 -180.000000 180.000000 19.999989 -0.000018 -24.073675 0.000012 0.000007 -36.110516 0.000012 0.000008 -24.049604
-1.725439 97.153976 -1.930034 92.460075 -176.374222 -179.339630 172.796448 173.732101 177.342529 175.575516 178.716187 179.954178 9.495348 -3.274173 1.033460 0.703561 3.923245 2.656304 9.543773 2.559268 -0.144104 170.692963 -178.127869 175.350784 0.190899 4.114469 0.108029 0.190883 4.035130 0.170646 0.871868 2.921758 0.282555 0.000007 -4.521695 0.208377 179.999985 -174.724701 -179.784180 171.267670 -176.171295 -179.281189 6.181678 0.137362 -1.119010 12.866920 -7.966958 81.202187 178.492157 -177.660202 -179.377472 175.221420 177.190247 173.881317 34.168938 46.802792 11.801730 180.000000 179.999985 -164.717636 0.000002 0.000002 10.178020 0.000000 -0.000000 0.000000 15.000009 -0.000003 31.880556 180.000000 -180.000000 -153.915894 0.000010 -0.000005 18.258863 0.000000 -0.000000 0.000000 0.000005 0.000000 32.746635 0.000001 0.000005 32.746670 0.000001 0.000003 21.809277 0.000000 -0.000000 0.000000 170.000015 180.000000 -151.112686 0.000001 0.000003 28.887320 0.000006 -0.000005 19.238947 0.000000 -0.000000 0.000000 160.000015 -179.999985 -160.143326 0.000002 -0.000009 29.785017 0.000003 -0.000001 19.836828 174.182861 -177.926636 -179.662430 171.965881 -172.466736 97.659470 179.322662 -179.859314 179.377029 10.010786 3.260382 -0.859738 130.776245 122.443802 155.653885 0.000000 0.000005 -12.521711 180.000000 -180.000000 171.660553 0.000000 -0.000000 0.000000 165.000000 179.999985 150.696823 0.000011 0.000014 -23.975309 180.000000 -179.999985 163.217270 0.000000 -0.000000 0.000000 179.999985 -179.999985 148.920044 0.000008 0.000011 -31.079948 0.000003 0.000001 -20.699238 0.000000 -0.000000 0.000000 9.999986 -0.000002 -29.159977 180.000000 -179.999985 150.840012 180.000000 -179.999985 160.579453 0.000000 -0.000000 0.000000 20.000006 -0.000006 -24.069609 0.000004 0.000010 -36.104420 180.000000 -179.999985 155.954468
-1.724800 97.154045 -1.928551 92.460220 -176.380127 -179.338303 172.796280 173.735352 177.341034 175.580276 178.723343 179.954544 9.490355 -3.270774 1.035219 0.698245 3.920323 2.651308 9.554304 2.553477 -0.141320 170.687317 -178.131119 175.350723 0.190449 4.114337 0.107598 0.190438 4.035005 0.169948 0.869833 2.921699 0.281504 179.999985 -175.482407 -179.786728 0.000010 -5.270517 0.220898 171.276260 -176.175140 -179.279282 6.182110 0.131925 -1.118874 12.871023 -7.962394 81.202354 178.499329 -177.654068 -179.375870 175.221878 177.190796 173.880051 34.171078 46.797722 11.803175 180.000000 -180.000000 -164.716904 0.000002 -0.000002 10.178526 0.000000 -0.000000 0.000000 15.000012 -0.000003 31.880625 180.000000 -180.000000 -153.915863 0.000009 -0.000008 18.258896 0.000000 -0.000000 0.000000 0.000005 -0.000007 32.753510 179.999985 179.999985 -147.246506 180.000000 -179.999985 -158.186172 0.000000 -0.000000 0.000000 170.000000 -180.000000 -151.107666 0.000009 -0.000004 28.892328 180.000000 -180.000000 -160.757690 0.000000 -0.000000 0.000000 160.000000 -179.999985 -160.137405 180.000000 179.999985 -150.206085 0.000006 -0.000005 19.842745 174.184586 -177.917770 -179.657486 171.960281 -172.481232 97.652855 179.315125 -179.865936 179.379807 10.013999 3.257283 -0.852493 130.807053 122.457809 155.682297 180.000000 -179.999985 167.474670 0.000000 0.000000 -8.341884 0.000002 0.000002 0.000000 165.000000 -179.999985 150.691956 0.000000 -0.000002 -23.979311 0.000006 0.000004 -16.785513 0.000002 0.000002 0.000000 0.000004 -0.000001 -31.082262 180.000000 -179.999985 148.917755 0.000016 0.000010 -20.700788 0.000002 0.000002 0.000000 10.000008 0.000010 -29.159990 0.000003 0.000001 -29.159969 179.999985 -179.999985 160.579437 0.000002 0.000002 0.000000 20.000002 0.000002 -24.066521 179.999985 -179.999985 143.900223 0.000015 0.000012 -24.042444
-1.723968 97.154053 -1.927255 92.461227 -176.387146 -179.335388 172.794846 173.740234 177.338348 175.582321 178.729706 179.955765 9.488298 -3.268309 1.035807 0.689110 3.915100 2.642649 9.566686 2.548560 -0.137121 170.683884 -178.133026 175.350769 0.189623 4.114255 0.106758 0.189604 4.034922 0.168589 0.866190 2.921708 0.279476 0.000021 -4.513714 0.218616 179.999985 -174.733994 -179.773575 171.286667 -176.178833 -179.277206 6.184045 0.125415 -1.117146 12.872900 -7.960225 81.201118 178.506485 -177.648621 -179.373642 175.222046 177.191650 173.881836 34.171257 46.790970 11.801189 180.000000 179.999985 -164.716736 0.000000 0.000002 10.178657 0.000000 -0.000002 0.000000 14.999987 -0.000013 31.884508 180.000000 179.999985 -153.912689 179.999985 179.999985 -161.738876 0.000000 -0.000002 0.000000 0.000001 -0.000008 32.749813 180.000000 -179.999985 -147.250183 179.999985 179.999985 -158.188629 0.000000 -0.000002 0.000000 170.000000 179.999985 -151.108612 180.000000 -179.999985 -151.108627 0.000001 0.000003 19.241659 0.000000 -0.000002 0.000000 160.000015 180.000000 -160.134598 180.000000 -179.999985 -150.201935 0.000003 -0.000002 19.845522 174.187653 -177.911133 -179.652954 171.963638 -172.491623 97.646179 179.311447 -179.881973 179.388016 10.015574 3.250290 -0.846748 130.833099 122.470879 155.699295 0.000002 0.000002 -12.532109 180.000000 -179.999985 171.653625 0.000000 -0.000000 0.000000 165.000015 -179.999985 150.689941 0.000006 0.000005 -23.980951 180.000000 -180.000000 163.213333 0.000000 -0.000000 0.000000 0.000003 -0.000003 -31.081408 0.000006 0.000004 -31.081400 0.000004 -0.000003 -20.700216 0.000000 -0.000000 0.000000 9.999994 0.000003 -29.164255 180.000000 -179.999985 150.835739 180.000000 180.000000 160.576599 0.000000 -0.000000 0.000000 20.000002 0.000001 -24.068464 0.000002 0.000006 -36.102688 0.000002 0.000007 -24.044422
-1.723075 97.154076 -1.926458 92.459450 -176.394089 -179.333817 172.799194 173.746262 177.340408 175.579514 178.735214 179.954163 9.488547 -3.263288 1.035731 0.680053 3.909308 2.638839 9.578540 2.547472 -0.136364 170.683578 -178.132492 175.351166 0.189253 4.114040 0.106165 0.189245 4.034714 0.167617 0.864601 2.921604 0.278102 0.000000 -4.509975 0.223658 0.000005 -5.261635 0.231646 171.295715 -176.182388 -179.275192 6.184862 0.121466 -1.116458 12.872409 -7.958202 81.201897 178.515793 -177.645416 -179.371643 175.223007 177.193787 173.883606 34.169476 46.794765 11.794582 0.000004 -0.000001 15.279990 180.000000 -179.999985 -169.823502 0.000000 -0.000000 0.000000 15.000004 -0.000000 31.883450 0.000003 -0.000004 26.086462 0.000001 0.000003 18.260529 0.000000 -0.000000 0.000000 180.000000 179.999985 -147.251190 0.000005 0.000006 32.748821 0.000009 -0.000009 21.810696 0.000000 -0.000000 0.000000 170.000000 180.000000 -151.105881 180.000000 -179.999985 -151.105896 180.000000 179.999985 -160.756516 0.000000 -0.000000 0.000000 160.000000 180.000000 -160.135468 0.000001 0.000005 29.796810 180.000000 -179.999985 -160.155319 174.191681 -177.908066 -179.649628 171.970688 -172.499435 97.643387 179.310272 -179.903381 179.396286 10.015256 3.238365 -0.840984 130.851562 122.475990 155.702545 0.000003 0.000007 -12.540625 0.000000 0.000000 -8.352057 0.000002 0.000002 0.000002 165.000000 -180.000000 150.686234 0.000002 0.000007 -23.983976 180.000000 180.000000 163.211212 0.000002 0.000002 0.000002 179.999985 -179.999985 148.913391 180.000000 -179.999985 148.913406 0.000003 0.000002 -20.703676 0.000002 0.000002 0.000002 9.999995 0.000001 -29.163507 0.000005 0.000007 -29.163481 180.000000 -179.999985 160.577133 0.000002 0.000002 0.000002 19.999998 -0.000004 -24.061024 0.000009 -0.000004 -36.091534 0.000003 0.000001 -24.036951
-1.722060 97.154045 -1.926137 92.458321 -176.399628 -179.332581 172.804993 173.751785 177.343521 175.573380 178.738907 179.950836 9.489596 -3.260748 1.036423 0.670078 3.903587 2.634581 9.588729 2.546215 -0.135034 170.685730 -178.133484 175.351715 0.188748 4.114640 0.105610 0.188712 4.035304 0.166728 0.862259 2.922071 0.276775 180.000000 -175.493103 -179.771484 180.000000 -174.741943 -179.763321 171.305542 -176.185364 -179.273254 6.188211 0.118117 -1.112954 12.867743 -7.961908 81.201149 178.519928 -177.646545 -179.371414 175.225174 177.197708 173.884720 34.178608 46.810764 11.823953 180.000000 180.000000 -164.712173 180.000000 180.000000 -169.818314 0.000000 -0.000000 0.000000 15.000004 0.000007 31.880478 180.000000 -179.999985 -153.915985 180.000000 179.999985 -161.741196 0.000000 -0.000000 0.000000 180.000000 179.999985 -147.252609 0.000004 0.000001 32.747398 180.000000 179.999985 -158.190247 0.000000 -0.000000 0.000000 170.000015 -180.000000 -151.106888 180.000000 179.999985 -151.106888 180.000000 179.999985 -160.757187 0.000000 -0.000000 0.000000 160.000015 -179.999985 -160.141632 0.000005 0.000000 29.787544 180.000000 -179.999985 -160.161484 174.195831 -177.903946 -179.649170 171.981659 -172.504211 97.646347 179.315094 -179.925064 179.402878 10.016865 3.230414 -0.831598 130.863297 122.485046 155.691437 180.000000 -179.999985 167.446426 0.000003 0.000004 -8.360695 180.000000 180.000000 -180.000000 165.000015 -180.000000 150.681824 0.000005 0.000008 -23.987608 179.999985 -179.999985 163.208679 180.000000 180.000000 -180.000000 0.000002 -0.000001 -31.085655 180.000000 -179.999985 148.914322 0.000007 0.000001 -20.703058 180.000000 180.000000 -180.000000 9.999995 -0.000006 -29.170246 180.000000 -179.999985 150.829758 0.000006 0.000008 -19.427391 180.000000 180.000000 -180.000000 19.999987 0.000001 -24.062447 180.000000 -179.999985 143.906342 179.999985 180.000000 155.961624
-1.721154 97.153938 -1.926130 92.456757 -176.404327 -179.331238 172.812454 173.756790 177.345901 175.565994 178.741638 179.949173 9.491642 -3.258339 1.037180 0.658093 3.899463 2.631653 9.600200 2.547628 -0.134398 170.686630 -178.130737 175.351242 0.188442 4.115989 0.104941 0.188443 4.036624 0.165623 0.861044 2.923067 0.275278 180.000000 -175.495773 -179.766846 180.000000 -174.745056 -179.758514 171.312897 -176.187988 -179.271271 6.188395 0.115671 -1.107478 12.861374 -7.967472 81.198875 178.522537 -177.652740 -179.371170 175.226562 177.198975 173.885864 34.188046 46.827438 11.824445 0.000004 -0.000004 15.280895 180.000000 180.000000 -169.822906 0.000000 -0.000002 0.000000 15.000000 -0.000004 31.877523 179.999985 180.000000 -153.918365 0.000003 -0.000003 18.257133 0.000000 -0.000002 0.000000 0.000010 -0.000003 32.746826 179.999985 -180.000000 -147.253159 180.000000 180.000000 -158.190628 0.000000 -0.000002 0.000000 170.000000 -180.000000 -151.110123 180.000000 -180.000000 -151.110123 0.000000 -0.000000 19.240662 0.000000 -0.000002 0.000000 160.000015 -180.000000 -160.140594 180.000000 -179.999985 -150.210907 180.000000 179.999985 -160.160446 174.198853 -177.900330 -179.649933 171.994019 -172.508362 97.653198 179.323807 -179.943329 179.408447 10.014553 3.225751 -0.825548 130.871353 122.483093 155.689590 180.000000 -179.999985 167.441711 0.000000 0.000000 -8.363817 180.000000 -180.000000 180.000000 165.000000 -179.999985 150.680573 0.000007 -0.000001 -23.988600 180.000000 179.999985 163.207977 180.000000 -180.000000 180.000000 180.000000 -179.999985 148.911118 0.000002 0.000007 -31.088890 180.000000 -180.000000 159.294800 180.000000 -180.000000 180.000000 10.000010 0.000002 -29.168589 180.000000 179.999985 150.831421 180.000000 -180.000000 160.573730 180.000000 -180.000000 180.000000 20.000006 -0.000009 -24.060474 0.000002 0.000006 -36.090706 180.000000 -179.999985 155.963593
-1.720319 97.153763 -1.926302 92.452576 -176.409348 -179.328598 172.823395 173.761383 177.346817 175.557327 178.745148 179.948074 9.493357 -3.256097 1.037076 0.647377 3.892755 2.628369 9.611441 2.551032 -0.134083 170.691177 -178.128677 175.351608 0.188503 4.117276 0.104130 0.188496 4.037888 0.164260 0.861484 2.924034 0.273547 0.000009 -4.501731 0.237337 179.999985 -174.747971 -179.754181 171.320358 -176.190430 -179.269516 6.189947 0.115004 -1.102342 12.856202 -7.973134 81.193710 178.525497 -177.657547 -179.369659 175.226791 177.196411 173.884705 34.191261 46.828911 11.847870 0.000001 0.000001 15.290998 180.000000 180.000000 -169.816177 180.000000 -180.000000 -180.000000 14.999999 -0.000012 31.876490 0.000006 -0.000004 26.080761 180.000000 179.999985 -161.743469 180.000000 -180.000000 -180.000000 0.000004 -0.000010 32.746864 180.000000 179.999985 -147.253128 0.000000 0.000001 21.809429 180.000000 -180.000000 -180.000000 170.000000 -179.999985 -151.109741 0.000000 -0.000000 28.890263 180.000000 179.999985 -160.759079 180.000000 -180.000000 -180.000000 160.000015 -179.999985 -160.145844 0.000007 -0.000007 29.781246 180.000000 -179.999985 -160.165695 174.201843 -177.897934 -179.650620 172.007904 -172.511383 97.659203 179.330460 -179.953430 179.411835 10.015880 3.233350 -0.814932 130.868011 122.491150 155.676056 180.000000 180.000000 167.435349 180.000000 180.000000 171.631943 180.000000 -180.000000 180.000000 165.000000 179.999985 150.676834 0.000006 0.000003 -23.991688 0.000003 0.000003 -16.794178 180.000000 -180.000000 180.000000 0.000000 0.000000 -31.095028 180.000000 180.000000 148.904968 0.000007 -0.000000 -20.709288 180.000000 -180.000000 180.000000 9.999990 -0.000004 -29.176105 179.999985 -179.999985 150.823883 0.000015 0.000011 -19.431297 180.000000 -180.000000 180.000000 19.999983 0.000008 -24.061897 180.000000 -179.999985 143.907135 0.000012 0.000011 -24.037851
-1.719879 97.153534 -1.926466 92.447258 -176.413101 -179.326462 172.832870 173.764328 177.345718 175.552048 178.748749 179.949387 9.494140 -3.253682 1.036438 0.637307 3.887396 2.626665 9.623775 2.555476 -0.135511 170.694962 -178.127106 175.352570 0.188713 4.119104 0.103561 0.188717 4.039689 0.163302 0.862630 2.925353 0.272398 179.999985 -175.500961 -179.759460 0.000003 -5.248874 0.249126 171.327225 -176.192932 -179.268356 6.190951 0.115725 -1.096865 12.854928 -7.978490 81.186478 178.527924 -177.660583 -179.367661 175.225800 177.195114 173.883118 34.183857 46.825241 11.843634 180.000000 179.999985 -164.707245 0.000002 -0.000003 10.184956 0.000000 -0.000000 0.000000 15.000002 -0.000004 31.884939 180.000000 179.999985 -153.912323 0.000006 -0.000003 18.261354 0.000000 -0.000000 0.000000 180.000000 -179.999985 -147.251602 0.000003 -0.000001 32.748375 180.000000 -179.999985 -158.189575 0.000000 -0.000000 0.000000 170.000000 180.000000 -151.110458 180.000000 179.999985 -151.110474 0.000004 0.000003 19.240425 0.000000 -0.000000 0.000000 160.000000 -179.999985 -160.144470 180.000000 -179.999985 -150.216690 180.000000 179.999985 -160.164307 174.206253 -177.896103 -179.654053 172.020172 -172.514832 97.669281 179.337112 -179.963028 179.411591 10.016335 3.241993 -0.803821 130.867050 122.490540 155.666656 0.000000 -0.000002 -12.568802 180.000000 -180.000000 171.629196 0.000003 -0.000002 -0.000000 165.000000 -180.000000 150.671326 0.000005 0.000011 -23.996195 0.000010 0.000006 -16.797350 0.000003 -0.000002 -0.000000 180.000000 179.999985 148.900772 0.000004 -0.000001 -31.099245 0.000000 -0.000001 -20.712097 0.000003 -0.000002 -0.000000 9.999989 0.000002 -29.181950 0.000001 -0.000005 -29.181938 180.000000 -179.999985 160.564819 0.000003 -0.000002 -0.000000 19.999987 0.000004 -24.063074 180.000000 -179.999985 143.905380 180.000000 -179.999985 155.960983
-1.719956 97.153236 -1.926605 92.442184 -176.416046 -179.323654 172.840958 173.766006 177.342529 175.548676 178.753632 179.950912 9.494513 -3.251999 1.038058 0.627581 3.882671 2.624411 9.636072 2.560312 -0.136183 170.698074 -178.125122 175.352585 0.188835 4.121377 0.103000 0.188841 4.041917 0.162355 0.863261 2.926992 0.271237 0.000008 -4.496805 0.243193 180.000000 -174.753723 -179.748123 171.336273 -176.194992 -179.267624 6.191830 0.117999 -1.091022 12.859858 -7.983919 81.176178 178.528519 -177.658279 -179.365173 175.225693 177.192490 173.882980 34.183956 46.819630 11.845476 0.000003 -0.000005 15.294672 180.000000 -180.000000 -169.813751 0.000000 -0.000000 0.000000 15.000006 -0.000012 31.885689 179.999985 179.999985 -153.911697 180.000000 180.000000 -161.738190 0.000000 -0.000000 0.000000 0.000002 0.000001 32.754082 180.000000 -179.999985 -147.245926 0.000000 0.000003 21.814215 0.000000 -0.000000 0.000000 170.000000 -180.000000 -151.106369 180.000000 179.999985 -151.106354 0.000005 -0.000010 19.243164 0.000000 -0.000000 0.000000 160.000015 179.999985 -160.139603 0.000008 -0.000002 29.790556 180.000000 -179.999985 -160.159500 174.210526 -177.896378 -179.661148 172.032379 -172.516693 97.683449 179.343857 -179.972931 179.413040 10.016883 3.251810 -0.797726 130.871994 122.497093 155.655960 180.000000 180.000000 167.422287 0.000000 -0.000002 -8.376755 0.000000 -0.000000 0.000000 165.000015 180.000000 150.667709 180.000000 179.999985 156.000839 179.999985 -179.999985 163.200592 0.000000 -0.000000 0.000000 180.000000 -180.000000 148.895981 0.000001 -0.000002 -31.104033 180.000000 -179.999985 159.284714 0.000000 -0.000000 0.000000 9.999989 0.000004 -29.184641 180.000000 -179.999985 150.815353 0.000012 0.000009 -19.436977 0.000000 -0.000000 0.000000 19.999990 -0.000000 -24.069490 0.000002 -0.000005 -36.104218 0.000000 -0.000002 -24.045420
-1.720778 97.152878 -1.926566 92.436089 -176.419388 -179.320816 172.846603 173.767670 177.338898 175.549713 178.757874 179.953094 9.494043 -3.250249 1.038767 0.620554 3.878498 2.622621 9.648506 2.565727 -0.136885 170.699951 -178.122070 175.353165 0.189219 4.123118 0.102612 0.189213 4.043629 0.161680 0.865124 2.928240 0.270511 179.999985 -175.508545 -179.754837 0.000001 -5.240043 0.253917 171.345520 -176.199600 -179.267731 6.190981 0.121414 -1.084957 12.865656 -7.986614 81.166138 178.530136 -177.656036 -179.365082 175.223267 177.194321 173.885635 34.175655 46.812489 11.848392 180.000000 179.999985 -164.698975 0.000001 -0.000000 10.190484 0.000000 -0.000000 0.000000 15.000002 0.000000 31.887831 180.000000 -179.999985 -153.909973 180.000000 180.000000 -161.736984 0.000000 -0.000000 0.000000 180.000000 180.000000 -147.246094 180.000000 179.999985 -147.246124 180.000000 179.999985 -158.185898 0.000000 -0.000000 0.000000 170.000000 179.999985 -151.104675 0.000003 0.000003 28.895330 180.000000 179.999985 -160.755707 0.000000 -0.000000 0.000000 160.000015 -179.999985 -160.136383 0.000001 0.000001 29.795446 180.000000 -179.999985 -160.156235 174.214600 -177.900925 -179.667770 172.041336 -172.516571 97.696808 179.350327 -179.982056 179.414078 10.016701 3.260705 -0.794077 130.871628 122.503159 155.659424 0.000001 0.000000 -12.576757 180.000000 -179.999985 171.623886 0.000000 -0.000000 0.000000 165.000000 179.999985 150.664871 180.000000 -179.999985 155.998535 0.000010 0.000006 -16.801027 0.000000 -0.000000 0.000000 180.000000 179.999985 148.893173 180.000000 180.000000 148.893173 180.000000 -179.999985 159.282867 0.000000 -0.000000 0.000000 9.999995 -0.000005 -29.187706 0.000006 0.000005 -29.187710 179.999985 180.000000 160.560989 0.000000 -0.000000 0.000000 19.999992 0.000010 -24.070021 180.000000 -179.999985 143.894974 0.000004 -0.000001 -24.045944
-1.722416 97.152481 -1.926304 92.429115 -176.421219 -179.318741 172.850876 173.767014 177.334290 175.552948 178.761993 179.956253 9.493598 -3.249220 1.039741 0.616246 3.876580 2.621161 9.658902 2.569953 -0.137289 170.702240 -178.118271 175.354263 0.189829 4.125906 0.102678 0.189814 4.046364 0.161752 0.867959 2.930201 0.270837 0.000006 -4.485681 0.245595 179.999985 -174.766693 -179.745636 171.354065 -176.204453 -179.268784 6.189433 0.124582 -1.079013 12.874802 -7.989027 81.155464 178.531036 -177.651245 -179.366684 175.220398 177.199097 173.888748 34.177032 46.814907 11.844990 0.000001 -0.000004 15.298288 180.000000 180.000000 -169.811340 0.000000 -0.000000 0.000000 14.999993 0.000002 31.885294 0.000003 -0.000002 26.087954 180.000000 -180.000000 -161.738419 0.000000 -0.000000 0.000000 180.000000 179.999985 -147.248627 0.000004 -0.000000 32.751377 179.999985 180.000000 -158.187576 0.000000 -0.000000 0.000000 170.000000 179.999985 -151.105621 0.000002 -0.000006 28.894377 180.000000 179.999985 -160.756348 0.000000 -0.000000 0.000000 160.000015 179.999985 -160.136017 180.000000 179.999985 -150.204010 0.000009 -0.000010 19.844124 174.217712 -177.903549 -179.675354 172.047150 -172.518600 97.709969 179.355087 -179.990601 179.415939 10.015774 3.266470 -0.792052 130.874817 122.505577 155.650543 0.000002 0.000002 -12.583220 180.000000 -179.999985 171.619583 0.000000 -0.000000 0.000000 165.000000 179.999985 150.661560 180.000000 -179.999985 155.995819 0.000000 0.000000 -16.802927 0.000000 -0.000000 0.000000 180.000000 -179.999985 148.892273 0.000006 0.000004 -31.107718 0.000007 0.000001 -20.717737 0.000000 -0.000000 0.000000 9.999991 0.000004 -29.190168 0.000003 -0.000012 -29.190168 0.000003 0.000001 -19.440659 0.000000 -0.000000 0.000000 20.000004 0.000003 -24.069870 180.000000 180.000000 143.895203 0.000002 0.000006 -24.045801
-1.724880 97.152046 -1.925937 92.422737 -176.420883 -179.317963 172.851425 173.765289 177.331085 175.559555 178.765213 179.958603 9.492949 -3.249155 1.040924 0.613448 3.878464 2.620433 9.668927 2.573973 -0.136142 170.702621 -178.112411 175.353745 0.190476 4.129569 0.103351 0.190459 4.049952 0.162834 0.870855 2.932748 0.272507 180.000000 -175.520203 -179.755615 180.000000 -174.773590 -179.746872 171.361862 -176.209259 -179.270798 6.186245 0.125869 -1.070761 12.884458 -7.988357 81.143356 178.531250 -177.645416 -179.370331 175.217514 177.204758 173.891296 34.192871 46.827133 11.843268 0.000002 0.000001 15.288325 0.000000 0.000001 10.182022 0.000000 -0.000000 0.000000 15.000012 -0.000000 31.880362 0.000006 -0.000006 26.083929 180.000000 180.000000 -161.741257 0.000000 -0.000000 0.000000 0.000005 0.000000 32.749454 0.000007 0.000001 32.749443 180.000000 179.999985 -158.188873 0.000000 -0.000000 0.000000 170.000000 -180.000000 -151.108032 0.000000 -0.000000 28.891977 0.000007 -0.000001 19.242052 0.000000 -0.000000 0.000000 160.000015 -180.000000 -160.135208 0.000004 -0.000003 29.797182 180.000000 179.999985 -160.155075 174.219864 -177.905273 -179.684311 172.048401 -172.522415 97.724243 179.359695 -179.997375 179.416901 10.014093 3.267849 -0.791459 130.876190 122.506233 155.646622 0.000000 0.000000 -12.585966 0.000002 0.000000 -8.382270 0.000000 -0.000000 0.000000 165.000000 179.999985 150.662537 179.999985 -179.999985 155.996643 0.000007 0.000003 -16.802355 0.000000 -0.000000 0.000000 180.000000 180.000000 148.889954 0.000006 0.000005 -31.110041 180.000000 -180.000000 159.280701 0.000000 -0.000000 0.000000 9.999996 -0.000000 -29.195534 0.000003 0.000003 -29.195524 0.000000 0.000000 -19.444229 0.000000 -0.000000 0.000000 20.000002 0.000002 -24.069040 0.000004 -0.000002 -36.103539 179.999985 -179.999985 155.955032
-1.727664 97.151527 -1.925554 92.416199 -176.419174 -179.316284 172.851074 173.762283 177.327438 175.567734 178.768478 179.960175 9.491589 -3.250060 1.042474 0.613259 3.883529 2.618382 9.676553 2.576502 -0.133976 170.701401 -178.106247 175.354660 0.191221 4.134114 0.104010 0.191210 4.054410 0.163887 0.874158 2.935933 0.274165 0.000007 -4.472149 0.242445 0.000001 -5.217506 0.251107 171.371338 -176.215454 -179.273621 6.182893 0.125715 -1.063512 12.891041 -7.986632 81.134468 178.532166 -177.643021 -179.377350 175.213776 177.214752 173.893997 34.188290 46.833073 11.837761 0.000000 -0.000000 15.286423 180.000000 180.000000 -169.819244 0.000000 -0.000000 0.000000 15.000006 -0.000004 31.874697 179.999985 180.000000 -153.920700 179.999985 179.999985 -161.744476 0.000000 -0.000000 0.000000 0.000005 0.000004 32.742992 180.000000 180.000000 -147.257004 179.999985 179.999985 -158.193176 0.000000 -0.000000 0.000000 170.000000 -179.999985 -151.115662 0.000004 -0.000006 28.884310 180.000000 179.999985 -160.763046 0.000000 -0.000000 0.000000 160.000000 179.999985 -160.139664 0.000005 -0.000007 29.790504 180.000000 179.999985 -160.159500 174.220169 -177.907227 -179.692657 172.050858 -172.524231 97.736977 179.365891 179.997345 179.418243 10.011474 3.267334 -0.789535 130.891479 122.502136 155.654129 180.000000 -179.999985 167.410690 0.000001 0.000005 -8.384471 0.000003 -0.000003 -0.000000 165.000031 -180.000000 150.668518 180.000000 -180.000000 156.001526 180.000000 179.999985 163.201065 0.000003 -0.000003 -0.000000 0.000011 -0.000009 -31.108080 180.000000 -179.999985 148.891922 0.000010 0.000003 -20.717968 0.000003 -0.000003 -0.000000 10.000017 0.000009 -29.184937 180.000000 179.999985 150.815079 0.000006 0.000006 -19.437164 0.000003 -0.000003 -0.000000 20.000017 -0.000002 -24.065681 180.000000 180.000000 143.901474 0.000019 0.000009 -24.041607
-1.731661 97.151016 -1.924469 92.407463 -176.413803 -179.319901 172.847961 173.755081 177.326157 175.578262 178.769409 179.963394 9.492698 -3.250845 1.042102 0.610101 3.891790 2.619923 9.689717 2.580152 -0.130598 170.700623 -178.097244 175.354431 0.192693 4.141178 0.106520 0.192674 4.061329 0.167984 0.880512 2.940779 0.280063 179.999985 -175.532242 -179.761139 0.000007 -5.212385 0.247397 171.374329 -176.218796 -179.276596 6.174050 0.119203 -1.055681 12.896317 -7.983696 81.123337 178.529556 -177.638458 -179.381897 175.209900 177.211395 173.888260 34.184940 46.836620 11.856538 0.000000 0.000002 15.296591 180.000000 180.000000 -169.812454 0.000000 -0.000000 0.000000 14.999995 -0.000006 31.870773 180.000000 179.999985 -153.923935 179.999985 180.000000 -161.746735 0.000000 -0.000000 0.000000 180.000000 -179.999985 -147.254684 0.000005 -0.000008 32.745296 179.999985 179.999985 -158.191620 0.000000 -0.000000 0.000000 170.000000 179.999985 -151.114868 0.000004 0.000002 28.885143 180.000000 -179.999985 -160.762497 0.000000 -0.000000 0.000000 160.000000 179.999985 -160.135956 180.000000 179.999985 -150.203949 179.999985 -180.000000 -160.155838 174.218277 -177.898895 -179.703125 172.043945 -172.538147 97.749939 179.367401 179.995728 179.416962 10.008883 3.266631 -0.784310 130.865356 122.492218 155.606186 180.000000 179.999985 167.401489 180.000000 180.000000 171.609390 180.000000 180.000000 -180.000000 165.000000 179.999985 150.670425 179.999985 -179.999985 156.003052 0.000006 0.000007 -16.797853 180.000000 180.000000 -180.000000 180.000000 179.999985 148.896469 180.000000 179.999985 148.896454 0.000007 0.000000 -20.714947 180.000000 180.000000 -180.000000 10.000002 0.000006 -29.191814 0.000002 0.000007 -29.191784 179.999985 -180.000000 160.558258 180.000000 180.000000 -180.000000 19.999998 0.000005 -24.061764 180.000000 -179.999985 143.907379 179.999985 179.999985 155.962296
-1.736109 97.150459 -1.923176 92.401009 -176.410065 -179.322815 172.841202 173.751160 177.324860 175.589539 178.768814 179.967377 9.495703 -3.251894 1.041904 0.604909 3.899163 2.619935 9.705441 2.583965 -0.126964 170.696945 -178.088989 175.354385 0.193633 4.146983 0.109592 0.193635 4.067013 0.173049 0.884279 2.944720 0.287027 0.000000 -4.462718 0.234536 179.999985 -174.793503 -179.757095 171.378906 -176.222610 -179.280212 6.164694 0.112371 -1.047147 12.904139 -7.979052 81.108200 178.523727 -177.631226 -179.386292 175.207474 177.207291 173.881226 34.186493 46.841183 11.864541 180.000000 179.999985 -164.700882 0.000001 -0.000000 10.189202 0.000000 -0.000000 0.000000 15.000002 0.000001 31.875837 0.000003 -0.000002 26.080235 0.000003 -0.000003 18.256161 0.000000 -0.000000 0.000000 179.999985 179.999985 -147.254593 0.000003 -0.000002 32.745415 179.999985 179.999985 -158.191559 0.000000 -0.000000 0.000000 170.000000 -180.000000 -151.112976 180.000000 -179.999985 -151.112991 0.000003 -0.000001 19.238745 0.000000 -0.000000 0.000000 160.000000 180.000000 -160.138199 0.000001 0.000005 29.792667 0.000010 -0.000005 19.841919 174.216904 -177.892426 -179.712311 172.032990 -172.553375 97.759315 179.367630 179.994537 179.413300 10.008878 3.266303 -0.778793 130.838318 122.486259 155.564651 0.000001 0.000000 -12.604712 180.000000 -179.999985 171.605270 180.000000 -179.999985 180.000000 165.000000 179.999985 150.663193 180.000000 -179.999985 155.997162 180.000000 -180.000000 163.198029 180.000000 -179.999985 180.000000 0.000000 -0.000002 -31.109909 0.000001 -0.000002 -31.109886 180.000000 179.999985 159.280823 180.000000 -179.999985 180.000000 9.999998 -0.000003 -29.192915 180.000000 179.999985 150.807068 0.000016 0.000010 -19.442495 180.000000 -179.999985 180.000000 19.999989 -0.000001 -24.066908 180.000000 -179.999985 143.899597 0.000013 0.000006 -24.042837
-1.741319 97.149971 -1.921508 92.393250 -176.409134 -179.331863 172.835449 173.749588 177.327911 175.602661 178.766495 179.972733 9.497158 -3.253577 1.040902 0.602350 3.906460 2.626858 9.720178 2.586611 -0.125925 170.692902 -178.080185 175.356201 0.194835 4.151833 0.114320 0.194778 4.071756 0.180851 0.888745 2.947881 0.297606 180.000000 -175.543427 -179.769363 0.000008 -5.199331 0.238876 171.383575 -176.227417 -179.283722 6.156288 0.104532 -1.040293 12.912113 -7.974462 81.090248 178.517136 -177.625076 -179.386948 175.201675 177.202942 173.875137 34.191437 46.834995 11.880571 180.000000 -180.000000 -164.693817 180.000000 -180.000000 -169.806076 0.000000 -0.000000 0.000003 14.999997 0.000002 31.879622 180.000000 -179.999985 -153.916702 180.000000 -179.999985 -161.741684 0.000000 -0.000000 0.000003 0.000005 0.000006 32.749157 180.000000 -180.000000 -147.250854 0.000003 -0.000004 21.810932 0.000000 -0.000000 0.000003 170.000000 -179.999985 -151.115585 0.000009 0.000014 28.884413 0.000003 -0.000001 19.237011 0.000000 -0.000000 0.000003 159.999985 -180.000000 -160.136719 0.000004 -0.000010 29.794918 179.999985 179.999985 -160.156586 174.218048 -177.884079 -179.722046 172.016327 -172.571442 97.767296 179.367447 179.995453 179.410294 10.008119 3.272989 -0.775760 130.813889 122.486931 155.532410 0.000001 -0.000002 -12.608614 180.000000 -180.000000 171.602676 180.000000 -179.999985 180.000000 165.000015 -179.999985 150.650833 0.000013 0.000020 -24.012953 179.999985 -179.999985 163.190918 180.000000 -179.999985 180.000000 180.000000 -179.999985 148.882996 180.000000 -179.999985 148.882980 0.000004 -0.000002 -20.723942 180.000000 -179.999985 180.000000 9.999996 0.000004 -29.199503 0.000001 0.000011 -29.199499 0.000004 -0.000001 -19.446857 180.000000 -179.999985 180.000000 19.999990 0.000012 -24.074638 180.000000 180.000000 143.888046 0.000007 -0.000002 -24.050562
-1.746909 97.149376 -1.920021 92.386536 -176.410660 -179.342041 172.829727 173.750061 177.333862 175.614532 178.765030 179.976974 9.499132 -3.253116 1.039348 0.601340 3.909390 2.636310 9.731835 2.590828 -0.123560 170.690308 -178.069016 175.354965 0.195795 4.155471 0.119588 0.195798 4.075307 0.189578 0.892295 2.950151 0.309323 0.000000 -4.450614 0.226469 0.000017 -5.192381 0.234554 171.386765 -176.232040 -179.287277 6.150486 0.099123 -1.036994 12.919903 -7.971219 81.072655 178.506927 -177.617355 -179.387421 175.198074 177.200943 173.872894 34.195415 46.832329 11.878315 180.000000 179.999985 -164.696167 0.000001 -0.000002 10.192373 0.000000 0.000000 -0.000003 15.000002 -0.000009 31.877687 0.000005 -0.000010 26.081766 0.000004 0.000002 18.257225 0.000000 0.000000 -0.000003 180.000000 179.999985 -147.243103 179.999985 179.999985 -147.243088 0.000007 -0.000001 21.816113 0.000000 0.000000 -0.000003 170.000015 -179.999985 -151.113525 179.999985 179.999985 -151.113510 180.000000 -179.999985 -160.761612 0.000000 0.000000 -0.000003 160.000000 179.999985 -160.132828 0.000004 -0.000005 29.800737 180.000000 180.000000 -160.152695 174.221130 -177.874573 -179.729645 171.995056 -172.591522 97.771042 179.367264 179.995285 179.408707 10.008523 3.282929 -0.779425 130.787766 122.484032 155.503326 180.000000 179.999985 167.390518 0.000000 -0.000002 -8.397927 0.000002 -0.000003 -0.000000 165.000015 180.000000 150.636322 0.000012 0.000009 -24.024839 180.000000 179.999985 163.182617 0.000002 -0.000003 -0.000000 180.000000 180.000000 148.885254 0.000005 0.000006 -31.114756 179.999985 -179.999985 159.277573 0.000002 -0.000003 -0.000000 9.999997 0.000003 -29.205906 0.000007 -0.000002 -29.205893 0.000013 0.000007 -19.451128 0.000002 -0.000003 -0.000000 19.999998 -0.000003 -24.085726 0.000001 -0.000003 -36.128613 0.000009 0.000005 -24.061644
-1.753008 97.148781 -1.918861 92.381691 -176.411713 -179.353317 172.823715 173.749466 177.339386 175.627884 178.762894 179.981644 9.498222 -3.253214 1.038635 0.600915 3.912266 2.648591 9.744295 2.596170 -0.124820 170.685471 -178.059631 175.356247 0.196477 4.157874 0.124370 0.196460 4.077652 0.197509 0.894461 2.951577 0.319881 180.000000 -175.556931 -179.775116 179.999985 -174.816422 -179.767075 171.389008 -176.238266 -179.289368 6.142557 0.098782 -1.012430 12.931656 -7.964824 81.037231 178.497162 -177.611877 -179.386948 175.199249 177.197678 173.869614 34.191700 46.824177 11.900443 180.000000 -180.000000 -164.681931 180.000000 180.000000 -169.798172 0.000000 0.000000 -0.000003 14.999995 0.000008 31.881182 0.000006 -0.000006 26.084574 180.000000 -180.000000 -161.740799 0.000000 0.000000 -0.000003 180.000000 -179.999985 -147.239441 0.000003 -0.000001 32.760567 180.000000 -179.999985 -158.181458 0.000000 0.000000 -0.000003 170.000000 -179.999985 -151.110031 180.000000 179.999985 -151.110016 0.000003 -0.000001 19.240730 0.000000 0.000000 -0.000003 160.000015 -179.999985 -160.131226 180.000000 179.999985 -150.196838 0.000003 -0.000002 19.848892 174.226349 -177.868942 -179.729492 171.968689 -172.610733 97.769188 179.369171 179.998032 179.408340 10.007996 3.293189 -0.787830 130.804550 122.501030 155.514023 180.000000 -179.999985 167.384659 0.000003 0.000004 -8.401814 180.000000 -180.000000 180.000000 165.000015 -179.999985 150.632965 0.000005 0.000007 -24.027575 0.000010 0.000004 -16.819302 180.000000 -180.000000 180.000000 180.000000 -179.999985 148.874161 0.000006 0.000005 -31.125837 180.000000 -179.999985 159.270187 180.000000 -180.000000 180.000000 9.999993 -0.000012 -29.210035 180.000000 179.999985 150.789948 179.999985 -179.999985 160.546112 180.000000 -180.000000 180.000000 19.999985 -0.000005 -24.090046 0.000004 -0.000002 -36.135124 179.999985 -179.999985 155.934021
-1.759224 97.148026 -1.918069 92.377350 -176.412506 -179.364319 172.821396 173.749039 177.348770 175.639511 178.760208 179.983841 9.494842 -3.255325 1.037455 0.603514 3.915365 2.661273 9.750690 2.600129 -0.124139 170.681885 -178.051025 175.355209 0.196403 4.160065 0.131012 0.196394 4.079785 0.208576 0.892700 2.952782 0.334267 0.000025 -4.435657 0.221223 179.999985 -174.825058 -179.770874 171.398773 -176.244110 -179.293213 6.140851 0.099792 -0.996992 12.942082 -7.957205 81.002213 178.490677 -177.615265 -179.392197 175.198593 177.207275 173.876068 34.203632 46.849812 11.889072 180.000000 179.999985 -164.697556 0.000000 0.000002 10.191423 0.000000 -0.000000 0.000000 14.999999 -0.000012 31.884176 0.000002 -0.000005 26.087030 179.999985 179.999985 -161.739059 0.000000 -0.000000 0.000000 180.000000 180.000000 -147.235352 0.000003 -0.000001 32.764610 180.000000 179.999985 -158.178772 0.000000 -0.000000 0.000000 170.000000 -179.999985 -151.113754 0.000002 -0.000004 28.886219 180.000000 179.999985 -160.761780 0.000000 -0.000000 0.000000 160.000000 -180.000000 -160.130081 0.000008 0.000001 29.804865 180.000000 -180.000000 -160.149948 174.236969 -177.858261 -179.735229 171.941483 -172.634155 97.761734 179.371704 -179.996857 179.410339 10.008917 3.302095 -0.800444 130.832932 122.518005 155.549255 180.000000 -179.999985 167.385208 180.000000 179.999985 171.598587 0.000000 -0.000002 0.000000 165.000000 -179.999985 150.633804 0.000004 -0.000004 -24.026913 180.000000 -180.000000 163.181168 0.000000 -0.000002 0.000000 180.000000 180.000000 148.883652 0.000003 0.000001 -31.116337 179.999985 -179.999985 159.276520 0.000000 -0.000002 0.000000 10.000001 0.000008 -29.210165 0.000005 -0.000006 -29.210148 0.000003 0.000002 -19.453968 0.000000 -0.000002 0.000000 20.000000 -0.000012 -24.083517 0.000004 -0.000002 -36.125259 0.000009 0.000009 -24.059437
-1.765370 97.147247 -1.917475 92.371239 -176.412537 -179.376022 172.823639 173.747375 177.359756 175.649261 178.757080 179.985123 9.489793 -3.257039 1.034986 0.609169 3.917382 2.676059 9.751409 2.605040 -0.124572 170.683350 -178.043777 175.354965 0.196565 4.162602 0.137919 0.196525 4.082259 0.220073 0.891917 2.954209 0.349282 179.999985 -175.571487 -179.781418 0.000007 -5.166605 0.226391 171.406784 -176.249832 -179.296295 6.138122 0.098814 -0.980505 12.949363 -7.944055 80.969498 178.486176 -177.613831 -179.392929 175.202332 177.207123 173.877426 34.212112 46.835773 11.895824 0.000001 0.000002 15.304808 0.000000 0.000003 10.192990 0.000000 0.000000 -0.000002 15.000000 -0.000000 31.885674 180.000000 -179.999985 -153.911743 180.000000 179.999985 -161.738220 0.000000 0.000000 -0.000002 180.000000 180.000000 -147.230347 179.999985 -180.000000 -147.230347 0.000000 -0.000000 21.824589 0.000000 0.000000 -0.000002 170.000000 179.999985 -151.114456 0.000003 -0.000003 28.885542 180.000000 -180.000000 -160.762238 0.000000 0.000000 -0.000002 160.000000 179.999985 -160.116516 0.000008 0.000003 29.825226 0.000001 0.000003 19.863602 174.250900 -177.844193 -179.740631 171.911758 -172.658310 97.750069 179.377533 -179.986572 179.414154 10.008328 3.310551 -0.811959 130.845657 122.533897 155.584000 0.000003 0.000004 -12.606338 180.000000 -179.999985 171.604172 0.000000 -0.000003 0.000000 165.000015 -179.999985 150.643799 0.000003 0.000001 -24.018713 179.999985 -179.999985 163.186890 0.000000 -0.000003 0.000000 180.000000 179.999985 148.888962 0.000001 -0.000004 -31.111057 0.000000 -0.000002 -20.719971 0.000000 -0.000003 0.000000 10.000005 -0.000003 -29.199183 0.000002 0.000004 -29.199196 0.000007 0.000001 -19.446671 0.000000 -0.000003 0.000000 20.000002 -0.000008 -24.073433 0.000003 0.000013 -36.110184 0.000006 0.000003 -24.049379
-1.771239 97.146515 -1.916794 92.365677 -176.409531 -179.382614 172.829208 173.742157 177.368271 175.652008 178.754150 179.983337 9.487896 -3.259155 1.033625 0.614080 3.919735 2.684769 9.749065 2.609368 -0.124008 170.687637 -178.039215 175.354614 0.196162 4.166140 0.143812 0.196134 4.085716 0.229911 0.888822 2.956418 0.361989 0.000004 -4.422249 0.218187 179.999985 -174.840714 -179.774017 171.416412 -176.255020 -179.297974 6.133311 0.097607 -0.961907 12.957749 -7.932097 80.937531 178.482330 -177.609695 -179.392639 175.208954 177.203644 173.876785 34.218811 46.830791 11.890538 180.000000 180.000000 -164.699768 0.000002 -0.000000 10.189940 0.000002 -0.000002 -0.000002 15.000004 -0.000000 31.887964 179.999985 -179.999985 -153.909851 180.000000 179.999985 -161.736893 0.000002 -0.000002 -0.000002 0.000006 0.000003 32.768131 0.000003 -0.000015 32.768139 179.999985 179.999985 -158.176407 0.000002 -0.000002 -0.000002 170.000000 -179.999985 -151.109009 179.999985 179.999985 -151.108978 0.000003 -0.000004 19.241419 0.000002 -0.000002 -0.000002 160.000015 -179.999985 -160.114075 180.000000 179.999985 -150.171097 0.000001 -0.000014 19.866043 174.267838 -177.825653 -179.745270 171.885498 -172.686111 97.733742 179.383942 -179.974945 179.419464 10.008053 3.314816 -0.819927 130.938980 122.544838 155.644653 0.000001 -0.000002 -12.624942 180.000000 -180.000000 171.591797 0.000000 -0.000000 0.000000 165.000000 -179.999985 150.654556 180.000000 179.999985 155.990097 0.000006 0.000004 -16.806936 0.000000 -0.000000 0.000000 180.000000 -179.999985 148.902832 179.999985 -179.999985 148.902847 0.000013 0.000006 -20.710718 0.000000 -0.000000 0.000000 10.000002 -0.000013 -29.190691 0.000004 -0.000001 -29.190702 0.000009 0.000010 -19.441025 0.000000 -0.000000 0.000000 19.999996 -0.000011 -24.065142 0.000002 -0.000006 -36.097713 0.000004 -0.000001 -24.041073
-1.776995 97.145874 -1.915586 92.359863 -176.406647 -179.388275 172.837738 173.738007 177.376221 175.652985 178.749786 179.981628 9.485039 -3.262994 1.032634 0.619558 3.925580 2.689585 9.743836 2.608255 -0.123115 170.694580 -178.037628 175.355606 0.195652 4.169953 0.149936 0.195645 4.089447 0.240129 0.885170 2.958826 0.375155 0.000007 -4.417267 0.219152 180.000000 -174.846512 -179.773026 171.426132 -176.259232 -179.298660 6.124797 0.093690 -0.941353 12.964718 -7.917644 80.906914 178.484283 -177.607437 -179.394653 175.214081 177.198471 173.874268 34.222763 46.824772 11.889503 0.000001 0.000002 15.299130 0.000002 -0.000003 10.189223 0.000000 -0.000002 -0.000003 14.999991 -0.000000 31.891947 180.000000 -179.999985 -153.906555 180.000000 -179.999985 -161.734589 0.000000 -0.000002 -0.000003 0.000006 -0.000005 32.771873 180.000000 -180.000000 -147.228104 180.000000 179.999985 -158.173920 0.000000 -0.000002 -0.000003 170.000015 179.999985 -151.108551 0.000006 -0.000012 28.891447 179.999985 179.999985 -160.758286 0.000000 -0.000002 -0.000003 160.000015 -179.999985 -160.106430 180.000000 179.999985 -150.159607 0.000001 0.000003 19.873703 174.286133 -177.806122 -179.757095 171.862518 -172.713165 97.722282 179.390427 -179.961121 179.423096 10.005698 3.316221 -0.822188 130.939514 122.540138 155.657608 0.000002 0.000002 -12.617957 0.000000 -0.000003 -8.403563 0.000000 -0.000002 0.000000 165.000015 179.999985 150.659760 180.000000 179.999985 155.994370 180.000000 180.000000 163.196045 0.000000 -0.000002 0.000000 0.000005 -0.000006 -31.092848 180.000000 -179.999985 148.907150 0.000006 0.000004 -20.707842 0.000000 -0.000002 0.000000 10.000001 0.000007 -29.184185 179.999985 -179.999985 150.815811 0.000013 0.000006 -19.436670 0.000000 -0.000002 0.000000 20.000006 0.000000 -24.057066 0.000001 -0.000003 -36.085602 0.000015 0.000010 -24.033009
-1.782499 97.145340 -1.913872 92.353432 -176.402802 -179.392227 172.848740 173.732971 177.384399 175.649246 178.748749 179.978241 9.484143 -3.264201 1.031227 0.625513 3.933815 2.690680 9.733750 2.604822 -0.119932 170.706985 -178.036560 175.355820 0.194841 4.174859 0.156002 0.194815 4.094242 0.250270 0.880051 2.962020 0.388132 179.999985 -175.586166 -179.777557 180.000000 -174.850540 -179.769623 171.435852 -176.262375 -179.297729 6.117037 0.088446 -0.937453 12.970616 -7.908657 80.890221 178.488724 -177.600754 -179.393326 175.216415 177.196121 173.873520 34.224827 46.821484 11.874980 0.000001 -0.000000 15.291583 0.000001 -0.000003 10.184205 180.000000 -180.000000 180.000000 15.000014 -0.000003 31.893801 180.000000 -180.000000 -153.905075 0.000003 -0.000005 18.266445 180.000000 -180.000000 180.000000 0.000004 0.000006 32.778965 180.000000 -179.999985 -147.221039 179.999985 179.999985 -158.169205 180.000000 -180.000000 180.000000 170.000000 -179.999985 -151.100006 180.000000 179.999985 -151.100006 0.000003 -0.000002 19.247393 180.000000 -180.000000 180.000000 160.000000 179.999985 -160.100723 0.000003 -0.000008 29.848883 0.000001 0.000005 19.879383 174.304245 -177.786133 -179.774368 171.857178 -172.741425 97.715698 179.391418 -179.958374 179.424240 10.007792 3.320648 -0.814881 130.924942 122.534523 155.654999 180.000000 180.000000 167.389008 180.000000 -179.999985 171.601074 0.000000 -0.000000 0.000000 165.000015 179.999985 150.665375 0.000002 0.000005 -24.001070 179.999985 -180.000000 163.199249 0.000000 -0.000000 0.000000 0.000003 0.000003 -31.088514 180.000000 -179.999985 148.911484 180.000000 179.999985 159.295044 0.000000 -0.000000 0.000000 10.000005 0.000010 -29.183500 180.000000 -180.000000 150.816513 0.000010 0.000000 -19.436213 0.000000 -0.000000 0.000000 20.000006 0.000007 -24.054314 180.000000 -179.999985 143.918533 180.000000 -179.999985 155.969742
-1.788364 97.144905 -1.911706 92.347603 -176.398788 -179.394608 172.859039 173.727203 177.388565 175.643204 178.742584 179.975616 9.485385 -3.269862 1.030308 0.632235 3.944085 2.689255 9.721231 2.598978 -0.118278 170.719055 -178.035950 175.358124 0.194120 4.179978 0.160206 0.194091 4.099256 0.257299 0.875731 2.965469 0.397108 180.000000 -175.588028 -179.769669 0.000001 -5.147302 0.238567 171.438400 -176.264664 -179.293289 6.105464 0.083295 -0.926107 12.975709 -7.903337 80.873116 178.490051 -177.587494 -179.385513 175.222900 177.187759 173.867157 34.216736 46.815109 11.862915 180.000000 -180.000000 -164.709778 180.000000 179.999985 -169.816727 0.000000 -0.000000 0.000000 14.999997 -0.000007 31.897448 180.000000 179.999985 -153.902069 180.000000 179.999985 -161.731445 0.000000 -0.000000 0.000000 180.000000 -179.999985 -147.217850 0.000000 0.000001 32.782154 180.000000 180.000000 -158.167099 0.000000 -0.000000 0.000000 170.000000 -180.000000 -151.096924 180.000000 -179.999985 -151.096924 180.000000 179.999985 -160.750549 0.000000 -0.000000 0.000000 160.000000 -179.999985 -160.095505 179.999985 179.999985 -150.143250 0.000003 -0.000001 19.884602 174.319153 -177.770493 -179.788132 171.861954 -172.763412 97.715660 179.391449 -179.962143 179.421814 10.009736 3.327791 -0.805497 130.909256 122.541298 155.644424 180.000000 180.000000 167.390579 0.000002 0.000000 -8.397884 0.000000 -0.000000 0.000000 165.000000 -180.000000 150.662109 0.000004 -0.000001 -24.003704 0.000010 0.000005 -16.802614 0.000000 -0.000000 0.000000 180.000000 179.999985 148.908844 180.000000 -179.999985 148.908844 0.000010 0.000004 -20.706707 0.000000 -0.000000 0.000000 9.999996 0.000008 -29.186338 0.000002 0.000006 -29.186323 179.999985 -179.999985 160.561920 0.000000 -0.000000 0.000000 20.000000 -0.000000 -24.059025 0.000003 0.000001 -36.088558 180.000000 180.000000 155.965027
-1.794492 97.144440 -1.909480 92.342545 -176.394501 -179.396896 172.868866 173.721191 177.393814 175.636597 178.735718 179.970291 9.487524 -3.277690 1.030381 0.637366 3.955525 2.687263 9.709376 2.592484 -0.116751 170.730774 -178.034821 175.360077 0.192897 4.185369 0.163830 0.192875 4.104539 0.263388 0.869256 2.969167 0.404706 179.999985 -175.588501 -179.758514 0.000013 -5.146754 0.250104 171.440842 -176.266098 -179.286667 6.095755 0.080162 -0.916275 12.977854 -7.903566 80.859535 178.494080 -177.583557 -179.380371 175.225067 177.189148 173.864365 34.215912 46.810833 11.859790 0.000002 -0.000001 15.289783 0.000000 -0.000000 10.183000 0.000002 -0.000002 -0.000000 15.000000 -0.000001 31.904394 0.000000 0.000001 26.103588 180.000000 -180.000000 -161.727493 0.000002 -0.000002 -0.000000 180.000000 179.999985 -147.211182 0.000006 -0.000016 32.788818 179.999985 179.999985 -158.162643 0.000002 -0.000002 -0.000000 170.000000 -179.999985 -151.091736 0.000003 -0.000003 28.908249 0.000001 0.000003 19.252895 0.000002 -0.000002 -0.000000 160.000000 179.999985 -160.090332 0.000003 0.000003 29.864487 0.000006 -0.000008 19.889748 174.333099 -177.758972 -179.805542 171.878159 -172.781067 97.724205 179.394058 -179.977737 179.420929 10.007458 3.334056 -0.800882 130.892303 122.540810 155.639099 180.000000 -180.000000 167.396576 180.000000 -179.999985 171.606125 180.000000 -180.000000 180.000000 165.000000 179.999985 150.659760 0.000004 -0.000004 -24.005657 179.999985 180.000000 163.196045 180.000000 -180.000000 180.000000 0.000002 -0.000007 -31.093397 0.000002 0.000005 -31.093397 180.000000 180.000000 159.291794 180.000000 -180.000000 180.000000 10.000001 0.000005 -29.189384 180.000000 180.000000 150.810608 0.000006 0.000005 -19.440132 180.000000 -180.000000 180.000000 19.999994 -0.000001 -24.063324 180.000000 179.999985 143.905029 0.000002 0.000006 -24.039261
-1.800771 97.143959 -1.907613 92.339409 -176.391418 -179.398880 172.875046 173.715820 177.397293 175.632690 178.731079 179.967178 9.488729 -3.283811 1.029678 0.639462 3.966142 2.685088 9.698923 2.588567 -0.115997 170.742050 -178.030930 175.362778 0.191351 4.190178 0.166779 0.191329 4.109252 0.268370 0.861336 2.972510 0.410747 180.000000 -175.588699 -179.744766 0.000002 -5.146517 0.264352 171.439667 -176.267624 -179.278168 6.085976 0.078869 -0.906524 12.974808 -7.906380 80.851608 178.499008 -177.585693 -179.376831 175.227417 177.198868 173.873062 34.210323 46.819443 11.850090 180.000000 -180.000000 -164.714294 180.000000 -180.000000 -169.819717 0.000000 -0.000000 0.000000 15.000002 0.000003 31.903452 180.000000 -179.999985 -153.897186 0.000000 0.000001 18.271963 0.000000 -0.000000 0.000000 180.000000 179.999985 -147.212051 0.000005 -0.000008 32.787949 179.999985 179.999985 -158.163223 0.000000 -0.000000 0.000000 170.000000 -180.000000 -151.091553 0.000001 0.000003 28.908438 180.000000 179.999985 -160.746979 0.000000 -0.000000 0.000000 160.000015 -179.999985 -160.091980 179.999985 -179.999985 -150.137970 0.000007 -0.000001 19.888111 174.343826 -177.752487 -179.823349 171.899551 -172.793518 97.740120 179.395554 -179.998276 179.417557 10.005315 3.340346 -0.798405 130.894974 122.545547 155.643188 0.000000 0.000000 -12.603502 0.000000 0.000000 -8.393934 0.000000 -0.000000 0.000000 165.000015 -179.999985 150.657089 0.000001 -0.000003 -24.007833 180.000000 -179.999985 163.194519 0.000000 -0.000000 0.000000 179.999985 -179.999985 148.900787 180.000000 180.000000 148.900803 0.000000 -0.000002 -20.712063 0.000000 -0.000000 0.000000 10.000002 0.000004 -29.190893 180.000000 180.000000 150.809113 0.000001 -0.000003 -19.441132 0.000000 -0.000000 0.000000 19.999992 -0.000006 -24.066315 0.000002 0.000006 -36.099476 179.999985 -179.999985 155.957748
-1.807109 97.143509 -1.906533 92.336983 -176.388611 -179.400238 172.879639 173.711014 177.400986 175.631668 178.726624 179.963699 9.487520 -3.289451 1.029462 0.640541 3.974199 2.684983 9.689917 2.588233 -0.117938 170.752533 -178.026398 175.366669 0.189499 4.193960 0.168778 0.189489 4.112956 0.271788 0.852251 2.975184 0.414650 180.000000 -175.589905 -179.729004 180.000000 -174.854874 -179.719330 171.434967 -176.270203 -179.268341 6.077276 0.079223 -0.896357 12.967521 -7.910912 80.849571 178.501953 -177.591461 -179.372269 175.229919 177.202255 173.875320 34.240860 46.790016 11.902800 180.000000 -180.000000 -164.695435 180.000000 179.999985 -169.807175 0.000000 -0.000000 0.000000 15.000002 0.000001 31.912283 0.000004 0.000002 26.110043 0.000000 -0.000000 18.277039 0.000000 -0.000000 0.000000 0.000005 0.000000 32.795582 0.000001 0.000002 32.795597 180.000000 179.999985 -158.158142 0.000000 -0.000000 0.000000 170.000000 -179.999985 -151.088776 0.000003 0.000003 28.911234 180.000000 179.999985 -160.745117 0.000000 -0.000000 0.000000 160.000015 -179.999985 -160.089523 180.000000 -180.000000 -150.134293 180.000000 179.999985 -160.109436 174.353333 -177.749969 -179.839447 171.920654 -172.803772 97.760460 179.397583 179.981552 179.414017 10.004870 3.347446 -0.798416 130.886520 122.550110 155.633820 0.000000 0.000000 -12.604641 0.000000 0.000000 -8.394690 0.000000 -0.000000 0.000000 165.000015 -179.999985 150.652786 0.000005 0.000010 -24.011356 0.000006 0.000004 -16.807943 0.000000 -0.000000 0.000000 180.000000 180.000000 148.903397 0.000004 -0.000002 -31.096601 0.000000 0.000000 -20.710342 0.000000 -0.000000 0.000000 10.000001 -0.000001 -29.193745 0.000006 0.000005 -29.193741 0.000000 0.000000 -19.443037 0.000000 -0.000000 0.000000 20.000000 0.000001 -24.068771 180.000000 -179.999985 143.896820 0.000003 0.000004 -24.044710
-1.813334 97.143028 -1.906859 92.335190 -176.387497 -179.400772 172.889969 173.710266 177.404648 175.633118 178.716522 179.957520 9.477859 -3.297302 1.027477 0.641247 3.980845 2.687188 9.679071 2.587936 -0.123030 170.763351 -178.021683 175.369308 0.187342 4.197207 0.170209 0.187297 4.116143 0.274272 0.841763 2.977530 0.417222 0.000009 -4.410011 0.287882 180.000000 -174.854980 -179.701843 171.431305 -176.271957 -179.257736 6.070280 0.080323 -0.884196 12.952909 -7.916734 80.851410 178.504929 -177.607178 -179.372223 175.230896 177.207336 173.879684 34.258274 46.793690 11.915945 0.000003 0.000004 15.302993 0.000004 0.000004 10.191776 0.000003 0.000003 0.000002 14.999989 0.000010 31.900736 179.999985 -179.999985 -153.899399 180.000000 -179.999985 -161.729584 0.000003 0.000003 0.000002 0.000002 -0.000000 32.803749 0.000003 -0.000003 32.803757 0.000012 -0.000008 21.847296 0.000003 0.000003 0.000002 170.000000 179.999985 -151.084595 0.000003 -0.000015 28.915411 0.000005 0.000006 19.257673 0.000003 0.000003 0.000002 160.000000 179.999985 -160.085815 180.000000 180.000000 -150.128723 0.000001 0.000003 19.894260 174.362946 -177.748795 -179.854950 171.940948 -172.810181 97.781921 179.404938 179.960129 179.413391 9.998178 3.352271 -0.807566 130.894257 122.542007 155.634888 180.000000 -180.000000 167.393280 0.000002 0.000000 -8.396070 0.000000 -0.000003 0.000000 165.000015 180.000000 150.637085 180.000000 -179.999985 155.975800 180.000000 -179.999985 163.183075 0.000000 -0.000003 0.000000 0.000002 0.000000 -31.088917 0.000009 0.000005 -31.088917 0.000000 -0.000001 -20.705215 0.000000 -0.000003 0.000000 9.999993 0.000009 -29.187738 0.000005 -0.000006 -29.187727 180.000000 180.000000 160.560974 0.000000 -0.000003 0.000000 20.000008 0.000003 -24.057930 179.999985 -179.999985 143.913162 0.000000 -0.000002 -24.033871
-1.820642 97.142845 -1.907110 92.330284 -176.385895 -179.408051 172.893845 173.701935 177.414734 175.602081 178.719833 179.948822 9.510139 -3.300957 1.038350 0.643039 3.983614 2.694556 9.677915 2.597042 -0.125558 170.768631 -178.013657 175.375061 0.185902 4.198705 0.172534 0.185908 4.117604 0.278221 0.834602 2.978542 0.421916 179.999985 -175.594635 -179.695374 180.000000 -174.860413 -179.684494 171.421570 -176.277664 -179.247421 6.060698 0.082360 -0.870517 12.940114 -7.921846 80.863777 178.506989 -177.618256 -179.375122 175.233078 177.204193 173.890579 34.273209 46.800159 11.900133 180.000000 179.999985 -164.712585 0.000005 -0.000000 10.181403 0.000002 -0.000002 -0.000000 14.999990 -0.000005 31.946827 0.000000 0.000001 26.138317 179.999985 180.000000 -161.703186 0.000002 -0.000002 -0.000000 179.999985 -180.000000 -147.198318 180.000000 180.000000 -147.198334 180.000000 180.000000 -158.154099 0.000002 -0.000002 -0.000000 170.000000 -179.999985 -151.086853 0.000000 0.000002 28.913139 180.000000 -179.999985 -160.743851 0.000002 -0.000002 -0.000000 160.000015 179.999985 -160.083862 0.000007 -0.000006 29.874233 0.000008 -0.000012 19.896227 174.371094 -177.751450 -179.870956 171.936249 -172.815033 97.809212 179.412170 179.962036 179.411591 9.999517 3.356251 -0.806388 130.906982 122.537544 155.649933 0.000000 0.000000 -12.604918 180.000000 180.000000 171.605133 0.000002 -0.000002 -0.000002 165.000015 -179.999985 150.669159 0.000013 0.000005 -23.997961 179.999985 -179.999985 163.201447 0.000002 -0.000002 -0.000002 0.000002 0.000000 -31.076473 180.000000 179.999985 148.923553 180.000000 -179.999985 159.303085 0.000002 -0.000002 -0.000002 10.000007 0.000000 -29.176901 180.000000 179.999985 150.823105 0.000004 -0.000004 -19.431814 0.000002 -0.000002 -0.000002 19.999987 -0.000006 -24.048222 180.000000 -179.999985 143.927628 0.000011 -0.000005 -24.024176
-1.828078 97.142639 -1.905397 92.334435 -176.388931 -179.399078 172.877289 173.698120 177.408188 175.546051 178.725601 179.934036 9.578517 -3.306484 1.061223 0.630687 3.979848 2.683328 9.684061 2.606439 -0.128637 170.771317 -178.009552 175.386353 0.182715 4.197396 0.172069 0.182691 4.116327 0.277613 0.819649 2.977796 0.420062 180.000000 -175.601959 -179.679916 0.000010 -5.131045 0.331516 171.410019 -176.285538 -179.238144 6.053177 0.085903 -0.861505 12.928673 -7.927928 80.879478 178.507477 -177.622269 -179.375076 175.232925 177.182404 173.877731 34.279678 46.787201 11.888724 0.000003 0.000002 15.281366 0.000002 0.000002 10.177387 180.000000 180.000000 179.999985 15.000009 0.000000 31.949406 180.000000 -179.999985 -153.859589 180.000000 179.999985 -161.701706 180.000000 180.000000 179.999985 0.000002 -0.000006 32.811172 179.999985 179.999985 -147.188843 0.000001 0.000005 21.852236 180.000000 180.000000 179.999985 170.000000 -179.999985 -151.077042 179.999985 -179.999985 -151.077057 0.000013 -0.000006 19.262682 180.000000 180.000000 179.999985 160.000000 180.000000 -160.071487 180.000000 -180.000000 -150.107239 180.000000 -179.999985 -160.091431 174.380844 -177.753204 -179.887741 171.920486 -172.821335 97.834732 179.420822 179.972855 179.413162 10.004601 3.360744 -0.802405 130.911194 122.529335 155.658142 180.000000 -180.000000 167.398392 0.000000 0.000000 -8.392675 0.000002 -0.000002 -0.000000 165.000000 -179.999985 150.688522 0.000003 0.000004 -23.982109 0.000007 -0.000001 -16.787487 0.000002 -0.000002 -0.000000 180.000000 -179.999985 148.925781 180.000000 -179.999985 148.925781 0.000004 -0.000000 -20.695435 0.000002 -0.000002 -0.000000 9.999994 -0.000004 -29.175808 0.000004 0.000010 -29.175816 0.000004 -0.000001 -19.431086 0.000002 -0.000002 -0.000000 20.000002 0.000003 -24.038918 0.000002 0.000015 -36.058372 0.000000 0.000000 -24.014864
-1.836264 97.142448 -1.898961 92.344139 -176.394150 -179.381058 172.841873 173.694138 177.385910 175.432770 178.731430 179.913116 9.715311 -3.318481 1.098820 0.612616 3.969862 2.657088 9.694876 2.618135 -0.127225 170.768463 -178.008499 175.397354 0.179025 4.195461 0.169108 0.179009 4.114449 0.272859 0.803105 2.976739 0.412674 180.000000 -175.608093 -179.665329 179.999985 -174.876114 -179.653366 171.396378 -176.292374 -179.229080 6.043983 0.089791 -0.850247 12.921717 -7.934571 80.892548 178.509857 -177.616226 -179.370712 175.236450 177.176315 173.886749 34.265972 46.790939 11.857537 0.000003 0.000001 15.270859 0.000003 0.000001 10.170416 180.000000 -179.999985 180.000000 14.999997 -0.000007 31.940266 180.000000 179.999985 -153.867065 0.000001 0.000007 18.293049 180.000000 -179.999985 180.000000 179.999985 179.999985 -147.210968 180.000000 -179.999985 -147.210968 0.000003 -0.000002 21.837492 180.000000 -179.999985 180.000000 170.000000 -179.999985 -151.078110 0.000007 0.000005 28.921883 179.999985 179.999985 -160.738022 180.000000 -179.999985 180.000000 160.000000 179.999985 -160.077667 0.000001 0.000001 29.883501 0.000002 -0.000007 19.902399 174.388306 -177.754990 -179.909714 171.894073 -172.826859 97.867416 179.432846 179.986511 179.418900 10.009192 3.358880 -0.795446 130.924377 122.535995 155.661697 180.000000 180.000000 167.392426 0.000000 -0.000002 -8.396655 0.000000 -0.000000 0.000000 165.000015 179.999985 150.690323 180.000000 179.999985 156.019363 179.999985 179.999985 163.213577 0.000000 -0.000000 0.000000 180.000000 179.999985 148.930756 0.000012 0.000006 -31.069242 0.000003 0.000002 -20.692122 0.000000 -0.000000 0.000000 9.999996 0.000007 -29.174944 179.999985 -179.999985 150.825058 0.000010 0.000005 -19.430502 0.000000 -0.000000 0.000000 20.000004 0.000005 -24.035440 0.000001 -0.000002 -36.053165 0.000006 0.000005 -24.011414
-1.845199 97.142235 -1.887744 92.359367 -176.397751 -179.352646 172.784134 173.688065 177.342682 175.382767 178.743118 179.913895 9.806271 -3.326826 1.131580 0.587454 3.961038 2.613269 9.708781 2.632946 -0.121026 170.762177 -178.001663 175.412048 0.174476 4.193446 0.164695 0.174447 4.112483 0.265749 0.782655 2.975728 0.401922 0.000002 -4.378904 0.352872 0.000012 -5.108721 0.365475 171.369400 -176.305588 -179.217896 6.037307 0.095649 -0.841685 12.916319 -7.940823 80.904114 178.512756 -177.603058 -179.363007 175.238739 177.170380 173.891937 34.266575 46.798988 11.849837 0.000003 -0.000000 15.265252 0.000002 0.000002 10.166655 180.000000 180.000000 -180.000000 15.000009 0.000003 31.932476 0.000003 -0.000002 26.126570 179.999985 179.999985 -161.711365 180.000000 180.000000 -180.000000 180.000000 -179.999985 -147.190521 0.000004 0.000001 32.809464 179.999985 179.999985 -158.148895 180.000000 180.000000 -180.000000 170.000000 179.999985 -151.081314 180.000000 180.000000 -151.081329 0.000004 0.000001 19.259846 180.000000 180.000000 -180.000000 160.000000 -180.000000 -160.090561 180.000000 180.000000 -150.135849 180.000000 180.000000 -160.110489 174.396103 -177.760040 -179.936935 171.866852 -172.829910 97.899391 179.444702 179.998657 179.427887 10.011594 3.354234 -0.789265 130.921783 122.544098 155.670212 180.000000 180.000000 167.396729 0.000000 0.000000 -8.393791 0.000002 -0.000002 -0.000000 165.000015 179.999985 150.685760 180.000000 179.999985 156.015640 179.999985 -179.999985 163.210938 0.000002 -0.000002 -0.000000 180.000000 -180.000000 148.929413 0.000000 -0.000001 -31.070585 0.000003 0.000005 -20.693005 0.000002 -0.000002 -0.000000 9.999996 0.000002 -29.171587 0.000000 -0.000002 -29.171591 0.000007 -0.000001 -19.428278 0.000002 -0.000002 -0.000000 20.000002 0.000002 -24.038710 180.000000 179.999985 143.941940 0.000004 -0.000003 -24.014648
-1.854711 97.142052 -1.870542 92.378983 -176.404495 -179.318619 172.708878 173.683685 177.282700 175.293869 178.755447 179.915543 9.949598 -3.337607 1.174255 0.559279 3.950807 2.558612 9.721464 2.643238 -0.110435 170.756531 -177.999512 175.428223 0.169394 4.189658 0.159611 0.169379 4.108780 0.257529 0.760031 2.973499 0.389557 180.000000 -175.636032 -179.630936 180.000000 -174.908707 -179.617752 171.339706 -176.320312 -179.208023 6.031379 0.103761 -0.831576 12.909258 -7.946226 80.912849 178.517227 -177.591217 -179.356522 175.238373 177.165894 173.895706 34.258930 46.813038 11.837042 0.000002 -0.000001 15.259500 180.000000 180.000000 -169.837158 0.000005 0.000000 -0.000002 14.999997 -0.000004 31.926821 180.000000 -180.000000 -153.878052 180.000000 -180.000000 -161.714645 0.000005 0.000000 -0.000002 0.000005 0.000006 32.802277 0.000001 -0.000009 32.802288 0.000006 -0.000006 21.846321 0.000005 0.000000 -0.000002 170.000000 180.000000 -151.098236 180.000000 179.999985 -151.098267 180.000000 180.000000 -160.751434 0.000005 0.000000 -0.000002 160.000015 -179.999985 -160.098663 0.000007 -0.000009 29.852007 180.000000 179.999985 -160.118561 174.405823 -177.766830 -179.970123 171.837250 -172.830444 97.934258 179.457306 -179.988174 179.440170 10.012414 3.347873 -0.786523 130.924484 122.550888 155.673401 180.000000 -179.999985 167.395844 180.000000 -179.999985 171.605637 0.000000 -0.000003 0.000000 165.000015 -179.999985 150.681213 0.000004 -0.000002 -23.988106 179.999985 -179.999985 163.208328 0.000000 -0.000003 0.000000 180.000000 -179.999985 148.918411 180.000000 179.999985 148.918396 180.000000 -179.999985 159.299652 0.000000 -0.000003 0.000000 9.999998 0.000003 -29.184845 0.000009 0.000006 -29.184824 180.000000 -180.000000 160.562912 0.000000 -0.000003 0.000000 19.999989 -0.000014 -24.047457 0.000002 -0.000001 -36.071220 0.000013 0.000003 -24.023418
-1.863809 97.141907 -1.846548 92.411865 -176.414490 -179.266983 172.611649 173.688522 177.190689 175.220383 178.766174 179.925629 10.082347 -3.347380 1.226052 0.521925 3.937704 2.482628 9.724477 2.652253 -0.101351 170.755112 -177.996231 175.447327 0.162500 4.184861 0.151159 0.162469 4.104113 0.243794 0.729435 2.970780 0.369424 0.000002 -4.348145 0.384086 0.000004 -5.072834 0.397806 171.306183 -176.335709 -179.198761 6.026113 0.112491 -0.818519 12.899585 -7.951890 80.918190 178.519760 -177.585098 -179.353241 175.236588 177.166260 173.900085 34.271423 46.839714 11.843808 180.000000 180.000000 -164.747467 0.000003 0.000001 10.158165 180.000000 -179.999985 180.000000 15.000009 -0.000005 31.916836 0.000010 -0.000016 26.113770 179.999985 179.999985 -161.720352 180.000000 -179.999985 180.000000 0.000004 -0.000010 32.793343 180.000000 179.999985 -147.206635 0.000001 0.000003 21.840364 180.000000 -179.999985 180.000000 170.000015 -179.999985 -151.076950 0.000000 -0.000000 28.923058 0.000004 0.000003 19.262760 180.000000 -179.999985 180.000000 160.000015 -179.999985 -160.109436 0.000003 -0.000006 29.835836 0.000006 -0.000008 19.870686 174.416489 -177.776825 179.997208 171.811386 -172.823547 97.966576 179.470276 -179.980164 179.452316 10.012204 3.339666 -0.785549 130.932297 122.555382 155.679016 0.000002 0.000000 -12.606003 180.000000 -179.999985 171.604401 0.000000 -0.000002 0.000000 165.000000 179.999985 150.673721 179.999985 -179.999985 156.005768 0.000010 0.000001 -16.795961 0.000000 -0.000002 0.000000 0.000001 0.000015 -31.083429 180.000000 -179.999985 148.916595 0.000006 0.000004 -20.701551 0.000000 -0.000002 0.000000 10.000002 0.000002 -29.188652 0.000000 -0.000002 -29.188663 0.000007 0.000001 -19.439644 0.000000 -0.000002 0.000000 20.000002 0.000009 -24.051821 0.000002 -0.000005 -36.077713 0.000003 0.000002 -24.027746
-1.874254 97.141907 -1.817333 92.443649 -176.422043 -179.223038 172.514923 173.687469 177.094650 175.182220 178.778778 179.948654 10.180896 -3.355731 1.272473 0.493397 3.928960 2.414371 9.716976 2.660975 -0.093424 170.756470 -177.990707 175.464966 0.156874 4.181517 0.144424 0.156852 4.100857 0.232858 0.704517 2.968938 0.353357 0.000008 -4.332074 0.397462 0.000004 -5.054092 0.411658 171.267273 -176.351242 -179.190201 6.019138 0.118567 -0.804730 12.884421 -7.954865 80.924339 178.520569 -177.588074 -179.355698 175.234848 177.171890 173.907913 34.266426 46.862946 11.845054 0.000002 0.000001 15.250911 0.000002 0.000001 10.157111 180.000000 -179.999985 -179.999985 14.999993 -0.000001 31.912846 0.000000 -0.000000 26.110506 180.000000 -180.000000 -161.722656 180.000000 -179.999985 -179.999985 179.999985 -179.999985 -147.216873 0.000003 -0.000003 32.783092 180.000000 179.999985 -158.166443 180.000000 -179.999985 -179.999985 170.000000 -179.999985 -151.085892 180.000000 179.999985 -151.085907 180.000000 180.000000 -160.743195 180.000000 -179.999985 -179.999985 160.000000 179.999985 -160.118637 0.000003 -0.000004 29.822041 179.999985 180.000000 -160.138519 174.424469 -177.790405 179.960251 171.791443 -172.808182 98.000992 179.482666 -179.976334 179.463821 10.009987 3.331740 -0.786078 130.934540 122.567947 155.690826 0.000001 -0.000002 -12.603237 180.000000 -179.999985 171.606247 0.000000 -0.000002 0.000000 165.000000 180.000000 150.673584 180.000000 -179.999985 156.005646 180.000000 179.999985 163.203949 0.000000 -0.000002 0.000000 180.000000 179.999985 148.911652 180.000000 -180.000000 148.911652 180.000000 -179.999985 159.295151 0.000000 -0.000002 0.000000 9.999987 -0.000000 -29.184425 0.000013 0.000005 -29.184429 0.000003 0.000002 -19.436832 0.000000 -0.000002 0.000000 19.999987 -0.000003 -24.057035 180.000000 -179.999985 143.914444 0.000004 -0.000004 -24.032984
-1.885801 97.141991 -1.785514 92.478287 -176.432495 -179.180145 172.409851 173.685913 176.993729 175.198334 178.795822 179.980667 10.231005 -3.360989 1.314699 0.464277 3.920457 2.349426 9.702818 2.667876 -0.088829 170.762375 -177.983139 175.484711 0.151328 4.176960 0.138896 0.151299 4.096402 0.223932 0.679753 2.966157 0.339908 180.000000 -175.686401 -179.589203 0.000002 -5.032532 0.425458 171.224197 -176.368896 -179.181763 6.015450 0.128475 -0.792960 12.862050 -7.960958 80.929428 178.515839 -177.601120 -179.363297 175.229614 177.172501 173.907333 34.267170 46.867687 11.852377 0.000001 0.000001 15.253386 0.000001 -0.000001 10.158758 180.000000 -180.000000 -179.999985 14.999997 0.000005 31.907761 180.000000 179.999985 -153.893661 0.000007 0.000002 18.274426 180.000000 -180.000000 -179.999985 180.000000 180.000000 -147.215820 0.000004 -0.000009 32.784206 0.000001 0.000003 21.834280 180.000000 -180.000000 -179.999985 170.000000 -179.999985 -151.089462 179.999985 180.000000 -151.089447 0.000001 0.000007 19.254429 180.000000 -180.000000 -179.999985 160.000015 -179.999985 -160.121307 180.000000 179.999985 -150.181961 180.000000 179.999985 -160.141190 174.433792 -177.809219 179.927292 171.775162 -172.781693 98.028366 179.493637 -179.971161 179.471664 10.006523 3.328390 -0.787235 130.936951 122.571518 155.693008 180.000000 -180.000000 167.396072 0.000003 0.000004 -8.394209 0.000000 -0.000000 0.000000 165.000015 180.000000 150.670883 0.000012 0.000007 -23.996559 180.000000 -179.999985 163.202408 0.000000 -0.000000 0.000000 0.000007 -0.000001 -31.087999 180.000000 -179.999985 148.912018 180.000000 179.999985 159.295395 0.000000 -0.000000 0.000000 10.000006 -0.000009 -29.189178 0.000001 0.000009 -29.189196 0.000001 -0.000005 -19.439995 0.000000 -0.000000 0.000000 20.000002 -0.000006 -24.059422 0.000011 0.000009 -36.089127 179.999985 -179.999985 155.964630
-1.898210 97.141991 -1.751669 92.517715 -176.447189 -179.141769 172.290787 173.686157 176.897858 175.208633 178.814514 -179.997025 10.294921 -3.367294 1.362724 0.436899 3.908010 2.293723 9.680737 2.676223 -0.090255 170.772064 -177.975052 175.504929 0.146306 4.171805 0.134219 0.146279 4.091364 0.216391 0.657243 2.962875 0.328435 180.000000 -175.700455 -179.578964 180.000000 -174.983871 -179.563919 171.183090 -176.382492 -179.174774 6.010047 0.137005 -0.779025 12.832126 -7.965687 80.932053 178.507874 -177.623230 -179.372147 175.223816 177.173386 173.907059 34.271557 46.879078 11.862692 180.000000 -179.999985 -164.745438 180.000000 -180.000000 -169.840454 180.000000 -180.000000 180.000000 15.000002 -0.000007 31.906826 180.000000 180.000000 -153.894409 180.000000 180.000000 -161.726089 180.000000 -180.000000 180.000000 0.000000 0.000002 32.781483 0.000001 -0.000008 32.781471 180.000000 179.999985 -158.167526 180.000000 -180.000000 180.000000 170.000000 -179.999985 -151.092377 0.000013 -0.000003 28.907618 180.000000 -179.999985 -160.747513 180.000000 -180.000000 180.000000 160.000015 -179.999985 -160.125732 0.000002 -0.000001 29.811417 0.000003 -0.000001 19.854393 174.441040 -177.827347 179.897430 171.758759 -172.750259 98.055641 179.500854 -179.962570 179.474487 10.002845 3.327724 -0.787020 130.919693 122.576897 155.701111 180.000000 180.000000 167.408020 0.000000 0.000000 -8.386267 0.000000 -0.000000 0.000000 165.000015 179.999985 150.673218 180.000000 -179.999985 156.005371 180.000000 -179.999985 163.203781 0.000000 -0.000000 0.000000 0.000004 0.000010 -31.092886 179.999985 -180.000000 148.907104 180.000000 -179.999985 159.292145 0.000000 -0.000000 0.000000 9.999994 -0.000006 -29.191471 0.000003 0.000001 -29.191454 179.999985 -179.999985 160.558487 0.000000 -0.000000 0.000000 20.000000 0.000002 -24.060505 180.000000 -180.000000 143.909210 180.000000 -179.999985 155.963547
-1.911402 97.141937 -1.716975 92.556648 -176.460739 -179.110031 172.165009 173.683960 176.808609 175.283661 178.834427 -179.970932 10.302238 -3.370825 1.408347 0.414536 3.895256 2.247296 9.654892 2.686446 -0.095613 170.780106 -177.964767 175.525864 0.142691 4.167878 0.131086 0.142672 4.087523 0.211362 0.641006 2.960345 0.320687 0.000001 -4.285826 0.432710 0.000009 -5.000128 0.448163 171.135529 -176.396011 -179.166489 6.006251 0.145695 -0.765798 12.794320 -7.969598 80.932152 178.497284 -177.646164 -179.379013 175.217422 177.170395 173.905426 34.282795 46.891048 11.908140 180.000000 179.999985 -164.729721 180.000000 180.000000 -169.830002 0.000000 -0.000000 0.000000 15.000009 -0.000002 31.902355 0.000001 0.000004 26.101913 0.000003 -0.000005 18.271358 0.000000 -0.000000 0.000000 180.000000 -179.999985 -147.220093 0.000003 -0.000003 32.779896 180.000000 -180.000000 -158.168579 0.000000 -0.000000 0.000000 170.000000 -179.999985 -151.097961 0.000001 -0.000002 28.902031 180.000000 -179.999985 -160.751251 0.000000 -0.000000 0.000000 160.000015 -180.000000 -160.123734 180.000000 179.999985 -150.185577 180.000000 179.999985 -160.143600 174.448120 -177.847153 179.874146 171.742218 -172.711243 98.074608 179.502914 -179.954651 179.474228 9.998406 3.326853 -0.785159 130.906067 122.576866 155.707245 180.000000 179.999985 167.417999 180.000000 179.999985 171.620407 0.000000 -0.000002 -0.000002 165.000000 -179.999985 150.667511 0.000001 -0.000007 -23.999306 0.000007 0.000003 -16.799496 0.000000 -0.000002 -0.000002 0.000005 0.000008 -31.093250 180.000000 -179.999985 148.906754 179.999985 180.000000 159.291916 0.000000 -0.000002 -0.000002 10.000007 0.000006 -29.197550 180.000000 179.999985 150.802475 0.000004 -0.000003 -19.445559 0.000000 -0.000002 -0.000002 20.000006 0.000004 -24.064587 0.000008 0.000008 -36.096886 0.000004 -0.000001 -24.040533
-1.925445 97.141846 -1.681546 92.602631 -176.482208 -179.072968 172.031891 173.689484 176.719910 175.373474 178.853699 -179.949081 10.294961 -3.374990 1.447426 0.388521 3.874675 2.198079 9.627535 2.696548 -0.104729 170.785629 -177.956314 175.547256 0.138659 4.161547 0.127821 0.138639 4.081318 0.206127 0.622813 2.956115 0.312513 0.000006 -4.272660 0.446376 180.000000 -175.015228 -179.537689 171.084137 -176.409378 -179.156677 6.007052 0.155543 -0.757452 12.747703 -7.969828 80.929443 178.486923 -177.669220 -179.382431 175.210266 177.161972 173.902588 34.282997 46.888611 11.819738 0.000007 -0.000002 15.226298 0.000005 -0.000000 10.140724 0.000000 -0.000000 0.000000 15.000006 -0.000006 31.904718 180.000000 180.000000 -153.896149 0.000003 -0.000001 18.272688 0.000000 -0.000000 0.000000 0.000008 0.000008 32.782711 0.000009 -0.000005 32.782684 180.000000 -180.000000 -158.166733 0.000000 -0.000000 0.000000 170.000000 179.999985 -151.099335 0.000005 0.000006 28.900644 180.000000 -180.000000 -160.752182 0.000000 -0.000000 0.000000 160.000015 179.999985 -160.120026 0.000002 0.000005 29.819950 0.000007 -0.000001 19.860092 174.454666 -177.864090 179.849396 171.723938 -172.671051 98.092308 179.498260 -179.941895 179.469620 9.991241 3.327636 -0.782784 130.875092 122.590363 155.715286 180.000000 179.999985 167.435577 180.000000 179.999985 171.632080 0.000000 -0.000002 0.000000 165.000015 -179.999985 150.668015 180.000000 179.999985 156.001129 0.000011 -0.000001 -16.799238 0.000000 -0.000002 0.000000 0.000005 -0.000004 -31.099251 0.000000 0.000000 -31.099255 0.000001 -0.000005 -20.712107 0.000000 -0.000002 0.000000 10.000001 0.000001 -29.206070 179.999985 -179.999985 150.793930 0.000010 0.000005 -19.451242 0.000000 -0.000002 0.000000 20.000010 -0.000007 -24.077419 180.000000 179.999985 143.883865 179.999985 -179.999985 155.946655
-1.938667 97.141747 -1.645136 92.643738 -176.507355 -179.035629 171.913071 173.703278 176.637100 175.455902 178.865479 -179.932312 10.285873 -3.382016 1.486945 0.372925 3.848534 2.149889 9.594399 2.706831 -0.116946 170.792236 -177.948898 175.572189 0.136179 4.154408 0.124979 0.136146 4.074324 0.201523 0.611858 2.951235 0.305660 180.000000 -175.740372 -179.537247 0.000002 -4.969572 0.479281 171.028000 -176.422974 -179.144928 6.006726 0.165475 -0.749935 12.702857 -7.964216 80.920502 178.477570 -177.689865 -179.382477 175.199142 177.146851 173.902084 34.315418 46.906494 11.933343 180.000000 -180.000000 -164.733978 0.000002 0.000001 10.167148 0.000000 -0.000000 0.000000 15.000002 0.000010 31.904968 0.000001 0.000002 26.104052 180.000000 -180.000000 -161.727158 0.000000 -0.000000 0.000000 180.000000 179.999985 -147.215988 0.000004 0.000001 32.784012 0.000003 -0.000001 21.834158 0.000000 -0.000000 0.000000 170.000000 -180.000000 -151.103668 0.000002 -0.000006 28.896328 179.999985 -180.000000 -160.755051 0.000000 -0.000000 0.000000 160.000015 179.999985 -160.113129 0.000006 0.000004 29.830301 179.999985 -179.999985 -160.133026 174.465134 -177.880707 179.827759 171.701096 -172.625900 98.102547 179.489059 -179.927124 179.462845 9.979148 3.324222 -0.778422 130.780151 122.603470 155.702255 180.000000 179.999985 167.475052 0.000001 0.000007 -8.341624 0.000002 -0.000002 -0.000000 165.000000 -179.999985 150.662567 0.000000 -0.000001 -24.003355 180.000000 180.000000 163.197662 0.000002 -0.000002 -0.000000 180.000000 179.999985 148.883881 180.000000 -179.999985 148.883896 0.000004 -0.000001 -20.723328 0.000002 -0.000002 -0.000000 10.000010 -0.000008 -29.213022 0.000003 0.000003 -29.213030 0.000010 0.000003 -19.455868 0.000002 -0.000002 -0.000000 20.000002 0.000011 -24.090145 0.000003 -0.000010 -36.135223 0.000007 -0.000000 -24.066067
-1.950385 97.141708 -1.606210 92.678703 -176.534470 -178.995789 171.822144 173.724823 176.559860 175.517960 178.869064 -179.920837 10.276183 -3.391230 1.523852 0.368607 3.818234 2.098083 9.554173 2.717654 -0.128932 170.799255 -177.943893 175.598557 0.134959 4.147008 0.122097 0.134943 4.067071 0.196797 0.606785 2.946122 0.299054 0.000001 -4.246671 0.482601 180.000000 -175.045532 -179.500153 170.972168 -176.436890 -179.131088 6.028289 0.181339 -0.732524 12.642081 -7.954922 80.893211 178.470154 -177.707672 -179.379852 175.196976 177.136917 173.900162 34.327950 46.924461 11.960958 180.000000 -179.999985 -164.728897 0.000000 0.000003 10.170537 0.000002 -0.000002 -0.000000 14.999993 -0.000002 31.902809 0.000004 0.000000 26.102295 180.000000 180.000000 -161.728394 0.000002 -0.000002 -0.000000 180.000000 -180.000000 -147.216751 0.000001 0.000003 32.783241 0.000000 0.000001 21.833643 0.000002 -0.000002 -0.000000 170.000015 179.999985 -151.111618 0.000002 -0.000004 28.888384 0.000003 -0.000001 19.239666 0.000002 -0.000002 -0.000000 160.000015 -179.999985 -160.109390 0.000004 0.000001 29.835934 180.000000 180.000000 -160.129272 174.478302 -177.893280 179.808716 171.678345 -172.581726 98.104271 179.471008 -179.910736 179.453720 9.962240 3.316406 -0.773990 130.662796 122.616173 155.687576 180.000000 179.999985 167.525131 180.000000 179.999985 171.691742 0.000000 -0.000000 0.000000 165.000015 179.999985 150.663528 0.000005 -0.000005 -24.002592 180.000000 180.000000 163.198196 0.000000 -0.000000 0.000000 0.000003 -0.000010 -31.133659 180.000000 -179.999985 148.866364 0.000003 0.000001 -20.734995 0.000000 -0.000000 0.000000 9.999999 -0.000000 -29.226198 180.000000 -179.999985 150.773788 0.000003 0.000002 -19.464663 0.000000 -0.000000 0.000000 19.999990 -0.000009 -24.107952 180.000000 -179.999985 143.838043 0.000000 -0.000002 -24.083858
-1.960605 97.141739 -1.562324 92.704666 -176.563812 -178.951920 171.796982 173.749130 176.473740 175.528259 178.866852 -179.900055 10.261658 -3.402573 1.560240 0.375873 3.783736 2.037766 9.505786 2.729953 -0.146738 170.811691 -177.939880 175.634583 0.137087 4.140972 0.121382 0.137057 4.061152 0.195510 0.616888 2.941779 0.297998 0.000006 -4.234715 0.501305 180.000000 -175.059494 -179.480789 170.906631 -176.450012 -179.117264 6.027516 0.188998 -0.738998 12.599908 -7.938496 80.869537 178.462601 -177.721802 -179.376862 175.208725 177.141113 173.900360 34.335056 46.945084 12.008559 0.000000 -0.000000 15.288049 0.000001 -0.000000 10.181848 0.000000 -0.000000 0.000000 14.999990 -0.000007 31.901453 0.000000 -0.000000 26.101170 0.000003 -0.000003 18.270823 0.000000 -0.000000 0.000000 180.000000 -180.000000 -147.220688 0.000000 -0.000000 32.779305 180.000000 -180.000000 -158.168991 0.000000 -0.000000 0.000000 170.000000 -179.999985 -151.119965 0.000003 -0.000001 28.880024 0.000003 -0.000002 19.234095 0.000000 -0.000000 0.000000 160.000000 -180.000000 -160.101181 180.000000 -180.000000 -150.151764 0.000003 -0.000004 19.878931 174.484451 -177.898941 179.782364 171.654190 -172.535339 98.095039 179.447403 -179.891525 179.443848 9.940081 3.305043 -0.766683 130.583359 122.626785 155.667084 0.000002 0.000033 -12.446555 0.000002 0.000017 -8.289400 0.000002 0.000002 0.000000 165.000015 -179.999985 150.658371 179.999985 -180.000000 155.993210 180.000000 180.000000 163.195251 0.000002 0.000002 0.000000 180.000000 -179.999985 148.845078 0.000003 0.000002 -31.154917 0.000000 -0.000003 -20.749176 0.000002 0.000002 0.000000 9.999998 -0.000002 -29.239021 0.000003 0.000001 -29.239029 180.000000 -179.999985 160.526810 0.000002 0.000002 0.000000 20.000004 0.000004 -24.120964 0.000001 -0.000003 -36.181446 180.000000 -180.000000 155.903152
-1.970170 97.141663 -1.519346 92.723801 -176.595169 -178.906555 171.798355 173.779999 176.386246 175.510086 178.858459 -179.866608 10.257469 -3.413329 1.585622 0.402226 3.748813 1.981285 9.440354 2.740687 -0.169278 170.829224 -177.937607 175.671051 0.140440 4.133930 0.120099 0.140415 4.054247 0.193220 0.632915 2.936719 0.296029 179.999985 -175.776840 -179.478104 0.000003 -4.927023 0.540524 170.842178 -176.462891 -179.102219 6.039795 0.203644 -0.734257 12.531955 -7.935049 80.830330 178.434479 -177.770752 -179.370712 175.209229 177.137634 173.909760 34.350140 46.968357 12.035266 180.000000 179.999985 -164.709427 180.000000 179.999985 -169.816483 180.000000 180.000000 180.000000 14.999995 0.000006 31.883894 0.000003 -0.000003 26.086813 180.000000 -179.999985 -161.739227 180.000000 180.000000 180.000000 180.000000 179.999985 -147.234695 0.000003 -0.000013 32.765247 0.000006 -0.000006 21.821690 180.000000 180.000000 180.000000 170.000000 -179.999985 -151.149963 0.000002 0.000001 28.850033 180.000000 180.000000 -160.785904 180.000000 180.000000 180.000000 160.000000 -179.999985 -160.115921 0.000008 -0.000002 29.826107 0.000002 -0.000007 19.864185 174.493134 -177.905380 179.754181 171.625870 -172.487274 98.088287 179.421844 -179.870667 179.433701 9.966276 3.310484 -0.773901 130.358032 122.691032 155.801102 0.000069 0.000093 -12.275229 0.000058 0.000050 -8.175315 0.000002 -0.000003 -0.000000 165.000015 -179.999985 150.657059 0.000010 -0.000013 -24.007872 0.000007 -0.000002 -16.805508 0.000002 -0.000003 -0.000000 0.000059 -0.000078 -31.158718 0.000003 -0.000087 -31.158752 179.999985 -179.999954 159.248291 0.000002 -0.000003 -0.000000 10.000047 -0.000058 -29.237032 0.000008 -0.000070 -29.237032 179.999985 -179.999954 160.528152 0.000002 -0.000003 -0.000000 20.000027 -0.000013 -24.119062 180.000000 -179.999954 143.821457 179.999985 -179.999985 155.905045
-1.976949 97.141724 -1.463466 92.730507 -176.628555 -178.857269 171.872467 173.808777 176.305511 175.452637 178.851379 -179.848694 10.230435 -3.426905 1.616944 0.424520 3.707278 1.891509 9.397054 2.753679 -0.167291 170.840942 -177.934235 175.712784 0.145630 4.128195 0.120634 0.145602 4.048621 0.193864 0.657121 2.932429 0.298458 0.000010 -4.210349 0.547596 0.000005 -4.912077 0.567149 170.782379 -176.477463 -179.084625 6.072519 0.222593 -0.731094 12.501362 -7.905793 80.772865 178.425003 -177.779892 -179.377579 175.220474 177.154770 173.914413 34.352875 46.983131 12.044661 180.000000 -180.000000 -164.708633 180.000000 -179.999985 -169.815948 0.000002 0.000000 -0.000002 15.000012 0.000009 31.868883 180.000000 -180.000000 -153.925491 0.000006 -0.000005 18.252172 0.000002 0.000000 -0.000002 0.000001 -0.000002 32.758415 0.000004 -0.000010 32.758404 0.000003 -0.000002 21.817116 0.000002 0.000000 -0.000002 170.000000 -179.999985 -151.141739 180.000000 -179.999969 -151.141739 0.000008 -0.000012 19.219591 0.000002 0.000000 -0.000002 160.000015 -179.999985 -160.122910 0.000000 0.000005 29.815678 0.000007 0.000002 19.857218 174.494629 -177.913422 179.736099 171.609329 -172.431747 98.054611 179.381866 -179.835159 179.410736 9.888103 3.273832 -0.739750 130.049561 122.565407 156.035553 0.000096 0.000014 -11.980632 0.000069 -0.000002 -7.979121 180.000000 180.000000 -180.000000 165.000031 -179.999969 150.664886 180.000000 -179.999954 155.998550 179.999985 -179.999969 163.198990 180.000000 180.000000 -180.000000 0.000077 -0.000099 -31.176594 180.000000 -179.999878 148.823395 179.999969 -179.999924 159.236389 180.000000 180.000000 -180.000000 10.000043 -0.000079 -29.254915 0.000015 -0.000070 -29.254930 179.999985 -179.999954 160.516220 180.000000 180.000000 -180.000000 20.000072 -0.000117 -24.099121 0.000035 -0.000197 -36.148659 179.999939 -179.999893 155.924988
-1.982552 97.142014 -1.400998 92.735214 -176.664612 -178.805237 171.977203 173.833130 176.220062 175.367035 178.852753 -179.822342 10.202737 -3.436879 1.643605 0.431895 3.660193 1.787673 9.375139 2.772678 -0.164364 170.850006 -177.926102 175.761917 0.153104 4.125596 0.126035 0.153099 4.046046 0.202500 0.691041 2.930084 0.312030 179.999985 -175.800751 -179.433990 0.000014 -4.899130 0.586240 170.709427 -176.490021 -179.070450 6.060345 0.223400 -0.769773 12.515785 -7.863654 80.730110 178.419647 -177.779572 -179.388657 175.224426 177.170242 173.921997 34.356178 46.985397 12.037663 180.000000 -180.000000 -164.714005 180.000000 -179.999985 -169.819519 0.000002 -0.000002 -0.000000 15.000008 -0.000004 31.866695 0.000004 -0.000012 26.072708 179.999985 179.999985 -161.749084 0.000002 -0.000002 -0.000000 180.000000 179.999985 -147.246002 0.000001 0.000005 32.753952 180.000000 179.999985 -158.185837 0.000002 -0.000002 -0.000000 170.000000 179.999985 -151.165207 179.999985 -179.999985 -151.165222 0.000003 -0.000004 19.203943 0.000002 -0.000002 -0.000000 160.000015 179.999985 -160.126877 180.000000 179.999985 -150.190308 0.000001 0.000005 19.853254 174.484100 -177.910950 179.697998 171.611481 -172.371002 98.000343 179.341843 -179.813156 179.395126 9.783768 3.230969 -0.685674 130.388611 122.615662 155.610596 0.000190 0.000246 -12.374253 0.000161 0.000137 -8.241237 0.000000 -0.000003 0.000000 165.000061 -179.999863 150.678543 0.000004 -0.000120 -23.990311 179.999985 -179.999924 163.206787 0.000000 -0.000003 0.000000 0.000084 -0.000161 -31.200533 0.000002 -0.000171 -31.200542 179.999939 -179.999893 159.220444 0.000000 -0.000003 0.000000 10.000087 -0.000143 -29.257324 0.000008 -0.000153 -29.257317 179.999969 -179.999908 160.514618 0.000000 -0.000003 0.000000 20.000082 -0.000135 -24.127573 0.000035 -0.000251 -36.191364 179.999954 -179.999863 155.896545
-1.987733 97.142700 -1.334315 92.742851 -176.705017 -178.748779 172.058014 173.862427 176.151199 175.321991 178.856094 -179.833984 10.153442 -3.451516 1.680556 0.419211 3.606350 1.669750 9.380716 2.790269 -0.144512 170.847870 -177.921219 175.807236 0.156044 4.117924 0.125848 0.156019 4.038525 0.202061 0.704879 2.924542 0.312306 0.000016 -4.183636 0.596292 0.000009 -4.880909 0.617588 170.651657 -176.507492 -179.050674 6.114228 0.247185 -0.745422 12.506488 -7.822470 80.645432 178.411392 -177.772888 -179.405396 175.208771 177.161789 173.931061 34.354969 46.951996 11.995693 180.000000 179.999985 -164.728287 0.000003 -0.000004 10.170975 0.000002 -0.000002 -0.000000 15.000008 -0.000018 31.857580 179.999985 179.999985 -153.934708 0.000001 0.000003 18.245695 0.000002 -0.000002 -0.000000 180.000000 -179.999985 -147.252090 180.000000 179.999985 -147.252106 180.000000 179.999985 -158.189880 0.000002 -0.000002 -0.000000 170.000000 -179.999985 -151.176392 180.000000 179.999985 -151.176392 0.000007 0.000001 19.196520 0.000002 -0.000002 -0.000000 160.000015 179.999985 -160.126358 0.000009 -0.000001 29.810463 0.000001 0.000008 19.853746 174.494019 -177.920609 179.687057 171.619965 -172.313644 97.935753 179.306488 -179.787094 179.381653 9.646035 3.185176 -0.619790 130.002899 122.496681 155.754562 180.000000 -179.999985 167.913239 0.000000 -0.000005 -8.049791 180.000000 -179.999985 179.999985 165.000015 -179.999985 150.591324 0.000009 -0.000011 -24.061644 180.000000 -179.999985 163.156860 180.000000 -179.999985 179.999985 0.000105 -0.000178 -31.244154 0.000011 -0.000204 -31.244162 179.999924 -179.999878 159.191376 180.000000 -179.999985 179.999985 10.000117 -0.000196 -29.285122 0.000017 -0.000228 -29.285105 179.999924 -179.999847 160.496124 180.000000 -179.999985 179.999985 20.000088 -0.000161 -24.162567 0.000047 -0.000310 -36.243858 179.999893 -179.999817 155.861557
-1.993201 97.143486 -1.263174 92.757019 -176.749725 -178.691422 172.131363 173.888580 176.088745 175.298920 178.864258 -179.872284 10.080532 -3.473377 1.735048 0.380964 3.541605 1.533421 9.407043 2.813557 -0.112637 170.844284 -177.914261 175.858902 0.155048 4.102352 0.116479 0.155049 4.023270 0.186519 0.702292 2.913875 0.291623 179.999954 -175.846252 -179.348450 179.999985 -175.153961 -179.325165 170.581528 -176.540176 -179.017090 6.137637 0.258765 -0.722467 12.543027 -7.766451 80.612404 178.434174 -177.733780 -179.424728 175.202484 177.173325 173.933563 34.366646 46.954941 11.994716 0.000005 -0.000002 15.265659 0.000006 -0.000001 10.166925 0.000002 -0.000005 -0.000000 14.999991 -0.000003 31.853756 0.000005 -0.000007 26.062141 180.000000 180.000000 -161.756485 0.000002 -0.000005 -0.000000 0.000004 -0.000005 32.756794 180.000000 179.999985 -147.243179 179.999985 179.999985 -158.183960 0.000002 -0.000005 -0.000000 170.000015 -179.999985 -151.172256 179.999985 179.999985 -151.172241 0.000003 -0.000004 19.199284 0.000002 -0.000005 -0.000000 160.000015 179.999985 -160.097412 0.000001 -0.000000 29.853886 180.000000 -180.000000 -160.117325 174.518997 -177.955765 179.727600 171.633347 -172.255234 97.857948 179.255310 -179.765915 179.360306 9.508564 3.121376 -0.528471 129.927979 122.476631 155.694077 179.999985 -179.999985 167.924271 180.000000 -179.999985 171.957565 0.000000 -0.000000 0.000000 165.000015 -179.999939 150.600311 179.999985 -179.999954 155.945724 179.999985 -179.999985 163.162018 0.000000 -0.000000 0.000000 0.000143 -0.000245 -31.282116 179.999985 -179.999725 148.717896 179.999893 -179.999847 159.166107 0.000000 -0.000000 0.000000 10.000148 -0.000245 -29.341940 0.000003 -0.000269 -29.341936 179.999939 -179.999847 160.458267 0.000000 -0.000000 0.000000 20.000086 -0.000136 -24.242310 0.000036 -0.000220 -36.363464 179.999939 -179.999863 155.781937
-1.999878 97.144585 -1.188761 92.779068 -176.794434 -178.633072 172.200226 173.909729 176.027374 175.257675 178.879410 -179.905426 10.023792 -3.491697 1.784238 0.321839 3.478052 1.408799 9.440915 2.840564 -0.099051 170.847672 -177.906570 175.918427 0.155200 4.095343 0.119198 0.155173 4.016387 0.191058 0.702342 2.908763 0.297475 179.999985 -175.853760 -179.339996 179.999985 -175.162735 -179.316422 170.536118 -176.548141 -179.010147 6.162986 0.265036 -0.730719 12.567803 -7.705207 80.552742 178.466263 -177.671143 -179.441849 175.203537 177.183197 173.932175 34.325832 46.866028 11.908322 0.000004 -0.000004 15.256570 0.000002 0.000002 10.160874 180.000000 -180.000000 -180.000000 14.999993 -0.000018 31.868839 180.000000 179.999985 -153.925491 179.999985 179.999985 -161.747849 180.000000 -180.000000 -180.000000 180.000000 -179.999985 -147.236084 180.000000 179.999985 -147.236084 180.000000 -180.000000 -158.179245 180.000000 -180.000000 -180.000000 170.000000 -179.999985 -151.161301 0.000003 0.000005 28.838678 0.000000 -0.000000 19.206556 180.000000 -180.000000 -180.000000 159.999985 -179.999985 -160.118195 180.000000 179.999985 -150.177322 179.999985 -179.999985 -160.138123 174.525970 -177.961349 179.715836 171.652298 -172.206619 97.773109 179.200272 -179.759979 179.344696 9.336361 3.039931 -0.419849 129.822418 122.424164 155.519562 0.000001 -0.000007 -12.101100 180.000000 -179.999985 171.940674 180.000000 -180.000000 180.000000 165.000031 -179.999924 150.594284 0.000005 -0.000057 -24.059254 179.999985 -179.999969 163.158539 180.000000 -180.000000 180.000000 0.000034 -0.000072 -31.443367 180.000000 -179.999908 148.556625 179.999985 -179.999954 159.058716 180.000000 -180.000000 180.000000 10.000071 -0.000116 -29.464302 0.000004 -0.000149 -29.464302 179.999969 -179.999924 160.376770 180.000000 -180.000000 180.000000 20.000002 -0.000044 -24.324841 0.000009 -0.000083 -36.487305 179.999985 -179.999969 155.699478
-2.007827 97.145813 -1.110157 92.810028 -176.841537 -178.574921 172.261047 173.928696 175.964096 175.210739 178.898926 -179.941437 9.972294 -3.509598 1.842875 0.244142 3.409869 1.278133 9.476324 2.870925 -0.085475 170.858688 -177.897827 175.985184 0.153646 4.087749 0.123015 0.153623 4.008937 0.197512 0.694397 2.903268 0.305284 0.000001 -4.124111 0.680972 179.999985 -175.188538 -179.294708 170.444046 -176.570877 -178.995132 6.187789 0.271913 -0.739314 12.560892 -7.663853 80.485374 178.490402 -177.626617 -179.446777 175.206696 177.194321 173.932419 34.317654 46.828400 11.874606 0.000005 0.000003 15.250206 0.000004 -0.000003 10.156645 180.000000 -180.000000 -179.999985 14.999993 -0.000009 31.869505 0.000001 0.000002 26.075045 180.000000 -179.999985 -161.747467 180.000000 -180.000000 -179.999985 0.000003 -0.000015 32.770393 180.000000 179.999985 -147.229584 0.000000 -0.000000 21.825087 180.000000 -180.000000 -179.999985 170.000000 -179.999985 -151.157455 180.000000 -179.999985 -151.157486 180.000000 179.999985 -160.790878 180.000000 -180.000000 -179.999985 160.000015 -179.999985 -160.066116 179.999985 179.999985 -150.099167 0.000000 -0.000000 19.913948 174.534332 -177.965927 179.702789 171.669449 -172.167953 97.683701 179.140182 -179.774155 179.337311 9.232493 2.972610 -0.335165 129.823227 122.410080 155.407745 180.000000 -179.999985 167.844650 0.000000 0.000000 -8.095452 0.000000 0.000002 0.000002 165.000031 -179.999969 150.530182 180.000000 -179.999985 155.888351 179.999985 -179.999969 163.121841 0.000000 0.000002 0.000002 0.000027 -0.000039 -31.505251 0.000009 -0.000044 -31.505228 179.999985 -179.999985 159.017502 0.000000 0.000002 0.000002 10.000026 -0.000033 -29.589277 180.000000 -179.999969 150.410721 179.999985 -179.999985 160.293549 0.000000 0.000002 0.000002 20.000051 -0.000091 -24.322876 0.000016 -0.000146 -36.484356 179.999954 -179.999924 155.701431
-2.017700 97.147003 -1.026611 92.851364 -176.887817 -178.515289 172.317413 173.945084 175.892258 175.147461 178.916061 -179.980225 9.930838 -3.532788 1.917696 0.153391 3.342003 1.141337 9.506842 2.902430 -0.069834 170.877975 -177.888626 176.057709 0.149209 4.079993 0.125504 0.149197 4.001333 0.201891 0.673181 2.897821 0.309491 0.000020 -4.098631 0.702904 0.000011 -4.781731 0.728008 170.343338 -176.596802 -178.979614 6.216794 0.280175 -0.737565 12.537521 -7.629347 80.412949 178.518372 -177.587875 -179.444809 175.207764 177.207230 173.933685 34.327675 46.823124 11.853985 0.000001 -0.000002 15.236559 180.000000 179.999985 -169.852448 0.000000 -0.000002 0.000000 15.000000 -0.000004 31.870382 0.000000 0.000002 26.075775 0.000004 0.000002 18.253036 0.000000 -0.000002 0.000000 180.000000 179.999985 -147.218781 180.000000 179.999985 -147.218765 0.000007 -0.000001 21.832293 0.000000 -0.000002 0.000000 170.000000 -179.999985 -151.147980 0.000002 0.000001 28.852041 180.000000 180.000000 -160.784531 0.000000 -0.000002 0.000000 160.000015 -179.999985 -160.052017 0.000004 -0.000003 29.921980 180.000000 179.999985 -160.071960 174.545929 -177.972427 179.700775 171.672058 -172.141052 97.600777 179.071335 -179.783234 179.325943 9.146640 2.906193 -0.264161 129.659592 122.403069 155.298676 0.000024 0.000008 -12.125496 0.000019 -0.000000 -8.075598 0.000000 -0.000000 0.000000 165.000015 -179.999985 150.475601 0.000002 -0.000010 -24.156322 0.000004 -0.000001 -16.909428 0.000000 -0.000000 0.000000 0.000001 -0.000030 -31.553486 180.000000 -179.999969 148.446503 179.999985 -179.999985 158.985382 0.000000 -0.000000 0.000000 10.000022 -0.000061 -29.589230 180.000000 -179.999924 150.410782 179.999985 -179.999954 160.293594 0.000000 -0.000000 0.000000 20.000013 -0.000037 -24.420048 0.000010 -0.000074 -36.630081 179.999985 -179.999969 155.604370
-2.028790 97.148018 -0.937235 92.903214 -176.931549 -178.454773 172.360031 173.961304 175.810074 175.064713 178.932205 179.999619 9.913650 -3.551122 1.987873 0.052468 3.276854 0.998387 9.534364 2.936783 -0.053308 170.899460 -177.875961 176.134506 0.143239 4.075474 0.131139 0.143206 3.996902 0.211585 0.644010 2.894618 0.320138 0.000026 -4.071620 0.716922 0.000043 -4.750219 0.742532 170.233139 -176.623306 -178.968674 6.235816 0.283799 -0.757183 12.502064 -7.600492 80.340187 178.551178 -177.560364 -179.431824 175.206985 177.218948 173.938171 34.352535 46.845161 11.869706 180.000000 179.999985 -164.770370 0.000003 -0.000002 10.142922 0.000003 -0.000000 0.000000 15.000008 -0.000007 31.876598 0.000001 -0.000009 26.080854 179.999985 179.999985 -161.743408 0.000003 -0.000000 0.000000 180.000000 -179.999985 -147.218796 180.000000 180.000000 -147.218781 0.000000 0.000002 21.832287 0.000003 -0.000000 0.000000 170.000000 -179.999985 -151.148636 180.000000 179.999985 -151.148636 180.000000 180.000000 -160.784988 0.000003 -0.000000 0.000000 160.000015 -179.999985 -160.052368 180.000000 179.999985 -150.078537 0.000003 -0.000001 19.927692 174.553543 -177.975098 179.689194 171.669739 -172.118454 97.517807 178.991440 -179.796799 179.312012 9.084383 2.837771 -0.207194 129.872803 122.435364 155.203629 0.000024 0.000054 -12.287015 0.000027 0.000031 -8.183174 180.000000 -180.000000 -180.000000 165.000000 -179.999985 150.457779 180.000000 -179.999985 155.829117 179.999985 -179.999985 163.080383 180.000000 -180.000000 -180.000000 0.000010 -0.000035 -31.562735 180.000000 -179.999985 148.437256 179.999985 -179.999985 158.979218 180.000000 -180.000000 -180.000000 10.000010 -0.000019 -29.682594 180.000000 -179.999969 150.317413 180.000000 -179.999985 160.231400 180.000000 -180.000000 -180.000000 19.999985 -0.000015 -24.491587 179.999985 -179.999985 143.262604 180.000000 -179.999985 155.532898
-2.040719 97.148964 -0.840459 92.965141 -176.971985 -178.392609 172.391434 173.979828 175.712738 174.983078 178.941650 179.987259 9.897202 -3.570794 2.066740 179.946655 176.784744 -179.152740 9.556230 2.971376 -0.034443 170.921036 -177.860733 176.217575 0.136551 4.077615 0.143427 0.136538 3.998985 0.232388 0.610216 2.895925 0.345074 0.000009 -4.046422 0.717028 0.000010 -4.720828 0.742641 170.109955 -176.646973 -178.965347 6.265280 0.288239 -0.782652 12.432527 -7.581131 80.230606 178.580261 -177.548080 -179.408463 175.215836 177.217834 173.939865 34.373451 46.887772 11.866309 0.000002 0.000001 15.210922 0.000001 -0.000002 10.130486 0.000000 -0.000003 0.000000 14.999999 -0.000009 31.865068 0.000008 -0.000010 26.071423 179.999985 179.999985 -161.750000 0.000000 -0.000003 0.000000 0.000005 -0.000001 32.769958 180.000000 -179.999985 -147.230057 180.000000 -180.000000 -158.175201 0.000000 -0.000003 0.000000 170.000000 179.999985 -151.160034 179.999985 180.000000 -151.160065 0.000006 -0.000005 19.207407 0.000000 -0.000003 0.000000 160.000000 179.999985 -160.062164 0.000006 0.000002 29.906748 0.000003 -0.000001 19.917894 174.554459 -177.954086 179.641983 171.656891 -172.109802 97.444794 178.919159 -179.806900 179.302261 9.019246 2.786859 -0.179705 129.573349 122.415100 155.099533 180.000000 -179.999985 167.816757 180.000000 -179.999985 171.885956 180.000000 -180.000000 180.000000 165.000015 -179.999985 150.440674 0.000000 -0.000002 -24.184889 179.999985 -179.999985 163.070572 180.000000 -180.000000 180.000000 0.000013 -0.000014 -31.643747 180.000000 -179.999985 148.356277 180.000000 -180.000000 158.925262 180.000000 -180.000000 180.000000 10.000007 -0.000011 -29.738869 179.999985 -179.999985 150.261139 0.000000 0.000000 -19.806076 180.000000 -180.000000 180.000000 20.000002 -0.000015 -24.508307 179.999985 -179.999985 143.237549 179.999985 -179.999985 155.516220
-2.053423 97.149567 -0.736213 93.037064 -177.011627 -178.326492 172.406891 174.003983 175.599197 174.910110 178.943832 179.982834 9.877542 -3.592817 2.148814 179.839722 176.848434 -179.314651 9.569831 3.012141 -0.014020 170.940430 -177.841629 176.308487 0.124630 4.073968 0.145046 0.124623 3.995422 0.235672 0.554095 2.893766 0.345542 0.000002 -4.017599 0.736674 0.000014 -4.687193 0.762984 170.005554 -176.675369 -178.951431 6.297119 0.293709 -0.779682 12.368701 -7.556578 80.135857 178.618469 -177.550491 -179.380875 175.212524 177.216904 173.944687 34.378471 46.897552 11.906922 180.000000 180.000000 -164.772690 180.000000 -179.999985 -169.858597 0.000000 -0.000000 0.000000 15.000000 0.000009 31.854445 180.000000 179.999985 -153.937302 0.000006 -0.000007 18.243898 0.000000 -0.000000 0.000000 0.000001 -0.000002 32.763210 0.000003 -0.000001 32.763210 180.000000 179.999985 -158.179703 0.000000 -0.000000 0.000000 170.000000 -179.999985 -151.165039 0.000000 0.000002 28.834978 180.000000 -180.000000 -160.795898 0.000000 -0.000000 0.000000 160.000015 180.000000 -160.073196 0.000000 0.000004 29.890179 180.000000 -180.000000 -160.093140 174.575485 -177.950806 179.637192 171.638168 -172.108810 97.379150 178.845993 -179.808548 179.289688 8.962288 2.751232 -0.172767 129.552002 122.404625 155.030991 0.000001 -0.000005 -12.205052 0.000000 -0.000003 -8.128567 180.000000 -180.000000 180.000000 165.000015 -180.000000 150.404037 179.999985 -179.999985 155.785126 179.999985 -179.999985 163.049591 180.000000 -180.000000 180.000000 180.000000 180.000000 148.324707 179.999985 -179.999985 148.324661 180.000000 -180.000000 158.904221 180.000000 -180.000000 180.000000 10.000009 -0.000004 -29.761320 0.000002 -0.000007 -29.761293 179.999985 -179.999985 160.178970 180.000000 -180.000000 180.000000 20.000004 0.000005 -24.542093 180.000000 -179.999985 143.186829 0.000004 -0.000003 -24.517559
-2.067722 97.149780 -0.623999 93.121346 -177.048355 -178.254654 172.404190 174.028061 175.468384 174.846603 178.942291 179.983521 9.853228 -3.617461 2.239276 179.730362 176.911713 -179.488144 9.575144 3.058655 0.008549 170.957458 -177.816849 176.403549 0.109418 4.071208 0.144239 0.109418 3.992742 0.235073 0.483059 2.892442 0.339939 0.000000 -3.980748 0.762136 0.000010 -4.644205 0.789357 169.895706 -176.711624 -178.935425 6.331147 0.295715 -0.775460 12.295203 -7.519059 80.040840 178.670883 -177.568954 -179.350357 175.207535 177.214737 173.947418 34.351406 46.899605 11.861382 0.000000 -0.000004 15.215744 0.000002 -0.000003 10.133676 0.000000 -0.000000 0.000000 14.999989 0.000001 31.848236 0.000006 -0.000003 26.057652 179.999985 180.000000 -161.759644 0.000000 -0.000000 0.000000 0.000001 -0.000009 32.757942 180.000000 180.000000 -147.242081 0.000006 -0.000006 21.816788 0.000000 -0.000000 0.000000 170.000000 -179.999985 -151.173981 0.000000 -0.000005 28.826031 180.000000 179.999985 -160.801865 0.000000 -0.000000 0.000000 160.000015 179.999985 -160.087219 180.000000 -179.999985 -150.130814 180.000000 179.999985 -160.107132 174.610764 -177.951309 179.637421 171.609985 -172.105591 97.317764 178.774475 -179.805527 179.272217 8.915892 2.731516 -0.175708 129.549057 122.400116 155.003052 180.000000 -180.000000 167.783157 180.000000 180.000000 171.863586 0.000002 -0.000002 -0.000002 165.000015 179.999985 150.369446 180.000000 -179.999985 155.756805 180.000000 -179.999985 163.029770 0.000002 -0.000002 -0.000002 0.000001 0.000004 -31.698622 180.000000 -179.999985 148.301376 0.000013 0.000004 -21.111282 0.000002 -0.000002 -0.000002 10.000003 0.000010 -29.786182 180.000000 -179.999985 150.213821 179.999985 180.000000 160.162399 0.000002 -0.000002 -0.000002 19.999996 -0.000008 -24.557493 0.000003 0.000001 -36.836216 180.000000 -179.999985 155.467072
-2.084019 97.149590 -0.503893 93.218193 -177.083221 -178.177185 172.376434 174.051819 175.321457 174.804382 178.941360 179.987183 9.819693 -3.643335 2.335509 179.619263 176.976395 -179.672775 9.571139 3.115093 0.029760 170.973404 -177.784195 176.508209 0.091186 4.068731 0.140563 0.091177 3.990331 0.229836 0.398403 2.891488 0.327365 0.000015 -3.960058 0.774982 0.000002 -4.620060 0.802658 169.828949 -176.731827 -178.926880 6.366191 0.294928 -0.770645 12.241135 -7.497661 79.957542 178.702728 -177.578888 -179.327484 175.205032 177.212677 173.943649 34.382477 46.927368 11.885005 0.000002 -0.000000 15.208992 180.000000 180.000000 -169.870804 0.000000 0.000000 -0.000002 15.000000 -0.000001 31.848198 179.999985 179.999985 -153.942383 0.000003 -0.000002 18.240335 0.000000 0.000000 -0.000002 0.000002 0.000008 32.758347 0.000002 -0.000004 32.758350 179.999985 179.999985 -158.182953 0.000000 0.000000 -0.000002 170.000000 -179.999985 -151.184143 0.000003 0.000003 28.815830 0.000001 0.000003 19.191349 0.000000 0.000000 -0.000002 160.000000 -179.999985 -160.079437 0.000003 -0.000004 29.880817 180.000000 179.999985 -160.099380 174.653656 -177.949799 179.633545 171.579865 -172.106827 97.268471 178.708664 -179.804306 179.252380 8.875885 2.727356 -0.187371 129.525284 122.383919 154.952637 0.000000 -0.000003 -12.227423 180.000000 -179.999985 171.856552 0.000000 -0.000002 0.000000 165.000000 -180.000000 150.353287 0.000007 0.000015 -24.256392 0.000001 -0.000004 -16.979492 0.000000 -0.000002 0.000000 180.000000 179.999985 148.326752 0.000004 0.000000 -31.673233 0.000000 -0.000003 -21.094389 0.000000 -0.000002 0.000000 9.999992 -0.000001 -29.795019 180.000000 -179.999985 150.204971 180.000000 179.999985 160.156509 0.000000 -0.000002 0.000000 20.000004 0.000010 -24.566839 180.000000 -180.000000 143.149734 0.000000 -0.000002 -24.542273
-2.102877 97.149048 -0.376633 93.326050 -177.118195 -178.093597 172.324051 174.075195 175.163513 174.771378 178.940369 179.984070 9.788567 -3.672971 2.443701 179.503189 177.045364 -179.865707 9.559787 3.181149 0.048146 170.991150 -177.744919 176.618973 0.070466 4.066537 0.133390 0.070470 3.988215 0.218891 0.302875 2.890837 0.306601 179.999985 -176.087646 -179.183365 179.999985 -175.435577 -179.154175 169.727615 -176.779205 -178.903595 6.400340 0.287491 -0.765817 12.165776 -7.433118 79.879890 178.779388 -177.613510 -179.296967 175.203949 177.212006 173.939484 34.401058 46.937840 11.898129 0.000001 0.000002 15.205609 180.000000 -180.000000 -169.873062 180.000000 180.000000 -179.999985 15.000009 -0.000003 31.861525 0.000003 -0.000002 26.068508 0.000003 -0.000001 18.247952 180.000000 180.000000 -179.999985 180.000000 -179.999985 -147.234207 180.000000 179.999985 -147.234192 0.000004 0.000002 21.822025 180.000000 180.000000 -179.999985 170.000000 -180.000000 -151.178879 0.000003 -0.000001 28.821114 0.000006 -0.000003 19.194862 180.000000 180.000000 -179.999985 160.000015 -179.999985 -160.100372 0.000003 -0.000006 29.849466 180.000000 179.999985 -160.120255 174.702118 -177.943192 179.626190 171.552917 -172.113037 97.231720 178.646606 -179.810928 179.233521 8.842484 2.739357 -0.204049 129.515823 122.374588 154.917053 180.000000 -179.999985 167.761078 0.000000 -0.000002 -8.151151 180.000000 -180.000000 180.000000 165.000000 -179.999985 150.383820 0.000002 0.000005 -24.231422 0.000006 0.000004 -16.961990 180.000000 -180.000000 180.000000 0.000004 0.000010 -31.704100 180.000000 -179.999985 148.295914 0.000010 0.000005 -21.114929 180.000000 -180.000000 180.000000 10.000002 0.000006 -29.794331 180.000000 -179.999985 150.205688 0.000006 0.000003 -19.843014 180.000000 -180.000000 180.000000 19.999989 0.000005 -24.567093 0.000006 0.000004 -36.850651 180.000000 -179.999985 155.457474
-2.123854 97.148201 -0.243837 93.444778 -177.153702 -178.001480 172.243790 174.098053 174.993851 174.743744 178.946609 -179.997375 9.770803 -3.693675 2.546790 179.375336 177.120575 179.930481 9.548977 3.260831 0.063700 171.009827 -177.696594 176.736389 0.048242 4.060573 0.122158 0.048242 3.982394 0.201252 0.201043 2.887513 0.276668 179.999924 -176.141434 -179.136688 179.999924 -175.498322 -179.105835 169.639297 -176.832123 -178.879120 6.427435 0.283962 -0.762666 12.108893 -7.381780 79.826218 178.837936 -177.637329 -179.277390 175.199753 177.221024 173.929382 34.436436 46.954666 11.927190 0.000001 -0.000002 15.201805 0.000000 0.000001 10.124398 0.000000 -0.000000 0.000000 15.000009 0.000002 31.805794 180.000000 179.999985 -153.977081 180.000000 179.999985 -161.783966 0.000000 -0.000000 0.000000 180.000000 179.999985 -147.254440 0.000000 0.000001 32.745571 0.000000 0.000000 21.808556 0.000000 -0.000000 0.000000 170.000000 179.999985 -151.190201 180.000000 180.000000 -151.190201 0.000001 0.000007 19.187328 0.000000 -0.000000 0.000000 160.000000 -180.000000 -160.103394 0.000006 0.000000 29.844934 0.000000 -0.000000 19.876730 174.749359 -177.946228 179.615921 171.530579 -172.118576 97.207176 178.591217 -179.828430 179.217041 8.816956 2.760257 -0.222535 129.537704 122.367760 154.904053 180.000000 180.000000 167.744446 180.000000 -179.999985 171.837799 0.000000 -0.000000 0.000000 165.000000 -180.000000 150.362579 0.000015 0.000012 -24.248793 0.000007 -0.000001 -16.974150 0.000000 -0.000000 0.000000 180.000000 179.999985 148.319763 0.000002 0.000004 -31.680235 180.000000 -179.999985 158.900955 0.000000 -0.000000 0.000000 9.999997 0.000002 -29.806311 0.000002 -0.000007 -29.806316 0.000003 0.000001 -19.851007 0.000000 -0.000000 0.000000 20.000000 -0.000003 -24.558397 180.000000 -180.000000 143.162399 180.000000 -180.000000 155.466141
-2.146660 97.147453 -0.110594 93.571655 -177.185562 -177.904373 172.140472 174.109573 174.819839 174.725876 178.959320 179.993988 9.755622 -3.724509 2.679027 179.233246 177.194748 179.721039 9.543328 3.341370 0.078971 171.029907 -177.649994 176.857391 0.023976 4.058567 0.109867 0.023972 3.980494 0.181944 0.089964 2.887101 0.243970 179.999985 -176.178589 -179.096436 0.000022 -4.458310 0.935839 169.552689 -176.870056 -178.855682 6.456344 0.266063 -0.758733 12.051357 -7.305911 79.767181 178.917618 -177.667419 -179.250259 175.198273 177.234558 173.914276 34.366791 46.931198 11.818417 0.000014 0.000002 15.181615 0.000006 0.000006 10.110967 0.000005 0.000000 -0.000002 15.000006 0.000008 31.808594 179.999985 -179.999985 -153.974792 0.000000 0.000001 18.217648 0.000005 0.000000 -0.000002 180.000000 -179.999985 -147.240463 180.000000 179.999985 -147.240448 179.999985 179.999985 -158.182175 0.000005 0.000000 -0.000002 170.000015 -180.000000 -151.184906 179.999985 179.999985 -151.184875 0.000000 0.000002 19.190861 0.000005 0.000000 -0.000002 160.000015 179.999985 -160.106277 180.000000 -179.999985 -150.159393 0.000007 0.000001 19.873846 174.807800 -177.945435 179.590546 171.504349 -172.121246 97.197136 178.534546 -179.851608 179.200806 8.795015 2.791677 -0.247047 129.598602 122.358170 154.937057 180.000000 -179.999985 167.731430 0.000002 0.000000 -8.170877 180.000000 -180.000000 -179.999985 165.000015 -179.999985 150.362030 0.000010 0.000002 -24.249239 0.000010 0.000002 -16.974470 180.000000 -180.000000 -179.999985 0.000002 -0.000007 -31.681095 0.000021 0.000015 -31.681087 0.000010 0.000002 -21.099613 180.000000 -180.000000 -179.999985 10.000014 0.000009 -29.784027 0.000012 -0.000006 -29.784010 0.000007 0.000001 -19.836155 180.000000 -180.000000 -179.999985 20.000011 0.000004 -24.549997 0.000043 -0.000009 -36.825008 0.000020 -0.000010 -24.525431
-2.171254 97.145805 0.038394 93.724945 -177.234940 -177.786026 171.994156 174.154572 174.614883 174.754150 178.947693 179.956406 9.708515 -3.766381 2.846323 179.062225 177.297592 179.487076 9.550324 3.445037 0.087241 171.039154 -177.587082 176.984741 179.996063 175.949768 -179.911331 179.996063 176.027664 -179.852036 179.963577 177.118149 -179.808960 0.000030 -3.735019 0.985411 0.000022 -4.357522 1.020607 169.443909 -176.955215 -178.814011 6.475460 0.246387 -0.762597 11.961677 -7.173874 79.701797 179.057983 -177.733871 -179.185608 175.208832 177.247681 173.915451 34.380337 46.989689 11.943402 0.000000 -0.000000 15.227534 180.000000 -180.000000 -169.858444 0.000000 -0.000000 0.000000 14.999999 0.000004 31.827381 0.000001 0.000004 26.040560 180.000000 180.000000 -161.771606 0.000000 -0.000000 0.000000 180.000000 -180.000000 -147.244629 179.999985 179.999985 -147.244629 180.000000 -180.000000 -158.184921 0.000000 -0.000000 0.000000 170.000000 -179.999985 -151.171692 0.000007 -0.000002 28.828299 180.000000 179.999985 -160.800339 0.000000 -0.000000 0.000000 160.000000 179.999985 -160.096375 0.000006 -0.000009 29.855402 0.000007 -0.000001 19.883692 174.840012 -177.925049 179.588455 171.500565 -172.139938 97.187294 178.494720 -179.873611 179.195480 8.782795 2.826359 -0.267054 129.730728 122.415947 155.136475 179.999985 -180.000000 167.754852 179.999985 179.999985 171.844711 0.000002 -0.000003 -0.000000 165.000015 179.999985 150.375534 180.000000 -179.999985 155.761826 0.000007 0.000001 -16.966717 0.000002 -0.000003 -0.000000 0.000016 0.000001 -31.670010 0.000012 -0.000005 -31.670000 0.000001 -0.000004 -21.092218 0.000002 -0.000003 -0.000000 10.000024 -0.000011 -29.776787 0.000000 0.000000 -29.776760 180.000000 -179.999985 160.168686 0.000002 -0.000003 -0.000000 20.000010 -0.000006 -24.534847 0.000039 0.000001 -36.802280 180.000000 -179.999969 155.489670
-2.194873 97.143768 0.193584 93.799698 -177.254791 -177.724564 171.935379 174.168549 174.458420 174.775497 178.933487 179.963303 9.667933 -3.793774 2.983238 178.977325 177.373734 179.310181 9.556510 3.564773 0.096764 171.045151 -177.512405 177.115402 179.982162 175.947845 -179.924835 179.982147 176.025742 -179.873840 179.901154 177.116272 -179.841675 0.000003 -3.682646 1.033655 0.000008 -4.296420 1.070577 169.420746 -177.005936 -178.792175 6.490343 0.232390 -0.767361 11.916350 -7.101535 79.652412 179.128922 -177.768509 -179.128540 175.264069 177.305161 173.913361 34.421761 47.060467 12.030241 0.000009 -0.000002 15.239981 0.000002 0.000002 10.149837 0.000002 0.000000 -0.000003 15.000010 -0.000008 31.832680 0.000006 -0.000003 26.044891 0.000000 -0.000000 18.231459 0.000002 0.000000 -0.000003 0.000005 0.000011 32.774689 0.000014 0.000000 32.774673 180.000000 -180.000000 -158.172089 0.000002 0.000000 -0.000003 170.000000 180.000000 -151.169312 0.000002 -0.000007 28.830673 0.000003 -0.000004 19.201231 0.000002 0.000000 -0.000003 160.000046 179.999985 -160.092758 180.000000 179.999985 -150.139099 0.000001 0.000007 19.887371 174.875046 -177.925125 179.568695 171.480270 -172.145294 97.213860 178.464203 -179.899277 179.191635 8.775118 2.849040 -0.281935 129.696487 122.366226 155.001724 180.000000 179.999985 167.712631 180.000000 179.999985 171.816635 0.000000 -0.000000 0.000000 165.000015 -179.999985 150.383453 0.000007 -0.000001 -24.231712 0.000008 -0.000006 -16.962204 0.000000 -0.000000 0.000000 0.000035 -0.000006 -31.683550 0.000012 -0.000019 -31.683523 0.000003 -0.000016 -21.101240 0.000000 -0.000000 0.000000 10.000001 -0.000007 -29.761070 0.000018 -0.000002 -29.761084 180.000000 -179.999985 160.179108 0.000000 -0.000000 0.000000 20.000017 0.000002 -24.496664 0.000031 -0.000017 -36.745003 179.999985 -179.999985 155.527802
-2.216588 97.141411 0.354209 93.943871 -177.309387 -177.614365 171.811325 174.237747 174.248077 174.788986 178.919250 -179.996887 9.630790 -3.802100 3.075917 178.826706 177.494705 179.081314 9.556513 3.699741 0.102617 171.052170 -177.428528 177.247391 179.955734 175.952744 -179.949387 179.955750 176.030563 -179.913498 179.782425 177.119659 -179.901489 179.999969 -176.356827 -178.924896 179.999985 -175.749619 -178.886490 169.426376 -177.044327 -178.773895 6.510678 0.201654 -0.773455 11.850226 -6.976621 79.580444 179.251022 -177.830750 -179.038071 175.248672 177.295517 173.921555 34.343849 46.814640 11.642406 0.000226 0.000024 15.125109 0.000139 0.000056 10.073335 0.000000 -0.000002 -0.000002 15.000004 0.000006 31.838890 180.000000 -179.999985 -153.949997 0.000002 -0.000006 18.235003 0.000000 -0.000002 -0.000002 0.000004 -0.000005 32.781448 180.000000 -180.000000 -147.218536 180.000000 179.999985 -158.167557 0.000000 -0.000002 -0.000002 170.000000 -179.999985 -151.171707 179.999985 -179.999985 -151.171677 0.000010 -0.000003 19.199661 0.000000 -0.000002 -0.000002 160.000015 -179.999985 -160.080566 0.000006 -0.000010 29.879175 179.999985 -179.999985 -160.100433 174.915909 -177.908142 179.552307 171.458206 -172.151260 97.250999 178.440002 -179.922562 179.194763 8.770981 2.869422 -0.289342 129.828781 122.350479 155.113235 180.000000 179.999985 167.703568 179.999985 -180.000000 171.810593 180.000000 -179.999985 180.000000 165.000015 -179.999985 150.415176 0.000003 -0.000013 -24.205778 0.000003 0.000001 -16.944038 180.000000 -179.999985 180.000000 0.000002 -0.000007 -31.609442 0.000009 -0.000008 -31.609484 0.000001 -0.000007 -21.051882 180.000000 -179.999985 180.000000 10.000007 0.000001 -29.724430 180.000000 -179.999985 150.275574 0.000004 -0.000004 -19.796474 180.000000 -179.999985 180.000000 19.999987 -0.000007 -24.443260 0.000011 -0.000023 -36.664894 0.000003 -0.000012 -24.418827
-2.238174 97.138489 0.520623 94.078674 -177.362930 -177.513290 171.707474 174.318359 174.044342 174.817276 178.866486 179.990387 9.565557 -3.839906 3.215703 178.706497 177.615845 178.860199 9.530298 3.845497 0.107752 171.066635 -177.333191 177.380280 179.931976 175.962250 -179.974670 179.931992 176.039871 -179.954483 179.676224 177.126663 -179.962158 179.999985 -176.436401 -178.861450 179.999969 -175.842468 -178.820786 169.426926 -177.119400 -178.748550 6.528218 0.188845 -0.773566 11.802896 -6.904277 79.534409 179.312820 -177.877884 -178.973633 175.274704 177.313812 173.940170 34.396667 47.027077 12.132111 0.000007 0.000003 15.308146 0.000007 0.000002 10.195217 0.000003 -0.000000 0.000000 15.000002 -0.000014 31.836527 179.999985 180.000000 -153.951920 0.000003 -0.000005 18.233646 0.000003 -0.000000 0.000000 179.999985 -179.999985 -147.216507 0.000005 -0.000018 32.783508 0.000003 -0.000004 21.833820 0.000003 -0.000000 0.000000 169.999969 -179.999985 -151.154572 179.999985 -179.999969 -151.154587 0.000002 -0.000026 19.211044 0.000003 -0.000000 0.000000 159.999969 -179.999969 -160.062775 179.999985 -179.999954 -150.094162 180.000000 -179.999985 -160.082703 174.948975 -177.908600 179.541397 171.434402 -172.153381 97.293732 178.425995 -179.946075 179.198654 8.769212 2.885270 -0.277153 129.813492 122.316856 155.071411 180.000000 -179.999985 167.695740 180.000000 -180.000000 171.805344 0.000003 -0.000003 -0.000000 165.000015 -179.999985 150.441620 0.000001 -0.000007 -24.184120 0.000008 -0.000006 -16.928888 0.000003 -0.000003 -0.000000 179.999985 179.999985 148.431671 180.000000 179.999985 148.431702 179.999985 -179.999985 158.975510 0.000003 -0.000003 -0.000000 10.000009 -0.000015 -29.689507 180.000000 -179.999985 150.310501 0.000001 -0.000008 -19.773199 0.000003 -0.000003 -0.000000 20.000006 -0.000002 -24.406927 0.000003 0.000001 -36.610401 180.000000 180.000000 155.617462
-2.260202 97.134903 0.689820 94.201599 -177.409332 -177.424225 171.616638 174.394333 173.864380 174.821548 178.805267 179.962738 9.523435 -3.881789 3.351798 178.586136 177.730988 178.648911 9.532871 3.983683 0.131193 171.065994 -177.243317 177.494797 179.910507 175.971329 -179.998322 179.910522 176.048828 -179.992905 179.580505 177.133606 179.981293 179.999985 -176.501953 -178.819183 179.999985 -175.918945 -178.777008 169.458298 -177.179306 -178.735245 6.536296 0.194283 -0.783809 11.777112 -6.843341 79.504341 179.363342 -177.932434 -178.922913 175.260803 177.295441 173.960327 34.434383 47.080990 12.198611 0.000006 0.000004 15.315152 0.000004 0.000001 10.199895 0.000000 -0.000003 0.000000 14.999978 -0.000018 31.838619 180.000000 -179.999985 -153.950226 0.000002 -0.000011 18.234861 0.000000 -0.000003 0.000000 179.999985 -179.999985 -147.225067 180.000000 -179.999985 -147.225067 0.000005 -0.000011 21.828087 0.000000 -0.000003 0.000000 169.999985 -179.999969 -151.192535 179.999985 -179.999969 -151.192535 0.000003 -0.000025 19.185770 0.000000 -0.000003 0.000000 159.999985 -179.999985 -160.100159 179.999985 -179.999985 -150.150238 0.000004 -0.000018 19.879959 174.974182 -177.915802 179.539200 171.425323 -172.152847 97.326515 178.417816 -179.974701 179.206223 8.770191 2.909218 -0.246424 129.769028 122.303673 155.044235 179.999985 179.999985 167.706879 179.999985 179.999985 171.812790 0.000000 -0.000000 0.000000 165.000015 -180.000000 150.464523 0.000000 -0.000001 -24.165445 180.000000 179.999985 163.084229 0.000000 -0.000000 0.000000 180.000000 179.999985 148.430756 180.000000 179.999985 148.430756 179.999985 179.999985 158.974884 0.000000 -0.000000 0.000000 10.000004 0.000005 -29.680737 179.999985 -179.999985 150.319275 0.000002 0.000009 -19.767363 0.000000 -0.000000 0.000000 20.000002 0.000007 -24.390236 180.000000 179.999985 143.414688 0.000003 0.000002 -24.365852
-2.280168 97.130363 0.862248 94.297813 -177.438095 -177.357422 171.569748 174.478043 173.696228 174.766296 178.707535 179.936340 9.528269 -3.927589 3.488906 178.530106 177.841370 178.468155 9.435357 4.184361 0.098602 171.125290 -177.115082 177.664139 179.892334 175.969254 179.976013 179.892380 176.046829 179.965225 179.500580 177.133011 179.921173 179.999954 -176.568451 -178.772354 179.999939 -175.996536 -178.728500 169.516525 -177.239975 -178.720566 6.549105 0.186682 -0.772813 11.764919 -6.775832 79.482719 179.421631 -177.981522 -178.877075 175.224762 177.268524 173.974686 34.439987 47.077332 12.238912 180.000000 180.000000 -164.666397 0.000002 -0.000003 10.212158 180.000000 -179.999985 180.000000 14.999967 -0.000024 31.822474 180.000000 -179.999985 -153.963440 0.000014 -0.000021 18.225580 180.000000 -179.999985 180.000000 179.999985 -179.999985 -147.232452 0.000002 -0.000030 32.767502 180.000000 -179.999985 -158.176834 180.000000 -179.999985 180.000000 169.999985 -179.999954 -151.220001 179.999985 -179.999969 -151.220001 0.000017 -0.000025 19.167479 180.000000 -179.999985 180.000000 160.000000 -179.999985 -160.113968 179.999985 -179.999985 -150.170944 0.000008 -0.000033 19.866123 175.017136 -177.932678 179.542328 171.416550 -172.135422 97.376953 178.413406 179.977982 179.218857 8.775039 2.938365 -0.203123 129.780640 122.253090 154.945892 180.000000 -179.999985 167.659637 0.000002 -0.000002 -8.218698 0.000002 -0.000002 -0.000000 165.000000 -179.999985 150.464432 180.000000 179.999985 155.834534 179.999985 179.999985 163.084183 0.000002 -0.000002 -0.000000 179.999985 179.999985 148.418671 179.999985 179.999985 148.418671 179.999985 179.999985 158.966827 0.000002 -0.000002 -0.000000 9.999994 0.000007 -29.682861 0.000003 0.000015 -29.682865 0.000004 0.000016 -19.768795 0.000002 -0.000002 -0.000000 19.999973 0.000002 -24.399834 179.999985 179.999985 143.400238 0.000002 0.000007 -24.375425
-2.295922 97.124916 1.035374 94.434402 -177.476501 -177.258606 171.473511 174.586441 173.506027 174.718521 178.603210 179.898849 9.533016 -3.971177 3.621368 178.428986 177.969482 178.277069 9.310026 4.393547 0.037011 171.215897 -176.987930 177.837234 179.867004 175.970383 179.943604 179.867035 176.047958 179.912415 179.388443 177.135040 179.844650 179.999924 -176.637848 -178.732208 179.999893 -176.077484 -178.686935 169.594818 -177.301773 -178.711197 6.559615 0.177234 -0.762920 11.768418 -6.698676 79.466156 179.422256 -178.050323 -178.875778 175.207260 177.237030 174.025208 34.429535 47.042271 12.182805 180.000000 179.999985 -164.683472 180.000000 179.999985 -169.799179 0.000000 0.000000 -0.000002 14.999993 -0.000020 31.792191 180.000000 -179.999985 -153.988205 0.000006 -0.000009 18.208254 0.000000 0.000000 -0.000002 179.999985 -179.999985 -147.251465 180.000000 -179.999985 -147.251465 180.000000 -180.000000 -158.189484 0.000000 0.000000 -0.000002 170.000000 -179.999985 -151.251923 0.000002 -0.000022 28.748068 0.000008 -0.000013 19.146191 0.000000 0.000000 -0.000002 160.000015 -179.999985 -160.133438 179.999985 -179.999985 -150.200165 180.000000 179.999985 -160.153320 175.049103 -177.941650 179.564941 171.438599 -172.119293 97.401009 178.415054 179.922760 179.234879 8.774637 2.984070 -0.144548 129.728271 122.286369 154.867493 0.000002 0.000004 -12.358209 0.000000 -0.000002 -8.230567 0.000000 -0.000000 0.000000 165.000000 179.999985 150.440552 0.000001 0.000013 -24.185005 180.000000 179.999985 163.070511 0.000000 -0.000000 0.000000 180.000000 179.999985 148.391846 180.000000 179.999985 148.391861 180.000000 179.999985 158.948975 0.000000 -0.000000 0.000000 9.999990 0.000005 -29.709145 180.000000 179.999985 150.290848 0.000021 0.000016 -19.786272 0.000000 -0.000000 0.000000 20.000000 0.000019 -24.439039 179.999985 179.999985 143.341431 0.000003 0.000016 -24.414612
-2.303535 97.118210 1.211113 94.489937 -177.474411 -177.215256 171.450043 174.648422 173.376480 174.707855 178.493454 179.857315 9.509572 -4.016536 3.744168 178.437668 178.142151 178.125671 9.114210 4.686393 0.006202 171.350815 -176.861282 178.002121 179.855042 175.953735 179.920532 179.855057 176.031662 179.874557 179.337204 177.124283 179.791534 179.999893 -176.709686 -178.699875 179.999893 -176.161301 -178.653427 169.691010 -177.364273 -178.707611 6.569057 0.168861 -0.758998 11.785394 -6.629236 79.461502 179.458496 -178.092834 -178.864288 175.196838 177.259964 174.045670 34.360561 46.999432 12.141504 180.000000 179.999985 -164.666443 0.000003 0.000001 10.212130 0.000003 0.000002 0.000000 14.999990 -0.000020 31.769236 0.000006 -0.000021 25.993006 180.000000 -180.000000 -161.804886 0.000003 0.000002 0.000000 180.000000 -179.999985 -147.260971 0.000004 -0.000012 32.739017 180.000000 -179.999985 -158.195801 0.000003 0.000002 0.000000 170.000000 -179.999985 -151.279831 0.000006 -0.000019 28.720167 0.000015 -0.000011 19.127625 0.000003 0.000002 0.000000 160.000000 -179.999985 -160.154556 0.000004 -0.000003 29.768167 0.000006 -0.000003 19.825583 175.075241 -177.954285 179.587265 171.480865 -172.094101 97.417107 178.418915 179.860977 179.250931 8.787214 3.029799 -0.100098 129.749557 122.366066 154.892654 0.000003 -0.000001 -12.369106 180.000000 180.000000 171.762192 0.000000 -0.000000 0.000000 165.000015 -179.999985 150.419250 0.000005 0.000010 -24.202421 0.000010 0.000005 -16.941685 0.000000 -0.000000 0.000000 180.000000 179.999985 148.349289 180.000000 179.999985 148.349274 0.000019 0.000010 -21.079378 0.000000 -0.000000 0.000000 9.999990 -0.000008 -29.743469 0.000006 0.000016 -29.743462 179.999985 180.000000 160.190842 0.000000 -0.000000 0.000000 19.999985 0.000004 -24.479090 179.999985 179.999985 143.281357 0.000001 0.000011 -24.454607
-2.302259 97.110191 1.390689 94.527130 -177.458908 -177.177628 171.426376 174.699142 173.256866 174.641632 178.386597 179.792053 9.560172 -4.059604 3.876492 178.460037 178.325577 177.979523 8.887510 5.000821 -0.024932 171.521133 -176.737183 178.164108 179.845596 175.929245 179.897842 179.845627 176.007690 179.837265 179.297714 177.108017 179.739822 179.999908 -176.781265 -178.675507 179.999908 -176.244812 -178.628204 169.801071 -177.425217 -178.709244 6.579116 0.165106 -0.765946 11.802766 -6.520280 79.431511 179.493073 -178.118759 -178.848328 175.183243 177.259888 174.068497 34.337364 46.958294 12.095502 179.999985 179.999969 -164.671829 179.999985 179.999985 -169.791428 180.000000 -180.000000 180.000000 14.999987 -0.000017 31.750965 180.000000 -179.999985 -154.021942 0.000019 -0.000009 18.184633 180.000000 -180.000000 180.000000 180.000000 -179.999985 -147.272354 0.000001 0.000002 32.727631 180.000000 -180.000000 -158.203369 180.000000 -180.000000 180.000000 170.000000 -179.999985 -151.298508 0.000003 -0.000010 28.701500 0.000006 -0.000005 19.115204 180.000000 -180.000000 180.000000 160.000000 -179.999985 -160.158890 0.000006 -0.000016 29.761627 0.000003 -0.000004 19.821257 175.098724 -177.965530 179.606674 171.535706 -172.062164 97.437675 178.425537 179.797134 179.257492 8.799479 3.071652 -0.071200 129.743240 122.431412 154.901703 180.000000 179.999985 167.628250 180.000000 180.000000 171.760406 0.000000 -0.000002 0.000000 165.000015 179.999985 150.401657 0.000008 0.000010 -24.216829 179.999985 -179.999985 163.048233 0.000000 -0.000002 0.000000 0.000003 0.000001 -31.684834 0.000006 0.000004 -31.684820 0.000000 -0.000001 -21.102091 0.000000 -0.000002 0.000000 10.000004 0.000001 -29.768959 179.999985 180.000000 150.231049 0.000013 0.000006 -19.826118 0.000000 -0.000002 0.000000 20.000002 0.000011 -24.525328 179.999985 -180.000000 143.212036 0.000012 0.000010 -24.500790
-2.292569 97.100960 1.575379 94.546173 -177.435379 -177.145279 171.397064 174.742371 173.135864 174.604034 178.284546 179.736343 9.604626 -4.098964 4.001964 178.504242 178.515564 177.837250 8.601253 5.332788 -0.067144 171.746506 -176.614273 178.333511 179.838867 175.897415 179.874664 179.838882 175.976532 179.799026 179.271011 177.086563 179.687653 179.999939 -176.856232 -178.658829 179.999924 -176.332291 -178.610916 169.926605 -177.487793 -178.716400 6.592843 0.149084 -0.764029 11.807767 -6.407167 79.391212 179.519562 -178.130600 -178.831268 175.252579 177.282806 174.117874 34.203560 46.876842 12.031045 0.000004 0.000018 15.368617 180.000000 179.999985 -169.764496 0.000000 -0.000000 0.000000 15.000009 -0.000007 31.722820 0.000002 -0.000007 25.955059 0.000012 -0.000010 18.168518 0.000000 -0.000000 0.000000 0.000003 -0.000006 32.718315 0.000010 -0.000004 32.718307 180.000000 -180.000000 -158.209610 0.000000 -0.000000 0.000000 170.000000 -179.999985 -151.327408 0.000005 -0.000008 28.672590 0.000016 -0.000006 19.095942 0.000000 -0.000000 0.000000 160.000015 179.999985 -160.180511 0.000007 -0.000013 29.729229 0.000000 -0.000000 19.799671 175.117142 -177.975098 179.618622 171.608810 -172.035110 97.441711 178.421265 179.736694 179.281448 8.807103 3.115688 -0.059334 129.728027 122.474129 154.895187 180.000000 179.999985 167.625946 180.000000 180.000000 171.758881 0.000000 -0.000000 0.000000 165.000000 -179.999985 150.390656 180.000000 -180.000000 155.774185 179.999985 -179.999985 163.041946 0.000000 -0.000000 0.000000 0.000003 -0.000004 -31.714754 0.000010 -0.000010 -31.714720 179.999985 -179.999985 158.877975 0.000000 -0.000000 0.000000 10.000001 0.000008 -29.795515 180.000000 -179.999985 150.204498 0.000001 -0.000005 -19.843813 0.000000 -0.000000 0.000000 20.000013 -0.000012 -24.580484 0.000015 -0.000011 -36.870724 180.000000 -179.999985 155.444107
-2.279001 97.090652 1.767045 94.548271 -177.406754 -177.116165 171.342758 174.762268 173.026352 174.575439 178.200150 179.634964 9.676525 -4.149753 4.159636 178.523346 178.691788 177.680450 8.362023 5.606432 -0.052832 171.972183 -176.535477 178.452347 179.835342 175.864105 179.854568 179.835373 175.943909 179.765762 179.258896 177.063919 179.642883 179.999954 -176.902557 -178.643692 179.999954 -176.386307 -178.595261 170.017715 -177.526581 -178.718689 6.602213 0.146354 -0.779467 11.797134 -6.307247 79.345505 179.526962 -178.138123 -178.813828 175.287811 177.310852 174.140884 34.268688 46.896324 12.092696 179.999985 179.999863 -164.632050 179.999969 179.999924 -169.764938 0.000000 -0.000000 0.000000 15.000000 -0.000011 31.706169 0.000007 0.000000 25.941410 0.000003 -0.000003 18.158972 0.000000 -0.000000 0.000000 0.000005 0.000004 32.710773 180.000000 180.000000 -147.289230 0.000010 -0.000004 21.785378 0.000000 -0.000000 0.000000 170.000000 -179.999985 -151.348312 0.000004 -0.000005 28.651663 0.000003 -0.000006 19.082005 0.000000 -0.000000 0.000000 160.000000 -180.000000 -160.186920 180.000000 179.999985 -150.280396 180.000000 179.999985 -160.206741 175.129135 -177.965240 179.641388 171.676910 -172.029236 97.412025 178.414261 179.701965 179.300507 8.808440 3.172228 -0.059741 129.656555 122.458916 154.843018 180.000000 179.999985 167.638657 180.000000 179.999985 171.767349 0.000000 -0.000000 0.000000 165.000000 -179.999985 150.408600 0.000009 0.000005 -24.211145 179.999985 -179.999985 163.052200 0.000000 -0.000000 0.000000 0.000003 -0.000024 -31.677639 0.000008 -0.000016 -31.677670 180.000000 -179.999985 158.902679 0.000000 -0.000000 0.000000 9.999995 -0.000005 -29.802830 180.000000 -179.999985 150.197159 0.000004 -0.000001 -19.848694 0.000000 -0.000000 0.000000 19.999983 -0.000000 -24.494993 0.000002 0.000004 -36.742500 0.000007 0.000017 -24.470520
-2.266904 97.079407 1.970740 94.536758 -177.375748 -177.091690 171.271622 174.778412 172.909378 174.552963 178.108704 179.512070 9.770103 -4.215936 4.345954 178.528046 178.839508 177.493195 8.147674 5.839884 -0.007341 172.201752 -176.467392 178.565918 179.833588 175.827438 179.834503 179.833633 175.907990 179.732468 179.255157 177.038803 179.598618 179.999969 -176.968094 -178.641556 179.999939 -176.462769 -178.593048 170.132721 -177.579697 -178.732315 6.610904 0.145372 -0.796495 11.768323 -6.221302 79.293343 179.559982 -178.129990 -178.771622 175.282852 177.316864 174.138382 33.997330 46.844433 12.147866 180.000000 179.999985 -164.478256 180.000000 179.999985 -169.662521 0.000002 -0.000000 0.000000 14.999990 -0.000028 31.710997 0.000004 -0.000014 25.945343 0.000019 -0.000008 18.161739 0.000002 -0.000000 0.000000 179.999985 180.000000 -147.288086 180.000000 179.999985 -147.288086 0.000004 0.000001 21.786129 0.000002 -0.000000 0.000000 170.000000 -179.999985 -151.362274 0.000006 -0.000010 28.637714 0.000001 0.000003 19.072710 0.000002 -0.000000 0.000000 160.000000 179.999985 -160.183655 180.000000 179.999985 -150.275482 0.000005 0.000006 19.796526 175.137161 -177.974518 179.637070 171.728729 -172.008636 97.408150 178.402039 179.691757 179.324249 8.809127 3.222978 -0.073638 129.635681 122.477631 154.876083 180.000000 179.999985 167.662918 180.000000 180.000000 171.783508 0.000000 -0.000003 0.000000 165.000015 179.999985 150.456039 180.000000 -180.000000 155.827667 179.999985 -179.999985 163.079376 0.000000 -0.000003 0.000000 0.000020 -0.000001 -31.526138 0.000006 -0.000007 -31.526142 0.000005 -0.000006 -20.996420 0.000000 -0.000003 0.000000 10.000001 -0.000001 -29.793934 0.000002 -0.000008 -29.793941 0.000017 0.000005 -19.842756 0.000000 -0.000003 0.000000 20.000006 -0.000004 -24.564323 0.000006 0.000002 -36.846481 0.000004 -0.000001 -24.539753
-2.260175 97.067657 2.186985 94.514107 -177.344162 -177.074127 171.184631 174.798035 172.790176 174.526642 178.000565 179.348755 9.891631 -4.304513 4.575400 178.493073 178.894653 177.302292 7.976606 5.972345 0.030254 172.436981 -176.413193 178.684998 179.833389 175.788132 179.814545 179.833405 175.869461 179.699310 179.258636 177.011749 179.554977 179.999954 -177.030823 -178.642593 179.999939 -176.535965 -178.594116 170.240860 -177.630249 -178.746918 6.615732 0.143744 -0.809351 11.723180 -6.140837 79.226433 179.550476 -178.143021 -178.743668 175.312714 177.318344 174.160568 33.982586 46.826706 12.224984 180.000000 179.999985 -164.429993 180.000000 179.999985 -169.630356 180.000000 -179.999985 180.000000 15.000006 -0.000006 31.638905 0.000003 -0.000003 25.886383 0.000002 -0.000007 18.120487 180.000000 -179.999985 180.000000 0.000003 -0.000001 32.712490 180.000000 179.999985 -147.287491 0.000007 -0.000001 21.786535 180.000000 -179.999985 180.000000 170.000000 -179.999985 -151.384293 0.000006 -0.000005 28.615721 0.000006 -0.000004 19.058071 180.000000 -179.999985 180.000000 160.000000 -179.999985 -160.183640 0.000003 0.000005 29.724560 180.000000 179.999985 -160.203445 175.144455 -177.981354 179.630432 171.758377 -171.991852 97.404846 178.395569 179.712662 179.326202 8.788139 3.280813 -0.045166 129.608856 122.464676 154.893433 180.000000 180.000000 167.687393 0.000002 0.000002 -8.200215 0.000000 -0.000002 0.000000 165.000015 -179.999985 150.519379 180.000000 -179.999985 155.879486 0.000001 -0.000005 -16.884357 0.000000 -0.000002 0.000000 0.000011 -0.000008 -31.306162 0.000016 -0.000005 -31.306185 0.000006 -0.000011 -20.849905 0.000000 -0.000002 0.000000 9.999999 -0.000009 -29.767460 0.000001 -0.000003 -29.767443 180.000000 180.000000 160.174881 0.000000 -0.000002 0.000000 20.000002 -0.000018 -24.535990 180.000000 -179.999985 143.196014 0.000009 0.000006 -24.511457
-2.257373 97.056015 2.410839 94.482933 -177.315781 -177.067047 171.084549 174.828201 172.675232 174.538528 177.898453 179.260406 10.003137 -4.369091 4.738086 178.431473 178.916458 177.100433 7.826337 6.054942 0.080546 172.687546 -176.373260 178.804398 179.834167 175.748367 179.795364 179.834213 175.830505 179.667343 179.266846 176.984299 179.513214 179.999924 -177.091354 -178.644989 179.999939 -176.606583 -178.596603 170.340958 -177.678986 -178.761520 6.616414 0.141065 -0.820251 11.672777 -6.104249 79.174171 179.525558 -178.166458 -178.721527 175.311005 177.312271 174.173553 33.950642 46.810616 12.274460 180.000000 179.999985 -164.388504 180.000000 179.999985 -169.602737 180.000000 -179.999985 180.000000 14.999997 -0.000012 31.619791 0.000002 -0.000006 25.870722 0.000001 0.000004 18.109507 180.000000 -179.999985 180.000000 180.000000 -179.999985 -147.287872 0.000003 -0.000002 32.712128 180.000000 179.999985 -158.213730 180.000000 -179.999985 180.000000 170.000000 -179.999985 -151.405273 0.000003 -0.000010 28.594723 0.000006 -0.000004 19.044085 180.000000 -179.999985 180.000000 160.000000 -179.999985 -160.184280 0.000001 0.000003 29.723574 0.000000 -0.000000 19.795891 175.153198 -177.988678 179.619919 171.765427 -171.976654 97.399437 178.385284 179.742950 179.336380 8.766894 3.326913 0.006658 129.585953 122.430305 154.916016 0.000005 0.000002 -12.284137 0.000003 0.000002 -8.181239 0.000000 -0.000000 0.000000 165.000015 -179.999985 150.626923 0.000005 -0.000007 -24.032501 180.000000 -179.999985 163.177246 0.000000 -0.000000 0.000000 0.000008 -0.000005 -30.983473 0.000012 -0.000005 -30.983482 0.000001 -0.000008 -20.634989 0.000000 -0.000000 0.000000 9.999999 0.000010 -29.735392 179.999985 -179.999985 150.264618 0.000013 0.000002 -19.803762 0.000000 -0.000000 0.000000 19.999996 -0.000009 -24.503149 0.000007 0.000001 -36.754734 0.000007 0.000001 -24.478649
-2.258585 97.043869 2.642709 94.447716 -177.283127 -177.055557 170.985809 174.855911 172.552963 174.516693 177.779358 179.146484 10.148914 -4.454646 4.925029 178.359085 178.910492 176.873917 7.684759 6.104014 0.146320 172.943939 -176.338974 178.921921 179.835434 175.705841 179.775818 179.835449 175.788834 179.634827 179.277222 176.954895 179.470825 0.000030 -2.834342 1.344318 0.000031 -3.306730 1.392329 170.458588 -177.737823 -178.784088 6.613816 0.137090 -0.832342 11.616387 -6.073083 79.117348 179.495239 -178.203781 -178.698944 175.316330 177.296494 174.200012 33.868858 46.742928 12.261706 0.000003 0.000083 15.652789 179.999985 179.999939 -169.575256 0.000000 0.000000 -0.000003 15.000002 -0.000036 31.589382 0.000019 -0.000023 25.845852 0.000022 -0.000013 18.092098 0.000000 0.000000 -0.000003 180.000000 179.999969 -147.351944 179.999985 179.999985 -147.351959 179.999985 179.999985 -158.256378 0.000000 0.000000 -0.000003 170.000000 -179.999939 -151.441162 0.000039 -0.000054 28.558802 0.000036 -0.000010 19.020189 0.000000 0.000000 -0.000003 159.999969 179.999924 -160.198257 179.999924 179.999908 -150.297394 179.999939 179.999969 -160.218063 175.159958 -178.009308 179.590500 171.746460 -171.942932 97.430008 178.380768 179.805374 179.329514 8.753704 3.368344 0.063526 129.486618 122.359108 154.876892 0.000033 -0.000005 -12.241714 0.000019 -0.000009 -8.152983 180.000000 -179.999985 -179.999985 165.000198 179.999985 151.296005 0.000145 -0.000079 -23.485077 0.000071 -0.000082 -16.439556 180.000000 -179.999985 -179.999985 0.000186 -0.000006 -30.706844 0.000160 -0.000092 -30.706827 0.000058 -0.000110 -20.450758 180.000000 -179.999985 -179.999985 10.000008 0.000013 -29.693476 0.000016 -0.000020 -29.693480 180.000000 -179.999985 160.224152 180.000000 -179.999985 -179.999985 20.000011 -0.000002 -24.447586 0.000009 -0.000004 -36.671413 0.000002 -0.000010 -24.423132
-2.261147 97.033241 2.875208 94.405113 -177.265045 -177.078125 170.856857 174.915222 172.468353 174.624924 177.685852 179.145447 10.216433 -4.474738 4.997663 178.242874 178.901657 176.673752 7.574285 6.144716 0.202000 173.222717 -176.301453 179.052734 179.837753 175.666824 179.759125 179.837738 175.750595 179.606949 179.292038 176.927765 179.434937 0.000029 -2.776925 1.341973 0.000039 -3.239746 1.389894 170.533661 -177.784531 -178.796860 6.604122 0.151092 -0.868910 11.554047 -6.038359 79.046059 179.485916 -178.252029 -178.646194 175.264755 177.307770 174.193558 33.936718 46.770679 12.382963 179.999985 179.999939 -164.320724 179.999985 179.999969 -169.557602 0.000000 0.000000 -0.000002 14.999997 -0.000034 31.582603 0.000010 -0.000017 25.840305 0.000006 -0.000004 18.088202 0.000000 0.000000 -0.000002 179.999985 179.999969 -147.345581 179.999985 179.999969 -147.345581 179.999985 180.000000 -158.252167 0.000000 0.000000 -0.000002 170.000092 -179.999603 -151.384125 0.000256 -0.000289 28.615871 0.000232 -0.000081 19.058159 0.000000 0.000000 -0.000002 159.999985 179.999924 -160.181229 179.999924 179.999908 -150.271851 179.999924 179.999969 -160.201035 175.169327 -178.017517 179.575073 171.711807 -171.920776 97.440025 178.376358 179.823013 179.324448 8.734567 3.371711 0.228872 129.434402 122.251274 154.839584 0.000006 -0.000001 -12.216708 0.000002 -0.000002 -8.136321 0.000003 -0.000000 0.000000 165.000137 179.999985 151.527176 0.000119 -0.000051 -23.295923 0.000047 -0.000085 -16.307158 0.000003 -0.000000 0.000000 0.000246 0.000032 -30.525837 0.000229 -0.000113 -30.525858 0.000098 -0.000139 -20.330229 0.000003 -0.000000 0.000000 9.999968 -0.000000 -29.618486 179.999985 179.999985 150.381485 180.000000 179.999985 160.274094 0.000003 -0.000000 0.000000 19.999969 -0.000005 -24.371925 179.999985 -179.999985 143.442078 179.999985 179.999985 155.652451
-2.264326 97.023048 3.103917 94.360992 -177.253632 -177.121033 170.706146 174.988983 172.406235 174.706451 177.545547 179.089401 10.334417 -4.543799 5.108632 178.118149 178.908432 176.509033 7.490560 6.195864 0.246712 173.485504 -176.263214 179.183044 179.840149 175.631287 179.744263 179.840195 175.715775 179.582123 179.307068 176.903000 179.403046 0.000007 -2.718334 1.342461 0.000017 -3.171391 1.390406 170.598434 -177.832809 -178.807556 6.604000 0.147635 -0.878559 11.528402 -6.067743 79.044601 179.377548 -178.271210 -178.689407 175.212830 177.326782 174.188599 33.964016 46.737080 12.422584 179.999985 179.999939 -164.306259 179.999985 179.999969 -169.547974 0.000002 0.000000 -0.000003 15.000002 0.000007 31.568321 0.000006 -0.000006 25.828653 180.000000 180.000000 -161.919937 0.000002 0.000000 -0.000003 0.000001 0.000064 32.658070 179.999969 179.999969 -147.341919 179.999985 179.999985 -158.249725 0.000002 0.000000 -0.000003 170.000031 -179.999954 -151.550171 0.000030 -0.000043 28.449806 0.000022 -0.000011 18.947584 0.000002 0.000000 -0.000003 160.000000 179.999893 -160.163940 179.999924 179.999878 -150.245911 179.999924 179.999969 -160.183777 175.181900 -178.022354 179.589920 171.680115 -171.900345 97.416435 178.358765 179.788193 179.369080 8.722444 3.342290 0.392073 129.366547 122.186661 154.785706 179.999985 -179.999985 167.801163 179.999985 179.999985 171.875595 0.000002 -0.000000 0.000002 165.000137 179.999969 151.669876 0.000120 -0.000040 -23.179199 0.000056 -0.000057 -16.225437 0.000002 -0.000000 0.000002 0.000275 0.000076 -30.250618 0.000246 -0.000085 -30.250605 0.000134 -0.000129 -20.146900 0.000002 -0.000000 0.000002 9.999949 -0.000015 -29.602816 179.999939 179.999985 150.397217 179.999969 179.999985 160.284546 0.000002 -0.000000 0.000002 19.999992 -0.000015 -24.375967 179.999969 179.999985 143.436066 180.000000 179.999985 155.648407
-2.271126 97.013252 3.330081 94.315636 -177.249084 -177.179565 170.527939 175.073318 172.358383 174.816864 177.395248 179.031448 10.452988 -4.619546 5.218014 177.995819 178.924530 176.375824 7.427890 6.265532 0.273462 173.726669 -176.212799 179.323105 179.842545 175.599197 179.729950 179.842560 175.684311 179.558197 179.321808 176.880661 179.372375 0.000034 -2.673630 1.353785 0.000023 -3.119239 1.402135 170.659988 -177.870697 -178.809418 6.617344 0.127320 -0.857023 11.460284 -5.980941 78.938515 179.361084 -178.303955 -178.646851 175.160141 177.353729 174.180664 33.994034 46.699951 12.471134 179.999985 179.999939 -164.287766 179.999985 179.999969 -169.535706 180.000000 180.000000 -180.000000 15.000025 0.000009 31.567392 180.000000 179.999985 -154.172150 180.000000 179.999985 -161.920517 180.000000 180.000000 -180.000000 179.999985 179.999969 -147.328018 179.999969 179.999954 -147.328018 179.999969 179.999985 -158.240448 180.000000 180.000000 -180.000000 170.000015 -179.999939 -151.559402 0.000040 -0.000035 28.440619 0.000031 -0.000000 18.941450 180.000000 180.000000 -180.000000 159.999969 179.999924 -160.141815 179.999908 179.999893 -150.212723 179.999908 179.999969 -160.161682 175.193054 -178.046097 179.544540 171.649887 -171.875977 97.454391 178.341202 179.722549 179.425110 8.698530 3.303513 0.579116 129.298569 122.199173 154.665482 180.000000 -179.999985 167.773651 180.000000 179.999985 171.857254 0.000002 -0.000002 -0.000000 165.000137 179.999969 151.794510 0.000108 -0.000017 -23.077219 0.000061 -0.000041 -16.154051 0.000002 -0.000002 -0.000000 0.000197 0.000062 -29.932560 0.000214 -0.000034 -29.932552 0.000123 -0.000086 -19.935074 0.000002 -0.000002 -0.000000 9.999982 -0.000014 -29.742260 179.999969 -179.999985 150.257767 180.000000 179.999985 160.191666 0.000002 -0.000002 -0.000000 19.999977 -0.000009 -24.422546 179.999969 -179.999985 143.366211 179.999969 179.999985 155.601883
-2.281661 97.004494 3.553896 94.266060 -177.255585 -177.256332 170.344543 175.172913 172.325516 174.943588 177.229980 178.974762 10.569066 -4.702714 5.328404 177.882309 178.947998 176.274918 7.357244 6.344362 0.282835 173.970673 -176.156036 179.471603 179.845444 175.572311 179.716934 179.845459 175.657959 179.536392 179.338623 176.861877 179.344727 180.000000 -177.406235 -178.651215 180.000000 -176.973938 -178.603043 170.684402 -177.937164 -178.824905 6.675984 0.038749 -0.709459 11.380089 -5.830311 78.763580 179.277191 -178.307724 -178.671387 175.139938 177.375168 174.199829 34.052940 46.681103 12.539379 179.999985 179.999908 -164.275314 179.999985 179.999954 -169.527359 0.000000 0.000003 0.000000 14.999997 0.000022 31.570269 179.999985 -180.000000 -154.169785 180.000000 179.999985 -161.918869 0.000000 0.000003 0.000000 179.999924 179.999725 -147.366608 179.999802 179.999817 -147.366638 179.999817 179.999969 -158.266159 0.000000 0.000003 0.000000 170.000000 -179.999985 -151.578415 0.000028 -0.000016 28.421583 0.000010 -0.000000 18.928768 0.000000 0.000003 0.000000 159.999985 179.999924 -160.114349 179.999924 179.999924 -150.171524 179.999924 179.999985 -160.134216 175.209625 -178.068024 179.496902 171.634216 -171.856232 97.491241 178.327728 179.624786 179.486816 8.659959 3.256167 0.765261 129.191025 122.244064 154.601517 0.000005 -0.000010 -12.210420 180.000000 -179.999985 171.867844 0.000000 -0.000000 0.000000 165.000076 179.999985 151.916794 0.000064 -0.000007 -22.977156 0.000048 -0.000025 -16.084013 0.000000 -0.000000 0.000000 0.000131 0.000066 -29.653202 0.000129 -0.000019 -29.653173 0.000074 -0.000049 -19.749008 0.000000 -0.000000 0.000000 9.999977 -0.000011 -29.759371 179.999969 -179.999985 150.240662 179.999985 179.999985 160.180252 0.000000 -0.000000 0.000000 19.999983 -0.000018 -24.464401 179.999969 -179.999985 143.303406 179.999985 179.999985 155.560089
-2.294529 96.996246 3.773300 94.212936 -177.271194 -177.348648 170.158417 175.286392 172.302200 175.108246 177.057724 178.939789 10.658568 -4.786883 5.428494 177.779282 178.981674 176.206238 7.280596 6.431437 0.275641 174.214401 -176.097061 179.625198 179.848648 175.550995 179.704086 179.848679 175.637070 179.514877 179.356827 176.847031 179.317627 179.999969 -177.489822 -178.653244 179.999924 -177.071457 -178.605133 170.686920 -178.007538 -178.838333 6.679758 0.038213 -0.713817 11.360873 -5.826013 78.768799 179.263504 -178.322906 -178.652664 174.979431 177.452087 174.112244 34.121109 46.648022 12.620972 179.999969 179.999893 -164.257355 179.999969 179.999939 -169.515396 0.000000 -0.000000 0.000000 15.000017 -0.000026 31.586103 0.000014 -0.000014 25.843172 0.000010 -0.000002 18.090204 0.000000 -0.000000 0.000000 0.000054 -0.000148 32.828503 0.000119 -0.000091 32.828503 0.000096 -0.000010 21.863766 0.000000 -0.000000 0.000000 170.000015 -179.999969 -151.580338 0.000036 -0.000027 28.419628 0.000023 -0.000009 18.927485 0.000000 -0.000000 0.000000 159.999985 179.999985 -160.080688 179.999985 179.999969 -150.121033 179.999985 179.999985 -160.100616 175.233932 -178.089462 179.446503 171.632355 -171.844299 97.532578 178.316711 179.513016 179.547195 8.612769 3.205828 0.934633 129.191345 122.344955 154.573349 0.000014 -0.000026 -12.240681 0.000010 -0.000018 -8.152316 0.000000 -0.000003 0.000000 165.000015 179.999985 152.042618 0.000021 -0.000000 -22.874228 0.000018 -0.000008 -16.011955 0.000000 -0.000003 0.000000 0.000047 0.000035 -29.413198 0.000063 0.000003 -29.413233 0.000051 -0.000015 -19.589201 0.000000 -0.000003 0.000000 9.999986 -0.000016 -29.821812 179.999985 -179.999985 150.178207 180.000000 179.999985 160.138702 0.000000 -0.000003 0.000000 19.999992 -0.000018 -24.512842 179.999985 -179.999985 143.230743 179.999985 179.999985 155.511673
-2.313314 96.988266 3.990827 94.153221 -177.294724 -177.454330 169.982010 175.415115 172.289307 175.219208 176.823715 178.841217 10.796822 -4.918167 5.589405 177.683151 179.027313 176.166367 7.199909 6.535392 0.254546 174.459946 -176.027588 179.778656 179.852768 175.534302 179.691101 179.852814 175.620712 179.493027 179.379349 176.835358 179.290482 179.999908 -177.576416 -178.652817 179.999878 -177.172485 -178.604706 170.667419 -178.081177 -178.849976 6.682557 0.026271 -0.699242 11.370056 -5.858586 78.824669 179.117004 -178.292572 -178.756592 174.969330 177.489822 174.138016 34.117752 46.591297 12.687840 179.999985 179.999924 -164.211716 179.999969 179.999954 -169.484985 0.000000 -0.000000 0.000000 15.000014 -0.000012 31.575294 0.000011 -0.000011 25.834337 0.000014 -0.000001 18.084036 0.000000 -0.000000 0.000000 180.000000 179.999985 -147.276947 179.999985 179.999985 -147.276978 179.999985 -179.999985 -158.206451 0.000000 -0.000000 0.000000 170.000015 -179.999969 -151.596146 0.000024 -0.000024 28.403830 0.000036 -0.000011 18.916946 0.000000 -0.000000 0.000000 159.999878 179.999756 -160.136292 179.999710 179.999741 -150.204468 179.999741 179.999954 -160.156174 175.261856 -178.110794 179.391525 171.655533 -171.834274 97.579369 178.310349 179.402557 179.598068 8.567968 3.162505 1.084114 129.176498 122.426773 154.490021 0.000035 -0.000022 -12.287917 0.000022 -0.000019 -8.183755 0.000002 -0.000005 -0.000002 165.000000 179.999985 152.131409 0.000006 0.000007 -22.801571 179.999985 -179.999985 164.038925 0.000002 -0.000005 -0.000002 0.000011 0.000019 -29.242826 0.000014 0.000013 -29.242840 0.000004 -0.000003 -19.475710 0.000002 -0.000005 -0.000002 9.999996 -0.000014 -29.888775 179.999985 -179.999985 150.111237 180.000000 179.999985 160.094086 0.000002 -0.000005 -0.000002 19.999950 -0.000027 -24.507048 179.999939 -179.999985 143.239410 179.999985 179.999985 155.517471
-2.333130 96.981018 4.203917 94.084610 -177.328339 -177.573151 169.829514 175.565445 172.290329 175.367996 176.584000 178.787872 10.889655 -5.025880 5.715302 177.565750 179.095886 176.151016 7.161783 6.663476 0.227237 174.693848 -175.949265 179.932602 179.857925 175.521820 179.677521 179.857941 175.608459 179.470154 179.406647 176.826584 179.262405 179.999847 -177.664368 -178.649734 179.999847 -177.275085 -178.601517 170.625031 -178.156708 -178.859467 6.677160 0.033135 -0.712852 11.372993 -5.882215 78.883163 179.005295 -178.260406 -178.827484 174.958191 177.530243 174.167404 34.083733 46.540318 12.705273 179.999985 179.999939 -164.178833 179.999985 179.999969 -169.463104 180.000000 -179.999985 -180.000000 14.999997 -0.000010 31.560259 179.999985 180.000000 -154.177979 180.000000 179.999985 -161.924576 180.000000 -179.999985 -180.000000 179.999985 179.999985 -147.268570 179.999985 179.999985 -147.268555 180.000000 179.999985 -158.200851 180.000000 -179.999985 -180.000000 170.000015 -179.999969 -151.612366 0.000035 -0.000016 28.387627 0.000031 -0.000002 18.906153 180.000000 -179.999985 -180.000000 160.000107 -179.999847 -159.913345 0.000206 -0.000165 30.129976 0.000182 -0.000030 20.066570 175.294052 -178.138245 179.313293 171.702072 -171.821365 97.653893 178.307449 179.306778 179.634399 8.528142 3.129797 1.208590 129.203217 122.537239 154.469818 0.000027 -0.000021 -12.329367 0.000013 -0.000018 -8.211342 180.000000 -180.000000 180.000000 164.999985 -179.999985 152.209488 179.999985 179.999985 157.262299 0.000005 0.000013 -15.916391 180.000000 -180.000000 180.000000 179.999985 -180.000000 150.926880 179.999985 179.999985 150.926880 179.999985 179.999985 160.637314 180.000000 -180.000000 180.000000 9.999992 -0.000016 -29.972061 0.000008 0.000009 -29.972073 179.999985 -179.999985 160.038605 180.000000 -180.000000 180.000000 19.999987 -0.000003 -24.786554 0.000001 0.000008 -37.179821 180.000000 179.999985 155.238220
-2.353696 96.974144 4.411693 94.008919 -177.368576 -177.706116 169.704681 175.741257 172.313904 175.503357 176.279480 178.711060 10.978771 -5.171512 5.849740 177.444397 179.192139 176.156403 7.143821 6.820863 0.204693 174.919968 -175.864838 -179.915375 179.864136 175.512177 179.663498 179.864166 175.598999 179.446442 179.439026 176.819717 179.233658 179.999863 -177.763519 -178.649597 179.999832 -177.390762 -178.601364 170.553406 -178.242020 -178.871460 6.657323 0.059743 -0.756328 11.431996 -6.036046 79.080940 178.786087 -178.188797 -179.005569 174.948578 177.568085 174.202942 34.094730 46.519653 12.772205 179.999985 179.999939 -164.146057 179.999985 179.999969 -169.441254 0.000000 -0.000000 0.000000 15.000009 -0.000010 31.564428 0.000008 -0.000011 25.825415 0.000013 -0.000004 18.077795 0.000000 -0.000000 0.000000 0.000007 0.000005 32.743092 180.000000 179.999985 -147.256882 179.999985 179.999985 -158.193115 0.000000 -0.000000 0.000000 170.000015 -179.999969 -151.626892 0.000037 -0.000020 28.373091 0.000027 -0.000003 18.896465 0.000000 -0.000000 0.000000 160.000000 179.999985 -160.046036 179.999985 180.000000 -150.069031 179.999985 179.999985 -160.065994 175.330475 -178.150955 179.285782 171.779556 -171.811356 97.680519 178.310654 179.234512 179.652695 8.499063 3.118375 1.316381 129.222931 122.636536 154.453110 0.000012 -0.000011 -12.363741 0.000004 -0.000008 -8.234242 180.000000 -180.000000 180.000000 164.999969 -179.999985 152.273193 179.999985 179.999985 157.314453 179.999985 179.999985 164.120132 180.000000 -180.000000 180.000000 179.999985 -179.999985 151.097839 179.999985 179.999985 151.097824 179.999985 179.999985 160.751160 180.000000 -180.000000 180.000000 9.999997 0.000002 -30.034077 0.000003 -0.000010 -30.034084 0.000009 0.000005 -20.002686 180.000000 -180.000000 180.000000 20.000002 0.000014 -24.855125 179.999985 -180.000000 142.717361 0.000009 0.000007 -24.830229
-2.370482 96.968010 4.613493 93.927010 -177.409637 -177.853592 169.604279 175.941345 172.364273 175.654022 176.012543 178.680618 11.041290 -5.237117 5.939132 177.263138 179.306519 176.170700 7.208796 7.003161 0.194442 175.131775 -175.768417 -179.760391 179.870651 175.502625 179.648605 179.870728 175.589615 179.421310 179.473175 176.812881 179.203171 179.999832 -177.836090 -178.631805 179.999786 -177.475449 -178.582947 170.484772 -178.306671 -178.869339 6.606138 0.133276 -0.883304 11.570550 -6.357160 79.468681 178.481369 -178.074051 -179.276962 174.919937 177.604675 174.226700 34.114597 46.495312 12.857937 179.999985 179.999969 -164.106934 179.999985 179.999985 -169.415237 0.000000 -0.000000 0.000000 15.000004 -0.000025 31.556467 0.000015 -0.000010 25.818943 180.000000 -180.000000 -161.926743 0.000000 -0.000000 0.000000 179.999969 179.999893 -147.285858 179.999924 179.999939 -147.285873 179.999939 179.999985 -158.212402 0.000000 -0.000000 0.000000 170.000015 -179.999985 -151.653046 0.000036 -0.000027 28.346952 0.000031 -0.000002 18.879057 0.000000 -0.000000 0.000000 160.000015 -179.999985 -160.038986 179.999985 179.999985 -150.058456 180.000000 179.999985 -160.058929 175.367676 -178.171387 179.259567 171.879852 -171.790695 97.717247 178.319229 179.187531 179.654434 8.478407 3.128596 1.405638 129.220871 122.719864 154.442810 0.000004 0.000000 -12.381239 0.000002 -0.000003 -8.245918 0.000000 -0.000000 0.000000 164.999985 -179.999985 152.341461 179.999985 179.999985 157.370285 180.000000 179.999985 164.159195 0.000000 -0.000000 0.000000 179.999985 180.000000 151.248215 179.999985 180.000000 151.248230 179.999985 179.999985 160.851318 0.000000 -0.000000 0.000000 9.999996 -0.000005 -30.064348 0.000007 0.000014 -30.064358 180.000000 -179.999985 159.977158 0.000000 -0.000000 0.000000 19.999990 -0.000000 -24.918362 180.000000 -179.999985 142.622467 180.000000 179.999985 155.106567
-2.389252 96.961952 4.812695 93.851501 -177.450165 -177.999069 169.515350 176.172791 172.431549 175.783463 175.622025 178.588486 11.105432 -5.390915 6.045277 177.010468 179.430206 176.165359 7.349418 7.198967 0.206078 175.335388 -175.664841 -179.601151 179.875443 175.492264 179.630005 179.875473 175.579453 179.390060 179.499878 176.805771 179.164108 179.999802 -177.907410 -178.613098 179.999771 -177.558670 -178.563568 170.403610 -178.370590 -178.866241 6.597435 0.135365 -0.880645 11.511467 -6.267702 79.425926 178.430374 -178.036087 -179.267487 174.973633 177.593277 174.318542 34.009312 46.463627 12.879825 179.999985 -179.999985 -164.044891 179.999985 -179.999985 -169.373886 0.000000 -0.000000 0.000000 15.000016 -0.000021 31.546865 0.000018 -0.000015 25.811068 0.000010 -0.000004 18.067760 0.000000 -0.000000 0.000000 0.000040 -0.000087 32.845055 0.000067 -0.000049 32.845039 0.000062 -0.000005 21.874817 0.000000 -0.000000 0.000000 170.000031 -179.999954 -151.673920 0.000034 -0.000026 28.326090 0.000027 -0.000003 18.865179 0.000000 -0.000000 0.000000 160.000000 179.999985 -160.028748 0.000005 0.000004 29.956852 0.000003 -0.000002 19.951267 175.402344 -178.198166 179.238861 171.997498 -171.760803 97.758217 178.331421 179.165024 179.643600 8.464208 3.168340 1.484372 129.213852 122.755859 154.441238 0.000003 -0.000003 -12.384223 0.000004 -0.000005 -8.247900 0.000002 -0.000002 -0.000000 165.000000 -179.999985 152.412796 179.999985 179.999985 157.428635 180.000000 179.999985 164.200043 0.000002 -0.000002 -0.000000 179.999985 -179.999985 151.394699 179.999985 -179.999985 151.394684 179.999985 179.999985 160.948853 0.000002 -0.000002 -0.000000 10.000005 0.000003 -30.088722 179.999985 -179.999985 149.911255 0.000000 -0.000002 -20.039101 0.000002 -0.000002 -0.000000 19.999996 0.000004 -24.950350 0.000003 0.000001 -37.425522 179.999985 179.999985 155.074585
-2.413272 96.955414 5.007066 93.713638 -177.456528 -178.242889 169.515732 176.380524 172.612259 175.912857 175.168991 178.478455 11.147308 -5.580123 6.133985 176.781479 179.513458 176.237839 7.531394 7.400403 0.244624 175.539627 -175.553131 -179.439865 179.891678 175.468460 179.626495 179.891693 175.556076 179.383331 179.577515 176.787201 179.160919 179.999771 -177.977524 -178.593964 179.999725 -177.640442 -178.543747 170.305878 -178.433823 -178.862457 6.589650 0.137530 -0.875979 11.478297 -6.214010 79.428482 178.407440 -177.991196 -179.246857 174.949387 177.592239 174.344833 34.642006 46.613911 13.158702 179.999908 179.999756 -164.204575 179.999893 179.999863 -169.480240 0.000000 -0.000000 0.000000 15.000019 -0.000039 31.532234 0.000019 -0.000026 25.799095 0.000016 -0.000005 18.059361 0.000000 -0.000000 0.000000 0.000010 -0.000026 32.749031 0.000020 -0.000016 32.749001 0.000023 -0.000006 21.810856 0.000000 -0.000000 0.000000 169.999985 179.999954 -151.744858 179.999985 179.999985 -151.744888 179.999985 179.999985 -161.182098 0.000000 -0.000000 0.000000 160.000015 -179.999985 -160.018280 0.000029 -0.000033 29.972570 0.000026 -0.000010 19.961737 175.433228 -178.228119 179.224365 172.124451 -171.728638 97.802246 178.344925 179.161774 179.627426 8.453888 3.225435 1.555625 129.186035 122.762352 154.395508 0.000003 -0.000003 -12.394003 0.000000 -0.000002 -8.254390 180.000000 -180.000000 180.000000 165.000000 -179.999985 152.471939 179.999985 179.999985 157.477036 180.000000 179.999985 164.233932 180.000000 -180.000000 180.000000 179.999985 -179.999985 151.477493 180.000000 -179.999985 151.477524 179.999985 -179.999985 161.004013 180.000000 -180.000000 180.000000 10.000009 0.000004 -30.107166 0.000005 0.000008 -30.107161 180.000000 -179.999985 159.948639 180.000000 -180.000000 180.000000 20.000013 0.000004 -24.962770 0.000002 0.000006 -37.444157 0.000007 0.000001 -24.937807
-2.445565 96.947891 5.197988 93.613327 -177.457565 -178.427856 169.494949 176.626999 172.754333 176.052338 174.646622 178.351105 11.158702 -5.796723 6.201610 176.502716 179.586685 176.229248 7.716874 7.598453 0.308157 175.755798 -175.435898 -179.280212 179.899338 175.441437 179.608414 179.899338 175.529556 179.352814 179.618088 176.767807 179.123718 179.999741 -178.046188 -178.575668 179.999725 -177.720551 -178.524780 170.194885 -178.496017 -178.858810 6.589496 0.132181 -0.855426 11.342876 -6.039235 79.296875 178.513763 -178.026123 -179.084320 175.003189 177.553741 174.420853 34.055252 46.474533 12.940983 0.000002 0.000015 15.963998 180.000000 179.999985 -169.367981 0.000000 0.000000 -0.000002 14.999990 0.000055 31.436546 179.999985 179.999954 -154.279190 179.999985 179.999985 -161.995453 0.000000 0.000000 -0.000002 0.000002 -0.000018 32.709229 0.000013 -0.000015 32.709213 0.000000 0.000001 21.784355 0.000000 0.000000 -0.000002 169.999985 179.999969 -151.697922 179.999969 179.999969 -151.697937 179.999985 179.999985 -161.150818 0.000000 0.000000 -0.000002 160.000061 -179.999878 -160.023193 0.000112 -0.000117 29.965242 0.000121 -0.000039 19.956839 175.463058 -178.259583 179.216980 172.251480 -171.696304 97.847488 178.359085 179.170166 179.611450 8.445354 3.297581 1.626643 129.191406 122.726257 154.408600 0.000035 -0.000046 -12.384316 0.000016 -0.000033 -8.247956 0.000002 -0.000002 -0.000000 164.999985 -179.999985 152.488937 179.999985 179.999985 157.490967 180.000000 179.999985 164.243668 0.000002 -0.000002 -0.000000 180.000000 -180.000000 151.530075 0.000006 0.000003 -28.469925 180.000000 180.000000 161.039047 0.000002 -0.000002 -0.000000 10.000000 -0.000002 -30.108625 0.000007 -0.000002 -30.108627 0.000013 0.000004 -20.052341 0.000002 -0.000002 -0.000000 20.000004 0.000001 -24.957888 0.000003 0.000003 -37.436813 179.999985 -179.999985 155.067062
-2.483235 96.939178 5.380051 93.443840 -177.423706 -178.699814 169.572083 176.835754 172.996841 176.205261 174.072479 178.219635 11.128800 -6.035898 6.241801 176.296387 179.620102 176.302078 7.908063 7.799278 0.387617 175.964783 -175.319534 -179.129974 179.919891 175.401993 179.605453 179.919907 175.490799 179.346756 179.716217 176.737549 179.122940 179.999741 -178.113937 -178.563446 179.999725 -177.799606 -178.512131 170.059113 -178.557129 -178.858353 6.548518 0.169172 -0.892759 11.257452 -5.930504 79.231087 178.606613 -178.057617 -178.937714 174.980728 177.517960 174.429016 34.129555 46.541492 13.067516 0.000001 0.000019 15.983047 180.000000 179.999985 -169.355286 180.000000 -180.000000 180.000000 14.999990 -0.000073 31.582495 0.000038 -0.000061 25.840218 0.000032 -0.000018 18.088154 180.000000 -180.000000 180.000000 180.000000 -179.999985 -147.308243 0.000013 -0.000005 32.691761 0.000007 -0.000002 21.772701 180.000000 -180.000000 180.000000 170.000031 -179.999878 -151.541412 0.000090 -0.000088 28.458578 0.000084 -0.000033 18.953421 180.000000 -180.000000 180.000000 160.000015 -179.999985 -160.202988 0.000021 -0.000016 29.695520 0.000019 -0.000012 19.777206 175.485901 -178.293106 179.205765 172.370804 -171.670837 97.893982 178.369904 179.178513 179.601624 8.438252 3.369019 1.695276 129.075455 122.849670 154.151016 0.000002 -0.000003 -12.474090 180.000000 -179.999985 171.692261 0.000000 -0.000000 0.000002 165.000000 -179.999985 152.642471 180.000000 -179.999985 157.616592 180.000000 -180.000000 164.331589 0.000000 -0.000000 0.000002 180.000000 -179.999985 151.552704 0.000007 0.000002 -28.447327 179.999985 -179.999985 161.054092 0.000000 -0.000000 0.000002 9.999990 0.000002 -30.116053 180.000000 179.999985 149.883911 180.000000 180.000000 159.942703 0.000000 -0.000000 0.000002 19.999992 -0.000012 -24.957804 180.000000 179.999985 142.563278 180.000000 -179.999985 155.067139
-2.521760 96.928261 5.547707 93.246033 -177.378586 -178.995255 169.707062 177.176117 173.310593 176.367126 173.241791 178.003159 11.063604 -6.376217 6.278377 176.180161 179.659973 176.413376 8.011127 8.082316 0.441183 176.201920 -175.150177 -178.967941 179.938553 175.347000 179.587051 179.938583 175.436722 179.315048 179.809586 176.696564 179.088196 179.999619 -178.171844 -178.522705 179.999573 -177.867172 -178.469940 169.938431 -178.613098 -178.839798 6.539600 0.176058 -0.844052 11.144367 -5.736035 79.041016 178.804901 -178.134644 -178.662354 175.017334 177.482468 174.477585 34.060883 46.568169 13.101686 0.000008 0.000011 16.024557 0.000001 0.000006 10.672361 180.000000 180.000000 -180.000000 15.000012 0.000028 31.349192 179.999985 179.999969 -154.350647 179.999985 179.999985 -162.045441 180.000000 180.000000 -180.000000 0.000006 0.000032 32.635700 179.999985 179.999969 -147.364288 179.999985 179.999985 -158.264603 180.000000 180.000000 -180.000000 170.000000 -179.999985 -151.897919 0.000003 -0.000010 28.102085 0.000003 -0.000001 18.715990 180.000000 180.000000 -180.000000 160.000015 -179.999985 -160.258942 0.000004 0.000006 29.611591 180.000000 -180.000000 -160.278702 175.540939 -178.301193 179.281082 172.480881 -171.656357 97.940948 178.375076 179.180389 179.599640 8.431792 3.426076 1.768514 129.078217 122.859978 154.130829 180.000000 179.999985 167.512680 0.000002 0.000000 -8.316562 0.000000 -0.000000 0.000000 165.000000 -179.999985 152.634918 0.000000 -0.000001 -22.389612 0.000007 0.000001 -15.672735 0.000000 -0.000000 0.000000 180.000000 180.000000 151.543091 0.000003 0.000002 -28.456919 0.000007 0.000002 -18.952305 0.000000 -0.000000 0.000000 10.000000 -0.000006 -30.138903 0.000003 0.000013 -30.138903 180.000000 -179.999985 159.927490 0.000000 -0.000000 0.000000 19.999989 -0.000004 -24.971575 180.000000 179.999985 142.542648 180.000000 -179.999985 155.053391
-2.558848 96.915833 5.718457 93.078018 -177.327759 -179.246140 169.804276 177.515762 173.565643 176.531631 172.611542 177.833481 11.002359 -6.536160 6.323580 176.064117 179.711441 176.469559 8.075160 8.384998 0.510291 176.451141 -174.978241 -178.812378 179.952698 175.289261 179.559174 179.952713 175.380112 179.267944 179.882782 176.654968 179.031708 179.999985 -178.227753 -178.483521 0.000001 -2.067620 1.570624 169.815414 -178.668137 -178.821518 6.488442 0.219280 -0.842614 11.055158 -5.823536 79.145187 178.727478 -178.266098 -178.684082 175.140198 177.461929 174.599258 33.990395 46.655418 13.190999 179.999832 -179.999924 -163.916229 179.999893 -179.999924 -169.288239 0.000000 -0.000000 0.000000 15.000386 0.000671 31.159512 179.999985 179.999359 -154.505859 179.999817 179.999603 -162.154114 0.000000 -0.000000 0.000000 0.000242 0.000687 32.702232 179.999847 179.999298 -147.297775 179.999649 179.999664 -158.220322 0.000000 -0.000000 0.000000 170.000137 179.999405 -151.997055 179.999832 179.999420 -151.997055 179.999725 179.999710 -161.350006 0.000000 -0.000000 0.000000 159.999985 -179.999298 -160.006378 0.000316 -0.000991 29.990417 0.000505 -0.000479 19.973619 175.600922 -178.304016 179.360718 172.578583 -171.645065 97.986855 178.382202 179.173370 179.603409 8.431327 3.483772 1.802491 129.346878 122.559425 154.646500 0.000290 -0.000352 -12.317616 0.000139 -0.000271 -8.203545 0.000000 -0.000000 0.000000 164.999786 -179.999908 152.471802 179.999817 -179.999985 157.476944 179.999878 179.999954 164.233871 0.000000 -0.000000 0.000000 0.000007 0.000019 -28.439314 0.000009 0.000020 -28.439335 0.000006 0.000004 -18.940586 0.000000 -0.000000 0.000000 9.999981 0.000026 -30.131018 179.999985 179.999985 149.868988 0.000018 0.000017 -20.067253 0.000000 -0.000000 0.000000 19.999985 0.000027 -24.962704 179.999985 -180.000000 142.555969 179.999985 179.999985 155.062271
-2.586971 96.900978 5.841871 92.769409 -177.259903 -179.640854 170.108505 177.917191 174.058853 176.799286 171.465057 177.603516 10.762242 -7.034584 6.244645 176.134552 179.778732 176.718918 8.137801 8.750385 0.554762 176.660431 -174.798538 -178.658615 179.985382 175.221878 179.550491 179.985397 175.313797 179.251663 0.039546 3.396723 -0.977679 179.999969 -178.281281 -178.442291 179.999985 -177.994858 -178.386658 169.668869 -178.721085 -178.801926 6.539841 0.196117 -0.701620 11.174672 -5.882971 79.174591 178.573090 -178.282578 -178.793381 175.066376 177.458954 174.597839 35.265785 46.100903 13.413596 0.001759 0.002344 15.753575 0.000702 0.001822 10.491880 0.000000 -0.000000 0.000000 14.999520 -0.000585 31.584431 179.999893 -179.999390 -154.158188 0.000132 -0.000430 18.089256 0.000000 -0.000000 0.000000 179.999069 -179.998566 -146.643539 180.000000 -179.998291 -146.643539 0.000611 -0.000945 22.215366 0.000000 -0.000000 0.000000 169.999435 -179.998795 -151.433151 0.000070 -0.001352 28.566826 0.000455 -0.000755 19.025520 0.000000 -0.000000 0.000000 160.000015 -179.999985 -160.277252 0.000001 -0.000029 29.584127 0.000009 -0.000008 19.703060 175.661407 -178.307709 179.459579 172.669601 -171.626419 98.090515 178.391571 179.141510 179.565964 8.431559 3.460558 1.810403 129.123077 122.862373 154.236069 179.999985 179.999985 167.542053 179.999985 179.999985 171.703003 0.000000 -0.000000 0.000000 165.000000 -179.999985 152.831009 0.000014 0.000000 -22.229168 0.000014 0.000000 -15.560421 0.000000 -0.000000 0.000000 179.999985 179.999985 151.527771 0.000017 0.000015 -28.472233 0.000027 0.000006 -18.962507 0.000000 -0.000000 0.000000 9.999985 0.000003 -30.158096 179.999985 179.999985 149.841934 0.000008 0.000014 -20.085293 0.000000 -0.000000 0.000000 19.999969 -0.000003 -24.964575 179.999985 179.999985 142.553116 180.000000 179.999985 155.060379
-2.608715 96.886040 5.938439 92.496498 -177.226181 -179.960388 170.397491 178.507004 174.556519 177.062500 170.106171 177.323517 10.488963 -7.563373 6.116750 176.195572 179.898682 176.938126 8.172517 9.172865 0.549926 176.869690 -174.577377 -178.497101 0.001165 4.841675 -0.487152 0.001148 4.748579 -0.812006 0.124179 3.443581 -1.054479 0.000032 -1.670417 1.622139 0.000025 -1.948814 1.680071 169.550217 -178.771622 -178.768585 6.606376 0.164317 -0.518337 11.353019 -5.879966 79.104813 178.509308 -178.340286 -178.816956 175.138016 177.454636 174.734558 34.163898 47.009571 13.632360 179.999924 -179.999908 -163.835983 179.999969 -179.999924 -169.234741 180.000000 -179.999985 -179.999985 14.999993 0.000007 31.269981 0.000009 0.000001 25.584513 180.000000 179.999985 -162.090820 180.000000 -179.999985 -179.999985 0.000015 0.000039 32.575603 0.000005 0.000043 32.575619 179.999985 179.999985 -158.304642 180.000000 -179.999985 -179.999985 169.999969 -179.999924 -152.066589 180.000000 -179.999924 -152.066589 0.000033 -0.000054 18.603640 180.000000 -179.999985 -179.999985 160.000031 179.999878 -160.311203 0.000001 0.000180 29.533188 179.999939 179.999893 -160.330856 175.749115 -178.300812 179.620834 172.768600 -171.652267 98.083633 178.350693 179.131088 179.642151 8.428112 3.423845 1.803503 129.170853 122.871841 154.304184 179.999985 179.999985 167.550262 179.999985 179.999985 171.708496 180.000000 -179.999985 180.000000 165.000031 -179.999985 152.822128 0.000021 -0.000002 -22.236435 0.000015 -0.000007 -15.565526 180.000000 -179.999985 180.000000 0.000024 0.000022 -28.507212 0.000029 0.000023 -28.507210 0.000021 0.000000 -18.985815 180.000000 -179.999985 180.000000 10.000015 0.000007 -30.173174 0.000003 0.000015 -30.173122 180.000000 -180.000000 159.904694 180.000000 -179.999985 180.000000 19.999973 0.000006 -24.974827 179.999985 179.999985 142.537735 0.000002 0.000021 -24.949860
-2.631666 96.873886 6.012000 92.182030 -177.197571 179.698349 170.770844 178.986847 175.115799 177.241592 168.790497 177.041763 10.225080 -8.095367 5.938873 176.315460 -179.992508 177.223404 8.277281 9.509539 0.555308 176.986603 -174.423477 -178.381699 0.027073 4.887743 -0.497831 0.027069 4.793917 -0.831339 0.249512 3.479743 -1.069750 179.999985 -178.393005 -178.358185 179.999985 -178.125168 -178.299545 169.382019 -178.830887 -178.763580 6.636759 0.185808 -0.452201 11.651054 -5.951375 79.134705 178.338699 -178.378799 -179.006241 175.111282 177.459946 174.824921 34.329594 46.983521 13.709822 179.999954 -179.999924 -163.863663 179.999985 -179.999954 -169.253189 0.000000 0.000002 0.000000 14.999488 -0.000429 31.429033 179.999832 -179.999466 -154.285355 0.000052 -0.000390 18.000250 0.000000 0.000002 0.000000 179.999985 -179.999969 -147.396240 179.999985 -179.999969 -147.396240 0.000014 -0.000036 21.714111 0.000000 0.000002 0.000000 169.999939 -179.999908 -152.077271 179.999985 -179.999893 -152.077255 0.000017 -0.000065 18.596550 0.000000 0.000002 0.000000 160.000015 -179.999985 -160.251892 0.000007 0.000003 29.622192 0.000006 -0.000008 19.728374 175.789719 -178.333145 179.661102 172.872742 -171.682480 98.076035 178.297791 179.134872 179.717773 8.428319 3.362556 1.747294 129.206192 122.859993 154.376694 0.000023 -0.000023 -12.429517 0.000008 -0.000018 -8.278043 0.000000 -0.000000 0.000000 165.000061 179.999969 152.830460 0.000038 -0.000015 -22.229610 0.000037 -0.000017 -15.560708 0.000000 -0.000000 0.000000 0.000037 0.000047 -28.535255 0.000037 0.000019 -28.535265 0.000038 0.000003 -19.004457 0.000000 -0.000000 0.000000 9.999986 0.000015 -30.178200 179.999985 179.999969 149.821777 0.000007 0.000020 -20.098665 0.000000 -0.000000 0.000000 19.999962 0.000023 -24.967655 179.999954 179.999969 142.548508 179.999985 179.999969 155.057327
-2.653889 96.867630 6.068283 91.825142 -177.183151 179.336624 171.239365 179.536819 175.772095 177.272659 167.358475 176.698639 10.025862 -8.601507 5.708566 176.458405 -179.882401 177.550125 8.420514 9.830907 0.549982 177.082382 -174.272705 -178.274902 0.055358 4.926352 -0.506836 0.055339 4.831954 -0.848043 0.385447 3.511044 -1.080524 179.999924 -178.463303 -178.338058 179.999954 -178.207199 -178.278702 169.212860 -178.896011 -178.759735 6.631555 0.231684 -0.441175 12.083249 -5.998005 79.117950 178.314163 -178.341370 -179.030106 175.133179 177.501831 174.948105 34.326164 46.981346 13.677929 179.999924 -179.999893 -163.877838 179.999985 -179.999924 -169.262619 0.000000 -0.000000 0.000002 15.000472 0.000380 30.964853 0.000159 0.000459 25.334864 179.999969 179.999664 -162.265579 0.000000 -0.000000 0.000002 0.000014 0.000017 32.571815 0.000002 0.000019 32.571800 179.999985 179.999985 -158.307190 0.000000 -0.000000 0.000002 169.999985 -179.999985 -152.133438 180.000000 -179.999954 -152.133469 180.000000 -179.999985 -161.440872 0.000000 -0.000000 0.000002 160.000015 179.999939 -160.276642 0.000007 0.000125 29.585039 179.999969 179.999939 -160.296371 175.831589 -178.369400 179.695740 172.989441 -171.719238 98.072411 178.226273 179.160812 179.834839 8.426558 3.305776 1.703607 129.198090 122.888161 154.357330 0.000018 -0.000022 -12.439643 0.000011 -0.000015 -8.284815 180.000000 -180.000000 180.000000 165.000061 179.999985 152.786972 0.000054 -0.000007 -22.265175 0.000014 -0.000030 -15.585623 180.000000 -180.000000 180.000000 0.000010 0.000045 -28.636797 0.000044 0.000034 -28.636759 0.000017 0.000001 -19.072075 180.000000 -180.000000 180.000000 9.999980 0.000003 -30.220879 0.000002 0.000031 -30.220835 0.000007 0.000019 -20.127085 180.000000 -180.000000 180.000000 19.999962 0.000017 -25.013371 179.999969 179.999954 142.479965 180.000000 179.999969 155.011642
-2.674798 96.869011 6.110650 91.420776 -177.183273 178.958450 171.815216 -179.839005 176.521393 177.027237 165.608322 176.264435 9.981049 -9.254477 5.424815 176.765900 -179.803329 177.967697 8.469522 10.112772 0.479305 177.132675 -174.112289 -178.196075 0.087064 4.956489 -0.514576 0.087053 4.861716 -0.862847 0.536838 3.536925 -1.087382 179.999878 -178.542786 -178.318649 179.999847 -178.299911 -178.258575 169.038834 -178.968872 -178.758118 6.804001 0.172514 -0.252374 12.447305 -5.876554 78.894768 178.326935 -178.238297 -179.009583 175.039902 177.475388 174.966049 34.419964 46.882057 13.639818 179.999954 -179.999924 -163.918671 179.999985 -179.999939 -169.289810 0.000000 -0.000005 0.000000 14.999975 -0.000019 31.259188 179.999985 -179.999969 -154.424301 0.000007 -0.000022 17.902996 0.000000 -0.000005 0.000000 0.000174 0.000171 32.491085 0.000045 0.000239 32.491093 179.999939 179.999847 -158.360931 0.000000 -0.000005 0.000000 170.000000 -179.999969 -152.136154 180.000000 -179.999954 -152.136154 0.000013 -0.000025 18.557327 0.000000 -0.000005 0.000000 160.000092 179.999802 -160.340469 179.999985 179.999664 -150.510651 179.999878 179.999817 -160.360107 175.871109 -178.410995 179.726105 173.130936 -171.763077 98.073311 178.172180 179.249771 179.823624 8.407678 3.286852 1.772852 129.198700 122.896988 154.357101 0.000031 -0.000048 -12.441488 0.000011 -0.000039 -8.286030 0.000002 -0.000000 0.000000 165.000397 179.999832 152.968414 0.000340 -0.000012 -22.116764 0.000224 -0.000105 -15.481730 0.000002 -0.000000 0.000000 0.000018 0.000061 -28.754198 0.000039 0.000056 -28.754192 0.000040 0.000011 -19.150269 0.000002 -0.000000 0.000000 9.999993 0.000019 -30.265022 179.999985 179.999985 149.734985 180.000000 179.999985 159.843521 0.000002 -0.000000 0.000000 19.999966 0.000024 -25.051470 179.999954 179.999954 142.422775 180.000000 179.999969 154.973587
-2.675550 96.881371 6.148487 90.968857 -177.198135 178.570404 172.530640 -179.130096 177.350250 176.536438 164.171310 175.746597 10.041301 -9.424644 5.199112 177.137848 -179.704895 178.427551 8.474370 10.394969 0.388606 177.202591 -173.952408 -178.143173 0.121694 4.976769 -0.522525 0.121662 4.881845 -0.878181 0.701648 3.556355 -1.093745 179.999786 -178.633820 -178.300400 179.999725 -178.406128 -178.239655 168.873932 -179.051117 -178.759720 6.781631 0.254514 -0.292844 12.984532 -6.009886 78.877708 178.305237 -178.158844 -178.999557 175.031525 177.501190 175.057404 34.351151 46.899399 13.396336 0.000014 0.000023 15.985545 0.000002 0.000021 10.646390 0.000000 0.000000 -0.000002 14.999987 -0.000023 31.242107 179.999985 -179.999985 -154.438248 0.000004 -0.000020 17.893200 0.000000 0.000000 -0.000002 179.999741 -179.999725 -147.089569 179.999939 -179.999634 -147.089569 0.000093 -0.000221 21.918337 0.000000 0.000000 -0.000002 170.000000 -179.999985 -152.170334 0.000007 -0.000019 27.829657 0.000007 -0.000020 18.534552 0.000000 0.000000 -0.000002 159.999985 -179.999863 -159.964966 0.000059 -0.000207 30.052528 0.000097 -0.000097 20.014977 175.914658 -178.454346 179.750641 173.279434 -171.837006 98.050644 178.099655 179.376587 179.834717 8.389925 3.287107 1.831746 129.179047 122.912262 154.311539 0.000038 -0.000047 -12.456760 0.000016 -0.000036 -8.296212 180.000000 -179.999985 180.000000 165.000092 179.999939 152.367584 0.000092 0.000010 -22.608328 0.000063 -0.000008 -15.825823 180.000000 -179.999985 180.000000 0.000003 0.000064 -28.879410 0.000038 0.000070 -28.879396 0.000032 0.000017 -19.233665 180.000000 -179.999985 180.000000 9.999997 0.000002 -30.301523 180.000000 179.999985 149.698486 0.000009 0.000010 -20.180811 180.000000 -179.999985 180.000000 19.999960 0.000010 -25.086740 179.999969 179.999969 142.369873 0.000016 0.000040 -25.061676
-2.643920 96.907150 6.190537 90.470184 -177.223526 178.180008 173.418884 -178.319199 178.237061 176.029770 163.101837 175.191040 9.963470 -9.014819 5.095039 177.580185 -179.588715 178.912781 8.434801 10.670703 0.280886 177.281693 -173.801041 -178.112885 0.158928 4.988392 -0.532521 0.158908 4.893525 -0.897054 0.879061 3.570209 -1.103669 179.999695 -178.736343 -178.282776 179.999619 -178.525726 -178.221405 168.713196 -179.142761 -178.764160 6.822265 0.281792 -0.253290 13.436481 -6.116118 78.916634 178.281586 -178.094254 -179.102539 175.027634 177.512527 175.118164 34.746109 46.662094 13.920012 179.999939 -179.999725 -163.877045 0.000013 -0.000199 10.737886 180.000000 180.000000 179.999985 14.999971 -0.000015 31.238806 179.999985 -179.999985 -154.440979 0.000007 -0.000022 17.891306 180.000000 180.000000 179.999985 179.999985 -179.999985 -147.560547 180.000000 -179.999985 -147.560532 0.000005 -0.000011 21.604671 180.000000 180.000000 179.999985 170.000031 179.999954 -152.261902 180.000000 179.999954 -152.261902 179.999985 179.999969 -161.526413 180.000000 180.000000 179.999985 160.000015 180.000000 -160.210587 0.000008 -0.000023 29.684092 0.000005 0.000006 19.769632 175.960983 -178.501251 179.771317 173.432266 -171.889328 98.138763 178.061203 179.522903 179.737793 8.376167 3.291885 1.875373 129.171219 122.931915 154.257935 0.000019 -0.000029 -12.482847 0.000008 -0.000022 -8.313565 180.000000 -180.000000 180.000000 165.000076 179.999939 152.251953 0.000072 0.000021 -22.702942 0.000046 -0.000010 -15.892056 180.000000 -180.000000 180.000000 179.999985 179.999924 150.980423 0.000033 0.000091 -29.019609 0.000043 0.000032 -19.327047 180.000000 -180.000000 180.000000 9.999971 0.000017 -30.327332 0.000005 0.000019 -30.327324 180.000000 179.999985 159.801987 180.000000 -180.000000 180.000000 19.999958 0.000006 -25.120907 179.999985 179.999954 142.318649 179.999985 179.999985 154.904190
-2.585771 96.942146 6.238614 89.933739 -177.252335 177.792877 174.502686 -177.340118 179.149872 174.811295 161.343262 174.447952 10.298327 -9.044427 4.942004 178.052368 -179.460815 179.406113 8.389071 10.932724 0.170508 177.368378 -173.665695 -178.107803 0.197302 4.993938 -0.545272 0.197278 4.899277 -0.920584 1.062348 3.580168 -1.119202 179.999588 -178.848419 -178.266632 179.999496 -178.656494 -178.204681 168.562714 -179.242020 -178.771713 6.816004 0.325735 -0.253501 13.920140 -6.273152 78.883118 178.269257 -178.045914 -179.094589 175.027084 177.500336 175.287125 34.243771 46.670876 13.042669 0.000055 0.000022 15.897419 0.000032 0.000025 10.587664 0.000000 -0.000000 0.000000 15.000077 0.000054 31.091154 0.000017 0.000054 25.438219 180.000000 179.999954 -162.193253 0.000000 -0.000000 0.000000 179.999985 179.999969 -147.696793 179.999985 179.999985 -147.696793 179.999985 179.999985 -158.486069 0.000000 -0.000000 0.000000 170.000107 -179.999939 -151.962753 0.000119 -0.000016 28.037230 0.000064 0.000029 18.672806 0.000000 -0.000000 0.000000 159.999985 179.999985 -160.252136 179.999969 179.999985 -150.378189 179.999985 -179.999985 -160.271881 176.009766 -178.549011 179.792511 173.588928 -171.957962 98.243271 178.027069 179.693848 179.631302 8.367380 3.307222 1.899441 129.184509 122.935371 154.246765 0.000024 -0.000028 -12.495799 0.000008 -0.000022 -8.322186 0.000000 -0.000000 0.000000 165.000046 179.999939 152.142471 0.000070 0.000032 -22.792534 0.000051 0.000002 -15.954779 0.000000 -0.000000 0.000000 179.999985 179.999893 150.832458 0.000021 0.000094 -29.167530 0.000051 0.000046 -19.425581 0.000000 -0.000000 0.000000 9.999992 0.000007 -30.353897 180.000000 179.999985 149.646118 0.000008 0.000014 -20.215677 0.000000 -0.000000 0.000000 19.999998 0.000005 -25.150505 179.999985 179.999985 142.274277 0.000006 0.000022 -25.125341
-2.497419 96.985153 6.293808 89.370659 -177.276138 177.413589 175.790024 -176.152786 -179.956833 173.285675 159.390167 173.610748 10.601380 -8.975509 4.956347 178.543625 -179.322006 179.910065 8.343075 11.188195 0.049435 177.456802 -173.544342 -178.123093 0.235166 4.996906 -0.561281 0.235133 4.902527 -0.949525 1.244018 3.588597 -1.141950 179.999512 -178.967148 -178.252838 179.999420 -178.795013 -178.190369 168.426193 -179.346252 -178.782394 6.996645 0.296936 -0.105782 14.190871 -6.362798 78.727165 178.258682 -178.005508 -179.079056 175.031693 177.508240 175.322723 34.702179 46.649162 13.794442 0.000037 -0.000215 16.081409 0.000063 -0.000133 10.710251 0.000000 -0.000000 0.000000 15.000000 -0.000020 31.405260 0.000006 -0.000005 25.695206 0.000007 -0.000001 17.986654 0.000000 -0.000000 0.000000 0.000047 -0.000015 32.592987 0.000051 0.000017 32.592987 0.000013 0.000030 21.706938 0.000000 -0.000000 0.000000 170.000000 180.000000 -152.361740 179.999985 -179.999985 -152.361710 180.000000 -179.999985 -161.592911 0.000000 -0.000000 0.000000 159.999985 -180.000000 -160.220779 179.999969 -179.999985 -150.331161 179.999985 -179.999985 -160.240555 176.056580 -178.598541 179.813629 173.740067 -172.041870 98.366646 178.005844 179.881363 179.493881 8.357783 3.308551 1.927840 129.209671 122.937996 154.235123 0.000010 -0.000016 -12.514916 0.000003 -0.000015 -8.334932 0.000000 -0.000000 0.000000 165.000031 179.999939 152.035477 0.000058 0.000041 -22.880062 0.000028 -0.000000 -16.016043 0.000000 -0.000000 0.000000 179.999985 179.999893 150.667862 0.000031 0.000111 -29.332155 0.000060 0.000053 -19.535219 0.000000 -0.000000 0.000000 9.999993 0.000013 -30.382399 179.999985 179.999985 149.617599 0.000006 0.000008 -20.234671 0.000000 -0.000000 0.000000 20.000002 -0.000003 -25.167427 0.000005 0.000007 -37.751137 180.000000 -179.999985 154.857742
-2.381157 97.034325 6.356247 88.793365 -177.288513 177.042465 177.258362 -174.775406 -179.141693 171.570206 157.317368 172.742355 10.762043 -8.730853 5.192929 178.991226 -179.185532 -179.575958 8.354697 11.430416 -0.080768 177.537949 -173.442902 -178.160233 0.271030 5.000976 -0.579976 0.271016 4.906861 -0.982842 1.417218 3.597951 -1.171092 179.999466 -179.088547 -178.241608 179.999374 -178.936646 -178.178741 168.306046 -179.452011 -178.795670 6.937984 0.366658 -0.159421 14.650515 -6.634368 78.746689 178.250198 -177.961761 -179.063080 175.045547 177.510071 175.352737 34.416584 46.585407 13.198831 0.000001 -0.000008 15.917620 0.000003 -0.000002 10.601128 0.000000 -0.000000 0.000000 14.999956 -0.000016 31.133480 179.999985 -179.999985 -154.527145 179.999985 -179.999985 -162.169006 0.000000 -0.000000 0.000000 179.999908 -179.999985 -147.653214 179.999924 -179.999939 -147.653229 179.999985 -179.999939 -158.457047 0.000000 -0.000000 0.000000 169.999878 -179.999985 -152.395752 179.999893 -179.999924 -152.395767 179.999969 -179.999924 -161.615570 0.000000 -0.000000 0.000000 159.999969 -180.000000 -160.183121 179.999969 -179.999985 -150.274673 179.999985 -179.999985 -160.202942 176.134384 -178.637466 179.858856 173.849808 -172.146881 98.481575 177.973633 -179.945877 179.450943 8.369928 3.278063 1.839004 129.224228 122.920921 154.215683 0.000005 -0.000010 -12.529334 0.000004 -0.000008 -8.344542 0.000000 -0.000000 0.000000 165.000031 179.999954 151.937515 0.000030 0.000040 -22.960211 0.000023 0.000007 -16.072153 0.000000 -0.000000 0.000000 179.999985 179.999908 150.494263 0.000015 0.000092 -29.505724 0.000047 0.000048 -19.650827 0.000000 -0.000000 0.000000 9.999871 0.000156 -30.313772 179.999985 179.999802 149.686203 0.000064 0.000126 -20.188976 0.000000 -0.000000 0.000000 20.000004 -0.000006 -25.177273 0.000004 -0.000013 -37.765930 180.000000 -179.999985 154.847870
-2.249476 97.088379 6.425045 88.211502 -177.287643 176.682281 178.850281 -173.257324 -178.469147 169.603439 154.930557 171.854095 10.857129 -8.587995 5.616640 179.467773 -179.070007 -179.059097 8.368471 11.639942 -0.214915 177.589157 -173.360046 -178.216995 0.304227 5.007201 -0.601093 0.304165 4.913313 -1.020056 1.578421 3.608883 -1.206253 179.999481 -179.201523 -178.225266 179.999390 -179.068466 -178.161789 168.233505 -179.550888 -178.804794 6.957802 0.386012 -0.137573 14.993918 -6.866995 78.725952 178.252640 -177.918091 -179.062775 175.065308 177.510849 175.376938 34.395107 46.518841 13.139388 0.000003 -0.000008 15.909626 0.000003 -0.000003 10.595799 0.000003 -0.000000 0.000000 15.000069 0.000018 31.423347 0.000035 0.000039 25.709999 0.000012 0.000033 17.997013 0.000003 -0.000000 0.000000 0.000088 0.000009 32.605839 0.000064 0.000060 32.605846 0.000017 0.000053 21.715490 0.000003 -0.000000 0.000000 170.000107 179.999985 -152.143631 0.000077 0.000048 27.856371 0.000020 0.000057 18.552338 0.000003 -0.000000 0.000000 159.999969 -179.999985 -160.152893 179.999969 -179.999985 -150.229340 179.999985 -179.999985 -160.172729 176.081436 -178.722794 179.800735 174.062592 -172.226120 98.722900 177.954407 -179.769333 179.410629 8.388520 3.232912 1.736398 129.264328 122.886169 154.219223 0.000002 0.000002 -12.542433 180.000000 -179.999985 171.646744 0.000000 -0.000002 0.000000 165.000015 179.999969 151.855759 0.000025 0.000030 -23.027103 0.000016 0.000008 -16.118969 0.000000 -0.000002 0.000000 179.999969 179.999908 150.338089 0.000008 0.000091 -29.661924 0.000034 0.000046 -19.754824 0.000000 -0.000002 0.000000 10.000002 -0.000009 -30.661034 0.000004 -0.000013 -30.661039 180.000000 -179.999985 159.579758 0.000000 -0.000002 0.000000 20.000013 -0.000014 -25.169714 0.000007 -0.000030 -37.754562 0.000013 -0.000013 -25.144535
-2.116305 97.145309 6.497809 87.638718 -177.271317 176.333130 0.517997 -8.346765 2.017961 167.329086 152.136551 170.929520 10.972823 -8.771078 6.164524 179.924789 -178.990906 -178.550003 8.433125 11.806430 -0.340004 177.602493 -173.292725 -178.292603 0.333987 5.017508 -0.623863 0.333938 4.923751 -1.059858 1.724254 3.622607 -1.245955 179.999466 -179.342865 -178.250076 179.999344 -179.233307 -178.187454 168.042618 -179.668655 -178.844101 6.965755 0.401118 -0.121866 15.327472 -7.099509 78.609940 178.279449 -177.842819 -178.957077 175.089722 177.529099 175.388397 34.298435 46.437702 12.936998 179.999985 179.999985 -164.135071 179.999985 179.999985 -169.433945 0.000000 -0.000000 0.000000 14.999948 -0.000018 31.183792 179.999969 -179.999969 -154.485992 179.999985 -179.999969 -162.140198 0.000000 -0.000000 0.000000 179.999924 -179.999985 -147.591400 179.999939 -179.999939 -147.591431 179.999985 -179.999954 -158.415878 0.000000 -0.000000 0.000000 169.999985 -180.000000 -152.288391 179.999985 -179.999985 -152.288391 180.000000 -179.999985 -161.544052 0.000000 -0.000000 0.000000 159.999985 179.999985 -160.125549 179.999985 -179.999985 -150.188324 180.000000 -179.999985 -160.145416 176.011917 -178.815384 179.736450 174.274292 -172.303085 98.982018 177.951797 -179.598846 179.376434 8.411684 3.176355 1.629631 129.267258 122.821899 154.197311 0.000002 0.000000 -12.544505 0.000000 -0.000002 -8.354641 0.000002 -0.000002 -0.000000 165.000000 179.999985 151.788513 0.000012 0.000024 -23.082119 0.000012 0.000012 -16.157486 0.000002 -0.000002 -0.000000 179.999969 179.999954 150.193604 0.000005 0.000075 -29.806385 0.000021 0.000037 -19.851049 0.000002 -0.000002 -0.000000 10.000003 -0.000009 -30.648743 0.000004 -0.000013 -30.648743 180.000000 -179.999985 159.587936 0.000002 -0.000002 -0.000000 20.000019 -0.000018 -25.149675 0.000005 -0.000045 -37.724476 180.000000 -179.999985 154.875488
-1.981053 97.207771 6.574695 87.085365 -177.242691 175.996033 2.175007 -9.943905 2.311055 165.453506 149.699265 170.227493 10.612773 -8.343289 6.975173 0.380519 -1.061765 1.945966 8.524005 11.937731 -0.452150 177.574860 -173.239944 -178.380280 0.359946 5.031084 -0.648001 0.359885 4.937388 -1.101713 1.852623 3.638444 -1.289677 179.999466 -179.477570 -178.279678 179.999344 -179.390457 -178.218109 167.867371 -179.780411 -178.885422 6.979620 0.405057 -0.102423 15.602297 -7.337519 78.570419 178.317291 -177.740509 -178.918671 175.092621 177.446365 175.377121 34.498970 46.415871 13.399199 0.000009 0.000008 16.015028 0.000003 0.000006 10.666017 0.000000 -0.000000 0.000000 15.000082 0.000018 31.444815 0.000051 0.000041 25.727554 0.000017 0.000043 18.009304 0.000000 -0.000000 0.000000 0.000090 0.000016 32.643337 0.000062 0.000049 32.643349 0.000017 0.000054 21.740463 0.000000 -0.000000 0.000000 169.999908 -179.999985 -152.268784 179.999939 -179.999954 -152.268784 179.999985 -179.999954 -161.531006 0.000000 -0.000000 0.000000 159.999893 -179.999985 -160.121170 179.999847 -179.999924 -150.181747 179.999954 -179.999908 -160.141037 175.924789 -178.917953 179.662231 174.483902 -172.368683 99.259445 177.972229 -179.437912 179.350739 8.436959 3.121316 1.527293 129.238770 122.732132 154.144302 0.000002 0.000000 -12.542060 180.000000 -180.000000 171.647003 0.000000 -0.000000 0.000000 165.000000 179.999985 151.738800 0.000001 0.000011 -23.122793 0.000006 0.000006 -16.185947 0.000000 -0.000000 0.000000 179.999985 179.999969 150.068680 180.000000 179.999954 150.068695 0.000012 0.000029 -19.934254 0.000000 -0.000000 0.000000 10.000017 -0.000020 -30.635160 0.000008 -0.000030 -30.635157 180.000000 -179.999985 159.596985 0.000000 -0.000000 0.000000 19.999943 0.000045 -25.085588 179.999969 179.999878 142.371613 0.000018 0.000076 -25.060507
-1.851218 97.275475 6.654924 86.563004 -177.202881 175.670181 3.683572 -11.452720 2.441184 163.727142 147.281006 169.613876 10.282401 -8.064816 7.625607 0.823296 -1.095094 2.416420 8.639465 12.043427 -0.539633 177.509552 -173.199799 -178.474625 0.381566 5.046900 -0.672371 0.381484 4.953197 -1.143699 1.960732 3.655405 -1.335153 179.999496 -179.606415 -178.313065 179.999374 -179.540787 -178.252686 167.705490 -179.886948 -178.928223 6.871556 0.444998 -0.175715 15.950229 -7.632048 78.606827 178.373138 -177.616074 -178.871201 175.111893 177.435822 175.390396 34.952377 46.652134 14.256605 0.000252 -0.000230 16.205015 0.000205 -0.000100 10.792539 0.000003 0.000003 -0.000003 15.000014 0.000010 31.249844 0.000009 0.000010 25.568041 0.000018 0.000003 17.897631 0.000003 0.000003 -0.000003 0.000012 0.000005 32.476318 0.000013 0.000007 32.476284 0.000001 0.000008 21.629221 0.000003 0.000003 -0.000003 169.999969 179.999985 -152.117035 179.999969 -179.999985 -152.117035 179.999985 -179.999985 -161.429947 0.000003 0.000003 -0.000003 160.000015 179.999985 -159.936066 0.000016 0.000006 30.095907 0.000001 0.000003 20.043871 175.820343 -179.027237 179.574203 174.689270 -172.424576 99.552620 178.021408 -179.293869 179.335709 8.464368 3.078270 1.436633 129.188385 122.630310 154.060913 0.000001 -0.000005 -12.541729 0.000000 -0.000003 -8.352792 0.000000 -0.000000 0.000000 165.000000 179.999985 151.697174 179.999985 179.999985 156.843155 0.000002 0.000007 -16.209791 0.000000 -0.000000 0.000000 179.999985 179.999985 149.965607 180.000000 179.999969 149.965576 0.000010 0.000021 -20.002913 0.000000 -0.000000 0.000000 10.000020 -0.000018 -30.584364 0.000006 -0.000021 -30.584375 179.999985 -179.999985 159.630814 0.000000 -0.000000 0.000000 20.000021 -0.000026 -25.239147 0.000020 -0.000047 -37.858719 180.000000 -179.999969 154.786102
-1.726623 97.343277 6.742954 86.035110 -177.161133 175.357269 5.197227 -12.890293 2.432501 161.898758 144.671234 168.969467 10.047162 -8.119573 8.199457 1.333898 -1.120101 2.876529 8.734550 12.124376 -0.623864 177.405334 -173.167557 -178.575195 0.402675 5.061812 -0.699295 0.402574 4.968029 -1.189831 2.066643 3.671617 -1.386233 0.000034 -0.243772 1.621473 0.000040 -0.284404 1.679376 167.442993 179.989853 -178.993637 6.856905 0.453845 -0.191683 16.211649 -7.883327 78.589226 178.440918 -177.452286 -178.811310 175.117691 177.393967 175.400162 33.675182 46.061676 12.120867 179.999985 179.999908 -164.207596 179.999969 179.999954 -169.482269 0.000000 -0.000002 -0.000002 14.999377 -0.000060 31.221373 179.999603 -179.999710 -154.455200 179.999832 -179.999695 -162.118652 0.000000 -0.000002 -0.000002 0.001202 0.000068 32.812332 0.000987 0.000722 32.812355 0.000286 0.000759 21.853016 0.000000 -0.000002 -0.000002 170.000290 179.999985 -152.187454 0.000259 0.000149 27.812492 0.000097 0.000171 18.523136 0.000000 -0.000002 -0.000002 160.000168 180.000000 -159.923706 0.000226 0.000118 30.114492 0.000094 0.000122 20.056238 175.692963 -179.150543 179.477127 174.928299 -172.474625 99.856201 178.067764 -179.148285 179.316437 8.486428 3.037665 1.346803 129.146576 122.534607 153.962997 179.999985 -179.999985 167.446091 179.999985 -179.999985 171.639099 0.000002 -0.000002 -0.000000 164.999908 179.999893 151.650146 179.999985 179.999863 156.804703 0.000013 0.000081 -16.236740 0.000002 -0.000002 -0.000000 179.998718 179.998810 150.062042 179.999481 179.998322 150.062057 0.000268 0.001139 -19.938665 0.000002 -0.000002 -0.000000 10.000374 -0.000318 -30.517715 0.000160 -0.000470 -30.517715 179.999954 -179.999680 159.675186 0.000002 -0.000002 -0.000000 20.000463 -0.000369 -25.164122 0.000403 -0.000808 -37.746181 179.999878 -179.999420 154.861023
-1.605590 97.424667 6.823233 85.597389 -177.105057 175.045715 6.141583 -14.193116 2.421099 161.251251 143.123154 168.893616 9.501414 -7.168387 8.399456 1.700489 -1.156572 3.271955 8.899403 12.222178 -0.635298 177.298065 -173.142731 -178.663925 0.415465 5.080832 -0.721858 0.415337 4.986936 -1.228318 2.133132 3.689677 -1.430439 180.000000 -179.848801 -178.389038 180.000000 -179.823593 -178.331497 167.408157 179.913239 -179.017181 6.825968 0.444129 -0.207971 16.410185 -8.099902 78.583359 178.519241 -177.294205 -178.748291 175.106232 177.205017 175.542862 34.532364 46.370174 13.473089 0.000248 -0.000410 16.047073 0.000235 -0.000215 10.687354 180.000000 -180.000000 180.000000 15.002010 0.000000 31.858423 0.001390 0.000847 26.065968 0.000622 0.000965 18.246161 180.000000 -180.000000 180.000000 179.999985 179.999985 -147.624313 180.000000 179.999985 -147.624313 0.000003 -0.000002 21.562210 180.000000 -180.000000 180.000000 170.000076 179.999985 -152.279129 0.000057 0.000039 27.720907 0.000022 0.000031 18.462105 180.000000 -180.000000 180.000000 159.999695 180.000000 -160.010880 179.999557 -179.999847 -150.016251 179.999817 -179.999771 -160.030869 175.656723 -179.226089 179.438034 175.016586 -172.530365 100.092842 178.198303 -179.037857 179.332001 8.516687 3.045525 1.289475 129.081589 122.434464 153.856201 179.999954 -179.999985 167.441711 179.999969 -179.999985 171.636200 0.000000 0.000002 0.000000 164.999969 179.999954 151.610031 179.999985 179.999969 156.771851 0.000002 0.000035 -16.259708 0.000000 0.000002 0.000000 179.999863 179.999878 149.576828 179.999969 179.999847 149.576797 0.000025 0.000111 -20.261808 0.000000 0.000002 0.000000 10.000382 -0.000295 -30.445900 0.000164 -0.000447 -30.445900 179.999939 -179.999695 159.723038 0.000000 0.000002 0.000000 20.000473 -0.000381 -25.086010 0.000416 -0.000809 -37.629051 179.999893 -179.999405 154.939056
-1.487433 97.508850 6.899223 85.231346 -177.065277 174.799927 6.731100 -15.481338 2.379419 160.095520 140.805801 168.122284 9.547759 -7.541750 8.357370 1.957166 -1.219176 3.567345 9.069456 12.336737 -0.616121 177.230240 -173.111191 -178.746567 0.418507 5.093590 -0.754639 0.418375 4.999777 -1.283153 2.155758 3.702719 -1.500044 179.999985 -179.941223 -178.399384 179.999969 -179.931427 -178.342194 167.380157 179.836853 -179.040665 6.780651 0.431466 -0.211464 16.584358 -8.294785 78.573128 178.598907 -177.159576 -178.691757 175.122803 177.356308 175.431931 33.819443 46.230755 12.580391 179.999985 179.999847 -164.070175 179.999969 179.999908 -169.390747 0.000000 -0.000000 0.000000 15.000101 -0.000019 31.159500 0.000066 0.000011 25.494131 0.000024 0.000041 17.845917 0.000000 -0.000000 0.000000 0.000152 -0.000014 32.404633 0.000117 0.000059 32.404629 0.000044 0.000084 21.581478 0.000000 -0.000000 0.000000 170.000320 -179.999969 -152.240646 0.000286 0.000111 27.759352 0.000149 0.000147 18.487728 0.000000 -0.000000 0.000000 160.001511 -179.999847 -159.695480 0.002181 0.000560 30.456810 0.001070 0.001037 20.284201 175.628662 -179.288315 179.389511 175.045135 -172.581635 100.336143 178.372925 -178.947098 179.364685 8.555215 3.065470 1.245404 129.209579 122.463676 154.413361 179.998474 -179.999619 167.651001 179.998947 -179.999985 171.775558 0.000000 -0.000000 0.000000 164.999985 179.999985 151.597275 179.999985 179.999985 156.761414 179.999985 179.999985 163.733002 0.000000 -0.000000 0.000000 179.999863 179.999893 149.553589 179.999939 179.999847 149.553589 0.000018 0.000114 -20.277304 0.000000 -0.000000 0.000000 10.000401 -0.000291 -30.382334 0.000182 -0.000460 -30.382355 179.999985 -179.999695 159.765366 0.000000 -0.000000 0.000000 20.000469 -0.000362 -25.001621 0.000402 -0.000780 -37.502460 179.999908 -179.999420 155.023376
-1.374596 97.598923 6.962151 84.843681 -176.964157 174.382141 7.110207 -16.740255 2.582378 158.844894 138.523834 167.076767 9.504968 -7.727446 8.409695 2.173455 -1.241314 4.011935 9.246546 12.474477 -0.572042 177.224518 -173.062210 -178.824631 0.435561 5.122964 -0.752119 0.435430 5.028612 -1.280204 2.236835 3.726500 -1.488251 179.999939 179.967621 -178.407471 179.999893 179.962219 -178.350586 167.356720 179.761307 -179.062622 6.719429 0.414502 -0.199951 16.720299 -8.465542 78.557404 178.678421 -177.083405 -178.642563 175.091522 177.301483 175.437469 33.748615 46.288574 12.541922 0.000033 0.000302 15.930049 179.999985 179.999802 -169.390610 0.000000 -0.000000 0.000003 14.999987 0.000005 31.107773 179.999985 -179.999985 -154.548203 180.000000 -179.999985 -162.183746 0.000000 -0.000000 0.000003 0.000021 -0.000008 32.352791 0.000035 0.000011 32.352791 0.000009 0.000012 21.546957 0.000000 -0.000000 0.000003 170.000397 -179.999939 -152.286942 0.000377 0.000109 27.713018 0.000180 0.000191 18.456898 0.000000 -0.000000 0.000003 160.000397 -179.999924 -160.134262 0.000585 0.000101 29.798592 0.000302 0.000263 19.845888 175.614944 -179.337006 179.342850 175.000610 -172.623566 100.578529 178.592911 -178.868317 179.416290 8.605341 3.091295 1.211595 128.824829 122.157593 152.919266 0.000054 0.000013 -12.852869 0.000031 -0.000006 -8.560007 0.000000 -0.000000 0.000000 164.999954 179.999954 151.597137 179.999985 179.999954 156.761276 0.000005 0.000040 -16.267094 0.000000 -0.000000 0.000000 179.999847 179.999863 149.531357 179.999939 179.999817 149.531342 0.000028 0.000135 -20.292118 0.000000 -0.000000 0.000000 10.000273 -0.000224 -30.297831 0.000138 -0.000327 -30.297876 179.999969 -179.999756 159.821625 0.000000 -0.000000 0.000000 20.000418 -0.000330 -24.914537 0.000372 -0.000716 -37.371826 179.999908 -179.999466 155.110367
-1.268579 97.695053 7.007006 84.523613 -176.846054 173.939270 7.320395 -17.822838 2.928908 157.528992 136.638565 165.826843 9.796196 -8.137347 8.567031 2.250181 -1.248230 4.464275 9.476311 12.636595 -0.510937 177.243439 -172.997635 -178.895706 0.447496 5.157778 -0.741936 0.447368 5.062719 -1.264183 2.292188 3.752251 -1.461355 179.999863 179.875961 -178.412048 179.999847 179.855301 -178.355316 167.342972 179.685013 -179.082535 6.692127 0.394399 -0.134268 16.770851 -8.593970 78.496048 178.755310 -177.078781 -178.600677 175.073807 177.433411 175.306091 33.906731 46.502266 12.902573 0.000090 0.000273 16.003283 0.000002 0.000192 10.658211 180.000000 -180.000000 180.000000 15.000000 -0.000040 31.134895 0.000020 -0.000012 25.474003 0.000017 -0.000004 17.831810 180.000000 -180.000000 180.000000 0.000043 -0.000047 32.361740 0.000065 -0.000009 32.361759 0.000028 0.000018 21.552946 180.000000 -180.000000 180.000000 170.000214 -179.999878 -152.363495 0.000237 -0.000025 27.636454 0.000136 0.000070 18.405884 180.000000 -180.000000 180.000000 160.000397 -179.999802 -160.158356 0.000665 -0.000050 29.762457 0.000397 0.000191 19.821806 175.620590 -179.372849 179.302948 174.887741 -172.662842 100.814629 178.842636 -178.800964 179.485214 8.627817 3.074072 1.187823 128.813202 122.081337 152.832474 0.000216 0.000021 -12.878510 0.000148 -0.000015 -8.577091 0.000002 -0.000000 0.000002 164.999939 179.999939 151.586639 179.999985 179.999939 156.752731 0.000017 0.000052 -16.273085 0.000002 -0.000000 0.000002 179.999847 179.999863 149.496811 179.999924 179.999817 149.496841 0.000022 0.000129 -20.315105 0.000002 -0.000000 0.000002 10.000245 -0.000182 -30.232145 0.000107 -0.000277 -30.232138 179.999985 -179.999786 159.865402 0.000002 -0.000000 0.000002 20.000410 -0.000318 -24.826700 0.000348 -0.000733 -37.240067 179.999908 -179.999466 155.198120
-1.168077 97.792870 7.036193 84.269928 -176.713409 173.472351 7.761120 -19.424377 3.232228 155.121002 134.155090 163.760269 9.922496 -8.460397 8.768806 2.216084 -1.242771 4.932953 9.733902 12.811706 -0.447066 177.280807 -172.925903 -178.958008 0.458785 5.197213 -0.715728 0.458657 5.101268 -1.221429 2.340188 3.779322 -1.399819 179.999985 179.785019 -178.427994 179.999985 179.749207 -178.371841 167.307281 179.610703 -179.109390 6.532262 0.385132 -0.199788 16.862246 -8.722560 78.523567 178.811829 -177.136993 -178.610779 175.041321 177.318893 175.326187 33.908501 46.626942 13.026410 0.000192 0.000467 16.041492 0.000035 0.000329 10.683635 0.000003 -0.000000 0.000000 15.000023 0.000047 31.076279 179.999985 179.999969 -154.573990 179.999985 179.999985 -162.201782 0.000003 -0.000000 0.000000 179.999985 179.999969 -147.698517 179.999969 179.999985 -147.698502 179.999985 -179.999985 -158.487228 0.000003 -0.000000 0.000000 170.000092 -179.999908 -152.482040 0.000118 -0.000034 27.517988 0.000077 0.000026 18.326967 0.000003 -0.000000 0.000000 160.000473 -179.999695 -160.273483 0.000818 -0.000207 29.589779 0.000551 0.000138 19.706785 175.617310 -179.399216 179.230286 174.719360 -172.699554 101.040871 179.111038 -178.758163 179.567566 8.776874 3.176201 1.183886 128.735733 122.048813 152.877609 0.000149 0.000001 -12.811046 0.000091 -0.000024 -8.532143 0.000002 0.000000 -0.000005 164.999908 179.999924 151.580887 179.999969 179.999908 156.748001 0.000010 0.000073 -16.276402 0.000002 0.000000 -0.000005 179.999832 179.999863 149.474792 179.999924 179.999786 149.474762 0.000025 0.000150 -20.329796 0.000002 0.000000 -0.000005 10.000129 -0.000109 -30.177582 0.000064 -0.000158 -30.177555 179.999985 -179.999893 159.901749 0.000002 0.000000 -0.000005 20.000246 -0.000223 -24.731579 0.000229 -0.000426 -37.097385 179.999954 -179.999680 155.293152
-1.078756 97.888794 7.051218 84.081261 -176.570267 172.985458 8.235215 -21.048567 3.515788 151.024719 131.175064 160.229446 10.572877 -9.604216 8.975401 2.090312 -1.224616 5.414801 10.109705 13.043366 -0.335153 177.235733 -172.803543 -179.034775 0.458584 5.237492 -0.703418 0.458450 5.140759 -1.201113 2.337959 3.806398 -1.372146 179.999786 179.694794 -178.403168 179.999725 179.643921 -178.346100 167.322876 179.531952 -179.111313 6.435413 0.364263 -0.168923 16.885275 -8.813343 78.553368 178.937424 -177.274857 -178.435287 174.895752 177.337128 174.990616 34.086590 46.803749 13.441566 0.000205 0.000535 16.140127 0.000034 0.000381 10.749321 0.000000 -0.000000 0.000000 14.999984 -0.000035 31.127253 0.000001 -0.000034 25.467739 0.000008 -0.000013 17.827408 0.000000 -0.000000 0.000000 179.999985 -179.999954 -147.660202 0.000022 -0.000046 32.339794 0.000026 -0.000012 21.538305 0.000000 -0.000000 0.000000 170.000046 -179.999741 -152.480759 0.000166 -0.000190 27.519207 0.000165 -0.000072 18.327785 0.000000 -0.000000 0.000000 160.000244 -179.999527 -160.419174 0.000581 -0.000537 29.371231 0.000519 -0.000128 19.561220 175.671249 -179.428619 179.263885 174.519226 -172.731995 101.249680 179.380569 -178.722900 179.659851 8.941273 3.269389 1.201268 128.810776 122.108772 153.093872 0.000132 0.000003 -12.750460 0.000082 -0.000021 -8.491794 180.000000 -180.000000 180.000000 164.999908 179.999908 151.560013 179.999969 179.999908 156.730942 0.000000 0.000070 -16.288364 180.000000 -180.000000 180.000000 179.999847 179.999863 149.436310 179.999924 179.999832 149.436310 0.000022 0.000130 -20.355413 180.000000 -180.000000 180.000000 10.000031 -0.000029 -30.136616 0.000021 -0.000037 -30.136587 179.999985 -179.999985 159.929016 180.000000 -180.000000 180.000000 20.000141 -0.000094 -24.660042 0.000094 -0.000228 -36.990028 179.999985 -179.999847 155.364624
-0.997518 97.986115 7.056577 83.941605 -176.400940 172.433975 8.791750 -22.677593 3.780918 148.067993 129.208099 157.836685 10.437336 -9.512328 9.057156 1.906611 -1.167515 5.954877 10.559023 13.277099 -0.206639 177.132217 -172.671753 -179.102737 0.461190 5.286424 -0.674704 0.461069 5.188707 -1.153651 2.344494 3.838341 -1.307779 179.999664 179.608200 -178.374832 179.999603 179.542892 -178.316742 167.325470 179.455780 -179.110657 6.344236 0.343151 -0.150297 16.843285 -8.864786 78.587280 178.979324 -177.497238 -178.480637 174.805939 177.219528 174.944687 34.425510 46.733971 13.888534 0.000490 0.001505 16.232168 0.000029 0.001054 10.810631 0.000003 0.000002 -0.000003 15.000017 0.000012 31.102861 180.000000 179.999985 -154.552216 0.000000 0.000001 17.813457 0.000003 0.000002 -0.000003 179.999985 -179.999954 -147.683029 0.000016 -0.000049 32.316971 0.000017 -0.000022 21.523113 0.000003 0.000002 -0.000003 170.000000 -179.999695 -152.599747 0.000135 -0.000268 27.400261 0.000157 -0.000120 18.248571 0.000003 0.000002 -0.000003 160.000092 -179.999710 -160.705078 0.000245 -0.000368 28.942411 0.000272 -0.000154 19.275616 175.712219 -179.453857 179.299667 174.317261 -172.757217 101.441856 179.640320 -178.698318 179.755920 9.112378 3.351917 1.239146 128.865540 122.190445 153.328949 0.000098 0.000002 -12.673504 0.000066 -0.000007 -8.440565 0.000000 -0.000000 0.000000 164.999924 179.999939 151.536331 179.999985 179.999924 156.711563 0.000011 0.000067 -16.301922 0.000000 -0.000000 0.000000 179.999878 179.999893 149.395538 179.999954 179.999847 149.395538 0.000019 0.000104 -20.382565 0.000000 -0.000000 0.000000 9.999990 0.000029 -30.117859 179.999985 179.999985 149.882156 0.000010 0.000019 -20.058489 0.000000 -0.000000 0.000000 20.000067 -0.000027 -24.614143 0.000037 -0.000089 -36.921223 0.000001 -0.000052 -24.589518
-0.920586 98.081192 7.058586 83.910858 -176.271622 172.000549 9.445107 -24.323942 3.755331 144.001328 127.241600 154.547577 10.725126 -9.789000 9.124630 1.618367 -1.177208 6.388154 11.076725 13.558825 -0.070079 176.951492 -172.549042 -179.185211 0.450212 5.326497 -0.664858 0.450085 5.227855 -1.136753 2.291873 3.863853 -1.289033 179.999619 179.525421 -178.344299 179.999588 179.446289 -178.285141 167.311279 179.382401 -179.108215 6.258794 0.325730 -0.143257 16.772469 -8.903973 78.650368 178.994522 -177.769409 -178.561020 174.673859 177.092896 174.860794 33.669258 47.004776 13.889517 0.000166 0.000479 16.506048 0.000016 0.000334 10.993027 180.000000 180.000000 -179.999985 15.000028 0.000029 31.099483 180.000000 179.999985 -154.554962 179.999985 179.999985 -162.188477 180.000000 180.000000 -179.999985 0.000003 0.000011 32.283760 0.000006 0.000002 32.283756 179.999985 179.999985 -158.499008 180.000000 180.000000 -179.999985 169.999985 -179.999802 -152.754364 0.000078 -0.000193 27.245621 0.000101 -0.000080 18.145588 180.000000 180.000000 -179.999985 160.000015 -179.999786 -160.854691 0.000137 -0.000270 28.717939 0.000171 -0.000115 19.126156 175.736572 -179.478241 179.331741 174.137131 -172.766861 101.618446 179.876282 -178.692154 179.850555 9.281912 3.419540 1.297087 128.929688 122.296013 153.618896 0.000062 0.000010 -12.577670 0.000040 -0.000004 -8.376725 0.000000 -0.000000 0.000000 164.999939 179.999954 151.505386 179.999985 179.999939 156.686218 180.000000 179.999954 163.680359 0.000000 -0.000000 0.000000 179.999908 179.999939 149.350922 179.999969 179.999878 149.350906 0.000010 0.000078 -20.412302 0.000000 -0.000000 0.000000 9.999961 0.000013 -30.119898 179.999985 179.999954 149.880096 0.000008 0.000031 -20.059856 0.000000 -0.000000 0.000000 19.999994 -0.000009 -24.588198 0.000003 -0.000010 -36.882313 0.000009 0.000006 -24.563633
-0.848362 98.171906 7.061941 83.909393 -176.147720 171.565643 10.184695 -26.103655 3.519128 138.509766 125.192299 149.968307 11.156034 -10.097521 9.230028 1.372575 -1.184740 6.832763 11.587474 13.828229 0.069839 176.706375 -172.434204 -179.272064 0.442730 5.365756 -0.651494 0.442615 5.266211 -1.114194 2.254747 3.889112 -1.261541 179.999680 179.446823 -178.312836 179.999603 179.354614 -178.252548 167.276794 179.312225 -179.104752 6.148133 0.314080 -0.162161 16.626780 -8.861345 78.640610 179.072220 -178.147186 -178.546219 174.504913 176.998337 174.748444 33.681950 46.947330 14.149466 0.000137 0.000443 16.641535 0.000004 0.000311 11.083268 0.000000 -0.000000 0.000000 15.000462 0.000666 30.980629 0.000034 0.000657 25.347790 179.999847 179.999573 -162.256546 0.000000 -0.000000 0.000000 0.000037 0.000097 32.267128 179.999985 179.999908 -147.732880 179.999954 179.999954 -158.510086 0.000000 -0.000000 0.000000 170.000000 -179.999939 -152.871933 0.000031 -0.000069 27.128084 0.000035 -0.000042 18.067303 0.000000 -0.000000 0.000000 160.000000 -179.999939 -160.972183 0.000041 -0.000093 28.541706 0.000051 -0.000036 19.008785 175.744934 -179.499939 179.355789 173.992874 -172.764496 101.796211 0.074802 -1.289275 -0.074481 9.463515 3.494566 1.368644 128.993347 122.419952 153.963440 0.000015 0.000008 -12.457167 0.000004 0.000009 -8.296453 0.000000 -0.000000 0.000000 164.999969 179.999985 151.475464 179.999985 179.999985 156.661774 180.000000 179.999985 163.663223 0.000000 -0.000000 0.000000 179.999954 179.999954 149.309387 179.999985 179.999954 149.309418 0.000013 0.000043 -20.439934 0.000000 -0.000000 0.000000 9.999973 0.000025 -30.132103 179.999985 179.999985 149.867874 0.000003 0.000025 -20.067993 0.000000 -0.000000 0.000000 19.999981 0.000021 -24.576830 179.999985 179.999969 143.134735 180.000000 179.999985 155.447739
-0.783780 98.259758 7.065360 83.930954 -176.026810 171.131546 10.780752 -27.525164 3.215268 133.138977 123.589798 145.386948 11.819435 -10.688358 9.281483 1.195777 -1.177164 7.289391 12.066658 14.074444 0.211311 176.401855 -172.326981 -179.370560 0.437318 5.405262 -0.639857 0.437208 5.304834 -1.094650 2.227629 3.915167 -1.237095 179.999771 179.371445 -178.273849 179.999725 179.266708 -178.212189 167.240128 179.243805 -179.096359 6.129775 0.298093 -0.078660 16.404675 -8.761699 78.552452 179.151382 -178.550537 -178.516434 174.306946 176.948868 174.595444 33.695309 46.850460 14.445950 0.000092 0.000292 16.802387 0.000005 0.000205 11.190375 0.000000 -0.000000 0.000000 14.999488 -0.000767 31.580599 179.999985 -179.999237 -154.161331 0.000208 -0.000494 18.087067 0.000000 -0.000000 0.000000 0.000053 0.000115 32.304741 179.999985 179.999878 -147.695267 179.999954 179.999939 -158.485031 0.000000 -0.000000 0.000000 170.000000 -179.999985 -152.918518 180.000000 -179.999985 -152.918503 180.000000 -180.000000 -161.963730 0.000000 -0.000000 0.000000 160.000015 179.999954 -161.024872 179.999969 179.999939 -151.537277 179.999985 179.999985 -161.043823 175.753540 -179.522964 179.395691 173.867142 -172.695480 101.916183 0.280202 -1.256180 0.039883 9.530521 3.438733 1.441487 129.032822 122.491058 154.145966 180.000000 179.999985 167.602829 0.000002 0.000017 -8.256527 180.000000 -179.999985 180.000000 165.000000 180.000000 151.431274 180.000000 179.999985 156.625610 180.000000 179.999985 163.637924 180.000000 -179.999985 180.000000 179.999985 179.999985 149.245941 179.999985 179.999985 149.245926 0.000003 0.000022 -20.482222 180.000000 -179.999985 180.000000 9.999978 0.000008 -30.165575 179.999985 179.999985 149.834412 0.000001 0.000016 -20.090279 180.000000 -179.999985 180.000000 19.999973 0.000003 -24.595213 179.999985 179.999985 143.107162 0.000003 0.000018 -24.570623
-0.728509 98.345207 7.069064 83.966362 -175.908524 170.703476 11.427321 -29.002480 2.773142 127.580833 122.089142 140.548309 12.389316 -11.284902 9.304707 1.126220 -1.146526 7.754748 12.412343 14.246377 0.311932 176.106522 -172.262039 -179.466446 0.442387 5.447039 -0.609538 0.442286 5.345688 -1.044653 2.244845 3.942413 -1.168605 179.999756 179.300262 -178.265823 179.999725 179.183655 -178.203857 167.151901 179.181946 -179.106201 6.056929 0.292948 -0.069325 16.200195 -8.635304 78.456642 179.170547 -178.945404 -178.628983 174.168274 176.918106 174.584900 33.772476 46.725609 14.758340 0.000060 0.000139 16.949240 0.000010 0.000098 11.288197 0.000002 0.000000 -0.000002 15.000131 0.000168 30.977728 0.000005 0.000170 25.345404 179.999969 179.999893 -162.258224 0.000002 0.000000 -0.000002 0.000040 0.000096 32.366779 179.999985 179.999893 -147.633209 179.999969 179.999954 -158.443741 0.000002 0.000000 -0.000002 170.000015 179.999985 -152.925369 179.999985 179.999985 -152.925369 180.000000 179.999985 -161.968307 0.000002 0.000000 -0.000002 160.000000 179.999924 -161.012039 179.999969 179.999863 -151.518066 179.999954 179.999939 -161.031021 175.717850 -179.535721 179.349564 173.780930 -172.604691 102.033936 0.459051 -1.191574 0.145368 9.554116 3.362974 1.500726 129.035767 122.553703 154.327408 179.999985 179.999985 167.682312 179.999985 179.999985 171.796402 0.000002 -0.000003 0.000002 165.000000 -179.999985 151.411774 180.000000 -179.999985 156.609619 180.000000 -179.999985 163.626724 0.000002 -0.000003 0.000002 179.999985 -179.999985 149.184830 179.999985 -179.999985 149.184830 179.999985 -179.999985 159.477097 0.000002 -0.000003 0.000002 9.999995 -0.000008 -30.200905 179.999985 -180.000000 149.799088 180.000000 -180.000000 159.886200 0.000002 -0.000003 0.000002 19.999989 -0.000006 -24.619329 179.999985 -179.999985 143.070984 179.999985 179.999985 155.405289
-0.684223 98.427879 7.068895 84.011040 -175.788040 170.287918 12.157143 -30.549541 2.208886 121.299431 120.799767 135.018585 13.113860 -11.982525 9.254058 1.188793 -1.092869 8.221727 12.652255 14.368923 0.396740 175.775909 -172.212189 -179.574661 0.450006 5.490959 -0.579553 0.449903 5.388679 -0.995412 2.274052 3.971500 -1.099890 179.999771 179.231934 -178.259628 179.999725 179.103943 -178.197449 167.068237 179.122742 -179.116699 5.983862 0.287283 -0.050954 16.011610 -8.476485 78.348167 179.248993 -179.307968 -178.564087 173.981689 176.910995 174.417282 33.929008 46.643436 15.032169 0.000037 0.000114 17.034948 0.000002 0.000083 11.345281 0.000000 -0.000000 0.000000 15.000084 0.000126 31.097902 0.000006 0.000112 25.443714 179.999969 179.999924 -162.189392 0.000000 -0.000000 0.000000 179.999985 -179.999954 -147.529556 0.000012 -0.000061 32.470436 0.000028 -0.000033 21.625305 0.000000 -0.000000 0.000000 170.000000 179.999985 -152.915833 180.000000 179.999985 -152.915848 179.999985 179.999985 -161.961960 0.000000 -0.000000 0.000000 160.000015 179.999680 -161.008682 179.999847 179.999542 -151.513000 179.999771 179.999771 -161.027664 175.691071 -179.544067 179.303482 173.723389 -172.501221 102.150108 0.547691 -1.132357 0.188017 9.588971 3.273166 1.597206 129.064102 122.637726 154.559906 179.999985 179.999969 167.770905 179.999985 179.999985 171.855438 0.000000 -0.000000 0.000000 165.000015 -179.999985 151.280457 0.000010 -0.000013 -23.497824 179.999985 -179.999985 163.551529 0.000000 -0.000000 0.000000 0.000005 -0.000018 -30.886087 180.000000 -179.999985 149.113922 180.000000 -179.999985 159.429871 0.000000 -0.000000 0.000000 9.999996 -0.000020 -30.250082 180.000000 -179.999985 149.749924 179.999985 -179.999985 159.853439 0.000000 -0.000000 0.000000 20.000004 -0.000020 -24.660809 179.999985 -179.999985 143.008759 180.000000 -180.000000 155.363861
-0.654215 98.507011 7.067996 84.059341 -175.664734 169.890732 12.934194 -32.176182 1.532726 115.100037 119.550385 129.396835 13.552031 -12.650940 9.213341 1.420388 -0.977369 8.661065 12.775334 14.393362 0.474751 175.398834 -172.169998 -179.676193 0.459999 5.537073 -0.551516 0.459885 5.433839 -0.949587 2.314872 4.002560 -1.034462 179.999786 179.166779 -178.254257 179.999741 179.027908 -178.191895 166.990738 179.066422 -179.127106 5.911564 0.277184 -0.023110 15.864342 -8.353149 78.292191 179.246948 -179.609573 -178.564545 173.849564 176.905289 174.300186 34.047710 46.531307 15.299897 0.000026 0.000084 17.139494 180.000000 179.999939 -168.585083 0.000000 -0.000000 0.000002 15.000049 0.000098 31.211527 180.000000 179.999893 -154.463287 179.999985 179.999954 -162.124298 0.000000 -0.000000 0.000002 0.000042 0.000102 32.383011 179.999985 179.999878 -147.616959 179.999954 179.999954 -158.432907 0.000000 -0.000000 0.000002 170.000015 179.999985 -152.898376 179.999985 179.999985 -152.898361 179.999985 179.999985 -161.950317 0.000000 -0.000000 0.000002 160.000000 -179.999908 -160.627594 0.000036 -0.000126 29.058609 0.000057 -0.000055 19.353045 175.675522 -179.546432 179.262878 173.685104 -172.395142 102.266022 0.574765 -1.082528 0.204692 9.599396 3.174084 1.686881 129.062134 122.687843 154.770508 179.999985 179.999985 167.869492 180.000000 179.999985 171.921082 0.000000 0.000002 0.000000 165.000015 -179.999985 151.232819 0.000000 -0.000019 -23.536779 179.999985 -179.999985 163.524246 0.000000 0.000002 0.000000 0.000011 -0.000034 -30.960186 180.000000 -179.999969 149.039825 179.999985 -179.999985 159.380524 0.000000 0.000002 0.000000 10.000010 -0.000028 -30.302759 180.000000 -179.999985 149.697235 0.000002 -0.000010 -20.181635 0.000000 0.000002 0.000000 20.000006 -0.000025 -24.703520 179.999985 -179.999969 142.944702 179.999985 -179.999985 155.321167
-0.638159 98.583023 7.068548 84.110321 -175.533569 169.518509 13.804544 -33.869701 0.726163 109.497543 118.311188 124.310524 13.545248 -13.036823 9.126425 1.781416 -0.835520 9.064277 12.793809 14.360063 0.554570 175.000626 -172.139008 -179.786255 0.471719 5.586521 -0.526251 0.471601 5.482287 -0.908534 2.364575 4.036380 -0.974259 179.999802 179.104355 -178.250687 179.999756 178.955078 -178.188202 166.922150 179.012802 -179.138046 5.844829 0.264729 0.005634 15.787800 -8.212916 78.258186 179.212402 -179.793427 -178.595001 173.641953 176.865356 174.176147 34.246243 46.398312 15.642974 0.000001 0.000047 17.251755 180.000000 179.999969 -168.510330 0.000000 -0.000002 0.000000 15.000016 0.000051 31.328489 179.999985 179.999954 -154.367584 179.999985 179.999985 -162.057312 0.000000 -0.000002 0.000000 0.000019 0.000049 32.505333 179.999985 179.999954 -147.494690 179.999985 179.999985 -158.351440 0.000000 -0.000002 0.000000 170.000000 -179.999985 -152.865936 180.000000 180.000000 -152.865921 180.000000 -179.999985 -161.928711 0.000000 -0.000002 0.000000 160.000015 179.999939 -160.747116 179.999985 179.999893 -151.120651 179.999954 179.999954 -160.766342 175.668320 -179.546127 179.227478 173.660172 -172.291779 102.380531 0.540473 -1.049116 0.195819 9.590519 3.068630 1.771778 129.059204 122.724907 154.910538 179.999985 179.999985 167.935272 180.000000 179.999985 171.964874 0.000002 -0.000000 0.000003 165.000015 -179.999985 151.181381 0.000008 -0.000007 -23.578869 0.000005 -0.000008 -16.505209 0.000002 -0.000000 0.000003 0.000018 -0.000027 -31.034887 0.000000 -0.000026 -31.034878 179.999985 -179.999985 159.330765 0.000002 -0.000000 0.000003 10.000008 -0.000022 -30.358845 180.000000 -179.999985 149.641159 180.000000 -179.999985 159.781006 0.000002 -0.000000 0.000003 20.000008 -0.000012 -24.755116 0.000002 -0.000017 -37.132679 179.999985 -179.999985 155.269638
-0.620648 98.658409 7.065958 84.162376 -175.401245 169.145447 14.823763 -35.622585 -0.200989 103.783936 117.200584 119.168320 13.369995 -13.239187 9.009826 2.193264 -0.693100 9.470307 12.773698 14.310595 0.633179 174.593033 -172.108734 -179.903366 0.486555 5.636654 -0.508789 0.486445 5.531493 -0.880737 2.430333 4.071883 -0.929943 179.999893 179.044952 -178.232468 179.999893 178.885788 -178.169342 166.843445 178.959549 -179.139984 5.761303 0.244437 0.078776 15.732854 -8.060727 78.216995 179.111710 -179.950668 -178.664001 173.518524 176.808868 174.116089 34.347595 46.209957 15.902070 0.000013 0.000395 17.374020 179.999939 179.999741 -168.428894 0.000000 -0.000002 0.000000 15.000086 0.000259 31.451000 179.999954 179.999786 -154.267349 179.999924 179.999878 -161.987137 0.000000 -0.000002 0.000000 0.000113 0.000471 32.621471 179.999847 179.999542 -147.378571 179.999756 179.999802 -158.274124 0.000000 -0.000002 0.000000 169.999969 -179.999725 -152.968460 0.000073 -0.000253 27.031580 0.000118 -0.000131 18.003004 0.000000 -0.000002 0.000000 160.000092 179.999207 -160.617813 179.999725 179.998871 -150.926682 179.999466 179.999435 -160.637161 175.646454 -179.543091 179.233963 173.653366 -172.224701 102.539513 0.421058 -1.042748 0.103334 9.605195 2.972461 1.886169 129.084167 122.778801 155.087906 179.999878 179.999878 168.002625 179.999954 179.999908 172.009750 0.000000 -0.000000 0.000000 165.000153 -179.999771 151.126175 0.000045 -0.000200 -23.624022 179.999954 -179.999847 163.463181 0.000000 -0.000000 0.000000 0.000241 -0.000364 -31.124939 0.000013 -0.000428 -31.124908 179.999878 -179.999756 159.270782 0.000000 -0.000000 0.000000 10.000131 -0.000238 -30.417427 180.000000 -179.999725 149.582596 179.999924 -179.999847 159.741989 0.000000 -0.000000 0.000000 20.000134 -0.000263 -24.811190 0.000008 -0.000410 -37.216721 179.999847 -179.999786 155.213638
-0.642822 98.729904 7.077266 84.212029 -175.251923 168.836655 15.780696 -37.279125 -1.210298 97.164711 116.175156 112.857666 13.256048 -13.992002 9.053847 2.869751 -0.530333 9.772871 12.581929 14.180417 0.738629 174.105240 -172.094498 179.981140 0.497011 5.694236 -0.477271 0.496900 5.587842 -0.829272 2.472178 4.109855 -0.856392 0.000056 1.011934 1.739688 0.000073 1.180593 1.801816 166.820206 178.915192 -179.167770 5.740404 0.236113 0.035339 15.684476 -7.965568 78.241043 179.093689 179.989853 -178.666840 173.190109 176.743988 174.002380 34.417007 46.052204 16.056700 0.000012 0.000211 17.452305 179.999985 179.999847 -168.376770 0.000000 0.000003 0.000000 15.000053 0.000169 31.488613 179.999985 179.999863 -154.236588 179.999939 179.999924 -161.965622 0.000000 0.000003 0.000000 0.000088 0.000348 32.682304 179.999863 179.999649 -147.317657 179.999817 179.999847 -158.233566 0.000000 0.000003 0.000000 169.999954 -179.999664 -152.989395 0.000115 -0.000319 27.010607 0.000156 -0.000172 17.989037 0.000000 0.000003 0.000000 160.000046 179.999329 -160.521942 179.999741 179.999054 -150.782944 179.999542 179.999512 -160.541428 175.683960 -179.533432 179.141479 173.666321 -172.167175 102.682510 0.252356 -1.029008 0.035653 9.550920 2.850997 1.929280 129.111145 122.790573 155.220840 179.999939 179.999908 168.053604 179.999969 179.999939 172.043716 0.000002 -0.000002 -0.000003 165.000137 -179.999832 151.078995 0.000022 -0.000155 -23.662638 179.999969 -179.999878 163.436142 0.000002 -0.000002 -0.000003 0.000214 -0.000327 -31.194321 0.000022 -0.000383 -31.194330 179.999878 -179.999786 159.224564 0.000002 -0.000002 -0.000003 10.000436 -0.000714 -30.373430 0.000018 -0.000809 -30.373451 179.999725 -179.999527 159.771301 0.000002 -0.000002 -0.000003 20.000101 -0.000226 -24.862074 0.000018 -0.000353 -37.293102 179.999878 -179.999802 155.162811
-0.684396 98.800270 7.093088 84.266281 -175.090378 168.558395 16.668415 -38.862907 -2.243584 91.634567 115.278648 107.649078 12.874435 -14.293988 8.972628 3.656681 -0.368385 10.037992 12.212743 14.029941 0.841495 173.686737 -172.085144 179.856766 0.514369 5.753635 -0.463135 0.514256 5.646126 -0.807237 2.551590 4.152318 -0.817623 0.000025 1.068484 1.736625 0.000027 1.246554 1.798648 166.767746 178.867737 -179.181534 5.689558 0.227033 0.055685 15.577436 -7.763224 78.156883 179.066315 179.955215 -178.610107 172.878784 176.642532 173.926224 34.600754 45.953606 16.217104 0.000003 0.000258 17.473272 179.999954 179.999847 -168.362808 0.000003 -0.000000 0.000000 15.000010 0.000001 31.526148 0.000002 -0.000016 25.794121 0.000016 -0.000005 18.055876 0.000003 -0.000000 0.000000 0.000021 0.000120 32.745476 179.999969 179.999878 -147.254532 179.999924 179.999954 -158.191513 0.000003 -0.000000 0.000000 169.999969 -179.999725 -153.029373 0.000079 -0.000228 26.970642 0.000126 -0.000120 17.962439 0.000003 -0.000000 0.000000 160.000031 179.999695 -160.416138 179.999878 179.999557 -150.624191 179.999786 179.999771 -160.435699 175.659348 -179.537704 179.148911 173.715012 -172.103607 102.788361 0.050884 -1.002086 -0.045413 9.490950 2.717381 1.972381 129.131943 122.770905 155.303314 179.999939 179.999924 168.087524 179.999985 179.999939 172.066269 0.000000 0.000000 -0.000003 165.000137 -179.999832 151.050552 0.000005 -0.000172 -23.685888 179.999985 -179.999878 163.419876 0.000000 0.000000 -0.000003 0.000172 -0.000271 -31.260540 0.000021 -0.000330 -31.260544 179.999878 -179.999802 159.180466 0.000000 0.000000 -0.000003 10.000113 -0.000181 -30.593500 180.000000 -179.999771 149.406509 179.999939 -179.999878 159.624725 0.000000 0.000000 -0.000003 20.000082 -0.000163 -24.907024 0.000006 -0.000294 -37.360542 179.999893 -179.999847 155.117874
-0.746423 98.869392 7.111067 84.323380 -174.923111 168.310181 17.503708 -40.377853 -3.252923 86.607101 114.611404 102.935982 12.470506 -14.404468 8.816163 4.533941 -0.214369 10.278364 11.671026 13.862862 0.925496 173.348755 -172.081406 179.734802 0.532981 5.814272 -0.452329 0.532856 5.705666 -0.790877 2.637933 4.196090 -0.785456 0.000022 1.114655 1.743022 0.000049 1.300414 1.805272 166.701874 178.827576 -179.188065 5.642343 0.221230 0.069580 15.449048 -7.665577 78.178894 178.934448 179.922424 -178.644028 172.716599 176.548950 173.930542 34.651306 45.886314 16.354136 180.000000 179.999832 -162.466629 179.999969 179.999878 -168.322739 0.000000 0.000003 0.000000 15.000017 0.000008 31.522966 0.000001 0.000014 25.791525 179.999985 179.999985 -161.945953 0.000000 0.000003 0.000000 0.000028 0.000145 32.759525 179.999954 179.999863 -147.240509 179.999908 179.999939 -158.182159 0.000000 0.000003 0.000000 169.999985 -179.999817 -153.074112 0.000060 -0.000167 26.925890 0.000097 -0.000086 17.932646 0.000000 0.000003 0.000000 160.000046 179.999725 -160.366867 179.999878 179.999588 -150.550262 179.999802 179.999802 -160.386490 175.684067 -179.539017 179.094131 173.723755 -172.047791 102.938820 179.826599 -179.055878 179.873535 9.422584 2.564964 2.010417 129.157806 122.745468 155.393051 179.999969 179.999924 168.123474 179.999985 179.999969 172.090210 0.000000 -0.000000 0.000000 165.000107 -179.999832 151.018143 0.000031 -0.000164 -23.712421 179.999969 -179.999893 163.401321 0.000000 -0.000000 0.000000 0.000177 -0.000257 -31.313770 0.000010 -0.000290 -31.313805 179.999908 -179.999832 159.145020 0.000000 -0.000000 0.000000 10.000114 -0.000185 -30.628792 0.000001 -0.000210 -30.628796 179.999939 -179.999878 159.601227 0.000000 -0.000000 0.000000 20.000082 -0.000152 -24.940817 180.000000 -179.999725 142.588806 179.999893 -179.999847 155.084137
-0.823313 98.934853 7.131439 84.378525 -174.759781 168.092590 18.302458 -41.844627 -4.297512 81.310196 114.047279 97.840782 12.040289 -14.708138 8.703311 5.395951 -0.057195 10.489804 11.107835 13.680880 0.998766 173.048920 -172.082535 179.624191 0.553417 5.871168 -0.444265 0.553300 5.761559 -0.779224 2.733362 4.237675 -0.758557 179.999969 178.810623 -178.274536 179.999939 178.612396 -178.212906 166.658249 178.767029 -179.213959 5.595698 0.221034 0.076649 15.296091 -7.585302 78.218025 178.779007 179.896088 -178.686188 172.559555 176.449203 173.928497 34.698986 45.824711 16.464090 180.000000 179.999863 -162.419876 179.999985 179.999924 -168.291626 0.000000 -0.000000 0.000000 15.000019 0.000015 31.525318 0.000001 0.000005 25.793406 179.999985 179.999985 -161.944595 0.000000 -0.000000 0.000000 0.000028 0.000132 32.782791 179.999954 179.999878 -147.217209 179.999939 179.999954 -158.166672 0.000000 -0.000000 0.000000 170.000000 -179.999893 -153.115341 0.000030 -0.000097 26.884661 0.000044 -0.000050 17.905186 0.000000 -0.000000 0.000000 160.000031 179.999725 -160.323120 179.999893 179.999603 -150.484650 179.999817 179.999802 -160.342789 175.709167 -179.544067 179.040329 173.738937 -171.991928 103.068077 179.587097 -179.145828 179.794907 9.344633 2.405388 2.047212 129.115036 122.687340 155.414459 179.999985 179.999985 168.165390 0.000001 0.000014 -7.881863 180.000000 180.000000 -179.999985 165.000107 -179.999832 150.984543 0.000021 -0.000149 -23.739908 179.999954 -179.999893 163.382065 180.000000 180.000000 -179.999985 0.000134 -0.000239 -31.370571 179.999985 -179.999725 148.629425 179.999908 -179.999847 159.107208 180.000000 180.000000 -179.999985 10.000126 -0.000230 -30.659042 179.999985 -179.999741 149.340973 179.999908 -179.999847 159.581085 180.000000 180.000000 -179.999985 20.000345 -0.000731 -24.874485 180.000000 -179.998810 142.688309 179.999512 -179.999359 155.150421
-0.910811 98.995079 7.155047 84.420952 -174.599518 167.903030 19.201632 -43.329575 -5.420317 76.027908 113.680031 92.767197 11.654618 -14.928377 8.602543 6.183342 0.109842 10.673453 10.591192 13.490494 1.063770 172.790833 -172.085022 179.522949 0.574791 5.924378 -0.434238 0.574635 5.813836 -0.764375 2.832419 4.276445 -0.727095 179.999863 178.731430 -178.301132 179.999832 178.520004 -178.240463 166.631348 178.704254 -179.245789 5.566740 0.227440 0.050299 15.128178 -7.522223 78.275124 178.646225 179.869156 -178.712326 172.370041 176.366638 173.902496 34.755249 45.764805 16.575817 180.000000 179.999908 -162.376175 179.999985 179.999954 -168.262558 0.000000 -0.000002 0.000000 15.000008 0.000018 31.525620 0.000000 0.000009 25.793667 180.000000 179.999985 -161.944427 0.000000 -0.000002 0.000000 0.000024 0.000107 32.809254 179.999954 179.999893 -147.190735 179.999939 179.999969 -158.149033 0.000000 -0.000002 0.000000 170.000000 -179.999924 -153.139862 0.000021 -0.000051 26.860172 0.000038 -0.000035 17.888853 0.000000 -0.000002 0.000000 160.000015 179.999725 -160.272308 179.999893 179.999619 -150.408432 179.999817 179.999817 -160.292038 175.748352 -179.549774 178.964508 173.758072 -171.934799 103.175484 179.342865 -179.260071 179.721680 9.256952 2.238129 2.079654 129.167908 122.679298 155.484879 180.000000 179.999985 168.175003 0.000000 0.000000 -7.875461 180.000000 -179.999985 -180.000000 165.000122 -179.999847 150.948380 0.000009 -0.000145 -23.769526 179.999969 -179.999893 163.361343 180.000000 -179.999985 -180.000000 0.000115 -0.000205 -31.425573 179.999985 -179.999756 148.574448 179.999924 -179.999863 159.070541 180.000000 -179.999985 -180.000000 10.000049 -0.000095 -30.730186 180.000000 -179.999893 149.269821 179.999954 -179.999939 159.533691 180.000000 -179.999985 -180.000000 20.000027 -0.000107 -25.141743 180.000000 -179.999847 142.287369 179.999939 -179.999908 154.883377
-1.004810 99.049316 7.180645 84.451355 -174.447205 167.738647 20.191252 -44.797760 -6.710197 70.948524 113.429726 87.921700 11.132904 -15.204011 8.520664 6.961066 0.257852 10.842173 9.942597 13.313168 1.104315 172.682297 -172.084839 179.419876 0.604499 5.969604 -0.444436 0.604359 5.858461 -0.783791 2.976432 4.313033 -0.736322 179.999893 178.648300 -178.292709 179.999878 178.422989 -178.231720 166.571259 178.632889 -179.258347 5.502625 0.232566 0.111357 14.964217 -7.472055 78.342819 178.353088 179.861816 -178.836975 172.351761 176.272079 173.964157 34.813904 45.706532 16.675806 180.000000 179.999969 -162.339691 179.999985 179.999985 -168.238251 0.000003 0.000003 0.000002 14.999997 0.000012 31.530355 0.000002 0.000010 25.797581 179.999985 179.999985 -161.941696 0.000003 0.000003 0.000002 0.000012 0.000082 32.839169 179.999985 179.999939 -147.160828 179.999939 179.999969 -158.129105 0.000003 0.000003 0.000002 170.000000 -179.999969 -153.160660 0.000013 -0.000021 26.839371 0.000022 -0.000014 17.874998 0.000003 0.000003 0.000002 160.000015 179.999786 -160.206406 179.999924 179.999710 -150.309616 179.999847 179.999847 -160.226196 175.744781 -179.566116 178.979248 173.774963 -171.881607 103.264778 179.099503 -179.383163 179.652954 9.159190 2.087145 2.112164 129.136551 122.610954 155.455917 0.000014 -0.000031 -11.812540 0.000011 -0.000016 -7.867152 0.000000 -0.000000 0.000000 165.000076 -179.999863 150.906754 0.000006 -0.000127 -23.803543 179.999985 -179.999924 163.337494 0.000000 -0.000000 0.000000 0.000235 -0.000420 -31.429123 179.999985 -179.999512 148.570877 179.999832 -179.999725 159.068192 0.000000 -0.000000 0.000000 10.000048 -0.000099 -30.754784 179.999985 -179.999878 149.245239 179.999969 -179.999954 159.517303 0.000000 -0.000000 0.000000 20.000036 -0.000123 -25.164309 180.000000 -179.999832 142.253540 179.999924 -179.999908 154.860855
-1.101503 99.096931 7.210132 84.469330 -174.304703 167.594772 21.319473 -46.267326 -8.181234 65.866234 113.364098 83.095451 10.675610 -15.532202 8.491632 7.554848 0.423222 10.987058 9.458505 13.136607 1.140246 172.604568 -172.085968 179.322266 0.631405 6.011037 -0.444041 0.631231 5.899282 -0.785372 3.104009 4.345203 -0.723720 179.999893 178.561478 -178.307465 179.999863 178.321716 -178.247025 166.548477 178.562149 -179.284637 5.471575 0.244112 0.113039 14.820443 -7.427713 78.411057 178.145935 179.864990 -178.908096 172.252899 176.211853 173.979568 34.873672 45.669090 16.749914 0.000002 0.000024 17.679276 180.000000 179.999985 -168.225586 0.000000 -0.000000 0.000000 15.000002 0.000009 31.530653 179.999985 179.999985 -154.202194 180.000000 179.999985 -161.941528 0.000000 -0.000000 0.000000 0.000010 0.000063 32.862675 179.999985 179.999939 -147.137344 179.999985 179.999969 -158.113480 0.000000 -0.000000 0.000000 170.000000 -179.999969 -153.169708 0.000010 -0.000032 26.830294 0.000018 -0.000017 17.868980 0.000000 -0.000000 0.000000 160.000015 179.999817 -160.144989 179.999939 179.999741 -150.217499 179.999878 179.999878 -160.164856 175.788498 -179.572723 178.915665 173.766510 -171.839676 103.357155 178.841461 -179.496353 179.575546 9.080259 1.949039 2.152998 129.154846 122.591599 155.463272 0.000033 -0.000039 -11.815090 0.000016 -0.000035 -7.868861 0.000000 -0.000000 0.000000 165.000076 -179.999908 150.863358 0.000012 -0.000090 -23.839096 179.999985 -179.999939 163.312653 0.000000 -0.000000 0.000000 0.000064 -0.000108 -31.617495 179.999985 -179.999878 148.382492 179.999954 -179.999924 158.942749 0.000000 -0.000000 0.000000 10.000020 -0.000065 -30.788429 179.999985 -179.999939 149.211548 179.999985 -179.999969 159.494904 0.000000 -0.000000 0.000000 20.000019 -0.000087 -25.204748 180.000000 -179.999878 142.192856 179.999939 -179.999924 154.820450
-1.197286 99.136459 7.238874 84.480476 -174.169891 167.463440 22.643524 -47.767235 -9.844306 60.260902 113.454185 77.752899 10.150869 -16.110085 8.570481 8.039817 0.583025 11.123524 9.088160 12.980918 1.169844 172.522507 -172.082047 179.227798 0.659142 6.049370 -0.443995 0.658941 5.937069 -0.787587 3.235611 4.375263 -0.711494 179.999924 178.466797 -178.327194 179.999863 178.211243 -178.267456 166.544922 178.485855 -179.314987 5.443421 0.254703 0.125424 14.700339 -7.385312 78.474884 177.934296 179.878494 -178.986404 172.172684 176.167816 174.003464 34.952534 45.650520 16.835762 0.000006 0.000023 17.692280 180.000000 179.999985 -168.216934 0.000000 -0.000000 0.000003 15.000002 0.000002 31.536097 0.000000 0.000009 25.802261 179.999985 179.999985 -161.938416 0.000000 -0.000000 0.000003 0.000006 0.000055 32.885006 179.999985 179.999939 -147.114990 179.999969 179.999985 -158.098587 0.000000 -0.000000 0.000003 170.000000 -179.999985 -153.183075 0.000003 -0.000015 26.816935 0.000006 -0.000004 17.860069 0.000000 -0.000000 0.000003 160.000015 179.999878 -160.077606 179.999969 179.999802 -150.116379 179.999924 179.999908 -160.097549 175.794632 -179.582123 178.910248 173.784180 -171.794632 103.384804 178.643356 -179.608841 179.528809 8.954379 1.812503 2.160850 129.208801 122.559891 155.449799 0.000033 -0.000041 -11.844404 0.000024 -0.000029 -7.888385 0.000000 -0.000000 0.000000 165.000046 -179.999939 150.824677 0.000007 -0.000051 -23.870680 179.999985 -179.999954 163.290497 0.000000 -0.000000 0.000000 0.000050 -0.000069 -31.663353 180.000000 -179.999908 148.336670 179.999985 -179.999954 158.912201 0.000000 -0.000000 0.000000 10.000031 -0.000031 -30.814484 0.000000 -0.000039 -30.814466 179.999985 -179.999985 159.477570 0.000000 -0.000000 0.000000 20.000023 -0.000043 -25.239265 180.000000 -179.999924 142.141098 179.999985 -179.999969 154.785980
-1.291721 99.170525 7.267667 84.490654 -174.037094 167.335510 24.089447 -49.261414 -11.697577 55.510696 113.711418 73.335838 9.778704 -16.428732 8.628366 8.398412 0.737564 11.263638 8.827163 12.856386 1.190550 172.454651 -172.072952 179.133820 0.686488 6.087782 -0.441743 0.686288 5.974920 -0.786133 3.364836 4.404900 -0.694511 179.999924 178.394867 -178.326981 179.999878 178.127350 -178.267227 166.532898 178.425674 -179.329224 5.422484 0.265108 0.142733 14.606226 -7.344798 78.529305 177.722946 179.906540 -179.061386 172.108551 176.128113 174.034088 35.043816 45.641575 16.951157 0.000004 0.000012 17.712936 180.000000 179.999985 -168.203201 0.000000 -0.000000 0.000003 14.999995 -0.000003 31.542944 180.000000 179.999985 -154.192123 0.000007 -0.000000 18.065496 0.000000 -0.000000 0.000003 0.000017 0.000034 32.915436 179.999985 179.999969 -147.084564 179.999985 179.999985 -158.078308 0.000000 -0.000000 0.000003 170.000000 -179.999985 -153.191086 0.000012 -0.000017 26.808916 0.000013 -0.000014 17.854734 0.000000 -0.000000 0.000003 160.000015 179.999893 -160.020401 179.999985 179.999832 -150.030594 179.999939 179.999908 -160.040344 175.802551 -179.591415 178.901611 173.775253 -171.756287 103.408485 178.503525 -179.707870 179.511398 8.798842 1.674080 2.136448 129.274048 122.486534 155.348602 179.999969 179.999985 168.083176 179.999985 179.999985 172.063400 0.000000 0.000000 -0.000002 165.000031 -179.999969 150.789993 180.000000 -179.999969 156.100906 179.999985 -179.999969 163.270630 0.000000 0.000000 -0.000002 0.000029 -0.000063 -31.702791 180.000000 -179.999939 148.297211 179.999985 -179.999969 158.885941 0.000000 0.000000 -0.000002 10.000003 -0.000033 -30.837959 180.000000 -179.999985 149.162048 179.999985 -179.999985 159.461945 0.000000 0.000000 -0.000002 20.000006 -0.000034 -25.265173 0.000010 -0.000029 -37.897781 179.999985 -179.999985 154.760086
-1.383287 99.200531 7.293802 84.507713 -173.915100 167.215622 25.609701 -50.700752 -13.714525 51.272945 114.093895 69.436035 9.512734 -16.740952 8.717062 8.553736 0.897382 11.398959 8.727710 12.756095 1.194989 172.415405 -172.064529 179.048019 0.711807 6.124399 -0.437789 0.711586 6.010977 -0.781688 3.483833 4.432699 -0.674615 179.999924 178.326401 -178.326111 179.999893 178.047470 -178.266327 166.526596 178.368393 -179.342239 5.403236 0.276220 0.166452 14.547159 -7.309095 78.569664 177.513504 179.950623 -179.133072 172.070206 176.096207 174.072128 35.119793 45.627960 17.058968 179.999985 -179.999985 -162.262802 180.000000 -179.999985 -168.187042 0.000003 0.000003 0.000002 15.000008 -0.000012 31.549391 180.000000 -179.999985 -154.186874 0.000015 -0.000012 18.069195 0.000003 0.000003 0.000002 180.000000 179.999985 -147.059296 180.000000 179.999985 -147.059280 180.000000 179.999985 -158.061493 0.000003 0.000003 0.000002 170.000000 -179.999985 -153.197357 0.000007 -0.000038 26.802629 0.000006 -0.000008 17.850565 0.000003 0.000003 0.000002 160.000015 179.999939 -159.942886 0.000005 0.000115 30.085665 179.999969 179.999939 -159.962952 175.813431 -179.599228 178.893860 173.738617 -171.726181 103.426498 178.418701 -179.791885 179.519699 8.620980 1.539095 2.085027 129.293549 122.615089 155.548386 0.000051 -0.000031 -11.847157 0.000033 -0.000029 -7.890229 0.000002 -0.000003 -0.000002 165.000015 -179.999969 150.763489 0.000007 -0.000019 -23.920767 0.000002 -0.000011 -16.744530 0.000002 -0.000003 -0.000002 0.000026 -0.000012 -31.744232 180.000000 -179.999969 148.255783 179.999985 -179.999985 158.858353 0.000002 -0.000003 -0.000002 10.000015 -0.000004 -30.853369 180.000000 -179.999985 149.146667 0.000000 0.000000 -20.548328 0.000002 -0.000003 -0.000002 20.000011 -0.000010 -25.283623 180.000000 -179.999985 142.074539 180.000000 -179.999985 154.741669
-1.473749 99.226479 7.314514 84.564461 -173.771545 167.053391 27.279411 -52.137783 -15.820663 47.046288 114.664154 65.608315 9.383682 -17.069756 8.854029 8.505676 1.096191 11.579403 8.802777 12.673737 1.179699 172.371552 -172.059097 178.985764 0.733668 6.173214 -0.420482 0.733461 6.058866 -0.754848 3.582976 4.466200 -0.626523 179.999939 178.262985 -178.325424 179.999924 177.973480 -178.265625 166.527725 178.315414 -179.354202 5.383640 0.287313 0.189187 14.518709 -7.276219 78.600006 177.308426 -179.989029 -179.198044 171.970230 176.013611 174.120773 35.268997 45.656586 17.119383 0.000000 0.000003 17.697941 0.000002 0.000004 11.786828 0.000000 -0.000000 0.000000 15.000006 -0.000003 31.532661 180.000000 179.999985 -154.200577 180.000000 -180.000000 -161.940384 0.000000 -0.000000 0.000000 0.000001 0.000014 32.948055 180.000000 179.999985 -147.051926 179.999985 179.999985 -158.056595 0.000000 -0.000000 0.000000 170.000000 -179.999985 -153.221069 0.000001 -0.000004 26.778906 180.000000 180.000000 -162.165237 0.000000 -0.000000 0.000000 160.000015 179.999954 -159.894485 0.000004 0.000087 30.158260 179.999985 179.999954 -159.914597 175.823853 -179.606293 178.886581 173.680298 -171.706116 103.432594 178.381577 -179.864426 179.555176 8.438890 1.402371 2.012501 129.408279 122.601570 155.496338 0.000037 -0.000022 -11.929718 0.000024 -0.000022 -7.945196 0.000002 -0.000000 0.000000 165.000015 -179.999985 150.738785 0.000003 0.000001 -23.941004 179.999985 -179.999985 163.241302 0.000002 -0.000000 0.000000 0.000006 -0.000004 -31.771439 180.000000 -179.999985 148.228577 180.000000 -179.999985 158.840210 0.000002 -0.000000 0.000000 9.999988 0.000012 -30.867613 180.000000 -180.000000 149.132401 0.000000 0.000000 -20.557831 0.000002 -0.000000 0.000000 19.999987 0.000008 -25.297943 0.000004 0.000009 -37.946907 0.000009 0.000009 -25.272646
-1.565400 99.249496 7.331779 84.641212 -173.633850 166.887695 29.001408 -53.462109 -17.957029 42.800972 115.291664 61.756359 9.154585 -17.629360 9.071818 8.315714 1.304980 11.753689 8.973982 12.604018 1.156755 172.354767 -172.056473 178.950851 0.752258 6.221202 -0.398271 0.752039 6.105861 -0.719612 3.665042 4.497694 -0.569100 179.999954 178.203659 -178.324280 179.999939 177.904266 -178.264435 166.532791 178.265854 -179.364929 5.362447 0.300654 0.208880 14.518151 -7.244416 78.629898 177.113617 -179.918732 -179.261948 171.928909 175.953705 174.171432 35.332821 45.620831 17.175264 0.000002 0.000001 17.705675 180.000000 -180.000000 -168.208008 0.000000 0.000003 0.000003 14.999993 0.000002 31.535431 0.000007 -0.000002 25.801731 179.999985 -179.999985 -161.938782 0.000000 0.000003 0.000003 0.000009 0.000001 32.969707 0.000001 0.000005 32.969707 179.999985 179.999985 -158.042160 0.000000 0.000003 0.000003 170.000000 -179.999985 -153.226913 0.000007 -0.000009 26.773088 0.000005 -0.000002 17.830877 0.000000 0.000003 0.000003 160.000015 179.999969 -159.830872 0.000012 0.000050 30.253687 179.999985 179.999969 -159.851059 175.833252 -179.615738 178.884628 173.601669 -171.697998 103.421822 178.396667 -179.930084 179.624100 8.232505 1.239823 1.891544 129.513763 122.559441 155.412460 0.000025 -0.000009 -12.018929 0.000008 -0.000013 -8.004595 180.000000 -179.999985 -179.999985 165.000015 -180.000000 150.729980 0.000004 -0.000000 -23.948196 0.000007 0.000003 -16.763737 180.000000 -179.999985 -179.999985 0.000004 -0.000008 -31.787769 0.000001 -0.000003 -31.787769 0.000000 -0.000002 -21.170656 180.000000 -179.999985 -179.999985 9.999996 -0.000003 -30.857807 0.000003 0.000003 -30.857824 0.000013 0.000006 -20.551308 180.000000 -179.999985 -179.999985 20.000000 -0.000003 -25.293879 180.000000 179.999985 142.059158 0.000002 0.000007 -25.268602
-1.654058 99.268951 7.347629 84.735710 -173.495453 166.718353 31.129747 -55.134521 -20.725880 39.210190 116.237427 58.477192 9.334641 -17.734556 9.259113 8.003590 1.527481 11.920195 9.214156 12.546517 1.130456 172.380890 -172.058807 178.950668 0.767641 6.270545 -0.370751 0.767436 6.154121 -0.675333 3.730348 4.528647 -0.501359 179.999969 178.147537 -178.324402 179.999985 177.838791 -178.264557 166.546692 178.219193 -179.375488 5.382105 0.311630 0.216639 14.504642 -7.212073 78.662560 176.928406 -179.837830 -179.320709 171.893509 175.890335 174.230423 35.419605 45.605942 17.232723 180.000000 -180.000000 -162.299774 180.000000 180.000000 -168.211639 180.000000 179.999985 -180.000000 14.999997 0.000001 31.540154 0.000003 -0.000004 25.805586 180.000000 180.000000 -161.936096 180.000000 179.999985 -180.000000 180.000000 179.999985 -147.018250 180.000000 179.999985 -147.018250 180.000000 179.999985 -158.034164 180.000000 179.999985 -180.000000 170.000000 179.999985 -153.236725 179.999985 -179.999985 -153.236725 180.000000 -180.000000 -162.175659 180.000000 179.999985 -180.000000 160.000015 179.999969 -159.775589 0.000008 0.000030 30.336603 180.000000 179.999985 -159.795807 175.842926 -179.624680 178.882660 173.514771 -171.702530 103.392189 178.403305 -179.975998 179.693893 8.089999 1.099902 1.781204 129.569077 122.505180 155.289383 0.000014 -0.000007 -12.100218 0.000009 -0.000001 -8.058742 0.000000 -0.000000 0.000000 165.000000 179.999985 150.730408 0.000004 -0.000001 -23.947845 0.000016 0.000008 -16.763496 0.000000 -0.000000 0.000000 0.000007 0.000013 -31.792871 179.999985 -179.999985 148.207138 180.000000 -179.999985 158.825958 0.000000 -0.000000 0.000000 9.999987 0.000007 -30.860041 180.000000 179.999985 149.139954 179.999985 -180.000000 159.447220 0.000000 -0.000000 0.000000 20.000002 0.000013 -25.282930 0.000002 -0.000005 -37.924370 0.000013 0.000006 -25.257641
-1.743349 99.283310 7.363081 84.845955 -173.357025 166.545547 33.333458 -56.790276 -23.573730 35.482151 117.303513 54.955597 9.407434 -18.120049 9.495984 7.600677 1.761842 12.074825 9.434113 12.500547 1.074518 172.507202 -172.065659 179.009430 0.784383 6.316681 -0.337301 0.784167 6.199172 -0.621259 3.799773 4.555979 -0.420435 179.999985 178.088760 -178.324890 179.999985 177.770218 -178.265076 166.540039 178.170197 -179.387482 5.384215 0.333899 0.220586 14.496858 -7.180796 78.697006 176.759949 -179.757996 -179.381912 171.860748 175.826172 174.295898 35.487644 45.581581 17.236160 0.000005 -0.000002 17.677612 0.000005 0.000000 11.773282 0.000000 -0.000002 0.000000 14.999990 -0.000004 31.539877 180.000000 -179.999985 -154.194641 180.000000 -180.000000 -161.936264 0.000000 -0.000002 0.000000 180.000000 -180.000000 -147.008850 0.000000 0.000002 32.991127 180.000000 179.999985 -158.027893 0.000000 -0.000002 0.000000 170.000000 180.000000 -153.246979 180.000000 -179.999985 -153.246994 180.000000 -179.999985 -162.182495 0.000000 -0.000002 0.000000 160.000015 179.999985 -159.727859 180.000000 179.999985 -149.591766 180.000000 179.999985 -159.748108 175.827530 -179.642014 178.877502 173.430954 -171.716141 103.340805 178.404327 179.982788 179.766571 8.006524 0.986108 1.679935 129.598495 122.461029 155.150085 0.000007 -0.000004 -12.178068 0.000002 -0.000002 -8.110570 180.000000 -179.999985 -180.000000 165.000015 -179.999985 150.733719 180.000000 180.000000 156.054871 179.999985 180.000000 163.238403 180.000000 -179.999985 -180.000000 180.000000 -179.999985 148.205536 180.000000 180.000000 148.205536 180.000000 -179.999985 158.824890 180.000000 -179.999985 -180.000000 10.000004 0.000006 -30.793777 180.000000 180.000000 149.206223 0.000009 0.000005 -20.508661 180.000000 -179.999985 -180.000000 19.999994 -0.000003 -25.270725 0.000003 0.000001 -37.906094 0.000004 -0.000001 -25.245457
-1.832631 99.293961 7.375673 84.966225 -173.216415 166.372604 35.863300 -58.393959 -26.732475 31.767019 118.632256 51.415199 9.487719 -18.712875 9.787457 7.111137 2.027111 12.207115 9.630136 12.438354 1.003480 172.746338 -172.079117 179.113358 0.800093 6.362917 -0.302666 0.799884 6.244265 -0.565239 3.864003 4.582862 -0.337464 179.999985 178.029434 -178.326950 179.999985 177.700989 -178.267197 166.535919 178.120926 -179.400467 5.409143 0.353745 0.232021 14.466947 -7.134776 78.728065 176.583649 -179.714401 -179.450943 171.879547 175.812958 174.373856 35.615170 45.617004 17.518341 179.999924 179.999954 -162.242599 179.999954 179.999985 -168.173569 180.000000 180.000000 -180.000000 15.000079 0.000058 31.493271 0.000027 0.000078 25.767204 179.999985 179.999954 -161.962952 180.000000 180.000000 -180.000000 0.000009 0.000001 32.995937 180.000000 -179.999985 -147.004089 0.000006 -0.000006 21.975292 180.000000 180.000000 -180.000000 169.999985 -179.999985 -153.257233 179.999985 -179.999985 -153.257217 0.000004 -0.000018 17.810661 180.000000 180.000000 -180.000000 160.000107 179.999924 -159.685745 0.000077 0.000107 30.471415 0.000007 0.000089 20.293951 175.811462 -179.656525 178.872147 173.337204 -171.742706 103.283760 178.488724 179.820755 -179.980453 7.840052 0.750745 1.370876 129.653320 122.410858 155.030701 0.000025 -0.000009 -12.257885 0.000015 -0.000013 -8.163752 180.000000 179.999985 179.999985 165.000015 179.999985 150.738647 0.000011 -0.000003 -23.941095 0.000001 -0.000006 -16.758770 180.000000 179.999985 179.999985 0.000003 -0.000004 -31.787933 0.000002 0.000004 -31.787926 0.000001 -0.000004 -21.170750 180.000000 179.999985 179.999985 9.999990 -0.000017 -30.772015 179.999985 -179.999985 149.227982 180.000000 -179.999985 159.505844 180.000000 179.999985 179.999985 19.999998 -0.000020 -25.252926 180.000000 -179.999985 142.120590 179.999985 -179.999985 154.772324
-1.926031 99.297150 7.403737 85.075386 -173.080276 166.219818 38.441780 -60.355034 -30.266747 30.474897 119.721581 49.898022 10.157529 -18.139322 9.890151 6.734965 2.262569 12.284308 9.701316 12.421937 0.990541 173.017258 -172.058014 179.227356 0.814156 6.408055 -0.265509 0.813953 6.288269 -0.504809 3.919407 4.607930 -0.249511 179.999985 177.969330 -178.327667 179.999985 177.630890 -178.267944 166.543610 178.070969 -179.412308 5.412404 0.376867 0.215050 14.500710 -7.123528 78.780777 176.433075 -179.666748 -179.515579 171.867233 175.797806 174.449844 35.714714 45.618355 17.487932 179.999939 179.999939 -162.300919 179.999954 179.999985 -168.212418 0.000000 -0.000000 0.000000 15.000000 -0.000004 31.573858 180.000000 -179.999985 -154.166855 180.000000 180.000000 -161.916779 0.000000 -0.000000 0.000000 180.000000 -179.999985 -147.007645 180.000000 179.999985 -147.007629 180.000000 179.999985 -158.027084 0.000000 -0.000000 0.000000 170.000000 -180.000000 -153.271957 179.999985 -179.999985 -153.271957 0.000002 -0.000012 17.800871 0.000000 -0.000000 0.000000 160.000031 179.999985 -159.644409 0.000049 0.000050 30.533367 0.000019 0.000049 20.335236 175.808807 -179.655731 178.857956 173.256790 -171.771835 103.200142 178.403763 179.914017 179.914703 7.981215 0.832999 1.494582 129.594681 122.367195 154.876923 0.000038 0.000002 -12.298156 0.000028 -0.000005 -8.190578 180.000000 -180.000000 180.000000 165.000000 -179.999985 150.736008 180.000000 180.000000 156.056732 0.000006 0.000006 -16.760260 180.000000 -180.000000 180.000000 180.000000 180.000000 148.212952 180.000000 -179.999985 148.212967 0.000020 0.000007 -21.170153 180.000000 -180.000000 180.000000 9.999993 -0.000016 -30.759201 180.000000 -179.999985 149.240814 179.999985 -179.999985 159.514389 180.000000 -180.000000 180.000000 20.000004 -0.000012 -25.237326 179.999985 -179.999969 142.144043 179.999985 -179.999985 154.787933
-2.028898 99.302361 7.440734 85.183372 -172.955734 166.062164 40.283279 -62.065067 -32.931755 28.985437 120.526146 47.967960 10.347182 -18.121094 10.068407 6.386071 2.488235 12.350430 9.772882 12.423848 0.998244 173.262054 -172.013779 179.324814 0.829491 6.448505 -0.223723 0.829257 6.327612 -0.436745 3.979045 4.628434 -0.151261 180.000000 177.908020 -178.326126 179.999985 177.559372 -178.266357 166.542587 178.019623 -179.423248 5.394611 0.399768 0.221789 14.539130 -7.109742 78.808929 176.304581 -179.633972 -179.576691 171.860626 175.789658 174.519852 35.773335 45.610111 17.432327 179.999954 179.999924 -162.352402 179.999954 179.999969 -168.246704 0.000000 -0.000000 0.000000 14.999973 -0.000009 31.572132 180.000000 179.999985 -154.168259 180.000000 180.000000 -161.917786 0.000000 -0.000000 0.000000 179.999985 -179.999985 -147.008087 180.000000 -179.999985 -147.008072 180.000000 -179.999985 -158.027390 0.000000 -0.000000 0.000000 170.000000 -179.999985 -153.274765 179.999985 179.999985 -153.274750 0.000003 -0.000023 17.799017 0.000000 -0.000000 0.000000 160.000046 -179.999985 -159.617828 0.000042 0.000031 30.573286 0.000008 0.000016 20.361803 175.795746 -179.655380 178.837158 173.237839 -171.787857 103.064232 178.318604 179.948181 179.841858 8.159091 0.930515 1.621133 129.622238 122.380035 154.818939 0.000021 -0.000003 -12.343344 0.000016 -0.000002 -8.220670 0.000000 -0.000000 0.000000 165.000015 -179.999985 150.734818 180.000000 179.999985 156.055771 180.000000 179.999985 163.239029 0.000000 -0.000000 0.000000 0.000002 -0.000007 -31.784180 179.999985 -179.999985 148.215836 0.000010 0.000003 -21.168261 0.000000 -0.000000 0.000000 10.000004 -0.000019 -30.753384 0.000005 -0.000006 -30.753382 179.999985 -179.999985 159.518250 0.000000 -0.000000 0.000000 20.000002 -0.000028 -25.226320 180.000000 -179.999969 142.160477 179.999985 -179.999985 154.798935
-2.138757 99.320160 7.484469 85.296631 -172.840225 165.905655 41.471504 -63.065521 -34.585861 29.831261 120.619339 48.645435 10.738153 -17.547739 10.204727 6.120348 2.696768 12.414495 9.937167 12.436848 1.073676 173.326859 -171.949677 179.358734 0.836403 6.493289 -0.180782 0.836196 6.371138 -0.366158 3.998713 4.651158 -0.053683 179.999985 177.855026 -178.323883 0.000015 2.502466 1.735970 166.589905 177.975571 -179.430527 5.419683 0.402690 0.221832 14.584638 -7.099414 78.833351 176.191620 -179.622620 -179.624466 171.867447 175.807037 174.584564 35.845383 45.608482 17.378853 179.999954 179.999924 -162.409927 179.999954 179.999969 -168.285019 0.000003 -0.000000 0.000000 15.000021 0.000013 31.559883 0.000000 -0.000000 25.821737 0.000006 -0.000005 18.075205 0.000003 -0.000000 0.000000 0.000053 -0.000003 32.947701 0.000028 0.000024 32.947701 0.000011 0.000040 21.943180 0.000003 -0.000000 0.000000 170.000000 179.999985 -153.288315 179.999985 -179.999985 -153.288300 0.000002 0.000001 17.789993 0.000003 -0.000000 0.000000 160.000015 179.999985 -159.594696 0.000013 -0.000004 30.607939 0.000009 0.000009 20.384888 175.825851 -179.637756 178.819946 173.240234 -171.798859 102.912354 178.232407 179.968094 179.769028 8.368911 1.036886 1.749147 129.656036 122.388550 154.790848 0.000017 -0.000002 -12.376043 0.000010 0.000001 -8.242456 0.000002 -0.000005 -0.000000 165.000000 179.999863 150.790863 0.000046 0.000094 -23.898397 0.000069 0.000045 -16.728889 0.000002 -0.000005 -0.000000 0.000006 -0.000009 -31.786201 179.999985 -179.999985 148.213776 180.000000 -179.999985 158.830383 0.000002 -0.000005 -0.000000 9.999997 -0.000024 -30.748648 180.000000 -179.999985 149.251373 179.999985 -179.999985 159.521393 0.000002 -0.000005 -0.000000 19.999998 -0.000023 -25.213043 0.000008 -0.000024 -37.819553 179.999985 -179.999985 154.812149
-2.253438 99.345650 7.535826 85.427544 -172.735855 165.751816 42.508198 -64.419502 -36.512119 29.568872 120.643967 47.809914 10.882516 -17.193098 10.377754 6.022147 2.846605 12.503270 10.097651 12.471527 1.172125 173.195053 -171.882294 179.359955 0.839412 6.537007 -0.135462 0.839192 6.413588 -0.291305 3.998894 4.672406 0.047361 0.000012 2.194711 1.680275 0.000000 2.560494 1.740288 166.644180 177.934097 -179.435669 5.448359 0.403416 0.216500 14.660723 -7.103665 78.860832 176.113190 -179.540054 -179.665161 171.831131 175.799591 174.617767 35.939465 45.606468 17.344515 179.999969 179.999924 -162.467285 179.999969 179.999954 -168.323196 0.000000 0.000002 0.000000 14.999995 0.000006 31.564722 180.000000 179.999985 -154.174316 180.000000 -179.999985 -161.922043 0.000000 0.000002 0.000000 0.000004 0.000004 33.020741 179.999985 179.999985 -146.979248 0.000001 -0.000014 21.991810 0.000000 0.000002 0.000000 170.000000 179.999985 -153.287170 179.999985 179.999985 -153.287201 179.999985 179.999985 -162.209274 0.000000 0.000002 0.000000 160.000000 -179.999985 -159.574097 179.999985 179.999985 -149.361115 180.000000 -179.999985 -159.594482 175.853424 -179.625961 178.803452 173.243332 -171.807205 102.755562 178.141083 179.999268 179.690414 8.605710 1.150097 1.878949 129.663925 122.399529 154.756561 0.000020 0.000007 -12.398996 0.000007 -0.000005 -8.257737 0.000000 -0.000000 0.000000 165.000000 179.999985 150.668884 180.000000 179.999985 156.001846 0.000010 0.000005 -16.798706 0.000000 -0.000000 0.000000 180.000000 -179.999985 148.220184 0.000002 -0.000006 -31.779829 0.000000 -0.000002 -21.165363 0.000000 -0.000000 0.000000 10.000007 -0.000018 -30.742189 180.000000 -179.999985 149.257797 180.000000 -179.999985 159.525711 0.000000 -0.000000 0.000000 20.000002 -0.000010 -25.202236 180.000000 -179.999969 142.196640 179.999985 -179.999985 154.822937
-2.365282 99.372314 7.582859 85.576576 -172.650909 165.605225 43.712444 -65.845375 -38.501621 29.770760 120.610359 47.460445 11.058167 -16.599419 10.508846 6.059964 2.918087 12.647941 10.222115 12.543889 1.229204 172.913483 -171.816910 179.335754 0.838576 6.574533 -0.089071 0.838383 6.449950 -0.214294 3.980298 4.688952 0.148840 0.000016 2.242699 1.686768 0.000020 2.616478 1.747007 166.691010 177.893677 -179.439301 5.460131 0.410034 0.201845 14.710256 -7.108524 78.872200 176.064346 -179.477997 -179.670441 171.844711 175.749100 174.662460 35.939312 45.602947 17.214659 179.999985 179.999924 -162.531616 179.999985 179.999954 -168.366058 0.000003 -0.000000 0.000000 15.000008 -0.000001 31.547571 0.000004 0.000001 25.811657 0.000002 -0.000006 18.068132 0.000003 -0.000000 0.000000 179.999985 180.000000 -146.989166 0.000005 -0.000007 33.010868 180.000000 -179.999985 -158.014771 0.000003 -0.000000 0.000000 170.000000 179.999985 -153.302521 0.000003 -0.000017 26.697453 0.000012 -0.000009 17.780506 0.000003 -0.000000 0.000000 160.000000 180.000000 -159.584488 179.999985 179.999985 -149.376709 179.999985 -179.999985 -159.604889 175.875809 -179.624680 178.786362 173.248291 -171.814865 102.598167 177.984573 -179.870407 179.482727 8.927365 1.344806 2.144013 129.669098 122.418655 154.713013 0.000004 -0.000001 -12.426527 0.000007 0.000004 -8.276069 0.000000 -0.000000 0.000000 165.000000 -179.999985 150.664307 180.000000 -179.999985 155.998062 179.999985 -179.999985 163.198639 0.000000 -0.000000 0.000000 0.000006 -0.000014 -31.780029 179.999985 -179.999985 148.219940 180.000000 -179.999985 158.834503 0.000000 -0.000000 0.000000 10.000022 -0.000035 -30.733232 179.999985 -179.999954 149.266785 179.999985 -179.999985 159.531677 0.000000 -0.000000 0.000000 20.000008 -0.000047 -25.195213 180.000000 -179.999954 142.207184 179.999969 -179.999985 154.829987
-2.475558 99.402641 7.622475 85.747246 -172.583359 165.467941 45.026001 -67.202438 -40.571903 29.494629 120.639404 46.623531 11.114412 -16.324850 10.710349 6.194977 2.940270 12.820106 10.246522 12.627240 1.249434 172.594940 -171.759567 179.313400 0.833803 6.607800 -0.042296 0.833588 6.482111 -0.136301 3.942646 4.702419 0.249297 0.000029 2.286477 1.695010 0.000024 2.667550 1.755538 166.738419 177.856552 -179.440994 5.516031 0.406872 0.201884 14.710859 -7.102017 78.867897 176.040863 -179.417953 -179.668579 171.865204 175.713501 174.705978 35.938713 45.580837 17.105072 179.999985 179.999908 -162.581894 179.999985 179.999954 -168.399551 0.000000 -0.000000 0.000002 14.999991 -0.000012 31.552526 180.000000 179.999985 -154.184311 180.000000 179.999985 -161.929001 0.000000 -0.000000 0.000002 180.000000 -179.999985 -146.990860 180.000000 179.999985 -146.990875 180.000000 -180.000000 -158.015915 0.000000 -0.000000 0.000002 170.000046 -179.999908 -153.342575 0.000082 -0.000062 26.657400 0.000066 0.000003 17.753853 0.000000 -0.000000 0.000002 160.000000 179.999985 -159.591019 179.999985 179.999985 -149.386536 179.999985 179.999985 -159.611420 175.893524 -179.628326 178.768250 173.253937 -171.827194 102.432198 177.964676 -179.957718 179.577240 9.116719 1.367206 2.076501 129.652069 122.422958 154.664780 180.000000 179.999985 167.557312 0.000001 0.000004 -8.286843 180.000000 180.000000 180.000000 165.000015 -179.999985 150.669983 179.999985 -179.999985 156.002716 179.999985 -179.999985 163.201889 180.000000 180.000000 180.000000 0.000008 -0.000028 -31.771717 179.999985 -179.999985 148.228256 179.999985 -179.999985 158.840042 180.000000 180.000000 180.000000 10.000011 -0.000045 -30.719305 0.000001 -0.000042 -30.719301 179.999985 -179.999985 159.540955 180.000000 180.000000 180.000000 20.000008 -0.000043 -25.179686 180.000000 -179.999924 142.230438 179.999969 -179.999969 154.845490
-2.587213 99.434334 7.651685 85.942833 -172.504684 165.340500 46.201889 -68.290375 -42.430351 29.536579 120.451492 46.240410 11.164893 -16.027950 10.921183 6.432525 2.940932 13.023869 10.107020 12.722998 1.221018 172.300659 -171.711090 179.309357 0.825599 6.647448 0.003969 0.825422 6.520542 -0.058916 3.889142 4.720678 0.347599 0.000045 2.325552 1.707054 0.000010 2.713152 1.768018 166.779800 177.822800 -179.439682 5.539360 0.411015 0.186940 14.740420 -7.112677 78.875534 176.040085 -179.357407 -179.660324 171.891418 175.686615 174.746704 35.948551 45.570518 16.987301 179.999985 179.999924 -162.643112 179.999985 179.999954 -168.440338 0.000000 -0.000000 0.000000 15.000004 -0.000006 31.554920 0.000004 -0.000006 25.817652 0.000003 -0.000005 18.072367 0.000000 -0.000000 0.000000 0.000000 -0.000000 33.006340 179.999985 179.999985 -146.993683 180.000000 179.999985 -158.017776 0.000000 -0.000000 0.000000 170.000015 -179.999969 -153.232086 0.000015 -0.000009 26.767935 0.000024 -0.000004 17.827417 0.000000 -0.000000 0.000000 160.000000 -179.999985 -159.598557 180.000000 -179.999985 -149.397827 0.000003 -0.000001 20.381058 175.908691 -179.635193 178.753662 173.209808 -171.851440 102.298576 177.940460 -179.990005 179.640503 9.319777 1.405658 2.008749 129.625656 122.411568 154.612106 180.000000 -179.999985 167.546173 180.000000 -179.999985 171.705750 180.000000 180.000000 -180.000000 165.000015 -179.999954 150.684845 179.999985 -179.999969 156.014862 179.999985 -179.999985 163.210403 180.000000 180.000000 -180.000000 0.000022 -0.000047 -31.758474 179.999985 -179.999954 148.241531 179.999985 -179.999985 158.848862 180.000000 180.000000 -180.000000 10.000024 -0.000062 -30.696770 180.000000 -179.999939 149.303238 179.999985 -179.999985 159.555954 180.000000 180.000000 -180.000000 20.000032 -0.000058 -25.157196 179.999985 -179.999893 142.264206 179.999985 -179.999969 154.867935
-2.703954 99.459694 7.668731 86.162437 -172.407974 165.223999 48.524460 -69.770180 -45.630623 28.812059 120.608276 44.925037 11.229709 -15.736251 11.122564 6.773938 2.942757 13.240913 9.750113 12.818788 1.156305 172.092789 -171.661377 179.330170 0.814397 6.696834 0.048805 0.814203 6.568544 0.016233 3.821655 4.746392 0.442038 0.000030 2.360484 1.722712 0.000024 2.753900 1.784236 166.815643 177.791992 -179.435593 5.563370 0.417666 0.177961 14.749056 -7.131786 78.886436 176.059586 -179.308167 -179.649506 171.933350 175.667404 174.782364 35.943668 45.569458 16.863825 179.999985 179.999939 -162.702713 179.999985 179.999969 -168.480026 0.000000 0.000003 0.000000 15.000004 0.000007 31.553482 0.000008 -0.000005 25.816475 180.000000 -180.000000 -161.928452 0.000000 0.000003 0.000000 180.000000 -179.999985 -146.997696 180.000000 179.999985 -146.997681 0.000009 -0.000007 21.979532 0.000000 0.000003 0.000000 170.000015 -179.999969 -153.213669 0.000025 -0.000020 26.786314 0.000016 0.000001 17.839687 0.000000 0.000003 0.000000 160.000000 -180.000000 -159.602158 0.000003 -0.000001 30.596741 0.000007 0.000009 20.377441 175.925537 -179.643524 178.745071 173.146057 -171.880661 102.165482 177.760666 179.964005 179.726883 9.682924 1.451327 1.916975 129.527054 122.357536 154.480515 179.999985 -179.999985 167.539124 180.000000 -179.999985 171.701050 0.000000 -0.000000 0.000000 165.000000 -179.999985 150.709381 0.000002 -0.000010 -23.965044 179.999985 -179.999985 163.224472 0.000000 -0.000000 0.000000 0.000013 -0.000027 -31.730419 0.000002 -0.000019 -31.730423 179.999985 -179.999985 158.867554 0.000000 -0.000000 0.000000 10.000029 -0.000070 -30.672184 179.999985 -179.999924 149.327805 179.999985 -179.999969 159.572327 0.000000 -0.000000 0.000000 20.000027 -0.000057 -25.118172 180.000000 -179.999924 142.322723 179.999985 -179.999969 154.906967
-2.831570 99.484543 7.673213 86.390923 -172.287186 165.111359 50.799686 -70.750587 -48.459347 28.668571 120.564522 44.571903 11.281795 -15.456190 11.320144 7.152517 2.984858 13.453060 9.293931 12.892323 1.082103 171.952179 -171.612854 179.387558 0.803143 6.756730 0.092997 0.802917 6.626863 0.090249 3.753955 4.779935 0.535550 0.000035 2.389607 1.740918 0.000015 2.787887 1.803092 166.844681 177.765671 -179.429062 5.586773 0.424962 0.173422 14.737081 -7.151137 78.898277 176.101837 -179.265915 -179.632706 172.001297 175.644577 174.825790 35.903622 45.556465 16.730429 179.999985 179.999954 -162.749786 179.999985 179.999969 -168.511368 0.000000 -0.000000 0.000000 14.999995 -0.000013 31.550859 0.000002 0.000008 25.814342 0.000009 -0.000012 18.070038 0.000000 -0.000000 0.000000 179.999985 179.999985 -146.997894 0.000013 -0.000006 33.002079 0.000003 -0.000004 21.979382 0.000000 -0.000000 0.000000 170.000000 -179.999985 -153.188477 0.000023 -0.000023 26.811514 0.000029 -0.000017 17.856472 0.000000 -0.000000 0.000000 160.000015 -179.999985 -159.601791 0.000021 -0.000020 30.597321 0.000015 -0.000013 20.377798 175.941162 -179.653503 178.741058 173.071487 -171.912430 102.032791 178.024353 -179.971695 179.725601 9.599894 1.561930 1.929458 129.653732 122.447914 154.658997 0.000005 -0.000001 -12.450418 0.000007 -0.000005 -8.291999 0.000002 -0.000002 0.000005 165.000015 -179.999969 150.717926 180.000000 -179.999969 156.041946 179.999985 -179.999985 163.229355 0.000002 -0.000002 0.000005 0.000018 -0.000045 -31.716927 180.000000 -179.999969 148.283066 179.999985 -179.999985 158.876511 0.000002 -0.000002 0.000005 10.000021 -0.000074 -30.621794 179.999985 -179.999939 149.378235 179.999985 -179.999969 159.605881 0.000002 -0.000002 0.000005 20.000027 -0.000058 -25.089201 0.000004 -0.000096 -37.633793 179.999954 -179.999939 154.935867
-2.972078 99.511101 7.671002 86.625099 -172.144440 165.006668 53.204342 -71.493050 -51.369858 28.579411 120.413940 44.440098 11.328268 -15.202775 11.496529 7.583518 3.070785 13.637077 8.747342 12.925903 1.025318 171.863785 -171.568054 179.490143 0.791882 6.827168 0.135678 0.791659 6.695536 0.161644 3.686598 4.821505 0.626241 0.000013 2.412151 1.759948 0.000011 2.814177 1.822808 166.870056 177.744720 -179.420929 5.614113 0.430855 0.167847 14.715672 -7.174149 78.913826 176.164658 -179.232040 -179.613327 172.044540 175.658524 174.850159 35.918587 45.560444 16.649775 179.999985 179.999954 -162.797516 179.999985 179.999969 -168.543137 0.000000 -0.000000 0.000002 15.000004 -0.000009 31.564127 180.000000 -179.999985 -154.174820 0.000001 0.000007 18.077637 0.000000 -0.000000 0.000002 180.000000 179.999985 -146.988998 180.000000 179.999985 -146.988998 0.000003 -0.000001 21.985336 0.000000 -0.000000 0.000002 170.000000 -179.999985 -153.151306 0.000008 -0.000009 26.848705 0.000011 0.000005 17.881247 0.000000 -0.000000 0.000002 160.000015 -179.999985 -159.583038 0.000011 -0.000024 30.625448 0.000011 -0.000005 20.396545 175.950104 -179.663422 178.735428 172.988678 -171.947983 101.910255 178.281143 -179.892792 179.717651 9.504148 1.685951 1.954696 129.585251 122.393684 154.604553 0.000017 0.000000 -12.434142 0.000010 -0.000001 -8.281122 180.000000 -180.000000 -179.999985 165.000015 -179.999969 150.753006 0.000002 -0.000026 -23.929359 179.999985 -179.999985 163.249451 180.000000 -180.000000 -179.999985 0.000021 -0.000023 -31.678288 179.999985 -179.999954 148.321686 179.999985 -179.999985 158.902267 180.000000 -180.000000 -179.999985 10.000019 -0.000049 -30.562452 0.000007 -0.000053 -30.562450 179.999985 -179.999969 159.645401 180.000000 -180.000000 -179.999985 20.000034 -0.000043 -25.034885 180.000000 -179.999893 142.447662 179.999985 -179.999954 154.990128
-3.126508 99.536674 7.667398 86.862526 -171.983337 164.910812 55.776047 -72.082108 -54.318687 28.665184 120.274658 44.612495 11.387045 -14.969417 11.636760 8.060576 3.199549 13.786325 8.145597 12.912781 0.994181 171.807480 -171.531128 179.639786 0.780681 6.904787 0.176893 0.780446 6.771276 0.230528 3.619659 4.868694 0.714016 0.000011 2.430332 1.776026 0.000009 2.835397 1.839462 166.882431 177.727600 -179.414246 5.644962 0.439207 0.166231 14.692863 -7.195323 78.925667 176.243713 -179.191528 -179.585709 172.090714 175.655182 174.866913 35.950569 45.618118 16.582195 179.999985 179.999969 -162.856750 179.999985 179.999985 -168.582596 0.000000 -0.000000 0.000000 15.000012 0.000012 31.569803 180.000000 180.000000 -154.170181 0.000010 -0.000003 18.080870 0.000000 -0.000000 0.000000 179.999985 179.999985 -146.998535 180.000000 179.999985 -146.998550 0.000003 -0.000004 21.978964 0.000000 -0.000000 0.000000 170.000000 -179.999985 -153.136047 0.000005 -0.000007 26.863955 180.000000 -179.999985 -162.108612 0.000000 -0.000000 0.000000 160.000000 -180.000000 -159.569016 0.000005 -0.000008 30.646482 0.000013 -0.000006 20.410545 175.983765 -179.680542 178.768021 172.878372 -171.981125 101.758415 178.502808 -179.794754 179.695801 9.478028 1.881831 2.017913 129.460556 122.347908 154.553818 0.000007 -0.000004 -12.388662 0.000007 -0.000005 -8.250846 0.000000 -0.000002 0.000000 165.000015 -179.999985 150.788620 180.000000 -179.999985 156.099762 0.000002 -0.000014 -16.730167 0.000000 -0.000002 0.000000 0.000004 -0.000020 -31.646852 0.000006 -0.000021 -31.646845 180.000000 -179.999985 158.923187 0.000000 -0.000002 0.000000 10.000010 -0.000023 -30.512518 179.999985 -179.999969 149.487457 179.999985 -179.999985 159.678650 0.000000 -0.000002 0.000000 20.000023 -0.000050 -24.989626 0.000005 -0.000079 -37.484463 179.999985 -179.999954 155.035355
-3.292994 99.559631 7.664639 87.095024 -171.817383 164.826462 58.541332 -72.538536 -57.347820 28.937654 120.048210 45.093079 11.395414 -14.601588 11.723209 8.582132 3.363633 13.894807 7.449833 12.851032 0.979555 171.828110 -171.499557 179.842819 0.770353 6.983331 0.216341 0.770146 6.847954 0.296402 3.557244 4.917050 0.798320 0.000028 2.450346 1.799217 0.000013 2.858739 1.863484 166.916046 177.708405 -179.402756 5.676826 0.448692 0.163897 14.669694 -7.213004 78.937607 176.335861 -179.144653 -179.547852 172.133362 175.639511 174.874985 35.964024 45.651073 16.536547 179.999985 179.999985 -162.892044 179.999985 179.999985 -168.606110 0.000000 -0.000000 0.000000 14.999995 0.000004 31.569811 0.000010 -0.000002 25.829821 180.000000 -179.999985 -161.919128 0.000000 -0.000000 0.000000 180.000000 179.999985 -147.005920 180.000000 179.999985 -147.005905 179.999985 180.000000 -158.025940 0.000000 -0.000000 0.000000 170.000015 -179.999985 -153.122620 0.000010 -0.000008 26.877394 0.000004 0.000003 17.900333 0.000000 -0.000000 0.000000 160.000015 -179.999985 -159.555389 0.000006 -0.000005 30.666893 180.000000 -179.999985 -159.575836 176.016144 -179.699402 178.803986 172.757111 -172.023315 101.611938 178.826920 -179.726318 179.681946 9.286545 2.015492 2.065206 129.435974 122.333031 154.570084 0.000006 -0.000005 -12.365573 0.000004 -0.000005 -8.235476 0.000000 -0.000000 0.000000 165.000015 -179.999985 150.811523 0.000005 -0.000008 -23.881506 0.000001 -0.000005 -16.717045 0.000000 -0.000000 0.000000 0.000014 -0.000012 -31.617397 180.000000 -179.999985 148.382614 180.000000 -179.999985 158.942825 0.000000 -0.000000 0.000000 10.000016 -0.000022 -30.468245 0.000000 -0.000014 -30.468227 180.000000 -179.999985 159.708160 0.000000 -0.000000 0.000000 20.000010 -0.000016 -24.908033 0.000009 -0.000026 -37.362049 179.999985 -179.999985 155.116867
-3.468465 99.582039 7.665030 87.319603 -171.653030 164.756546 61.228779 -72.869377 -60.238560 28.861921 120.076393 45.201866 11.495742 -14.919354 11.884194 9.133601 3.541431 13.972707 6.707906 12.753336 0.974123 171.890396 -171.477554 -179.905365 0.761281 7.059525 0.254802 0.761058 6.922359 0.360566 3.500623 4.964041 0.880811 0.000026 2.470217 1.816793 0.000034 2.881918 1.881677 166.944687 177.689957 -179.394775 5.707161 0.460022 0.157294 14.652506 -7.229340 78.945953 176.441147 -179.098358 -179.500793 172.161148 175.614838 174.877426 35.978176 45.686127 16.492693 180.000000 179.999985 -162.927170 179.999985 179.999985 -168.629486 0.000000 -0.000000 0.000000 15.000004 -0.000006 31.571829 0.000003 -0.000008 25.831501 180.000000 -179.999985 -161.917953 0.000000 -0.000000 0.000000 0.000008 0.000001 32.986038 180.000000 -180.000000 -147.013962 180.000000 -179.999985 -158.031296 0.000000 -0.000000 0.000000 170.000000 -179.999985 -153.107468 0.000004 -0.000006 26.892515 0.000003 -0.000001 17.910421 0.000000 -0.000000 0.000000 160.000000 -180.000000 -159.550751 0.000006 0.000002 30.673868 0.000001 -0.000004 20.428787 176.046570 -179.715118 178.835220 172.625351 -172.079315 101.476151 179.191406 -179.631485 179.638229 9.030903 2.160662 2.143362 129.388367 122.299690 154.568970 0.000003 0.000002 -12.336504 0.000002 0.000000 -8.216112 0.000000 -0.000000 0.000000 165.000000 -180.000000 150.839127 180.000000 -179.999985 156.141113 0.000004 -0.000002 -16.701214 0.000000 -0.000000 0.000000 0.000009 -0.000013 -31.592186 180.000000 -179.999985 148.407806 180.000000 -179.999985 158.959625 0.000000 -0.000000 0.000000 10.000001 0.000001 -30.434763 180.000000 -179.999985 149.565231 0.000004 -0.000001 -20.269560 0.000000 -0.000000 0.000000 20.000008 -0.000010 -24.865906 180.000000 -179.999985 142.701141 0.000002 -0.000008 -24.841043
-3.646432 99.602005 7.671515 87.534424 -171.493332 164.708252 63.613232 -73.104836 -62.778023 29.398064 119.671295 46.008686 11.511935 -14.782105 11.956947 9.661956 3.734048 14.021562 5.919070 12.635270 0.948643 172.039185 -171.462891 -179.618057 0.748859 7.133546 0.282837 0.748630 6.994708 0.407663 3.431859 5.012044 0.939195 0.000020 2.489470 1.841305 0.000018 2.904380 1.907068 166.996384 177.671463 -179.381546 5.764488 0.463251 0.183917 14.633812 -7.246244 78.954750 176.502411 -179.041412 -179.493164 172.230194 175.556686 174.912109 35.996265 45.709270 16.454731 180.000000 179.999985 -162.958649 180.000000 179.999985 -168.650452 180.000000 -180.000000 180.000000 14.999989 -0.000006 31.575882 0.000002 0.000008 25.834816 0.000006 -0.000005 18.084364 180.000000 -180.000000 180.000000 179.999985 180.000000 -147.020172 180.000000 179.999985 -147.020172 179.999985 179.999985 -158.035446 180.000000 -180.000000 180.000000 170.000000 -179.999985 -153.092453 0.000003 -0.000002 26.907543 180.000000 -180.000000 -162.079575 180.000000 -180.000000 180.000000 160.000000 -179.999985 -159.542419 0.000003 -0.000001 30.686373 0.000010 -0.000002 20.437132 176.104507 -179.722931 178.898193 172.481262 -172.150803 101.350784 179.245117 -179.631790 179.667725 9.058399 2.238606 2.137066 129.390472 122.311165 154.617432 0.000005 0.000001 -12.315090 0.000000 -0.000002 -8.201859 0.000000 -0.000002 -0.000005 165.000015 180.000000 150.852463 0.000004 -0.000002 -23.847982 180.000000 -179.999985 163.306412 0.000000 -0.000002 -0.000005 180.000000 -179.999985 148.446899 0.000006 0.000003 -31.553114 179.999985 -179.999985 158.985641 0.000000 -0.000002 -0.000005 10.000002 -0.000012 -30.416916 180.000000 -179.999985 149.583084 0.000001 -0.000005 -20.257660 0.000000 -0.000002 -0.000005 20.000002 -0.000009 -24.839998 0.000006 -0.000007 -37.259995 180.000000 -179.999985 155.184860
-3.830024 99.621803 7.676719 87.752686 -171.322052 164.659088 66.056953 -73.312263 -65.386772 29.592028 119.436966 46.396332 11.517035 -14.851816 12.049286 10.288890 3.951325 14.081394 4.899240 12.455349 0.885530 172.331223 -171.465698 -179.287918 0.742372 7.209438 0.323200 0.742135 7.068763 0.474745 3.386451 5.058347 1.026629 0.000010 2.513673 1.851769 180.000000 177.067383 -178.082108 167.025070 177.650116 -179.378693 5.784024 0.480570 0.156749 14.635098 -7.278131 78.985321 176.556503 -178.964264 -179.491135 172.283051 175.489471 174.937531 35.993088 45.697510 16.422228 179.999924 179.999832 -162.971237 179.999908 179.999908 -168.658875 0.000002 -0.000000 0.000002 14.999990 0.000056 31.603453 179.999969 179.999985 -154.142624 179.999969 179.999985 -161.899857 0.000002 -0.000000 0.000002 179.999969 179.999908 -147.014282 179.999908 179.999939 -147.014252 179.999939 -179.999985 -158.031494 0.000002 -0.000000 0.000002 170.000000 179.999985 -153.066116 179.999985 179.999985 -153.066116 179.999985 179.999985 -162.061996 0.000002 -0.000000 0.000002 160.000229 -179.999680 -159.613434 0.000468 -0.000326 30.579853 0.000383 -0.000048 20.366180 176.125443 -179.732635 178.910248 172.318741 -172.235672 101.226494 179.326141 -179.640472 179.672623 9.019304 2.270349 2.143364 129.259445 122.329865 154.595535 179.999985 179.999908 167.737961 0.000006 0.000065 -8.166517 0.000002 0.000003 0.000000 165.000015 179.999985 150.862991 0.000000 -0.000017 -23.839361 0.000017 -0.000000 -16.687565 0.000002 0.000003 0.000000 0.000018 -0.000018 -31.536741 0.000006 -0.000023 -31.536753 0.000009 -0.000011 -21.003498 0.000002 0.000003 0.000000 10.000007 -0.000003 -30.401009 179.999985 -179.999985 149.599030 0.000017 0.000001 -20.247070 0.000002 0.000003 0.000000 19.999996 -0.000006 -24.813498 0.000010 -0.000018 -37.220272 179.999985 -179.999985 155.211288
-4.015137 99.629799 7.695904 87.922577 -171.173492 164.651962 68.163948 -73.429756 -67.550842 29.969723 119.021278 47.033794 11.482363 -14.968607 12.191140 10.628163 4.183194 14.106489 4.127412 12.366113 0.767190 172.685303 -171.414459 -178.994232 0.736746 7.274173 0.351936 0.736523 7.132018 0.522548 3.349029 5.099162 1.088963 180.000000 177.468948 -178.149673 0.000021 2.952888 1.916406 167.038315 177.635925 -179.382233 5.827766 0.492773 0.162638 14.569864 -7.272018 78.949989 176.680679 -178.989929 -179.437561 172.309143 175.441147 174.959503 36.031338 45.771484 16.361372 179.999985 179.999924 -163.032990 179.999985 179.999969 -168.699997 0.000000 -0.000000 0.000000 14.999991 0.000032 31.579264 179.999985 179.999985 -154.162445 179.999985 -180.000000 -161.913712 0.000000 -0.000000 0.000000 179.999985 179.999924 -147.046890 179.999954 179.999969 -147.046921 179.999969 180.000000 -158.053223 0.000000 -0.000000 0.000000 170.000000 -179.999985 -153.079819 0.000005 0.000000 26.920160 180.000000 -179.999985 -162.071167 0.000000 -0.000000 0.000000 159.999985 179.999954 -159.430222 179.999954 179.999969 -149.145355 179.999954 179.999985 -159.450775 176.148773 -179.730911 178.909790 172.183304 -172.333054 101.152428 179.321091 -179.601227 179.676422 9.056139 2.347123 2.149914 129.529724 122.294662 154.703995 180.000000 -179.999985 167.659836 180.000000 -179.999985 171.781448 0.000000 -0.000000 0.000000 165.000000 -179.999969 150.868805 179.999985 -179.999985 156.165405 179.999985 -179.999985 163.315765 0.000000 -0.000000 0.000000 180.000000 -179.999985 148.482162 180.000000 -179.999985 148.482162 179.999985 -179.999985 159.009109 0.000000 -0.000000 0.000000 9.999999 -0.000007 -30.387440 180.000000 -179.999985 149.612610 179.999985 -179.999985 159.761963 0.000000 -0.000000 0.000000 20.000008 -0.000015 -24.801813 0.000003 -0.000010 -37.202702 179.999985 -179.999985 155.223007
-4.192703 99.630173 7.723230 88.043610 -171.053986 164.641037 70.138908 -73.533730 -69.523941 31.538494 117.846962 49.036957 11.195107 -13.743650 12.182112 10.786840 4.401564 14.127654 3.633040 12.347620 0.649441 172.971146 -171.325363 -178.738586 0.734705 7.326239 0.378155 0.734440 7.182879 0.565943 3.329291 5.131046 1.146842 0.000012 2.545013 1.854921 179.999985 177.030807 -178.078842 167.069931 177.624039 -179.380753 5.888600 0.499143 0.189178 14.547335 -7.294517 78.922279 176.731369 -178.973953 -179.437027 172.369400 175.397995 175.010376 35.982517 45.754528 16.282663 179.999985 179.999924 -163.048050 179.999985 179.999954 -168.709991 180.000000 180.000000 179.999985 14.999999 0.000056 31.577389 179.999985 179.999969 -154.163971 179.999985 179.999985 -161.914780 180.000000 180.000000 179.999985 179.999985 179.999954 -147.064117 179.999954 179.999969 -147.064133 179.999939 179.999985 -158.064697 180.000000 180.000000 179.999985 170.000000 -179.999985 -153.076309 0.000007 -0.000002 26.923710 0.000003 -0.000001 17.931173 180.000000 180.000000 179.999985 159.999985 179.999939 -159.434128 179.999924 179.999939 -149.151184 179.999924 179.999985 -159.454681 176.191559 -179.724503 178.920517 172.054596 -172.428299 101.087517 179.369766 -179.597153 179.697235 9.007250 2.377943 2.119859 129.642212 122.329880 154.842392 0.000001 -0.000014 -12.333771 0.000000 -0.000003 -8.214288 0.000000 -0.000000 0.000005 165.000015 -179.999985 150.879364 0.000005 0.000011 -23.825983 180.000000 179.999985 163.321808 0.000000 -0.000000 0.000005 0.000005 -0.000004 -31.503605 0.000003 0.000003 -31.503626 0.000010 0.000004 -20.981382 0.000000 -0.000000 0.000005 10.000017 0.000013 -30.378519 0.000009 0.000006 -30.378483 0.000009 0.000009 -20.232094 0.000000 -0.000000 0.000005 20.000011 -0.000019 -24.782837 0.000003 0.000014 -37.174267 179.999985 -179.999985 155.241928
-4.362858 99.619308 7.759150 88.183701 -170.943542 164.697556 72.376091 -73.563148 -71.675507 32.528641 117.246346 50.383499 10.986952 -13.170631 12.306802 10.677814 4.648068 14.065401 3.493964 12.400960 0.556559 173.131363 -171.204971 -178.533920 0.735030 7.375169 0.411385 0.734782 7.230578 0.620865 3.318085 5.159242 1.220710 179.999985 177.441208 -178.168137 0.000002 2.985242 1.897295 167.034424 177.615036 -179.398560 5.889687 0.529952 0.136390 14.533037 -7.323898 78.866425 176.858658 -178.979813 -179.355194 172.339722 175.405716 174.986069 35.953293 45.775139 16.181904 179.999985 179.999969 -163.090073 179.999985 179.999985 -168.737976 0.000000 0.000003 0.000000 14.999995 0.000029 31.551882 179.999985 179.999985 -154.184830 179.999985 179.999985 -161.929382 0.000000 0.000003 0.000000 0.000000 0.000043 32.906040 179.999985 179.999985 -147.093964 179.999985 179.999985 -158.084595 0.000000 0.000003 0.000000 170.000000 179.999985 -153.078506 0.000013 -0.000028 26.921480 0.000012 -0.000009 17.929699 0.000000 0.000003 0.000000 159.999985 179.999939 -159.457687 179.999954 179.999954 -149.186569 179.999969 179.999985 -159.478241 176.178558 -179.721054 178.840210 171.952057 -172.513580 101.026283 179.360153 -179.590622 179.691315 9.041960 2.404854 2.139179 129.664917 122.367210 154.897141 180.000000 -179.999985 167.676178 0.000000 -0.000005 -8.207677 180.000000 -180.000000 -180.000000 165.000000 179.999985 150.884354 180.000000 179.999985 156.178131 0.000003 0.000004 -16.675314 180.000000 -180.000000 -180.000000 179.999985 179.999985 148.500168 180.000000 -179.999985 148.500153 0.000009 0.000006 -20.978903 180.000000 -180.000000 -180.000000 10.000001 0.000008 -30.383055 0.000003 0.000015 -30.383051 0.000004 -0.000001 -20.235115 180.000000 -180.000000 -180.000000 19.999987 0.000011 -24.779846 0.000012 0.000017 -37.169792 180.000000 -179.999985 155.244919
-4.515729 99.602928 7.806304 88.314194 -170.854767 164.787125 74.147804 -73.448463 -73.416962 33.422287 116.778732 51.644974 10.947234 -12.979383 12.482773 10.435799 4.822618 13.955908 3.607328 12.564377 0.497321 173.151764 -171.078842 -178.365494 0.723466 7.417559 0.415728 0.723201 7.272157 0.628768 3.261197 5.190053 1.226755 0.000004 2.570057 1.848033 180.000000 177.001587 -178.085953 167.081665 177.604126 -179.388992 5.943851 0.543978 0.167922 14.534491 -7.367358 78.816978 176.893082 -178.957855 -179.341385 172.403885 175.387283 175.008652 35.910633 45.810852 16.084246 0.000001 -0.000006 16.872303 0.000003 -0.000007 11.236947 0.000000 0.000003 0.000003 15.000009 0.000006 31.532701 0.000002 0.000007 25.799492 180.000000 179.999985 -161.940369 0.000000 0.000003 0.000003 0.000003 -0.000008 32.878365 180.000000 179.999985 -147.121613 0.000006 -0.000005 21.896986 0.000000 0.000003 0.000003 170.000015 -179.999969 -153.084793 0.000027 -0.000035 26.915205 0.000019 -0.000012 17.925529 0.000000 0.000003 0.000003 159.999985 179.999985 -159.490417 180.000000 179.999969 -149.235657 179.999985 179.999985 -159.510941 176.242432 -179.707291 178.867432 171.875336 -172.586655 100.956207 179.376602 -179.627090 179.696487 9.052223 2.392845 2.145236 129.699066 122.409775 154.961929 180.000000 -179.999985 167.684448 180.000000 -179.999985 171.797836 0.000002 0.000005 0.000000 165.000000 180.000000 150.882599 180.000000 179.999985 156.176682 0.000006 0.000004 -16.676331 0.000002 0.000005 0.000000 180.000000 179.999985 148.500977 0.000024 0.000017 -31.499020 180.000000 -179.999985 159.021652 0.000002 0.000005 0.000000 10.000001 0.000002 -30.387972 0.000013 0.000005 -30.387976 0.000013 0.000004 -20.238398 0.000002 0.000005 0.000000 20.000008 0.000006 -24.787611 0.000010 0.000012 -37.181416 179.999985 -179.999985 155.237167
-4.649008 99.580376 7.867446 88.440331 -170.785690 164.905853 75.673111 -73.553177 -74.788765 35.859711 115.828873 54.358418 10.748681 -12.167667 12.531167 10.054902 4.951973 13.786352 3.963658 12.768982 0.487300 173.057632 -170.981430 -178.223938 0.713496 7.452994 0.421562 0.713230 7.306873 0.639086 3.211500 5.215384 1.236373 179.999985 177.419662 -178.143219 179.999985 176.989594 -178.076904 167.105682 177.594788 -179.384598 6.007704 0.542067 0.216973 14.492494 -7.374995 78.714989 177.000992 -178.976791 -179.265076 172.389481 175.430542 174.960968 35.731106 45.784119 16.006880 0.000028 0.000085 16.916273 0.000000 0.000061 11.266230 180.000000 180.000000 -179.999985 15.000000 -0.000012 31.530493 180.000000 -179.999985 -154.202332 0.000006 -0.000005 18.058372 180.000000 180.000000 -179.999985 0.000000 -0.000018 32.874825 0.000004 -0.000017 32.874813 0.000007 0.000000 21.894619 180.000000 180.000000 -179.999985 170.000000 -179.999954 -153.067108 0.000026 -0.000045 26.932873 0.000029 -0.000015 17.937296 180.000000 180.000000 -179.999985 160.000000 179.999908 -159.467819 179.999954 179.999878 -149.201706 179.999939 179.999954 -159.488342 176.291138 -179.688156 178.864365 171.829697 -172.646683 100.881439 179.455078 -179.697678 179.734360 9.004374 2.369529 2.116520 129.697876 122.434799 154.966019 180.000000 -179.999985 167.683105 180.000000 -179.999985 171.796967 180.000000 -180.000000 -180.000000 165.000015 179.999985 150.878479 0.000007 0.000001 -23.826723 0.000000 0.000000 -16.678677 180.000000 -180.000000 -180.000000 0.000012 0.000021 -31.505968 180.000000 180.000000 148.493988 0.000014 0.000002 -20.982979 180.000000 -180.000000 -180.000000 10.000010 0.000015 -30.403515 0.000006 0.000003 -30.403505 0.000013 0.000004 -20.248753 180.000000 -180.000000 -180.000000 19.999987 0.000006 -24.793024 0.000012 0.000008 -37.189560 0.000021 0.000001 -24.768259
-4.762315 99.548935 7.943108 88.564194 -170.729858 165.059082 76.658028 -73.728401 -75.678810 38.216030 115.118591 56.764019 10.678063 -11.804649 12.603555 9.592494 5.023345 13.564096 4.387297 13.126558 0.437303 172.953278 -170.812943 -178.023788 0.706301 7.472702 0.430477 0.706031 7.326158 0.654404 3.173942 5.228617 1.253174 0.000002 2.599608 1.853887 0.000018 3.032879 1.920094 167.096008 177.578857 -179.390335 6.036050 0.569849 0.220502 14.492805 -7.416787 78.656639 176.983063 -178.916473 -179.279633 172.442978 175.472168 174.948639 35.757000 45.700081 15.813134 180.000000 -179.999985 -163.175400 0.000002 -0.000009 11.205176 0.000002 0.000000 -0.000003 15.000002 -0.000019 31.528915 0.000011 -0.000011 25.796364 0.000005 -0.000013 18.057465 0.000002 0.000000 -0.000003 0.000006 -0.000016 32.876663 0.000005 -0.000021 32.876667 0.000018 0.000002 21.895880 0.000002 0.000000 -0.000003 170.000000 -179.999969 -153.041000 0.000019 -0.000038 26.958994 0.000021 -0.000021 17.954672 0.000002 0.000000 -0.000003 160.000000 -179.999924 -159.586304 0.000037 -0.000109 30.620516 0.000055 -0.000062 20.393265 176.307892 -179.698135 178.825623 171.843277 -172.684189 100.785889 179.479187 -179.809143 179.736984 9.018278 2.344339 2.127234 129.682678 122.460632 154.971634 180.000000 -179.999985 167.689575 180.000000 -179.999985 171.801254 0.000002 -0.000002 -0.000000 165.000015 179.999985 150.870956 0.000012 0.000008 -23.832829 0.000003 0.000000 -16.682972 0.000002 -0.000002 -0.000000 0.000002 0.000000 -31.520401 0.000024 0.000015 -31.520411 179.999985 -179.999985 159.007416 0.000002 -0.000002 -0.000000 10.000003 -0.000005 -30.415747 0.000014 0.000000 -30.415762 0.000009 0.000005 -20.256899 0.000002 -0.000002 -0.000000 20.000006 -0.000003 -24.808483 0.000002 -0.000005 -37.212708 0.000004 -0.000004 -24.783676
-4.865796 99.505615 8.036576 88.691238 -170.675644 165.261551 77.228798 -73.995766 -76.137688 40.062981 114.823051 58.359459 10.737426 -12.056620 12.753577 9.083648 5.081642 13.279492 4.760298 13.521085 0.377103 172.933258 -170.628998 -177.827087 0.696205 7.487513 0.428704 0.695946 7.340744 0.652228 3.126998 5.240788 1.245432 0.000032 2.622057 1.854707 0.000049 3.059064 1.920938 167.087692 177.559875 -179.394333 6.059246 0.596912 0.219058 14.446959 -7.419984 78.587387 177.019745 -178.883301 -179.236618 172.467499 175.518738 174.891418 35.706425 45.696396 15.781207 179.999985 -179.999985 -163.168900 180.000000 -179.999985 -168.790482 0.000000 0.000003 0.000002 14.999959 -0.000097 31.498356 0.000014 -0.000100 25.771395 0.000040 -0.000054 18.039951 0.000000 0.000003 0.000002 180.000000 -179.999985 -147.109940 0.000012 -0.000032 32.890053 0.000010 -0.000018 21.904772 0.000000 0.000003 0.000002 170.000000 -179.999969 -153.015533 0.000005 -0.000038 26.984465 0.000021 -0.000022 17.971651 0.000000 0.000003 0.000002 160.000015 -179.999985 -159.504349 0.000005 -0.000015 30.743471 0.000014 -0.000016 20.475159 176.314346 -179.721909 178.801422 171.856796 -172.718735 100.681053 179.500671 -179.885818 179.737961 9.038013 2.334853 2.150343 129.613907 122.463951 154.959900 180.000000 -179.999969 167.718262 180.000000 -179.999985 171.820343 0.000000 -0.000000 0.000000 165.000015 179.999985 150.852127 0.000007 0.000002 -23.848263 0.000010 0.000002 -16.693771 0.000000 -0.000000 0.000000 0.000005 0.000007 -31.524485 0.000017 0.000003 -31.524467 0.000011 -0.000005 -20.995289 0.000000 -0.000000 0.000000 9.999993 -0.000001 -30.421440 0.000008 0.000009 -30.421423 180.000000 -179.999985 159.739334 0.000000 -0.000000 0.000000 19.999998 0.000004 -24.811264 0.000008 0.000010 -37.216908 0.000004 -0.000001 -24.786463
-4.959617 99.452339 8.145101 88.770088 -170.645554 165.457123 77.383621 -74.403297 -76.177498 42.729103 114.295303 60.692753 10.744972 -11.989721 12.820884 8.633809 5.005040 12.969020 5.056623 14.030384 0.345253 172.970718 -170.453079 -177.628479 0.692366 7.483682 0.426191 0.692133 7.337000 0.648415 3.110040 5.239017 1.238146 0.000056 2.650191 1.857939 0.000061 3.091883 1.924293 167.088211 177.535995 -179.397537 6.078846 0.623560 0.214723 14.402552 -7.436306 78.591797 177.022919 -178.844925 -179.251816 172.489380 175.581421 174.832932 35.682007 45.677540 15.818629 180.000000 -179.999985 -163.135864 0.000000 -0.000005 11.231498 0.000000 -0.000002 0.000000 14.999980 -0.000043 31.624422 0.000002 -0.000043 25.874527 0.000023 -0.000030 18.112162 0.000000 -0.000002 0.000000 179.999985 -179.999969 -147.088348 0.000005 -0.000032 32.911636 0.000007 -0.000015 21.919149 0.000000 -0.000002 0.000000 170.000000 -179.999969 -152.977585 0.000004 -0.000048 27.022402 0.000011 -0.000019 17.996941 0.000000 -0.000002 0.000000 160.000000 -179.999985 -159.499207 180.000000 -179.999969 -149.248810 0.000015 -0.000020 20.480280 176.310043 -179.767090 178.783783 171.917557 -172.736618 100.571495 179.516830 -179.967041 179.735886 9.023021 2.348888 2.171237 129.601639 122.468773 154.990463 0.000015 -0.000048 -12.260916 0.000006 -0.000037 -8.165797 0.000002 -0.000002 -0.000003 165.000015 179.999985 150.835907 180.000000 179.999985 156.138474 180.000000 -179.999985 163.296936 0.000002 -0.000002 -0.000003 0.000023 0.000006 -31.541712 0.000016 -0.000008 -31.541712 0.000002 -0.000011 -21.006786 0.000002 -0.000002 -0.000003 10.000020 0.000010 -30.419090 180.000000 -180.000000 149.580917 180.000000 -179.999985 159.740906 0.000002 -0.000002 -0.000003 20.000006 -0.000007 -24.814150 0.000002 0.000006 -37.221222 0.000008 0.000011 -24.789347
-5.046812 99.388680 8.264007 88.832382 -170.632507 165.676865 77.235878 -74.994278 -75.817818 46.604294 113.589996 64.164116 10.630665 -11.443710 12.771940 8.133979 4.916323 12.619887 5.414693 14.580099 0.328152 173.014099 -170.248337 -177.440994 0.689045 7.467070 0.416891 0.688791 7.320786 0.633339 3.098122 5.229363 1.215911 0.000065 2.683857 1.862010 0.000063 3.131172 1.928499 167.097809 177.507538 -179.400864 6.105069 0.646646 0.223212 14.337476 -7.433297 78.608650 177.022598 -178.802841 -179.274857 172.506989 175.649109 174.784470 35.670963 45.643055 15.830239 0.000003 0.000005 16.881546 0.000000 0.000007 11.243120 0.000000 -0.000000 0.000000 15.000021 0.000035 31.718716 0.000000 0.000031 25.951668 179.999985 179.999985 -161.833832 0.000000 -0.000000 0.000000 179.999985 -179.999969 -147.051132 0.000006 -0.000014 32.948837 0.000012 -0.000009 21.943939 0.000000 -0.000000 0.000000 170.000000 -179.999969 -152.927307 0.000002 -0.000043 27.072714 0.000005 -0.000010 18.030424 0.000000 -0.000000 0.000000 160.000000 -179.999985 -159.470154 0.000010 -0.000017 30.794752 0.000014 -0.000016 20.509310 176.296204 -179.830750 178.763336 171.998520 -172.742874 100.467064 179.530502 179.971283 179.735306 8.990005 2.390655 2.220192 129.556824 122.434074 155.074677 0.000028 -0.000049 -12.190304 0.000006 -0.000037 -8.118726 0.000000 -0.000000 0.000000 165.000015 179.999985 150.813553 0.000008 -0.000006 -23.879824 0.000007 -0.000003 -16.715879 0.000000 -0.000000 0.000000 0.000015 -0.000008 -31.587242 0.000007 -0.000014 -31.587231 0.000002 -0.000013 -21.037113 0.000000 -0.000000 0.000000 10.000019 -0.000003 -30.413607 0.000012 -0.000004 -30.413610 180.000000 -179.999985 159.744553 0.000000 -0.000000 0.000000 20.000006 0.000015 -24.806103 180.000000 -179.999985 142.790863 0.000004 -0.000003 -24.781288
-5.132974 99.315697 8.390098 88.880646 -170.635391 165.923752 76.462837 -75.506577 -74.855904 50.956516 112.908279 68.163086 10.527516 -10.789946 12.724527 7.820646 4.760006 12.271315 5.586175 15.191784 0.309483 173.060898 -169.998657 -177.272629 0.686495 7.437070 0.402216 0.686247 7.291470 0.609356 3.092047 5.211066 1.181931 0.000041 2.725111 1.863686 0.000067 3.179292 1.930235 167.109268 177.473053 -179.406891 6.093990 0.689568 0.186009 14.285136 -7.442004 78.676659 177.030014 -178.768204 -179.288788 172.517792 175.716934 174.737808 35.678127 45.628395 15.829996 0.000008 0.000016 16.881268 0.000001 0.000012 11.242916 180.000000 -180.000000 -179.999985 14.999959 -0.000067 31.607998 180.000000 -179.999924 -154.138885 0.000026 -0.000051 18.102770 180.000000 -180.000000 -179.999985 179.999985 -179.999939 -147.055466 0.000012 -0.000075 32.944534 0.000028 -0.000035 21.941061 180.000000 -180.000000 -179.999985 170.000000 -179.999985 -152.875702 0.000008 -0.000023 27.124277 0.000002 -0.000007 18.064775 180.000000 -180.000000 -179.999985 160.000015 -179.999985 -159.447235 0.000005 -0.000026 30.829145 0.000011 -0.000009 20.532209 176.274521 -179.904892 178.728210 172.155777 -172.754364 100.385376 179.524918 179.858429 179.716476 8.927963 2.439654 2.303079 129.539078 122.375656 155.192856 0.000021 -0.000039 -12.112693 0.000007 -0.000027 -8.067039 0.000002 -0.000000 0.000000 165.000000 179.999985 150.743134 180.000000 179.999985 156.062576 179.999985 179.999985 163.243790 0.000002 -0.000000 0.000000 0.000020 -0.000021 -31.627487 0.000002 -0.000021 -31.627478 180.000000 -179.999985 158.936111 0.000002 -0.000000 0.000000 10.000023 -0.000016 -30.435480 0.000019 -0.000019 -30.435476 180.000000 -179.999985 159.729965 0.000002 -0.000000 0.000000 20.000015 -0.000009 -24.799164 0.000007 -0.000009 -37.198730 0.000006 -0.000013 -24.774357
-5.216141 99.235519 8.517859 88.923820 -170.656906 166.192642 75.273712 -76.035538 -73.402390 55.665550 112.448410 72.472939 10.441692 -10.098281 12.713952 7.552004 4.580435 11.915977 5.781734 15.752187 0.326239 173.045059 -169.801987 -177.157486 0.679428 7.401230 0.373436 0.679179 7.256563 0.562297 3.069957 5.191768 1.115270 0.000055 2.766668 1.877578 0.000076 3.227776 1.944624 167.153610 177.437119 -179.404160 6.098716 0.710629 0.189710 14.222699 -7.440252 78.754913 177.018738 -178.751541 -179.339615 172.549271 175.771393 174.732483 35.744473 45.640678 15.838753 0.000007 0.000013 16.854719 0.000003 0.000008 11.225230 0.000000 -0.000000 0.000000 15.000010 0.000010 31.771919 180.000000 180.000000 -154.004807 0.000001 0.000006 18.196632 0.000000 -0.000000 0.000000 180.000000 -180.000000 -146.912384 180.000000 -179.999985 -146.912384 180.000000 179.999985 -157.963654 0.000000 -0.000000 0.000000 170.000015 -179.999985 -152.829330 0.000004 -0.000019 27.170664 0.000001 -0.000014 18.095659 0.000000 -0.000000 0.000000 160.000015 179.999985 -159.418671 180.000000 -179.999985 -149.127991 0.000008 -0.000012 20.560741 176.278885 -179.960373 178.718872 172.292114 -172.788315 100.330330 179.502945 179.733902 179.665161 8.840407 2.447774 2.447775 129.519943 122.294540 155.268936 0.000009 -0.000023 -12.051892 180.000000 -179.999985 171.973450 0.000000 -0.000000 0.000005 165.000015 -179.999985 150.810425 180.000000 -179.999985 156.117615 0.000001 -0.000008 -16.717665 0.000000 -0.000000 0.000005 0.000027 -0.000026 -31.672895 0.000015 -0.000029 -31.672901 179.999985 -179.999985 158.905853 0.000000 -0.000000 0.000005 10.000045 -0.000014 -30.470205 0.000013 -0.000046 -30.470211 0.000002 -0.000029 -20.293148 0.000000 -0.000000 0.000005 20.000040 -0.000018 -24.800041 0.000057 -0.000051 -37.200058 180.000000 -179.999954 155.224747
-5.297459 99.149948 8.642705 88.972343 -170.699539 166.478806 73.448738 -76.529434 -71.323013 61.744869 111.978622 78.239868 10.307328 -8.897411 12.646890 7.385474 4.348911 11.569254 5.838056 16.341585 0.320266 173.047836 -169.599884 -177.056107 0.670513 7.354651 0.339823 0.670289 7.211143 0.507428 3.041050 5.165784 1.036971 0.000062 2.813027 1.891306 0.000072 3.281859 1.958842 167.195251 177.397171 -179.402466 6.092065 0.731994 0.200183 14.149540 -7.438581 78.845955 176.998444 -178.744675 -179.382385 172.635651 175.839417 174.784164 35.684883 45.615009 15.747158 0.000004 0.000017 16.839489 0.000002 0.000013 11.215088 0.000000 -0.000000 0.000000 15.000017 0.000021 31.770706 180.000000 179.999985 -154.005798 179.999985 179.999985 -161.804047 0.000000 -0.000000 0.000000 0.000020 0.000056 33.118313 179.999985 179.999954 -146.881668 179.999985 179.999985 -157.943207 0.000000 -0.000000 0.000000 170.000000 -179.999985 -152.794876 0.000005 -0.000001 27.205107 0.000006 -0.000008 18.118593 0.000000 -0.000000 0.000000 160.000000 179.999985 -159.409073 180.000000 179.999985 -149.113663 180.000000 179.999985 -159.429672 176.286499 179.990707 178.696533 172.433899 -172.837555 100.299240 179.475967 179.623962 179.645676 8.718005 2.467578 2.600798 129.536911 122.251534 155.340302 0.000003 -0.000013 -12.017942 0.000006 -0.000006 -8.003951 0.000000 -0.000000 0.000000 165.000015 -179.999985 150.774597 180.000000 -179.999985 156.088303 180.000000 -179.999985 163.261810 0.000000 -0.000000 0.000000 0.000031 -0.000035 -31.739985 0.000016 -0.000043 -31.739998 180.000000 -179.999985 158.861176 0.000000 -0.000000 0.000000 10.000051 -0.000026 -30.545282 0.000012 -0.000044 -30.545269 179.999985 -179.999969 159.656845 0.000000 -0.000000 0.000000 20.000053 -0.000020 -24.871080 0.000043 -0.000074 -37.306595 0.000014 -0.000046 -24.846205
-5.382821 99.059662 8.763803 89.029358 -170.766708 166.775101 70.963463 -76.965164 -68.578384 67.540245 111.918167 83.659981 10.315715 -7.945010 12.688778 7.310497 4.130149 11.251574 5.746089 16.893696 0.262541 173.083527 -169.363129 -176.964005 0.659765 7.296854 0.302835 0.659539 7.154755 0.447167 3.004463 5.132440 0.950141 0.000060 2.861361 1.905667 0.000072 3.338255 1.973707 167.232117 177.355453 -179.400909 6.075203 0.753850 0.213316 14.049933 -7.412902 78.907997 176.999939 -178.772705 -179.382233 172.732819 175.908600 174.852753 35.664722 45.654987 15.688277 0.000002 0.000017 16.810667 180.000000 179.999985 -168.804092 0.000000 -0.000000 0.000000 15.000017 0.000022 31.741604 0.000002 0.000029 25.970425 180.000000 179.999985 -161.820724 0.000000 -0.000000 0.000000 179.999985 -179.999985 -147.022156 0.000009 -0.000024 32.977833 0.000006 -0.000003 21.963240 0.000000 -0.000000 0.000000 170.000000 -179.999969 -152.794357 0.000016 -0.000035 27.205654 0.000018 -0.000017 18.118961 0.000000 -0.000000 0.000000 160.000015 179.999985 -159.416748 179.999985 179.999985 -149.125122 179.999985 179.999985 -159.437332 176.297516 179.951019 178.666336 172.535919 -172.915802 100.294930 179.431671 179.520355 179.627426 8.581100 2.452165 2.776452 129.539215 122.201797 155.380844 0.000002 0.000002 -11.990947 180.000000 180.000000 172.014038 0.000002 -0.000000 0.000002 165.000015 -179.999985 150.725357 179.999985 -179.999985 156.048019 179.999985 -179.999985 163.233612 0.000002 -0.000000 0.000002 0.000016 -0.000026 -31.831192 0.000016 -0.000031 -31.831192 0.000003 -0.000018 -21.199577 0.000002 -0.000000 0.000002 10.000042 -0.000029 -30.636749 0.000023 -0.000033 -30.636768 179.999985 -179.999969 159.595917 0.000002 -0.000000 0.000002 20.000036 -0.000026 -24.954895 0.000033 -0.000045 -37.432362 179.999985 -179.999954 155.070053
-5.476684 98.965294 8.880547 89.097115 -170.861542 167.076462 67.908295 -77.280502 -65.257820 72.694847 112.241096 88.387756 10.484713 -7.339740 12.881701 7.247900 3.896411 10.931418 5.574399 17.435270 0.184277 173.168961 -169.120560 -176.872528 0.647542 7.225674 0.263632 0.647350 7.085241 0.383418 2.961769 5.089863 0.857414 0.000062 2.911339 1.921033 0.000069 3.396545 1.989631 167.256332 177.312103 -179.399567 6.045483 0.776441 0.226173 13.930527 -7.382002 78.978455 176.999527 -178.829041 -179.372070 172.840759 175.970444 174.924255 35.659225 45.736286 15.627225 0.000001 0.000004 16.766237 180.000000 179.999985 -168.833664 0.000000 -0.000000 0.000002 15.000021 0.000021 31.665949 179.999985 179.999985 -154.091492 180.000000 179.999985 -161.864044 0.000000 -0.000000 0.000002 0.000006 0.000009 33.050198 180.000000 179.999985 -146.949814 179.999985 179.999985 -157.988571 0.000000 -0.000000 0.000002 170.000000 180.000000 -152.669739 179.999985 -180.000000 -152.669769 180.000000 179.999985 -161.798050 0.000000 -0.000000 0.000002 160.000000 -179.999985 -159.434189 0.000001 -0.000004 30.848730 180.000000 179.999985 -159.454758 176.305740 179.912262 178.633179 172.595566 -173.018814 100.315948 179.367920 179.419846 179.610291 8.440119 2.393741 2.960000 129.533432 122.159378 155.356247 180.000000 179.999985 168.006378 0.000001 0.000005 -7.987753 0.000000 -0.000000 0.000000 165.000015 -179.999985 150.657318 180.000000 -179.999985 155.992325 180.000000 -179.999985 163.194641 0.000000 -0.000000 0.000000 0.000024 -0.000023 -31.929871 0.000002 -0.000031 -31.929848 180.000000 -179.999985 158.734695 0.000000 -0.000000 0.000000 10.000030 -0.000024 -30.744646 0.000020 -0.000019 -30.744635 179.999985 -179.999985 159.524048 0.000000 -0.000000 0.000000 20.000034 -0.000009 -25.043221 0.000024 -0.000030 -37.564789 179.999985 -179.999969 154.981827
-5.568397 98.870827 8.998940 89.175995 -170.973480 167.381653 64.564613 -77.541039 -61.672878 77.733665 112.768379 93.002342 10.690882 -6.686448 13.157002 7.192823 3.631837 10.611107 5.319346 18.005163 0.079911 173.309006 -168.871567 -176.783951 0.632944 7.149136 0.223770 0.632749 7.010574 0.318886 2.906333 5.043853 0.761965 180.000000 177.038635 -178.062180 0.000018 3.454918 2.007034 167.282288 177.268585 -179.397232 6.012270 0.798648 0.234356 13.823581 -7.355315 79.045998 177.005447 -178.857590 -179.330215 172.979263 176.032181 175.020599 35.774006 45.857311 15.652427 180.000000 -179.999985 -163.294540 180.000000 -179.999985 -168.874161 0.000002 -0.000000 0.000002 15.000071 0.000208 31.513008 179.999954 179.999847 -154.216644 179.999924 179.999908 -161.951660 0.000002 -0.000000 0.000002 180.000000 179.999969 -147.010269 179.999985 179.999969 -147.010284 179.999985 179.999985 -158.028854 0.000002 -0.000000 0.000002 170.000000 -179.999985 -152.706253 0.000002 -0.000013 27.293688 0.000004 0.000005 18.177626 0.000002 -0.000000 0.000002 160.000015 180.000000 -159.478333 179.999985 179.999985 -149.217484 180.000000 -179.999985 -159.498840 176.311966 179.872696 178.602081 172.589783 -173.131638 100.332703 179.304199 179.401321 179.635925 8.284242 2.327985 3.133312 129.570084 122.141350 155.385468 179.999924 179.999847 168.004959 179.999969 179.999878 172.011307 180.000000 -180.000000 180.000000 165.000092 -179.999817 150.560074 179.999985 -179.999863 155.912735 179.999939 -179.999908 163.138931 180.000000 -180.000000 180.000000 0.000192 -0.000210 -32.063221 0.000062 -0.000277 -32.063240 179.999924 -179.999817 158.645874 180.000000 -180.000000 180.000000 10.000305 -0.000233 -30.786692 0.000138 -0.000359 -30.786688 179.999954 -179.999741 159.496063 180.000000 -180.000000 180.000000 20.000231 -0.000156 -25.132120 0.000238 -0.000339 -37.698162 179.999985 -179.999725 154.893021
-5.676579 98.767448 9.097510 89.256210 -171.115097 167.678070 60.770603 -77.519501 -57.625542 82.535378 113.589691 97.476753 11.123567 -6.393211 13.465936 7.107000 3.377386 10.311318 5.104692 18.516010 -0.033041 173.438232 -168.615494 -176.676086 0.620897 7.051639 0.182776 0.620706 6.915235 0.252303 2.864479 4.982238 0.664611 180.000000 176.989227 -178.045990 0.000018 3.512558 2.023802 167.278931 177.225357 -179.396500 5.965346 0.822179 0.237551 13.641973 -7.308148 79.150124 177.011734 -178.995041 -179.309387 173.039490 176.080933 175.042892 35.428265 45.886829 15.465212 179.999985 179.999939 -163.245468 179.999985 179.999969 -168.841446 0.000003 -0.000000 0.000000 15.000017 0.000107 31.380501 179.999969 179.999924 -154.325058 179.999954 179.999969 -162.027542 0.000003 -0.000000 0.000000 180.000000 179.999985 -147.031296 179.999985 179.999985 -147.031326 179.999985 179.999985 -158.042831 0.000003 -0.000000 0.000000 170.000000 -179.999985 -152.711533 0.000013 -0.000010 27.288427 0.000009 -0.000007 18.174084 0.000003 -0.000000 0.000000 160.000015 -179.999985 -159.489655 0.000001 -0.000007 30.765545 180.000000 179.999985 -159.510162 176.307861 179.830353 178.564117 172.524170 -173.273987 100.387733 179.217804 179.321030 179.634842 8.169135 2.176344 3.301827 129.507278 122.078522 155.181686 179.999954 179.999878 167.944809 179.999985 179.999924 171.971252 180.000000 -179.999985 180.000000 165.000031 -179.999863 150.470276 179.999969 -179.999893 155.839325 179.999969 -179.999954 163.087524 180.000000 -179.999985 180.000000 0.000146 -0.000168 -32.170353 0.000031 -0.000219 -32.170380 179.999939 -179.999863 158.574554 180.000000 -179.999985 180.000000 10.000184 -0.000179 -30.915939 0.000098 -0.000228 -30.915960 179.999969 -179.999847 159.409988 180.000000 -179.999985 180.000000 19.999792 0.000116 -25.331326 179.999817 179.999725 142.002945 0.000024 0.000221 -25.306005
-5.795418 98.658844 9.185215 89.328926 -171.259979 167.972610 56.977421 -77.334969 -53.559677 86.997604 114.540787 101.659645 11.599800 -6.285354 13.734586 6.941853 3.165084 10.006392 5.012962 18.969421 -0.132141 173.544403 -168.362122 -176.559753 0.612627 6.946899 0.140443 0.612443 6.812801 0.183194 2.840554 4.915223 0.565812 0.000015 3.060627 1.970624 0.000034 3.570728 2.041007 167.252899 177.181488 -179.396729 5.904271 0.844529 0.244048 13.430171 -7.248293 79.268173 177.017731 -179.176529 -179.286179 173.087723 176.128769 175.040115 35.581535 45.978149 15.518736 180.000000 -180.000000 -163.302460 180.000000 -179.999985 -168.879440 0.000000 -0.000000 0.000000 14.999997 0.000037 31.291477 179.999985 179.999985 -154.397888 179.999985 179.999985 -162.078537 0.000000 -0.000000 0.000000 180.000000 179.999985 -147.049637 0.000004 -0.000003 32.950340 180.000000 179.999985 -158.055084 0.000000 -0.000000 0.000000 170.000000 -179.999985 -152.708466 0.000008 -0.000011 27.291525 0.000011 0.000007 18.176149 0.000000 -0.000000 0.000000 160.000000 179.999985 -159.485062 179.999985 179.999985 -149.227631 179.999985 179.999985 -159.505569 176.262238 179.758545 178.525955 172.447723 -173.402420 100.464043 179.131821 179.253311 179.635117 8.069162 2.021304 3.448042 129.474060 122.057571 155.059006 179.999954 179.999893 167.903564 179.999985 179.999939 171.943817 180.000000 180.000000 -180.000000 165.000015 -179.999908 150.385391 179.999985 -179.999924 155.769882 179.999969 -179.999969 163.038895 180.000000 180.000000 -180.000000 0.000090 -0.000121 -32.274475 0.000011 -0.000150 -32.274475 179.999969 -179.999924 158.505188 180.000000 180.000000 -180.000000 10.000120 -0.000102 -31.027510 0.000042 -0.000139 -31.027491 179.999985 -179.999908 159.335693 180.000000 180.000000 -180.000000 20.000120 -0.000085 -25.153040 0.000110 -0.000195 -37.729591 179.999985 -179.999847 154.872101
-5.928723 98.546654 9.264155 89.391785 -171.392288 168.261490 53.266155 -76.986496 -49.553589 91.097534 115.586403 105.552361 12.103487 -6.306791 13.913880 6.873908 2.991966 9.712132 4.881552 19.354200 -0.221512 173.615433 -168.106827 -176.434586 0.608549 6.842742 0.097590 0.608402 6.710935 0.112876 2.836076 4.848328 0.467744 0.000019 3.111453 1.985379 0.000015 3.630018 2.056278 167.193741 177.136673 -179.399918 5.834429 0.863675 0.258009 13.181589 -7.179679 79.399910 177.019348 -179.407806 -179.266968 173.124695 176.180374 175.022156 35.113857 45.903214 15.156207 179.999954 179.999924 -163.268539 179.999969 179.999954 -168.856857 0.000000 -0.000000 0.000000 14.999990 -0.000000 31.252924 179.999985 179.999985 -154.429428 180.000000 -180.000000 -162.100601 0.000000 -0.000000 0.000000 0.000001 -0.000020 32.946674 0.000008 0.000003 32.946686 180.000000 179.999985 -158.057510 0.000000 -0.000000 0.000000 170.000031 -179.999969 -152.700363 0.000030 -0.000013 27.299625 0.000016 0.000016 18.181562 0.000000 -0.000000 0.000000 160.000046 -179.999985 -159.495789 0.000019 -0.000020 30.756317 0.000012 0.000008 20.483734 176.295639 179.760696 178.473221 172.276611 -173.611526 100.559433 179.050339 179.194794 179.633148 7.984065 1.891396 3.574017 129.441620 122.032394 154.938187 179.999969 179.999924 167.863525 179.999985 179.999939 171.917114 180.000000 -179.999985 -180.000000 165.000000 -179.999924 150.315857 179.999985 -179.999954 155.712967 179.999985 -179.999985 162.999084 180.000000 -179.999985 -180.000000 0.000048 -0.000079 -32.363670 179.999985 -179.999893 147.636322 179.999985 -179.999954 158.445801 180.000000 -179.999985 -180.000000 10.000065 -0.000066 -31.107035 0.000023 -0.000082 -31.107048 179.999985 -179.999939 159.282715 180.000000 -179.999985 -180.000000 20.000055 -0.000051 -25.218037 0.000066 -0.000118 -37.827065 179.999985 -179.999908 154.807159
-6.079795 98.431656 9.337718 89.449554 -171.510345 168.545090 49.656151 -76.474129 -45.647049 94.907036 116.663811 109.238983 12.537425 -6.363767 13.993517 6.862976 2.878143 9.410774 4.788482 19.654053 -0.281524 173.615128 -167.857819 -176.298950 0.608208 6.741832 0.054023 0.608021 6.612281 0.041035 2.848871 4.783648 0.369813 0.000023 3.155129 1.999742 0.000004 3.680990 2.071154 167.160660 177.098175 -179.400787 5.759486 0.880550 0.279062 12.895908 -7.099089 79.547653 177.017960 -179.695114 -179.255905 173.168900 176.205933 175.015533 35.378784 45.991692 15.313789 0.000008 -0.000011 16.679285 0.000006 -0.000007 11.108414 180.000000 -180.000000 -180.000000 15.000016 0.000007 31.216011 180.000000 -179.999985 -154.459671 0.000008 0.000004 17.878218 180.000000 -180.000000 -180.000000 0.000018 -0.000005 32.938183 0.000025 -0.000007 32.938160 0.000012 0.000008 21.936823 180.000000 -180.000000 -180.000000 169.999954 179.999969 -152.627899 179.999954 179.999985 -152.627930 179.999985 -179.999985 -161.770203 180.000000 -180.000000 -180.000000 160.000046 -179.999985 -159.504517 0.000040 -0.000015 30.743225 0.000043 0.000006 20.474976 176.333817 179.772629 178.420593 172.104050 -173.823395 100.666946 178.977310 179.125458 179.625870 7.916072 1.794500 3.680097 129.398392 122.027298 154.804642 179.999985 179.999939 167.819489 180.000000 179.999954 171.887741 0.000000 -0.000000 0.000000 165.000000 -179.999969 150.247421 179.999985 -179.999969 155.657013 179.999985 -179.999985 162.959900 0.000000 -0.000000 0.000000 179.999985 180.000000 147.504700 0.000007 0.000014 -32.495308 180.000000 179.999985 158.358124 0.000000 -0.000000 0.000000 10.000051 -0.000027 -31.168636 0.000025 -0.000052 -31.168589 179.999985 -179.999954 159.241714 0.000000 -0.000000 0.000000 20.000040 -0.000026 -25.267942 0.000054 -0.000084 -37.901955 179.999985 -179.999954 154.757309
-6.251078 98.316734 9.406221 89.507057 -171.620834 168.815979 46.255352 -75.800873 -41.917755 98.572968 117.778236 112.920616 12.982485 -6.391716 13.925625 6.858270 2.832279 9.104344 4.708621 19.871897 -0.323626 173.614777 -167.611664 -176.163834 0.614829 6.635023 0.013940 0.614675 6.507824 -0.025541 2.893249 4.714108 0.281927 0.000026 3.201800 2.010552 0.000020 3.735430 2.082341 167.085205 177.057144 -179.406525 5.657293 0.924231 0.301312 12.581777 -7.007470 79.700508 177.001328 179.963013 -179.234100 173.215424 176.329498 174.928467 35.525101 46.084892 15.482027 0.000010 -0.000022 16.682323 0.000008 -0.000011 11.110457 0.000000 -0.000000 0.000003 15.000006 0.000002 31.235374 180.000000 180.000000 -154.443787 180.000000 -179.999985 -162.110657 0.000000 -0.000000 0.000003 0.000008 -0.000008 32.975670 0.000001 -0.000004 32.975655 0.000006 -0.000003 21.961790 0.000000 -0.000000 0.000003 170.000137 -179.999939 -152.784790 0.000157 0.000016 27.215187 0.000086 0.000062 18.125305 0.000000 -0.000000 0.000003 160.000015 -180.000000 -159.458969 0.000028 -0.000015 30.811543 0.000012 0.000019 20.520489 176.346878 179.770889 178.359543 171.923080 -174.040268 100.786621 178.911194 179.078751 179.611588 7.864832 1.747020 3.771515 129.382156 122.031960 154.707672 179.999985 179.999939 167.778442 0.000007 0.000045 -8.139562 180.000000 -179.999985 -179.999985 165.000015 -179.999985 150.195694 179.999985 -179.999985 155.614639 179.999985 -179.999985 162.930252 180.000000 -179.999985 -179.999985 0.000031 -0.000028 -32.442844 0.000006 -0.000033 -32.442806 179.999985 -179.999985 158.393066 180.000000 -179.999985 -179.999985 10.000038 -0.000025 -31.216215 0.000032 -0.000039 -31.216202 0.000001 -0.000022 -20.790012 180.000000 -179.999985 -179.999985 20.000031 -0.000019 -25.309261 0.000043 -0.000061 -37.963913 180.000000 -179.999954 154.716034
-6.439083 98.202934 9.467997 89.572136 -171.729797 169.077469 43.280720 -74.978554 -38.548779 101.450356 118.938591 115.864281 13.438623 -6.508313 13.832205 6.934925 2.816724 8.812529 4.547186 20.031467 -0.372297 173.611603 -167.373428 -176.030289 0.608428 6.558435 -0.030580 0.608293 6.432996 -0.098638 2.876784 4.666789 0.180585 180.000000 176.777573 -177.980011 0.000013 3.759487 2.092143 167.097000 177.038986 -179.404007 5.650365 0.891291 0.332857 12.281114 -6.907265 79.849792 176.996460 179.706955 -179.270676 173.255539 176.296021 174.956161 35.562420 46.107330 15.531174 0.000013 -0.000039 16.686493 0.000017 -0.000023 11.113191 0.000000 -0.000000 0.000000 15.000002 0.000009 31.218807 179.999985 -180.000000 -154.457336 0.000010 -0.000002 17.879852 0.000000 -0.000000 0.000000 0.000003 0.000003 32.978745 0.000019 0.000003 32.978737 0.000007 -0.000001 21.963837 0.000000 -0.000000 0.000000 170.000031 -180.000000 -152.622559 0.000038 0.000010 27.377451 0.000014 0.000003 18.233360 0.000000 -0.000000 0.000000 159.999847 179.999954 -159.373291 179.999741 -179.999969 -149.059891 179.999863 -179.999893 -159.393906 176.454300 179.853012 178.323914 171.758911 -174.250244 100.909172 178.856262 179.029648 179.589127 7.828650 1.724883 3.845072 129.393753 122.054672 154.629715 0.000005 0.000050 -12.270113 0.000013 0.000035 -8.171892 0.000003 0.000003 -0.000003 165.000000 -179.999985 150.140259 180.000000 -179.999985 155.569305 0.000001 -0.000007 -17.101484 0.000003 0.000003 -0.000003 0.000025 -0.000005 -32.495434 0.000013 -0.000020 -32.495441 180.000000 -179.999985 158.358032 0.000003 0.000003 -0.000003 10.000025 -0.000013 -31.265795 0.000015 -0.000028 -31.265789 0.000007 -0.000020 -20.823011 0.000003 0.000003 -0.000003 20.000029 -0.000006 -25.348591 0.000040 -0.000031 -38.022888 0.000022 -0.000034 -25.323238
-6.641608 98.089508 9.521642 89.654686 -171.836990 169.327499 40.867607 -74.034775 -35.650749 104.278908 120.164421 118.944206 13.786988 -6.278560 13.592313 6.995158 2.828191 8.538063 4.385921 20.158693 -0.435838 173.605469 -167.144928 -175.900574 0.611257 6.464919 -0.067518 0.611108 6.341542 -0.159766 2.901273 4.606241 0.098410 0.000000 3.256426 2.025451 180.000000 176.200821 -177.902206 167.035507 177.009308 -179.410049 5.587665 0.914034 0.351296 11.985775 -6.792834 80.000351 176.942307 179.387848 -179.262939 173.334106 176.334290 174.970840 35.579933 46.085640 15.595234 0.000008 -0.000031 16.715328 0.000014 -0.000017 11.132402 0.000000 -0.000000 0.000000 15.000010 -0.000012 31.224066 0.000001 0.000003 25.546946 180.000000 179.999985 -162.117126 0.000000 -0.000000 0.000000 179.999985 179.999985 -147.005646 0.000003 0.000004 32.994343 180.000000 -179.999985 -158.025757 0.000000 -0.000000 0.000000 170.000000 -179.999985 -152.594910 0.000011 0.000010 27.405073 180.000000 179.999985 -161.748230 0.000000 -0.000000 0.000000 160.000412 -179.999969 -159.699234 0.000624 0.000152 30.451101 0.000305 0.000310 20.280449 176.516998 179.906906 178.269669 171.606995 -174.467773 101.028770 178.812500 178.976761 179.562042 7.809374 1.739010 3.899929 129.255463 122.080017 154.408844 0.000064 0.000094 -12.314205 0.000058 0.000054 -8.201266 0.000000 -0.000002 0.000000 165.000015 -179.999985 150.097443 0.000004 -0.000003 -24.465702 0.000000 -0.000003 -17.126022 0.000000 -0.000002 0.000000 0.000005 -0.000004 -32.549267 0.000007 -0.000013 -32.549252 0.000002 -0.000009 -21.677816 0.000000 -0.000002 0.000000 10.000016 0.000001 -31.310625 0.000002 -0.000021 -31.310616 0.000015 -0.000006 -20.852869 0.000000 -0.000002 0.000000 20.000017 -0.000010 -25.393280 0.000031 -0.000027 -38.089970 0.000014 -0.000032 -25.367897
-6.854507 97.976700 9.563983 89.764320 -171.946411 169.574249 39.017418 -72.989250 -33.245552 106.783104 121.414764 121.797874 14.062649 -5.875885 13.324325 6.978624 2.849238 8.284492 4.287476 20.285160 -0.516727 173.579498 -166.929184 -175.782944 0.611702 6.372942 -0.102215 0.611579 6.251585 -0.216984 2.913677 4.546411 0.020199 0.000002 3.289059 2.029472 179.999985 176.162766 -177.898041 166.978668 176.981003 -179.416534 5.533823 0.936669 0.357835 11.711524 -6.661842 80.148361 176.915573 179.171158 -179.301712 173.378922 176.283676 175.051178 35.612625 46.085922 15.665860 0.000005 -0.000023 16.736597 0.000005 -0.000014 11.146580 0.000000 -0.000000 0.000000 15.000009 0.000006 31.225279 179.999985 -179.999985 -154.452057 179.999985 179.999985 -162.116440 0.000000 -0.000000 0.000000 0.000000 -0.000000 32.993038 180.000000 -179.999985 -147.006973 0.000005 -0.000011 21.973364 0.000000 -0.000000 0.000000 170.000000 179.999985 -152.586945 0.000004 -0.000006 27.413031 0.000002 0.000012 18.257076 0.000000 -0.000000 0.000000 160.000061 -179.999985 -159.294235 0.000048 0.000026 31.058693 0.000017 0.000035 20.685085 176.514114 179.916794 178.220459 171.544601 -174.622330 101.142975 178.784271 178.914017 179.532913 7.803407 1.763156 3.935972 129.746475 122.196083 154.856735 0.000054 0.000057 -12.358562 0.000044 0.000032 -8.230806 180.000000 -179.999985 -179.999985 165.000031 179.999985 150.060867 0.000006 0.000002 -24.495668 180.000000 -179.999985 162.853027 180.000000 -179.999985 -179.999985 0.000009 -0.000006 -32.588009 0.000008 -0.000003 -32.588009 0.000015 -0.000004 -21.703630 180.000000 -179.999985 -179.999985 10.000022 0.000012 -31.342829 0.000007 -0.000012 -31.342840 180.000000 -179.999985 159.125671 180.000000 -179.999985 -179.999985 20.000021 0.000009 -25.433374 0.000024 -0.000017 -38.150078 0.000004 -0.000018 -25.407955
-7.077206 97.864914 9.599887 89.905510 -172.059036 169.821411 37.642776 -71.858826 -31.282124 109.056808 122.652725 124.484390 14.283016 -5.359831 13.088808 6.775100 2.886595 8.031014 4.332259 20.426077 -0.603969 173.559647 -166.718613 -175.686188 0.608904 6.280505 -0.135014 0.608777 6.161152 -0.270804 2.909840 4.485891 -0.055233 0.000018 3.330448 2.031942 0.000017 3.885523 2.104499 166.882431 176.945221 -179.427734 5.499441 0.944111 0.364520 11.452859 -6.501437 80.282417 176.838196 178.930664 -179.311966 173.450516 176.315002 175.131897 35.626644 46.044216 15.719722 180.000000 -180.000000 -163.234238 180.000000 180.000000 -168.834000 180.000000 -180.000000 -180.000000 14.999980 -0.000012 31.236176 179.999985 -179.999985 -154.443130 180.000000 -179.999985 -162.110199 180.000000 -180.000000 -180.000000 179.999954 -179.999985 -146.990219 179.999954 -179.999969 -146.990204 179.999985 -179.999969 -158.015472 180.000000 -180.000000 -180.000000 169.999985 179.999985 -152.566971 179.999985 -179.999985 -152.566971 179.999985 -179.999985 -161.729584 180.000000 -180.000000 -180.000000 160.000000 179.999985 -159.250870 179.999985 -179.999985 -148.876312 179.999985 -179.999985 -159.271622 176.512024 179.930557 178.165283 171.513565 -174.765518 101.250206 178.776901 178.840332 179.503540 7.802006 1.810379 3.950755 129.920990 122.309875 154.937149 0.000042 0.000039 -12.425241 0.000026 0.000016 -8.275206 0.000000 -0.000000 0.000000 165.000015 180.000000 150.036957 0.000005 -0.000006 -24.515213 0.000004 -0.000005 -17.160639 0.000000 -0.000000 0.000000 0.000007 0.000002 -32.609474 0.000015 -0.000001 -32.609463 180.000000 -179.999985 158.282089 0.000000 -0.000000 0.000000 10.000014 0.000009 -31.369143 0.000019 -0.000005 -31.369112 179.999985 -179.999985 159.108170 0.000000 -0.000000 0.000000 20.000029 0.000005 -25.463867 0.000034 -0.000003 -38.195786 0.000014 -0.000016 -25.438391
-7.306776 97.754730 9.636328 90.059525 -172.163986 170.056152 36.503681 -70.663223 -29.559734 111.162758 123.835007 126.994621 14.366035 -4.804893 12.966916 6.403895 2.932751 7.778437 4.571572 20.586975 -0.679045 173.501495 -166.527496 -175.601608 0.604170 6.193735 -0.164589 0.604042 6.076286 -0.319147 2.895626 4.428967 -0.124327 0.000047 3.375160 2.035496 0.000024 3.937684 2.108167 166.798904 176.906647 -179.438354 5.416274 1.006153 0.352446 11.274266 -6.403365 80.414902 176.743286 178.716293 -179.341141 173.523041 176.285324 175.305740 35.586853 46.021778 15.661366 0.000001 -0.000009 16.758089 0.000001 -0.000006 11.160898 0.000000 -0.000000 0.000000 14.999984 -0.000006 31.186262 179.999985 -179.999985 -154.483994 0.000001 -0.000014 17.861214 0.000000 -0.000000 0.000000 179.999969 -179.999985 -147.057556 179.999985 -179.999985 -147.057541 180.000000 -179.999985 -158.060333 0.000000 -0.000000 0.000000 170.000000 -179.999985 -152.589813 179.999985 -179.999985 -152.589813 179.999985 -179.999985 -161.744812 0.000000 -0.000000 0.000000 160.000000 -179.999985 -159.263458 0.000002 0.000007 31.104815 0.000007 0.000002 20.715813 176.531982 179.962830 178.107498 171.515854 -174.899857 101.347008 178.789627 178.748047 179.478348 7.824619 1.804303 3.961244 129.951889 122.373344 154.879959 0.000031 0.000019 -12.479735 0.000023 0.000012 -8.311501 0.000000 -0.000000 0.000000 165.000015 179.999985 150.018951 0.000010 0.000001 -24.529949 0.000006 0.000006 -17.170948 0.000000 -0.000000 0.000000 0.000008 0.000008 -32.626221 0.000008 -0.000004 -32.626217 0.000010 0.000001 -21.729069 0.000000 -0.000000 0.000000 10.000017 0.000005 -31.389706 0.000014 0.000000 -31.389694 0.000018 -0.000002 -20.905537 0.000000 -0.000000 0.000000 20.000013 -0.000004 -25.487316 0.000019 -0.000002 -38.231003 0.000002 -0.000022 -25.461834
-7.545993 97.644302 9.681366 90.317230 -172.262726 170.393692 35.607487 -69.338936 -28.210140 113.496834 125.021378 129.734573 14.334185 -4.185907 12.904384 5.811494 3.003495 7.389646 4.914292 20.774559 -0.731879 173.457840 -166.350021 -175.544159 0.591756 6.094229 -0.208058 0.591605 5.978805 -0.390035 2.849081 4.364033 -0.226290 0.000029 3.442817 2.039450 0.000038 4.016624 2.112267 166.644012 176.848297 -179.457001 5.308016 1.065065 0.349410 11.046515 -6.245882 80.543877 176.598236 178.444901 -179.338959 173.604797 176.368805 175.417892 35.574001 45.983109 15.668137 0.000001 -0.000002 16.774620 0.000001 -0.000002 11.171908 0.000000 -0.000000 0.000002 14.999990 -0.000013 31.133673 179.999985 -179.999985 -154.526978 0.000005 -0.000009 17.831100 0.000000 -0.000000 0.000002 179.999985 180.000000 -147.119034 179.999985 -179.999985 -147.119049 180.000000 -179.999985 -158.101288 0.000000 -0.000000 0.000002 169.999969 -179.999985 -152.609818 179.999985 -179.999985 -152.609818 0.000002 -0.000028 18.241873 0.000000 -0.000000 0.000002 159.999969 -179.999985 -159.253662 179.999985 -179.999985 -148.880508 180.000000 -179.999985 -159.274414 176.493256 179.945236 178.031021 171.547821 -175.027206 101.430428 178.820480 178.640106 179.460434 7.858434 1.799217 3.951264 129.982727 122.439034 154.852081 0.000011 0.000008 -12.519893 0.000007 0.000002 -8.338228 0.000000 -0.000000 0.000000 165.000015 179.999985 150.010864 0.000004 -0.000002 -24.536554 0.000003 0.000001 -17.175591 0.000000 -0.000000 0.000000 0.000000 0.000000 -32.633987 0.000010 0.000002 -32.633999 180.000000 -179.999985 158.265747 0.000000 -0.000000 0.000000 9.999998 0.000004 -31.406387 0.000003 0.000001 -31.406385 180.000000 -179.999985 159.083344 0.000000 -0.000000 0.000000 20.000008 0.000001 -25.505854 0.000003 -0.000008 -38.258801 0.000013 0.000003 -25.480345
-7.793570 97.533974 9.736475 90.604424 -172.344269 170.749054 34.795406 -68.002769 -27.061554 115.618355 126.041862 132.140442 14.271258 -3.857108 12.965466 5.169038 3.072674 6.965990 5.289726 20.984365 -0.764326 173.408310 -166.191376 -175.503418 0.567901 6.015618 -0.257975 0.567768 5.901839 -0.470997 2.750776 4.314135 -0.345801 0.000046 3.503762 2.046005 0.000035 4.087720 2.119046 166.546143 176.795807 -179.469894 5.236341 1.085583 0.356335 10.825709 -6.100188 80.674484 176.450592 178.225967 -179.383713 173.652603 176.397537 175.559113 35.567070 45.959091 15.745378 179.999985 179.999985 -163.178909 179.999985 179.999985 -168.797150 180.000000 180.000000 180.000000 14.999999 -0.000007 31.086535 179.999985 -179.999985 -154.565598 0.000006 -0.000008 17.804085 180.000000 180.000000 180.000000 179.999985 -179.999985 -147.151764 180.000000 -179.999985 -147.151749 180.000000 -179.999985 -158.123077 180.000000 180.000000 180.000000 169.999985 -179.999985 -152.650650 179.999985 -179.999985 -152.650650 180.000000 -179.999985 -161.785324 180.000000 180.000000 180.000000 159.999985 -179.999985 -159.274521 179.999985 -179.999985 -148.911758 180.000000 -179.999969 -159.295242 176.520386 179.974213 177.977798 171.598480 -175.151093 101.492912 178.864655 178.527847 179.448471 7.900686 1.797369 3.925880 129.982056 122.488525 154.832733 0.000010 0.000005 -12.537124 0.000004 -0.000001 -8.349723 0.000000 0.000002 0.000000 165.000015 179.999985 150.003036 180.000000 179.999985 155.457047 180.000000 -179.999985 162.819931 0.000000 0.000002 0.000000 0.000001 0.000009 -32.641594 180.000000 179.999985 147.358398 0.000003 0.000002 -21.739298 0.000000 0.000002 0.000000 10.000001 0.000001 -31.411943 180.000000 -179.999985 148.588074 0.000006 0.000005 -20.920357 0.000000 0.000002 0.000000 20.000002 0.000008 -25.516947 180.000000 179.999985 141.724564 0.000000 0.000000 -25.491425
-8.051342 97.427055 9.799846 90.917259 -172.414871 171.116730 33.561272 -66.279495 -25.355413 118.038452 127.411125 134.857666 14.180945 -3.697571 13.018444 4.526563 3.134805 6.518161 5.631498 21.196121 -0.780200 173.371964 -166.058838 -175.485535 0.539766 5.942409 -0.310824 0.539604 5.830197 -0.556588 2.632599 4.267654 -0.472911 0.000040 3.565721 2.054082 0.000039 4.160009 2.127417 166.463699 176.742462 -179.481354 5.221581 1.031615 0.369234 10.527641 -5.896904 80.831100 176.250519 177.941544 -179.414764 173.710693 176.477310 175.657562 35.420044 45.964554 15.136363 0.000069 -0.000086 16.577885 0.000063 -0.000040 11.040870 0.000003 0.000002 0.000002 14.999997 -0.000013 31.046885 180.000000 -179.999985 -154.598007 0.000005 -0.000010 17.781393 0.000003 0.000002 0.000002 179.999985 -179.999985 -147.190750 179.999985 -179.999985 -147.190796 180.000000 -179.999985 -158.149048 0.000003 0.000002 0.000002 169.999985 -179.999985 -152.697433 179.999985 -179.999985 -152.697433 180.000000 -179.999985 -161.816498 0.000003 0.000002 0.000002 159.999954 -179.999985 -159.304565 179.999954 -179.999939 -148.956863 179.999985 -179.999954 -159.325272 176.564331 -179.985306 177.939667 171.670486 -175.275925 101.532913 178.913986 178.420044 179.444061 7.954101 1.802683 3.884291 129.990860 122.541504 154.822357 0.000002 0.000000 -12.555309 180.000000 180.000000 171.638168 0.000002 -0.000000 0.000000 165.000015 179.999985 149.997971 0.000001 -0.000005 -24.547115 0.000003 0.000005 -17.182972 0.000002 -0.000000 0.000000 0.000002 0.000006 -32.633606 180.000000 179.999985 147.366394 180.000000 179.999985 158.266022 0.000002 -0.000000 0.000000 10.000001 0.000003 -31.412962 180.000000 179.999985 148.587051 0.000003 0.000004 -20.921028 0.000002 -0.000000 0.000000 20.000000 -0.000000 -25.515913 179.999985 -179.999985 141.726120 180.000000 179.999985 154.509598
-8.327353 97.320595 9.868746 91.254486 -172.482666 171.494400 32.418385 -64.522850 -23.747469 120.409172 128.779922 137.457565 14.026859 -3.656437 12.965982 3.973313 3.185356 6.066134 5.967941 21.467901 -0.780615 173.226913 -165.888077 -175.451324 0.516547 5.845247 -0.364775 0.516400 5.735136 -0.644371 2.537629 4.204204 -0.601443 0.000072 3.647442 2.068294 0.000058 4.255342 2.142108 166.336502 176.671570 -179.495590 5.157569 1.034979 0.376882 10.195602 -5.696551 81.019264 176.061737 177.687912 -179.483932 173.722519 176.488495 175.742676 35.541092 46.014648 15.997490 180.000000 179.999985 -163.052216 0.000000 -0.000000 11.287223 0.000000 -0.000000 0.000000 14.999999 0.000004 30.992079 0.000004 0.000003 25.357143 180.000000 180.000000 -162.249985 0.000000 -0.000000 0.000000 179.999985 -179.999985 -147.235291 180.000000 180.000000 -147.235275 0.000012 -0.000009 21.821297 0.000000 -0.000000 0.000000 170.000000 -179.999985 -152.757477 179.999985 -179.999985 -152.757492 180.000000 -179.999985 -161.856476 0.000000 -0.000000 0.000000 160.000015 180.000000 -159.445618 0.000006 0.000009 30.831579 180.000000 -179.999985 -159.466187 176.561447 -179.999725 177.912857 171.758636 -175.410980 101.552055 178.961334 178.322983 179.445999 8.018245 1.806249 3.829450 129.960327 122.586845 154.804352 180.000000 -179.999985 167.443970 180.000000 -180.000000 171.637680 0.000002 0.000000 -0.000003 165.000015 -179.999985 149.998810 0.000006 0.000004 -24.546417 0.000000 -0.000001 -17.182493 0.000002 0.000000 -0.000003 0.000004 0.000010 -32.626282 180.000000 -180.000000 147.373718 179.999985 179.999985 158.270905 0.000002 0.000000 -0.000003 9.999993 -0.000006 -31.402973 180.000000 179.999985 148.597015 180.000000 -180.000000 159.085617 0.000002 0.000000 -0.000003 20.000002 0.000003 -25.510502 179.999985 -180.000000 141.734238 0.000009 0.000007 -25.484993
-8.604346 97.213623 9.949929 91.599335 -172.534622 171.883530 31.480469 -62.720547 -22.277428 122.202934 130.400253 139.501297 14.145945 -3.774483 12.886558 3.421296 3.252847 5.582608 6.354542 21.722895 -0.759308 173.033203 -165.717499 -175.401367 0.492583 5.755136 -0.421111 0.492452 5.647291 -0.735611 2.436890 4.146182 -0.734904 179.999985 176.272095 -177.921463 179.999985 175.650772 -177.847229 166.222626 176.602356 -179.511414 5.183028 0.927942 0.381749 9.737895 -5.399755 81.238770 175.831085 177.387436 -179.529648 173.751068 176.537659 175.774231 35.530407 46.091812 16.010643 179.999939 179.999985 -163.056030 179.999969 179.999985 -168.715347 0.000000 0.000000 -0.000003 14.999984 -0.000015 30.987400 179.999985 -179.999985 -154.646698 0.000005 -0.000015 17.747335 0.000000 0.000000 -0.000003 179.999954 -179.999969 -147.286194 179.999985 -179.999954 -147.286179 0.000006 -0.000043 21.787397 0.000000 0.000000 -0.000003 169.999893 -179.999924 -152.826706 179.999924 -179.999863 -152.826691 179.999985 -179.999924 -161.902557 0.000000 0.000000 -0.000003 159.999969 -179.999985 -159.432037 179.999954 -179.999954 -149.148071 180.000000 -179.999939 -159.452576 176.566208 179.986740 177.903595 171.834183 -175.542099 101.551659 179.011368 178.243073 179.454102 8.081335 1.868706 3.757380 130.007889 122.666252 154.875046 179.999878 -179.999969 167.442535 179.999924 -179.999985 171.636734 0.000007 -0.000000 0.000002 164.999954 -179.999985 150.007812 179.999954 179.999985 155.460938 179.999985 179.999985 162.822647 0.000007 -0.000000 0.000002 179.999969 -179.999985 147.397141 179.999969 179.999985 147.397125 179.999985 179.999985 158.286514 0.000007 -0.000000 0.000002 9.999974 -0.000015 -31.384781 179.999985 179.999985 148.615189 179.999969 179.999985 159.097733 0.000007 -0.000000 0.000002 19.999966 -0.000013 -25.489323 179.999954 179.999985 141.766037 179.999985 179.999969 154.536148
-8.924019 97.107887 10.007746 91.934822 -172.629929 172.197556 30.298252 -60.797951 -20.375078 124.169739 132.178329 141.686218 14.140623 -3.834928 12.489646 3.321964 3.267735 5.300175 6.347717 21.972822 -0.803373 172.759018 -165.605469 -175.408417 0.471349 5.632598 -0.469377 0.471227 5.527210 -0.813979 2.347757 4.062575 -0.850501 179.999985 176.184113 -177.890747 179.999985 175.548126 -177.815430 166.121948 176.524551 -179.515762 5.123527 1.003882 0.401989 9.346147 -5.259958 81.496536 175.588043 177.052826 -179.622345 173.756470 176.532776 175.753906 35.649841 46.165493 16.109516 179.999954 179.999969 -163.072495 179.999969 179.999985 -168.726242 180.000000 180.000000 179.999985 15.000021 0.000016 30.973248 0.000000 0.000017 25.341772 180.000000 179.999985 -162.260788 180.000000 180.000000 179.999985 0.000288 0.000151 32.621773 0.000155 0.000269 32.621773 180.000000 179.999786 -158.273911 180.000000 180.000000 179.999985 169.999939 -179.999969 -152.867584 179.999954 -179.999924 -152.867615 179.999985 -179.999939 -161.929810 180.000000 180.000000 179.999985 160.000015 180.000000 -159.452988 180.000000 -179.999985 -149.179504 180.000000 -179.999985 -159.473526 176.587128 179.984070 177.907837 171.838379 -175.752686 101.536079 179.040070 178.303284 179.483612 8.142422 1.915059 3.674383 130.078339 122.764290 155.007904 179.999863 -179.999954 167.457458 179.999908 -179.999985 171.646652 0.000002 -0.000000 0.000000 165.000076 179.999985 150.040100 0.000056 -0.000034 -24.512615 0.000046 -0.000028 -17.158838 0.000002 -0.000000 0.000000 179.999939 -179.999985 147.404236 179.999954 179.999969 147.404236 179.999985 179.999969 158.291214 0.000002 -0.000000 0.000000 9.999982 0.000009 -31.378349 179.999985 -179.999985 148.621643 0.000008 0.000015 -20.897964 0.000002 -0.000000 0.000000 19.999987 0.000005 -25.478470 179.999985 179.999985 141.782303 179.999985 179.999985 154.547028
-9.273004 96.995667 10.053056 92.297462 -172.752075 172.508041 29.550331 -59.465027 -19.255817 126.814156 132.968582 144.180038 13.361167 -3.653198 11.974160 3.352034 3.272422 5.067125 6.155277 22.268057 -0.883671 172.495102 -165.450317 -175.426468 0.452289 5.477034 -0.519841 0.452179 5.374743 -0.895987 2.267439 3.955277 -0.970552 179.999985 176.078751 -177.842957 179.999985 175.425232 -177.765900 165.980591 176.429947 -179.515823 5.038888 1.097471 0.379803 8.960036 -5.079200 81.817467 175.344864 176.730438 -179.710724 173.778625 176.561829 175.700943 35.811382 46.241840 16.305880 179.999832 179.999908 -163.058914 179.999863 179.999985 -168.717239 180.000000 -180.000000 -179.999985 14.999946 -0.000033 30.998352 179.999969 -179.999954 -154.637711 180.000000 -179.999954 -162.246399 180.000000 -180.000000 -179.999985 179.999908 -179.999954 -147.228424 179.999939 -179.999908 -147.228455 180.000000 -179.999924 -158.174164 180.000000 -180.000000 -179.999985 169.999817 -179.999924 -152.868164 179.999847 -179.999847 -152.868164 179.999969 -179.999863 -161.930176 180.000000 -180.000000 -179.999985 159.999924 -179.999969 -159.441360 179.999908 -179.999939 -149.162003 179.999985 -179.999908 -159.461899 176.573135 179.945084 177.911423 172.054520 -175.951202 101.561157 179.061325 178.193375 179.455795 8.194239 1.956374 3.593866 130.146088 122.842957 155.148758 179.999893 -179.999969 167.480835 179.999939 -179.999985 171.662231 0.000000 -0.000000 0.000000 164.999908 -179.999985 150.000137 179.999924 179.999985 155.454636 179.999969 179.999969 162.818253 0.000000 -0.000000 0.000000 179.999908 -179.999985 147.410980 179.999939 179.999954 147.410980 179.999969 179.999954 158.295715 0.000000 -0.000000 0.000000 9.999956 -0.000006 -31.376961 179.999985 179.999985 148.623077 180.000000 179.999985 159.102966 0.000000 -0.000000 0.000000 19.999954 -0.000009 -25.481462 179.999954 179.999985 141.777786 179.999985 179.999969 154.544006
-9.638299 96.879410 10.080788 92.691132 -172.882690 172.816223 28.731785 -58.176430 -18.200289 129.002274 133.909332 146.195984 12.951451 -3.451910 11.547149 3.514822 3.264403 4.890512 5.670140 22.490261 -1.026339 172.344284 -165.390076 -175.485367 0.415464 5.346646 -0.576113 0.415339 5.246823 -0.986820 2.105753 3.863467 -1.108371 0.000029 4.005326 2.216196 0.000022 4.672886 2.295344 165.913300 176.352264 -179.500473 5.029303 1.094793 0.362106 8.614873 -4.873846 82.136154 175.083023 176.377625 -179.780212 173.788757 176.490234 175.697678 35.904133 46.259499 16.279484 179.999863 179.999908 -163.115860 179.999893 179.999969 -168.755157 180.000000 180.000000 -179.999985 14.999905 -0.000032 30.985050 179.999954 -179.999939 -154.648590 179.999985 -179.999954 -162.254013 180.000000 180.000000 -179.999985 179.999893 -179.999985 -147.247894 179.999939 -179.999893 -147.247925 179.999985 -179.999924 -158.187134 180.000000 180.000000 -179.999985 169.999847 -179.999969 -152.915497 179.999893 -179.999893 -152.915512 179.999969 -179.999908 -161.961716 180.000000 180.000000 -179.999985 159.999969 -179.999985 -159.461182 179.999924 -179.999939 -149.191757 179.999985 -179.999954 -159.481689 176.644043 179.993164 177.916214 172.283401 -176.170746 101.609413 179.071030 178.039597 179.405411 8.234836 1.925977 3.520561 130.180023 122.871773 155.239944 179.999939 -179.999985 167.504654 179.999969 180.000000 171.678085 180.000000 -180.000000 180.000000 164.999908 -179.999985 150.017120 179.999939 179.999969 155.468567 179.999985 179.999969 162.827988 180.000000 -180.000000 180.000000 179.999908 -179.999985 147.424835 179.999908 179.999969 147.424835 179.999985 179.999939 158.304947 180.000000 -180.000000 180.000000 9.999954 -0.000009 -31.372005 179.999954 179.999985 148.627991 180.000000 179.999969 159.106247 180.000000 -180.000000 180.000000 19.999973 0.000014 -25.473793 179.999939 179.999985 141.789322 179.999985 179.999969 154.551682
-10.019934 96.763168 10.093231 93.109543 -173.014130 173.121460 27.650349 -56.681465 -16.993591 131.845718 134.897141 148.755249 12.187541 -3.134870 11.165388 3.827046 3.233108 4.783740 4.985107 22.744692 -1.227873 172.199173 -165.363480 -175.552887 0.376094 5.212082 -0.633398 0.375992 5.114738 -1.079257 1.931662 3.767170 -1.248704 0.000060 4.096467 2.285043 0.000061 4.779200 2.366648 165.829651 176.267456 -179.481750 4.996036 1.081256 0.348960 8.301242 -4.663095 82.482697 174.855820 176.060089 -179.931473 173.761200 176.355652 175.766907 35.957165 46.222809 16.223509 179.999847 179.999893 -163.159653 179.999893 179.999969 -168.784348 0.000000 -0.000000 0.000000 14.999941 -0.000017 30.962095 179.999969 -179.999954 -154.667419 179.999985 -179.999954 -162.267181 0.000000 -0.000000 0.000000 179.999878 -179.999969 -147.267487 179.999908 -179.999908 -147.267487 179.999985 -179.999908 -158.200150 0.000000 -0.000000 0.000000 170.000214 179.999969 -153.000687 0.000147 0.000142 26.999306 0.000064 0.000118 17.981527 0.000000 -0.000000 0.000000 159.999908 -179.999985 -159.467987 179.999893 -179.999924 -149.201996 179.999969 -179.999924 -159.488525 176.708694 -179.967102 177.909592 172.541931 -176.394089 101.675606 179.079361 178.052078 179.368927 8.259502 2.058051 3.457127 130.203598 122.878983 155.315948 180.000000 -179.999985 167.529602 180.000000 -180.000000 171.694733 180.000000 180.000000 -179.999985 164.999893 -179.999985 150.030655 179.999924 179.999969 155.479660 179.999954 179.999969 162.835739 180.000000 180.000000 -179.999985 179.999893 -179.999985 147.438782 179.999908 179.999939 147.438782 179.999954 179.999939 158.314255 180.000000 180.000000 -179.999985 9.999915 -0.000001 -31.369030 179.999939 179.999969 148.630966 179.999969 179.999969 159.108215 180.000000 180.000000 -179.999985 19.999931 -0.000019 -25.469831 179.999924 179.999969 141.795227 179.999985 179.999939 154.555618
-10.415323 96.642555 10.100057 93.553856 -173.151108 173.413818 26.911976 -55.803883 -16.563339 133.659286 135.432571 150.301407 12.014263 -2.891874 10.984674 3.949600 3.184199 4.634410 4.422615 23.030796 -1.385550 172.110138 -165.265640 -175.581070 0.335279 5.073476 -0.688780 0.335155 4.978647 -1.168563 1.749278 3.666401 -1.384891 0.000103 4.192518 2.360314 0.000064 4.891255 2.444591 165.723114 176.177628 -179.461761 4.925817 1.038694 0.335315 8.122828 -4.360014 82.706032 174.689651 175.804337 -179.968689 173.746674 176.236099 175.877090 35.992657 46.172333 16.147560 179.999832 179.999863 -163.203186 179.999863 179.999954 -168.813309 0.000003 0.000000 -0.000003 14.999920 -0.000010 30.948372 179.999954 -179.999954 -154.678650 179.999985 -179.999954 -162.275040 0.000003 0.000000 -0.000003 179.999847 -179.999985 -147.292236 179.999893 -179.999908 -147.292206 179.999985 -179.999893 -158.216629 0.000003 0.000000 -0.000003 169.999847 -179.999985 -152.899643 179.999863 -179.999893 -152.899643 179.999954 -179.999908 -161.951141 0.000003 0.000000 -0.000003 159.999908 -179.999985 -159.485947 179.999908 -179.999939 -149.228928 179.999969 -179.999908 -159.506470 176.764099 -179.934860 177.893311 172.827698 -176.614716 101.754440 179.092194 178.052139 179.327225 8.271866 2.192052 3.399194 130.230057 122.882339 155.361771 0.000049 0.000019 -12.461446 0.000037 0.000006 -8.299333 0.000002 0.000000 -0.000002 164.999908 -179.999985 150.051941 179.999939 179.999985 155.497055 179.999985 179.999969 162.847931 0.000002 0.000000 -0.000002 179.999893 -179.999985 147.458450 179.999893 179.999954 147.458435 179.999985 179.999924 158.327316 0.000002 0.000000 -0.000002 9.999894 -0.000019 -31.358782 179.999908 179.999954 148.641220 179.999969 179.999939 159.115051 0.000002 0.000000 -0.000002 19.999905 -0.000000 -25.460489 179.999893 179.999969 141.809265 179.999954 179.999939 154.564987
-10.832950 96.522179 10.102549 94.024315 -173.282043 173.690414 25.923576 -54.449532 -15.728532 134.674942 136.727005 151.309387 12.526047 -2.843966 10.976315 4.100577 3.170298 4.496717 3.841562 23.288267 -1.540074 171.995041 -165.162369 -175.578293 0.293110 4.936456 -0.741197 0.293034 4.844051 -1.252962 1.559339 3.565094 -1.514380 0.000104 4.292688 2.436426 0.000072 5.008121 2.523413 165.596680 176.084183 -179.443558 4.857690 1.020950 0.320187 7.909994 -4.109073 82.946884 174.509094 175.495148 179.963440 173.739059 176.131378 176.019318 36.235043 46.241722 16.295885 179.999985 179.999969 -163.247803 179.999985 179.999985 -168.843033 0.000000 -0.000002 0.000000 14.999887 -0.000014 30.927958 179.999924 -179.999954 -154.695312 179.999985 -179.999939 -162.286728 0.000000 -0.000002 0.000000 179.999847 -179.999985 -147.327744 179.999878 -179.999908 -147.327759 179.999985 -179.999893 -158.240280 0.000000 -0.000002 0.000000 169.999817 -179.999985 -152.934326 179.999847 -179.999908 -152.934341 179.999939 -179.999908 -161.974274 0.000000 -0.000002 0.000000 159.999908 179.999985 -159.500183 179.999863 -179.999939 -149.250275 179.999954 -179.999908 -159.520676 176.811691 -179.911835 177.874847 173.185150 -176.810608 101.847748 179.121048 177.977264 179.271484 8.274382 2.333443 3.345725 130.231049 122.867043 155.351074 0.000086 0.000030 -12.464851 0.000058 0.000006 -8.301582 0.000003 -0.000003 0.000003 164.999908 -179.999985 150.071640 179.999954 179.999969 155.513168 179.999969 179.999985 162.859222 0.000003 -0.000003 0.000003 179.999893 -179.999985 147.484085 179.999908 179.999969 147.484070 179.999969 179.999954 158.344391 0.000003 -0.000003 0.000003 9.999787 -0.000027 -31.354519 179.999817 179.999908 148.645493 179.999908 179.999893 159.117889 0.000003 -0.000003 0.000003 19.999912 -0.000012 -25.445164 179.999847 179.999969 141.832260 179.999939 179.999924 154.580276
-11.265458 96.403755 10.098214 94.510620 -173.396271 173.947052 24.937639 -53.054092 -14.941218 136.515152 137.896973 152.968552 12.379333 -2.687519 10.973042 4.317559 3.169530 4.380122 3.299702 23.538561 -1.671808 171.769714 -165.056488 -175.532013 0.251076 4.805938 -0.789026 0.250972 4.715783 -1.329850 1.368436 3.467003 -1.633106 0.000095 4.396636 2.508090 0.000063 5.129395 2.597625 165.453293 175.988052 -179.430252 4.749178 0.956481 0.305905 7.728942 -3.815953 83.172958 174.346909 175.158310 179.899948 173.726059 176.001297 176.201645 35.533806 45.794064 15.189149 179.999847 179.999893 -163.410645 179.999893 179.999954 -168.951523 0.000000 -0.000000 0.000000 14.999961 -0.000002 30.876137 179.999969 -179.999985 -154.737686 179.999985 -179.999985 -162.316406 0.000000 -0.000000 0.000000 179.999924 -179.999985 -147.379303 179.999954 -179.999969 -147.379303 179.999985 -179.999969 -158.274612 0.000000 -0.000000 0.000000 169.999908 -179.999985 -152.994064 179.999939 -179.999985 -152.994064 179.999985 -179.999954 -162.014053 0.000000 -0.000000 0.000000 159.999969 179.999985 -159.536316 179.999969 -179.999985 -149.304489 179.999985 -179.999985 -159.556778 176.855087 -179.902283 177.850967 173.363876 -177.030762 101.919220 179.164948 178.053680 179.263062 8.277155 2.474941 3.292606 130.231293 122.844246 155.285095 0.000062 0.000027 -12.494329 0.000047 0.000007 -8.321244 0.000000 -0.000000 0.000000 164.999939 -179.999985 150.097153 179.999969 179.999985 155.534042 179.999969 179.999985 162.873825 0.000000 -0.000000 0.000000 179.999893 -179.999969 147.511887 179.999924 179.999969 147.511917 179.999969 179.999954 158.362915 0.000000 -0.000000 0.000000 9.999874 -0.000023 -31.284401 179.999878 179.999954 148.715607 179.999954 179.999924 159.164612 0.000000 -0.000000 0.000000 19.999886 -0.000018 -25.421881 179.999832 179.999954 141.867157 179.999939 179.999908 154.603531
-11.715617 96.288864 10.088197 95.001152 -173.508545 174.176254 23.954258 -51.622524 -14.164996 138.541367 139.084549 154.774033 12.055407 -2.549922 10.935885 4.533289 3.185180 4.276330 2.795343 23.766474 -1.770754 171.519577 -164.939713 -175.473862 0.212265 4.678320 -0.831010 0.212218 4.590360 -1.397309 1.190981 3.370354 -1.737568 0.000086 4.500484 2.571889 0.000043 5.250544 2.663695 165.289719 175.892792 -179.423492 4.628556 0.878823 0.284026 7.517112 -3.514064 83.390976 174.217361 174.791916 179.844208 173.748154 175.975037 176.349960 36.105061 46.089996 15.768411 179.999863 179.999878 -163.425827 179.999893 179.999954 -168.961594 0.000005 0.000000 -0.000003 14.999963 0.000004 30.854851 179.999985 -179.999985 -154.755127 179.999985 -179.999985 -162.328583 0.000005 0.000000 -0.000003 179.999954 179.999985 -147.404114 179.999939 -179.999969 -147.404114 179.999985 -179.999954 -158.291138 0.000005 0.000000 -0.000003 169.999954 179.999985 -153.025177 179.999939 -179.999985 -153.025177 179.999985 -179.999969 -162.034775 0.000005 0.000000 -0.000003 159.999969 179.999985 -159.544907 179.999939 -179.999985 -149.317352 179.999985 -179.999969 -159.565369 176.892212 -179.895721 177.830322 173.510849 -177.243637 101.991379 179.228241 178.163422 179.276337 8.286234 2.661853 3.232069 130.194748 122.803879 155.178543 0.000055 0.000020 -12.522677 0.000039 0.000011 -8.340097 0.000000 0.000000 -0.000002 164.999954 -179.999985 150.121002 179.999969 179.999985 155.553558 179.999985 179.999985 162.887482 0.000000 0.000000 -0.000002 179.999924 -179.999985 147.544800 179.999924 179.999985 147.544800 179.999985 179.999954 158.384842 0.000000 0.000000 -0.000002 9.999873 -0.000034 -31.238089 179.999878 179.999969 148.761917 179.999954 179.999939 159.195435 0.000000 0.000000 -0.000002 19.999815 -0.000053 -25.402325 179.999725 179.999969 141.896530 179.999847 179.999847 154.623077
-12.182126 96.176575 10.067809 95.492577 -173.621231 174.379623 23.131800 -50.301830 -13.505517 140.597015 140.195129 156.562485 11.573723 -2.394771 10.827475 4.816997 3.226682 4.195032 2.230394 23.956341 -1.846418 171.272675 -164.811325 -175.423660 0.177368 4.553482 -0.866884 0.177321 4.467650 -1.454901 1.030105 3.275450 -1.827033 0.000072 4.597946 2.627248 0.000027 5.364254 2.721025 165.101868 175.803680 -179.422729 4.504030 0.796411 0.255616 7.279118 -3.201314 83.586510 174.134369 174.424515 179.811737 173.772491 175.941864 176.489624 36.169815 46.110584 15.655147 179.999908 179.999908 -163.514832 179.999924 179.999969 -169.020889 0.000000 -0.000000 0.000000 14.999963 -0.000002 30.832550 179.999985 -179.999985 -154.773392 179.999985 -179.999985 -162.341370 0.000000 -0.000000 0.000000 179.999954 179.999985 -147.437164 179.999969 -179.999985 -147.437180 179.999985 -179.999985 -158.313141 0.000000 -0.000000 0.000000 169.999969 -179.999985 -153.055450 179.999985 -179.999985 -153.055435 179.999985 -179.999985 -162.054947 0.000000 -0.000000 0.000000 159.999954 179.999985 -159.561508 179.999954 180.000000 -149.342270 179.999969 -179.999985 -159.581940 176.915619 -179.891556 177.812729 173.623520 -177.452805 102.065285 179.301636 178.122192 179.284195 8.307997 2.700969 3.158503 130.188171 122.785561 155.112305 0.000046 0.000022 -12.549589 0.000032 0.000011 -8.358012 0.000000 -0.000000 0.000000 164.999969 -179.999985 150.143860 179.999969 179.999985 155.572250 179.999985 179.999985 162.900574 0.000000 -0.000000 0.000000 179.999939 -179.999985 147.587479 179.999939 179.999985 147.587479 179.999969 179.999969 158.413254 0.000000 -0.000000 0.000000 9.999907 -0.000034 -31.177057 179.999908 179.999985 148.822937 179.999969 179.999954 159.236084 0.000000 -0.000000 0.000000 19.999914 -0.000030 -25.294142 179.999847 -180.000000 142.058792 179.999939 179.999924 154.731140
-12.663497 96.069328 10.033550 95.974068 -173.730637 174.567657 22.205744 -48.478859 -12.491370 142.860107 141.899277 158.554260 10.944428 -2.183135 10.622755 5.089906 3.284080 4.138810 1.703010 24.129379 -1.913835 171.008392 -164.672989 -175.379456 0.147579 4.432270 -0.898958 0.147542 4.348521 -1.506535 0.892191 3.183531 -1.906279 0.000068 4.686476 2.672437 0.000013 5.467538 2.767830 164.897430 175.723083 -179.428024 4.370293 0.744257 0.236326 7.013244 -2.940682 83.782326 174.062988 174.063400 179.766769 173.799408 175.893265 176.606339 36.338486 46.198124 15.634476 0.000000 0.000000 16.384136 180.000000 180.000000 -169.088181 180.000000 -179.999985 -179.999985 14.999968 0.000002 30.814251 179.999985 -179.999985 -154.788330 179.999985 -179.999985 -162.351822 180.000000 -179.999985 -179.999985 179.999969 -180.000000 -147.468033 179.999985 -179.999985 -147.468033 179.999985 -179.999985 -158.333710 180.000000 -179.999985 -179.999985 169.999985 -179.999985 -153.077576 179.999985 180.000000 -153.077591 179.999985 -180.000000 -162.069672 180.000000 -179.999985 -179.999985 159.999985 -179.999985 -159.584381 179.999985 179.999985 -149.376572 179.999985 -179.999985 -159.604782 176.894684 -179.916077 177.803497 173.724503 -177.633972 102.140968 179.382782 178.083832 179.307343 8.343593 2.741163 3.075939 130.173462 122.770576 155.032272 0.000034 0.000023 -12.579764 0.000030 0.000011 -8.378139 0.000002 -0.000000 0.000002 164.999969 -179.999985 150.166138 179.999985 -180.000000 155.590500 179.999985 179.999985 162.913330 0.000002 -0.000000 0.000002 179.999954 -179.999985 147.626724 179.999954 179.999985 147.626724 179.999985 179.999985 158.439423 0.000002 -0.000000 0.000002 9.999939 -0.000033 -31.122593 179.999939 179.999985 148.877426 179.999985 179.999969 159.272354 0.000002 -0.000000 0.000002 19.999935 -0.000039 -25.234037 179.999893 179.999985 142.148956 179.999924 179.999969 154.791214
-13.156192 95.963791 9.985723 96.442856 -173.842972 174.747437 21.669235 -47.024612 -11.898610 145.340836 143.204208 160.634949 9.882661 -1.797294 10.301105 5.262297 3.356444 4.099734 1.234418 24.287508 -1.983127 170.793716 -164.517334 -175.367599 0.122686 4.313809 -0.928187 0.122663 4.232117 -1.553774 0.776441 3.094171 -1.977571 0.000043 4.764879 2.708010 0.000024 5.559015 2.804674 164.681702 175.651978 -179.438400 4.296724 0.563855 0.194980 6.700601 -2.524021 83.966476 174.057953 173.764709 179.774536 173.832687 175.831512 176.691956 36.012836 45.997940 15.258110 180.000000 -180.000000 -163.623428 180.000000 -180.000000 -169.093185 0.000002 -0.000002 0.000002 14.999987 0.000011 30.787939 179.999985 -179.999985 -154.809906 179.999985 -179.999985 -162.366913 0.000002 -0.000002 0.000002 179.999985 179.999985 -147.497513 179.999985 179.999985 -147.497528 179.999985 -179.999985 -158.353363 0.000002 -0.000002 0.000002 170.000000 -180.000000 -153.095856 179.999985 179.999985 -153.095856 180.000000 -180.000000 -162.081833 0.000002 -0.000002 0.000002 160.000000 179.999985 -159.599762 179.999985 -179.999985 -149.399643 179.999985 179.999985 -159.620148 176.966888 -179.847992 177.804001 173.685623 -177.909592 102.202087 179.466110 178.056961 179.340393 8.385642 2.802175 2.983908 130.253586 122.808632 155.052063 180.000000 -179.999985 167.383240 0.000000 0.000000 -8.402776 0.000000 0.000002 0.000002 164.999985 -179.999985 150.189316 179.999985 179.999985 155.609436 179.999985 179.999985 162.926605 0.000000 0.000002 0.000002 179.999924 -179.999969 147.651672 179.999893 179.999985 147.651657 179.999954 179.999954 158.456009 0.000000 0.000002 0.000002 9.999949 -0.000022 -31.071039 179.999939 -179.999985 148.928955 179.999985 179.999985 159.306671 0.000000 0.000002 0.000002 19.999937 -0.000031 -25.177822 179.999893 -179.999985 142.233261 179.999954 179.999954 154.847336
-13.661697 95.859268 9.927578 96.894348 -173.960800 174.928909 21.265593 -45.553524 -11.455374 146.339569 144.692169 161.710068 9.886133 -1.566373 10.031665 5.324509 3.452060 4.070489 0.869172 24.417068 -2.060292 170.592896 -164.356918 -175.374283 0.103390 4.196545 -0.957190 0.103386 4.116915 -1.600979 0.686685 3.006623 -2.046473 0.000039 4.832864 2.736916 0.000003 5.638327 2.834620 164.447617 175.590179 -179.452545 4.198104 0.499346 0.178872 6.399441 -2.214329 84.083359 174.086517 173.496933 179.812881 173.878601 175.747757 176.751541 35.435535 45.623852 14.765310 179.999588 179.999725 -163.547318 179.999695 179.999908 -169.042511 180.000000 180.000000 -180.000000 14.999997 0.000004 30.761614 179.999985 -180.000000 -154.831390 179.999985 180.000000 -162.381973 180.000000 180.000000 -180.000000 180.000000 -179.999985 -147.527481 179.999985 -179.999985 -147.527481 179.999985 -179.999985 -158.373306 180.000000 180.000000 -180.000000 170.000000 179.999985 -153.105148 0.000001 -0.000006 26.894859 180.000000 -179.999985 -162.088028 180.000000 180.000000 -180.000000 160.000015 -179.999985 -159.612045 0.000008 -0.000002 30.581936 0.000016 0.000001 20.367575 177.037460 -179.763229 177.811264 173.614990 -178.194977 102.259628 179.551346 178.040207 179.381256 8.485991 2.728425 2.914760 130.075577 122.748222 154.863190 0.000011 0.000013 -12.611148 0.000009 0.000001 -8.399035 0.000000 -0.000000 0.000000 164.999985 -179.999985 150.209732 179.999985 -179.999985 155.626160 179.999985 179.999985 162.938309 0.000000 -0.000000 0.000000 179.999969 -179.999985 147.727493 179.999969 -180.000000 147.727509 179.999985 179.999985 158.506531 0.000000 -0.000000 0.000000 9.999984 -0.000008 -31.032152 179.999985 -179.999985 148.967865 179.999985 179.999985 159.332596 0.000000 -0.000000 0.000000 19.999966 -0.000020 -25.129797 179.999954 -180.000000 142.305298 179.999969 179.999985 154.895309
-14.180058 95.753563 9.860999 97.327026 -174.071777 175.123627 21.123875 -44.090729 -11.166330 146.994583 146.178787 162.582672 9.992869 -1.285882 9.853401 5.304361 3.580726 4.041911 0.550261 24.520939 -2.152671 170.436722 -164.187851 -175.406982 0.088677 4.084241 -0.988016 0.088661 4.006624 -1.651470 0.618677 2.923513 -2.117808 0.000030 4.882290 2.756094 180.000000 174.304016 -177.145508 164.251358 175.545273 -179.466232 4.115000 0.450034 0.174127 6.135536 -1.907414 84.173042 174.134232 173.310852 179.862411 173.900803 175.738297 176.774551 36.280415 46.193691 15.242626 179.999985 179.999985 -163.786331 180.000000 180.000000 -169.201706 180.000000 -180.000000 180.000000 14.999993 0.000003 30.748964 0.000003 -0.000001 25.158237 180.000000 -179.999985 -162.389221 180.000000 -180.000000 180.000000 179.999985 179.999985 -147.547455 180.000000 179.999985 -147.547470 180.000000 -179.999985 -158.386612 180.000000 -180.000000 180.000000 170.000000 179.999985 -153.101730 179.999985 -180.000000 -153.101746 180.000000 -179.999985 -162.085754 180.000000 -180.000000 180.000000 160.000015 -179.999985 -159.605072 0.000037 0.000004 30.592373 0.000016 0.000014 20.374529 177.115372 -179.661743 177.825912 173.515366 -178.487213 102.309975 179.640152 178.044434 179.421768 8.556100 2.752675 2.837497 130.175980 122.811279 154.957779 0.000003 0.000002 -12.624994 0.000005 0.000005 -8.408237 180.000000 180.000000 -180.000000 164.999985 -179.999985 150.231628 179.999985 179.999985 155.644058 179.999985 179.999985 162.950821 180.000000 180.000000 -180.000000 179.999985 -179.999985 147.771912 179.999985 179.999985 147.771942 179.999985 179.999985 158.536087 180.000000 180.000000 -180.000000 9.999981 -0.000008 -30.998512 179.999985 -180.000000 149.001495 179.999985 179.999985 159.354996 180.000000 180.000000 -180.000000 19.999969 -0.000018 -25.088505 179.999969 -179.999985 142.367249 179.999985 179.999985 154.936569
-14.712779 95.645905 9.793194 97.742111 -174.179260 175.336273 21.071459 -42.640434 -11.013975 147.461746 147.597656 163.373474 10.061229 -1.062035 9.769850 5.221753 3.741818 3.998097 0.298107 24.595705 -2.252458 170.288620 -164.012329 -175.440704 0.078787 3.975232 -1.021541 0.078775 3.899603 -1.706738 0.573636 2.843831 -2.193563 0.000036 4.923392 2.771010 179.999985 174.256042 -177.130051 164.050201 175.507751 -179.481430 4.034247 0.412528 0.186678 5.917808 -1.608955 84.227966 174.181000 173.181229 179.916473 173.954727 175.687851 176.801270 36.237148 46.178791 15.150891 180.000000 180.000000 -163.810593 180.000000 -180.000000 -169.217834 0.000000 -0.000005 0.000000 14.999991 0.000001 30.734032 0.000006 -0.000010 25.146027 180.000000 -180.000000 -162.397781 0.000000 -0.000005 0.000000 179.999985 179.999985 -147.567123 0.000001 -0.000008 32.432861 180.000000 -179.999985 -158.399704 0.000000 -0.000005 0.000000 170.000000 -179.999985 -153.130676 0.000006 0.000000 26.869318 0.000001 0.000007 17.894972 0.000000 -0.000005 0.000000 160.000000 180.000000 -159.554016 179.999985 179.999985 -149.331039 179.999985 -179.999985 -159.574493 177.200974 -179.544724 177.846146 173.388123 -178.784042 102.353264 179.730545 178.069656 179.459305 8.626960 2.765962 2.774726 130.156006 122.826950 154.945602 0.000067 0.000044 -12.623510 0.000048 0.000017 -8.407266 180.000000 -179.999985 -179.999985 164.999985 -179.999985 150.259598 179.999985 -179.999985 155.666946 179.999985 179.999985 162.966873 180.000000 -179.999985 -179.999985 179.999985 -179.999985 147.804657 179.999985 179.999985 147.804642 179.999985 179.999985 158.557907 180.000000 -179.999985 -179.999985 9.999985 0.000003 -30.972897 0.000000 0.000000 -30.972889 179.999985 180.000000 159.372055 180.000000 -179.999985 -179.999985 19.999985 -0.000000 -25.051405 179.999985 179.999985 142.422882 179.999985 179.999985 154.973648
-15.247348 95.537086 9.724410 98.148415 -174.288513 175.554703 20.968445 -41.158916 -10.960876 147.996521 148.951050 164.293213 10.147496 -0.698906 9.625649 5.056350 3.923925 3.951535 0.171338 24.643707 -2.359550 170.097931 -163.839828 -175.462402 0.071168 3.862622 -1.057888 0.071135 3.789261 -1.766451 0.537917 2.762375 -2.274138 0.000045 4.965665 2.788957 0.000018 5.793263 2.888558 163.846207 175.468796 -179.495880 3.959551 0.387444 0.206403 5.700198 -1.315826 84.270775 174.235596 173.071350 179.982895 174.022614 175.634811 176.830353 36.235397 46.200512 15.113090 0.000118 -0.000019 16.166796 0.000082 0.000007 10.767082 0.000000 -0.000002 0.000000 14.999941 0.000019 30.726217 179.999954 -179.999985 -154.860397 179.999969 -179.999985 -162.402298 0.000000 -0.000002 0.000000 179.999908 179.999985 -147.572678 179.999924 -179.999985 -147.572693 179.999969 -179.999954 -158.403412 0.000000 -0.000002 0.000000 169.999924 179.999985 -153.114914 179.999924 -179.999985 -153.114899 179.999969 -179.999954 -162.094574 0.000000 -0.000002 0.000000 160.000015 -180.000000 -159.604233 0.000022 0.000008 30.593643 0.000006 0.000002 20.375368 177.301636 -179.410233 177.867279 173.227417 -179.099686 102.390556 179.827606 178.120132 179.504333 8.724057 2.780440 2.707305 131.093658 123.202759 155.911179 0.000005 0.000001 -12.676155 0.000010 0.000008 -8.442321 0.000000 0.000002 0.000003 164.999924 -179.999985 150.298615 179.999954 179.999985 155.698868 179.999954 179.999985 162.989212 0.000000 0.000002 0.000003 179.999893 -179.999969 147.849594 179.999908 179.999969 147.849594 179.999985 179.999939 158.587799 0.000000 0.000002 0.000003 10.000015 0.000014 -30.938435 0.000016 0.000008 -30.938417 0.000009 -0.000009 -20.605000 0.000000 0.000002 0.000003 19.999968 0.000002 -25.004328 179.999954 179.999985 142.493530 179.999985 179.999985 155.020706
-15.806003 95.425331 9.662279 98.548401 -174.383377 175.811798 20.978968 -39.761044 -10.981003 148.063553 150.258759 164.842087 10.186011 -0.735317 9.821848 5.024112 4.122059 3.870779 179.877151 155.313065 177.528107 169.953079 -163.656631 -175.473587 0.066221 3.761392 -1.096981 0.066189 3.689919 -1.831376 0.517086 2.689340 -2.360575 0.000049 4.990088 2.792193 0.000031 5.821760 2.891888 163.670212 175.446838 -179.513138 3.877707 0.359889 0.251424 5.623252 -1.019059 84.275200 174.243439 173.047791 179.999451 174.047256 175.637802 176.828278 36.205147 46.206955 15.128592 0.000146 -0.000013 16.186405 0.000094 0.000020 10.780163 0.000000 -0.000000 0.000000 14.999878 0.000039 30.724792 179.999908 -179.999985 -154.861526 179.999954 -179.999954 -162.403076 0.000000 -0.000000 0.000000 0.000031 0.000003 32.385048 0.000024 0.000009 32.385033 0.000015 0.000023 21.568443 0.000000 -0.000000 0.000000 169.999863 179.999985 -153.117874 179.999863 -179.999969 -153.117889 179.999939 -179.999939 -162.096497 0.000000 -0.000000 0.000000 159.999664 179.999924 -159.514084 179.999496 -179.999939 -149.271164 179.999725 -179.999802 -159.534607 177.336121 -179.347183 177.889206 173.142761 -179.319168 102.430565 179.913895 178.184158 179.515991 8.734286 2.824327 2.687134 131.887863 123.469154 156.676773 0.000041 -0.000028 -12.737602 0.000021 -0.000028 -8.483238 0.000000 -0.000000 0.000000 164.999969 -179.999985 150.319473 179.999985 179.999985 155.715958 180.000000 179.999985 163.001175 0.000000 -0.000000 0.000000 179.999969 -179.999985 147.869339 179.999954 179.999985 147.869308 180.000000 179.999969 158.600967 0.000000 -0.000000 0.000000 10.000035 0.000006 -30.937107 0.000034 -0.000019 -30.937078 0.000011 -0.000021 -20.604103 0.000000 -0.000000 0.000000 19.999990 -0.000005 -24.996809 179.999985 -180.000000 142.504791 179.999985 179.999985 155.028198
-16.377111 95.314651 9.602907 98.892082 -174.473938 176.037109 20.879784 -38.417839 -10.940374 148.294037 151.376984 165.562210 9.839237 -1.003928 9.798232 5.127785 4.327794 3.819075 179.511749 155.282104 177.435425 169.816498 -163.476044 -175.480316 0.072196 3.665798 -1.126650 0.072169 3.596395 -1.881018 0.545150 2.623845 -2.424167 0.000052 5.014581 2.791365 0.000007 5.850328 2.891043 163.436951 175.424973 -179.537567 3.842231 0.278510 0.323844 5.514719 -0.698267 84.230453 174.219589 173.001328 -179.998749 174.141190 175.689224 176.903931 36.068020 46.273170 15.121979 0.000101 0.000003 16.229666 0.000064 0.000019 10.808948 0.000000 -0.000000 0.000000 15.000016 -0.000001 30.658844 0.000013 0.000009 25.084520 0.000005 0.000008 17.559147 0.000000 -0.000000 0.000000 179.999985 -179.999985 -147.600403 179.999985 -179.999985 -147.600403 0.000012 -0.000013 21.578146 0.000000 -0.000000 0.000000 169.999985 180.000000 -153.178421 180.000000 179.999985 -153.178406 180.000000 180.000000 -162.136826 0.000000 -0.000000 0.000000 159.999969 -179.999985 -159.673660 179.999954 -179.999985 -149.510483 179.999985 -179.999969 -159.693954 177.368729 -179.281906 177.913116 173.079132 -179.517883 102.468338 179.989227 178.227783 179.509979 8.782882 2.698395 2.714319 130.467712 122.990776 155.326218 0.000016 0.000014 -12.617863 0.000011 0.000008 -8.403491 180.000000 -180.000000 180.000000 164.999939 -179.999985 150.320938 179.999969 180.000000 155.717163 179.999985 179.999985 163.002014 180.000000 -180.000000 180.000000 179.999908 -179.999969 147.869949 179.999954 179.999985 147.869904 179.999969 179.999969 158.601379 180.000000 -180.000000 180.000000 9.999978 0.000003 -30.948673 179.999985 180.000000 149.051346 179.999985 179.999985 159.388199 180.000000 -180.000000 180.000000 19.999958 -0.000002 -24.996908 179.999969 179.999985 142.504623 179.999985 179.999985 155.028091
-16.959017 95.204239 9.541616 99.373299 -174.553940 176.369949 20.673832 -37.092014 -10.976537 148.574966 152.421829 166.248962 9.369020 -1.297310 9.594240 5.012441 4.570620 3.633096 179.292404 155.251190 177.371628 169.618271 -163.315109 -175.466293 0.054743 3.592829 -1.174517 0.054702 3.524438 -1.960002 0.468066 2.566455 -2.531849 0.000015 5.025633 2.779169 180.000000 174.136765 -177.121582 163.217300 175.415878 -179.564987 3.624444 0.277635 0.332254 5.606059 -0.493318 84.227814 174.170609 172.941086 179.981735 174.158478 175.761169 176.906097 35.930782 46.018997 15.036016 179.999878 -179.999985 -163.703751 179.999924 -179.999985 -169.146698 0.000000 -0.000000 0.000000 15.000028 -0.000000 30.662376 0.000039 0.000011 25.087387 0.000010 0.000021 17.561190 0.000000 -0.000000 0.000000 0.000114 0.000008 32.365868 0.000087 0.000073 32.365868 0.000020 0.000071 21.555687 0.000000 -0.000000 0.000000 170.000061 -179.999985 -153.199127 0.000041 0.000034 26.800871 0.000022 0.000029 17.849375 0.000000 -0.000000 0.000000 160.000000 -179.999985 -159.691788 179.999985 -179.999985 -149.537689 180.000000 179.999985 -159.712082 177.400803 -179.223740 177.945831 173.035568 -179.683563 102.506042 0.056742 1.752356 -0.516797 8.820798 2.583654 2.757101 130.236893 122.874336 155.085800 0.000071 0.000089 -12.602246 0.000058 0.000047 -8.393093 180.000000 180.000000 -179.999985 164.999985 -179.999985 150.329300 179.999985 180.000000 155.723984 180.000000 179.999985 163.006775 180.000000 180.000000 -179.999985 179.999939 -179.999985 147.880737 179.999939 179.999985 147.880737 179.999985 179.999969 158.608566 180.000000 180.000000 -179.999985 9.999976 -0.000009 -30.944397 179.999985 179.999985 149.055603 179.999985 179.999985 159.391022 180.000000 180.000000 -179.999985 19.999969 -0.000003 -24.995363 179.999939 179.999985 142.506973 179.999969 179.999969 155.029633
-17.551174 95.095833 9.474796 99.838699 -174.618820 176.700348 20.652430 -35.981129 -11.015279 148.630661 153.282318 166.675583 8.867732 -1.629443 9.346635 4.939128 4.809875 3.442731 178.978790 155.195297 177.348831 169.504196 -163.150864 -175.500290 0.031571 3.539267 -1.223956 0.031555 3.471454 -2.041304 0.364989 2.520709 -2.643789 179.999985 174.990814 -177.248947 179.999985 174.155960 -177.150681 163.111984 175.432358 -179.586975 3.524236 0.197978 0.378695 5.647043 -0.245264 84.213120 174.112610 172.879379 179.944916 174.154999 175.853531 176.876465 36.055820 46.520084 15.272117 0.000015 -0.000002 16.261713 0.000010 0.000002 10.830297 0.000002 0.000003 0.000003 15.000058 -0.000003 30.666500 0.000039 0.000035 25.090757 0.000012 0.000034 17.563541 0.000002 0.000003 0.000003 0.000162 0.000020 32.383709 0.000135 0.000092 32.383709 0.000044 0.000101 21.567566 0.000002 0.000003 0.000003 170.000137 179.999985 -153.207764 0.000128 0.000071 26.792215 0.000052 0.000089 17.843626 0.000002 0.000003 0.000003 160.000076 179.999985 -159.711227 0.000057 0.000023 30.433205 0.000030 0.000033 20.268515 177.478745 -179.162033 178.008820 173.020462 -179.824020 102.551933 0.110854 1.783352 -0.562108 8.850783 2.479446 2.802840 130.007645 122.752777 154.750900 0.000040 0.000059 -12.633820 0.000035 0.000037 -8.414121 0.000000 -0.000000 0.000002 165.000015 179.999985 150.336929 0.000009 0.000005 -24.269806 180.000000 -179.999985 163.011139 0.000000 -0.000000 0.000002 179.999954 -179.999985 147.894318 179.999954 179.999985 147.894348 179.999985 179.999985 158.617599 0.000000 -0.000000 0.000002 9.999952 -0.000013 -30.944376 179.999969 179.999985 149.055618 179.999985 179.999985 159.391037 0.000000 -0.000000 0.000002 19.999928 -0.000029 -24.991606 179.999924 179.999985 142.512573 179.999969 179.999969 155.033386
-18.146704 95.257797 9.414905 100.284760 -174.686813 177.023560 20.462875 -34.582256 -10.759459 148.754669 154.506363 167.043518 8.307620 -2.076669 9.130481 4.873529 5.069700 3.224155 178.732742 155.209869 177.356918 169.354828 -163.053665 -175.510605 0.034829 3.488147 -1.257631 0.034781 3.421407 -2.097575 0.383050 2.485447 -2.716446 0.000050 5.008485 2.730614 0.000051 5.843230 2.828116 162.725098 175.433304 -179.629990 3.439270 0.136551 0.387467 5.342381 -0.035502 84.122513 174.058441 172.637283 179.951569 174.142349 175.942657 176.810730 36.090771 46.544777 15.322315 0.000010 -0.000002 16.266867 0.000006 0.000000 10.833751 0.000000 -0.000000 0.000000 15.000183 0.000010 30.657318 0.000116 0.000090 25.083273 0.000058 0.000082 17.558279 0.000000 -0.000000 0.000000 0.000202 0.000014 32.421875 0.000169 0.000118 32.421879 0.000045 0.000129 21.592958 0.000000 -0.000000 0.000000 170.000137 179.999985 -153.156570 0.000116 0.000076 26.843470 0.000061 0.000080 17.877745 0.000000 -0.000000 0.000000 160.000137 179.999985 -159.720245 0.000201 0.000080 30.419586 0.000079 0.000111 20.259449 177.438278 -179.103821 178.079056 172.991196 -179.963425 102.554306 0.139682 1.885716 -0.618221 8.896073 2.320559 2.856300 129.662521 122.610390 154.326904 0.000052 0.000074 -12.647492 0.000043 0.000041 -8.423216 0.000000 -0.000000 0.000000 164.999985 -179.999985 150.327408 0.000005 0.000011 -24.277567 179.999985 -179.999985 163.005707 0.000000 -0.000000 0.000000 179.999969 -179.999985 147.898911 179.999954 179.999985 147.898956 179.999985 179.999985 158.620697 0.000000 -0.000000 0.000000 9.999971 -0.000029 -30.942673 179.999969 179.999985 149.057358 179.999985 179.999985 159.392166 0.000000 -0.000000 0.000000 19.999924 -0.000037 -24.990482 179.999863 -179.999985 142.514252 179.999939 179.999954 155.034515
-18.779097 94.821663 9.353972 100.698456 -174.747375 177.332413 20.167204 -33.267807 -10.420933 149.174377 155.519669 167.534058 7.590789 -2.425543 8.639796 4.772947 5.374138 2.992748 178.653503 155.134262 177.472305 169.127411 -162.837692 -175.536407 0.041933 3.447762 -1.286093 0.041898 3.381979 -2.145304 0.418709 2.459222 -2.776918 179.999939 175.041458 -177.316315 179.999939 174.215027 -177.220428 162.488647 175.479401 -179.665131 3.395754 0.098994 0.373716 5.220523 0.148041 84.118660 173.999069 172.666473 179.908264 174.135513 176.015182 176.730591 36.184669 46.607132 15.440464 180.000000 180.000000 -163.726990 180.000000 180.000000 -169.162155 0.000000 -0.000000 0.000000 15.000319 0.000003 30.692892 0.000215 0.000126 25.112329 0.000096 0.000149 17.578634 0.000000 -0.000000 0.000000 0.000255 0.000004 32.487869 0.000208 0.000135 32.487873 0.000065 0.000158 21.636932 0.000000 -0.000000 0.000000 170.000214 -179.999985 -153.115143 0.000182 0.000099 26.884884 0.000078 0.000100 17.905315 0.000000 -0.000000 0.000000 160.000183 179.999985 -159.670059 0.000271 0.000114 30.494871 0.000116 0.000156 20.309610 177.221802 -179.100586 178.052643 173.165375 179.945679 102.670059 0.138038 2.062033 -0.673251 8.932430 2.327265 2.860013 129.531586 122.588043 154.119492 0.000043 0.000068 -12.681057 0.000044 0.000034 -8.445608 0.000000 -0.000000 0.000000 165.000000 180.000000 150.334457 179.999985 -179.999985 155.728210 180.000000 180.000000 163.009750 0.000000 -0.000000 0.000000 179.999969 -179.999969 147.916016 179.999954 -180.000000 147.916016 179.999985 179.999985 158.632065 0.000000 -0.000000 0.000000 9.999982 -0.000009 -30.924540 179.999985 179.999985 149.075470 179.999985 179.999985 159.404266 0.000000 -0.000000 0.000000 19.999954 -0.000019 -24.959879 179.999924 -179.999985 142.560181 179.999985 179.999969 155.065094
-19.427555 94.270836 9.292465 101.134941 -174.842087 177.683731 19.812908 -32.066547 -10.111469 149.507675 156.513428 167.810760 7.028611 -2.709098 8.225316 4.553995 5.630780 2.689176 178.701263 155.026505 177.609253 168.858398 -162.601242 -175.542114 0.041868 3.405534 -1.319954 0.041880 3.340667 -2.201752 0.421808 2.429420 -2.850656 179.999847 175.089584 -177.363052 179.999893 174.271164 -177.268814 162.215271 175.524048 -179.703323 3.347288 0.103789 0.342784 5.057807 0.266637 84.099358 173.957474 172.538635 179.935913 174.108292 176.052246 176.569748 36.296909 46.540531 15.534543 179.999924 179.999969 -163.715622 179.999954 179.999985 -169.154617 0.000003 -0.000000 0.000000 15.000263 -0.000016 30.786259 0.000193 0.000095 25.188736 0.000086 0.000110 17.632114 0.000003 -0.000000 0.000000 0.000159 -0.000011 32.576962 0.000148 0.000074 32.576946 0.000053 0.000098 21.696249 0.000003 -0.000000 0.000000 170.000153 -179.999985 -153.045853 0.000154 0.000055 26.954136 0.000062 0.000084 17.951456 0.000003 -0.000000 0.000000 160.000198 -179.999985 -159.604141 0.000277 0.000077 30.593781 0.000144 0.000123 20.375450 177.117966 -179.056625 178.119064 173.258514 179.815689 102.683662 0.097053 2.298244 -0.724834 8.991502 2.335130 2.851401 129.450745 122.575890 153.942581 0.000026 0.000025 -12.726493 0.000014 0.000015 -8.475825 180.000000 180.000000 -180.000000 164.999908 -179.999893 150.297455 179.999924 -179.999985 155.697906 179.999924 179.999985 162.988556 180.000000 180.000000 -180.000000 179.999985 -179.999985 147.936646 179.999954 -179.999985 147.936661 179.999985 179.999985 158.645798 180.000000 180.000000 -180.000000 9.999973 -0.000017 -30.914759 179.999985 -179.999985 149.085236 0.000005 0.000013 -20.589228 180.000000 180.000000 -180.000000 19.999977 -0.000032 -24.940300 179.999954 -179.999985 142.589523 179.999969 179.999985 155.084641
-20.094507 93.671951 9.231462 101.336960 -174.896851 177.845169 19.493504 -30.972660 -9.563971 149.836960 157.461121 168.012238 6.554833 -2.939680 7.867241 4.481419 5.974000 2.620831 178.762436 154.984665 177.707474 168.677277 -162.445114 -175.591858 0.079642 3.375370 -1.312333 0.079574 3.311739 -2.190483 0.594497 2.421032 -2.826110 180.000000 175.116226 -177.404495 0.000003 5.697761 2.688227 161.820297 175.550171 -179.752914 3.459938 0.051478 0.359033 4.572764 0.388762 83.965759 173.924911 172.222488 -179.984848 174.101456 176.151794 176.453583 36.524601 46.564209 15.691935 179.999939 179.999954 -163.740906 179.999954 179.999985 -169.171463 0.000000 -0.000002 0.000000 15.000209 -0.000032 30.890602 0.000173 0.000062 25.274118 0.000076 0.000090 17.691902 0.000000 -0.000002 0.000000 0.000360 -0.000057 32.597061 0.000338 0.000141 32.597034 0.000126 0.000202 21.709650 0.000000 -0.000002 0.000000 170.000137 -179.999985 -152.977966 0.000134 0.000040 27.022032 0.000063 0.000070 17.996677 0.000000 -0.000002 0.000000 160.000168 -179.999985 -159.519424 0.000259 0.000056 30.720842 0.000132 0.000105 20.460077 177.019058 -178.990768 178.183136 173.347733 179.681656 102.660263 0.040523 2.559162 -0.749428 9.066968 2.329292 2.832160 129.399139 122.600037 153.845276 180.000000 -180.000000 167.247253 0.000002 0.000002 -8.493335 0.000002 0.000002 0.000000 165.000000 -180.000000 150.408112 179.999985 -179.999985 155.788467 0.000000 0.000000 -16.948072 0.000002 0.000002 0.000000 179.999985 -179.999985 147.955673 179.999985 -180.000000 147.955688 179.999985 179.999985 158.658478 0.000002 0.000002 0.000000 10.000011 0.000000 -30.903526 180.000000 -180.000000 149.096466 0.000011 -0.000005 -20.581730 0.000002 0.000002 0.000000 19.999975 -0.000012 -24.918905 179.999985 -179.999985 142.621643 179.999985 179.999985 155.106003
-20.784674 93.026749 9.170577 101.579445 -175.026062 178.077332 19.049994 -29.909292 -9.099395 150.354355 158.225952 168.273178 6.075710 -3.359836 7.509575 4.319434 6.259075 2.474595 178.940704 154.948929 177.772507 168.398636 -162.318451 -175.581055 0.110294 3.327634 -1.312293 0.110215 3.265375 -2.191596 0.734516 2.398106 -2.819689 179.999847 175.184296 -177.459747 179.999878 174.381653 -177.368988 161.555130 175.613083 -179.790176 3.500753 0.070688 0.343588 4.400810 0.510319 83.900940 173.955658 172.206696 -179.931534 174.103577 176.203690 176.347061 36.810131 46.626713 15.891932 179.999985 179.999985 -163.778214 179.999985 179.999985 -169.196274 0.000000 0.000002 0.000000 15.000113 -0.000042 31.001846 0.000095 0.000033 25.365179 0.000042 0.000050 17.755611 0.000000 0.000002 0.000000 0.000094 -0.000019 32.797939 0.000095 0.000033 32.797935 0.000041 0.000051 21.843430 0.000000 0.000002 0.000000 170.000122 -179.999985 -152.912750 0.000120 0.000027 27.087248 0.000063 0.000045 18.040087 0.000000 0.000002 0.000000 160.000107 -179.999985 -159.424911 0.000131 0.000006 30.862661 0.000068 0.000057 20.554535 176.897263 -178.908676 178.242554 173.612488 179.464584 102.689507 179.846222 177.021835 179.142120 9.150208 2.307151 2.806966 129.364700 122.655769 153.828186 180.000000 -179.999985 167.247299 180.000000 -180.000000 171.506729 180.000000 180.000000 -180.000000 165.000015 -180.000000 150.413147 179.999985 -179.999985 155.792557 0.000006 0.000004 -16.945210 180.000000 180.000000 -180.000000 179.999985 -179.999985 147.979462 179.999985 -179.999985 147.979477 179.999985 179.999985 158.674316 180.000000 180.000000 -180.000000 10.000014 0.000016 -30.894697 0.000022 -0.000001 -30.894657 0.000009 -0.000012 -20.575850 180.000000 180.000000 -180.000000 20.000002 0.000005 -24.900545 0.000026 0.000007 -37.350796 0.000005 -0.000006 -24.875647
-21.499470 92.193314 9.107004 101.798584 -175.158463 178.314362 18.607080 -29.216352 -8.821176 150.866318 158.558945 168.474884 5.709441 -3.866599 7.154524 4.056849 6.526878 2.331877 179.166565 154.867935 177.812881 168.177979 -162.185379 -175.594910 0.120509 3.293247 -1.318394 0.120448 3.231810 -2.202130 0.781047 2.377451 -2.831015 179.999802 175.285431 -177.530365 179.999832 174.499634 -177.442108 161.545044 175.706512 -179.808243 3.552045 0.082088 0.356687 4.530871 0.632611 83.863388 174.019333 172.359360 -179.891403 174.150497 176.124802 176.325562 36.802795 46.532448 15.828188 179.999985 179.999985 -163.788193 179.999985 179.999985 -169.202957 0.000000 -0.000003 0.000000 15.000045 -0.000006 31.064838 0.000038 -0.000003 25.416670 0.000019 0.000013 17.791679 0.000000 -0.000003 0.000000 0.000025 -0.000011 32.844391 0.000030 0.000005 32.844383 0.000010 0.000015 21.874363 0.000000 -0.000003 0.000000 170.000076 -179.999985 -152.862045 0.000066 0.000005 27.137970 0.000040 0.000035 18.073893 0.000000 -0.000003 0.000000 160.000061 -179.999985 -159.385269 0.000064 0.000011 30.922127 0.000042 0.000020 20.594133 176.883255 -178.807434 178.322708 173.902466 179.230591 102.721214 179.609360 176.638596 179.019409 9.225727 2.280639 2.777131 129.346619 122.714554 153.832520 179.999985 -179.999985 167.249252 180.000000 -179.999985 171.508011 180.000000 179.999985 -180.000000 165.000015 179.999985 150.419418 0.000011 -0.000003 -24.202301 0.000007 -0.000002 -16.941614 180.000000 179.999985 -180.000000 179.999985 -179.999985 147.996063 180.000000 180.000000 147.996048 180.000000 -179.999985 158.685379 180.000000 179.999985 -180.000000 10.000026 0.000013 -30.907934 0.000032 -0.000002 -30.907948 0.000016 -0.000013 -20.584694 180.000000 179.999985 -180.000000 20.000029 0.000007 -24.900705 0.000040 0.000010 -37.351051 0.000028 -0.000018 -24.875797
-22.208548 91.831650 9.048296 102.002617 -175.303543 178.561340 18.102510 -28.588007 -8.569601 151.434341 158.817871 168.672684 5.418013 -4.429634 6.792612 3.755768 6.762326 2.188937 179.380814 154.870407 177.773117 168.002396 -162.187561 -175.593491 0.128043 3.262986 -1.321449 0.127991 3.202244 -2.207464 0.814748 2.358776 -2.836281 179.999588 175.373322 -177.587479 179.999634 174.602188 -177.501221 161.477493 175.787048 -179.825623 3.595941 0.083586 0.380338 4.561163 0.751050 83.735138 174.129410 172.349579 -179.803467 174.205765 176.080429 176.335510 36.720596 46.415436 15.703107 179.999985 179.999985 -163.791595 179.999985 179.999985 -169.205200 180.000000 180.000000 -180.000000 15.000004 -0.000006 31.097605 0.000002 0.000003 25.443480 0.000000 0.000002 17.810436 180.000000 180.000000 -180.000000 180.000000 -179.999985 -147.135681 0.000001 0.000003 32.864326 180.000000 179.999985 -158.112366 180.000000 180.000000 -180.000000 170.000137 -179.999939 -152.848251 0.000149 0.000011 27.151741 0.000072 0.000061 18.083052 180.000000 180.000000 -180.000000 160.000015 -179.999985 -159.355530 0.000002 0.000014 30.966745 0.000005 -0.000011 20.623833 176.999023 -178.659195 178.486252 174.048004 178.944412 102.643494 179.330460 176.304825 178.863525 9.288884 2.236175 2.745457 129.330826 122.759140 153.855820 179.999985 -179.999985 167.261856 180.000000 -179.999985 171.516373 0.000000 0.000002 0.000000 165.000015 179.999985 150.411453 0.000005 -0.000006 -24.208820 0.000011 -0.000001 -16.946178 0.000000 0.000002 0.000000 0.000010 0.000003 -32.001583 0.000002 0.000004 -32.001583 0.000010 0.000000 -21.313074 0.000000 0.000002 0.000000 10.000025 0.000002 -30.937851 0.000017 0.000003 -30.937860 0.000025 -0.000002 -20.604609 0.000000 0.000002 0.000000 20.000019 0.000002 -24.927462 0.000026 0.000007 -37.391247 0.000015 -0.000021 -24.902544
-22.925192 91.548714 8.997677 102.181961 -175.442307 178.808487 17.452297 -27.999121 -8.309748 152.209091 158.997116 168.928543 5.105842 -5.073354 6.386744 3.465481 7.015832 2.053156 179.578979 154.898575 177.730896 167.856964 -162.228622 -175.614670 0.133923 3.239863 -1.320361 0.133859 3.179643 -2.205853 0.840517 2.344523 -2.832924 179.999649 175.457825 -177.659210 179.999634 174.700760 -177.575546 161.416489 175.867294 -179.851608 3.643320 0.089447 0.402781 4.700731 0.883710 83.608894 174.267868 172.519043 -179.753006 174.278458 175.970993 176.369629 36.612610 46.326065 15.499122 179.999985 179.999985 -163.828842 179.999985 179.999985 -169.230011 0.000000 -0.000003 0.000000 15.000009 -0.000000 31.095533 180.000000 179.999985 -154.558212 180.000000 179.999985 -162.190735 0.000000 -0.000003 0.000000 0.000003 -0.000003 32.862186 0.000013 0.000002 32.862171 0.000004 0.000004 21.886209 0.000000 -0.000003 0.000000 170.000031 -179.999985 -152.732819 0.000038 0.000006 27.267160 0.000025 0.000003 18.159922 0.000000 -0.000003 0.000000 159.999985 179.999985 -159.351837 179.999985 179.999985 -149.027771 179.999985 -179.999985 -159.372498 177.029846 -178.542450 178.588181 174.252502 178.661118 102.617302 179.051346 176.122726 178.705276 9.299051 2.268588 2.684836 129.279205 122.803261 153.838852 0.000002 0.000000 -12.727425 180.000000 -179.999985 171.523544 180.000000 -180.000000 180.000000 165.000015 179.999985 150.389038 0.000007 0.000001 -24.227137 180.000000 -179.999985 163.041016 180.000000 -180.000000 180.000000 179.999985 -180.000000 147.992279 0.000006 0.000004 -32.007706 0.000003 0.000001 -21.317131 180.000000 -180.000000 180.000000 10.000019 0.000014 -30.953632 0.000028 0.000001 -30.953636 0.000016 -0.000013 -20.615118 180.000000 -180.000000 180.000000 20.000004 -0.000003 -24.951160 0.000032 0.000013 -37.426762 0.000016 -0.000007 -24.926216
-23.647203 91.302719 8.955591 102.405762 -175.628281 179.137650 16.678169 -27.456808 -8.145963 153.107849 159.102798 169.222946 4.789487 -5.813612 5.911705 3.191660 7.185796 1.808337 179.717728 154.900940 177.737167 167.705109 -162.232941 -175.645355 0.124890 3.205410 -1.331905 0.124840 3.145768 -2.224655 0.797711 2.317206 -2.860008 179.999695 175.586182 -177.734085 179.999649 174.850540 -177.653107 161.545853 175.984314 -179.854279 3.703077 0.095835 0.416462 4.979346 1.054018 83.511749 174.444839 172.824600 -179.715500 174.363434 175.909256 176.379318 36.461628 46.225475 15.259585 179.999985 179.999985 -163.863022 180.000000 179.999985 -169.252777 0.000000 -0.000000 0.000000 15.000016 -0.000013 31.091629 0.000012 -0.000000 25.438599 0.000014 -0.000001 17.807018 0.000000 -0.000000 0.000000 0.000026 -0.000020 32.862350 0.000026 -0.000009 32.862347 0.000017 0.000018 21.886320 0.000000 -0.000000 0.000000 170.000031 -179.999985 -152.705078 0.000042 -0.000005 27.294914 0.000033 0.000009 18.178413 0.000000 -0.000000 0.000000 160.000000 -179.999985 -159.368210 0.000000 0.000011 30.947718 179.999985 -179.999985 -159.388840 177.060806 -178.443741 178.710800 174.430252 178.356277 102.566994 178.743118 176.029861 178.516022 9.280671 2.322240 2.596370 129.202942 122.834549 153.781738 0.000007 0.000001 -12.722112 0.000002 -0.000005 -8.472933 180.000000 -180.000000 180.000000 165.000000 -179.999985 150.365067 180.000000 179.999985 155.753250 0.000007 -0.000002 -16.972748 180.000000 -180.000000 180.000000 179.999985 -179.999985 147.989441 179.999985 180.000000 147.989410 0.000003 0.000005 -21.319046 180.000000 -180.000000 180.000000 9.999996 -0.000010 -31.013109 179.999985 179.999985 148.986877 180.000000 179.999985 159.345261 180.000000 -180.000000 180.000000 19.999990 0.000005 -24.983089 180.000000 179.999985 142.525360 0.000011 -0.000001 -24.958101
-24.368752 91.100243 8.923522 102.560791 -175.789276 179.429184 15.790349 -26.920467 -7.906138 154.050903 159.444107 169.487320 4.522066 -6.336315 5.437959 3.051572 7.400003 1.610697 179.734406 154.944092 177.767960 167.625412 -162.253418 -175.723083 0.121011 3.180278 -1.331846 0.120949 3.121059 -2.224374 0.778036 2.298100 -2.860874 179.999573 175.688568 -177.801727 179.999527 174.970001 -177.723145 161.582001 176.079102 -179.866302 3.770575 0.100097 0.415514 5.082977 1.175974 83.359764 174.621872 172.912338 -179.640045 174.456619 175.936676 176.361954 36.293610 46.121506 15.003218 180.000000 179.999985 -163.897736 180.000000 179.999985 -169.275894 0.000000 -0.000000 0.000000 15.000002 -0.000022 31.110579 0.000018 -0.000007 25.454124 0.000013 -0.000003 17.817892 0.000000 -0.000000 0.000000 0.000007 -0.000024 32.907990 0.000023 -0.000014 32.907970 0.000020 -0.000004 21.916725 0.000000 -0.000000 0.000000 170.000015 -179.999969 -152.635941 0.000031 -0.000020 27.364067 0.000017 -0.000003 18.224466 0.000000 -0.000000 0.000000 160.000015 -179.999985 -159.380707 0.000019 -0.000012 30.928940 0.000015 -0.000006 20.598677 177.087784 -178.368744 178.840454 174.454178 178.091690 102.430893 178.500305 176.127060 178.382706 9.243106 2.412028 2.463219 129.148026 122.849258 153.696198 0.000000 0.000000 -12.739265 0.000002 -0.000002 -8.484363 0.000000 -0.000000 0.000000 165.000000 -179.999985 150.365128 179.999985 -180.000000 155.753311 180.000000 179.999985 163.027313 0.000000 -0.000000 0.000000 0.000004 -0.000001 -31.990423 180.000000 180.000000 148.009598 0.000000 0.000000 -21.305611 0.000000 -0.000000 0.000000 9.999993 -0.000011 -30.993032 180.000000 -179.999985 149.006973 179.999985 179.999985 159.358643 0.000000 -0.000000 0.000000 20.000011 -0.000003 -24.985664 0.000008 0.000010 -37.478474 180.000000 -180.000000 155.039337
-25.093212 90.900154 8.895326 102.702362 -175.947586 179.713882 14.955735 -26.389772 -7.666026 154.754639 159.600784 169.705811 4.414216 -7.256041 4.794970 2.984504 7.621325 1.414474 179.620758 154.999863 177.834015 167.627090 -162.263184 -175.858185 0.119353 3.149998 -1.328272 0.119342 3.091302 -2.218322 0.767610 2.275655 -2.853646 0.000091 4.231202 2.124956 0.000159 4.936408 2.200858 161.565643 176.156326 -179.890717 3.829703 0.110815 0.411355 5.173481 1.308039 83.203583 174.776306 172.949554 -179.642471 174.553986 176.028183 176.332336 36.325119 46.265900 14.926026 179.999969 -179.999985 -163.978546 179.999985 -179.999985 -169.329697 0.000000 -0.000000 0.000000 14.999494 -0.000786 31.140034 179.999969 -179.999237 -154.521820 0.000206 -0.000495 17.834730 0.000000 -0.000000 0.000000 179.999466 -179.999146 -147.050369 0.000027 -0.001000 32.949638 0.000380 -0.000552 21.944471 0.000000 -0.000000 0.000000 169.999451 -179.998962 -152.585526 179.999985 -179.998825 -152.585526 0.000343 -0.000686 18.258051 0.000000 -0.000000 0.000000 159.999786 -179.999527 -159.399689 179.999954 -179.999237 -149.099503 0.000229 -0.000448 20.579718 177.142593 -178.284348 178.882904 174.430389 177.786453 102.363266 178.271835 176.328217 178.249435 9.176476 2.555297 2.306597 129.069626 122.851608 153.560883 180.000000 -179.999985 167.232697 180.000000 -180.000000 171.496994 0.000000 -0.000000 0.000000 165.000015 -179.999878 150.397110 179.999969 -179.999908 155.779465 179.999939 -179.999954 163.045624 0.000000 -0.000000 0.000000 0.000032 -0.000105 -31.951092 179.999985 -179.999878 148.048920 179.999954 -179.999954 158.720566 0.000000 -0.000000 0.000000 10.000141 -0.000314 -30.953693 179.999969 -179.999680 149.046310 179.999863 -179.999817 159.384842 0.000000 -0.000000 0.000000 20.000143 -0.000295 -25.032904 0.000046 -0.000484 -37.549389 179.999847 -179.999725 154.992126
-25.836536 90.800102 8.871870 102.801727 -176.015198 179.906998 13.835897 -25.822201 -7.139705 156.363968 159.866516 170.153320 3.334542 -7.858212 4.096436 2.954461 8.003684 1.311611 179.507523 155.150528 177.885422 167.658432 -162.309433 -175.957047 0.115708 3.157907 -1.300002 0.115601 3.099004 -2.171068 0.745379 2.279356 -2.793132 179.999847 175.927826 -177.940399 179.999847 175.249115 -177.866821 161.834854 176.297653 -179.871719 3.896878 0.115705 0.366469 5.134964 1.253031 82.805054 174.849457 172.913223 -179.271179 174.659088 176.226974 176.164307 36.296711 45.750313 14.472362 179.999557 -179.999939 -164.090591 179.999725 -179.999863 -169.404312 0.000000 0.000005 0.000000 14.999167 -0.000702 31.351183 179.999741 -179.999161 -154.349045 0.000090 -0.000613 17.955688 0.000000 0.000005 0.000000 179.999115 -179.999161 -146.832932 179.999725 -179.998810 -146.832962 0.000273 -0.000760 22.089281 0.000000 0.000005 0.000000 169.999054 -179.998993 -152.329697 179.999619 -179.998657 -152.329681 0.000198 -0.000914 18.428442 0.000000 0.000005 0.000000 159.999588 -179.999466 -159.303375 179.999664 -179.999008 -148.955048 0.000148 -0.000683 20.675947 177.138367 -178.279419 179.134201 174.414215 177.535370 102.082672 177.996567 176.451508 178.117371 9.155729 2.681461 2.052553 128.901566 122.776779 153.326141 0.000032 0.000002 -12.786786 0.000020 0.000002 -8.515981 180.000000 -179.999985 -180.000000 165.000046 -179.999924 150.464020 180.000000 -179.999954 155.834152 179.999985 -179.999969 163.083923 180.000000 -179.999985 -180.000000 0.000058 -0.000079 -31.891529 0.000002 -0.000095 -31.891508 179.999969 -179.999954 158.760239 180.000000 -179.999985 -180.000000 10.000301 -0.000367 -30.838079 0.000058 -0.000466 -30.838072 179.999878 -179.999725 159.461838 180.000000 -179.999985 -180.000000 20.000315 -0.000385 -24.952085 0.000206 -0.000756 -37.428165 179.999817 -179.999512 155.072830
-26.579460 90.748016 8.849357 102.900642 -176.257095 -179.767990 12.685314 -25.374424 -6.761084 158.099991 160.424393 170.470825 2.182156 -7.950762 3.628552 2.847342 8.246134 1.075045 179.466660 155.330124 177.906097 167.669601 -162.371994 -176.015289 0.102002 3.111125 -1.297565 0.101941 3.052886 -2.166453 0.678608 2.241533 -2.790880 0.000376 4.001216 1.943496 0.000478 4.668075 2.012910 161.867401 176.373611 -179.919250 3.988601 0.112811 0.305244 5.066070 1.356462 82.742691 175.092316 172.887314 -179.206604 174.771072 176.557571 176.007385 35.793755 46.212452 14.999203 0.001585 0.000854 16.299200 0.000856 0.000840 10.855261 0.000000 -0.000000 0.000003 14.998935 -0.000671 31.533220 179.999557 -179.999069 -154.200104 179.999985 -179.999268 -161.940063 0.000000 -0.000000 0.000003 0.000506 0.000345 33.642239 0.000227 0.000557 33.642220 179.999924 179.999588 -157.594284 0.000000 -0.000000 0.000003 169.998520 -179.998856 -152.114197 179.999222 -179.998291 -152.114182 0.000078 -0.001239 18.571945 0.000000 -0.000000 0.000003 159.999481 -179.999496 -159.160736 179.999496 -179.999023 -148.741043 0.000053 -0.000722 20.818453 177.113831 -178.280533 179.357849 174.403259 177.289993 101.835587 177.728317 176.568207 178.018921 9.139117 2.847579 1.756060 128.720886 122.658134 153.136230 0.000018 -0.000007 -12.770216 0.000019 -0.000007 -8.504990 0.000005 -0.000000 0.000002 165.000076 -179.999908 150.483154 0.000008 -0.000101 -24.150139 180.000000 -179.999939 163.094910 0.000005 -0.000000 0.000002 0.000268 -0.000280 -31.932125 0.000073 -0.000379 -31.932117 179.999908 -179.999756 158.733215 0.000005 -0.000000 0.000002 10.000375 -0.000394 -30.701107 0.000134 -0.000512 -30.701069 179.999893 -179.999649 159.553085 0.000005 -0.000000 0.000002 20.000389 -0.000428 -24.804728 0.000271 -0.000817 -37.207111 179.999832 -179.999466 155.220078
-27.323538 90.743912 8.823692 102.960114 -176.515076 -179.499222 11.334584 -24.920887 -6.362019 160.091248 160.922379 170.897324 0.979630 -7.686578 3.357455 2.765696 8.465570 0.914764 179.459961 155.505875 177.919647 167.669418 -162.455658 -176.067841 0.087637 3.068970 -1.284422 0.087631 3.011277 -2.143955 0.607538 2.206679 -2.765421 0.000043 3.842617 1.867267 0.000055 4.483048 1.933982 162.138168 176.517181 -179.908813 4.113630 0.120844 0.255277 4.948115 1.418350 82.721886 175.347610 172.913101 -179.148697 174.909119 176.943649 175.855713 36.040726 45.211369 14.180224 179.999939 -179.999954 -164.018845 179.999985 -179.999969 -169.356522 0.000003 0.000005 0.000000 14.999099 -0.000449 31.743683 179.999573 -179.999283 -154.027893 179.999939 -179.999420 -161.819534 0.000003 0.000005 0.000000 179.996979 -179.998291 -146.932938 179.998428 -179.996887 -146.932922 0.000266 -0.002318 22.022650 0.000003 0.000005 0.000000 169.998550 -179.999084 -151.790039 179.999176 -179.998505 -151.790054 179.999985 -179.998840 -161.212173 0.000003 0.000005 0.000000 159.999496 -179.999619 -159.018204 179.999496 -179.999207 -148.527313 180.000000 -179.999374 -159.039200 177.090332 -178.274765 179.556503 174.422882 177.057678 101.634926 177.481033 176.637634 177.948288 9.106585 3.038591 1.450688 128.661285 122.523895 153.068497 180.000000 179.999985 167.247864 180.000000 179.999985 171.507095 0.000000 0.000000 -0.000002 165.000137 -179.999847 150.499527 0.000036 -0.000167 -24.136761 179.999985 -179.999893 163.104263 0.000000 0.000000 -0.000002 0.000285 -0.000338 -31.830727 0.000091 -0.000420 -31.830721 179.999908 -179.999725 158.800720 0.000000 0.000000 -0.000002 10.000300 -0.000388 -30.533995 0.000080 -0.000474 -30.533993 179.999893 -179.999710 159.664352 0.000000 0.000000 -0.000002 20.000307 -0.000421 -24.638565 0.000206 -0.000767 -36.957874 179.999802 -179.999512 155.386047
-28.038246 90.678467 8.797418 103.035042 -176.922943 -179.089294 9.843666 -24.622419 -6.197460 162.233871 161.682053 171.309784 179.962784 -173.363754 -176.529495 2.558384 8.536259 0.610316 179.514191 155.678436 177.938858 167.696091 -162.558716 -176.146393 0.060466 2.987531 -1.302199 0.060480 2.931024 -2.172476 0.477961 2.139793 -2.809494 179.999802 176.331406 -178.201401 179.999756 175.719971 -178.137146 162.447113 176.672318 -179.888718 4.262394 0.148764 0.241301 4.855442 1.420925 82.663895 175.588867 173.055054 -179.084015 175.082626 177.316925 175.764542 35.695393 46.280247 14.574331 0.000898 0.000469 16.114910 0.000490 0.000465 10.732535 0.000002 -0.000003 -0.000003 14.999080 -0.000383 31.881121 179.999542 -179.999329 -153.915466 179.999908 -179.999435 -161.740829 0.000002 -0.000003 -0.000003 179.999252 -179.999649 -146.141220 179.999588 -179.999298 -146.141235 0.000030 -0.000549 22.549946 0.000002 -0.000003 -0.000003 169.999023 -179.999466 -151.451431 179.999405 -179.999069 -151.451447 179.999954 -179.999252 -160.986664 0.000002 -0.000003 -0.000003 159.997726 -179.998505 -159.213196 179.997635 -179.996658 -148.819763 179.999832 -179.997284 -159.233994 177.070038 -178.260757 179.754135 174.477737 176.855453 101.471039 177.273331 176.657425 177.894577 9.046145 3.223105 1.174804 128.705658 122.401146 153.091034 179.999985 179.999954 167.255936 179.999985 179.999969 171.512451 0.000000 -0.000000 0.000002 165.000168 -179.999786 150.539658 0.000056 -0.000212 -24.103931 179.999969 -179.999847 163.127258 0.000000 -0.000000 0.000002 0.000222 -0.000281 -31.693007 0.000039 -0.000348 -31.692997 179.999893 -179.999786 158.892456 0.000000 -0.000000 0.000002 10.000214 -0.000290 -30.377430 0.000022 -0.000355 -30.377386 179.999878 -179.999786 159.768661 0.000000 -0.000000 0.000002 20.000198 -0.000348 -24.457352 0.000050 -0.000595 -36.686066 179.999771 -179.999664 155.567108
-28.791492 90.895157 8.764228 103.016464 -177.244400 -178.870636 8.183721 -24.406294 -5.846950 164.008347 162.333847 171.514023 179.747681 -175.099808 -176.143463 2.454886 8.683784 0.515181 179.728958 155.849426 177.977570 167.575027 -162.709229 -176.198181 0.042630 2.953015 -1.283137 0.042701 2.896893 -2.140001 0.389993 2.109177 -2.771554 179.999634 176.522552 -178.257217 179.999573 175.942978 -178.194962 162.794159 176.839630 -179.855743 4.437314 0.191936 0.250975 4.769273 1.278362 82.442902 175.829208 173.253952 -178.677399 175.189468 177.740433 175.566254 35.916950 45.489964 14.192206 0.000047 0.000026 15.984791 0.000023 0.000025 10.645884 0.000000 0.000002 0.000003 15.001758 0.000644 32.300591 0.000930 0.001227 26.427761 0.000207 0.001057 18.499428 0.000000 0.000002 0.000003 179.999649 -179.999847 -145.983307 179.999802 -179.999664 -145.983307 0.000009 -0.000267 22.655115 0.000000 0.000002 0.000003 169.999527 -179.999771 -151.215088 179.999710 -179.999557 -151.215088 179.999985 -179.999634 -160.829254 0.000000 0.000002 0.000003 159.999710 -179.999802 -158.393127 179.999695 -179.999557 -147.589691 179.999985 -179.999634 -158.414734 177.028931 -178.259140 -179.977921 174.582794 176.721970 101.284843 177.118591 176.645538 177.843597 8.950204 3.369255 0.948631 128.242294 122.340561 153.005371 0.000414 0.002576 -12.540546 0.000649 0.001614 -8.352015 0.000003 -0.000002 -0.000000 165.000107 -179.999847 150.631424 0.000007 -0.000166 -24.028835 179.999954 -179.999893 163.179825 0.000003 -0.000002 -0.000000 0.000089 -0.000202 -31.558500 179.999985 -179.999786 148.441544 179.999908 -179.999893 158.982086 0.000003 -0.000002 -0.000000 10.000066 -0.000195 -30.231079 179.999969 -179.999817 149.768921 179.999908 -179.999893 159.866104 0.000003 -0.000002 -0.000000 20.000034 -0.000250 -24.291262 179.999908 -179.999634 143.563110 179.999817 -179.999847 155.733032
-29.513041 91.138916 8.698295 102.942268 -177.803055 -178.547134 6.725890 -24.624319 -5.644250 165.357895 162.975616 171.454849 0.100538 -2.711273 4.367446 2.404258 8.581144 0.324018 179.928818 155.974701 178.081818 167.459732 -162.856995 -176.336121 0.023731 2.845519 -1.285891 0.023739 2.791158 -2.143852 0.295328 2.026129 -2.780931 179.999435 176.710846 -178.306152 179.999329 176.162659 -178.245636 163.123383 177.003860 -179.821976 4.624838 0.257596 0.273861 4.785280 1.345009 82.660454 176.233078 173.618347 -178.819199 175.333405 178.118027 175.518738 35.921810 45.525703 14.180383 179.999985 -179.999985 -164.030457 179.999985 -179.999985 -169.364288 180.000000 180.000000 -180.000000 14.997801 -0.000709 31.564943 179.998779 -179.998550 -154.174164 179.999680 -179.998703 -161.921906 180.000000 180.000000 -180.000000 179.999878 -179.999954 -145.890579 179.999939 -179.999878 -145.890579 180.000000 -179.999908 -157.283127 180.000000 180.000000 -180.000000 169.999817 -179.999908 -151.074448 179.999893 -179.999847 -151.074448 179.999985 -179.999863 -160.735596 180.000000 180.000000 -180.000000 160.000931 179.999420 -158.029648 0.000968 0.001324 32.955555 0.000077 0.001098 21.948397 176.949997 -178.285324 -179.815933 174.757233 176.653366 101.232613 177.021072 176.614319 177.793869 8.776393 3.439736 0.741463 129.938202 122.302528 153.723007 179.999985 179.999695 166.958282 0.000039 0.000212 -8.685768 180.000000 -180.000000 180.000000 165.000031 -179.999863 150.715088 179.999985 -179.999893 156.039612 179.999985 -179.999954 163.227722 180.000000 -180.000000 180.000000 0.000008 -0.000117 -31.457676 179.999954 -179.999893 148.542328 179.999939 -179.999969 159.049210 180.000000 -180.000000 180.000000 9.999997 -0.000077 -30.127087 179.999969 -179.999924 149.872940 179.999939 -179.999985 159.935349 180.000000 -180.000000 180.000000 19.999973 -0.000149 -24.165140 179.999893 -179.999847 143.752289 179.999863 -179.999954 155.859009
-30.212843 91.396980 8.579644 102.898109 -178.086334 -178.403961 5.329345 -24.926634 -5.138893 166.104156 162.817154 171.238754 0.829510 -1.047782 4.688172 2.382759 8.724899 0.343644 0.021624 23.796646 -1.935317 167.377655 -163.198105 -176.428146 179.995743 177.147537 178.752060 179.995743 177.202423 177.920273 0.158781 2.022497 -2.704347 179.999557 176.957718 -178.316971 179.999451 176.450668 -178.256866 163.597260 177.209503 -179.744614 4.805210 0.339639 0.300912 4.831414 1.186226 82.540359 176.465103 174.037857 -178.627075 175.467224 178.345001 175.490845 35.926945 45.588707 14.209979 179.999985 -179.999985 -164.030502 179.999985 -179.999985 -169.364349 0.000000 -0.000002 0.000000 14.999949 -0.000024 32.231907 179.999985 -179.999969 -153.628433 179.999985 -179.999985 -161.539902 0.000000 -0.000002 0.000000 179.999985 -179.999985 -145.847610 179.999985 -179.999985 -145.847641 180.000000 -179.999985 -157.254532 0.000000 -0.000002 0.000000 169.999969 -179.999985 -151.001678 179.999985 -179.999969 -151.001678 180.000000 -179.999985 -160.687119 0.000000 -0.000002 0.000000 159.999313 -179.999573 -158.822159 179.999298 -179.999008 -148.233261 179.999939 -179.999191 -158.843338 177.032150 -178.140930 -179.836624 174.851837 176.430267 101.337891 176.957932 176.536209 177.753494 8.772410 3.385148 0.717807 130.160294 122.305069 153.783600 0.000013 0.000203 -13.124735 0.000040 0.000126 -8.741075 180.000000 -180.000000 180.000000 165.000000 -179.999954 150.755875 180.000000 -179.999969 156.072998 179.999985 -179.999985 163.251099 180.000000 -180.000000 180.000000 180.000000 -179.999969 148.583832 179.999985 -179.999985 148.583801 179.999985 -179.999985 159.076828 180.000000 -180.000000 180.000000 10.000004 0.000009 -30.091125 180.000000 -179.999985 149.908890 0.000009 0.000009 -20.040676 180.000000 -180.000000 180.000000 19.999985 -0.000068 -24.117218 179.999939 -179.999908 143.824188 179.999954 -179.999985 155.906906
-30.872091 91.646950 8.398897 102.729240 -178.492706 -178.293930 4.366221 -25.754318 -4.482944 166.503906 162.403900 170.682144 1.600156 0.510760 4.903388 2.551268 8.737358 0.407652 0.068203 23.659792 -1.845765 167.291748 -163.495560 -176.614075 179.980469 177.180267 178.800064 179.980362 177.234772 178.000824 0.078942 1.994784 -2.602858 179.999405 177.142563 -178.356293 179.999298 176.666336 -178.297607 163.912903 177.369766 -179.710022 4.965415 0.429681 0.314954 4.899331 0.880802 82.195358 176.582550 174.378555 -178.280182 175.565674 178.478058 175.499466 36.035934 45.389126 14.494430 179.999939 179.999756 -163.895706 179.999908 179.999847 -169.274521 180.000000 -180.000000 180.000000 15.000235 0.000044 32.287128 0.000151 0.000127 26.416716 0.000048 0.000126 18.491707 180.000000 -180.000000 180.000000 0.000187 0.000050 34.198982 0.000126 0.000142 34.198971 0.000015 0.000128 22.776508 180.000000 -180.000000 180.000000 170.000168 179.999954 -150.938339 0.000104 0.000121 29.061670 0.000026 0.000113 19.355078 180.000000 -180.000000 180.000000 160.000137 179.999954 -158.146393 0.000123 0.000156 32.780437 0.000016 0.000136 21.831753 176.986023 -178.148743 -179.738586 175.118149 176.383865 101.334549 176.908340 176.469284 177.702576 8.815145 3.277323 0.758584 130.283859 122.383476 153.825226 0.000004 0.000138 -13.179291 0.000024 0.000084 -8.777419 0.000000 -0.000002 -0.000002 165.000000 -179.999985 150.777832 180.000000 -179.999985 156.090973 180.000000 -179.999985 163.263672 0.000000 -0.000002 -0.000002 180.000000 179.999969 148.603622 0.000020 0.000029 -31.396372 0.000025 0.000013 -20.909983 0.000000 -0.000002 -0.000002 10.000012 0.000054 -30.083923 0.000041 0.000046 -30.083889 0.000039 0.000012 -20.035885 0.000000 -0.000002 -0.000002 19.999975 -0.000002 -24.091347 179.999985 -179.999985 143.862976 179.999985 180.000000 155.932739
-31.513929 91.948112 8.162118 102.510910 -178.895844 -178.222672 3.629873 -26.885374 -3.688853 166.861664 161.262589 170.043167 2.080797 1.486462 4.835721 2.816662 8.724190 0.529157 0.093956 23.553068 -1.771017 167.164536 -163.862564 -176.790146 179.965866 177.203308 178.861954 179.965698 177.257629 178.104523 0.001115 1.974711 -2.471114 179.999298 177.326630 -178.395752 179.999130 176.881088 -178.338486 164.230957 177.529770 -179.677139 5.107718 0.514595 0.298114 5.112546 0.750839 82.128784 176.814835 174.921753 -178.111526 175.640289 178.539230 175.550995 35.776764 46.667828 13.794577 179.998047 -179.998840 -164.388153 179.998962 -179.998901 -169.602524 0.000003 -0.000000 0.000000 15.000032 0.000014 32.191563 0.000023 0.000016 26.338556 0.000006 0.000017 18.436985 0.000003 -0.000000 0.000000 0.000037 0.000003 34.099937 0.000021 0.000029 34.099922 0.000011 0.000022 22.710543 0.000003 -0.000000 0.000000 170.000046 179.999985 -151.046051 0.000026 0.000032 28.953930 0.000013 0.000015 19.283323 0.000003 -0.000000 0.000000 160.000046 179.999985 -158.274307 0.000040 0.000059 32.588570 0.000014 0.000036 21.703989 176.929626 -178.182663 -179.676895 175.508636 176.374664 101.332993 176.843185 176.371140 177.651321 8.914796 3.148465 0.848964 130.235733 122.447029 153.694672 180.000000 179.999954 166.769531 0.000008 0.000035 -8.811486 0.000002 0.000002 0.000002 165.000000 179.999939 150.788879 0.000003 0.000036 -23.899967 0.000015 0.000013 -16.729984 0.000002 0.000002 0.000002 0.000010 0.000038 -31.404823 0.000034 0.000042 -31.404804 0.000029 0.000014 -20.915607 0.000002 0.000002 0.000002 10.000154 0.000719 -30.006407 0.000485 0.000540 -30.006401 0.000462 0.000152 -19.984270 0.000002 0.000002 0.000002 20.000019 0.000035 -24.081264 0.000035 0.000047 -36.121902 0.000033 0.000007 -24.057186
-32.106094 92.035728 7.877533 102.270660 -179.274124 -178.187363 3.111910 -28.092009 -2.801354 167.251770 159.842590 169.394699 2.116488 1.799299 4.634250 3.153202 8.698954 0.699710 0.019457 23.485744 -1.702602 167.075409 -164.291000 -176.981171 179.948456 177.207626 178.936691 179.948242 177.262100 178.229630 179.909271 178.031982 177.687729 179.999207 177.509613 -178.437866 179.999008 177.094559 -178.382141 164.549988 177.689575 -179.647629 5.224860 0.584025 0.253097 5.415316 0.712376 82.200066 177.113342 175.397308 -178.222046 175.681442 178.555557 175.610550 36.162182 45.612885 14.655048 0.000096 0.000055 16.086571 0.000050 0.000054 10.713673 0.000002 -0.000000 0.000000 15.000045 0.000007 32.179768 0.000031 0.000020 26.328896 0.000010 0.000018 18.430229 0.000002 -0.000000 0.000000 0.000019 0.000010 34.077942 0.000023 0.000018 34.077934 0.000004 0.000018 22.695908 0.000002 -0.000000 0.000000 170.000031 179.999985 -151.081100 0.000018 0.000016 28.918915 0.000016 0.000015 19.259989 0.000002 -0.000000 0.000000 160.000031 179.999985 -158.344391 0.000038 0.000021 32.483395 0.000014 0.000039 21.633955 176.825134 -178.297821 -179.624329 176.085739 176.434357 101.284828 176.724747 176.243835 177.615005 9.067671 3.048836 0.990422 130.128021 122.484734 153.519928 0.000019 -0.000092 -13.269395 180.000000 -179.999939 171.162567 180.000000 180.000000 -180.000000 165.000000 179.999954 150.775299 0.000021 0.000050 -23.911129 0.000011 0.000016 -16.737780 180.000000 180.000000 -180.000000 0.000003 0.000051 -31.415462 0.000014 0.000025 -31.415459 0.000022 0.000011 -20.922691 180.000000 180.000000 -180.000000 9.999945 -0.000369 -30.378267 179.999771 -179.999725 149.621719 179.999771 -179.999908 159.768066 180.000000 180.000000 -180.000000 20.000036 0.000097 -24.084852 0.000078 0.000090 -36.127254 0.000088 0.000029 -24.060751
-32.708710 92.114281 7.572551 101.957703 -179.640457 -178.167084 2.736457 -29.226358 -1.876501 167.415375 158.501480 168.647705 2.246621 2.000840 4.439362 3.549401 8.654495 0.878965 179.910614 156.559830 178.345093 167.018204 -164.799500 -177.158920 179.935471 177.200378 179.016922 179.935196 177.255219 178.363861 179.838226 178.029236 177.859772 179.999115 177.688690 -178.482147 179.998886 177.303513 -178.428009 164.885391 177.846924 -179.621277 5.317147 0.640858 0.181855 5.740671 0.566079 82.073250 177.303879 175.811646 -178.145309 175.715042 178.544052 175.653198 36.114449 45.698639 14.511872 0.000040 0.000015 16.018183 0.000024 0.000017 10.668113 0.000000 -0.000000 0.000000 14.999738 -0.000009 32.051243 179.999832 -179.999863 -153.776245 179.999939 -179.999863 -161.643387 0.000000 -0.000000 0.000000 179.999969 180.000000 -145.967484 179.999985 -179.999985 -145.967514 180.000000 -179.999985 -157.334351 0.000000 -0.000000 0.000000 170.000107 179.999985 -151.063156 0.000068 0.000046 28.936848 0.000030 0.000054 19.271931 0.000000 -0.000000 0.000000 160.000000 -179.999985 -158.448364 0.000008 0.000008 32.327469 180.000000 179.999985 -158.469910 176.859833 -178.283417 -179.718613 176.682648 176.325653 101.314026 176.526123 176.080597 177.586304 9.282847 3.021130 1.195056 129.856674 122.474815 153.316574 0.000033 -0.000067 -13.231564 0.000012 -0.000045 -8.812217 0.000000 0.000000 -0.000002 165.000015 -179.999969 150.739288 179.999985 -179.999985 156.059402 179.999985 -179.999985 163.241592 0.000000 0.000000 -0.000002 0.000005 -0.000013 -31.437681 180.000000 -179.999985 148.562317 180.000000 180.000000 159.062500 0.000000 0.000000 -0.000002 10.000007 0.000031 -30.182749 0.000019 0.000033 -30.182749 0.000022 0.000013 -20.101713 0.000000 0.000000 -0.000002 19.999996 0.000009 -24.124245 0.000017 0.000034 -36.186398 0.000003 0.000001 -24.100140
-33.345474 92.190239 7.263736 101.551689 179.955719 -178.135864 2.441299 -30.203308 -0.986548 167.973740 157.197861 168.218887 2.032726 2.092468 4.057387 3.932492 8.547197 1.023392 179.922226 156.485031 178.484955 166.940811 -165.254959 -177.383804 179.929932 177.200851 179.095779 179.929672 177.255707 178.495178 179.800293 178.028732 178.028778 179.999069 177.864304 -178.528854 179.998825 177.508377 -178.476410 165.238953 178.002182 -179.598145 5.419574 0.670590 0.061450 6.072345 0.489400 82.053230 177.553879 176.097870 -178.280548 175.729477 178.517929 175.691116 36.015373 45.537781 14.329648 0.000087 0.000027 16.001873 0.000050 0.000030 10.657255 180.000000 -180.000000 180.000000 14.999958 -0.000000 32.413807 179.999985 -179.999985 -153.479645 179.999985 -179.999985 -161.435730 180.000000 -180.000000 180.000000 179.999954 179.999985 -145.925186 179.999969 -179.999985 -145.925186 179.999985 -179.999985 -157.306183 180.000000 -180.000000 180.000000 169.999847 179.999985 -151.394455 179.999847 -179.999924 -151.394485 179.999939 -179.999924 -160.948715 180.000000 -180.000000 180.000000 160.000000 -179.999985 -158.452866 0.000006 0.000005 32.320686 0.000000 -0.000000 21.525606 176.900070 -178.292191 -179.784912 177.347809 176.224243 101.247643 176.263718 175.896866 177.578751 9.379709 3.079618 1.325682 129.653809 122.428558 153.177704 0.000072 -0.000057 -13.190380 0.000038 -0.000048 -8.784799 0.000000 0.000003 0.000003 165.000015 -179.999969 150.761276 179.999985 -179.999969 156.077408 179.999985 -179.999985 163.254181 0.000000 0.000003 0.000003 180.000000 179.999985 148.569244 0.000003 0.000001 -31.430765 0.000009 0.000005 -20.932894 0.000000 0.000003 0.000003 9.999983 0.000045 -30.205317 0.000014 0.000041 -30.205309 0.000031 0.000023 -20.116734 0.000000 0.000003 0.000003 19.999996 0.000028 -24.129263 0.000007 0.000035 -36.193939 0.000030 0.000024 -24.105148
-34.034130 92.277901 6.969270 101.276718 179.735168 -178.124100 1.560805 -30.607218 0.198520 168.897766 156.205460 167.852859 1.828590 2.066478 3.539181 4.086886 8.582922 1.179687 0.007371 23.551302 -1.466823 166.843857 -165.837982 -177.524323 179.900482 177.124664 179.180771 179.900208 177.181137 178.637894 179.653107 177.978027 178.206635 179.999069 178.035965 -178.573669 179.998810 177.708664 -178.522842 165.595703 178.154037 -179.576355 5.414130 0.820983 -0.030454 6.518559 0.372727 82.100304 177.855560 176.471298 -178.426025 175.772293 178.547653 175.673920 35.924164 45.432602 14.061687 179.999985 -179.999985 -164.072128 180.000000 -179.999985 -169.392044 0.000000 -0.000000 0.000000 14.999905 -0.000000 32.439774 179.999924 -179.999954 -153.458389 179.999985 -179.999954 -161.420868 0.000000 -0.000000 0.000000 179.999939 179.999985 -145.870819 179.999954 -179.999969 -145.870804 179.999985 -179.999954 -157.269974 0.000000 -0.000000 0.000000 169.999939 179.999985 -151.091919 179.999954 -179.999985 -151.091934 179.999985 -179.999969 -160.747223 0.000000 -0.000000 0.000000 159.999985 179.999985 -158.478302 179.999954 -179.999985 -147.717422 179.999985 -179.999985 -158.499817 177.235123 -177.984955 179.900024 177.717407 175.792755 101.325371 175.968262 175.731232 177.622818 9.453917 3.202532 1.451279 129.337692 122.346443 152.982742 0.000097 -0.000025 -13.113632 0.000058 -0.000037 -8.733683 180.000000 -180.000000 180.000000 165.000015 -179.999985 150.797684 0.000003 -0.000032 -23.892773 180.000000 -179.999985 163.275040 180.000000 -180.000000 180.000000 179.999985 179.999985 148.567261 180.000000 179.999985 148.567261 179.999985 179.999985 159.065796 180.000000 -180.000000 180.000000 9.999985 0.000031 -30.236876 180.000000 179.999969 149.763138 0.000020 0.000023 -20.137751 180.000000 -180.000000 180.000000 19.999985 0.000029 -24.152250 180.000000 179.999969 143.771652 0.000016 0.000024 -24.128090
-34.751736 92.368141 6.693305 100.965164 179.597122 -178.091858 0.658643 -30.656273 1.354135 169.833832 155.868256 167.463043 1.807285 2.416085 3.011008 4.206767 8.676361 1.310015 0.208404 23.690542 -1.340007 166.672577 -166.344833 -177.688782 179.876328 177.017700 179.256180 179.876144 177.076309 178.764420 179.532578 177.904312 178.364502 179.999146 178.197464 -178.609802 179.998932 177.897064 -178.560272 165.937576 178.296005 -179.553650 5.386613 0.979427 -0.142536 6.899462 0.149358 82.017471 178.081161 176.686295 -178.493973 175.824646 178.635315 175.629959 35.891792 45.238251 13.980036 0.000009 0.000003 15.940042 0.000005 0.000004 10.616059 0.000000 -0.000000 0.000000 14.999932 0.000000 32.595890 179.999969 -179.999969 -153.330627 179.999985 -179.999969 -161.331451 0.000000 -0.000000 0.000000 179.999786 179.999985 -145.785522 179.999832 -179.999878 -145.785507 179.999969 -179.999847 -157.213150 0.000000 -0.000000 0.000000 169.999954 179.999985 -150.959274 179.999969 -179.999985 -150.959290 179.999985 -179.999985 -160.658875 0.000000 -0.000000 0.000000 160.000000 -179.999985 -158.391434 179.999985 -180.000000 -147.587143 179.999985 -179.999985 -158.413025 177.119980 -178.167664 179.865570 178.380081 175.843552 101.123993 175.657089 175.636795 177.700928 9.491534 3.381865 1.539557 128.905472 122.228668 152.717087 0.000090 -0.000004 -13.006943 0.000059 -0.000014 -8.662627 0.000000 -0.000000 0.000000 165.000046 -179.999969 150.828537 0.000026 -0.000038 -23.867554 0.000008 -0.000034 -16.707291 0.000000 -0.000000 0.000000 180.000000 179.999985 148.555450 179.999985 179.999985 148.555450 0.000008 0.000014 -20.942076 0.000000 -0.000000 0.000000 9.999977 0.000011 -30.279085 179.999985 179.999985 149.720901 0.000001 0.000016 -20.165874 0.000000 -0.000000 0.000000 19.999983 0.000010 -24.191435 179.999985 179.999969 143.712814 0.000007 0.000016 -24.167238
-35.473190 92.460701 6.431233 100.671036 179.489914 -178.050781 179.662827 -149.451324 -177.559906 170.924988 155.400436 167.380066 1.720125 2.571619 2.229945 4.262626 8.776415 1.432565 0.466688 23.856617 -1.214145 166.452576 -166.824356 -177.838013 179.833603 176.862961 179.343704 179.833328 176.924759 178.912033 179.323761 177.797241 178.543198 179.998993 178.377426 -178.674286 179.998718 178.107071 -178.627121 166.364777 178.458969 -179.543198 5.452409 1.049967 -0.361809 7.255128 -0.066845 81.960609 178.280975 177.072174 -178.357285 175.922012 178.638016 175.451065 35.920856 45.158863 13.951697 0.000019 0.000006 15.929419 0.000010 0.000010 10.609003 180.000000 180.000000 -180.000000 14.999982 0.000001 32.718327 179.999985 -179.999985 -153.230469 179.999985 -179.999985 -161.261307 180.000000 180.000000 -180.000000 179.999985 -179.999985 -145.302612 179.999985 -179.999985 -145.302612 180.000000 -179.999985 -156.891541 180.000000 180.000000 -180.000000 170.000000 179.999985 -150.821747 179.999985 -179.999985 -150.821732 0.000002 -0.000007 19.432724 180.000000 180.000000 -180.000000 160.000000 179.999985 -158.323792 180.000000 -179.999985 -147.485687 180.000000 180.000000 -158.345444 177.100708 -178.228958 179.735657 178.791565 175.887589 100.923561 175.367996 175.633545 177.813507 9.482620 3.552654 1.541493 128.417221 122.099915 152.434341 0.000054 0.000004 -12.877839 0.000036 -0.000001 -8.576628 180.000000 180.000000 -180.000000 165.000000 180.000000 150.936356 179.999985 180.000000 156.220642 179.999985 179.999985 163.354446 180.000000 180.000000 -180.000000 179.999985 179.999985 148.526627 179.999985 179.999985 148.526627 180.000000 179.999985 159.038727 180.000000 180.000000 -180.000000 9.999991 0.000004 -30.328867 0.000003 0.000013 -30.328878 179.999985 179.999985 159.800964 180.000000 180.000000 -180.000000 19.999975 -0.000001 -24.234264 179.999985 179.999985 143.648575 0.000004 0.000015 -24.210032
-36.218990 92.556465 6.183004 100.478401 179.487671 -178.005432 178.251236 -149.828140 -176.267075 172.495773 155.094345 167.322983 1.484868 2.816951 1.363431 4.233957 8.993448 1.598725 0.795254 24.019146 -1.121072 166.042938 -167.467896 -177.906891 179.776215 176.666565 179.431000 179.776184 176.732224 179.060226 179.046875 177.663437 178.720001 179.999771 178.550659 -178.731842 179.999664 178.309158 -178.686615 166.775742 178.613037 -179.532928 5.435256 1.224934 -0.553694 7.621641 -0.305484 81.954155 178.563400 177.478867 -178.223434 176.057709 178.807617 175.352997 35.981651 46.484123 13.421565 179.996231 -179.998627 -164.628937 179.997833 -179.998444 -169.762863 180.000000 180.000000 -180.000000 15.004401 -0.000489 33.138802 0.003248 0.001612 27.113525 0.001525 0.002036 18.979488 180.000000 180.000000 -180.000000 0.000225 -0.000036 34.720615 0.000217 0.000099 34.720623 0.000057 0.000143 23.123938 180.000000 180.000000 -180.000000 170.002502 -179.999573 -150.443542 0.002403 0.000856 29.556414 0.001126 0.001274 19.684578 180.000000 180.000000 -180.000000 160.001968 -179.999527 -158.314850 0.003000 0.000402 32.527733 0.001553 0.001282 21.663464 177.040436 -178.323792 179.616089 179.173508 176.022552 100.641075 175.125961 175.612061 177.991486 9.466905 3.708366 1.521472 127.890869 121.922485 152.152176 0.001695 0.000436 -12.721235 0.001160 0.000031 -8.472339 0.000000 -0.000000 0.000000 164.999863 179.999985 150.894363 179.999893 179.999954 156.186310 179.999969 179.999939 163.330429 0.000000 -0.000000 0.000000 0.000006 0.000005 -31.510757 0.000011 -0.000013 -31.510757 180.000000 -179.999985 159.013824 0.000000 -0.000000 0.000000 10.000093 -0.000002 -30.382576 0.000076 -0.000045 -30.382605 0.000033 -0.000050 -20.234795 0.000000 -0.000000 0.000000 19.999954 0.000007 -24.289646 179.999954 179.999985 143.565536 179.999985 179.999985 155.734634
-36.885719 92.626732 5.932279 100.156067 179.221985 -177.975555 177.692307 -149.616348 -175.718948 172.927719 154.472168 167.434479 1.753950 2.777630 0.574702 4.431907 8.944235 1.854531 1.002262 24.228037 -1.050812 165.588226 -167.964188 -178.029587 179.745819 176.578018 179.507751 179.745667 176.645370 179.189987 178.895721 177.599487 178.879684 179.999557 178.700424 -178.751694 179.999466 178.483841 -178.707153 167.119629 178.744156 -179.507980 5.544076 1.200359 -0.776821 7.672039 -0.306501 82.046120 178.862106 177.732681 -178.118484 176.184814 178.899368 175.333054 36.117725 45.406521 13.921555 0.000240 0.000112 15.779074 0.000137 0.000115 10.508848 180.000000 180.000000 -180.000000 14.997116 0.000546 32.048031 179.997772 -179.999115 -153.778915 179.998886 -179.998764 -161.645233 180.000000 180.000000 -180.000000 0.000474 -0.000116 34.728367 0.000461 0.000169 34.728348 0.000196 0.000258 23.129087 180.000000 180.000000 -180.000000 169.996475 179.998871 -151.756638 179.996368 -179.999283 -151.756653 179.998093 -179.998413 -161.189926 180.000000 180.000000 -180.000000 160.001556 -179.999237 -158.724472 0.002607 -0.000244 31.913219 0.001558 0.000764 21.254206 176.286667 -179.129944 179.952988 179.073853 176.722641 100.082321 174.902878 176.418289 178.172546 9.324086 3.870241 1.281334 127.414963 121.801781 151.933914 0.001087 0.000262 -12.565895 0.000745 0.000013 -8.368885 0.000000 -0.000000 0.000005 164.999863 179.999985 150.880539 179.999939 179.999939 156.175003 179.999954 179.999954 163.322495 0.000000 -0.000000 0.000005 0.000136 0.000003 -31.517860 0.000110 -0.000063 -31.517853 0.000044 -0.000068 -20.990898 0.000000 -0.000000 0.000005 10.000256 0.000001 -30.386723 0.000223 -0.000129 -30.386688 0.000063 -0.000157 -20.237556 0.000000 -0.000000 0.000005 20.000280 0.000010 -24.319876 0.000379 -0.000191 -36.479820 0.000144 -0.000245 -24.295559
-37.523495 92.689392 5.665411 100.015022 179.075272 -177.951126 177.273132 -149.428787 -175.378281 172.970139 153.398209 167.738815 1.988371 2.249946 -0.303612 4.580714 9.036104 2.195682 0.959073 24.279961 -1.195813 165.194061 -168.572037 -178.072189 179.681885 176.425690 179.598587 179.681931 176.495865 179.344467 178.582916 177.491974 179.060104 0.000077 1.141337 1.146777 0.000079 1.331540 1.187730 167.594635 178.893143 -179.529175 5.700427 1.100099 -1.022295 7.695133 -0.265820 82.090508 179.126938 178.055862 -177.906754 176.313034 178.866501 175.273788 36.221931 45.566704 13.997710 0.000143 0.000056 15.740034 0.000083 0.000058 10.482870 0.000000 -0.000000 0.000000 15.000823 -0.000259 32.725880 0.000669 0.000187 26.775719 0.000364 0.000320 18.742987 0.000000 -0.000000 0.000000 0.000586 -0.000244 34.687637 0.000629 0.000125 34.687630 0.000288 0.000318 23.101961 0.000000 -0.000000 0.000000 170.000488 -179.999725 -150.448151 0.000564 -0.000013 29.551817 0.000317 0.000188 19.681530 0.000000 -0.000000 0.000000 159.997040 179.997375 -160.453491 179.994461 179.997894 -150.680267 179.996109 -179.999329 -160.473053 176.486084 -178.888016 179.666489 177.806808 176.413971 100.123085 174.666916 177.510742 178.305359 9.162044 4.141594 1.035892 127.007355 121.646622 151.704102 0.000415 0.000073 -12.446080 0.000287 -0.000009 -8.289100 180.000000 -180.000000 180.000000 164.999847 -179.999985 150.874008 179.999893 179.999954 156.169678 179.999969 179.999924 163.318771 180.000000 -180.000000 180.000000 0.000150 0.000009 -31.509941 0.000138 -0.000073 -31.509958 0.000045 -0.000091 -20.985620 180.000000 -180.000000 180.000000 10.000359 0.000010 -30.373175 0.000302 -0.000187 -30.373154 0.000110 -0.000211 -20.228525 180.000000 -180.000000 180.000000 20.000338 -0.000007 -24.300533 0.000485 -0.000207 -36.450813 0.000169 -0.000299 -24.276228
-38.148277 92.743263 5.379201 99.841515 178.678879 -177.981888 177.108017 -148.996582 -175.148056 172.531967 152.782227 167.747894 2.544873 1.918366 -0.818465 4.889696 8.898182 2.705169 0.688373 24.297752 -1.529120 164.808563 -169.298203 -178.088608 179.653336 176.427750 179.668228 179.653351 176.497742 179.461838 178.437271 177.489990 179.204926 179.999985 178.973114 -178.852936 179.999969 178.801971 -178.811966 167.800064 178.990784 -179.504578 5.696004 1.140111 -1.079453 7.604737 -0.148415 82.141861 179.463181 178.106659 -177.896164 176.382492 179.032745 175.518814 36.297348 45.838593 14.038515 179.999786 -179.999954 -164.326660 179.999863 -179.999924 -169.561554 0.000000 -0.000000 0.000000 15.000276 -0.000148 32.576565 0.000255 0.000011 26.653513 0.000146 0.000087 18.657473 0.000000 -0.000000 0.000000 0.000153 -0.000117 34.536652 0.000199 -0.000015 34.536640 0.000114 0.000066 23.001408 0.000000 -0.000000 0.000000 170.000168 -179.999802 -150.598434 0.000246 -0.000073 29.401556 0.000171 0.000024 19.581432 0.000000 -0.000000 0.000000 160.000015 -179.999985 -158.461792 0.000042 -0.000040 32.307262 0.000034 -0.000003 21.516670 176.428314 -178.886093 179.616287 176.437607 176.160202 100.135468 174.499695 178.161240 178.622604 8.869419 3.892053 0.461691 126.944801 121.615128 151.760239 0.000031 0.000002 -12.380462 0.000018 -0.000006 -8.245393 0.000000 -0.000000 0.000000 165.000046 179.999985 150.847260 0.000039 -0.000002 -23.852242 0.000004 -0.000030 -16.696575 0.000000 -0.000000 0.000000 0.000335 -0.000005 -31.511969 0.000275 -0.000182 -31.511965 0.000107 -0.000204 -20.986973 0.000000 -0.000000 0.000000 10.002282 -0.000003 -30.495556 0.001976 -0.001134 -30.495569 0.000747 -0.001322 -20.310043 0.000000 -0.000000 0.000000 20.000549 0.000015 -24.287247 0.000768 -0.000344 -36.430874 0.000267 -0.000495 -24.262959
-38.754005 92.799721 5.081324 99.679268 178.226471 -178.039902 177.103943 -148.597031 -174.985123 171.881439 152.502518 167.617294 3.176699 1.718382 -1.125272 5.272864 8.648145 3.161485 0.021937 24.339863 -1.797620 164.876816 -169.740173 -178.283524 179.625977 176.451660 179.742188 179.625916 176.520996 179.586243 178.296021 177.501968 179.359726 179.999847 179.099396 -178.859467 179.999817 178.949295 -178.818756 167.996460 179.099426 -179.482758 5.658988 1.220615 -1.080808 7.591080 -0.182159 81.989525 179.637833 178.197388 -177.746750 176.409775 178.972961 175.587402 36.308323 45.870663 14.157537 179.999878 -179.999985 -164.278107 179.999924 -179.999969 -169.529205 0.000000 -0.000000 0.000000 15.000293 -0.000216 32.535465 0.000312 -0.000031 26.619911 0.000193 0.000077 18.633944 0.000000 -0.000000 0.000000 0.000147 -0.000158 34.499195 0.000224 -0.000050 34.499176 0.000141 0.000059 22.976456 0.000000 -0.000000 0.000000 170.000153 -179.999771 -150.663895 0.000255 -0.000139 29.336096 0.000196 0.000013 19.537849 0.000000 -0.000000 0.000000 160.000015 -179.999939 -158.467865 0.000079 -0.000083 32.298222 0.000076 -0.000021 21.510590 176.397934 -178.845383 179.576431 174.847382 175.757721 100.267235 174.262421 178.957642 178.862717 8.558853 3.598839 -0.127675 126.962425 121.525879 151.813950 179.999725 179.999985 167.650986 179.999832 179.999954 171.775574 0.000000 -0.000000 0.000000 165.000290 -179.999985 150.831497 0.000214 -0.000121 -23.865129 0.000095 -0.000130 -16.705593 0.000000 -0.000000 0.000000 0.000433 -0.000013 -31.489632 0.000369 -0.000228 -31.489616 0.000121 -0.000259 -20.972107 0.000000 -0.000000 0.000000 10.000827 -0.000023 -30.160620 0.000709 -0.000453 -30.160603 0.000263 -0.000484 -20.086967 0.000000 -0.000000 0.000000 20.000425 -0.000027 -24.219521 0.000575 -0.000286 -36.329285 0.000193 -0.000381 -24.195307
-39.360764 92.861221 4.779871 99.537727 177.749023 -178.119080 177.111252 -148.270493 -174.838776 171.323563 152.121552 167.640350 3.669847 1.253550 -1.459347 5.609297 8.388848 3.615903 179.351562 155.627625 177.867676 164.997269 -170.227173 -178.429581 179.594742 176.484207 179.821304 179.594620 176.552643 179.719345 178.135895 177.518768 179.525116 179.999725 179.240646 -178.877060 179.999664 179.114105 -178.837006 168.210388 179.222351 -179.465408 5.777693 1.105102 -1.216150 7.415968 -0.038288 81.976677 179.773727 178.243927 -177.596802 176.413193 178.903702 175.647751 36.329082 45.883762 14.237484 179.999924 180.000000 -164.249588 179.999954 -179.999985 -169.510254 0.000000 0.000000 -0.000003 15.000277 -0.000260 32.468559 0.000302 -0.000056 26.565182 0.000217 0.000057 18.595633 0.000000 0.000000 -0.000003 0.000138 -0.000177 34.447983 0.000220 -0.000074 34.447956 0.000148 0.000043 22.942348 0.000000 0.000000 -0.000003 170.000137 -179.999741 -150.740631 0.000263 -0.000169 29.259348 0.000203 -0.000026 19.486713 0.000000 0.000000 -0.000003 160.000015 -179.999924 -158.490707 0.000066 -0.000079 32.263935 0.000076 -0.000021 21.487774 176.335495 -178.845200 179.559250 174.084824 175.594513 100.446609 174.076599 178.864334 179.047012 8.270756 3.190012 -0.706496 127.185280 121.494965 151.992661 179.999634 179.999924 167.629898 179.999771 179.999893 171.761520 0.000002 0.000002 0.000000 165.000397 -179.999969 150.851303 0.000270 -0.000186 -23.848959 0.000122 -0.000199 -16.694260 0.000002 0.000002 0.000000 0.000420 -0.000042 -31.445087 0.000339 -0.000259 -31.445099 0.000096 -0.000274 -20.942434 0.000002 0.000002 0.000000 10.000615 -0.000055 -30.049793 0.000494 -0.000353 -30.049789 0.000159 -0.000372 -20.013157 0.000002 0.000002 0.000000 20.001955 -0.000219 -24.344063 0.002532 -0.001517 -36.516106 0.000774 -0.001807 -24.319721
-39.963825 92.927185 4.473448 99.432907 177.306473 -178.203125 177.317703 -148.060867 -174.718735 171.176163 151.880478 167.810028 3.620214 0.889321 -1.672901 5.924232 8.161110 4.041434 178.640671 155.575058 177.545395 165.181824 -170.768661 -178.558228 179.562073 176.500977 179.902573 179.561890 176.568771 179.856140 177.969131 177.522888 179.694580 179.999527 179.398148 -178.915527 179.999451 179.297821 -178.876862 168.417999 179.361557 -179.458603 5.805237 1.111944 -1.275442 7.309680 0.022908 81.884300 179.906677 178.260117 -177.487656 176.397690 178.856857 175.698425 36.319134 45.897419 14.248514 179.999847 179.999985 -164.242523 179.999908 -179.999985 -169.505508 0.000000 0.000000 -0.000003 15.000228 -0.000255 32.382397 0.000260 -0.000073 26.494694 0.000176 0.000042 18.546282 0.000000 0.000000 -0.000003 0.000131 -0.000194 34.390320 0.000196 -0.000082 34.390339 0.000143 0.000034 22.903961 0.000000 0.000000 -0.000003 170.000107 -179.999802 -150.838852 0.000173 -0.000128 29.161161 0.000136 -0.000016 19.421329 0.000000 0.000000 -0.000003 160.000031 -179.999954 -158.517426 0.000046 -0.000070 32.223892 0.000052 -0.000020 21.461123 176.375839 -178.714188 179.461166 173.549957 175.351715 100.769661 173.875107 178.418152 179.163162 8.033591 2.709428 -1.225629 127.522789 121.495354 152.175354 179.999878 179.999954 167.547058 179.999924 179.999954 171.706345 0.000000 -0.000003 0.000000 165.000397 -179.999924 150.900574 0.000269 -0.000198 -23.808613 0.000105 -0.000199 -16.666025 0.000000 -0.000003 0.000000 0.000284 -0.000050 -31.378008 0.000214 -0.000208 -31.377995 0.000065 -0.000182 -20.897751 0.000000 -0.000003 0.000000 10.000311 -0.000061 -29.933247 0.000219 -0.000199 -29.933247 0.000058 -0.000194 -19.935534 0.000000 -0.000003 0.000000 20.000319 -0.000072 -23.836676 0.000415 -0.000308 -35.755043 0.000104 -0.000313 -23.812860
-40.553482 92.998810 4.167012 99.288574 176.659042 -178.326981 177.683411 -147.694885 -174.586761 171.060074 151.777588 167.977875 3.460038 0.585045 -1.800297 6.197421 7.703332 4.421116 178.107681 155.458679 177.304504 165.336868 -171.374008 -178.679749 179.538437 176.588745 179.991806 179.538208 176.654312 -179.994705 177.842941 177.574646 179.884537 179.999557 179.576965 -178.914673 179.999466 179.506485 -178.875992 168.559906 179.513641 -179.426331 5.851583 1.115614 -1.355272 7.256489 -0.075416 81.708748 179.803299 178.315536 -177.281204 176.417755 178.814865 175.707581 36.312431 45.879639 14.315695 179.999878 179.999985 -164.202377 179.999924 -179.999985 -169.478790 0.000000 0.000000 -0.000002 15.000173 -0.000211 32.296204 0.000211 -0.000072 26.424160 0.000165 0.000015 18.496902 0.000000 0.000000 -0.000002 0.000073 -0.000133 34.317169 0.000127 -0.000063 34.317142 0.000097 0.000014 22.855232 0.000000 0.000000 -0.000002 170.000076 -179.999817 -150.905975 0.000164 -0.000124 29.094004 0.000128 -0.000022 19.376612 0.000000 0.000000 -0.000002 160.000015 -179.999924 -158.531387 0.000068 -0.000084 32.202888 0.000077 -0.000035 21.447136 176.514114 -178.468002 179.361328 173.190491 175.087524 101.127632 173.719482 177.669647 179.262802 7.834674 2.116369 -1.707480 127.881485 121.535500 152.458374 0.000034 -0.000018 -12.502254 0.000017 -0.000014 -8.326479 0.000000 -0.000000 0.000000 165.000259 -179.999954 150.978546 0.000157 -0.000134 -23.744802 0.000063 -0.000126 -16.621361 0.000000 -0.000000 0.000000 0.000157 -0.000047 -31.313965 0.000102 -0.000111 -31.313972 0.000029 -0.000099 -20.855124 0.000000 -0.000000 0.000000 10.000057 -0.000013 -29.845110 0.000041 -0.000049 -29.845081 0.000011 -0.000043 -19.876831 0.000000 -0.000000 0.000000 20.000139 -0.000050 -23.738455 0.000162 -0.000159 -35.607662 0.000029 -0.000140 -23.714729
-41.125214 93.075432 3.868359 99.211548 176.147491 -178.426300 178.177505 -147.475250 -174.544479 170.878586 151.832428 168.085342 3.243374 0.389072 -1.838961 6.333965 7.369856 4.708757 177.797226 155.287292 177.195496 165.423904 -172.054153 -178.789246 179.505951 176.622421 -179.922363 179.505692 176.686813 -179.850540 177.676605 177.587448 -179.935822 179.999466 179.768234 -178.957001 179.999359 179.729614 -178.919830 168.776718 179.681992 -179.417938 5.903111 1.115568 -1.444361 7.151880 -0.056694 81.658661 179.963821 178.240692 -177.314346 176.235336 178.900787 175.840195 36.368835 45.913761 14.395643 179.999695 179.999939 -164.193588 179.999802 -179.999985 -169.472916 180.000000 -179.999985 180.000000 15.000017 -0.000026 32.184151 0.000024 -0.000003 26.332504 0.000021 0.000001 18.432737 180.000000 -179.999985 180.000000 180.000000 179.999985 -145.753723 179.999985 179.999985 -145.753738 180.000000 -179.999985 -157.191986 180.000000 -179.999985 180.000000 170.000031 -179.999954 -150.992859 0.000046 -0.000028 29.007130 0.000030 -0.000009 19.318739 180.000000 -179.999985 180.000000 160.000015 179.999969 -158.579514 179.999969 179.999954 -147.869263 179.999969 179.999985 -158.600922 176.323822 -178.514847 179.289719 173.438766 175.227661 101.489929 173.545822 177.149521 179.199326 7.751566 1.934590 -1.874121 128.126892 121.576469 152.748398 0.000004 -0.000003 -12.489490 0.000005 -0.000006 -8.318031 0.000002 -0.000005 -0.000000 165.000076 -179.999985 151.051987 0.000052 -0.000047 -23.684727 0.000009 -0.000039 -16.579311 0.000002 -0.000005 -0.000000 0.000594 -0.000213 -31.360147 0.000403 -0.000501 -31.360138 0.000069 -0.000414 -20.885857 0.000002 -0.000005 -0.000000 9.999887 0.000043 -29.795048 179.999924 179.999893 150.204910 179.999985 179.999924 160.156509 0.000002 -0.000005 -0.000000 19.999975 -0.000000 -23.658688 179.999985 179.999985 144.511948 180.000000 179.999985 156.364960
-41.670113 93.154671 3.577502 99.154816 175.654358 -178.509476 178.787476 -147.259109 -174.580048 170.487030 151.941406 168.097672 3.120007 0.210815 -1.843419 6.321978 7.013078 4.928822 177.840179 155.014938 177.166519 165.368622 -172.825638 -178.843185 179.473373 176.647446 -179.840775 179.473114 176.710770 -179.713394 177.510681 177.593323 -179.765640 179.999466 179.965698 -179.004791 179.999329 179.960007 -178.969345 168.987442 179.856262 -179.412994 5.970481 1.086753 -1.556037 7.119376 -0.098206 81.590332 179.884613 178.282684 -177.250092 176.336273 178.867493 175.784363 36.218384 45.729343 14.498551 179.999954 179.999985 -164.039719 179.999985 -179.999985 -169.370468 180.000000 180.000000 -180.000000 15.000062 -0.000097 32.185509 0.000079 -0.000038 26.333611 0.000065 -0.000002 18.433512 180.000000 180.000000 -180.000000 0.000029 -0.000056 34.267471 0.000056 -0.000039 34.267467 0.000040 0.000006 22.822134 180.000000 180.000000 -180.000000 170.000046 -179.999878 -151.006088 0.000098 -0.000085 28.993893 0.000079 -0.000022 19.309956 180.000000 180.000000 -180.000000 159.999939 179.999649 -158.617844 179.999710 179.999557 -147.926743 179.999680 179.999847 -158.639221 176.112732 -178.557419 179.188477 173.831696 175.449173 101.856468 173.425812 176.658737 179.135025 7.698092 1.810333 -1.938347 128.354904 121.664619 153.022202 180.000000 179.999985 167.516937 180.000000 179.999985 171.686264 0.000000 -0.000000 0.000000 164.999985 179.999985 151.091690 179.999985 179.999985 156.347748 0.000000 0.000022 -16.556585 0.000000 -0.000000 0.000000 179.999908 179.999939 148.993286 179.999939 179.999908 148.993286 0.000000 0.000075 -20.650478 0.000000 -0.000000 0.000000 9.999871 0.000081 -29.831329 179.999939 179.999847 150.168671 0.000004 0.000096 -19.867659 0.000000 -0.000000 0.000000 19.999943 0.000057 -23.646177 179.999969 179.999878 144.530716 0.000005 0.000078 -23.622538
-42.195641 93.234352 3.289357 99.112320 175.191025 -178.559357 179.437637 -147.058426 -174.679550 170.472687 151.831955 168.420471 2.596917 -0.097856 -1.988965 6.187032 6.621730 5.073920 178.081604 154.627899 177.208939 165.309204 -173.681213 -178.894897 179.442245 176.662933 -179.768112 179.442047 176.725372 -179.591156 177.352966 177.592529 -179.614670 179.999298 -179.807877 -179.036591 179.999161 -179.775833 -179.002289 169.148865 -179.947357 -179.394974 5.933896 1.195681 -1.573842 7.256129 -0.344147 81.373421 179.704315 178.377029 -177.166946 176.290924 178.921570 175.836075 36.354599 45.792171 14.665937 179.999878 179.999985 -164.027435 179.999924 -179.999985 -169.362244 0.000000 -0.000000 0.000000 14.999999 0.000003 32.120819 180.000000 179.999985 -153.719330 180.000000 180.000000 -161.603546 0.000000 -0.000000 0.000000 179.999985 179.999985 -145.776047 179.999985 179.999985 -145.776077 179.999985 180.000000 -157.206848 0.000000 -0.000000 0.000000 170.000015 -179.999985 -151.081970 0.000020 -0.000030 28.918045 0.000016 -0.000006 19.259407 0.000000 -0.000000 0.000000 160.000015 179.999985 -158.378754 179.999985 -179.999985 -147.568161 179.999985 179.999985 -158.400375 175.920181 -178.568085 179.056564 174.189270 175.686584 102.207642 173.362320 176.339798 179.087601 7.653731 1.740360 -1.915325 128.535370 121.777954 153.223236 180.000000 -180.000000 167.507523 180.000000 -179.999985 171.680008 180.000000 180.000000 -180.000000 164.999969 179.999985 151.083969 179.999985 179.999985 156.341446 0.000009 0.000035 -16.560987 180.000000 180.000000 -180.000000 179.999939 179.999954 148.935852 179.999985 179.999908 148.935837 0.000004 0.000056 -20.688717 180.000000 180.000000 -180.000000 9.999930 0.000073 -29.932190 179.999985 179.999908 150.067825 0.000021 0.000061 -19.934834 180.000000 180.000000 -180.000000 19.999968 0.000064 -23.704651 0.000001 0.000115 -35.556992 0.000045 0.000051 -23.680939
-42.701618 93.312088 3.002595 99.078308 174.765015 -178.560577 0.046871 -33.105759 5.187446 170.342529 151.785858 168.657196 2.229419 -0.371449 -2.140084 5.902987 6.192397 5.124693 178.499344 154.114761 177.288940 165.304199 -174.621445 -178.932343 179.412659 176.669952 -179.708801 179.412506 176.731720 -179.491211 177.204483 177.586807 -179.492554 179.999252 -179.581192 -179.066895 179.999100 -179.511398 -179.033676 169.295883 -179.750992 -179.376907 5.961534 1.205735 -1.663663 7.397604 -0.581645 81.197006 179.419205 178.523331 -177.048492 176.372879 178.913147 175.817566 36.302094 45.680508 14.787715 179.999985 179.999985 -163.921082 179.999985 -180.000000 -169.291458 0.000003 -0.000000 0.000000 15.000031 -0.000027 32.128441 0.000008 0.000003 26.286888 0.000020 -0.000002 18.400826 0.000003 -0.000000 0.000000 180.000000 -180.000000 -145.750397 0.000000 -0.000000 34.249611 0.000002 -0.000006 22.810242 0.000003 -0.000000 0.000000 170.000015 -179.999954 -151.096832 0.000039 -0.000042 28.903130 0.000030 -0.000005 19.249496 0.000003 -0.000000 0.000000 160.000015 -179.999985 -158.367584 0.000002 -0.000018 32.448635 0.000010 -0.000002 21.610809 175.637024 -178.671326 178.963364 174.550537 176.026047 102.488899 173.330063 176.223801 179.065842 7.608108 1.682542 -1.844399 128.605331 121.924095 153.318405 179.999985 -179.999924 167.496628 179.999985 -179.999954 171.672760 0.000005 0.000000 -0.000002 164.999985 179.999985 151.042694 180.000000 179.999985 156.307663 180.000000 179.999985 163.415344 0.000005 0.000000 -0.000002 179.999985 179.999954 148.842865 179.999985 179.999969 148.842896 0.000022 0.000032 -20.750643 0.000005 0.000000 -0.000002 10.000005 0.000054 -30.069603 0.000012 0.000047 -30.069588 0.000030 0.000028 -20.026344 0.000005 0.000000 -0.000002 20.000032 0.000042 -23.826887 0.000046 0.000058 -35.740299 0.000047 0.000007 -23.803059
-43.190300 93.386879 2.714925 99.046478 174.376633 -178.500031 0.529668 -33.234261 5.063636 170.333984 151.668808 168.923096 1.856768 -0.702673 -2.348679 5.443233 5.711057 5.067072 179.076385 153.452148 177.378342 165.407715 -175.639816 -178.957657 179.385010 176.672623 -179.666641 179.384933 176.733902 -179.419861 177.067886 177.580063 -179.407181 179.999298 -179.361252 -179.095078 179.999176 -179.254791 -179.062866 169.428864 -179.560577 -179.359406 5.982430 1.224487 -1.752966 7.509610 -0.781173 81.066170 179.187714 178.622757 -176.990860 176.339417 178.980026 175.897568 36.394634 45.644894 14.894738 0.000012 -0.000003 16.099710 0.000010 0.000001 10.722405 0.000000 -0.000000 0.000000 15.000028 -0.000041 32.113819 0.000025 -0.000014 26.274940 0.000018 0.000002 18.392466 0.000000 -0.000000 0.000000 0.000006 -0.000011 34.254086 0.000015 -0.000008 34.254051 0.000010 -0.000002 22.813213 0.000000 -0.000000 0.000000 170.000015 -179.999954 -151.136002 0.000028 -0.000034 28.864017 0.000024 -0.000002 19.223419 0.000000 -0.000000 0.000000 160.000015 -179.999985 -158.369965 0.000019 -0.000027 32.445072 0.000023 -0.000004 21.608423 175.205688 -178.938385 178.930115 174.914429 176.494110 102.708191 173.297501 176.341644 179.057236 7.558705 1.600189 -1.766834 129.349243 122.087334 154.232620 179.999985 -179.999985 167.548401 179.999985 -179.999985 171.707245 180.000000 -180.000000 180.000000 165.000015 179.999985 150.993057 180.000000 179.999985 156.267029 0.000003 0.000004 -16.613077 180.000000 -180.000000 180.000000 0.000007 0.000027 -31.269932 0.000014 0.000014 -31.269958 0.000026 0.000010 -20.825777 180.000000 -180.000000 180.000000 10.000017 0.000033 -30.220957 0.000028 0.000015 -30.220974 0.000032 -0.000005 -20.127148 180.000000 -180.000000 180.000000 20.000031 0.000030 -23.956663 0.000069 0.000015 -35.935009 0.000046 -0.000022 -23.932720
-43.665745 93.459686 2.427828 99.012047 174.021774 -178.371216 0.882615 -33.313282 4.966380 170.446335 151.505783 169.198135 1.483514 -1.086708 -2.623045 4.778460 5.160644 4.901349 179.851059 152.606079 177.458801 165.621780 -176.710571 -178.986115 179.360764 176.673981 -179.643692 179.360779 176.734924 -179.380646 176.950470 177.575317 -179.362640 179.999420 -179.152008 -179.121582 179.999329 -179.010681 -179.090286 169.543655 -179.379501 -179.343216 5.995581 1.247841 -1.847023 7.660629 -1.172282 80.806374 178.647766 178.771637 -176.731247 176.428818 178.986450 175.909225 36.481403 45.672268 14.961830 0.000039 -0.000007 16.090216 0.000028 0.000001 10.716083 0.000000 -0.000000 0.000000 15.000025 -0.000043 32.073631 0.000047 -0.000024 26.242043 0.000028 0.000002 18.369434 0.000000 -0.000000 0.000000 0.000015 -0.000022 34.245190 0.000016 -0.000007 34.245178 0.000018 0.000005 22.807291 0.000000 -0.000000 0.000000 170.000015 -179.999954 -151.189240 0.000037 -0.000041 28.810736 0.000033 -0.000009 19.187958 0.000000 -0.000000 0.000000 160.000000 -179.999969 -158.396545 0.000025 -0.000054 32.405182 0.000042 -0.000018 21.581858 175.108398 -178.914001 178.808167 174.781113 176.596024 102.986458 173.246597 176.701035 179.045303 7.514639 1.489444 -1.712685 129.383652 122.308105 154.446564 179.999985 -179.999985 167.603195 180.000000 -179.999985 171.743729 0.000000 0.000000 -0.000003 165.000015 179.999985 150.948074 0.000014 -0.000002 -23.769756 0.000010 0.000002 -16.638842 0.000000 0.000000 -0.000003 0.000024 -0.000004 -31.417667 0.000031 -0.000011 -31.417654 0.000013 -0.000015 -20.924156 0.000000 0.000000 -0.000003 10.000042 0.000011 -30.384449 0.000034 -0.000019 -30.384438 0.000021 -0.000022 -20.236034 0.000000 0.000000 -0.000003 20.000050 0.000013 -24.118471 0.000069 -0.000024 -36.177711 0.000024 -0.000047 -24.094341
-44.135357 93.533951 2.141828 98.973389 173.697144 -178.175476 1.085606 -33.311993 4.907552 170.753143 151.362274 169.486374 1.077548 -1.486499 -2.923324 3.921766 4.522585 4.647535 0.829320 28.449604 -2.472265 165.944839 -177.804047 -179.043991 179.340103 176.674957 -179.639725 179.340179 176.735764 -179.373260 176.852890 177.573669 -179.358429 179.999588 -178.954041 -179.146606 179.999527 -178.779709 -179.116211 169.640167 -179.208221 -179.328323 6.008602 1.270884 -1.949605 7.941298 -1.101618 80.911873 178.637115 179.077194 -176.872269 176.325638 179.109863 176.054062 36.649567 45.773594 14.892139 0.000011 -0.000005 15.961742 0.000004 0.000002 10.630509 0.000000 -0.000000 0.000003 15.000010 -0.000016 31.985172 0.000009 -0.000005 26.169668 180.000000 179.999985 -161.681229 0.000000 -0.000000 0.000003 0.000006 -0.000027 34.208763 0.000030 -0.000020 34.208733 0.000015 0.000004 22.783020 0.000000 -0.000000 0.000003 170.000000 -179.999969 -151.279099 0.000018 -0.000034 28.720877 0.000015 -0.000011 19.128098 0.000000 -0.000000 0.000003 160.000000 -179.999985 -158.464554 0.000002 -0.000004 32.303146 0.000009 -0.000009 21.513908 175.017792 -178.906723 178.712708 174.525177 176.661255 103.244125 173.161163 177.200272 179.037308 7.453213 1.264582 -1.695027 129.250214 122.454597 154.492905 180.000000 -179.999985 167.671387 180.000000 -179.999985 171.789139 180.000000 180.000000 -179.999985 165.000015 -179.999985 150.877655 0.000004 -0.000003 -23.827375 0.000005 -0.000008 -16.679165 180.000000 180.000000 -179.999985 0.000018 -0.000006 -31.573532 0.000011 -0.000015 -31.573523 0.000009 -0.000009 -21.027960 180.000000 180.000000 -179.999985 10.000019 -0.000002 -30.563044 0.000016 -0.000019 -30.563034 0.000003 -0.000015 -20.354984 180.000000 180.000000 -179.999985 20.000021 -0.000004 -24.287037 0.000027 -0.000013 -36.430553 0.000011 -0.000019 -24.262749
-44.600868 93.604988 1.853209 98.934441 173.385437 -177.946960 1.261631 -33.297348 4.852627 170.623428 151.457047 169.429749 1.113334 -1.726824 -3.128120 2.905787 3.874058 4.357234 1.975932 29.477434 -2.406146 166.287933 -179.093124 -179.133179 179.318710 176.673126 -179.643631 179.318726 176.733887 -179.378952 176.753326 177.571320 -179.371414 179.999924 -178.774704 -179.183502 179.999908 -178.570480 -179.154358 169.760376 -179.051193 -179.324051 6.022615 1.296770 -2.059935 8.234843 -1.009371 81.046883 178.666336 179.384186 -177.043564 176.206726 179.264206 176.200241 36.672325 45.725304 14.929371 179.999756 179.999725 -164.019470 179.999802 179.999863 -169.356979 0.000000 -0.000000 0.000000 15.000060 -0.000108 31.885130 0.000095 -0.000059 26.087828 0.000076 -0.000021 18.261463 0.000000 -0.000000 0.000000 180.000000 179.999985 -145.848816 179.999985 179.999985 -145.848801 0.000006 -0.000006 22.744680 0.000000 -0.000000 0.000000 170.000000 -179.999908 -151.379425 0.000052 -0.000086 28.620565 0.000058 -0.000029 19.061310 0.000000 -0.000000 0.000000 160.000015 -179.999954 -158.549179 0.000020 -0.000059 32.176231 0.000031 -0.000037 21.429356 174.930817 -178.913147 178.625336 174.195419 176.711899 103.499397 173.065170 177.823975 179.022476 7.413679 1.021384 -1.696022 129.076553 122.560532 154.471069 0.000012 0.000024 -12.267667 0.000012 0.000016 -8.170255 0.000002 0.000000 -0.000002 165.000290 -179.999756 150.796326 0.000130 -0.000301 -23.893873 179.999985 -179.999756 163.274292 0.000002 0.000000 -0.000002 0.000271 -0.000172 -31.754215 0.000127 -0.000296 -31.754194 179.999985 -179.999802 158.851730 0.000002 0.000000 -0.000002 10.000263 -0.000172 -30.736759 0.000140 -0.000277 -30.736736 179.999985 -179.999786 159.529343 0.000002 0.000000 -0.000002 20.000278 -0.000166 -24.458010 0.000242 -0.000420 -36.687031 179.999985 -179.999695 155.566452
-45.054184 93.694794 1.580018 98.897339 173.145187 -177.682205 1.042757 -33.038055 4.962788 170.899628 151.766434 169.399612 1.139782 -1.905807 -3.324087 1.825283 3.030109 4.064780 3.248707 31.068796 -2.344635 166.806458 179.824448 -179.236557 179.306473 176.660828 -179.665451 179.306488 176.721939 -179.414780 176.699158 177.565521 -179.421768 179.999924 -178.617172 -179.217651 179.999893 -178.386688 -179.189728 169.840469 -178.913177 -179.321640 6.044188 1.305721 -2.170726 8.455067 -0.779332 81.299522 178.949020 179.660324 -177.329163 176.127274 179.334763 176.299667 36.942635 45.920101 14.873540 179.999664 179.999680 -164.204834 179.999725 179.999863 -169.480423 0.000000 -0.000000 0.000000 14.999978 0.000096 31.764980 179.999954 179.999954 -154.010513 179.999924 179.999985 -161.807327 0.000000 -0.000000 0.000000 180.000000 -179.999969 -145.827393 0.000018 -0.000023 34.172615 0.000006 -0.000003 22.758928 0.000000 -0.000000 0.000000 170.000000 -179.999985 -151.429840 180.000000 -179.999985 -151.429871 0.000002 -0.000007 19.027691 0.000000 -0.000000 0.000000 160.000000 -179.999969 -158.562744 180.000000 -179.999954 -147.844086 0.000014 -0.000020 21.415840 174.840302 -178.916611 178.577805 173.836975 176.727478 103.734970 172.890121 178.307556 179.051468 7.314620 0.636535 -1.860473 128.829941 122.508415 154.449036 0.000122 0.000114 -12.143952 0.000104 0.000060 -8.087891 0.000000 -0.000000 0.000000 165.000183 -179.999756 150.682709 0.000046 -0.000249 -23.986862 179.999969 -179.999832 163.209183 0.000000 -0.000000 0.000000 0.000136 -0.000151 -31.843292 0.000028 -0.000196 -31.843311 179.999954 -179.999878 158.792374 0.000000 -0.000000 0.000000 10.000128 -0.000119 -30.825676 0.000022 -0.000159 -30.825642 179.999985 -179.999908 159.470108 0.000000 -0.000000 0.000000 20.000105 -0.000099 -24.549232 0.000063 -0.000206 -36.823826 179.999969 -179.999847 155.475342
-45.503777 93.795929 1.315610 98.835892 172.831970 -177.280594 0.761936 -32.752445 4.984499 171.406250 152.225250 169.393021 1.134929 -2.019953 -3.478317 0.815486 1.971852 3.678531 4.521204 33.003254 -2.266571 167.411758 179.203003 -179.305725 179.299042 176.683578 -179.720367 179.299149 176.744675 -179.506134 176.674194 177.591293 -179.540726 179.999939 -178.471329 -179.250397 179.999924 -178.216553 -179.223633 169.907211 -178.785309 -179.320282 6.076964 1.303806 -2.281812 8.761836 -0.167757 81.840080 179.733856 -179.858459 -177.997223 175.958984 179.338684 176.502289 37.185349 46.052139 14.865026 179.999298 179.999588 -164.342163 179.999466 179.999863 -169.571884 0.000000 0.000003 0.000000 14.999956 -0.000022 31.919874 179.999985 -179.999985 -153.883759 0.000011 -0.000037 18.281380 0.000000 0.000003 0.000000 179.999954 -179.999969 -145.828751 179.999985 -179.999954 -145.828720 0.000006 -0.000038 22.758068 0.000000 0.000003 0.000000 169.999939 -179.999985 -151.418579 179.999985 -179.999969 -151.418579 180.000000 -179.999969 -160.964798 0.000000 0.000003 0.000000 159.999939 -179.999985 -158.560577 179.999924 -179.999924 -147.840866 179.999985 -179.999924 -158.582016 174.760452 -178.916687 178.542969 173.491730 176.732758 103.966606 172.684906 178.657242 179.107086 7.146415 0.138898 -2.086967 128.499329 122.382278 154.306686 0.000219 0.000158 -12.025537 0.000167 0.000076 -8.008987 180.000000 -180.000000 179.999985 165.000046 -179.999878 150.591202 180.000000 -179.999893 155.938278 179.999969 -179.999939 163.156799 180.000000 -180.000000 179.999985 0.000030 -0.000068 -31.898762 180.000000 -179.999908 148.101273 179.999985 -179.999954 158.755432 180.000000 -180.000000 179.999985 10.000021 -0.000024 -30.875132 180.000000 -179.999969 149.124878 179.999985 -179.999985 159.437164 180.000000 -180.000000 179.999985 20.000000 -0.000010 -24.598932 0.000005 -0.000027 -36.898380 180.000000 -179.999985 155.425674
-45.944191 93.908325 1.056586 98.777222 172.528976 -176.881744 0.303790 -32.396469 5.065041 172.154297 152.674622 169.535217 1.067762 -2.173974 -3.696507 179.915344 179.219589 -176.662994 5.750120 34.977814 -2.129359 168.087738 178.814713 -179.422913 179.295929 176.711594 -179.778992 179.296066 176.772629 -179.603943 176.670059 177.621918 -179.666595 179.999939 -178.337234 -179.281601 179.999954 -178.060120 -179.255966 169.963913 -178.667664 -179.319855 6.102827 1.281179 -2.388122 8.821763 -0.124149 81.912491 179.850021 -179.829620 -178.012100 175.970856 179.356308 176.514389 37.562840 46.451473 14.982211 179.999649 179.999664 -164.530487 179.999725 179.999847 -169.697296 180.000000 180.000000 -179.999985 14.999980 0.000008 31.842243 179.999985 -179.999985 -153.947281 179.999985 -179.999985 -161.763092 180.000000 180.000000 -179.999985 179.999985 179.999985 -145.884171 179.999969 -179.999985 -145.884186 179.999985 -179.999985 -157.278854 180.000000 180.000000 -179.999985 170.000000 -180.000000 -151.475662 0.000003 -0.000002 28.524321 180.000000 180.000000 -161.002808 180.000000 180.000000 -179.999985 159.999969 179.999985 -158.624664 179.999969 179.999985 -147.937012 179.999985 -179.999985 -158.646027 174.691391 -178.908447 178.526978 173.174820 176.727448 104.186920 172.463684 178.874451 179.180771 6.939124 -0.287179 -2.368293 128.201340 122.220306 154.287766 0.000091 0.000067 -11.856194 0.000072 0.000032 -7.896233 0.000000 -0.000000 0.000000 165.000046 -179.999878 150.557495 179.999985 -179.999878 155.910690 179.999985 -179.999939 163.137466 0.000000 -0.000000 0.000000 0.000046 -0.000110 -31.913212 179.999985 -179.999893 148.086746 179.999939 -179.999939 158.745789 0.000000 -0.000000 0.000000 10.000014 -0.000053 -30.882441 179.999985 -179.999954 149.117554 179.999985 -179.999985 159.432297 0.000000 -0.000000 0.000000 20.000008 0.000009 -24.605595 180.000000 179.999985 143.091599 180.000000 179.999985 155.419022
-46.371712 94.023201 0.809975 98.717979 172.241348 -176.506165 179.850235 -147.930420 -174.852509 172.936600 153.177765 169.621567 0.975721 -2.235496 -3.820782 179.084579 -179.488220 -176.955444 7.060669 38.004871 -1.898543 168.582748 179.402847 -179.271744 179.297607 176.743851 -179.835617 179.297775 176.804764 -179.698639 176.687744 177.655426 -179.786987 179.999954 -178.213211 -179.315140 179.999954 -177.915405 -179.290695 170.012299 -178.558380 -179.322372 6.156327 1.287249 -2.473403 8.767698 -0.179882 81.940109 179.860687 -179.824066 -177.995407 176.072739 179.263611 176.525024 37.751991 46.533352 14.916717 179.999527 179.999664 -164.663635 179.999649 179.999863 -169.785980 0.000000 -0.000000 0.000000 14.999926 0.000037 31.828945 179.999939 -179.999985 -153.958160 179.999969 -179.999985 -161.770721 0.000000 -0.000000 0.000000 179.999985 179.999985 -145.903976 179.999985 -179.999985 -145.903961 179.999985 -179.999985 -157.292038 0.000000 -0.000000 0.000000 169.999969 179.999985 -151.466248 179.999969 180.000000 -151.466248 179.999985 -179.999985 -160.996536 0.000000 -0.000000 0.000000 159.999939 179.999969 -158.626968 179.999847 -180.000000 -147.940430 179.999939 -179.999954 -158.648331 174.640625 -178.886719 178.520752 172.879776 176.707382 104.397469 172.237228 178.997696 179.260880 6.689007 -0.709572 -2.644946 128.043488 122.099838 154.301315 0.000027 0.000025 -11.749218 0.000019 0.000010 -7.824985 0.000000 0.000002 0.000000 164.999985 179.999924 150.494659 0.000005 0.000057 -24.140713 0.000019 0.000038 -16.898514 0.000000 0.000002 0.000000 0.000042 -0.000117 -31.936157 179.999985 -179.999863 148.063843 179.999939 -179.999939 158.730530 0.000000 0.000002 0.000000 10.000039 -0.000054 -30.889301 179.999985 -179.999924 149.110733 179.999985 -179.999969 159.427734 0.000000 0.000002 0.000000 20.000010 -0.000023 -24.601408 180.000000 -179.999985 143.097870 180.000000 -179.999985 155.423172
-46.794003 94.140404 0.588175 98.654388 171.982941 -176.166962 179.237839 -148.456863 -174.714661 173.847107 153.840118 169.691940 0.917486 -2.300839 -3.860987 178.284790 -178.136108 -177.198395 8.379692 41.364281 -1.621679 169.482986 179.720749 -179.347046 179.302124 176.778275 -179.889114 179.302246 176.838959 -179.788269 176.717896 177.689880 -179.900085 179.999985 -178.101593 -179.348465 179.999985 -177.785187 -179.325211 170.068878 -178.459503 -179.327118 6.222559 1.292534 -2.536895 8.732175 -0.172385 81.953537 179.926224 -179.897430 -177.938629 176.180023 179.215973 176.499985 38.253155 46.923031 14.926847 179.999939 -179.999985 -164.959854 179.999969 -179.999985 -169.983261 0.000000 -0.000000 0.000000 14.999976 0.000018 31.767513 179.999985 -179.999985 -154.008423 179.999985 -180.000000 -161.805862 0.000000 -0.000000 0.000000 179.999954 179.999969 -145.917099 179.999939 179.999985 -145.917084 179.999969 -179.999969 -157.300797 0.000000 -0.000000 0.000000 170.000031 -179.999969 -151.500702 0.000044 -0.000013 28.499281 0.000015 0.000004 18.980528 0.000000 -0.000000 0.000000 159.999939 179.999985 -158.678391 179.999924 179.999985 -148.017639 179.999969 -179.999969 -158.699738 174.624756 -178.866348 178.533905 172.623245 176.685471 104.597641 172.013947 179.060806 179.326981 6.413825 -1.091680 -2.889756 127.980217 122.011848 154.318115 0.000001 0.000001 -11.694469 180.000000 -179.999985 172.211487 0.000000 -0.000000 0.000000 165.000061 -179.999802 150.563919 179.999985 -179.999832 155.915970 179.999924 -179.999893 163.141159 0.000000 -0.000000 0.000000 0.000056 -0.000165 -31.961321 179.999985 -179.999832 148.038681 179.999939 -179.999924 158.713760 0.000000 -0.000000 0.000000 10.000040 -0.000094 -30.900053 179.999985 -179.999893 149.099991 179.999969 -179.999954 159.420578 0.000000 -0.000000 0.000000 20.000019 -0.000045 -24.595755 180.000000 -179.999908 143.106369 179.999954 -179.999954 155.428833
-47.206795 94.258293 0.386342 98.580528 171.737946 -175.836655 178.768066 -148.955826 -174.682480 174.774094 154.531525 169.917130 0.765986 -2.285735 -3.962596 177.670609 -176.882935 -177.454529 9.566274 44.836529 -1.291176 170.404373 -179.716751 -179.439377 179.318924 176.809357 -179.937576 179.319000 176.869904 -179.869965 176.804398 177.721161 -179.999969 179.999954 -177.989044 -179.395752 179.999939 -177.653885 -179.374176 170.078796 -178.358887 -179.338760 6.233230 1.270901 -2.609951 8.763139 -0.125134 81.903992 179.950562 -179.835129 -177.808472 176.456268 179.062897 176.473969 37.404034 46.357674 14.546760 179.998642 179.999191 -164.659927 179.998978 179.999725 -169.783524 0.000000 -0.000000 0.000003 14.999879 0.000114 31.781406 179.999847 179.999969 -153.997025 179.999924 -179.999969 -161.797928 0.000000 -0.000000 0.000003 179.999847 179.999878 -145.917374 179.999817 179.999969 -145.917374 179.999878 -179.999954 -157.300964 0.000000 -0.000000 0.000003 169.999969 179.999969 -151.468124 179.999969 179.999985 -151.468140 179.999985 -179.999985 -160.997772 0.000000 -0.000000 0.000003 159.999863 179.999847 -158.663269 179.999725 179.999893 -147.994873 179.999817 -179.999969 -158.684601 174.581085 -178.814682 178.537979 172.419830 176.672073 104.783157 171.804153 179.101074 179.367661 6.135108 -1.403633 -3.091485 127.966705 121.969147 154.332489 0.000020 0.000002 -11.673640 0.000016 -0.000002 -7.774661 0.000000 -0.000000 0.000000 165.000092 -179.999832 150.504318 179.999985 -179.999847 155.867188 179.999939 -179.999893 163.107040 0.000000 -0.000000 0.000000 0.000072 -0.000139 -32.007385 179.999985 -179.999847 147.992599 179.999954 -179.999924 158.683060 0.000000 -0.000000 0.000000 10.000059 -0.000084 -30.925245 180.000000 -179.999908 149.074768 179.999985 -179.999954 159.403793 0.000000 -0.000000 0.000000 20.000040 -0.000058 -24.608082 0.000003 -0.000085 -36.912136 179.999969 -179.999939 155.416550
-47.606304 94.375000 0.203003 98.503654 171.597260 -175.633377 178.313675 -149.509338 -174.619797 175.610596 155.202774 170.189316 0.644391 -2.245840 -4.059575 176.674469 -175.281006 -177.497696 11.199825 48.948006 -0.847065 171.301193 -179.229080 -179.446564 179.341507 176.813141 -179.961578 179.341568 176.873810 -179.910889 176.913864 177.728271 179.952911 179.999908 -177.883652 -179.446838 179.999893 -177.530945 -179.427078 170.084732 -178.263977 -179.353729 6.249351 1.248800 -2.665026 8.791741 -0.070639 81.811935 179.973907 -179.928040 -177.606796 176.787445 179.016586 176.361099 37.965851 46.898968 14.480555 179.999939 179.999924 -165.051178 179.999954 179.999969 -170.044098 0.000000 -0.000000 0.000000 14.999978 0.000032 31.690292 179.999969 179.999985 -154.071609 179.999985 -179.999985 -161.850098 0.000000 -0.000000 0.000000 179.999969 179.999954 -146.014160 179.999954 179.999985 -146.014160 179.999969 -179.999985 -157.365448 0.000000 -0.000000 0.000000 170.000015 -179.999985 -151.499115 0.000022 -0.000011 28.500887 0.000012 0.000008 18.981588 0.000000 -0.000000 0.000000 160.000000 179.999985 -158.772125 179.999969 179.999985 -148.158188 179.999985 179.999985 -158.793365 174.547592 -178.762894 178.556870 172.296860 176.674713 104.944412 171.608047 179.130966 179.373535 5.882556 -1.633687 -3.243887 128.072449 121.990524 154.419342 0.000081 0.000026 -11.687912 0.000054 0.000008 -7.784121 0.000000 0.000002 0.000000 165.000076 -179.999893 150.430115 0.000000 -0.000099 -24.193523 179.999985 -179.999924 163.064545 0.000000 0.000002 0.000000 0.000059 -0.000093 -32.063217 0.000015 -0.000115 -32.063210 179.999954 -179.999939 158.645889 0.000000 0.000002 0.000000 10.000035 -0.000062 -30.960066 0.000000 -0.000051 -30.960114 179.999985 -179.999969 159.380600 0.000000 0.000002 0.000000 20.000034 -0.000058 -24.626871 0.000021 -0.000105 -36.940327 179.999985 -179.999939 155.397751
-47.997299 94.488815 0.037340 98.451500 171.506317 -175.506393 177.990387 -150.076981 -174.594833 176.122803 155.882996 170.406921 0.660981 -2.203918 -4.147284 175.587662 -173.697296 -177.405533 13.063385 53.415260 -0.289725 172.090439 -178.723938 -179.159622 179.364502 176.811661 -179.968826 179.364532 176.872467 -179.923843 177.022461 177.728592 179.941711 179.999878 -177.786865 -179.502533 179.999847 -177.418015 -179.484741 170.090027 -178.175827 -179.372864 6.221309 1.246533 -2.733231 8.860894 -0.051958 81.706055 0.151025 -0.052352 2.430948 176.905960 178.979004 176.428009 37.867050 46.846165 14.228500 179.999969 179.999954 -165.123016 179.999969 179.999985 -170.091934 0.000000 0.000003 0.000000 15.000009 -0.000018 31.648289 0.000022 -0.000010 25.894043 0.000017 -0.000002 18.125841 0.000000 0.000003 0.000000 179.999969 179.999954 -146.039764 179.999954 179.999985 -146.039764 179.999985 -179.999985 -157.382462 0.000000 0.000003 0.000000 170.000061 -179.999939 -151.516342 0.000090 -0.000040 28.483633 0.000059 0.000002 18.970114 0.000000 0.000003 0.000000 159.999985 179.999969 -158.769272 179.999954 179.999969 -148.153900 179.999954 -180.000000 -158.790512 174.518692 -178.716415 178.580399 172.235245 176.689041 105.069931 171.429398 179.190674 179.362671 5.677583 -1.790115 -3.357126 128.269760 122.057693 154.519241 0.000123 0.000053 -11.749841 0.000085 0.000020 -7.825387 0.000000 -0.000000 0.000000 165.000046 -179.999954 150.363419 0.000016 -0.000056 -24.248119 180.000000 -179.999954 163.026321 0.000000 -0.000000 0.000000 0.000051 -0.000042 -32.117313 0.000017 -0.000070 -32.117325 179.999985 -179.999969 158.609833 0.000000 -0.000000 0.000000 10.000031 -0.000027 -30.985508 0.000021 -0.000038 -30.985508 180.000000 -179.999985 159.363647 0.000000 -0.000000 0.000000 20.000048 -0.000042 -24.649988 0.000044 -0.000093 -36.975010 179.999985 -179.999939 155.374664
-48.377277 94.605148 -0.115612 98.360611 171.432678 -175.361526 177.750778 -150.662964 -174.673035 176.540955 156.621597 170.716614 0.767522 -2.111332 -4.302208 174.554276 -172.115219 -177.283630 14.937909 57.401257 0.343266 172.954620 -178.763840 -178.794357 179.394623 176.815704 -179.982681 179.394669 176.876556 -179.948090 177.165756 177.733734 179.917892 179.999863 -177.700745 -179.559998 179.999863 -177.317551 -179.544250 170.096191 -178.096542 -179.394775 6.198966 1.214064 -2.773762 8.966939 0.050922 81.569901 0.321830 -0.073577 2.503870 176.960037 178.977875 176.486618 37.782131 46.799335 13.846320 180.000000 179.999985 -165.267502 180.000000 -180.000000 -170.188171 180.000000 180.000000 -179.999985 14.999980 0.000102 31.699259 179.999954 179.999954 -154.064224 179.999954 179.999985 -161.844955 180.000000 180.000000 -179.999985 180.000000 179.999985 -146.096756 179.999985 179.999985 -146.096756 180.000000 -179.999985 -157.420441 180.000000 180.000000 -179.999985 170.000000 -179.999908 -151.448898 0.000051 -0.000076 28.551121 0.000051 -0.000029 19.015041 180.000000 180.000000 -179.999985 160.000000 -179.999939 -158.843811 0.000039 -0.000082 31.734295 0.000049 -0.000037 21.135042 174.492981 -178.675461 178.611908 172.392685 176.752335 105.210762 171.265900 179.121277 179.266510 5.538647 -1.892894 -3.435910 128.517639 122.143806 154.634232 0.000129 0.000066 -11.833098 0.000092 0.000028 -7.880850 180.000000 179.999985 -180.000000 165.000015 -179.999985 150.314728 180.000000 -179.999985 155.712036 0.000011 -0.000006 -17.001566 180.000000 179.999985 -180.000000 0.000015 -0.000015 -32.158390 0.000018 -0.000025 -32.158401 0.000002 -0.000012 -21.417505 180.000000 179.999985 -180.000000 10.000007 0.000002 -31.015015 180.000000 -179.999985 148.985001 0.000005 -0.000008 -20.655985 180.000000 179.999985 -180.000000 20.000019 -0.000003 -24.689495 0.000029 -0.000037 -37.034225 180.000000 -179.999969 155.335175
-48.739235 94.721268 -0.268779 98.292259 171.389893 -175.268219 177.737198 -151.114777 -174.808609 176.640839 157.263336 171.039322 0.922912 -1.976188 -4.515615 173.448700 -170.533508 -177.021469 17.006409 61.447495 1.190809 173.475952 -178.443039 -178.065323 179.424591 176.820206 -179.984390 179.424637 176.881042 -179.952087 177.306274 177.737091 179.920258 179.999878 -177.622833 -179.620316 179.999863 -177.226669 -179.606735 170.103043 -178.023911 -179.419800 6.166575 1.181825 -2.808021 9.063872 0.104767 81.404030 0.451815 -0.139176 2.551798 177.134598 179.048340 176.486481 37.463120 46.660473 13.525460 180.000000 -180.000000 -165.259308 180.000000 -180.000000 -170.182693 0.000002 0.000000 -0.000002 15.000016 -0.000004 31.604227 179.999985 -180.000000 -154.142014 180.000000 180.000000 -161.899399 0.000002 0.000000 -0.000002 180.000000 -179.999893 -146.145309 0.000051 -0.000078 33.854687 0.000044 -0.000026 22.547216 0.000002 0.000000 -0.000002 170.000000 -179.999954 -151.368469 0.000008 -0.000039 28.631536 0.000027 -0.000025 19.068602 0.000002 0.000000 -0.000002 160.000015 179.999969 -158.761902 180.000000 179.999924 -148.142838 179.999985 179.999969 -158.783127 174.463516 -178.635452 178.643295 172.633926 176.830704 105.317108 171.128418 179.012955 179.149567 5.466345 -1.983274 -3.483130 128.775696 122.229912 154.737061 0.000094 0.000059 -11.927530 0.000069 0.000021 -7.943746 180.000000 -180.000000 180.000000 164.999985 179.999985 150.296570 179.999985 179.999985 155.697174 0.000001 0.000014 -17.011980 180.000000 -180.000000 180.000000 180.000000 180.000000 147.817307 180.000000 179.999985 147.817291 0.000003 0.000002 -21.433685 180.000000 -180.000000 180.000000 9.999881 0.000044 -31.051714 179.999924 179.999924 148.948257 179.999985 179.999924 159.319565 180.000000 -180.000000 180.000000 19.999998 -0.000002 -24.713062 0.000006 0.000009 -37.069614 180.000000 -179.999985 155.311646
-49.086361 94.837303 -0.414730 98.212708 171.352173 -175.156616 177.792923 -151.561630 -174.991623 176.625488 157.844131 171.236023 1.128266 -1.903633 -4.624558 172.268692 -168.851578 -176.667480 19.504379 65.620750 2.375438 173.919250 -178.271057 -177.171204 179.450470 176.840683 -179.995483 179.450500 176.901215 -179.971680 177.429199 177.753189 179.902054 179.999893 -177.560516 -179.670563 179.999863 -177.153946 -179.658768 170.153976 -177.965149 -179.442566 6.175333 1.172382 -2.812935 9.134506 0.121417 81.243164 0.570923 -0.136684 2.569953 177.196091 179.233551 176.425171 37.276608 46.635494 13.332898 180.000000 180.000000 -165.268555 0.000003 -0.000004 9.811147 0.000000 -0.000003 -0.000002 14.999991 0.000018 31.597754 180.000000 179.999985 -154.147308 179.999985 179.999985 -161.903122 0.000000 -0.000003 -0.000002 0.000022 0.000054 34.023556 180.000000 179.999954 -145.976456 179.999969 179.999969 -157.340317 0.000000 -0.000003 -0.000002 170.000000 -179.999969 -151.308517 180.000000 -179.999985 -151.308533 0.000001 -0.000016 19.108522 0.000000 -0.000003 -0.000002 160.000000 180.000000 -158.822556 0.000004 0.000006 31.766151 0.000001 0.000003 21.156271 174.479065 -178.619354 178.693161 172.917007 176.908844 105.398331 171.000320 179.019806 179.039093 5.474901 -1.936931 -3.512233 128.996094 122.284142 154.798553 0.000046 0.000032 -12.018213 0.000038 0.000018 -8.004139 0.000000 -0.000000 0.000000 164.999969 179.999985 150.309647 179.999985 179.999985 155.707901 179.999985 179.999985 162.995560 0.000000 -0.000000 0.000000 179.999985 -180.000000 147.816010 179.999985 179.999985 147.816010 0.000001 0.000014 -21.434534 0.000000 -0.000000 0.000000 9.999978 0.000005 -30.945877 179.999985 179.999985 149.054138 180.000000 179.999985 159.390045 0.000000 -0.000000 0.000000 19.999981 0.000010 -24.720976 179.999985 179.999985 142.918533 0.000004 0.000015 -24.696247
-49.418701 94.953163 -0.554575 98.150017 171.320938 -175.047791 177.934418 -152.002167 -175.190613 176.349945 158.467010 171.390182 1.480695 -1.802431 -4.769561 171.374313 -167.479797 -176.342499 22.043442 69.483948 3.878072 174.297394 -178.202148 -176.259460 179.474274 176.867554 179.993454 179.474289 176.927643 -179.991180 177.542435 177.773682 179.883652 179.999878 -177.504654 -179.716934 179.999863 -177.088776 -179.706818 170.211014 -177.912247 -179.464325 6.180374 1.163291 -2.809129 9.163962 0.164026 81.111618 0.661638 -0.200316 2.563565 177.267883 179.390976 176.310745 37.147766 46.692162 13.217764 0.000013 0.000014 14.719132 0.000003 0.000012 9.802946 0.000000 -0.000000 0.000000 15.000008 0.000010 31.570723 0.000003 -0.000002 25.830576 180.000000 180.000000 -161.918579 0.000000 -0.000000 0.000000 180.000000 -179.999985 -146.098648 0.000001 -0.000008 33.901333 0.000015 -0.000010 22.578281 0.000000 -0.000000 0.000000 169.999985 -179.999969 -151.267883 180.000000 -179.999969 -151.267883 0.000016 -0.000027 19.135582 0.000000 -0.000000 0.000000 160.000015 179.999985 -158.835297 180.000000 179.999985 -148.252945 0.000003 -0.000004 21.143532 174.499451 -178.601257 178.743210 173.216492 176.975662 105.456955 170.898438 179.036407 178.927139 5.528054 -1.861115 -3.512541 129.091232 122.289375 154.758667 0.000019 0.000017 -12.087756 0.000015 0.000010 -8.050442 180.000000 -180.000000 180.000000 164.999985 -180.000000 150.351166 179.999985 179.999985 155.741882 0.000001 0.000016 -16.980686 180.000000 -180.000000 180.000000 179.999985 -180.000000 147.837265 179.999985 179.999985 147.837265 179.999985 179.999985 158.579605 180.000000 -180.000000 180.000000 9.999988 -0.000004 -30.910358 179.999985 179.999985 149.089645 180.000000 179.999985 159.413696 180.000000 -180.000000 180.000000 19.999928 0.000003 -24.720087 179.999908 179.999954 142.919861 179.999985 179.999939 155.304642
-49.735542 95.069855 -0.685866 98.076569 171.280472 -174.900070 178.158325 -152.420609 -175.442123 176.099228 159.072220 171.558731 1.757748 -1.691193 -4.907356 170.544861 -166.069855 -176.022995 25.303589 73.350998 6.203835 174.625031 -178.177002 -175.479111 179.499100 176.904190 179.972092 179.499130 176.963730 179.972076 177.662094 177.802399 179.843399 179.999893 -177.454086 -179.757782 179.999893 -177.029770 -179.749115 170.271118 -177.864471 -179.483765 6.218467 1.146976 -2.779362 9.197875 0.174167 80.940498 0.693454 -0.308197 2.577028 177.370117 179.531784 176.121078 37.024128 46.759968 13.217216 0.000024 0.000023 14.759776 0.000010 0.000018 9.830014 180.000000 180.000000 -180.000000 15.000004 -0.000014 31.564821 0.000006 -0.000007 25.825769 0.000006 -0.000007 18.078026 180.000000 180.000000 -180.000000 179.999985 -179.999985 -146.068024 0.000011 -0.000034 33.931965 0.000018 -0.000014 22.598696 180.000000 180.000000 -180.000000 169.999954 -179.999924 -151.213074 0.000003 -0.000099 28.786932 0.000029 -0.000057 19.172092 180.000000 180.000000 -180.000000 160.000000 -179.999985 -158.839828 180.000000 -179.999985 -148.259766 180.000000 -179.999985 -158.860992 174.525955 -178.579193 178.792725 173.509521 177.028915 105.498070 170.827362 179.053711 178.821564 5.607339 -1.759381 -3.489699 129.097519 122.265793 154.648880 0.000002 0.000001 -12.142299 0.000004 0.000002 -8.086780 0.000000 -0.000000 0.000000 165.000000 179.999985 150.385513 180.000000 179.999985 155.769958 180.000000 -180.000000 163.038986 0.000000 -0.000000 0.000000 179.999985 179.999985 147.861954 0.000001 0.000009 -32.138039 180.000000 -180.000000 158.596085 0.000000 -0.000000 0.000000 9.999993 0.000001 -30.892904 0.000001 0.000009 -30.892900 0.000003 0.000001 -20.574665 0.000000 -0.000000 0.000000 20.000004 -0.000000 -24.606813 179.999985 179.999985 143.089783 180.000000 179.999985 155.417786
-50.038952 95.186417 -0.803528 98.042664 171.253540 -174.802826 178.335770 -152.846680 -175.632065 175.905701 159.620544 171.684540 1.944788 -1.617222 -4.971871 169.729828 -164.646942 -175.619415 30.262400 77.191902 10.287949 174.817535 -178.126938 -174.806335 179.519043 176.942413 179.961548 179.519043 177.001282 179.953552 177.756989 177.830688 179.825562 179.999908 -177.407257 -179.792480 179.999893 -176.975128 -179.785065 170.334244 -177.820526 -179.500244 6.235341 1.133018 -2.760562 9.214446 0.204554 80.812767 0.787106 -0.362055 2.536358 177.476044 179.681686 175.871490 36.927227 46.816162 13.390517 0.000004 0.000004 14.878181 0.000005 0.000003 9.908854 0.000000 -0.000000 0.000000 15.000002 0.000002 31.607315 180.000000 -179.999985 -154.139481 180.000000 180.000000 -161.897644 0.000000 -0.000000 0.000000 180.000000 -179.999985 -145.973633 0.000012 -0.000009 34.026352 180.000000 180.000000 -157.338455 0.000000 -0.000000 0.000000 170.000000 179.999985 -150.925812 0.000001 -0.000002 29.074162 180.000000 179.999985 -160.636597 0.000000 -0.000000 0.000000 159.999985 -179.999985 -158.846069 179.999985 -179.999954 -148.269119 0.000011 -0.000033 21.132771 174.558304 -178.552795 178.835480 173.664719 177.037109 105.497475 170.795624 179.180145 178.775864 5.687916 -1.633205 -3.450832 128.993744 122.209969 154.506622 0.000003 0.000003 -12.151687 180.000000 180.000000 171.906998 0.000000 -0.000000 0.000000 165.000000 -179.999985 150.408859 180.000000 -179.999985 155.789078 180.000000 -179.999985 163.052353 0.000000 -0.000000 0.000000 0.000002 -0.000001 -32.123413 0.000000 -0.000002 -32.123409 180.000000 -179.999985 158.605804 0.000000 -0.000000 0.000000 9.999997 -0.000010 -30.878742 180.000000 -179.999985 149.121246 180.000000 180.000000 159.434753 0.000000 -0.000000 0.000000 20.000000 -0.000005 -24.590075 0.000005 0.000005 -36.885117 180.000000 -179.999985 155.434525
-50.335930 95.302773 -0.919396 98.003082 171.218613 -174.681702 178.567413 -153.256622 -175.860184 175.529907 160.208801 171.797211 2.273732 -1.511245 -5.065337 168.909256 -163.220322 -175.222137 39.274235 80.898415 18.393608 174.992294 -178.186783 -174.224167 179.539474 176.984512 179.945480 179.539520 177.042664 179.925735 177.854797 177.862335 179.795944 179.999985 -177.359558 -179.825638 179.999985 -176.919495 -179.819412 170.400421 -177.776031 -179.515732 6.256152 1.119179 -2.737601 9.221354 0.218869 80.684113 0.835660 -0.429493 2.503710 177.493790 179.752869 175.617798 36.915241 46.914070 13.482109 0.000157 0.000139 14.910018 0.000077 0.000117 9.930068 180.000000 -180.000000 180.000000 15.000108 -0.000193 31.609846 0.000157 -0.000080 25.862591 0.000134 -0.000006 18.103832 180.000000 -180.000000 180.000000 0.000030 -0.000329 34.099148 0.000198 -0.000252 34.099182 0.000196 -0.000067 22.710041 180.000000 -180.000000 180.000000 169.999893 -179.999619 -150.982452 0.000091 -0.000371 29.017546 0.000155 -0.000186 19.325670 180.000000 -180.000000 180.000000 159.999985 -179.999985 -158.596451 179.999985 -179.999954 -147.894653 0.000006 -0.000039 21.382154 174.595383 -178.522415 178.875488 173.803146 177.033524 105.491951 170.771347 179.324951 178.736588 5.762517 -1.483396 -3.393299 128.910690 122.164024 154.346802 0.000093 0.000114 -12.182063 0.000075 0.000063 -8.113252 180.000000 -180.000000 180.000000 165.000015 180.000000 150.389877 180.000000 -179.999985 155.773529 0.000012 -0.000010 -16.958508 180.000000 -180.000000 180.000000 0.000007 -0.000005 -32.060818 0.000006 -0.000009 -32.060848 0.000018 -0.000002 -21.352535 180.000000 -180.000000 180.000000 10.000007 -0.000006 -30.880856 180.000000 -179.999985 149.119156 0.000009 0.000005 -20.566648 180.000000 -180.000000 180.000000 20.000019 0.000006 -24.585403 0.000048 -0.000020 -36.878151 0.000028 -0.000015 -24.560818
-50.610645 95.420685 -1.001844 97.982979 171.204208 -174.590347 178.625229 -153.696625 -176.026535 175.484375 160.766541 171.985077 2.411857 -1.401076 -5.120204 168.177612 -161.758957 -174.755096 59.666946 84.071846 38.076378 174.714447 -177.914383 -173.791794 179.557510 177.027130 179.932831 179.557571 177.084518 179.903778 177.940918 177.893768 179.773087 179.999985 -177.322678 -179.846252 179.999985 -176.876465 -179.840759 170.452927 -177.742142 -179.524933 6.280357 1.100903 -2.711370 9.318903 0.097428 80.496132 0.731696 -0.550922 2.525779 177.494507 179.789581 175.359482 36.869175 46.919289 13.555379 0.000109 0.000106 14.966003 0.000060 0.000080 9.967349 0.000000 -0.000000 0.000000 15.000112 -0.000211 31.661573 0.000178 -0.000108 25.904928 0.000140 -0.000009 18.133448 0.000000 -0.000000 0.000000 0.000036 -0.000675 34.086910 0.000407 -0.000537 34.086899 0.000422 -0.000139 22.701878 0.000000 -0.000000 0.000000 169.999908 -179.999634 -150.864120 0.000093 -0.000374 29.135853 0.000163 -0.000180 19.404486 0.000000 -0.000000 0.000000 160.000305 179.999481 -158.415726 0.000145 0.000890 32.376415 179.999771 179.999466 -158.437317 174.612778 -178.511673 178.893051 173.866745 177.013367 105.507118 170.828583 179.392105 178.712265 5.790296 -1.421824 -3.345384 128.520660 122.065193 154.051834 0.000809 0.000762 -12.114475 0.000639 0.000382 -8.068252 0.000000 -0.000000 0.000000 165.000015 179.999985 150.373505 0.000005 0.000011 -24.239851 180.000000 180.000000 163.032104 0.000000 -0.000000 0.000000 179.999985 -179.999985 147.923309 179.999985 179.999985 147.923294 179.999985 179.999985 158.636917 0.000000 -0.000000 0.000000 9.999965 -0.000024 -30.893375 179.999985 179.999985 149.106628 179.999969 179.999985 159.425018 0.000000 -0.000000 0.000000 20.000013 0.000003 -24.602125 0.000001 0.000004 -36.903179 0.000004 -0.000003 -24.577524
-50.881802 95.539680 -1.066100 97.964294 171.191193 -174.463394 178.451996 -154.218002 -176.179245 175.689468 161.365952 172.215103 2.537990 -1.315200 -5.159805 167.544067 -160.250397 -174.300369 103.499573 85.432327 81.300117 174.194748 -177.343918 -173.285141 179.574661 177.074051 179.910919 179.574692 177.130661 179.866455 178.024475 177.929199 179.730087 180.000000 -177.292755 -179.860840 179.999985 -176.841537 -179.855865 170.497360 -177.714859 -179.531204 6.306395 1.085706 -2.681325 9.294379 0.081064 80.392441 0.750257 -0.560353 2.464959 177.491531 179.827454 175.116959 36.816143 46.907669 13.590745 0.000087 0.000077 15.009359 0.000040 0.000068 9.996236 0.000000 0.000000 -0.000002 15.000091 -0.000214 31.736813 0.000147 -0.000109 25.966452 0.000128 -0.000020 18.176516 0.000000 0.000000 -0.000002 0.000004 0.000049 34.558186 179.999985 179.999969 -145.441818 179.999969 179.999985 -156.984253 0.000000 0.000000 -0.000002 169.999908 -179.999695 -150.724228 0.000082 -0.000336 29.275755 0.000152 -0.000165 19.497635 0.000000 0.000000 -0.000002 159.999924 -179.999847 -158.804459 179.999969 -179.999725 -148.206680 0.000067 -0.000162 21.174343 174.678238 -178.442062 178.923157 173.843857 176.911377 105.513725 170.909714 179.449722 178.691360 5.808573 -1.375823 -3.313361 129.272507 122.280167 154.411209 0.000183 0.000203 -12.353313 0.000144 0.000099 -8.227323 180.000000 -180.000000 180.000000 165.000000 -179.999985 150.368668 179.999969 -179.999985 155.756165 179.999985 -180.000000 163.029327 180.000000 -180.000000 180.000000 179.999939 -179.999969 147.924011 179.999954 179.999985 147.923996 179.999969 179.999985 158.637390 180.000000 -180.000000 180.000000 9.999930 -0.000034 -30.892040 179.999924 179.999985 149.107941 179.999985 179.999969 159.425888 180.000000 -180.000000 180.000000 19.999964 -0.000000 -24.610998 179.999985 -179.999985 143.083481 179.999985 179.999985 155.413605
-51.128387 95.653740 -1.119421 97.947876 171.176834 -174.305893 178.393509 -154.488205 -176.384003 175.667755 161.786530 172.426056 2.767149 -1.184361 -5.273267 167.029800 -158.650314 -173.871765 144.443604 83.701843 121.816345 173.542389 -176.409515 -172.694946 179.590469 177.127228 179.880386 179.590485 177.182953 179.814743 178.102936 177.969925 179.668213 180.000000 -177.280151 -179.869614 179.999985 -176.826859 -179.864960 170.518753 -177.703110 -179.535477 6.329721 1.073545 -2.646446 9.264542 0.124544 80.314529 0.865356 -0.562983 2.373631 177.453354 179.880844 174.912186 36.768761 46.890804 13.658762 0.000040 0.000039 15.067607 0.000018 0.000031 10.035040 0.000000 -0.000000 0.000000 15.000065 -0.000199 31.823421 0.000130 -0.000118 26.037306 0.000112 -0.000037 18.226122 0.000000 -0.000000 0.000000 179.999985 -179.999756 -145.559372 0.000140 -0.000229 34.440613 0.000145 -0.000075 22.937441 0.000000 -0.000000 0.000000 169.999908 -179.999710 -150.592850 0.000053 -0.000291 29.407150 0.000142 -0.000161 19.585173 0.000000 -0.000000 0.000000 159.999908 -179.999847 -158.749039 179.999969 -179.999741 -148.123535 0.000064 -0.000158 21.229734 174.746323 -178.382339 178.955200 173.812042 176.794037 105.523827 171.008820 179.505844 178.671310 5.833239 -1.326720 -3.291319 129.338928 122.328278 154.251175 0.000083 0.000102 -12.475168 0.000070 0.000055 -8.308455 0.000000 0.000000 -0.000002 164.999969 -179.999969 150.370483 179.999969 -179.999985 155.757690 179.999985 180.000000 163.030380 0.000000 0.000000 -0.000002 179.999969 -179.999939 147.941864 179.999908 -179.999969 147.941864 179.999954 179.999985 158.649277 0.000000 0.000000 -0.000002 9.999940 -0.000060 -30.872637 179.999908 -179.999985 149.127380 179.999954 179.999985 159.438858 0.000000 0.000000 -0.000002 19.999969 -0.000038 -24.613344 179.999939 -179.999969 143.079971 179.999969 179.999985 155.411255
-51.370178 95.767517 -1.159856 97.946770 171.154709 -174.040314 178.223755 -154.930756 -176.644531 175.962326 162.310806 172.634277 2.822965 -1.105659 -5.331105 166.654358 -156.924866 -173.564774 163.533310 80.440186 140.483170 172.866913 -175.114975 -171.821869 179.601852 177.186310 179.826645 179.601852 177.241150 179.724457 178.163483 178.017380 179.555389 179.999985 -177.258423 -179.875290 180.000000 -176.801498 -179.870834 170.570038 -177.683640 -179.537994 6.347013 1.056493 -2.608575 9.280055 0.064145 80.202179 0.753649 -0.597226 2.381560 177.531784 179.929901 174.689240 36.723286 46.858280 13.686529 0.000017 0.000014 15.107933 0.000009 0.000013 10.061878 0.000000 -0.000003 0.000000 15.000031 -0.000204 31.904385 0.000107 -0.000127 26.103579 0.000103 -0.000047 18.272482 0.000000 -0.000003 0.000000 179.999969 -179.999786 -145.448914 0.000102 -0.000200 34.551064 0.000131 -0.000075 23.011005 0.000000 -0.000003 0.000000 169.999908 -179.999741 -150.467010 0.000042 -0.000271 29.533024 0.000111 -0.000137 19.668968 0.000000 -0.000003 0.000000 159.999908 -179.999847 -158.690201 179.999985 -179.999741 -148.035309 0.000071 -0.000159 21.288492 174.813507 -178.324402 178.988327 173.786697 176.674652 105.533936 171.123993 179.547562 178.649658 5.853125 -1.274738 -3.282485 129.413803 122.369408 154.117874 0.000000 0.000005 -12.586878 0.000002 0.000001 -8.382865 0.000002 -0.000003 0.000003 164.999985 -179.999908 150.380035 179.999939 -179.999939 155.765472 179.999954 -179.999985 163.035843 0.000002 -0.000003 0.000003 179.999969 -179.999908 147.973022 179.999908 -179.999954 147.972992 179.999939 -179.999985 158.670013 0.000002 -0.000003 0.000003 9.999951 -0.000108 -30.833773 179.999893 -179.999939 149.166229 179.999939 180.000000 159.464722 0.000002 -0.000003 0.000003 19.999947 -0.000080 -24.608631 179.999878 -179.999908 143.087051 179.999908 179.999985 155.415970
-51.610764 95.878563 -1.195684 97.936699 171.141830 -173.959076 177.824829 -155.466934 -176.646835 176.428177 162.943161 172.898300 2.856889 -0.997409 -5.447559 166.403320 -155.153595 -173.101715 173.447601 76.846054 150.245880 172.364395 -173.556610 -170.904434 179.617981 177.244461 179.809265 179.617981 177.298233 179.694733 178.240891 178.059662 179.521896 0.000009 -2.757110 0.120304 179.999985 -176.783371 -179.875397 170.608643 -177.669678 -179.540085 6.354844 1.039181 -2.573590 9.305582 -0.026140 80.096375 0.699907 -0.636103 2.370543 177.527145 179.994675 174.537277 36.650448 46.773746 13.683071 0.000001 -0.000002 15.154920 0.000008 0.000002 10.093151 0.000000 -0.000000 0.000000 15.000017 -0.000162 32.004131 0.000066 -0.000107 26.185196 0.000080 -0.000042 18.329628 0.000000 -0.000000 0.000000 179.999985 -179.999832 -145.338898 0.000059 -0.000142 34.661133 0.000094 -0.000054 23.084309 0.000000 -0.000000 0.000000 169.999924 -179.999786 -150.341705 0.000040 -0.000210 29.658276 0.000089 -0.000107 19.752411 0.000000 -0.000000 0.000000 159.999954 -179.999878 -158.609695 179.999985 -179.999817 -147.914551 0.000062 -0.000116 21.368902 174.878647 -178.276535 179.019150 173.806488 176.569794 105.532166 171.243729 179.532303 178.641159 5.968706 -1.192705 -3.279609 129.194748 122.328812 153.838745 180.000000 -179.999985 167.391602 0.000000 -0.000006 -8.397196 0.000000 0.000002 0.000000 164.999985 -179.999893 150.424622 179.999969 -179.999939 155.801956 179.999939 -179.999969 163.061386 0.000000 0.000002 0.000000 179.999985 -179.999908 148.020355 179.999939 -179.999939 148.020355 179.999939 -179.999985 158.701553 0.000000 0.000002 0.000000 9.999981 -0.000079 -30.779875 179.999954 -179.999939 149.220154 179.999954 -179.999985 159.500626 0.000000 0.000002 0.000000 19.999969 -0.000081 -24.564762 179.999924 -179.999908 143.152863 179.999924 -179.999985 155.459778
-51.845623 95.986656 -1.226274 97.980736 171.132050 -173.777557 177.490158 -155.900604 -176.753876 176.859024 163.453796 173.089447 2.833790 -0.925946 -5.530278 166.177582 -153.234863 -172.750443 179.794128 73.146408 156.485168 172.098068 -171.819321 -169.943344 179.624649 177.304245 179.772583 179.624680 177.357040 179.633087 178.276627 178.105606 179.445038 179.999985 -177.232620 -179.884125 179.999985 -176.771408 -179.879990 170.632339 -177.660324 -179.542267 6.352259 1.019872 -2.534711 9.278763 0.010173 80.049423 0.792097 -0.650993 2.317953 177.523727 -179.946625 174.419556 36.552410 46.641953 13.854642 179.999451 179.999725 -164.689957 179.999588 179.999924 -169.803497 0.000000 0.000000 -0.000002 15.000019 -0.000126 32.090008 0.000062 -0.000093 26.255457 0.000062 -0.000042 18.378822 0.000000 0.000000 -0.000002 179.999985 -179.999863 -145.250290 0.000058 -0.000124 34.749733 0.000084 -0.000049 23.143318 0.000000 0.000000 -0.000002 169.999954 -179.999817 -150.230209 0.000033 -0.000187 29.769789 0.000098 -0.000095 19.826675 0.000000 0.000000 -0.000002 159.999985 -179.999924 -158.544525 180.000000 -179.999863 -147.816757 0.000042 -0.000071 21.434034 174.957047 -178.215881 179.044769 173.869202 176.464203 105.519737 171.365021 179.454758 178.648773 6.101928 -1.063710 -3.284438 128.942978 122.283989 153.613068 180.000000 -179.999985 167.414474 180.000000 -179.999985 171.618073 0.000000 0.000002 0.000000 165.000000 -179.999954 150.484650 179.999985 -179.999969 155.851074 179.999985 -179.999985 163.095749 0.000000 0.000002 0.000000 179.999985 -179.999924 148.071045 179.999969 -179.999969 148.071045 179.999969 -179.999985 158.735306 0.000000 0.000002 0.000000 9.999997 -0.000084 -30.730923 179.999954 -179.999954 149.269073 179.999969 -179.999985 159.533218 0.000000 0.000002 0.000000 19.999985 -0.000078 -24.520294 179.999954 -179.999908 143.219574 179.999939 -179.999985 155.504211
-52.059174 96.087311 -1.257889 98.065071 171.137955 -173.646393 177.349884 -156.052322 -176.848679 177.018692 163.686844 173.195038 2.804725 -0.854545 -5.604003 165.928818 -151.255966 -172.329697 4.496669 110.523582 -18.889030 172.111847 -169.983826 -169.009399 179.626511 177.357681 179.747208 179.626541 177.409561 179.590454 178.288269 178.146133 179.391663 179.999985 -177.224152 -179.888794 180.000000 -176.761505 -179.884827 170.640030 -177.652588 -179.544159 6.351496 0.982269 -2.503188 9.300494 -0.059526 79.973602 0.771446 -0.712498 2.322357 177.522049 -179.903305 174.331268 36.997471 47.004593 13.390052 179.999847 179.999985 -165.190247 179.999908 -179.999985 -170.136734 0.000000 -0.000000 0.000000 15.000000 -0.000103 32.163879 0.000041 -0.000065 26.315899 0.000053 -0.000034 18.421137 0.000000 -0.000000 0.000000 179.999985 -179.999908 -145.174698 0.000040 -0.000088 34.825310 0.000049 -0.000031 23.193638 0.000000 -0.000000 0.000000 169.999985 -179.999847 -150.130051 0.000039 -0.000146 29.869953 0.000069 -0.000064 19.893391 0.000000 -0.000000 0.000000 159.999985 -179.999954 -158.496109 0.000000 -0.000085 32.255795 0.000043 -0.000050 21.482372 174.995026 -178.208847 179.048355 174.002090 176.429657 105.531113 171.499130 179.347260 178.665604 6.239908 -0.896431 -3.299135 128.768570 122.280563 153.453720 179.999985 -179.999985 167.424561 179.999985 -179.999985 171.624756 0.000000 -0.000002 0.000000 165.000000 -179.999985 150.527359 179.999985 -179.999985 155.886017 180.000000 180.000000 163.120209 0.000000 -0.000002 0.000000 180.000000 -179.999969 148.112946 179.999985 -179.999969 148.112946 179.999985 -179.999985 158.763245 0.000000 -0.000002 0.000000 10.000002 -0.000055 -30.684683 179.999985 -179.999985 149.315323 179.999985 -179.999985 159.564011 0.000000 -0.000002 0.000000 20.000008 -0.000047 -24.477964 179.999969 -179.999939 143.283096 179.999969 -179.999985 155.546524
-52.287968 96.190834 -1.283274 98.166786 171.153717 -173.528168 176.744308 -156.746262 -176.828888 177.620300 164.428146 173.394836 2.793809 -0.784976 -5.671320 165.591812 -149.250580 -171.827332 8.332271 114.065948 -15.255036 172.414032 -168.141602 -168.172638 179.626984 177.405487 179.724411 179.626984 177.456558 179.552246 178.292755 178.182404 179.343521 180.000000 -177.211792 -179.893524 180.000000 -176.747086 -179.889725 170.637253 -177.641647 -179.545074 6.299972 0.995473 -2.465032 9.411715 -0.293985 79.840164 0.622495 -0.820539 2.401397 177.574966 -179.887268 174.245102 36.581272 46.658619 13.832473 179.999344 179.999634 -164.717010 179.999527 179.999878 -169.821533 0.000000 -0.000000 0.000000 15.000004 -0.000037 32.237640 0.000018 -0.000028 26.376240 0.000016 -0.000010 18.463369 0.000000 -0.000000 0.000000 180.000000 -179.999985 -145.105698 0.000031 -0.000038 34.894310 0.000020 -0.000006 23.239601 0.000000 -0.000000 0.000000 169.999985 -179.999939 -150.028976 0.000027 -0.000073 29.971003 0.000046 -0.000036 19.960695 0.000000 -0.000000 0.000000 160.000000 -179.999985 -158.454117 0.000002 -0.000029 32.318832 0.000007 -0.000019 21.524340 175.029510 -178.201416 179.044327 174.178436 176.413391 105.545250 171.635864 179.190414 178.691162 6.374902 -0.705335 -3.319502 128.648712 122.285835 153.385345 179.999985 -179.999985 167.450943 179.999985 -179.999985 171.642334 180.000000 180.000000 -180.000000 165.000000 -179.999985 150.547714 0.000008 0.000014 -24.097328 0.000004 -0.000005 -16.868118 180.000000 180.000000 -180.000000 179.999985 -179.999985 148.145676 179.999985 -179.999985 148.145645 179.999985 -179.999985 158.785019 180.000000 180.000000 -180.000000 10.000004 -0.000029 -30.648600 179.999985 -179.999985 149.351410 179.999985 -179.999985 159.588028 180.000000 180.000000 -180.000000 19.999998 -0.000028 -24.437201 179.999985 -179.999985 143.344177 179.999985 -179.999985 155.587234
-52.511330 96.293404 -1.303880 98.341415 171.191467 -173.375641 176.298416 -157.141968 -176.888214 177.986374 164.876022 173.539856 2.778788 -0.718980 -5.739934 165.159561 -147.255554 -171.283798 11.666264 117.387276 -12.263302 172.985733 -166.360947 -167.442215 179.617218 177.445541 179.696915 179.617233 177.496048 179.506500 178.250381 178.214737 179.283524 179.999985 -177.213959 -179.897583 179.999985 -176.749619 -179.893936 170.583481 -177.643509 -179.545609 6.281947 0.976964 -2.446593 9.387557 -0.369430 79.805244 0.715486 -0.851285 2.392203 177.444855 -179.854568 174.236237 37.063717 47.072472 13.586553 0.000002 -0.000000 14.865557 0.000001 -0.000003 9.900462 180.000000 -179.999985 -179.999985 14.999995 -0.000020 32.275490 0.000014 -0.000013 26.407209 0.000010 -0.000005 18.485044 180.000000 -179.999985 -179.999985 0.000001 -0.000059 34.918575 0.000023 -0.000030 34.918556 0.000038 -0.000017 23.255756 180.000000 -179.999985 -179.999985 170.000000 -179.999908 -149.969391 0.000042 -0.000093 30.030590 0.000053 -0.000032 20.000374 180.000000 -179.999985 -179.999985 160.000015 -179.999985 -158.438339 0.000007 -0.000031 32.342461 0.000015 -0.000013 21.540096 175.058105 -178.201111 179.035339 174.378082 176.412720 105.566055 171.778900 179.021164 178.718948 6.511845 -0.498636 -3.340718 128.633240 122.350746 153.455704 0.000007 0.000006 -12.516089 0.000008 0.000002 -8.335724 0.000000 -0.000000 0.000000 165.000015 -180.000000 150.545090 180.000000 179.999985 155.900513 179.999985 -180.000000 163.130356 0.000000 -0.000000 0.000000 180.000000 -179.999985 148.165955 180.000000 -179.999985 148.165970 179.999985 -179.999985 158.798523 0.000000 -0.000000 0.000000 10.000001 -0.000018 -30.630438 180.000000 -179.999985 149.369568 179.999985 -179.999985 159.600143 0.000000 -0.000000 0.000000 20.000008 -0.000017 -24.418163 180.000000 -180.000000 143.372742 179.999985 -179.999985 155.606262
-52.729172 96.395493 -1.315166 98.571419 171.233856 -173.175705 175.763031 -157.578796 -177.002014 178.362991 165.349350 173.682495 2.801833 -0.668628 -5.784333 164.622437 -145.245773 -170.704910 14.573029 120.525558 -9.965859 173.699310 -164.669968 -166.728012 179.600098 177.483307 179.660675 179.600098 177.533325 179.446472 178.174438 178.247070 179.203430 180.000000 -177.217850 -179.900772 179.999985 -176.754150 -179.897232 170.510086 -177.647079 -179.545029 6.266089 0.961230 -2.430798 9.354038 -0.429802 79.781448 0.764150 -0.886378 2.427225 177.475327 -179.858704 174.179230 37.134361 47.174915 13.552176 179.999939 -179.999985 -165.203049 179.999969 -179.999985 -170.145233 0.000000 -0.000000 0.000000 15.000019 -0.000051 32.281357 0.000028 -0.000032 26.412001 0.000033 -0.000011 18.488411 0.000000 -0.000000 0.000000 0.000002 -0.000035 34.965221 0.000033 -0.000032 34.965214 0.000006 -0.000003 23.286829 0.000000 -0.000000 0.000000 170.000000 -179.999924 -149.889069 0.000047 -0.000068 30.110937 0.000048 -0.000024 20.053883 0.000000 -0.000000 0.000000 160.000015 -179.999969 -158.428482 0.000020 -0.000052 32.357258 0.000028 -0.000019 21.549955 175.083374 -178.203644 179.029053 174.554901 176.420120 105.601089 171.932098 178.882751 178.733765 6.584112 -0.315175 -3.368485 128.739471 122.442093 153.572876 0.000016 0.000007 -12.526382 0.000008 0.000001 -8.342562 0.000000 -0.000000 0.000000 165.000000 -179.999985 150.543671 180.000000 -179.999985 155.899368 179.999985 179.999985 163.129547 0.000000 -0.000000 0.000000 0.000000 -0.000007 -31.822279 179.999985 -179.999985 148.177734 180.000000 -180.000000 158.806366 0.000000 -0.000000 0.000000 10.000000 -0.000017 -30.610104 179.999985 179.999985 149.389877 179.999985 -179.999985 159.613678 0.000000 -0.000000 0.000000 19.999994 -0.000015 -24.402626 180.000000 -180.000000 143.396072 179.999985 -179.999985 155.621765
-52.944778 96.497620 -1.318128 98.794891 171.269012 -173.001541 175.140961 -158.069580 -177.081604 178.838150 165.881042 173.863113 2.808231 -0.611250 -5.843802 164.175278 -143.254364 -170.046204 17.001392 123.425751 -8.043859 174.460678 -163.111862 -166.207565 179.585831 177.522034 179.627579 179.585861 177.571533 179.391510 178.111450 178.279785 179.130615 180.000000 -177.223816 -179.901566 0.000002 -3.238873 0.101937 170.420227 -177.652771 -179.542664 6.248498 0.957337 -2.415119 9.338761 -0.561377 79.738754 0.745850 -0.915686 2.500998 177.528687 -179.875397 174.121201 36.857578 47.012535 13.710258 179.999985 -179.999985 -164.969620 179.999985 -179.999985 -169.989761 0.000003 -0.000000 0.000000 15.000010 -0.000036 32.331860 0.000020 -0.000020 26.453337 0.000013 -0.000005 18.517326 0.000003 -0.000000 0.000000 0.000003 -0.000026 34.999462 0.000016 -0.000016 34.999451 0.000023 -0.000007 23.309641 0.000003 -0.000000 0.000000 170.000000 -179.999969 -149.806442 0.000020 -0.000032 30.193554 0.000026 -0.000008 20.108910 0.000003 -0.000000 0.000000 160.000000 179.999985 -158.376770 180.000000 179.999985 -147.565140 179.999985 179.999985 -158.398392 175.106949 -178.210770 179.032120 174.688126 176.430679 105.646057 172.093872 178.799133 178.733261 6.653732 -0.166195 -3.395789 128.849304 122.528290 153.680374 0.000011 0.000005 -12.542567 0.000008 0.000002 -8.353343 180.000000 -180.000000 180.000000 165.000000 -179.999985 150.560806 180.000000 -179.999985 155.913406 179.999985 -179.999985 163.139374 180.000000 -180.000000 180.000000 179.999985 -179.999985 148.193039 179.999985 -179.999985 148.193039 179.999985 179.999985 158.816574 180.000000 -180.000000 180.000000 9.999988 -0.000011 -30.590874 179.999985 -179.999985 149.409134 180.000000 179.999985 159.626480 180.000000 -180.000000 180.000000 19.999996 -0.000000 -24.395657 179.999985 -179.999985 143.406509 179.999985 180.000000 155.628723
-53.164505 96.604614 -1.309002 99.025589 171.300095 -172.817795 174.397354 -158.651062 -177.156097 179.440460 166.495728 174.067230 2.802385 -0.563344 -5.910498 163.625198 -141.263168 -169.331024 19.059944 125.951340 -6.696785 175.213547 -161.882217 -165.751282 179.571945 177.560150 179.590897 179.571945 177.609177 179.330612 178.050400 178.312637 179.050186 179.999985 -177.231262 -179.900772 180.000000 -176.769821 -179.897232 170.315369 -177.659988 -179.538971 6.274679 0.952108 -2.407479 9.247405 -0.622503 79.739021 0.790457 -0.919309 2.561353 177.541061 -179.874191 174.074020 36.649090 46.893925 13.851936 179.999985 -179.999985 -164.783508 179.999985 -180.000000 -169.865814 0.000000 -0.000000 0.000000 15.000004 -0.000006 32.404301 0.000007 -0.000001 26.512598 0.000009 -0.000006 18.558823 0.000000 -0.000000 0.000000 180.000000 179.999985 -144.939819 0.000002 0.000005 35.060192 180.000000 -180.000000 -156.649918 0.000000 -0.000000 0.000000 170.000000 -179.999985 -149.737717 0.000005 -0.000014 30.262262 0.000009 -0.000009 20.154661 0.000000 -0.000000 0.000000 160.000015 -180.000000 -158.396683 0.000001 -0.000004 32.404987 180.000000 180.000000 -158.418289 175.129288 -178.220474 179.046249 174.786377 176.444473 105.692093 172.254822 178.761810 178.722076 6.726946 -0.045060 -3.417884 128.938217 122.597534 153.752533 0.000004 0.000002 -12.563044 0.000002 0.000000 -8.366983 0.000000 -0.000000 0.000000 165.000000 -179.999985 150.576248 179.999985 179.999985 155.926025 179.999985 -179.999985 163.148224 0.000000 -0.000000 0.000000 179.999985 -179.999985 148.213181 179.999985 180.000000 148.213196 179.999985 180.000000 158.829987 0.000000 -0.000000 0.000000 9.999980 -0.000014 -30.566326 179.999985 -179.999985 149.433670 179.999985 179.999985 159.642838 0.000000 -0.000000 0.000000 20.000000 -0.000011 -24.382378 179.999985 180.000000 143.426437 179.999985 -179.999985 155.642014
-53.370762 96.711845 -1.293545 99.263237 171.331100 -172.617172 173.864639 -158.960129 -177.282013 179.852493 166.834564 174.206528 2.758533 -0.536062 -5.965325 162.987656 -139.269470 -168.569733 20.505171 128.108353 -5.969444 175.637650 -160.520050 -165.471451 179.557404 177.594330 179.549652 179.557419 177.642960 179.262100 177.986969 178.343521 178.959732 180.000000 -177.237885 -179.899094 180.000000 -176.777542 -179.895508 170.201736 -177.666702 -179.534286 6.339786 0.920431 -2.405532 9.124293 -0.646883 79.763939 0.881515 -0.853434 2.613234 177.462173 -179.781998 174.047913 36.492893 46.803375 13.941644 179.999985 -180.000000 -164.652176 180.000000 -179.999985 -169.778336 0.000003 -0.000000 0.000000 15.000008 -0.000006 32.408543 0.000012 -0.000011 26.516075 180.000000 179.999985 -161.438751 0.000003 -0.000000 0.000000 0.000001 -0.000004 35.038219 0.000003 -0.000001 35.038212 180.000000 -180.000000 -156.664536 0.000003 -0.000000 0.000000 170.000000 -179.999985 -149.694366 0.000006 -0.000005 30.305655 0.000002 -0.000006 20.183559 0.000003 -0.000000 0.000000 160.000000 -179.999985 -158.387573 0.000005 -0.000008 32.418617 0.000003 -0.000004 21.590803 175.155777 -178.231796 179.065048 174.847580 176.461746 105.742439 172.406647 178.771530 178.704895 6.807003 0.055856 -3.437929 128.988617 122.643425 153.796768 180.000000 -179.999985 167.425980 180.000000 -180.000000 171.625687 0.000000 -0.000000 0.000000 165.000000 -179.999985 150.608810 179.999985 -180.000000 155.952667 180.000000 179.999985 163.166885 0.000000 -0.000000 0.000000 180.000000 -179.999985 148.243591 179.999985 -179.999985 148.243591 179.999985 179.999985 158.850235 0.000000 -0.000000 0.000000 9.999996 -0.000015 -30.531912 179.999985 179.999985 149.468094 179.999985 179.999985 159.665756 0.000000 -0.000000 0.000000 19.999987 -0.000006 -24.358866 179.999985 -180.000000 143.461685 180.000000 -179.999985 155.665497
-53.566479 96.819374 -1.273517 99.452126 171.359741 -172.432724 173.324646 -159.303680 -177.385696 0.255056 12.792839 -5.662223 2.771089 -0.509551 -6.031239 162.221680 -137.310883 -167.704697 21.379202 129.846558 -5.757804 175.789246 -159.364822 -165.388779 179.557953 177.623459 179.503952 179.557983 177.671783 179.185806 177.994522 178.369659 178.861771 0.000005 -2.758419 0.109204 0.000007 -3.218157 0.113098 170.031891 -177.672089 -179.522827 6.335784 0.930209 -2.369880 9.054985 -0.696844 79.780457 0.970367 -0.794277 2.659300 177.414871 -179.656693 174.018539 36.330906 46.709377 14.036024 180.000000 -180.000000 -164.515457 0.000001 -0.000000 10.312701 0.000000 -0.000003 0.000000 14.999997 -0.000001 32.455803 0.000003 -0.000002 26.554747 180.000000 179.999985 -161.411667 0.000000 -0.000003 0.000000 180.000000 -179.999985 -144.924591 0.000001 0.000003 35.075405 179.999985 -180.000000 -156.639771 0.000000 -0.000003 0.000000 170.000000 -180.000000 -149.649124 0.000002 -0.000006 30.350861 180.000000 179.999985 -159.786316 0.000000 -0.000003 0.000000 160.000015 -179.999985 -158.366898 180.000000 179.999985 -147.550354 0.000000 -0.000000 21.611469 175.137375 -178.248627 179.106201 174.879150 176.484268 105.796997 172.541016 178.805161 178.689102 6.892479 0.136366 -3.456050 128.980728 122.660065 153.812439 180.000000 -180.000000 167.435196 180.000000 -180.000000 171.631836 180.000000 -180.000000 180.000000 165.000000 -179.999985 150.641541 180.000000 -179.999985 155.979446 0.000003 0.000005 -16.814404 180.000000 -180.000000 180.000000 180.000000 -179.999985 148.280212 180.000000 179.999985 148.280182 180.000000 179.999985 158.874619 180.000000 -180.000000 180.000000 9.999986 -0.000005 -30.500036 0.000001 0.000007 -30.500053 179.999985 180.000000 159.686966 180.000000 -180.000000 180.000000 19.999990 -0.000005 -24.331612 180.000000 179.999985 143.502609 180.000000 179.999985 155.692719
-53.755646 96.928665 -1.254035 99.659798 171.383865 -172.238861 172.836533 -159.521347 -177.483734 0.721596 12.542250 -5.551777 2.643058 -0.482162 -6.095826 161.096542 -134.956741 -166.430908 22.094624 131.906204 -5.826202 175.797653 -158.333725 -165.349274 179.556488 177.653595 179.456436 179.556534 177.701523 179.106506 177.992630 178.397003 178.759567 179.999985 -177.245544 -179.881378 179.999985 -176.786469 -179.877136 169.856766 -177.677963 -179.510864 6.359851 0.932116 -2.333931 8.954487 -0.740081 79.801384 1.063482 -0.723367 2.702524 177.232391 -179.443008 174.022491 37.327160 47.457184 14.041279 0.000360 -0.000250 14.901147 0.000277 -0.000100 9.924156 0.000000 -0.000000 0.000000 15.000146 -0.000153 32.464615 0.000169 -0.000043 26.561958 0.000106 0.000032 18.593340 0.000000 -0.000000 0.000000 0.000091 -0.000104 35.079952 0.000142 -0.000027 35.079952 0.000093 0.000030 23.363251 0.000000 -0.000000 0.000000 170.000412 -179.999557 -149.713470 0.000587 -0.000184 30.286516 0.000395 0.000096 20.170835 0.000000 -0.000000 0.000000 160.000107 -179.999878 -158.400223 0.000236 -0.000118 32.399654 0.000176 0.000012 21.578182 175.118240 -178.261993 179.153549 174.788055 176.494888 105.867279 172.690216 178.963882 178.665558 6.990515 0.225530 -3.478059 128.869324 122.638794 153.796127 179.999908 -179.999939 167.487549 179.999939 -179.999985 171.666687 180.000000 179.999985 179.999985 165.000000 179.999985 150.672653 179.999985 179.999985 156.004929 180.000000 179.999985 163.203445 180.000000 179.999985 179.999985 179.999985 180.000000 148.310989 179.999969 180.000000 148.311020 179.999985 179.999985 158.895111 180.000000 179.999985 179.999985 9.999969 0.000020 -30.466309 179.999985 179.999985 149.533707 179.999985 179.999985 159.709427 180.000000 179.999985 179.999985 19.999952 -0.000017 -24.296129 179.999939 179.999985 143.555771 179.999985 179.999985 155.728149
-53.920586 97.030441 -1.229152 99.793533 171.491806 -171.984299 172.611923 -159.757446 -177.684738 0.626448 12.335097 -5.548387 2.891719 -0.477651 -6.186111 159.823868 -132.761017 -165.193069 21.922148 133.133347 -6.723147 175.269073 -157.277145 -165.453064 179.564926 177.631088 179.390579 179.564972 177.679779 178.996674 178.040390 178.387665 178.617813 180.000000 -177.226456 -179.869507 180.000000 -176.764206 -179.864868 169.661636 -177.664810 -179.492767 6.315751 0.958547 -2.286894 9.014050 -0.814534 79.825470 1.151984 -0.674516 2.727723 177.273438 -179.380692 174.025803 37.198902 47.432369 14.110190 0.000457 -0.000285 14.997481 0.000342 -0.000104 9.988318 0.000000 -0.000000 0.000000 15.000114 -0.000096 32.516857 0.000108 -0.000020 26.604664 0.000080 0.000021 18.623287 0.000000 -0.000000 0.000000 0.000066 -0.000058 35.112019 0.000103 -0.000013 35.112007 0.000049 0.000035 23.384592 0.000000 -0.000000 0.000000 170.000137 -179.999893 -149.529846 0.000169 -0.000042 30.470142 0.000097 0.000038 20.293121 0.000000 -0.000000 0.000000 159.999969 179.999969 -158.328094 179.999908 179.999969 -147.492126 179.999939 -179.999985 -158.349747 175.085251 -178.262680 179.188339 174.993515 176.551788 105.899620 172.743790 178.831909 178.689178 7.057720 0.298777 -3.477291 128.913025 122.647385 153.896606 179.999924 -179.999969 167.514145 179.999939 -179.999985 171.684418 180.000000 -180.000000 180.000000 164.999985 -179.999985 150.673218 179.999985 180.000000 156.005371 180.000000 179.999985 163.203735 180.000000 -180.000000 180.000000 179.999985 -179.999985 148.325165 179.999985 -179.999985 148.325150 0.000019 0.000010 -21.095444 180.000000 -180.000000 180.000000 10.000031 -0.000008 -30.452459 0.000026 -0.000016 -30.452490 0.000022 -0.000005 -20.281336 180.000000 -180.000000 180.000000 19.999975 -0.000014 -24.279722 179.999985 179.999985 143.580429 179.999985 179.999985 155.744522
-54.072823 97.126663 -1.202395 99.901443 171.538132 -171.835846 172.570435 -159.852234 -177.819519 0.454311 12.211254 -5.545201 3.034705 -0.450570 -6.262416 158.476822 -130.629150 -163.745178 21.578890 133.942474 -7.609660 174.876633 -156.887497 -165.537842 179.585052 177.621780 179.341431 179.585144 177.670746 178.914230 178.140747 178.383408 178.514023 0.000002 -2.805145 0.147378 0.000006 -3.272668 0.152643 169.429169 -177.642059 -179.468094 6.246563 0.985575 -2.232692 9.107730 -0.883876 79.865623 1.164841 -0.728242 2.751943 177.419449 -179.431610 174.017151 37.222134 47.580616 14.476827 179.999893 -179.999924 -164.857376 179.999954 -179.999924 -169.914993 180.000000 180.000000 -179.999985 15.000131 -0.000096 32.539719 0.000125 -0.000008 26.623405 0.000084 0.000029 18.636385 180.000000 180.000000 -179.999985 0.000069 -0.000054 35.131390 0.000082 -0.000001 35.131393 0.000052 0.000033 23.397514 180.000000 180.000000 -179.999985 170.000153 -179.999863 -149.505234 0.000198 -0.000015 30.494770 0.000128 0.000053 20.309521 180.000000 180.000000 -179.999985 160.000076 -179.999969 -158.363541 0.000120 -0.000028 32.454704 0.000073 0.000021 21.614820 175.015396 -178.258011 179.235733 175.206543 176.611389 105.934998 172.771103 178.654129 178.720078 7.100492 0.315445 -3.466546 128.899323 122.626801 153.962708 179.999985 -179.999985 167.557648 179.999985 -179.999985 171.713379 180.000000 -179.999985 180.000000 164.999969 179.999985 150.685547 179.999985 179.999985 156.015457 180.000000 179.999985 163.210815 180.000000 -179.999985 180.000000 0.000032 0.000007 -31.664005 0.000020 -0.000007 -31.664030 0.000000 -0.000021 -21.088232 180.000000 -179.999985 180.000000 10.000040 0.000023 -30.448505 0.000052 -0.000035 -30.448532 0.000027 -0.000033 -20.278690 180.000000 -179.999985 180.000000 20.000011 0.000016 -24.262287 0.000043 -0.000015 -36.393433 0.000017 -0.000031 -24.238037
-54.217426 97.216507 -1.168968 99.945068 171.669449 -171.613739 172.579544 -159.999634 -178.075958 0.156513 12.130580 -5.535461 3.333303 -0.448545 -6.342463 157.095688 -128.372101 -162.227249 21.123329 134.632904 -8.585413 174.507065 -156.616669 -165.606079 179.600983 177.569519 179.278717 179.601059 177.619659 178.809525 178.224457 178.350342 178.379333 0.000040 -2.848723 0.157909 0.000014 -3.323512 0.163563 169.268097 -177.607910 -179.448059 6.256088 1.001863 -2.225182 9.210938 -0.944930 79.937088 1.171510 -0.790169 2.770730 177.591431 -179.529373 174.002518 36.409515 46.918091 13.814384 0.001091 -0.000571 15.297720 0.000807 -0.000173 10.188262 0.000000 -0.000000 0.000000 15.000140 -0.000090 32.567242 0.000114 0.000008 26.645910 0.000075 0.000034 18.652142 0.000000 -0.000000 0.000000 0.000087 -0.000048 35.146885 0.000090 0.000001 35.146900 0.000050 0.000039 23.407825 0.000000 -0.000000 0.000000 170.000137 -179.999924 -149.461807 0.000150 -0.000002 30.538176 0.000085 0.000049 20.338438 0.000000 -0.000000 0.000000 159.999985 179.999969 -158.332153 179.999954 179.999985 -147.498215 179.999969 -179.999985 -158.353821 175.008698 -178.234558 179.253540 175.416885 176.672226 105.974426 172.799683 178.570511 178.743271 7.109891 0.391851 -3.422899 128.933273 122.646835 154.051147 0.000022 0.000009 -12.418654 0.000019 0.000004 -8.270824 180.000000 180.000000 180.000000 165.000015 179.999985 150.699326 180.000000 -179.999985 156.026703 0.000017 0.000001 -16.781282 180.000000 180.000000 180.000000 0.000036 -0.000002 -31.665892 0.000047 -0.000017 -31.665897 0.000006 -0.000034 -21.089493 180.000000 180.000000 180.000000 10.000054 0.000004 -30.467602 0.000049 -0.000025 -30.467588 0.000023 -0.000031 -20.291407 180.000000 180.000000 180.000000 20.000071 0.000006 -24.260633 0.000095 -0.000044 -36.390945 0.000044 -0.000057 -24.236372
-54.361641 97.304611 -1.129073 99.933662 171.822525 -171.401810 172.672974 -160.168488 -178.374619 179.641113 167.953964 174.497498 3.820124 -0.446275 -6.438447 156.160553 -126.834511 -161.315903 20.538092 134.215057 -9.601777 174.185410 -156.460922 -165.649643 179.622757 177.505997 179.214798 179.622833 177.557449 178.702621 178.336487 178.307602 178.242645 0.000038 -2.894341 0.169946 0.000032 -3.376729 0.176035 169.121033 -177.572174 -179.427231 6.284472 1.018855 -2.225540 9.355020 -0.993275 80.031631 1.164932 -0.883047 2.778315 177.936447 -179.831238 173.983734 36.338215 47.032082 14.428751 0.000095 -0.000050 15.615160 0.000068 -0.000015 10.399715 180.000000 180.000000 -180.000000 15.000006 0.000011 32.608654 0.000009 0.000007 26.679798 0.000011 0.000003 18.675858 180.000000 180.000000 -180.000000 179.999954 179.999985 -144.814651 179.999969 -179.999985 -144.814636 179.999985 -179.999969 -156.566574 180.000000 180.000000 -180.000000 169.999969 179.999985 -149.406448 179.999969 -179.999985 -149.406448 179.999985 -179.999985 -159.624710 180.000000 180.000000 -180.000000 160.000000 -180.000000 -158.346115 0.000012 -0.000000 32.480824 180.000000 179.999985 -158.367783 175.003586 -178.219376 179.272583 175.635452 176.734970 106.007935 172.815140 178.474823 178.766846 7.103021 0.431439 -3.372132 129.004623 122.691483 154.137680 0.000035 0.000013 -12.419003 0.000029 0.000008 -8.271053 0.000000 -0.000000 0.000002 165.000000 -179.999985 150.695084 0.000002 -0.000012 -23.976753 0.000001 -0.000009 -16.783726 0.000000 -0.000000 0.000002 0.000016 -0.000013 -31.688095 0.000035 -0.000010 -31.688107 180.000000 -179.999985 158.895737 0.000000 -0.000000 0.000002 10.000026 0.000001 -30.491755 0.000034 -0.000022 -30.491743 0.000001 -0.000026 -20.307507 0.000000 -0.000000 0.000002 20.000023 -0.000015 -24.295038 0.000031 -0.000008 -36.442566 0.000022 -0.000020 -24.270735
-54.507481 97.392670 -1.079680 99.874931 171.986206 -171.205292 172.810806 -160.360596 -178.714066 179.105820 168.029190 174.570419 4.331839 -0.453648 -6.519486 155.332428 -125.401398 -160.475601 19.881369 133.409653 -10.606799 173.923645 -156.450241 -165.714371 179.649612 177.436844 179.151611 179.649719 177.489624 178.596802 178.472839 178.258896 178.108337 0.000043 -2.938132 0.182831 0.000032 -3.427824 0.189380 168.989838 -177.537994 -179.406693 6.324668 1.036630 -2.230625 9.435951 -1.021290 80.151146 1.174125 -0.903464 2.770069 177.919052 -179.857819 173.993942 36.379856 47.027729 14.555820 0.000046 -0.000026 15.661512 0.000036 -0.000009 10.430549 0.000000 -0.000002 -0.000005 15.000002 -0.000014 32.616795 179.999985 179.999985 -153.313507 180.000000 -179.999985 -161.319458 0.000000 -0.000002 -0.000005 0.000009 -0.000010 35.155807 0.000011 0.000002 35.155815 0.000002 0.000008 23.413763 0.000000 -0.000002 -0.000005 169.999985 -179.999985 -149.424103 179.999985 -179.999985 -149.424072 179.999985 -179.999985 -159.636444 0.000000 -0.000002 -0.000005 160.000015 -179.999985 -158.342484 179.999985 -180.000000 -147.513687 180.000000 -179.999985 -158.364120 174.999039 -178.207947 179.295197 175.806885 176.801804 106.054337 172.840088 178.416733 178.768661 7.096206 0.440736 -3.319319 129.004730 122.689293 154.090576 0.000016 0.000006 -12.442325 0.000013 0.000006 -8.286580 180.000000 -179.999985 -180.000000 165.000015 -179.999985 150.692047 0.000005 0.000001 -23.979208 179.999985 -179.999985 163.214523 180.000000 -179.999985 -180.000000 0.000017 0.000003 -31.696306 0.000013 -0.000019 -31.696295 0.000006 -0.000011 -21.109743 180.000000 -179.999985 -180.000000 10.000007 -0.000006 -30.509584 0.000003 0.000003 -30.509581 0.000013 0.000006 -20.319368 180.000000 -179.999985 -180.000000 20.000010 0.000011 -24.310106 0.000005 -0.000005 -36.465153 0.000007 -0.000002 -24.285814
-54.654610 97.480827 -1.021300 99.784241 172.140640 -171.050827 173.016693 -160.562531 -179.068909 178.735489 168.079102 174.703995 4.639848 -0.466344 -6.562241 154.643829 -124.096886 -159.670227 19.190481 132.229324 -11.497762 173.714493 -156.612198 -165.824554 179.679611 177.372787 179.095444 179.679672 177.426697 178.502487 178.622971 178.211563 177.989975 0.000033 -2.975210 0.197353 0.000045 -3.471087 0.204414 168.878265 -177.509583 -179.387009 6.371768 1.055240 -2.232911 9.554005 -1.033019 80.272385 1.178213 -0.931833 2.755020 177.882599 -179.934357 174.037857 36.410786 46.994175 14.616041 0.000026 -0.000019 15.684688 0.000017 -0.000002 10.446006 0.000000 -0.000000 0.000000 14.999997 0.000014 32.613625 180.000000 180.000000 -153.316116 180.000000 -180.000000 -161.321289 0.000000 -0.000000 0.000000 179.999985 -179.999985 -144.832901 179.999985 -179.999985 -144.832916 180.000000 -179.999985 -156.578720 0.000000 -0.000000 0.000000 169.999969 179.999985 -149.431274 179.999969 -179.999985 -149.431274 179.999985 -179.999985 -159.641235 0.000000 -0.000000 0.000000 160.000031 179.999985 -158.348038 0.000026 0.000010 32.477966 0.000007 0.000016 21.630327 175.008850 -178.196884 179.311615 175.756882 176.833435 106.136017 172.890762 178.559143 178.749741 7.094062 0.448910 -3.266213 128.932129 122.647781 153.979218 0.000013 0.000004 -12.454288 0.000007 -0.000002 -8.294544 180.000000 -180.000000 180.000000 165.000000 179.999985 150.688309 0.000005 -0.000008 -23.982286 0.000010 0.000004 -16.787601 180.000000 -180.000000 180.000000 179.999985 179.999985 148.290817 0.000008 -0.000001 -31.709185 180.000000 -179.999985 158.881683 180.000000 -180.000000 180.000000 9.999999 -0.000003 -30.511398 0.000009 -0.000006 -30.511400 0.000010 0.000002 -20.320591 180.000000 -180.000000 180.000000 20.000008 0.000001 -24.314106 0.000018 -0.000005 -36.471100 180.000000 -179.999985 155.710220
-54.802925 97.568901 -0.956065 99.645874 172.374161 -170.831360 173.331863 -160.835144 -179.549240 178.014893 168.132187 174.842422 5.250564 -0.484676 -6.639620 154.122131 -122.966980 -159.134781 18.406404 130.690308 -12.504084 173.539551 -156.957809 -165.980515 179.710770 177.282379 179.024170 179.710861 177.337936 178.383057 178.782471 178.145691 177.838913 0.000040 -3.002713 0.212640 0.000037 -3.503170 0.220246 168.790421 -177.489151 -179.369431 6.418641 1.076363 -2.233922 9.705253 -1.034674 80.391266 1.174288 -0.959735 2.733449 177.854538 -179.867249 174.063538 36.586666 47.077106 14.840314 180.000000 179.999985 -164.296295 180.000000 179.999985 -169.541321 0.000000 -0.000000 0.000000 14.999965 0.000009 32.623947 179.999969 -179.999985 -153.307693 179.999985 -179.999985 -161.315399 0.000000 -0.000000 0.000000 179.999908 -180.000000 -144.827835 179.999924 -179.999939 -144.827881 179.999985 -179.999939 -156.575333 0.000000 -0.000000 0.000000 169.999878 -179.999985 -149.433136 179.999908 -179.999939 -149.433167 179.999969 -179.999939 -159.642471 0.000000 -0.000000 0.000000 159.999969 -179.999985 -158.332275 179.999985 -179.999985 -147.498413 179.999985 -179.999985 -158.353928 174.975601 -178.210190 179.357269 175.733322 176.881516 106.190010 172.944077 178.727737 178.722580 7.101473 0.483307 -3.212169 128.832428 122.605270 153.825073 0.000003 0.000003 -12.473633 0.000004 -0.000000 -8.307444 180.000000 -180.000000 180.000000 165.000015 179.999985 150.688217 0.000000 -0.000002 -23.982372 0.000007 0.000001 -16.787657 180.000000 -180.000000 180.000000 0.000008 -0.000005 -31.708973 0.000010 0.000001 -31.708958 0.000009 0.000005 -21.118189 180.000000 -180.000000 180.000000 9.999988 0.000009 -30.514938 0.000013 -0.000009 -30.514936 0.000001 -0.000005 -20.322948 180.000000 -180.000000 180.000000 20.000002 -0.000007 -24.316710 0.000022 -0.000007 -36.475060 0.000007 -0.000016 -24.292398
-54.949715 97.656784 -0.885884 99.498650 172.567459 -170.696640 173.728256 -161.086838 -179.966919 177.473312 168.180984 174.993759 5.593669 -0.485528 -6.659324 153.636124 -121.995659 -158.588409 17.547466 128.801468 -13.484776 173.396210 -157.434982 -166.193237 179.743256 177.211792 178.971054 179.743317 177.268509 178.293640 178.945129 178.091019 177.727951 0.000013 -3.019427 0.227530 0.000017 -3.522667 0.235662 168.723068 -177.477585 -179.354721 6.455104 1.098681 -2.226164 9.897561 -1.031422 80.495132 1.159658 -0.994040 2.706797 177.811356 -179.887680 174.147278 36.631516 46.997002 14.870052 179.999969 179.999969 -164.285400 179.999969 179.999985 -169.534073 0.000000 -0.000000 0.000000 14.999869 -0.000003 32.618752 179.999924 -179.999939 -153.311935 179.999985 -179.999939 -161.318344 0.000000 -0.000000 0.000000 179.999832 -180.000000 -144.852997 179.999847 -179.999908 -144.852997 179.999969 -179.999878 -156.592102 0.000000 -0.000000 0.000000 169.999786 179.999985 -149.465378 179.999832 -179.999893 -149.465424 179.999939 -179.999878 -159.663971 0.000000 -0.000000 0.000000 160.000015 179.999985 -158.349365 0.000014 0.000010 32.475933 0.000015 0.000008 21.628983 174.977432 -178.215149 179.375153 175.681671 176.910110 106.260231 172.981628 178.813675 178.696259 7.127209 0.471226 -3.173548 128.711151 122.546478 153.662384 0.000005 -0.000001 -12.483612 0.000002 -0.000001 -8.314072 0.000000 -0.000000 0.000000 165.000000 180.000000 150.682739 0.000015 -0.000007 -23.986811 0.000004 -0.000005 -16.790783 0.000000 -0.000000 0.000000 0.000007 0.000000 -31.715334 0.000002 -0.000008 -31.715303 0.000005 -0.000008 -21.122389 0.000000 -0.000000 0.000000 10.000010 0.000003 -30.521212 180.000000 -179.999985 149.478806 0.000008 -0.000004 -20.327120 0.000000 -0.000000 0.000000 19.999996 0.000009 -24.326626 0.000013 0.000004 -36.489952 0.000003 -0.000013 -24.302309
-55.094551 97.742241 -0.812927 99.338669 172.762833 -170.582260 174.060776 -161.344284 179.641922 176.976425 168.209412 175.171219 5.956266 -0.499714 -6.680604 153.245407 -121.203659 -158.149734 16.597811 126.608345 -14.495357 173.294357 -157.958191 -166.480515 179.775650 177.146378 178.923004 179.775681 177.204071 178.212662 179.106674 178.038849 177.628342 0.000001 -3.026004 0.240278 0.000015 -3.530338 0.248862 168.670883 -177.474197 -179.343658 6.474116 1.120606 -2.214039 10.038021 -1.011085 80.584435 1.163442 -0.955901 2.683518 177.765015 179.977570 174.304520 36.611698 46.925236 14.742608 179.999985 179.999985 -164.326538 179.999985 179.999985 -169.561462 0.000000 -0.000000 0.000000 14.999943 0.000007 32.540146 179.999969 -179.999969 -153.376251 179.999985 -179.999969 -161.363388 0.000000 -0.000000 0.000000 179.999908 179.999985 -144.946716 179.999924 -179.999939 -144.946716 179.999985 -179.999939 -156.654510 0.000000 -0.000000 0.000000 169.999893 -179.999985 -149.566925 179.999924 -179.999954 -149.566940 179.999969 -179.999939 -159.731567 0.000000 -0.000000 0.000000 159.999969 179.999985 -158.333954 179.999969 -179.999985 -147.500946 179.999985 -179.999985 -158.355606 174.979156 -178.228928 179.391357 175.668655 176.936981 106.314499 173.008240 178.861359 178.669800 7.158495 0.487768 -3.134622 128.685211 122.617836 153.642639 180.000000 179.999985 167.508362 180.000000 180.000000 171.680573 180.000000 -180.000000 180.000000 165.000000 179.999985 150.668839 180.000000 -180.000000 156.001770 0.000013 0.000005 -16.798756 180.000000 -180.000000 180.000000 0.000001 0.000008 -31.728725 0.000002 -0.000007 -31.728725 0.000003 0.000001 -21.131332 180.000000 -180.000000 180.000000 9.999994 0.000003 -30.530874 0.000001 -0.000005 -30.530878 0.000011 -0.000002 -20.333565 180.000000 -180.000000 180.000000 20.000002 0.000006 -24.341164 0.000000 -0.000018 -36.511742 180.000000 -179.999985 155.683182
-55.240093 97.824455 -0.739827 99.174110 172.959671 -170.489212 174.306351 -161.622055 179.297913 176.539719 168.258301 175.342178 6.337215 -0.505222 -6.672445 152.835312 -120.587852 -157.752533 15.542642 124.171783 -15.610199 173.258881 -158.448563 -166.857361 179.806473 177.088303 178.881363 179.806534 177.146820 178.142349 179.259933 177.991226 177.542679 0.000003 -3.022421 0.248384 0.000005 -3.526158 0.257255 168.636459 -177.478607 -179.337906 6.477250 1.145501 -2.202916 10.207434 -1.000950 80.667015 1.148708 -0.924581 2.655896 177.718582 179.923981 174.448380 36.608025 46.822994 14.658375 179.999985 179.999985 -164.347061 179.999985 179.999985 -169.575134 0.000000 -0.000000 0.000000 14.999954 -0.000006 32.492676 179.999969 -179.999985 -153.415085 179.999985 -179.999985 -161.390564 0.000000 -0.000000 0.000000 179.999939 179.999985 -145.013596 179.999939 -179.999969 -145.013596 179.999985 -179.999954 -156.699051 0.000000 -0.000000 0.000000 169.999939 179.999985 -149.637054 179.999939 -179.999969 -149.637085 179.999985 -179.999954 -159.778290 0.000000 -0.000000 0.000000 159.999969 -180.000000 -158.349579 179.999954 -179.999985 -147.524384 179.999985 -179.999969 -158.371231 174.995697 -178.225082 179.382248 175.631882 176.932159 106.378426 173.036957 178.906265 178.639252 7.195621 0.508614 -3.099124 128.579956 122.614174 153.558502 180.000000 179.999985 167.520813 0.000001 0.000003 -8.311147 0.000000 -0.000000 0.000000 165.000000 180.000000 150.653183 0.000001 -0.000003 -24.011009 180.000000 -179.999985 163.192291 0.000000 -0.000000 0.000000 0.000009 -0.000008 -31.744442 0.000003 0.000001 -31.744455 0.000004 -0.000004 -21.141798 0.000000 -0.000000 0.000000 10.000007 -0.000003 -30.551128 180.000000 -179.999985 149.448853 0.000000 -0.000002 -20.347055 0.000000 -0.000000 0.000000 20.000015 0.000000 -24.362694 0.000001 -0.000007 -36.544025 180.000000 -179.999985 155.661682
-55.390018 97.902306 -0.670116 99.009048 173.153458 -170.418167 174.406387 -161.924286 179.021439 176.147903 168.339310 175.495834 6.801576 -0.511746 -6.633467 152.350906 -120.152084 -157.363708 14.328671 121.531799 -16.909653 173.276947 -158.866196 -167.300217 179.835205 177.038971 178.846252 179.835205 177.098129 178.082901 179.401962 177.949478 177.471085 180.000000 -176.989822 -179.746964 180.000000 -176.488113 -179.737915 168.615891 -177.489746 -179.336288 6.467845 1.171947 -2.193871 10.341270 -0.998112 80.741013 1.130399 -0.859721 2.630795 177.674103 179.886627 174.601273 36.576286 46.737991 14.530684 179.999985 179.999985 -164.380402 179.999985 179.999985 -169.597351 0.000000 -0.000003 0.000000 14.999954 0.000008 32.445347 179.999985 -179.999985 -153.453812 179.999985 -179.999985 -161.417664 0.000000 -0.000003 0.000000 179.999924 179.999985 -145.078827 179.999939 -179.999969 -145.078827 179.999985 -179.999954 -156.742508 0.000000 -0.000003 0.000000 169.999924 179.999985 -149.699326 179.999939 -179.999985 -149.699326 179.999985 -179.999954 -159.819763 0.000000 -0.000003 0.000000 159.999954 -180.000000 -158.378906 179.999924 -179.999985 -147.568329 179.999985 -179.999954 -158.400513 175.007401 -178.225906 179.370773 175.622803 176.922821 106.424698 173.068069 178.924805 178.610123 7.218342 0.523371 -3.087802 128.491547 122.597153 153.504929 180.000000 180.000000 167.542084 180.000000 -180.000000 171.703033 0.000000 -0.000000 0.000000 165.000015 -180.000000 150.652252 180.000000 -179.999985 155.988205 180.000000 -179.999985 163.191742 0.000000 -0.000000 0.000000 0.000003 0.000001 -31.752531 180.000000 -179.999985 148.247467 0.000007 0.000001 -21.147192 0.000000 -0.000000 0.000000 10.000001 -0.000006 -30.562990 0.000016 0.000008 -30.562983 180.000000 179.999985 159.645050 0.000000 -0.000000 0.000000 19.999987 -0.000003 -24.375238 0.000003 -0.000010 -36.562881 0.000010 0.000002 -24.350870
-55.548721 97.975662 -0.603976 98.847748 173.337326 -170.369461 174.342636 -162.258774 178.812607 176.079147 168.455765 175.671280 7.091493 -0.511124 -6.541739 151.867569 -119.893906 -157.000092 13.012248 118.709305 -18.306765 173.332367 -159.218460 -167.750259 179.861374 177.001465 178.818787 179.861404 177.061050 178.036301 179.530563 177.916092 177.415939 179.999985 -177.002243 -179.757584 179.999985 -176.502640 -179.748932 168.613876 -177.498978 -179.344727 6.445509 1.201530 -2.186883 10.422367 -1.003315 80.802391 1.111980 -0.758982 2.613731 177.620377 179.733536 174.781494 36.466980 46.626469 14.250378 180.000000 179.999985 -164.451126 180.000000 179.999985 -169.644440 180.000000 180.000000 -180.000000 14.999980 -0.000002 32.379185 179.999985 -179.999985 -153.507919 0.000002 -0.000010 18.544437 180.000000 180.000000 -180.000000 179.999985 -179.999985 -145.174896 179.999985 -179.999985 -145.174896 179.999985 -179.999985 -156.806473 180.000000 180.000000 -180.000000 169.999985 180.000000 -149.786560 179.999985 -179.999985 -149.786560 180.000000 -179.999985 -159.877838 180.000000 180.000000 -180.000000 159.999985 179.999985 -158.448456 179.999985 -179.999985 -147.672699 179.999985 -179.999985 -158.470016 175.050095 -178.219223 179.331421 175.622803 176.896072 106.464890 173.103622 178.899902 178.589142 7.231845 0.536719 -3.088177 128.417969 122.569603 153.438309 180.000000 -179.999985 167.550919 0.000002 0.000001 -8.291101 0.000000 -0.000000 0.000000 165.000015 179.999985 150.651291 0.000006 -0.000004 -24.012577 180.000000 179.999985 163.191208 0.000000 -0.000000 0.000000 180.000000 180.000000 148.237869 0.000007 0.000000 -31.762129 179.999985 -179.999985 158.846420 0.000000 -0.000000 0.000000 9.999989 0.000009 -30.571234 180.000000 -180.000000 149.428757 0.000010 0.000003 -20.360441 0.000000 -0.000000 0.000000 19.999992 0.000011 -24.387400 0.000003 -0.000003 -36.581097 0.000000 0.000000 -24.363018
-55.719151 98.044189 -0.543792 98.692871 173.510895 -170.345306 174.113373 -162.625778 178.664734 176.163300 168.618576 175.864014 7.369668 -0.497955 -6.330586 151.390839 -119.805740 -156.687592 11.547363 115.736275 -19.843349 173.414032 -159.538177 -168.198090 179.884567 176.974762 178.799042 179.884583 177.034576 178.002594 179.643387 177.890671 177.377151 179.999954 -177.016449 -179.775238 179.999969 -176.519180 -179.767212 168.623779 -177.508682 -179.358231 6.414679 1.231439 -2.180455 10.428452 -1.019967 80.854813 1.094945 -0.615542 2.606462 177.576218 179.650497 174.918686 36.366119 46.539738 14.034066 0.000009 0.000015 15.501608 0.000001 0.000011 10.324088 0.000000 -0.000000 0.000000 15.000000 0.000003 32.333157 180.000000 179.999985 -153.545593 180.000000 180.000000 -161.481918 0.000000 -0.000000 0.000000 180.000000 179.999985 -145.252121 179.999985 180.000000 -145.252121 180.000000 -179.999985 -156.857910 0.000000 -0.000000 0.000000 170.000000 179.999985 -149.851028 180.000000 -180.000000 -149.851013 179.999985 -179.999985 -159.920792 0.000000 -0.000000 0.000000 160.000000 180.000000 -158.487457 180.000000 180.000000 -147.731186 0.000003 -0.000004 21.491047 175.066101 -178.227249 179.309631 175.679565 176.878159 106.464012 173.147461 178.841858 178.574493 7.235409 0.555350 -3.097562 128.355621 122.529686 153.356140 0.000001 -0.000002 -12.451891 0.000000 -0.000000 -8.292960 0.000000 0.000000 -0.000002 165.000000 179.999985 150.652618 0.000002 -0.000001 -24.011507 180.000000 180.000000 163.191940 0.000000 0.000000 -0.000002 180.000000 180.000000 148.239243 180.000000 180.000000 148.239243 179.999985 -179.999985 158.847336 0.000000 0.000000 -0.000002 9.999994 0.000010 -30.572163 0.000006 0.000005 -30.572145 180.000000 -180.000000 159.638931 0.000000 0.000000 -0.000002 19.999987 0.000002 -24.387939 180.000000 179.999985 143.418076 180.000000 -180.000000 155.636444
-55.904175 98.108131 -0.485139 98.545799 173.677063 -170.344666 173.746155 -163.019424 178.560577 176.313354 168.787704 176.059021 7.698651 -0.516904 -6.074888 150.980164 -119.879013 -156.487808 9.844871 112.637123 -21.577400 173.506607 -159.876480 -168.643951 179.904373 176.956848 178.787170 179.904388 177.016708 177.982101 179.738754 177.872040 177.354980 179.999954 -177.029724 -179.799561 179.999939 -176.534683 -179.792404 168.645248 -177.516678 -179.376083 6.378325 1.263549 -2.173260 10.420104 -1.053696 80.891106 1.067150 -0.496105 2.611439 177.535065 179.631989 174.998337 36.367622 46.444439 13.752130 0.000003 0.000002 15.378417 0.000004 0.000000 10.242027 0.000002 0.000000 -0.000003 15.000002 -0.000001 32.302540 179.999985 179.999985 -153.570663 180.000000 180.000000 -161.499451 0.000002 0.000000 -0.000003 179.999985 180.000000 -145.300873 180.000000 179.999985 -145.300873 180.000000 -180.000000 -156.890381 0.000002 0.000000 -0.000003 170.000000 -180.000000 -149.894547 180.000000 179.999985 -149.894547 0.000007 -0.000001 20.050238 0.000002 0.000000 -0.000003 160.000000 180.000000 -158.521713 0.000003 -0.000001 32.217453 180.000000 -179.999985 -158.543182 175.080429 -178.237823 179.283966 175.756866 176.856064 106.444351 173.202545 178.764725 178.562302 7.230677 0.584106 -3.112226 128.316025 122.504715 153.291656 180.000000 180.000000 167.540131 180.000000 -180.000000 171.701736 0.000000 -0.000000 0.000000 165.000015 180.000000 150.652191 180.000000 -180.000000 155.988159 0.000000 -0.000002 -16.808287 0.000000 -0.000000 0.000000 0.000000 0.000000 -31.761869 0.000003 0.000003 -31.761875 0.000003 0.000002 -21.153402 0.000000 -0.000000 0.000000 10.000009 0.000003 -30.566578 180.000000 180.000000 149.433426 0.000000 0.000000 -20.357332 0.000000 -0.000000 0.000000 19.999996 0.000002 -24.392916 0.000006 -0.000002 -36.589397 180.000000 -179.999985 155.631470
-56.091331 98.174377 -0.428164 98.439278 173.797791 -170.321259 173.243515 -163.382751 178.457687 176.545532 169.018433 176.254166 8.049971 -0.490382 -5.774388 150.520142 -119.935455 -156.268784 7.786156 109.462151 -23.676199 173.602432 -160.174988 -169.061386 179.918793 176.960587 178.773193 179.918762 177.020187 177.958344 179.807816 177.870392 177.327576 179.999985 -177.041641 -179.835266 179.999985 -176.548569 -179.829376 168.676224 -177.522018 -179.400833 6.338131 1.300373 -2.167387 10.345878 -1.084133 80.921059 1.053157 -0.325660 2.629350 177.490753 179.537399 175.097733 36.234924 46.345234 13.383323 0.000120 -0.000017 15.271086 0.000081 0.000009 10.170544 0.000000 0.000003 0.000003 15.000071 0.000093 32.277260 180.000000 179.999908 -153.591339 179.999985 179.999954 -161.513916 0.000000 0.000003 0.000003 0.000033 0.000049 34.631100 180.000000 179.999939 -145.368866 179.999985 179.999969 -156.935684 0.000000 0.000003 0.000003 170.000000 179.999985 -149.958710 180.000000 179.999985 -149.958694 180.000000 179.999985 -159.992493 0.000000 0.000003 0.000003 160.000015 179.999939 -158.573318 0.000012 0.000092 32.140003 179.999985 179.999969 -158.594772 175.084732 -178.270920 179.269714 175.909210 176.849777 106.393311 173.251038 178.632431 178.562027 7.215099 0.616676 -3.133092 128.302567 122.467369 153.216080 179.999985 -179.999985 167.515137 179.999985 -179.999985 171.685074 180.000000 -180.000000 180.000000 165.000000 -179.999985 150.661362 0.000011 -0.000005 -24.004330 0.000004 -0.000002 -16.803015 180.000000 -180.000000 180.000000 0.000011 -0.000013 -31.757046 0.000016 -0.000006 -31.757084 180.000000 -179.999985 158.849808 180.000000 -180.000000 180.000000 10.000035 0.000005 -30.560650 0.000029 -0.000028 -30.560633 0.000006 -0.000016 -20.353392 180.000000 -180.000000 180.000000 19.999987 -0.000006 -24.389700 0.000031 -0.000011 -36.584602 0.000015 -0.000021 -24.365345
-56.297237 98.225662 -0.365753 98.264969 173.988281 -170.393570 172.890427 -163.849823 178.382751 176.740784 169.205444 176.480896 8.321897 -0.533311 -5.407105 150.543823 -120.367218 -156.461426 5.309256 106.182205 -25.958340 173.720078 -160.651062 -169.556503 179.937332 176.938690 178.779388 179.937332 176.998444 177.967957 179.894852 177.848648 177.344254 179.999985 -177.047928 -179.859543 179.999985 -176.555923 -179.854523 168.707184 -177.524078 -179.417862 6.293974 1.323867 -2.138958 10.195321 -1.122878 80.907990 1.051406 -0.183960 2.675062 177.462585 179.425598 175.121857 36.092377 46.278038 13.084171 0.000087 -0.000023 15.196382 0.000062 -0.000002 10.120787 0.000000 0.000003 0.000003 15.000041 0.000054 32.183369 0.000008 0.000051 26.331835 179.999985 179.999969 -161.567734 0.000000 0.000003 0.000003 0.000054 0.000046 34.585098 0.000007 0.000056 34.585091 179.999985 179.999969 -156.966339 0.000000 0.000003 0.000003 170.000031 179.999969 -149.960602 180.000000 179.999985 -149.960587 0.000004 0.000020 20.006239 0.000000 0.000003 0.000003 160.000046 179.999969 -158.612030 0.000032 0.000087 32.081974 179.999985 179.999939 -158.633408 175.092514 -178.296188 179.253922 176.036118 176.835724 106.337204 173.317734 178.529938 178.543182 7.222475 0.711484 -3.125821 128.258224 122.437271 153.130417 0.000006 0.000002 -12.500233 0.000009 0.000004 -8.325164 180.000000 180.000000 -180.000000 165.000015 -179.999985 150.662750 0.000010 -0.000008 -24.003222 0.000005 -0.000008 -16.802248 180.000000 180.000000 -180.000000 0.000037 -0.000004 -31.747358 0.000033 -0.000017 -31.747358 0.000023 -0.000010 -21.143738 180.000000 180.000000 -180.000000 10.000043 -0.000009 -30.543110 0.000044 -0.000004 -30.543121 0.000008 -0.000023 -20.341713 180.000000 180.000000 -180.000000 20.000025 -0.000012 -24.379269 0.000039 -0.000016 -36.568916 0.000013 -0.000029 -24.354908
-56.520855 98.266640 -0.296052 98.050636 174.232681 -170.513931 172.636993 -164.375214 178.317734 176.757858 169.295227 176.704956 8.698853 -0.698972 -5.196896 150.922455 -120.998291 -156.929825 1.646786 102.918434 -29.242014 173.857971 -161.256897 -170.115967 179.958328 176.895691 178.796066 179.958389 176.956024 177.994949 179.993149 177.811081 177.384064 179.999985 -177.046844 -179.881592 0.000002 -3.445347 0.122632 168.740021 -177.520157 -179.432358 6.254451 1.345123 -2.102006 10.053210 -1.160336 80.866295 1.056412 -0.077333 2.728324 177.445587 179.340530 175.117874 35.922112 46.185871 12.797699 0.000027 -0.000007 15.144787 0.000024 -0.000002 10.086411 0.000000 -0.000000 0.000000 15.000079 0.000048 32.155678 0.000018 0.000062 26.309160 180.000000 179.999954 -161.583588 0.000000 -0.000000 0.000000 0.000179 0.000120 34.603481 0.000080 0.000200 34.603504 179.999969 179.999847 -156.954102 0.000000 -0.000000 0.000000 170.000000 -179.999985 -149.986053 179.999985 -179.999985 -149.986069 0.000002 -0.000011 19.989279 0.000000 -0.000000 0.000000 160.000076 179.999954 -158.637497 0.000074 0.000096 32.043751 0.000003 0.000072 21.341145 175.100189 -178.313217 179.235962 176.167145 176.818298 106.274063 173.388092 178.422394 178.517334 7.238523 0.826141 -3.107847 128.189468 122.395294 153.034012 0.000042 0.000031 -12.506595 0.000030 0.000012 -8.329370 0.000000 -0.000000 0.000000 164.999969 -179.999985 150.689041 179.999969 179.999985 156.018280 179.999985 179.999985 163.212814 0.000000 -0.000000 0.000000 0.000030 0.000005 -31.730095 0.000019 -0.000018 -31.730095 0.000012 -0.000010 -21.132259 0.000000 -0.000000 0.000000 10.000043 0.000004 -30.524225 0.000034 -0.000022 -30.524208 0.000005 -0.000030 -20.329130 0.000000 -0.000000 0.000000 20.000015 0.000008 -24.362116 0.000037 -0.000024 -36.543171 0.000022 -0.000023 -24.337738
-56.744610 98.298218 -0.225998 97.926659 174.363968 -170.583054 172.609512 -164.775177 178.195938 176.741684 169.500977 176.903427 8.832603 -0.759825 -4.963178 151.516907 -121.617935 -157.634171 176.008942 79.962456 145.551041 173.854614 -161.724808 -170.555862 179.965210 176.896210 178.806900 179.965225 176.956375 178.012817 0.023370 2.191111 -2.590991 179.999985 -177.039978 -179.898239 179.999985 -176.546631 -179.894608 168.772903 -177.512009 -179.442642 6.240983 1.384455 -2.061042 9.890129 -1.223842 80.803841 1.059985 -0.013252 2.789397 177.438660 179.263840 175.086700 35.767395 46.112717 12.579201 179.999985 179.999985 -164.883362 179.999985 -180.000000 -169.932327 0.000002 -0.000005 -0.000002 15.000055 0.000047 32.119644 0.000025 0.000063 26.279726 0.000016 0.000033 18.395792 0.000002 -0.000005 -0.000002 0.000074 0.000037 34.482601 0.000041 0.000073 34.482624 179.999985 179.999954 -157.034592 0.000002 -0.000005 -0.000002 170.000000 179.999985 -149.980927 180.000000 179.999985 -149.980911 0.000009 -0.000005 19.992706 0.000002 -0.000005 -0.000002 160.000076 179.999969 -158.664719 0.000088 0.000096 32.002937 0.000012 0.000085 21.313942 175.110153 -178.323761 179.218567 176.277390 176.801788 106.204384 173.466736 178.330353 178.488144 7.262825 0.972783 -3.080010 128.101257 122.351814 152.931274 0.000094 0.000076 -12.505859 0.000078 0.000044 -8.328902 0.000003 -0.000003 0.000003 165.000015 179.999985 150.647751 0.000026 -0.000007 -24.015457 180.000000 -179.999985 163.189178 0.000003 -0.000003 0.000003 0.000050 0.000012 -31.724203 0.000036 -0.000038 -31.724207 0.000022 -0.000025 -21.128328 0.000003 -0.000003 0.000003 10.000074 0.000011 -30.511736 0.000047 -0.000030 -30.511719 0.000026 -0.000027 -20.320822 0.000003 -0.000003 0.000003 20.000019 -0.000003 -24.356049 0.000056 -0.000028 -36.534107 0.000012 -0.000039 -24.331722
-56.975639 98.318016 -0.160244 97.718445 174.614517 -170.723526 172.649902 -165.266800 178.158157 176.873520 169.576477 177.072754 8.796333 -0.916544 -4.743651 152.423203 -122.497520 -158.595688 162.704880 83.185349 133.085312 174.216354 -163.072342 -171.412537 179.979965 176.849289 178.830948 179.979980 176.910172 178.052353 0.091256 2.229430 -2.536153 179.999985 -177.027237 -179.910721 180.000000 -176.531769 -179.907532 168.808304 -177.499405 -179.449570 6.168752 1.368546 -2.005573 9.842385 -1.236753 80.716454 1.042582 0.026795 2.858256 177.439987 179.225677 175.053070 35.528160 45.927486 12.309672 179.999985 179.999985 -164.878845 179.999985 179.999985 -169.929321 180.000000 179.999985 -179.999985 15.000075 0.000039 32.092297 0.000027 0.000055 26.257317 0.000007 0.000046 18.380125 180.000000 179.999985 -179.999985 0.000074 0.000036 34.450523 0.000042 0.000067 34.450497 179.999985 179.999954 -157.055954 180.000000 179.999985 -179.999985 170.000015 179.999985 -149.976379 0.000014 0.000012 30.023605 180.000000 179.999985 -160.004288 180.000000 179.999985 -179.999985 160.000122 179.999954 -158.690155 0.000136 0.000114 31.964760 0.000025 0.000117 21.288551 175.116211 -178.330688 179.199875 176.387756 176.789062 106.120079 173.544800 178.223602 178.467728 7.288646 1.135231 -3.052947 127.926353 122.292694 152.782120 0.000118 0.000132 -12.481308 0.000091 0.000065 -8.312546 180.000000 -179.999985 180.000000 165.000015 -179.999985 150.660797 180.000000 -179.999985 155.995209 0.000004 -0.000005 -16.803364 180.000000 -179.999985 180.000000 0.000051 0.000000 -31.707142 0.000043 -0.000038 -31.707138 0.000026 -0.000026 -21.116955 180.000000 -179.999985 180.000000 10.000065 -0.000007 -30.494658 0.000080 -0.000035 -30.494637 0.000006 -0.000054 -20.309450 180.000000 -179.999985 180.000000 20.000031 -0.000009 -24.338366 0.000047 -0.000017 -36.507557 0.000007 -0.000033 -24.314032
-57.219730 98.325768 -0.098203 97.473228 174.917831 -170.897781 172.890839 -165.803345 178.145493 176.767838 169.539825 177.177994 8.815230 -1.174283 -4.547768 153.540329 -123.533585 -159.762817 132.793823 85.420311 104.131645 174.066833 -164.033600 -171.984802 179.999893 176.773956 178.860672 179.999908 176.835983 178.101089 0.184211 2.289464 -2.467941 180.000000 -177.003601 -179.916885 179.999985 -176.504211 -179.913925 168.828857 -177.478546 -179.450150 6.077688 1.327994 -1.950047 9.842220 -1.247217 80.626099 1.044578 -0.051383 2.877607 177.444916 179.199036 174.983658 35.565777 46.184784 12.427670 179.999878 179.999939 -164.886490 179.999908 179.999985 -169.934402 0.000000 0.000002 0.000003 14.999976 -0.000018 32.034725 179.999985 -179.999969 -153.789795 180.000000 -179.999985 -161.652893 0.000000 0.000002 0.000003 179.999771 -179.999924 -145.643967 179.999847 -179.999802 -145.643982 180.000000 -179.999832 -157.118896 0.000000 0.000002 0.000003 170.000122 179.999969 -149.963409 0.000069 0.000086 30.036570 0.000020 0.000073 20.004358 0.000000 0.000002 0.000003 160.000000 -180.000000 -158.749695 179.999985 179.999985 -148.124557 0.000002 -0.000007 21.229053 175.093750 -178.320526 179.192398 176.469711 176.791412 106.014877 173.640060 178.123032 178.462906 7.308718 1.290823 -3.038470 127.652588 122.291367 152.616898 0.000063 0.000084 -12.422657 0.000056 0.000049 -8.273512 180.000000 -180.000000 180.000000 165.000015 -180.000000 150.662201 0.000015 -0.000004 -24.003679 0.000011 -0.000001 -16.802568 180.000000 -180.000000 180.000000 0.000038 0.000002 -31.683773 0.000046 -0.000012 -31.683765 0.000012 -0.000026 -21.101387 180.000000 -180.000000 180.000000 10.000038 0.000012 -30.457954 0.000050 -0.000016 -30.457949 0.000029 -0.000026 -20.284986 180.000000 -180.000000 180.000000 20.000038 0.000015 -24.330503 0.000054 -0.000018 -36.495743 0.000031 -0.000028 -24.306168
-57.453621 98.320862 -0.039344 97.261208 175.183334 -171.045410 173.191406 -166.207642 178.142670 176.614258 169.520081 177.234955 8.805063 -1.321498 -4.348791 154.598236 -124.495262 -160.880341 89.190010 85.452080 61.537155 173.751236 -164.936920 -172.455612 0.005394 3.262232 -1.107545 0.005397 3.199538 -1.846168 0.206472 2.317020 -2.398013 179.999985 -177.001083 -179.925049 179.999985 -176.501266 -179.922394 168.916946 -177.474564 -179.458710 6.044143 1.344340 -1.925283 9.888634 -1.246894 80.543091 1.034827 -0.153219 2.869643 177.446609 179.214157 174.917053 35.322018 46.036945 12.193593 179.999985 179.999985 -164.869858 179.999985 179.999985 -169.923325 180.000000 180.000000 -180.000000 14.999939 -0.000019 32.044544 179.999954 -179.999969 -153.781754 179.999985 -179.999969 -161.647232 180.000000 180.000000 -180.000000 0.000106 0.000026 34.515816 0.000078 0.000089 34.515797 0.000005 0.000075 22.987534 180.000000 180.000000 -180.000000 169.999878 -179.999969 -150.043335 179.999924 -179.999924 -150.043335 179.999985 -179.999924 -160.048859 180.000000 180.000000 -180.000000 159.999969 -180.000000 -158.751862 179.999985 -179.999985 -148.127823 0.000001 -0.000014 21.226894 175.122787 -178.376587 179.156876 176.550797 176.803146 105.884453 173.747025 178.017654 178.476273 7.312791 1.441696 -3.046527 127.511459 122.365295 152.581818 0.000048 0.000068 -12.378995 0.000040 0.000033 -8.244414 180.000000 180.000000 -180.000000 164.999985 179.999985 150.675766 179.999985 179.999985 156.007431 180.000000 179.999985 163.205200 180.000000 180.000000 -180.000000 0.000023 -0.000001 -31.661896 0.000027 -0.000007 -31.661888 0.000005 -0.000009 -21.086832 180.000000 180.000000 -180.000000 10.000036 0.000007 -30.437611 0.000039 -0.000012 -30.437614 0.000022 -0.000024 -20.271444 180.000000 180.000000 -180.000000 19.999981 -0.000001 -24.299873 179.999985 179.999985 143.550186 179.999985 179.999985 155.724426
-57.684296 98.307785 0.019408 97.051041 175.434021 -171.187332 173.452118 -166.587830 178.169220 176.409607 169.427399 177.245209 8.881249 -1.529103 -4.170315 156.300659 -125.773483 -162.787125 58.513615 83.213593 32.169174 173.319199 -165.731628 -172.831345 0.008404 3.288539 -1.074556 0.008487 3.225333 -1.791337 0.216550 2.336698 -2.326013 179.999985 -177.003693 -179.930618 179.999985 -176.504318 -179.928131 169.017731 -177.475113 -179.467041 6.012546 1.354923 -1.916404 9.963582 -1.211744 80.481018 1.030675 -0.294322 2.831054 177.444778 179.236710 174.850159 35.781948 46.435253 13.146059 0.000022 -0.000013 15.331215 0.000015 -0.000002 10.210586 180.000000 180.000000 -180.000000 14.999924 -0.000025 32.074074 179.999969 -179.999969 -153.757599 179.999985 -179.999969 -161.630295 180.000000 180.000000 -180.000000 179.999924 -179.999985 -145.565140 179.999969 -179.999939 -145.565140 179.999985 -179.999954 -157.066391 180.000000 180.000000 -180.000000 169.999893 -179.999985 -150.006424 179.999924 -179.999908 -150.006424 179.999985 -179.999939 -160.024277 180.000000 180.000000 -180.000000 159.999969 -179.999985 -158.751099 179.999939 -179.999969 -148.126648 179.999985 -179.999969 -158.772354 175.149796 -178.438965 179.116486 176.605148 176.810272 105.739815 173.872665 177.941727 178.499161 7.297736 1.589290 -3.079088 127.372292 122.401031 152.540527 0.000010 0.000013 -12.333359 0.000008 0.000009 -8.214008 0.000000 -0.000000 0.000000 165.000000 179.999985 150.673630 179.999985 179.999985 156.005661 179.999985 179.999985 163.203949 0.000000 -0.000000 0.000000 0.000003 0.000001 -31.649168 0.000012 -0.000005 -31.649183 0.000018 -0.000004 -21.078350 0.000000 -0.000000 0.000000 9.999878 -0.000033 -30.381819 179.999893 179.999954 149.618195 179.999954 179.999939 159.765717 0.000000 -0.000000 0.000000 19.999985 -0.000009 -24.310032 179.999985 179.999985 143.534943 179.999985 179.999985 155.714264
-57.912128 98.285355 0.070513 96.745049 175.786072 -171.390015 173.915054 -166.951492 178.268311 176.070892 169.137177 177.183502 8.956477 -1.789572 -4.014768 158.216843 -127.276627 -164.794174 43.049187 80.127129 18.253473 172.925797 -166.541138 -173.222260 0.022017 3.349592 -1.030500 0.022074 3.285379 -1.718397 0.275866 2.384191 -2.227563 0.000014 -2.986031 0.067240 180.000000 -176.516296 -179.930344 169.131470 -177.482452 -179.475037 5.975479 1.346692 -1.919566 10.031096 -1.201128 80.429070 0.970118 -0.392955 2.775102 177.435806 179.287308 174.789001 35.304527 46.069214 12.518596 179.999893 179.999939 -164.705688 179.999924 179.999985 -169.813980 180.000000 -179.999985 180.000000 14.999934 -0.000007 32.109684 179.999969 -179.999969 -153.728439 179.999985 -179.999969 -161.609909 180.000000 -179.999985 180.000000 179.999939 -179.999985 -145.533630 179.999954 -179.999969 -145.533630 179.999985 -179.999954 -157.045410 180.000000 -179.999985 180.000000 169.999878 -179.999985 -149.964706 179.999924 -179.999939 -149.964706 179.999985 -179.999924 -159.996506 180.000000 -179.999985 180.000000 159.999939 -179.999985 -158.740295 179.999924 -179.999954 -148.110443 179.999985 -179.999954 -158.761551 175.174622 -178.503036 179.076889 176.638275 176.793533 105.590828 173.997437 177.884430 178.523209 7.271419 1.716422 -3.145112 127.287132 122.441048 152.485504 0.000007 0.000008 -12.323207 0.000005 0.000005 -8.207255 180.000000 -179.999985 -179.999985 165.000000 -179.999985 150.660233 180.000000 179.999985 155.994720 179.999985 179.999985 163.196320 180.000000 -179.999985 -179.999985 0.000019 -0.000005 -31.642387 0.000013 0.000004 -31.642418 180.000000 -179.999985 158.926163 180.000000 -179.999985 -179.999985 10.000026 0.000008 -30.477779 0.000030 -0.000031 -30.477776 0.000004 -0.000022 -20.298201 180.000000 -179.999985 -179.999985 20.000002 -0.000009 -24.317589 0.000006 -0.000012 -36.476395 0.000003 0.000001 -24.293293
-58.138664 98.257713 0.112805 96.478912 176.048660 -171.556122 174.594116 -167.198288 178.339996 175.482254 168.790695 177.079651 9.044136 -2.077252 -3.887962 160.142578 -128.810349 -166.845535 34.947304 77.332176 11.612222 172.310516 -166.621719 -173.264801 0.029024 3.370702 -0.990872 0.029117 3.306142 -1.652630 0.303077 2.401124 -2.140223 0.000021 -2.964631 0.070095 0.000032 -3.458733 0.072614 169.255905 -177.499725 -179.482193 5.995077 1.377764 -1.945757 10.019456 -1.223212 80.403374 0.908839 -0.507530 2.697089 177.421921 179.317856 174.719635 35.260872 46.027279 12.623172 179.999985 179.999985 -164.626266 179.999985 179.999985 -169.761093 0.000000 -0.000000 0.000000 14.999980 -0.000000 32.156593 180.000000 -179.999985 -153.690048 180.000000 -179.999985 -161.583038 0.000000 -0.000000 0.000000 179.999985 -179.999985 -145.491287 179.999985 -179.999985 -145.491287 0.000001 -0.000014 22.982813 0.000000 -0.000000 0.000000 169.999969 -179.999985 -149.904175 179.999969 -179.999985 -149.904160 180.000000 -179.999985 -159.956192 0.000000 -0.000000 0.000000 160.000015 179.999985 -158.702423 180.000000 180.000000 -148.053635 0.000003 -0.000004 21.276283 175.200470 -178.570587 179.037842 176.561386 176.817474 105.420662 174.206497 177.910110 178.567627 7.240342 1.823294 -3.242861 127.223175 122.458595 152.429520 0.000010 0.000012 -12.320942 0.000013 0.000008 -8.205749 0.000000 0.000003 0.000000 165.000015 -179.999985 150.646484 180.000000 -180.000000 155.983490 0.000007 -0.000002 -16.811550 0.000000 0.000003 0.000000 0.000027 -0.000001 -31.638115 0.000018 -0.000002 -31.638126 0.000012 -0.000008 -21.070984 0.000000 0.000003 0.000000 10.000067 0.000000 -30.465342 0.000072 -0.000019 -30.465342 0.000022 -0.000043 -20.289923 0.000000 0.000003 0.000000 20.000019 0.000007 -24.321367 0.000031 -0.000011 -36.482067 0.000011 -0.000019 -24.297052
-58.366119 98.227982 0.142622 96.200623 176.289139 -171.719131 175.307816 -167.392624 178.438858 174.998962 168.407822 176.970856 9.008021 -2.367611 -3.774036 162.014908 -130.499069 -168.837967 28.664286 74.441994 6.866882 172.134308 -166.929565 -173.455734 0.034779 3.373093 -0.949285 0.034836 3.308528 -1.583543 0.323097 2.404273 -2.048989 0.000047 -2.926690 0.076119 0.000038 -3.414468 0.078853 169.399124 -177.531265 -179.490738 6.029085 1.418140 -1.977591 9.998469 -1.234307 80.379036 0.816347 -0.554821 2.639282 177.408417 179.387070 174.671875 35.236588 46.034180 12.656892 0.000003 -0.000003 15.399722 0.000003 -0.000000 10.256220 180.000000 -179.999985 180.000000 14.999991 0.000001 32.176769 0.000008 0.000003 26.326439 0.000001 0.000003 18.428516 180.000000 -179.999985 180.000000 0.000010 -0.000003 34.528759 180.000000 179.999985 -145.471237 0.000001 0.000006 22.996157 180.000000 -179.999985 180.000000 169.999939 -179.999985 -149.894592 179.999954 -179.999954 -149.894608 179.999985 -179.999954 -159.949814 180.000000 -179.999985 180.000000 160.000000 -179.999985 -158.700989 0.000009 0.000008 31.948517 0.000005 0.000006 21.277710 175.241989 -178.649002 178.994202 176.460541 176.832809 105.249451 174.431854 177.959793 178.611603 7.206941 1.934276 -3.365192 127.157837 122.457535 152.381180 0.000022 0.000020 -12.311193 0.000019 0.000012 -8.199252 180.000000 -180.000000 180.000000 165.000015 179.999985 150.643845 0.000006 -0.000013 -24.018688 0.000011 -0.000004 -16.813078 180.000000 -180.000000 180.000000 0.000022 0.000004 -31.623270 0.000028 -0.000012 -31.623281 0.000010 -0.000019 -21.061104 180.000000 -180.000000 180.000000 10.000071 0.000008 -30.420406 0.000065 -0.000030 -30.420416 0.000035 -0.000042 -20.259989 180.000000 -180.000000 180.000000 19.999969 -0.000002 -24.293535 179.999969 179.999985 143.559677 179.999985 179.999985 155.730743
-58.607101 98.199638 0.164128 95.918144 176.508636 -171.875473 175.970306 -167.587524 178.544266 174.666321 167.953827 176.875763 8.879222 -2.755427 -3.669709 163.736023 -132.426239 -170.688431 23.422516 71.409294 3.171151 172.189621 -167.150696 -173.675583 0.046122 3.381066 -0.910347 0.046211 3.316458 -1.519089 0.369928 2.412652 -1.962207 0.000082 -2.894081 0.089114 0.000074 -3.376418 0.092316 169.497772 -177.559448 -179.492233 6.017558 1.408160 -1.992076 9.969250 -1.240107 80.339111 0.720908 -0.597390 2.590143 177.360291 179.332001 174.654770 35.208893 46.023445 12.608712 179.999985 179.999985 -164.610428 179.999985 -180.000000 -169.750549 0.000000 -0.000003 -0.000003 14.999976 0.000003 32.162415 179.999985 -179.999985 -153.685287 179.999985 -179.999985 -161.579712 0.000000 -0.000003 -0.000003 179.999985 179.999985 -145.486725 180.000000 -179.999985 -145.486740 179.999985 -179.999985 -157.014160 0.000000 -0.000003 -0.000003 170.000031 179.999985 -149.811172 0.000025 0.000009 30.188818 0.000004 0.000024 20.105764 0.000000 -0.000003 -0.000003 160.000000 179.999985 -158.709137 179.999985 -179.999985 -148.063736 179.999985 -180.000000 -158.730438 175.240753 -178.675323 178.973221 176.326370 176.851089 105.076012 174.638123 177.913757 178.655289 7.214305 1.929307 -3.518620 127.086777 122.437531 152.347824 0.000020 0.000020 -12.287941 0.000015 0.000010 -8.183764 0.000000 -0.000000 0.000000 165.000015 -179.999985 150.658096 0.000010 0.000000 -24.007015 0.000008 -0.000006 -16.804914 0.000000 -0.000000 0.000000 0.000034 0.000001 -31.603214 0.000034 -0.000008 -31.603210 0.000017 -0.000016 -21.047743 0.000000 -0.000000 0.000000 10.000064 0.000002 -30.362900 0.000055 -0.000019 -30.362885 0.000024 -0.000039 -20.221684 0.000000 -0.000000 0.000000 20.000057 0.000002 -24.337152 0.000091 -0.000035 -36.505737 0.000032 -0.000052 -24.312826
-58.845158 98.169052 0.175205 95.625458 176.712631 -172.023560 176.682404 -167.750595 178.652039 174.322205 167.607315 176.783890 8.734077 -3.024912 -3.568899 164.764191 -134.228104 -171.794861 19.106270 68.687080 0.085372 172.513351 -167.294876 -173.942673 0.057509 3.380712 -0.871099 0.057594 3.316189 -1.454119 0.416417 2.414828 -1.874799 0.000097 -2.854291 0.102530 0.000087 -3.330005 0.106212 169.597702 -177.593735 -179.494583 6.001597 1.399229 -1.997570 9.932961 -1.253681 80.268387 0.619202 -0.623231 2.556182 177.334625 179.367889 174.623917 35.155666 45.942772 12.584493 180.000000 179.999985 -164.583954 180.000000 -180.000000 -169.732910 0.000000 -0.000003 -0.000002 14.999990 -0.000008 32.192715 0.000002 -0.000006 26.339508 0.000003 -0.000005 18.437653 0.000000 -0.000003 -0.000002 0.000002 0.000000 34.532188 0.000010 -0.000003 34.532192 0.000000 0.000001 22.998436 0.000000 -0.000003 -0.000002 170.000000 179.999985 -149.846939 180.000000 -179.999985 -149.846924 0.000002 -0.000009 20.081947 0.000000 -0.000003 -0.000002 160.000015 -180.000000 -158.694519 0.000006 0.000002 31.958227 180.000000 179.999985 -158.715805 175.247253 -178.701157 178.948914 176.192139 176.884201 104.898468 174.843628 177.843445 178.704559 7.235397 1.917892 -3.680979 127.030617 122.406143 152.337616 0.000016 0.000016 -12.258985 0.000013 0.000008 -8.164485 0.000002 0.000002 0.000000 165.000015 179.999985 150.676163 180.000000 -179.999985 156.007782 0.000011 -0.000004 -16.794561 0.000002 0.000002 0.000000 0.000005 0.000007 -31.562984 0.000007 -0.000011 -31.562973 0.000005 -0.000008 -21.020933 0.000002 0.000002 0.000000 10.000035 0.000008 -30.293453 0.000042 -0.000010 -30.293444 0.000017 -0.000019 -20.175438 0.000002 0.000002 0.000000 20.000032 0.000011 -24.273567 0.000050 -0.000020 -36.410336 0.000031 -0.000028 -24.249289
-59.084141 98.135735 0.193326 95.406731 176.857681 -172.130997 177.142151 -167.932602 178.700623 174.277054 167.285065 176.773941 8.495253 -3.363539 -3.471522 165.222610 -135.994949 -172.519501 15.747281 66.022652 -2.321709 173.066559 -167.384460 -174.236069 0.057302 3.354408 -0.834831 0.057351 3.290401 -1.393636 0.408233 2.396066 -1.796194 0.000089 -2.810510 0.113056 0.000105 -3.278928 0.117116 169.696045 -177.631119 -179.499100 5.974592 1.393253 -1.993564 9.905884 -1.228366 80.170242 0.558394 -0.658577 2.528712 177.308868 179.382751 174.595795 35.154568 45.969982 12.601672 0.000000 -0.000000 15.419822 180.000000 180.000000 -169.730408 0.000000 0.000000 -0.000002 15.000000 0.000004 32.197701 0.000005 -0.000007 26.343565 180.000000 180.000000 -161.559509 0.000000 0.000000 -0.000002 0.000004 0.000001 34.526054 0.000003 -0.000001 34.526070 180.000000 -180.000000 -157.005646 0.000000 0.000000 -0.000002 170.000000 -179.999985 -149.841507 180.000000 -179.999985 -149.841507 180.000000 -179.999985 -159.914444 0.000000 0.000000 -0.000002 160.000015 179.999985 -158.702728 0.000008 0.000005 31.945932 0.000007 0.000002 21.275990 175.262085 -178.728119 178.913712 176.080765 176.938248 104.715027 175.045227 177.738831 178.760345 7.265738 1.907799 -3.838714 126.992546 122.383606 152.353439 0.000015 0.000010 -12.227737 0.000011 0.000008 -8.143679 0.000000 -0.000005 -0.000002 165.000015 180.000000 150.695862 180.000000 -179.999985 156.023895 0.000008 -0.000008 -16.783272 0.000000 -0.000005 -0.000002 0.000019 0.000002 -31.553776 0.000023 -0.000006 -31.553753 0.000009 -0.000012 -21.014807 0.000000 -0.000005 -0.000002 10.000028 0.000001 -30.228470 0.000023 -0.000020 -30.228474 0.000013 -0.000017 -20.132158 0.000000 -0.000005 -0.000002 20.000031 -0.000000 -24.216808 0.000036 -0.000010 -36.325211 0.000018 -0.000017 -24.192579
-59.313469 98.096947 0.224947 95.131668 177.027405 -172.246140 177.380920 -168.150192 178.755112 174.522736 167.032166 176.819931 8.250862 -3.648475 -3.376348 165.256393 -137.764832 -172.872467 13.277336 63.487167 -4.158620 173.762833 -167.445236 -174.511841 0.064043 3.338568 -0.795852 0.064114 3.274886 -1.328922 0.432584 2.385861 -1.710446 0.000076 -2.766741 0.118068 0.000090 -3.227861 0.122307 169.792068 -177.667923 -179.506760 5.937983 1.386608 -1.981710 9.858459 -1.205882 80.037460 0.503178 -0.660825 2.515861 177.284592 179.397064 174.568909 35.110874 45.959129 12.560093 0.000001 -0.000002 15.419837 0.000002 -0.000000 10.269605 180.000000 180.000000 -180.000000 15.000004 0.000001 32.206417 180.000000 -179.999985 -153.649307 180.000000 -180.000000 -161.554520 180.000000 180.000000 -180.000000 180.000000 -179.999985 -145.475647 0.000003 -0.000001 34.524330 179.999985 180.000000 -157.006790 180.000000 180.000000 -180.000000 170.000000 -180.000000 -149.828293 180.000000 180.000000 -149.828293 0.000003 -0.000001 20.094357 180.000000 180.000000 -180.000000 160.000015 -179.999985 -158.716003 0.000006 0.000009 31.926018 0.000001 0.000003 21.262724 175.283859 -178.751724 178.871506 176.054764 176.967316 104.539986 175.186401 177.578033 178.798660 7.298947 1.915992 -3.976219 126.972069 122.365601 152.410019 0.000008 0.000006 -12.185925 0.000002 0.000004 -8.115809 0.000000 -0.000000 0.000000 165.000015 -179.999985 150.723175 0.000000 -0.000002 -23.953779 0.000004 -0.000000 -16.767649 0.000000 -0.000000 0.000000 0.000004 -0.000002 -31.506262 0.000013 0.000004 -31.506290 0.000007 -0.000002 -20.983183 0.000000 -0.000000 0.000000 10.000009 0.000001 -30.162249 0.000012 -0.000004 -30.162252 0.000008 -0.000006 -20.088053 0.000000 -0.000000 0.000000 20.000008 -0.000002 -24.161543 0.000017 0.000009 -36.242332 0.000005 -0.000009 -24.137384
-59.532005 98.053932 0.260954 94.853279 177.198334 -172.356476 177.536316 -168.350220 178.796188 174.783615 166.814606 176.889511 8.088135 -3.897594 -3.293057 165.055420 -139.528244 -173.026825 11.013233 60.968224 -5.861804 174.668732 -167.467789 -174.795959 0.070530 3.323165 -0.756213 0.070508 3.259884 -1.263163 0.455891 2.375986 -1.623455 0.000030 -2.720860 0.121291 0.000055 -3.174335 0.125625 169.886856 -177.706497 -179.515518 5.892550 1.378361 -1.966265 9.808051 -1.186704 79.884933 0.447438 -0.649650 2.507416 177.281708 179.475235 174.535583 35.090416 45.999210 12.575042 179.999924 179.999969 -164.571533 179.999954 179.999985 -169.724625 180.000000 -180.000000 -179.999985 14.999935 -0.000029 32.212418 179.999969 -179.999969 -153.644363 179.999985 -179.999969 -161.551086 180.000000 -180.000000 -179.999985 179.999954 -179.999985 -145.476761 179.999985 -179.999954 -145.476776 179.999985 -179.999985 -157.007538 180.000000 -180.000000 -179.999985 169.999832 -179.999985 -149.810638 179.999878 -179.999893 -149.810669 179.999969 -179.999893 -159.893906 180.000000 -180.000000 -179.999985 160.000046 179.999985 -158.800064 0.000067 0.000034 31.799883 0.000023 0.000048 21.178719 175.313095 -178.777054 178.820419 176.047806 177.006287 104.361298 175.329025 177.412170 178.837524 7.328465 1.952852 -4.104020 126.480202 122.195839 152.089355 0.000113 0.000082 -12.064696 0.000085 0.000034 -8.035110 180.000000 180.000000 -179.999985 165.000092 179.999969 150.754471 0.000083 -0.000012 -23.928141 0.000053 -0.000030 -16.749704 180.000000 180.000000 -179.999985 0.000110 0.000036 -31.458988 0.000115 -0.000031 -31.458973 0.000045 -0.000056 -20.951681 180.000000 180.000000 -179.999985 10.000152 0.000071 -30.087954 0.000155 -0.000036 -30.087940 0.000090 -0.000076 -20.038589 180.000000 180.000000 -179.999985 20.000128 0.000049 -24.107182 0.000210 -0.000032 -36.160751 0.000096 -0.000091 -24.083101
-59.732567 97.997757 0.324919 94.647552 177.323227 -172.424530 177.539581 -168.556595 178.823090 175.082535 166.562271 176.916855 7.966802 -4.256385 -3.232516 164.252975 -140.991776 -172.945053 10.393222 58.841404 -6.476356 175.429138 -167.576416 -174.975769 0.066194 3.289594 -0.720260 0.066200 3.226847 -1.203046 0.428326 2.350665 -1.546735 0.000040 -2.685358 0.112115 0.000029 -3.132916 0.116128 169.977219 -177.734848 -179.529999 5.843474 1.380449 -1.950950 9.682620 -1.188846 79.708679 0.399770 -0.595604 2.522333 177.264420 179.472870 174.485748 34.983498 45.952293 12.477783 179.999893 179.999954 -164.565338 179.999924 179.999985 -169.720505 0.000000 -0.000000 0.000000 14.999939 -0.000008 32.220310 179.999969 -179.999939 -153.637955 179.999985 -179.999954 -161.546555 0.000000 -0.000000 0.000000 179.999924 -179.999985 -145.474792 179.999954 -179.999939 -145.474808 179.999985 -179.999954 -157.006226 0.000000 -0.000000 0.000000 169.999771 -179.999969 -149.798111 179.999832 -179.999832 -149.798157 179.999954 -179.999847 -159.885544 0.000000 -0.000000 0.000000 160.000046 179.999985 -158.810455 0.000035 0.000018 31.784353 0.000007 0.000020 21.168375 175.381180 -178.831635 178.748611 176.063751 177.078812 104.207443 175.459152 177.323029 178.853760 7.366458 2.043895 -4.169640 126.486389 122.172867 152.206589 0.000025 0.000022 -12.005578 0.000020 0.000009 -7.995729 180.000000 180.000000 -179.999985 165.000031 179.999985 150.792618 0.000045 0.000003 -23.896935 0.000012 -0.000014 -16.727865 180.000000 180.000000 -179.999985 0.000046 0.000011 -31.425356 0.000062 -0.000006 -31.425348 0.000034 -0.000016 -20.929296 180.000000 180.000000 -179.999985 10.000123 0.000044 -30.047487 0.000131 -0.000002 -30.047508 0.000058 -0.000056 -20.011623 180.000000 180.000000 -179.999985 20.000088 0.000033 -24.070515 0.000140 0.000017 -36.105755 0.000076 -0.000061 -24.046453
-59.929836 97.937675 0.393268 94.311005 177.530380 -172.532913 177.548508 -168.881516 178.944946 175.271591 166.458786 176.873657 8.049658 -4.493469 -3.191910 163.433334 -142.472092 -172.846725 10.599971 56.889610 -6.493761 175.999222 -167.756912 -175.105103 0.080064 3.290988 -0.679544 0.080074 3.228328 -1.135709 0.486650 2.353932 -1.455522 0.000022 -2.656451 0.097597 0.000002 -3.099197 0.101090 170.069656 -177.757050 -179.546753 5.801691 1.386426 -1.937398 9.535105 -1.197618 79.527786 0.356203 -0.550752 2.552391 177.250198 179.483353 174.417328 34.877350 45.925297 12.401178 179.999847 179.999939 -164.553085 179.999893 179.999985 -169.712357 0.000000 -0.000000 0.000000 14.999869 -0.000028 32.225689 179.999924 -179.999939 -153.633530 179.999985 -179.999924 -161.543472 0.000000 -0.000000 0.000000 179.999847 -179.999985 -145.468628 179.999893 -179.999908 -145.468628 179.999985 -179.999908 -157.002106 0.000000 -0.000000 0.000000 169.999741 -179.999954 -149.767593 179.999802 -179.999832 -149.767593 179.999954 -179.999847 -159.865234 0.000000 -0.000000 0.000000 159.999969 -179.999985 -158.821259 179.999969 -179.999985 -148.231873 179.999985 -179.999969 -158.842438 175.353485 -178.816650 178.742523 176.201035 177.089340 103.991814 175.570190 177.229294 178.863190 7.348774 2.191781 -4.227562 126.746620 122.241997 152.522354 0.000021 0.000012 -11.993169 0.000019 0.000009 -7.987436 0.000003 -0.000000 0.000002 165.000015 179.999985 150.803879 0.000019 -0.000008 -23.887703 0.000011 -0.000003 -16.721405 0.000003 -0.000000 0.000002 0.000041 0.000026 -31.411879 0.000052 0.000006 -31.411913 0.000041 -0.000015 -20.920305 0.000003 -0.000000 0.000002 10.000109 0.000061 -30.020710 0.000121 -0.000001 -30.020697 0.000086 -0.000033 -19.993792 0.000003 -0.000000 0.000002 20.000032 0.000050 -24.049141 0.000108 0.000006 -36.073750 0.000059 -0.000029 -24.025101
-60.132133 97.879349 0.460672 94.092880 177.674271 -172.594025 177.443405 -169.223450 179.058151 175.447479 166.481064 176.804016 8.149137 -4.690171 -3.161456 162.461151 -143.804596 -172.789444 11.279189 55.060062 -6.176893 176.467056 -168.037399 -175.275711 0.076748 3.266083 -0.645113 0.076772 3.203846 -1.078176 0.464629 2.335160 -1.381730 0.000045 -2.623979 0.077074 0.000029 -3.061314 0.079847 170.185699 -177.781494 -179.568542 5.767752 1.400765 -1.926610 9.371806 -1.213065 79.356720 0.319052 -0.516253 2.584686 177.233704 179.503403 174.332031 34.806198 45.898899 12.391500 179.999863 179.999954 -164.522400 179.999908 179.999985 -169.691910 0.000000 0.000003 0.000000 14.999840 -0.000037 32.243839 179.999908 -179.999908 -153.618668 179.999985 -179.999908 -161.533066 0.000000 0.000003 0.000000 179.999847 -179.999969 -145.449478 179.999893 -179.999878 -145.449493 179.999985 -179.999893 -156.989365 0.000000 0.000003 0.000000 169.999725 -179.999954 -149.730606 179.999786 -179.999832 -149.730606 179.999954 -179.999817 -159.840576 0.000000 0.000003 0.000000 159.999939 -179.999985 -158.821472 179.999908 -179.999954 -148.232208 179.999985 -179.999939 -158.842651 175.318542 -178.802994 178.740631 176.364532 177.098862 103.780159 175.657700 177.126816 178.873642 7.335029 2.312818 -4.275723 126.925964 122.268852 152.734619 0.000022 0.000007 -11.983959 0.000018 0.000005 -7.981314 180.000000 180.000000 -179.999985 165.000000 179.999985 150.813217 0.000010 0.000004 -23.880091 0.000026 0.000011 -16.716061 180.000000 180.000000 -179.999985 179.999969 -179.999985 148.618851 179.999954 -179.999985 148.618866 179.999985 179.999985 159.100159 180.000000 180.000000 -179.999985 10.000050 0.000045 -29.983400 0.000075 -0.000003 -29.983435 0.000046 -0.000027 -19.968945 180.000000 180.000000 -179.999985 20.000044 0.000013 -24.028200 0.000076 0.000025 -36.042347 0.000060 -0.000019 -24.004196
-60.338497 97.826210 0.524807 93.893944 177.805038 -172.647751 177.455383 -169.486633 179.158600 175.468719 166.456528 176.708939 8.266805 -4.853436 -3.142298 161.464859 -145.085571 -172.750320 12.596871 53.333767 -5.470050 176.603241 -168.417297 -175.462051 0.070651 3.236980 -0.612387 0.070643 3.175231 -1.023378 0.429783 2.313032 -1.312196 179.999985 -177.382477 -179.942291 179.999985 -176.946198 -179.940216 170.253143 -177.784470 -179.583755 5.744635 1.420157 -1.911844 9.195945 -1.228896 79.194756 0.288825 -0.490145 2.620107 177.219818 179.531479 174.233994 34.910572 46.115005 12.673993 0.000022 -0.000006 15.532573 0.000010 0.000002 10.344716 0.000000 -0.000000 0.000000 14.999864 -0.000025 32.272724 179.999908 -179.999908 -153.595047 179.999969 -179.999908 -161.516541 0.000000 -0.000000 0.000000 179.999863 -179.999985 -145.421860 179.999893 -179.999908 -145.421906 179.999985 -179.999908 -156.970963 0.000000 -0.000000 0.000000 169.999741 -179.999954 -149.684158 179.999802 -179.999847 -149.684174 179.999939 -179.999847 -159.809662 0.000000 -0.000000 0.000000 159.999893 -179.999985 -158.814957 179.999847 -179.999908 -148.222443 179.999954 -179.999893 -158.836151 175.280579 -178.786728 178.743393 176.529526 177.104187 103.575470 175.721985 177.018951 178.884445 7.327021 2.398405 -4.315603 127.086952 122.282761 152.931580 0.000019 0.000009 -11.970815 0.000012 0.000004 -7.972548 180.000000 -180.000000 180.000000 165.000015 179.999985 150.818390 0.000007 -0.000002 -23.875864 180.000000 -180.000000 163.286896 180.000000 -180.000000 180.000000 0.000025 0.000023 -31.408749 0.000026 0.000009 -31.408733 0.000006 -0.000013 -20.918224 180.000000 -180.000000 180.000000 10.000038 0.000036 -29.960175 0.000064 0.000024 -29.960157 0.000035 -0.000020 -19.953478 180.000000 -180.000000 180.000000 20.000042 0.000021 -24.011681 0.000073 0.000024 -36.017467 0.000049 -0.000017 -23.987654
-60.548729 97.780746 0.587046 93.713020 177.919586 -172.699005 177.263672 -169.834671 179.266724 175.779144 166.540268 176.660614 8.291257 -4.998028 -3.119276 160.443527 -146.324081 -172.708801 14.288666 51.690784 -4.570291 176.503464 -168.854797 -175.734116 0.062489 3.202649 -0.580182 0.062507 3.141470 -0.969351 0.385438 2.286952 -1.244175 179.999954 -177.384659 -179.963440 179.999969 -176.948761 -179.962128 170.321518 -177.783661 -179.599487 5.724522 1.443385 -1.893454 9.007202 -1.240914 79.047005 0.268862 -0.467270 2.651558 177.206772 179.556290 174.131943 34.497696 45.587105 12.029416 179.999786 179.999939 -164.511978 179.999847 -180.000000 -169.684967 0.000000 0.000000 -0.000002 14.999828 -0.000018 32.304306 179.999893 -179.999908 -153.569229 179.999969 -179.999908 -161.498444 0.000000 0.000000 -0.000002 179.999878 -179.999985 -145.392822 179.999908 -179.999908 -145.392807 179.999985 -179.999908 -156.951614 0.000000 0.000000 -0.000002 169.999756 -179.999985 -149.628693 179.999832 -179.999847 -149.628738 179.999954 -179.999847 -159.772720 0.000000 0.000000 -0.000002 159.999908 179.999985 -158.791611 179.999878 -179.999924 -148.187408 179.999954 -179.999908 -158.812820 175.240143 -178.767838 178.745621 176.651382 177.104294 103.385750 175.776077 176.961166 178.892136 7.319248 2.463605 -4.340661 127.232666 122.283813 153.109177 0.000000 -0.000001 -11.957366 180.000000 179.999985 172.036407 180.000000 -180.000000 -180.000000 165.000000 -179.999985 150.822693 0.000001 -0.000003 -23.872328 0.000004 -0.000002 -16.710636 180.000000 -180.000000 -180.000000 0.000024 0.000016 -31.399326 0.000019 -0.000005 -31.399315 0.000022 -0.000005 -20.911947 180.000000 -180.000000 -180.000000 10.000031 0.000032 -29.937279 0.000046 0.000012 -29.937279 0.000046 -0.000007 -19.938238 180.000000 -180.000000 -180.000000 20.000034 0.000035 -23.992704 0.000041 0.000006 -35.989029 0.000033 -0.000007 -23.968718
-60.759514 97.743973 0.646048 93.548668 178.016922 -172.750595 177.001129 -170.169952 179.358536 176.162552 166.670792 176.663589 8.308379 -5.097763 -3.110612 159.453018 -147.520645 -172.652573 16.115572 50.115948 -3.640777 176.231964 -169.322876 -176.110275 0.052700 3.162848 -0.547636 0.052722 3.102349 -0.914697 0.333287 2.256861 -1.175727 179.999954 -177.384308 -179.985413 179.999954 -176.948349 -179.984894 170.389542 -177.780640 -179.615341 5.700153 1.465011 -1.867806 8.828460 -1.245352 78.909096 0.251387 -0.462374 2.677881 177.193115 179.568741 174.035645 34.496605 45.579517 12.150351 179.999817 179.999969 -164.449417 179.999863 -179.999985 -169.643295 0.000000 -0.000000 0.000000 14.999797 -0.000038 32.337536 179.999878 -179.999893 -153.542007 179.999969 -179.999893 -161.479401 0.000000 -0.000000 0.000000 179.999863 -179.999985 -145.364014 179.999908 -179.999924 -145.364014 179.999985 -179.999924 -156.932419 0.000000 -0.000000 0.000000 169.999817 -179.999985 -149.575012 179.999847 -179.999878 -149.575043 179.999969 -179.999863 -159.736969 0.000000 -0.000000 0.000000 159.999893 -179.999985 -158.774551 179.999847 -179.999908 -148.161835 179.999954 -179.999893 -158.795761 175.174957 -178.727753 178.755920 176.766861 177.083740 103.191299 175.818832 176.920456 178.908035 7.291875 2.515832 -4.353518 127.448013 122.304031 153.324509 0.000007 -0.000002 -11.963917 0.000009 -0.000003 -7.967977 0.000000 -0.000000 0.000000 165.000015 179.999985 150.821823 180.000000 179.999985 156.126938 180.000000 180.000000 163.288849 0.000000 -0.000000 0.000000 0.000018 0.000012 -31.389875 0.000015 0.000010 -31.389883 0.000015 -0.000004 -20.905649 0.000000 -0.000000 0.000000 10.000020 0.000023 -29.913704 0.000033 0.000023 -29.913719 0.000015 -0.000004 -19.922527 0.000000 -0.000000 0.000000 20.000019 0.000021 -23.976084 0.000025 0.000022 -35.964149 0.000022 -0.000006 -23.952108
-60.967575 97.715614 0.702350 93.401207 178.094559 -172.807831 176.790909 -170.492615 179.432373 176.564575 166.815933 176.687729 8.245183 -5.188856 -3.086272 158.554611 -148.677399 -172.591949 17.827927 48.599033 -2.811328 175.890610 -169.781311 -176.590958 0.042040 3.116354 -0.513769 0.042024 3.056655 -0.857816 0.276759 2.222021 -1.104562 179.999969 -177.382904 179.993668 179.999939 -176.946716 179.993454 170.449921 -177.776917 -179.630112 5.663322 1.485064 -1.834021 8.665549 -1.241764 78.782944 0.233025 -0.456774 2.693002 177.181442 179.580948 173.954147 34.503761 45.574970 12.295486 179.999847 179.999985 -164.378769 179.999908 -179.999985 -169.596237 0.000000 0.000002 0.000000 14.999866 -0.000023 32.406235 179.999924 -179.999924 -153.485809 179.999969 -179.999939 -161.440079 0.000000 0.000002 0.000000 179.999939 -179.999985 -145.323883 179.999954 -179.999954 -145.323868 179.999985 -179.999954 -156.905716 0.000000 0.000002 0.000000 169.999878 -179.999985 -149.515671 179.999908 -179.999908 -149.515701 179.999969 -179.999924 -159.697449 0.000000 0.000002 0.000000 159.999924 -179.999985 -158.737457 179.999908 -179.999969 -148.106171 179.999985 -179.999939 -158.758713 175.188171 -178.746033 178.715164 176.757935 177.119156 103.057518 175.866409 176.949402 178.919952 7.302673 2.524068 -4.329954 127.520271 122.273880 153.414734 180.000000 180.000000 168.048737 180.000000 -179.999985 172.040436 180.000000 -179.999985 -180.000000 165.000015 -179.999985 150.821747 0.000006 0.000006 -23.873110 0.000010 0.000001 -16.711163 180.000000 -179.999985 -180.000000 0.000006 0.000009 -31.374775 0.000014 0.000002 -31.374754 180.000000 180.000000 159.104401 180.000000 -179.999985 -180.000000 10.000004 0.000012 -29.894388 0.000022 0.000009 -29.894409 0.000011 -0.000002 -19.909672 180.000000 -179.999985 -180.000000 20.000002 0.000001 -23.960766 0.000009 0.000010 -35.941174 0.000020 0.000004 -23.936811
-61.165070 97.693588 0.755153 93.277267 178.146927 -172.864944 176.700287 -170.756836 179.489517 176.843613 166.954514 176.705399 8.165430 -5.260951 -3.050358 157.840652 -149.778183 -172.567932 19.530661 47.153114 -1.991261 175.332367 -170.197037 -177.072021 0.029674 3.061683 -0.479509 0.029706 3.002957 -0.800237 0.212458 2.181412 -1.032786 179.999969 -177.373001 179.976257 179.999969 -176.935165 179.975418 170.489227 -177.766464 -179.640778 5.617521 1.503175 -1.792682 8.488265 -1.243779 78.665131 0.202418 -0.428690 2.701193 177.171997 179.580200 173.892105 34.522465 45.582901 12.451780 179.999893 179.999985 -164.309875 179.999939 -179.999985 -169.550369 180.000000 -179.999985 180.000000 14.999911 -0.000011 32.462364 179.999954 -179.999954 -153.439896 179.999985 -179.999954 -161.407928 180.000000 -179.999985 180.000000 179.999954 -179.999985 -145.297058 179.999969 -179.999969 -145.297073 179.999985 -179.999969 -156.887848 180.000000 -179.999985 180.000000 169.999924 -179.999985 -149.466797 179.999939 -179.999954 -149.466782 179.999985 -179.999954 -159.664856 180.000000 -179.999985 180.000000 159.999954 -179.999985 -158.710114 179.999939 -179.999969 -148.065155 179.999985 -179.999969 -158.731384 175.208008 -178.763443 178.669952 176.726639 177.155365 102.934525 175.911469 177.006149 178.928513 7.306372 2.541750 -4.279895 127.616173 122.259880 153.494492 0.000011 0.000005 -11.958611 0.000006 -0.000003 -7.964447 0.000000 -0.000000 0.000000 165.000000 179.999985 150.825027 180.000000 -179.999985 156.129593 0.000009 0.000007 -16.709297 0.000000 -0.000000 0.000000 0.000002 -0.000007 -31.367651 180.000000 179.999985 148.632355 0.000003 0.000002 -20.890841 0.000000 -0.000000 0.000000 10.000012 0.000005 -29.877827 0.000009 0.000004 -29.877815 0.000010 0.000002 -19.898632 0.000000 -0.000000 0.000000 20.000010 0.000008 -23.950335 0.000004 0.000009 -35.925503 0.000003 0.000001 -23.926357
-61.360146 97.676811 0.807875 93.114784 178.207962 -172.968796 176.540161 -171.109009 179.585678 177.245193 167.186737 176.753571 8.069268 -5.311357 -3.008509 157.359436 -150.862000 -172.582397 21.053730 45.772274 -1.239945 174.713272 -170.555557 -177.545090 0.025369 3.013679 -0.437033 0.025423 2.955805 -0.729246 0.184597 2.146395 -0.941775 179.999985 -177.376831 179.958664 179.999969 -176.939636 179.957199 170.560287 -177.767517 -179.654724 5.563656 1.521001 -1.750428 8.449275 -1.183508 78.547234 0.198706 -0.543792 2.713716 177.157837 179.565338 173.849518 34.527855 45.603439 12.597722 179.999954 179.999985 -164.242966 179.999969 -179.999985 -169.505829 0.000000 -0.000005 0.000000 14.999948 -0.000001 32.508888 179.999985 -179.999985 -153.401825 179.999985 -179.999985 -161.381271 0.000000 -0.000005 0.000000 179.999908 -179.999985 -145.282898 179.999924 -179.999939 -145.282913 179.999985 -179.999939 -156.878418 0.000000 -0.000005 0.000000 169.999969 -179.999985 -149.422836 179.999969 -179.999985 -149.422852 179.999985 -179.999985 -159.635605 0.000000 -0.000005 0.000000 159.999985 179.999985 -158.679550 179.999985 -179.999985 -148.019348 179.999985 -179.999985 -158.700882 175.233978 -178.779785 178.618958 176.670914 177.196396 102.824043 175.955002 177.078735 178.941315 7.305497 2.563165 -4.216815 127.646622 122.228378 153.532288 0.000007 -0.000003 -11.950423 0.000009 0.000001 -7.958997 0.000000 -0.000002 0.000000 165.000076 179.999908 150.796768 0.000089 0.000040 -23.893553 0.000077 -0.000006 -16.725471 0.000000 -0.000002 0.000000 179.999985 -179.999985 148.639908 179.999985 -179.999985 148.639908 180.000000 179.999985 159.114182 0.000000 -0.000002 0.000000 9.999989 0.000000 -29.868267 0.000002 0.000007 -29.868271 179.999985 -179.999985 160.107742 0.000000 -0.000002 0.000000 20.000011 -0.000002 -23.942965 179.999985 -179.999985 144.085587 179.999985 179.999985 156.080978
-61.553436 97.663635 0.862627 92.998558 178.247284 -173.047058 176.486847 -171.379669 179.627060 177.444901 167.390182 176.806229 8.029883 -5.341832 -2.967067 157.060287 -151.853333 -172.710068 22.306139 44.439262 -0.585994 174.124054 -170.874680 -177.992844 0.015674 2.958708 -0.399745 0.015727 2.901847 -0.666754 0.132523 2.106196 -0.862857 179.999969 -177.376770 179.945938 179.999969 -176.939575 179.944016 170.620987 -177.765839 -179.664764 5.510975 1.539300 -1.708704 8.326979 -1.164587 78.444214 0.161674 -0.543796 2.720823 177.141418 179.547531 173.825424 34.556293 45.638855 12.739559 179.999985 -180.000000 -164.190826 180.000000 -179.999985 -169.471085 180.000000 -180.000000 -180.000000 14.999990 -0.000004 32.546753 179.999985 -179.999985 -153.370834 179.999985 -180.000000 -161.359589 180.000000 -180.000000 -180.000000 179.999985 -180.000000 -145.204559 179.999985 -179.999985 -145.204544 0.000002 -0.000007 23.173773 180.000000 -180.000000 -180.000000 170.000000 180.000000 -149.393036 180.000000 -179.999985 -149.393021 179.999985 179.999985 -159.615768 180.000000 -180.000000 -180.000000 160.000015 -179.999985 -158.664124 0.000007 0.000005 32.003838 0.000001 0.000003 21.314550 175.263672 -178.794174 178.568192 176.628769 177.244934 102.716660 175.986176 177.106659 178.966827 7.305690 2.560549 -4.153591 127.678596 122.211601 153.584320 0.000003 0.000001 -11.938212 0.000000 -0.000002 -7.950848 0.000000 -0.000000 0.000000 164.999985 -179.999985 150.940613 179.999985 -179.999985 156.224136 179.999985 -179.999985 163.356903 0.000000 -0.000000 0.000000 179.999985 -179.999985 148.629944 179.999985 -179.999985 148.629929 179.999985 179.999985 159.107544 0.000000 -0.000000 0.000000 10.000001 0.000006 -29.868923 179.999985 -179.999985 150.131088 180.000000 -180.000000 160.107315 0.000000 -0.000000 0.000000 19.999989 0.000002 -23.947037 180.000000 -179.999985 144.079437 179.999985 -179.999985 156.076920
-61.747574 97.652145 0.920957 92.853180 178.309998 -173.162201 176.443863 -171.688477 179.681122 177.668701 167.599640 176.879745 7.983012 -5.379546 -2.916229 157.060944 -152.834610 -172.926071 23.272276 43.131332 -0.034926 173.509476 -171.178848 -178.371826 0.012169 2.916143 -0.357540 0.012215 2.860060 -0.596282 0.108962 2.075452 -0.772172 179.999969 -177.373077 179.938004 179.999985 -176.935242 179.935791 170.673981 -177.761581 -179.671097 5.474304 1.566751 -1.674660 8.290474 -1.110479 78.349472 0.137417 -0.637333 2.736131 177.122955 179.587784 173.835220 34.651810 45.785713 12.909807 179.999985 -180.000000 -164.174683 179.999985 -179.999985 -169.460312 0.000002 -0.000002 -0.000000 14.999990 -0.000009 32.557201 179.999985 -180.000000 -153.362274 179.999985 -179.999985 -161.353622 0.000002 -0.000002 -0.000000 179.999985 -179.999985 -145.196548 180.000000 -179.999985 -145.196548 0.000010 -0.000004 23.179115 0.000002 -0.000002 -0.000000 170.000000 -179.999985 -149.383224 0.000003 0.000012 30.616777 0.000000 -0.000000 20.390770 0.000002 -0.000002 -0.000000 160.000015 180.000000 -158.665649 0.000014 0.000005 32.001526 0.000002 0.000010 21.313009 175.291550 -178.810654 178.526398 176.610748 177.302521 102.614326 176.002823 177.106354 178.996719 7.305677 2.549108 -4.093785 127.753487 122.228622 153.668915 0.000009 0.000003 -11.937102 0.000004 0.000000 -7.950109 0.000000 -0.000000 0.000000 165.000000 -179.999985 150.921753 180.000000 -179.999985 156.208725 180.000000 -180.000000 163.346085 0.000000 -0.000000 0.000000 180.000000 -179.999985 148.606888 179.999985 -179.999985 148.606888 179.999985 179.999985 159.092178 0.000000 -0.000000 0.000000 9.999991 -0.000015 -29.882071 180.000000 -179.999985 150.117920 0.000001 -0.000003 -19.901449 0.000000 -0.000000 0.000000 20.000002 -0.000023 -23.961275 179.999985 -180.000000 144.058090 179.999985 -179.999985 156.062683
-61.945568 97.641441 0.981327 92.712990 178.375397 -173.283783 176.414795 -171.996368 179.726257 177.811981 167.812439 176.979645 8.002331 -5.416254 -2.883388 157.366318 -153.794220 -173.258774 23.880699 41.826714 0.384110 172.901047 -171.487473 -178.704544 0.010014 2.879130 -0.316547 0.010045 2.823742 -0.527891 0.092275 2.048893 -0.683854 179.999985 -177.364075 179.935699 179.999985 -176.924744 179.933411 170.717926 -177.753479 -179.672928 5.420575 1.561936 -1.633652 8.204226 -1.049587 78.272621 0.097269 -0.627267 2.742964 177.098495 179.635864 173.864151 34.740032 45.880554 13.073856 180.000000 -180.000000 -164.148453 180.000000 -179.999985 -169.442856 0.000002 -0.000002 -0.000000 14.999999 0.000004 32.566994 0.000005 -0.000007 26.645716 180.000000 179.999985 -161.347992 0.000002 -0.000002 -0.000000 0.000010 -0.000002 34.808754 0.000004 0.000001 34.808743 179.999985 179.999985 -156.817368 0.000002 -0.000002 -0.000000 169.999985 179.999985 -149.395477 179.999985 -179.999985 -149.395493 179.999985 -179.999985 -159.617401 0.000002 -0.000002 -0.000000 160.000015 -179.999985 -158.674255 0.000022 0.000003 31.988638 0.000003 0.000013 21.304413 175.310226 -178.824112 178.498489 176.607635 177.367371 102.515686 176.001236 177.074524 179.030823 7.304619 2.522846 -4.042394 127.777649 122.214104 153.713333 0.000012 0.000004 -11.925020 0.000008 0.000001 -7.942070 0.000000 -0.000000 0.000005 165.000000 -179.999985 150.912781 179.999985 -179.999985 156.201385 180.000000 179.999985 163.340973 0.000000 -0.000000 0.000005 180.000000 -179.999985 148.585037 179.999985 -179.999985 148.585022 179.999985 -179.999985 159.077621 0.000000 -0.000000 0.000005 9.999989 -0.000010 -29.892775 180.000000 -179.999985 150.107208 179.999985 -179.999985 160.091415 0.000000 -0.000000 0.000005 19.999989 -0.000013 -23.978584 179.999985 -180.000000 144.032104 179.999985 -179.999985 156.045380
-62.153030 97.632797 1.051753 92.574852 178.442566 -173.410873 176.418198 -172.388168 179.713943 178.077225 168.143677 177.107239 7.878951 -5.422720 -2.768654 157.774261 -154.734589 -173.675110 24.204765 40.378036 0.690213 172.456711 -171.956390 -179.065216 0.004000 2.831746 -0.273656 0.004068 2.777256 -0.456194 0.057382 2.014851 -0.591902 180.000000 -177.365112 179.933319 0.000002 -3.074045 -0.069068 170.794296 -177.753647 -179.677612 5.417392 1.599516 -1.618026 8.130650 -0.979685 78.219925 0.049005 -0.651621 2.754754 177.077713 179.630280 173.897308 34.853683 46.051235 13.240870 180.000000 180.000000 -164.146393 180.000000 180.000000 -169.441483 0.000002 -0.000002 0.000002 15.000002 -0.000006 32.559956 180.000000 -179.999985 -153.360031 180.000000 -180.000000 -161.352036 0.000002 -0.000002 0.000002 180.000000 -179.999985 -145.203827 180.000000 -179.999985 -145.203842 180.000000 -179.999985 -156.825745 0.000002 -0.000002 0.000002 170.000000 179.999985 -149.345871 180.000000 -179.999985 -149.345886 180.000000 180.000000 -159.584335 0.000002 -0.000002 0.000002 160.000015 -180.000000 -158.705902 0.000000 0.000002 31.941147 0.000005 -0.000011 21.272799 175.354370 -178.875885 178.464935 176.577148 177.445099 102.423592 175.992599 177.058701 179.064362 7.303904 2.475345 -4.004322 127.771614 122.212997 153.764786 0.000005 0.000003 -11.895920 0.000005 0.000000 -7.922682 0.000000 -0.000002 -0.000002 165.000000 -179.999985 150.898849 180.000000 179.999985 156.189972 180.000000 -179.999985 163.332977 0.000000 -0.000002 -0.000002 180.000000 -179.999985 148.558014 180.000000 -179.999985 148.557999 180.000000 -179.999985 159.059631 0.000000 -0.000002 -0.000002 10.000004 -0.000015 -29.916084 0.000004 -0.000001 -29.916079 179.999985 -179.999985 160.075897 0.000000 -0.000002 -0.000002 20.000004 -0.000014 -24.003401 180.000000 -179.999985 143.994904 179.999985 -179.999985 156.020599
-62.365921 97.626343 1.130016 92.473068 178.490051 -173.514816 176.471451 -172.766907 179.659897 178.263626 168.487427 177.243179 7.758007 -5.435453 -2.643061 158.296768 -155.631882 -174.160004 24.136753 38.895851 0.838956 172.105682 -172.527725 -179.663147 179.993866 177.220474 179.763535 179.993942 177.274002 179.606140 0.004044 1.977075 -0.513078 180.000000 -177.364426 179.933304 0.000003 -3.074835 -0.069088 170.868240 -177.752625 -179.680481 5.426310 1.638591 -1.611370 8.000887 -0.942921 78.194786 179.968826 -179.407166 -177.244308 177.060074 179.629837 173.947418 34.904938 46.110977 13.334681 180.000000 180.000000 -164.132889 0.000000 0.000001 10.567502 0.000002 -0.000002 -0.000000 14.999999 0.000002 32.562557 0.000003 -0.000001 26.642096 0.000004 0.000003 18.649462 0.000002 -0.000002 -0.000000 180.000000 179.999985 -145.203430 0.000004 -0.000009 34.796566 0.000000 -0.000000 23.174509 0.000002 -0.000002 -0.000000 170.000015 -180.000000 -149.341583 0.000001 0.000005 30.658417 180.000000 180.000000 -159.581482 0.000002 -0.000002 -0.000000 160.000015 179.999985 -158.705429 0.000000 -0.000005 31.941837 180.000000 180.000000 -158.726746 175.387238 -178.929398 178.439133 176.559769 177.533035 102.336143 175.971512 177.043991 179.094269 7.297693 2.426843 -3.969948 127.765762 122.203598 153.816345 0.000001 0.000002 -11.865572 180.000000 -180.000000 172.097534 0.000000 -0.000000 0.000003 165.000015 -179.999985 150.883179 0.000000 0.000000 -23.822861 180.000000 180.000000 163.324005 0.000000 -0.000000 0.000003 0.000005 0.000001 -31.476746 179.999985 -179.999985 148.523270 179.999985 180.000000 159.036484 0.000000 -0.000000 0.000003 10.000006 -0.000003 -29.939396 0.000005 0.000008 -29.939396 180.000000 -179.999985 160.060364 0.000000 -0.000000 0.000003 19.999998 -0.000015 -24.030777 179.999985 180.000000 143.953812 179.999985 -179.999985 155.993240
-62.587238 97.621498 1.214550 92.350983 178.548309 -173.641083 176.561966 -173.171677 179.608688 178.431488 168.843475 177.393539 7.638802 -5.451843 -2.501040 159.092926 -156.740067 -174.801727 23.690817 37.176411 0.864450 171.883698 -173.129242 179.708740 179.986893 177.269165 179.803986 179.986908 177.321716 179.673737 179.965530 178.057693 179.573288 0.000001 -2.635222 -0.065698 179.999985 -176.925568 179.931961 170.944504 -177.752686 -179.682755 5.423282 1.657015 -1.599203 7.891955 -0.867979 78.181572 179.894287 -179.473053 -177.254044 177.041031 179.636887 174.008987 34.973007 46.171410 13.463744 0.000014 0.000009 15.890898 0.000013 0.000007 10.583327 0.000003 -0.000000 0.000000 14.999846 0.000081 32.407841 179.999863 180.000000 -153.484482 179.999924 -179.999954 -161.439163 0.000003 -0.000000 0.000000 179.999924 179.999939 -145.335342 179.999893 179.999985 -145.335327 179.999939 -179.999969 -156.913345 0.000003 -0.000000 0.000000 170.000092 -179.999939 -149.291397 0.000125 -0.000020 30.708588 0.000069 0.000034 20.451927 0.000003 -0.000000 0.000000 160.000000 179.999985 -158.706146 180.000000 -179.999985 -148.059235 179.999985 179.999985 -158.727432 175.412201 -178.990799 178.420151 176.595535 177.603271 102.244186 175.912170 176.998566 179.124680 7.286727 2.388261 -3.937026 127.826935 122.223969 153.899307 0.000009 0.000004 -11.858728 0.000003 -0.000001 -7.897897 0.000000 -0.000000 0.000000 164.999969 -179.999878 150.858124 179.999954 -179.999939 156.156662 179.999939 -179.999985 163.309662 0.000000 -0.000000 0.000000 179.999969 -179.999832 148.483047 179.999878 -179.999863 148.483032 179.999893 -179.999969 159.009705 0.000000 -0.000000 0.000000 9.999978 -0.000130 -29.932158 179.999924 -179.999893 150.067795 179.999924 -179.999985 160.065170 0.000000 -0.000000 0.000000 19.999990 0.000118 -24.121454 0.000084 0.000167 -36.182247 0.000108 0.000051 -24.097361
-62.802567 97.622047 1.305932 92.264153 178.560684 -173.741089 176.830002 -173.545502 179.513260 178.386826 169.266769 177.519424 7.530825 -5.435555 -2.333922 159.861816 -157.798691 -175.466217 22.991331 35.326122 0.859837 171.707321 -173.914017 178.802338 179.973862 177.335480 179.840820 179.973877 177.386780 179.735550 179.899155 178.105301 179.650909 179.999985 -177.369370 179.933105 0.000004 -3.069069 -0.069273 171.043488 -177.755966 -179.687897 5.487044 1.748588 -1.629756 7.789199 -0.845135 78.243248 179.804367 -179.498001 -177.302460 177.025436 179.533890 174.065506 35.009861 46.205952 13.518753 0.000031 0.000015 15.895985 0.000014 0.000016 10.586727 0.000000 -0.000000 0.000000 15.000026 -0.000011 32.560825 0.000034 -0.000005 26.640642 0.000015 0.000006 18.648464 0.000000 -0.000000 0.000000 0.000005 -0.000017 34.789436 0.000032 -0.000013 34.789444 0.000015 0.000004 23.169760 0.000000 -0.000000 0.000000 170.000015 -179.999969 -149.416794 0.000025 0.000000 30.583166 0.000027 0.000014 20.368389 0.000000 -0.000000 0.000000 160.000015 179.999985 -158.697678 180.000000 179.999985 -148.046555 180.000000 180.000000 -158.718994 175.454117 -179.070358 178.375565 176.566010 177.735062 102.183624 175.910919 177.058258 179.131989 7.259343 2.375686 -3.892029 127.856186 122.210815 153.950882 179.999985 -179.999985 168.154114 179.999985 -180.000000 172.110641 0.000002 -0.000000 0.000002 165.000000 -179.999924 150.831741 179.999954 -179.999954 156.135071 179.999954 -179.999985 163.294525 0.000002 -0.000000 0.000002 179.999985 -179.999847 148.447205 179.999878 -179.999878 148.447174 179.999908 -179.999985 158.985855 0.000002 -0.000000 0.000002 9.999990 -0.000092 -29.959869 179.999954 -179.999924 150.040131 179.999954 -179.999985 160.046738 0.000002 -0.000000 0.000002 19.999981 -0.000116 -24.047480 179.999939 -179.999863 143.928772 179.999924 -179.999969 155.976562
-63.009285 97.619255 1.386315 92.182899 178.563446 -173.842606 177.243881 -173.776276 179.504471 178.184052 169.455673 177.587830 7.415217 -5.511919 -2.242553 160.798447 -158.862991 -176.103073 22.032879 33.644485 0.826695 171.414886 -174.518539 177.512604 179.969101 177.377670 179.872498 179.969086 177.428131 179.788483 179.872314 178.135208 179.718842 180.000000 -177.352615 179.940659 179.999985 -176.911377 179.938553 171.085037 -177.742203 -179.682724 5.492943 1.773772 -1.635531 7.738636 -0.814167 78.295891 179.725693 -179.543381 -177.355682 177.001068 179.507385 174.141968 35.077473 46.269348 13.566640 0.000026 0.000008 15.878641 0.000015 0.000014 10.575184 0.000000 -0.000000 0.000002 15.000014 -0.000028 32.551762 0.000015 0.000004 26.633257 0.000012 0.000008 18.643297 0.000000 -0.000000 0.000002 0.000015 -0.000015 34.776196 0.000025 -0.000001 34.776207 180.000000 179.999985 -156.839035 0.000000 -0.000000 0.000002 170.000015 -179.999985 -149.442841 0.000023 -0.000008 30.557159 0.000017 -0.000003 20.351065 0.000000 -0.000000 0.000002 160.000000 -180.000000 -158.691162 0.000010 0.000010 31.963243 0.000003 -0.000004 21.287523 175.443558 -179.086990 178.354462 176.562653 177.856628 102.134377 175.927460 177.122299 179.132751 7.187638 2.388698 -3.834327 127.929359 122.207535 154.021622 179.999985 -179.999985 168.152405 179.999985 -179.999985 172.109497 0.000000 -0.000000 0.000000 165.000000 -179.999924 150.813934 179.999985 -179.999985 156.120483 179.999969 -179.999985 163.284378 0.000000 -0.000000 0.000000 179.999985 -179.999878 148.406433 179.999924 -179.999908 148.406448 179.999924 -179.999969 158.958694 0.000000 -0.000000 0.000000 10.000001 -0.000098 -29.981655 179.999954 -179.999924 150.018326 179.999969 -179.999985 160.032227 0.000000 -0.000000 0.000000 20.000006 -0.000068 -24.074791 179.999954 -179.999893 143.887817 179.999924 -179.999969 155.949295
-63.204395 97.618782 1.455450 92.099083 178.571625 -173.948059 177.715271 -173.968842 179.540695 177.929276 169.605682 177.604446 7.286839 -5.578176 -2.166025 161.971878 -160.075394 -176.797150 20.829720 31.788380 0.810803 170.931519 -175.438843 176.466156 179.965454 177.411057 179.904144 179.965469 177.460876 179.841339 179.850937 178.158783 179.786880 0.000006 -2.668686 -0.049111 179.999985 -176.886536 179.949142 171.126099 -177.724808 -179.675339 5.496916 1.791635 -1.640423 7.721889 -0.769599 78.327011 179.666122 -179.567444 -177.385468 176.974182 179.468903 174.204880 35.115280 46.312038 13.526713 0.000012 0.000004 15.834095 0.000012 0.000003 10.545481 0.000005 -0.000000 0.000000 15.000021 -0.000019 32.537449 0.000014 0.000000 26.621561 179.999985 179.999985 -161.364929 0.000005 -0.000000 0.000000 0.000012 -0.000019 34.764942 0.000020 -0.000004 34.764946 0.000008 0.000006 23.153458 0.000005 -0.000000 0.000000 170.000015 -179.999969 -149.456741 0.000019 -0.000007 30.543236 0.000021 0.000001 20.341795 0.000005 -0.000000 0.000000 160.000015 -179.999985 -158.691406 0.000005 -0.000008 31.962885 0.000013 -0.000003 21.287287 175.436737 -179.096649 178.330734 176.552185 177.966827 102.098534 175.843979 177.153107 179.131500 7.203419 2.345193 -3.785814 128.037109 122.220032 154.088333 0.000004 0.000001 -11.871665 0.000004 0.000003 -7.906518 0.000000 -0.000002 -0.000002 165.000000 -179.999954 150.788910 179.999985 -179.999985 156.100021 179.999985 -179.999985 163.270020 0.000000 -0.000002 -0.000002 0.000008 0.000061 -31.676167 0.000033 0.000045 -31.676128 0.000039 0.000013 -21.096317 0.000000 -0.000002 -0.000002 9.999997 -0.000071 -30.008753 179.999985 -179.999939 149.991272 179.999969 -179.999985 160.014191 0.000000 -0.000002 -0.000002 19.999975 -0.000073 -24.095881 179.999969 -179.999893 143.856140 179.999939 -179.999954 155.928192
-63.386463 97.613899 1.513663 92.007065 178.594681 -174.060425 178.190247 -174.147903 179.619461 177.670944 169.728958 177.585190 7.159863 -5.635567 -2.120495 162.971024 -161.008057 -177.249527 19.797913 30.239788 0.829877 170.431320 -176.256027 175.958649 179.963776 177.432419 179.936127 179.963760 177.481827 179.894684 179.838852 178.173691 179.855911 0.000008 -2.694689 -0.035616 179.999985 -176.856186 179.963120 171.165680 -177.703705 -179.665314 5.503555 1.806418 -1.644701 7.661865 -0.752449 78.387512 179.598236 -179.646561 -177.444046 176.958633 179.423203 174.247986 35.137501 46.378841 13.464701 0.000013 -0.000008 15.780503 0.000008 -0.000002 10.509813 180.000000 179.999985 -180.000000 15.000004 -0.000009 32.508224 0.000011 0.000002 26.597668 0.000000 0.000003 18.618370 180.000000 179.999985 -180.000000 0.000010 -0.000002 34.737217 0.000019 -0.000009 34.737217 180.000000 179.999985 -156.865005 180.000000 179.999985 -180.000000 170.000015 179.999985 -149.532837 0.000009 -0.000004 30.467159 0.000006 -0.000005 20.291126 180.000000 179.999985 -180.000000 160.000015 179.999985 -158.710144 0.000003 -0.000008 31.934803 180.000000 180.000000 -158.731430 175.434235 -179.099548 178.308853 176.492081 178.063599 102.072823 175.753082 177.215607 179.128204 7.219989 2.280333 -3.734920 128.031067 122.205017 154.055573 0.000024 0.000022 -11.882601 0.000019 0.000008 -7.913828 180.000000 -180.000000 180.000000 165.000000 -179.999939 150.780594 179.999985 -179.999954 156.093231 179.999969 -179.999985 163.265274 180.000000 -180.000000 180.000000 179.999985 -179.999847 148.400101 179.999908 -179.999878 148.400131 179.999924 -179.999969 158.954483 180.000000 -180.000000 180.000000 10.000010 -0.000138 -30.017408 179.999954 -179.999893 149.982590 179.999939 -179.999954 160.008408 180.000000 -180.000000 180.000000 20.000006 -0.000133 -24.109047 179.999954 -179.999832 143.836441 179.999908 -179.999939 155.915070
-63.558090 97.603409 1.563088 91.897903 178.641708 -174.186432 178.614029 -174.324402 179.748810 177.471878 169.827042 177.534668 7.031227 -5.676138 -2.109809 163.906128 -161.963028 -177.656281 18.969379 28.689404 0.909081 169.727386 -176.744553 175.928864 179.964813 177.436523 179.969101 179.964828 177.485855 179.949585 179.839523 178.176315 179.927475 180.000000 -177.271942 179.982773 179.999985 -176.817261 179.982147 171.205658 -177.676804 -179.651413 5.520130 1.814216 -1.644691 7.701464 -0.713173 78.393936 179.541855 -179.611877 -177.449356 176.954269 179.370224 174.264282 35.126373 46.407513 13.395123 0.000006 -0.000007 15.744855 180.000000 180.000000 -169.513916 0.000002 0.000002 0.000000 15.000000 -0.000015 32.478931 0.000017 -0.000002 26.573687 180.000000 179.999985 -161.398422 0.000002 0.000002 0.000000 0.000001 -0.000009 34.713032 180.000000 179.999985 -145.286957 0.000004 0.000003 23.118898 0.000002 0.000002 0.000000 170.000000 -179.999985 -149.535355 0.000001 0.000005 30.464668 0.000007 0.000000 20.289457 0.000002 0.000002 0.000000 160.000015 -179.999985 -158.721222 180.000000 179.999985 -148.081802 0.000004 0.000003 21.257511 175.435028 -179.091736 178.292511 176.395721 178.171066 102.051048 175.678619 177.301224 179.121475 7.234237 2.203884 -3.674649 127.959320 122.214119 154.030869 0.000012 0.000014 -11.859450 0.000011 0.000007 -7.898396 0.000000 -0.000002 0.000000 165.000015 -179.999924 150.760254 179.999985 -179.999939 156.076569 179.999985 -179.999985 163.253586 0.000000 -0.000002 0.000000 0.000014 -0.000167 -31.648689 179.999939 -179.999847 148.351318 179.999908 -179.999939 158.921967 0.000000 -0.000002 0.000000 10.000011 -0.000156 -30.055759 179.999939 -179.999847 149.944275 179.999908 -179.999924 159.982864 0.000000 -0.000002 0.000000 20.000013 -0.000149 -24.143381 179.999954 -179.999771 143.784912 179.999893 -179.999908 155.880768
-63.726128 97.587265 1.611026 91.778702 178.714417 -174.332031 178.997406 -174.516647 179.914490 177.391785 169.905930 177.465347 6.826857 -5.710956 -2.114791 164.951523 -162.983765 -178.025635 18.176714 27.143396 0.948824 169.004639 -176.980316 176.214706 179.967636 177.424683 -179.995499 179.967636 177.474228 -179.991501 179.848129 178.167603 -179.995438 0.000001 -2.766750 0.005885 179.999985 -176.772125 -179.993912 171.247696 -177.645752 -179.634064 5.549501 1.819519 -1.643102 7.760895 -0.672140 78.381485 179.494064 -179.563126 -177.439926 176.963974 179.343063 174.263290 35.115147 46.438404 13.328105 179.999985 180.000000 -164.289856 180.000000 -180.000000 -169.537064 180.000000 -179.999985 -180.000000 15.000009 0.000002 32.458004 0.000006 -0.000005 26.556557 180.000000 180.000000 -161.410416 180.000000 -179.999985 -180.000000 0.000004 -0.000003 34.700031 0.000006 -0.000005 34.700050 179.999985 179.999985 -156.889771 180.000000 -179.999985 -180.000000 170.000000 -180.000000 -149.559006 0.000009 -0.000004 30.440996 0.000001 0.000003 20.273706 180.000000 -179.999985 -180.000000 160.000015 -179.999985 -158.721054 0.000008 0.000008 31.918447 0.000027 -0.000005 21.257687 175.432602 -179.078873 178.280579 176.349960 178.223206 102.024788 175.530991 177.317566 179.120270 7.249391 2.065927 -3.617989 127.965683 122.203392 153.804581 179.999969 179.999664 168.025360 0.000017 0.000229 -7.975102 0.000000 -0.000000 0.000000 165.000031 -179.999908 150.737289 179.999985 -179.999939 156.057770 179.999969 -179.999969 163.240448 0.000000 -0.000000 0.000000 0.000041 -0.000187 -31.706148 179.999954 -179.999817 148.293839 179.999908 -179.999924 158.883698 0.000000 -0.000000 0.000000 10.000041 -0.000205 -30.111919 179.999969 -179.999817 149.888062 179.999908 -179.999893 159.945450 0.000000 -0.000000 0.000000 20.000050 -0.000197 -24.190063 179.999985 -179.999695 143.714905 179.999847 -179.999847 155.834106
-63.892727 97.567520 1.657198 91.649933 178.807587 -174.501007 179.344055 -174.738510 -179.897171 177.112579 170.015808 177.419724 6.866680 -5.721384 -2.197719 165.885864 -164.063904 -178.332870 17.570263 25.629517 0.966516 168.436890 -176.915848 176.795837 179.972229 177.398788 -179.956665 179.972244 177.448837 -179.926926 179.864609 178.148956 -179.910645 0.000001 -2.809577 0.034095 0.000022 -3.277840 0.035301 171.292221 -177.611618 -179.613235 5.590053 1.823246 -1.649132 7.807268 -0.647450 78.379341 179.450974 -179.541397 -177.435852 176.985687 179.332764 174.245071 35.138023 46.496792 13.308284 0.000002 0.000005 15.679054 0.000000 -0.000000 10.442262 0.000002 -0.000002 0.000002 15.000004 0.000013 32.424492 0.000001 0.000003 26.529114 0.000007 -0.000001 18.570377 0.000002 -0.000002 0.000002 0.000010 0.000002 34.676422 0.000001 0.000002 34.676403 0.000004 0.000001 23.094488 0.000002 -0.000002 0.000002 170.000000 179.999985 -149.583832 0.000007 0.000002 30.416161 180.000000 179.999985 -159.742828 0.000002 -0.000002 0.000002 160.000015 179.999985 -158.765213 0.000001 -0.000002 31.852175 180.000000 179.999985 -158.786453 175.424942 -179.063675 178.271027 176.307510 178.275452 101.992523 175.357224 177.344299 179.116547 7.279465 1.896349 -3.554819 127.691223 122.309616 154.339859 179.999985 179.999985 168.418747 180.000000 179.999985 172.286896 180.000000 -180.000000 180.000000 165.000031 -179.999908 150.698105 179.999985 -179.999908 156.025711 179.999969 -179.999954 163.218018 180.000000 -180.000000 180.000000 0.000081 -0.000185 -31.791477 179.999985 -179.999802 148.208511 179.999908 -179.999893 158.826859 180.000000 -180.000000 180.000000 10.000098 -0.000219 -30.191751 179.999985 -179.999756 149.808243 179.999924 -179.999878 159.892303 180.000000 -180.000000 180.000000 20.000109 -0.000236 -24.271013 0.000001 -0.000384 -36.406532 179.999847 -179.999802 155.753250
-64.055344 97.539787 1.699015 91.525230 178.909119 -174.692047 179.638367 -174.973892 -179.693298 177.037659 170.152695 177.402451 6.750615 -5.704818 -2.254315 166.684341 -165.181015 -178.548447 17.203999 24.176409 0.965741 168.134293 -176.256317 177.382278 179.976654 177.366318 -179.914169 179.976654 177.416992 -179.856262 179.879593 178.125671 -179.817947 0.000013 -2.851866 0.068524 0.000009 -3.327180 0.070964 171.341888 -177.578476 -179.588959 5.638890 1.830353 -1.652878 7.840325 -0.631944 78.370003 179.418488 -179.544510 -177.437134 177.030579 179.344772 174.222198 35.167225 46.508259 13.244298 179.999985 180.000000 -164.367844 179.999985 180.000000 -169.588959 180.000000 -180.000000 -180.000000 15.000000 -0.000003 32.408672 179.999985 179.999985 -153.483810 180.000000 179.999985 -161.438660 180.000000 -180.000000 -180.000000 0.000003 0.000008 34.664001 180.000000 179.999985 -145.335968 0.000010 -0.000004 23.086250 180.000000 -180.000000 -180.000000 170.000000 179.999985 -149.591599 179.999985 180.000000 -149.591614 0.000011 0.000002 20.251999 180.000000 -180.000000 -180.000000 160.000015 -179.999985 -158.793793 180.000000 -179.999985 -148.190659 0.000005 -0.000011 21.185013 175.409576 -179.052139 178.263199 176.276794 178.324677 101.947441 175.245911 177.421463 179.105667 7.251297 1.760662 -3.465672 127.721489 122.440948 154.495407 0.000077 -0.000013 -11.539703 0.000047 -0.000019 -7.685444 0.000000 -0.000000 0.000000 165.000092 -179.999863 150.646454 0.000019 -0.000122 -24.016533 179.999969 -179.999924 163.188431 0.000000 -0.000000 0.000000 0.000153 -0.000219 -31.889999 0.000022 -0.000264 -31.890026 179.999924 -179.999847 158.761246 0.000000 -0.000000 0.000000 10.000157 -0.000224 -30.309874 0.000028 -0.000272 -30.309858 179.999939 -179.999847 159.813629 0.000000 -0.000000 0.000000 20.000156 -0.000239 -24.403328 0.000072 -0.000408 -36.605019 179.999863 -179.999741 155.621048
-64.208527 97.509270 1.735742 91.414078 179.005707 -174.903748 179.867020 -175.195831 -179.478516 176.909775 170.293121 177.383636 6.739102 -5.683438 -2.283300 167.339340 -166.297211 -178.643936 17.069305 22.795683 0.959167 167.919403 -175.458939 177.521637 179.979324 177.332672 -179.868225 179.979355 177.383987 -179.779724 179.885803 178.101578 -179.718002 0.000013 -2.892790 0.109326 0.000026 -3.374923 0.113220 171.399048 -177.546967 -179.561371 5.688809 1.838013 -1.658913 7.884125 -0.639470 78.389870 179.381668 -179.573318 -177.479340 177.087921 179.384247 174.206924 35.215378 46.570953 13.166370 0.000005 0.000001 15.560197 0.000003 -0.000000 10.363084 0.000000 -0.000000 0.000000 15.000004 -0.000007 32.401073 180.000000 179.999985 -153.490036 179.999985 179.999985 -161.443039 0.000000 -0.000000 0.000000 180.000000 179.999985 -145.345245 0.000001 0.000003 34.654736 0.000010 -0.000001 23.080055 0.000000 -0.000000 0.000000 170.000000 179.999985 -149.604507 0.000007 0.000002 30.395472 179.999985 179.999985 -159.756622 0.000000 -0.000000 0.000000 160.000000 179.999985 -158.756821 0.000002 0.000019 31.864742 180.000000 179.999985 -158.778076 175.398651 -179.041351 178.258789 176.216400 178.371689 101.892265 175.135788 177.565659 179.081924 7.131891 1.478729 -3.405917 127.981216 122.623573 154.727020 0.000047 -0.000020 -11.586611 0.000029 -0.000017 -7.716671 0.000000 -0.000000 0.000000 165.000046 -179.999939 150.568863 0.000015 -0.000070 -24.080013 180.000000 -179.999954 163.143982 0.000000 -0.000000 0.000000 0.000121 -0.000145 -32.014236 0.000037 -0.000191 -32.014206 179.999954 -179.999878 158.678513 0.000000 -0.000000 0.000000 10.000122 -0.000148 -30.437809 0.000024 -0.000192 -30.437799 179.999969 -179.999878 159.728409 0.000000 -0.000000 0.000000 20.000124 -0.000174 -24.533718 0.000074 -0.000310 -36.800579 179.999924 -179.999802 155.490814
-64.345840 97.478142 1.769305 91.327103 179.089706 -175.129944 0.087790 -4.607859 0.727599 176.644897 170.435638 177.366806 6.851414 -5.660102 -2.270338 167.921188 -167.382996 -178.621994 16.980371 21.497299 0.919811 167.878815 -174.737045 177.394226 179.978821 177.304367 -179.819580 179.978836 177.356201 -179.698624 179.876617 178.081177 -179.612747 0.000028 -2.927722 0.157432 0.000028 -3.415668 0.163042 171.461807 -177.521164 -179.530396 5.735940 1.852931 -1.663670 7.946113 -0.659894 78.411201 179.344894 -179.598679 -177.536758 177.150497 179.418335 174.195343 35.240387 46.579330 13.317024 0.000001 -0.000008 15.623336 0.000003 -0.000000 10.405131 0.000000 -0.000000 0.000000 14.999991 0.000003 32.384880 0.000007 0.000000 26.496712 180.000000 -180.000000 -161.452301 0.000000 -0.000000 0.000000 180.000000 -180.000000 -145.348114 0.000003 -0.000001 34.651890 180.000000 180.000000 -156.921844 0.000000 -0.000000 0.000000 170.000000 179.999985 -149.607697 0.000000 0.000002 30.392303 0.000000 -0.000000 20.241261 0.000000 -0.000000 0.000000 160.000015 -179.999985 -158.825729 180.000000 179.999985 -148.238571 0.000002 -0.000007 21.153088 175.355316 -179.046906 178.246201 176.200043 178.422379 101.828537 175.014099 177.738113 179.054382 7.004433 1.168475 -3.356629 128.037903 122.681755 154.720276 0.000045 -0.000025 -11.628544 0.000026 -0.000021 -7.744597 0.000000 -0.000002 -0.000002 165.000031 -179.999954 150.525375 0.000021 -0.000051 -24.115583 0.000005 -0.000031 -16.880924 0.000000 -0.000002 -0.000002 0.000089 -0.000106 -32.111908 0.000028 -0.000134 -32.111916 179.999985 -179.999924 158.613449 0.000000 -0.000002 -0.000002 10.000080 -0.000102 -30.534594 0.000021 -0.000130 -30.534578 179.999985 -179.999924 159.663956 0.000000 -0.000002 -0.000002 20.000095 -0.000117 -24.645096 0.000056 -0.000222 -36.967655 179.999939 -179.999847 155.379517
-64.461967 97.448807 1.797314 91.258820 179.158615 -175.362106 0.352360 -4.447741 0.916189 176.209213 170.567276 177.354492 7.075144 -5.636520 -2.210710 168.342682 -168.395477 -178.494843 17.103413 20.251080 0.916761 167.763000 -174.135986 177.152115 179.975464 177.279816 -179.769882 179.975464 177.332092 -179.615692 179.853928 178.063248 -179.505692 0.000029 -2.957154 0.208784 0.000017 -3.450006 0.216231 171.534515 -177.500214 -179.498642 5.776077 1.866799 -1.664201 8.025466 -0.694769 78.429337 179.305115 -179.623749 -177.606232 177.208115 179.456299 174.187454 35.199799 46.591644 13.235246 0.000005 -0.000008 15.597495 0.000003 -0.000006 10.387935 0.000002 -0.000005 0.000002 15.000000 0.000000 32.381702 0.000000 0.000002 26.494127 179.999985 179.999985 -161.454117 0.000002 -0.000005 0.000002 180.000000 180.000000 -145.351578 0.000006 -0.000005 34.648434 179.999985 180.000000 -156.924149 0.000002 -0.000005 0.000002 170.000000 -179.999985 -149.609589 180.000000 180.000000 -149.609604 180.000000 179.999985 -159.759979 0.000002 -0.000005 0.000002 160.000015 -179.999985 -158.830887 0.000004 0.000001 31.753687 180.000000 179.999985 -158.852036 175.322845 -179.055664 178.223679 176.157898 178.474548 101.762856 174.894073 177.963272 179.017502 6.873323 0.847525 -3.319744 128.065750 122.701797 154.652679 0.000038 -0.000023 -11.679985 0.000020 -0.000021 -7.778872 0.000000 -0.000002 0.000000 165.000031 -179.999985 150.487488 0.000007 -0.000032 -24.146608 0.000000 -0.000023 -16.902626 0.000000 -0.000002 0.000000 0.000056 -0.000051 -32.197094 0.000015 -0.000078 -32.197102 179.999985 -179.999954 158.556717 0.000000 -0.000002 0.000000 10.000050 -0.000046 -30.622286 0.000018 -0.000078 -30.622295 179.999985 -179.999954 159.605560 0.000000 -0.000002 0.000000 20.000051 -0.000070 -24.744978 0.000027 -0.000123 -37.117493 179.999985 -179.999924 155.279770
-64.555481 97.423927 1.825069 91.211922 179.212997 -175.588974 0.553535 -4.323354 1.080196 175.823883 170.678040 177.364822 7.294509 -5.618562 -2.111620 168.778595 -169.314423 -178.296036 17.211424 19.032114 0.901079 167.516678 -173.773926 176.889771 179.968887 177.260117 -179.721695 179.968903 177.312729 -179.535156 179.816330 178.048477 -179.402451 0.000048 -2.984683 0.287550 0.000033 -3.482116 0.297807 171.609268 -177.483307 -179.450607 5.805499 1.882134 -1.652421 8.125975 -0.748386 78.432320 179.253571 -179.637711 -177.681656 177.257690 179.499527 174.180588 35.007698 46.587440 13.008401 0.000001 -0.000002 15.567478 0.000002 -0.000002 10.367932 0.000000 -0.000002 0.000000 15.000004 -0.000002 32.377186 180.000000 -179.999985 -153.509583 0.000010 -0.000001 18.543293 0.000000 -0.000002 0.000000 0.000001 -0.000003 34.648651 0.000003 -0.000002 34.648651 180.000000 179.999985 -156.923996 0.000000 -0.000002 0.000000 170.000000 179.999985 -149.613373 0.000004 0.000001 30.386635 0.000001 0.000003 20.237494 0.000000 -0.000002 0.000000 160.000015 180.000000 -158.844589 0.000005 -0.000001 31.733110 0.000003 -0.000001 21.134241 175.306595 -179.067535 178.190002 176.093185 178.527176 101.704170 174.774216 178.208557 178.971771 6.746105 0.521112 -3.301859 128.026672 122.665062 154.484543 0.000029 -0.000022 -11.738274 0.000019 -0.000017 -7.817690 180.000000 -180.000000 180.000000 165.000015 -179.999985 150.453979 180.000000 -179.999985 155.825974 180.000000 -179.999985 163.078201 180.000000 -180.000000 180.000000 0.000028 -0.000031 -32.259323 0.000001 -0.000041 -32.259338 179.999985 -179.999985 158.515274 180.000000 -180.000000 180.000000 10.000010 -0.000024 -30.686991 0.000011 -0.000025 -30.687002 179.999985 -179.999985 159.562454 180.000000 -180.000000 180.000000 20.000015 -0.000022 -24.821932 0.000010 -0.000058 -37.232895 179.999985 -179.999985 155.202881
-64.635376 97.405823 1.858891 91.183022 179.255569 -175.800629 0.701062 -4.205550 1.211010 175.393494 170.771500 177.397812 7.597137 -5.630090 -1.998336 169.254456 -170.128540 -178.082870 17.233438 17.886398 0.864793 167.161621 -173.625992 176.665283 179.960083 177.244263 -179.677856 179.960083 177.297134 -179.461792 179.768845 178.036179 -179.309021 0.000024 -3.005652 0.375397 0.000034 -3.506574 0.388793 171.686676 -177.472763 -179.398026 5.820116 1.899890 -1.625178 8.236927 -0.805766 78.433022 179.209106 -179.640335 -177.769348 177.288025 179.548019 174.163239 34.894836 46.537437 12.879989 0.000000 0.000001 15.561304 0.000003 -0.000003 10.363829 0.000000 -0.000002 0.000000 15.000014 0.000003 32.385254 0.000005 0.000006 26.497019 180.000000 179.999985 -161.452087 0.000000 -0.000002 0.000000 0.000002 0.000005 34.650612 0.000004 -0.000009 34.650597 0.000003 -0.000003 23.077303 0.000000 -0.000002 0.000000 170.000000 -179.999985 -149.613495 0.000000 0.000002 30.386507 0.000003 -0.000002 20.237415 0.000000 -0.000002 0.000000 160.000015 -180.000000 -158.855087 0.000007 0.000011 31.717373 0.000000 -0.000000 21.123760 175.308701 -179.082458 178.146484 175.991852 178.583603 101.662041 174.663010 178.481842 178.915451 6.622691 0.213402 -3.300592 127.990997 122.589905 154.261139 0.000004 -0.000008 -11.819911 0.000003 -0.000007 -7.872061 0.000000 -0.000000 0.000000 165.000000 180.000000 150.431091 0.000003 -0.000012 -24.192736 0.000001 -0.000003 -16.934904 0.000000 -0.000000 0.000000 0.000002 0.000000 -32.303989 0.000003 -0.000011 -32.303982 0.000001 -0.000007 -21.514452 0.000000 -0.000000 0.000000 9.999992 -0.000008 -30.720995 0.000005 -0.000004 -30.721012 180.000000 -179.999985 159.539825 0.000000 -0.000000 0.000000 20.000004 -0.000006 -24.865482 180.000000 -179.999985 142.701797 180.000000 -179.999985 155.159378
-64.711906 97.395523 1.903819 91.173439 179.294098 -175.985718 0.769114 -4.059723 1.298905 175.178650 170.886795 177.480240 7.751636 -5.646536 -1.887172 169.829132 -170.852188 -177.909454 17.069195 16.820715 0.809258 166.816391 -173.622955 176.497116 179.949066 177.230698 -179.641312 179.949097 177.283752 -179.400497 179.712189 178.025162 -179.231766 0.000025 -3.019253 0.472070 0.000031 -3.522442 0.488921 171.762634 -177.469284 -179.340973 5.817965 1.922490 -1.576288 8.368991 -0.879373 78.360542 179.149292 -179.549927 -177.786316 177.309204 179.539764 174.112930 34.803471 46.500031 12.754816 0.000001 0.000001 15.545012 0.000001 -0.000003 10.352968 0.000000 -0.000000 0.000000 15.000000 -0.000017 32.281662 0.000004 0.000003 26.412262 0.000003 -0.000004 18.488596 0.000000 -0.000000 0.000000 180.000000 -179.999985 -145.352188 180.000000 -179.999985 -145.352188 0.000001 0.000003 23.075445 0.000000 -0.000000 0.000000 170.000000 -180.000000 -149.619385 180.000000 -180.000000 -149.619415 0.000001 0.000003 20.233475 0.000000 -0.000000 0.000000 160.000000 -180.000000 -158.873413 180.000000 179.999985 -148.310120 0.000006 -0.000005 21.105465 175.328262 -179.101746 178.097137 175.908554 178.638855 101.632469 174.550430 178.716660 178.853989 6.576704 0.040538 -3.285673 127.957771 122.543785 154.136978 0.000001 -0.000006 -11.857690 180.000000 -180.000000 172.102783 180.000000 -180.000000 180.000000 165.000015 179.999985 150.411072 0.000004 -0.000001 -24.209135 180.000000 -179.999985 163.053604 180.000000 -180.000000 180.000000 180.000000 -179.999985 147.670639 0.000009 0.000006 -32.329346 0.000000 0.000000 -21.531351 180.000000 -180.000000 180.000000 9.999993 -0.000002 -30.740881 180.000000 -179.999985 149.259109 0.000003 0.000001 -20.473433 180.000000 -180.000000 180.000000 20.000002 -0.000004 -24.892719 180.000000 -180.000000 142.660950 179.999985 -179.999985 155.132172
-64.784935 97.393784 1.955773 91.131264 179.305481 -176.165115 0.769547 -3.875105 1.354088 175.264801 171.035645 177.637741 7.716408 -5.680291 -1.776996 170.536102 -171.519882 -177.727066 16.798424 15.732984 0.735543 166.432022 -173.744659 176.299591 179.942612 177.223389 -179.606537 179.942596 177.276520 -179.342316 179.676758 178.018875 -179.157562 180.000000 -176.966110 -179.411728 180.000000 -176.460480 -179.390732 171.837036 -177.466827 -179.271896 5.793367 1.944507 -1.518246 8.509849 -0.981845 78.253159 179.071152 -179.475555 -177.785583 177.321594 179.537521 174.057297 34.703850 46.455685 12.597805 179.999969 179.999985 -164.482468 179.999985 179.999985 -169.665314 0.000002 -0.000002 -0.000000 14.999874 -0.000026 32.242897 179.999924 -179.999924 -153.619461 179.999985 -179.999924 -161.533615 0.000002 -0.000002 -0.000000 179.999939 -179.999985 -145.355179 179.999969 -179.999954 -145.355194 179.999985 -179.999954 -156.926559 0.000002 -0.000002 -0.000000 169.999863 -179.999969 -149.649460 179.999893 -179.999908 -149.649445 179.999985 -179.999893 -159.786545 0.000002 -0.000002 -0.000000 159.999954 -179.999985 -158.904694 179.999924 -179.999954 -148.357040 179.999969 -179.999969 -158.925797 175.392944 -179.112793 178.029755 175.758209 178.684921 101.632050 174.429901 178.964432 178.778046 6.539226 -0.136486 -3.276943 127.910484 122.460548 153.989197 0.000016 -0.000076 -11.894069 180.000000 -179.999954 172.078568 0.000000 -0.000002 0.000000 165.000137 -179.999817 150.479492 0.000010 -0.000193 -24.153133 179.999969 -179.999863 163.092773 0.000000 -0.000002 0.000000 180.000000 -179.999985 147.651291 179.999985 -179.999985 147.651291 180.000000 -179.999985 158.455780 0.000000 -0.000002 0.000000 9.999994 0.000014 -30.748013 0.000015 0.000034 -30.748039 0.000002 0.000006 -20.478186 0.000000 -0.000002 0.000000 20.000002 0.000031 -24.908634 0.000020 0.000037 -37.362923 0.000016 0.000009 -24.883730
-64.879990 97.253159 2.036748 91.200249 179.367188 -176.281937 0.449571 -3.671545 1.386036 175.686569 171.181305 177.766663 7.548770 -5.690320 -1.667632 171.216492 -172.094955 -177.702881 16.241877 14.871702 0.693777 166.245941 -173.852295 176.163422 179.922745 177.206879 -179.588348 179.922745 177.260208 -179.311325 179.581070 178.004684 -179.121704 180.000000 -176.970810 -179.316086 180.000000 -176.465942 -179.291672 171.907089 -177.478775 -179.217514 5.779831 1.975239 -1.431782 8.647216 -1.034318 78.154091 179.040039 -179.283661 -177.774155 177.326324 179.547745 173.963287 34.522575 46.215607 12.414390 180.000000 -180.000000 -164.450638 180.000000 179.999985 -169.644119 0.000002 -0.000003 0.000002 14.999891 -0.000063 32.304871 179.999924 -179.999924 -153.568756 0.000004 -0.000084 18.501884 0.000002 -0.000003 0.000002 179.999847 -179.999939 -145.366135 179.999893 -179.999847 -145.366135 179.999985 -179.999878 -156.933853 0.000002 -0.000003 0.000002 169.999847 -179.999954 -149.607193 179.999878 -179.999893 -149.607162 179.999985 -179.999893 -159.758377 0.000002 -0.000003 0.000002 159.999954 -179.999985 -158.887741 179.999924 -179.999939 -148.331589 179.999985 -179.999939 -158.908844 175.447647 -179.135101 178.019531 175.702438 178.736328 101.591072 174.333572 179.118286 178.709488 6.533269 -0.163874 -3.254584 127.865059 122.400597 153.839951 0.000008 -0.000043 -11.936028 0.000001 -0.000031 -7.949405 180.000000 -180.000000 180.000000 165.000000 -179.999985 150.312408 179.999985 -179.999985 155.710144 0.000013 0.000003 -17.002893 180.000000 -180.000000 180.000000 0.000002 0.000004 -32.348454 179.999985 -179.999985 147.651520 0.000006 0.000004 -21.544048 180.000000 -180.000000 180.000000 9.999985 0.000011 -30.737722 179.999985 180.000000 149.262283 0.000016 0.000010 -20.471321 180.000000 -180.000000 180.000000 19.999987 0.000002 -24.900757 0.000010 0.000014 -37.351185 0.000024 0.000002 -24.875862
-64.985840 97.111748 2.122867 91.308136 179.446548 -176.361130 179.933655 -176.636887 -178.628876 176.241043 171.426086 177.903976 7.414831 -5.680142 -1.595885 171.891235 -172.641571 -177.755951 15.581683 14.083097 0.680326 166.226654 -173.949402 176.055511 179.898911 177.188339 -179.580154 179.898926 177.241898 -179.296860 179.468246 177.988724 -179.108246 0.000005 -3.020745 0.780198 179.999985 -176.475800 -179.191940 171.968826 -177.494064 -179.162827 5.727403 2.007273 -1.351084 8.659796 -1.174233 78.050598 178.958054 -179.245590 -177.729599 177.373077 179.581818 173.815781 34.738567 46.472786 12.628508 179.999985 179.999985 -164.485199 179.999985 180.000000 -169.667145 0.000003 0.000002 -0.000003 14.999857 -0.000059 32.349453 179.999939 -179.999878 -153.532257 179.999985 -179.999908 -161.472580 0.000003 0.000002 -0.000003 179.999817 -179.999924 -145.315903 179.999893 -179.999847 -145.315903 0.000008 -0.000133 23.099611 0.000003 0.000002 -0.000003 169.999847 -179.999924 -149.565643 179.999878 -179.999847 -149.565598 179.999985 -179.999878 -159.730713 0.000003 0.000002 -0.000003 159.999863 -179.999954 -158.903152 179.999817 -179.999847 -148.354675 179.999954 -179.999847 -158.924210 175.519836 -179.171310 178.002319 175.707291 178.797379 101.553810 174.251205 179.191116 178.652115 6.534081 -0.117718 -3.217879 127.798416 122.350945 153.730011 0.000026 -0.000047 -11.948969 0.000013 -0.000029 -7.958016 180.000000 179.999985 -180.000000 165.000015 -179.999985 150.314529 179.999985 -179.999985 155.711899 0.000007 -0.000002 -17.001673 180.000000 179.999985 -180.000000 179.999985 -179.999985 147.650040 180.000000 -179.999985 147.650040 0.000010 0.000003 -21.545076 180.000000 179.999985 -180.000000 10.000003 0.000013 -30.720982 180.000000 -179.999985 149.279022 0.000013 0.000006 -20.460176 180.000000 179.999985 -180.000000 19.999987 0.000020 -24.885752 0.000010 -0.000008 -37.328606 0.000006 0.000003 -24.860855
-65.093315 96.967484 2.210807 91.448456 179.543961 -176.413696 179.411331 -176.931396 -178.648804 176.706284 171.644257 177.990097 7.335182 -5.671365 -1.526465 172.464691 -173.152466 -177.878845 14.930457 13.359138 0.708210 166.157059 -174.033707 176.000366 179.872635 177.166428 -179.579697 179.872604 177.220276 -179.295166 179.344833 177.970276 -179.112045 179.999985 -176.988907 -179.125885 0.000008 -3.512945 0.905339 172.023239 -177.510239 -179.109406 5.665741 2.032856 -1.260199 8.616950 -1.278979 77.979034 178.927765 -179.340942 -177.714386 177.418747 179.710526 173.695755 34.848034 46.530876 12.787912 179.999985 -179.999985 -164.463531 179.999985 -179.999985 -169.652695 0.000002 -0.000005 -0.000000 14.999876 -0.000088 32.428780 179.999954 -179.999893 -153.467377 0.000013 -0.000091 18.572842 0.000002 -0.000005 -0.000000 179.999863 -179.999924 -145.233383 179.999939 -179.999847 -145.233368 0.000010 -0.000106 23.154562 0.000002 -0.000005 -0.000000 169.999786 -179.999893 -149.526199 179.999878 -179.999817 -149.526184 180.000000 -179.999847 -159.704453 0.000002 -0.000005 -0.000000 159.999893 -179.999969 -158.827835 179.999924 -179.999908 -148.241760 179.999985 -179.999893 -158.849014 175.587860 -179.214661 178.000641 175.740005 178.873718 101.500481 174.202591 179.230484 178.608627 6.541966 -0.019237 -3.174509 127.798088 122.326515 153.668732 0.000053 -0.000039 -11.975711 0.000028 -0.000034 -7.975813 0.000000 -0.000000 0.000000 165.000015 -179.999985 150.307404 0.000009 -0.000010 -24.293947 180.000000 -179.999985 162.994247 0.000000 -0.000000 0.000000 180.000000 -180.000000 147.648605 0.000000 -0.000002 -32.351391 180.000000 -179.999985 158.453964 0.000000 -0.000000 0.000000 10.000010 0.000010 -30.710354 179.999985 -179.999985 149.289642 0.000000 -0.000002 -20.453079 0.000000 -0.000000 0.000000 20.000004 0.000006 -24.875553 180.000000 -179.999985 142.686661 180.000000 179.999985 155.149307
-65.193855 96.720657 2.304270 91.616295 179.650238 -176.450623 178.884201 -177.162140 -178.653046 176.973145 171.807022 178.010727 7.418612 -5.660676 -1.467903 172.978653 -173.632095 -178.076218 14.221960 12.700751 0.774295 166.203171 -174.106049 175.967957 179.843231 177.144196 -179.580597 179.843231 177.198288 -179.295624 179.206985 177.951202 -179.119385 179.999985 -176.997681 -179.042725 179.999985 -176.497299 -179.008545 172.084137 -177.524506 -179.062683 5.635398 2.057141 -1.233558 8.449089 -1.393753 78.003296 178.905548 -179.539764 -177.726990 177.474518 179.834839 173.602539 34.958630 46.548790 12.984903 179.999985 -179.999969 -164.415787 180.000000 -179.999985 -169.620941 180.000000 180.000000 -180.000000 14.999915 -0.000068 32.521770 179.999985 -179.999924 -153.391266 0.000002 -0.000050 18.626099 180.000000 180.000000 -180.000000 179.999939 -179.999954 -145.140259 179.999985 -179.999924 -145.140259 0.000003 -0.000052 23.216587 180.000000 180.000000 -180.000000 169.999924 -179.999939 -149.382019 179.999954 -179.999924 -149.382019 0.000009 -0.000064 20.391571 180.000000 180.000000 -180.000000 159.999924 -179.999939 -158.799149 179.999939 -179.999893 -148.198746 0.000000 -0.000090 21.179663 175.657501 -179.265671 177.993774 175.790115 178.962189 101.431747 174.182220 179.248413 178.578079 6.557594 0.097193 -3.129887 127.904175 122.354599 153.698456 0.000053 -0.000028 -12.019956 0.000033 -0.000025 -8.005297 0.000000 -0.000000 0.000000 165.000000 -179.999985 150.288559 0.000011 -0.000001 -24.309349 180.000000 -179.999985 162.983444 0.000000 -0.000000 0.000000 0.000007 0.000002 -32.358097 0.000006 0.000004 -32.358086 0.000003 0.000001 -21.550501 0.000000 -0.000000 0.000000 10.000001 -0.000001 -30.704132 0.000013 0.000016 -30.704138 180.000000 180.000000 159.551041 0.000000 -0.000000 0.000000 19.999987 0.000009 -24.871563 179.999985 -179.999985 142.692657 0.000006 0.000005 -24.846706
-65.286674 96.713051 2.382241 91.831131 179.766373 -176.481445 178.696838 -177.401413 -178.648422 176.752518 171.986221 177.987289 7.594027 -5.650560 -1.415133 173.304596 -174.074463 -178.359970 13.683167 11.998084 0.955567 166.262466 -174.283508 175.898865 179.813553 177.117767 -179.594559 179.813553 177.172272 -179.317825 179.069778 177.929916 -179.155258 179.999985 -176.999832 -178.948700 0.000000 -3.500202 1.088832 172.108139 -177.534821 -179.006943 5.611821 2.069549 -1.173048 8.255597 -1.470350 78.067245 178.933533 -179.651886 -177.702545 177.510712 179.873627 173.512329 35.073051 46.560356 13.216539 180.000000 -179.999954 -164.351212 0.000003 -0.000027 10.422122 0.000000 -0.000000 0.000000 14.999978 -0.000061 32.617481 179.999985 -179.999969 -153.312973 0.000012 -0.000031 18.680912 0.000000 -0.000000 0.000000 0.000007 0.000007 34.978004 180.000000 179.999985 -145.021957 180.000000 179.999985 -156.704636 0.000000 -0.000000 0.000000 169.999985 -179.999969 -149.298172 180.000000 -179.999954 -149.298203 0.000015 -0.000032 20.447407 0.000000 -0.000000 0.000000 160.000000 -179.999969 -158.720795 179.999985 -179.999939 -148.081161 0.000024 -0.000022 21.257959 175.683594 -179.312668 178.059570 175.853897 179.050446 101.335823 174.184250 179.264603 178.559189 6.582971 0.217460 -3.084456 128.001251 122.405037 153.750153 0.000071 -0.000019 -12.052086 0.000042 -0.000018 -8.026662 0.000002 -0.000000 0.000000 165.000015 179.999985 150.274078 0.000012 -0.000008 -24.321224 180.000000 -179.999985 162.975159 0.000002 -0.000000 0.000000 0.000006 -0.000007 -32.371357 0.000003 0.000002 -32.371365 0.000004 -0.000002 -21.559326 0.000002 -0.000000 0.000000 10.000039 0.000007 -30.650061 0.000018 -0.000029 -30.650043 0.000004 -0.000024 -20.412941 0.000002 -0.000000 0.000000 20.000000 -0.000018 -24.883759 180.000000 -180.000000 142.674332 180.000000 180.000000 155.141113
-65.359863 96.706673 2.465908 92.020393 179.839752 -176.504944 178.512695 -177.663879 -178.662476 176.583511 172.217041 177.985001 7.743257 -5.656543 -1.360211 173.537918 -174.405212 -178.696381 13.256336 11.368610 1.216037 166.355148 -174.412674 175.846741 179.792297 177.101456 -179.613785 179.792297 177.156235 -179.349106 178.972809 177.917160 -179.200989 0.000023 -3.008307 1.138049 0.000030 -3.509691 1.178695 172.117813 -177.536011 -178.953735 5.570379 2.072162 -1.135089 8.034564 -1.591890 78.181702 178.929306 -179.774902 -177.668076 177.550644 179.845535 173.444870 35.173325 46.557220 13.448986 180.000000 -179.999985 -164.277267 0.000005 -0.000006 10.471330 0.000000 -0.000000 0.000000 15.000002 -0.000008 32.708794 0.000003 -0.000003 26.761730 0.000009 -0.000007 18.733208 0.000000 -0.000000 0.000000 0.000000 -0.000016 34.913609 0.000028 -0.000015 34.913597 0.000034 -0.000006 23.252451 0.000000 -0.000000 0.000000 170.000000 179.999985 -149.217804 0.000002 -0.000006 30.782181 0.000001 0.000003 20.500938 0.000000 -0.000000 0.000000 160.000015 -179.999985 -158.657990 0.000005 0.000000 32.013020 0.000004 0.000001 21.320675 175.704224 -179.356644 178.117325 175.905396 179.139832 101.255379 174.197708 179.278198 178.541214 6.619152 0.308934 -3.041230 128.182968 122.505318 153.896881 0.000054 -0.000016 -12.088006 0.000027 -0.000023 -8.050591 0.000000 -0.000000 0.000000 165.000000 179.999985 150.249969 180.000000 -179.999985 155.659088 0.000006 0.000004 -17.038654 0.000000 -0.000000 0.000000 0.000007 0.000007 -32.387924 180.000000 179.999985 147.612076 179.999985 -179.999985 158.429642 0.000000 -0.000000 0.000000 10.000004 0.000014 -30.820211 180.000000 -179.999985 149.179794 0.000011 -0.000002 -20.526245 0.000000 -0.000000 0.000000 19.999994 0.000003 -24.904549 0.000002 0.000006 -37.356834 179.999985 -179.999985 155.120361
-65.414864 96.699478 2.550242 92.215004 179.893753 -176.539505 178.627747 -177.854752 -178.649124 176.142517 172.410110 177.945984 7.851906 -5.665221 -1.287458 174.059402 -174.634415 -179.104858 12.610445 10.836570 1.557864 166.383926 -174.509430 175.815598 179.774979 177.088043 -179.634109 179.774994 177.143051 -179.382324 178.894547 177.907043 -179.248322 0.000047 -3.026389 1.217507 0.000058 -3.530788 1.260989 172.114822 -177.528290 -178.903168 5.582874 2.075015 -1.126114 7.820246 -1.686143 78.361084 178.945282 -179.793259 -177.636032 177.554443 179.719910 173.451309 35.247242 46.611595 13.549211 180.000000 179.999985 -164.269424 180.000000 179.999985 -169.523422 0.000000 -0.000000 0.000000 15.000008 -0.000000 32.741432 0.000002 -0.000006 26.788448 0.000003 -0.000006 18.751905 0.000000 -0.000000 0.000000 0.000003 -0.000003 35.034481 0.000003 -0.000003 35.034489 0.000006 -0.000004 23.332968 0.000000 -0.000000 0.000000 170.000000 179.999985 -149.172226 179.999985 179.999985 -149.172211 179.999985 -179.999985 -159.468704 0.000000 -0.000000 0.000000 160.000015 179.999985 -158.602585 179.999985 179.999985 -147.903870 179.999985 179.999985 -158.623978 175.683746 -179.388168 178.208847 175.937149 179.221695 101.154678 174.225449 179.337845 178.523621 6.668976 0.382692 -3.003418 128.285126 122.546913 153.934418 0.000032 -0.000014 -12.128382 0.000021 -0.000014 -8.077501 0.000000 -0.000000 0.000000 165.000000 -179.999985 150.250198 180.000000 -180.000000 155.659256 180.000000 179.999985 162.961502 0.000000 -0.000000 0.000000 179.999985 -179.999985 147.610229 180.000000 -179.999985 147.610245 0.000002 0.000007 -21.571587 0.000000 -0.000000 0.000000 9.999987 -0.000001 -30.827419 0.000001 0.000009 -30.827431 179.999985 -179.999985 159.468948 0.000000 -0.000000 0.000000 20.000023 0.000021 -24.853437 0.000042 0.000025 -37.280121 0.000040 -0.000009 -24.828585
-65.457939 96.690460 2.630957 92.410454 179.926483 -176.586365 178.802002 -178.046906 -178.642792 175.686310 172.620819 177.941467 7.922406 -5.678532 -1.222327 174.577194 -174.792999 -179.449554 12.056744 10.411440 1.871662 166.344604 -174.568268 175.809296 179.762024 177.076599 -179.654800 179.762024 177.131836 -179.416336 178.836700 177.898895 -179.295700 0.000072 -3.056105 1.288902 0.000088 -3.565465 1.334941 172.099899 -177.510239 -178.855530 5.553402 2.059273 -1.074193 7.777567 -1.713032 78.531967 178.979645 -179.611465 -177.608932 177.546555 179.577530 173.427917 35.381416 46.702763 13.706557 179.999985 179.999985 -164.266174 179.999985 179.999985 -169.521286 0.000002 -0.000002 -0.000000 14.999965 0.000008 32.801987 179.999985 -179.999985 -153.162003 179.999985 -179.999985 -161.213409 0.000002 -0.000002 -0.000000 179.999954 179.999985 -144.919724 179.999969 -179.999985 -144.919724 179.999985 -179.999985 -156.636520 0.000002 -0.000002 -0.000000 169.999969 179.999985 -149.207916 179.999954 -179.999985 -149.207901 179.999985 -179.999985 -159.492462 0.000002 -0.000002 -0.000000 160.000061 -179.999985 -158.718018 0.000092 0.000004 31.922955 0.000049 0.000039 21.260696 175.639877 -179.405853 178.310623 175.950928 179.287140 101.068649 174.248428 179.421814 178.491714 6.730428 0.444717 -2.970371 128.346909 122.575775 153.946793 0.000016 -0.000009 -12.158546 0.000006 -0.000006 -8.097583 0.000000 -0.000000 0.000000 165.000015 179.999985 150.248795 180.000000 179.999985 155.658112 180.000000 -179.999985 162.960663 0.000000 -0.000000 0.000000 180.000000 -179.999985 147.613586 180.000000 179.999985 147.613602 0.000000 0.000000 -21.569359 0.000000 -0.000000 0.000000 10.000004 -0.000010 -30.825283 179.999985 179.999985 149.174728 0.000006 0.000006 -20.529640 0.000000 -0.000000 0.000000 19.999990 0.000006 -25.027987 180.000000 -179.999985 142.458038 180.000000 -180.000000 154.997040
-65.499466 96.677742 2.708481 92.597458 179.952087 -176.646561 179.032745 -178.268356 -178.659683 175.251328 172.856110 177.988510 7.932826 -5.696688 -1.167620 175.000214 -174.925964 -179.698471 11.715958 10.055683 2.124709 166.187866 -174.594849 175.830948 179.755249 177.062164 -179.677399 179.755264 177.117706 -179.453705 178.808151 177.889359 -179.346069 0.000076 -3.096071 1.354410 0.000088 -3.612085 1.402789 172.066483 -177.483337 -178.809387 5.568501 2.047052 -1.058330 7.729011 -1.742728 78.745163 179.017975 -179.385437 -177.563156 177.532074 179.354126 173.444382 35.459660 46.803383 13.754672 179.999985 179.999985 -164.295349 179.999985 179.999985 -169.540710 0.000000 0.000003 0.000000 15.000012 -0.000000 32.689938 0.000013 0.000009 26.746321 0.000001 0.000007 18.722427 0.000000 0.000003 0.000000 0.000008 -0.000003 34.981525 0.000001 0.000002 34.981533 0.000001 0.000005 23.297707 0.000000 0.000003 0.000000 170.000046 -179.999985 -149.319351 0.000033 0.000017 30.680639 0.000005 0.000029 20.433290 0.000000 0.000003 0.000000 159.999939 179.999985 -158.589218 179.999908 -179.999985 -147.883820 179.999969 -179.999954 -158.610626 175.566925 -179.407379 178.429504 175.967316 179.353546 100.939545 174.287399 179.510468 178.502350 6.796202 0.524625 -2.935396 128.354645 122.570351 153.915176 0.000008 -0.000006 -12.177524 0.000003 -0.000006 -8.110222 0.000000 -0.000000 0.000000 165.000000 -180.000000 150.249954 0.000003 0.000001 -24.340958 180.000000 179.999985 162.961349 0.000000 -0.000000 0.000000 179.999985 -179.999985 147.621811 179.999985 -179.999985 147.621796 179.999985 179.999985 158.436111 0.000000 -0.000000 0.000000 9.999990 -0.000001 -30.808805 179.999985 -179.999985 149.191177 179.999985 -179.999985 159.481354 0.000000 -0.000000 0.000000 20.000002 -0.000003 -25.020447 179.999985 -179.999985 142.469299 180.000000 -179.999985 155.004562
-65.547928 96.660934 2.781313 92.766182 179.977036 -176.721664 179.111786 -178.461716 -178.688950 175.045380 173.019150 178.085754 7.890186 -5.743786 -1.145898 175.335236 -175.080566 -179.838577 11.392569 9.815626 2.276542 166.111725 -174.497650 175.884079 179.751297 177.043594 -179.690918 179.751312 177.099518 -179.476044 178.791428 177.876617 -179.376358 0.000097 -3.144249 1.396997 0.000105 -3.668296 1.446907 172.049393 -177.446991 -178.776764 5.545780 2.022490 -1.024828 7.664530 -1.784494 78.911743 179.027893 -179.321411 -177.554626 177.527435 179.173096 173.495255 35.522694 46.907143 13.795589 179.999985 179.999985 -164.322174 179.999985 179.999985 -169.558563 180.000000 -180.000000 -180.000000 14.999985 -0.000007 32.731651 179.999985 -179.999985 -153.219559 180.000000 -179.999985 -161.253693 180.000000 -180.000000 -180.000000 179.999969 -179.999985 -144.996109 179.999985 -179.999985 -144.996094 179.999985 -179.999985 -156.687408 180.000000 -180.000000 -180.000000 169.999969 179.999985 -149.239960 179.999985 -179.999985 -149.239944 179.999985 -179.999985 -159.513809 180.000000 -180.000000 -180.000000 160.000031 -179.999985 -158.698257 0.000047 0.000015 31.952620 0.000019 0.000026 21.280436 175.497086 -179.398102 178.512711 175.919540 179.418915 100.827522 174.341614 179.656204 178.518585 6.864789 0.620320 -2.913430 128.321213 122.544395 153.853195 0.000007 -0.000005 -12.187242 0.000004 -0.000005 -8.116716 180.000000 180.000000 -180.000000 165.000000 180.000000 150.257462 179.999985 179.999985 155.665222 180.000000 180.000000 162.965622 180.000000 180.000000 -180.000000 0.000004 0.000003 -32.339397 0.000002 0.000005 -32.339397 0.000007 0.000000 -21.538044 180.000000 180.000000 -180.000000 10.000009 -0.000009 -30.775066 0.000003 0.000001 -30.775063 179.999985 -179.999985 159.503830 180.000000 180.000000 -180.000000 20.000000 0.000003 -24.994164 179.999985 -179.999985 142.508728 0.000001 -0.000003 -24.969183
-65.604935 96.642723 2.853752 92.911766 -179.989105 -176.810898 179.159409 -178.673721 -178.739990 174.876526 173.291000 178.192886 7.869633 -5.683624 -1.104488 175.692993 -175.296371 -179.891006 11.140309 9.562304 2.331738 165.929199 -174.420273 175.945465 179.752762 177.018661 -179.702118 179.752762 177.075089 -179.494659 178.799545 177.859650 -179.400650 0.000127 -3.199175 1.428366 0.000131 -3.732374 1.479403 172.031174 -177.403870 -178.750031 5.563310 1.994484 -1.039695 7.756155 -1.744600 79.120529 179.081039 -179.133545 -177.568512 177.524368 179.033249 173.563339 35.568710 46.993923 13.816069 179.999985 179.999985 -164.348602 179.999985 179.999985 -169.576187 0.000000 -0.000002 0.000000 14.999973 0.000003 32.696270 179.999985 -179.999985 -153.248489 179.999985 -179.999985 -161.273941 0.000000 -0.000002 0.000000 179.999969 -179.999985 -145.040192 179.999969 -179.999985 -145.040192 179.999985 -179.999985 -156.716766 0.000000 -0.000002 0.000000 169.999969 179.999985 -149.287613 179.999985 -179.999985 -149.287613 179.999985 -179.999985 -159.545547 0.000000 -0.000002 0.000000 160.000000 179.999985 -158.644852 179.999985 -179.999985 -147.967285 179.999985 -179.999985 -158.666245 175.418701 -179.379517 178.586533 175.843491 179.477203 100.736870 174.395691 179.863724 178.490570 6.943231 0.785447 -2.844413 128.329163 122.528091 153.814697 0.000000 -0.000003 -12.208039 0.000001 -0.000001 -8.130553 0.000000 -0.000000 0.000000 165.000015 -179.999985 150.277527 180.000000 -179.999985 155.681625 180.000000 -179.999985 162.977127 0.000000 -0.000000 0.000000 0.000000 -0.000012 -32.381554 180.000000 -179.999985 147.618454 179.999985 -179.999985 158.433899 0.000000 -0.000000 0.000000 10.000010 -0.000013 -30.723362 179.999985 -179.999985 149.276657 0.000002 -0.000008 -20.461754 0.000000 -0.000000 0.000000 20.000021 -0.000024 -24.966255 0.000013 -0.000050 -37.449379 180.000000 -179.999985 155.058716
-65.668968 96.621941 2.930412 93.036667 -179.942215 -176.912781 179.050705 -178.901855 -178.808273 174.843430 173.573669 178.349014 7.897506 -5.599649 -1.100788 175.771896 -175.570786 -179.839432 11.211968 9.292294 2.311117 165.698761 -174.333862 175.997803 179.758728 176.986450 -179.709915 179.758743 177.043549 -179.507782 178.828201 177.837631 -179.416855 0.000122 -3.260471 1.446592 0.000142 -3.803885 1.498282 172.011932 -177.354080 -178.730362 5.572746 1.954220 -1.049778 7.966038 -1.670708 79.301559 179.129974 -178.881058 -177.591736 177.522995 178.914185 173.633240 35.597961 47.064240 13.819977 179.999985 179.999985 -164.372879 179.999985 179.999985 -169.592346 0.000000 -0.000000 0.000000 14.999965 0.000005 32.655792 179.999969 -179.999985 -153.281647 179.999985 -179.999985 -161.297150 0.000000 -0.000000 0.000000 179.999969 179.999985 -145.088989 179.999985 -179.999985 -145.088989 0.000000 -0.000033 23.250742 0.000000 -0.000000 0.000000 169.999969 179.999985 -149.341156 179.999969 -179.999985 -149.341171 179.999985 -179.999985 -159.581223 0.000000 -0.000000 0.000000 159.999969 -180.000000 -158.659531 179.999954 -179.999985 -147.989288 179.999985 -179.999985 -158.680847 175.338196 -179.353973 178.648087 175.769974 179.536301 100.660622 174.448135 -179.959229 178.464722 7.027061 0.975142 -2.773417 128.269043 122.473335 153.717026 0.000003 0.000000 -12.217376 180.000000 -179.999985 171.863235 0.000000 -0.000000 0.000000 165.000000 179.999985 150.311829 179.999985 -179.999985 155.709702 180.000000 180.000000 162.996780 0.000000 -0.000000 0.000000 0.000007 -0.000012 -32.314964 0.000005 -0.000004 -32.314980 180.000000 -179.999985 158.478226 0.000000 -0.000000 0.000000 10.000010 -0.000010 -30.652803 0.000006 -0.000009 -30.652803 179.999985 -179.999985 159.585236 0.000000 -0.000000 0.000000 19.999994 -0.000006 -24.833773 0.000006 -0.000007 -37.250664 180.000000 -179.999985 155.191071
-65.739151 96.620964 3.014891 93.141243 -179.880020 -177.028305 178.870514 -179.150421 -178.877823 174.825256 173.892517 178.520020 8.004536 -5.474671 -1.116336 175.839371 -175.888672 -179.778259 11.327509 8.996719 2.290150 165.445404 -174.249176 176.034515 179.768661 176.947449 -179.713547 179.768677 177.005325 -179.514099 178.874619 177.810806 -179.423386 0.000124 -3.326359 1.451755 0.000152 -3.880755 1.503633 171.993896 -177.299103 -178.718079 5.621396 1.918402 -1.105106 8.134639 -1.623071 79.489449 179.160721 -178.721451 -177.622009 177.525421 178.807220 173.746078 35.560139 47.099861 13.732671 180.000000 179.999985 -164.406998 180.000000 -180.000000 -169.615067 0.000000 -0.000000 0.000000 14.999975 -0.000000 32.589745 179.999985 -179.999985 -153.335678 180.000000 -179.999985 -161.334976 0.000000 -0.000000 0.000000 179.999985 179.999985 -145.160034 179.999985 -179.999985 -145.160034 179.999985 -179.999985 -156.796585 0.000000 -0.000000 0.000000 169.999985 179.999985 -149.417404 179.999985 -179.999985 -149.417404 179.999985 -179.999985 -159.632004 0.000000 -0.000000 0.000000 159.999985 179.999985 -158.721924 179.999985 -179.999985 -148.082870 180.000000 -179.999985 -158.743195 175.256058 -179.326523 178.696777 175.693649 179.610794 100.588539 174.510941 -179.803040 178.450104 7.119837 1.182341 -2.695407 128.261505 122.446007 153.707306 0.000002 -0.000008 -12.214020 180.000000 -179.999985 171.865463 0.000002 0.000002 0.000000 165.000015 179.999985 150.351807 179.999985 -179.999985 155.742401 0.000004 -0.000003 -16.980324 0.000002 0.000002 0.000000 0.000007 0.000002 -32.245045 0.000004 -0.000014 -32.245033 179.999985 -179.999985 158.524796 0.000002 0.000002 0.000000 10.000016 -0.000010 -30.574877 0.000006 -0.000009 -30.574871 0.000001 -0.000005 -20.362871 0.000002 0.000002 0.000000 20.000008 -0.000007 -24.824903 0.000013 -0.000017 -37.237373 180.000000 -179.999985 155.199921
-65.810509 96.625900 3.105673 93.225891 -179.804916 -177.155853 178.691010 -179.407410 -178.932129 174.823792 174.204773 178.687103 8.113696 -5.344160 -1.144947 175.950134 -176.229324 -179.723282 11.422703 8.683268 2.280761 165.181580 -174.177917 176.056763 179.782089 176.903809 -179.713135 179.782104 176.962570 -179.513779 178.936722 177.780731 -179.420471 0.000131 -3.395625 1.444521 0.000133 -3.961563 1.496148 171.980011 -177.239914 -178.713028 5.633478 1.872475 -1.114718 8.410990 -1.546055 79.609200 179.188843 -178.542435 -177.671616 177.523468 178.774338 173.838959 35.536259 47.132015 13.695134 180.000000 -180.000000 -164.421570 0.000000 -0.000000 10.375225 0.000003 -0.000000 0.000002 14.999997 0.000003 32.535816 179.999985 180.000000 -153.379791 179.999985 -179.999985 -161.365875 0.000003 -0.000000 0.000002 179.999985 -180.000000 -145.219742 179.999985 -180.000000 -145.219742 180.000000 -179.999985 -156.836365 0.000003 -0.000000 0.000002 170.000000 179.999985 -149.479095 180.000000 -179.999985 -149.479111 180.000000 -179.999985 -159.673096 0.000003 -0.000000 0.000002 159.999985 179.999985 -158.774933 179.999985 179.999985 -148.162399 180.000000 -179.999985 -158.796158 175.176086 -179.303009 178.733063 175.618668 179.702118 100.551422 174.579910 -179.666031 178.414352 7.221031 1.406145 -2.607129 128.295868 122.431030 153.455536 180.000000 180.000000 167.644424 0.000001 0.000001 -8.228817 180.000000 -180.000000 180.000000 165.000000 -179.999985 150.398560 0.000008 0.000010 -24.219337 179.999985 -179.999985 163.046463 180.000000 -180.000000 180.000000 0.000001 0.000002 -32.166183 180.000000 -179.999985 147.833817 179.999985 -179.999985 158.577316 180.000000 -180.000000 180.000000 10.000006 -0.000014 -30.497480 0.000004 -0.000013 -30.497475 0.000007 0.000001 -20.311323 180.000000 -180.000000 180.000000 20.000002 -0.000003 -24.750088 0.000002 -0.000005 -37.125126 180.000000 -179.999985 155.274658
-65.881912 96.631310 3.201834 93.304787 -179.718628 -177.291214 178.509766 -179.677887 -178.985519 174.879303 174.428162 178.859848 8.172341 -5.302104 -1.190025 176.115143 -176.567993 -179.673691 11.660259 8.374881 2.295046 164.727722 -174.104355 176.083206 179.796890 176.855637 -179.710449 179.796906 176.915375 -179.509766 179.004471 177.747528 -179.412582 0.000029 -3.467216 1.432285 0.000034 -4.045091 1.483440 171.962677 -177.178284 -178.710602 5.709836 1.829247 -1.174720 8.772773 -1.457929 79.754539 179.204773 -178.264236 -177.716278 177.525360 178.776321 173.947174 35.491772 47.157063 13.641177 179.999954 -179.999985 -164.434113 179.999985 -179.999985 -169.633102 0.000000 -0.000000 0.000002 14.999794 0.000026 32.465229 179.999863 -179.999924 -153.437576 179.999924 -179.999893 -161.406311 0.000000 -0.000000 0.000002 179.999329 179.999969 -145.106857 179.999435 -179.999664 -145.106827 179.999817 -179.999588 -156.761154 0.000000 -0.000000 0.000002 169.999741 179.999969 -149.549759 179.999786 -179.999878 -149.549805 179.999893 -179.999878 -159.720169 0.000000 -0.000000 0.000002 159.999802 179.999985 -158.817459 179.999710 -179.999893 -148.226151 179.999878 -179.999847 -158.838593 175.090286 -179.285126 178.756027 175.585480 179.793884 100.523285 174.634674 -179.594452 178.384079 7.304621 1.634352 -2.515941 128.333603 122.372719 153.376358 0.000010 0.000004 -12.405484 0.000009 0.000003 -8.262044 180.000000 -180.000000 180.000000 165.000031 -179.999985 150.448547 180.000000 -179.999939 155.821533 179.999985 -179.999985 163.075073 180.000000 -180.000000 180.000000 0.000041 -0.000031 -32.063576 0.000001 -0.000064 -32.063587 180.000000 -179.999985 158.645630 180.000000 -180.000000 180.000000 10.000051 -0.000037 -30.403084 0.000004 -0.000068 -30.403049 179.999985 -179.999954 159.751556 180.000000 -180.000000 180.000000 20.000055 -0.000060 -24.656950 0.000032 -0.000097 -36.985390 179.999985 -179.999924 155.367676
-65.955269 96.663330 3.300873 93.353561 -179.618347 -177.442062 178.398621 -179.933090 -178.979385 174.741531 174.720551 179.016296 8.389331 -5.148852 -1.276097 176.449570 -176.932007 -179.627045 11.414391 8.033056 2.282110 164.600601 -174.079437 176.082169 179.816345 176.806625 -179.701447 179.816345 176.867355 -179.495377 179.093277 177.713715 -179.389786 0.000026 -3.537901 1.401682 0.000044 -4.127553 1.451743 171.958527 -177.115295 -178.720016 5.716475 1.790355 -1.163701 8.875751 -1.417377 79.829964 179.226807 -178.342743 -177.816620 177.511597 178.810837 174.033218 35.473186 47.167622 13.580894 0.000003 -0.000003 15.541739 0.000004 0.000001 10.350766 0.000000 0.000000 -0.000002 14.999821 0.000018 32.419510 179.999863 -179.999939 -153.474945 179.999969 -179.999908 -161.432465 0.000000 0.000000 -0.000002 179.999832 179.999985 -145.349457 179.999847 -179.999924 -145.349442 179.999954 -179.999893 -156.922745 0.000000 0.000000 -0.000002 169.999832 179.999985 -149.618347 179.999863 -179.999939 -149.618347 179.999954 -179.999908 -159.765808 0.000000 0.000000 -0.000002 159.999893 179.999985 -158.883942 179.999847 -179.999954 -148.325928 179.999924 -179.999893 -158.905060 175.002991 -179.275925 178.784363 175.619278 179.968140 100.428963 174.755234 -179.609283 178.431244 7.427130 1.849643 -2.433820 128.569778 122.453835 153.625870 0.000005 0.000008 -12.414579 0.000003 0.000002 -8.268106 180.000000 180.000000 179.999985 165.000015 -179.999985 150.492737 179.999985 -179.999969 155.857712 180.000000 -179.999985 163.100403 180.000000 180.000000 179.999985 0.000019 -0.000046 -32.043850 180.000000 -179.999954 147.956161 179.999985 -179.999985 158.658798 180.000000 180.000000 179.999985 10.000042 -0.000030 -30.352886 180.000000 -179.999954 149.647125 179.999985 -179.999985 159.785004 180.000000 180.000000 179.999985 19.999990 -0.000022 -24.608171 0.000020 -0.000071 -36.912292 179.999985 -179.999969 155.416412
-66.023705 96.675964 3.397381 93.387634 -179.517426 -177.596176 178.318665 179.839737 -178.940903 174.730270 174.958328 179.141037 8.464145 -5.016463 -1.352719 176.659607 -177.305450 -179.573959 11.110433 7.668962 2.249192 164.663483 -174.087692 176.073730 179.838257 176.759476 -179.690353 179.838226 176.821182 -179.477631 179.193085 177.681412 -179.361832 0.000035 -3.607363 1.362913 0.000021 -4.208590 1.411595 171.963348 -177.052277 -178.735016 5.615003 1.763512 -1.107571 9.129304 -1.419696 79.793045 179.205032 -178.333206 -177.868973 177.490326 178.803467 174.089340 35.458820 47.085518 13.687911 179.999741 -179.999847 -164.382812 179.999863 -179.999847 -169.598953 0.000003 0.000005 0.000000 14.999898 0.000009 32.365211 179.999924 -179.999969 -153.519394 179.999969 -179.999954 -161.463562 0.000003 0.000005 0.000000 179.999908 179.999985 -145.406418 179.999908 -179.999969 -145.406403 179.999985 -179.999954 -156.960663 0.000003 0.000005 0.000000 169.999924 179.999985 -149.678802 179.999939 -179.999985 -149.678833 179.999969 -179.999969 -159.806091 0.000003 0.000005 0.000000 159.999939 179.999985 -158.936325 179.999924 -179.999985 -148.404495 179.999954 -179.999969 -158.957382 174.981995 -179.243423 178.771912 175.622482 -179.846237 100.342979 174.907440 -179.648254 178.498245 7.546921 2.062886 -2.329074 128.704620 122.461945 153.755096 0.000008 0.000009 -12.420307 0.000004 0.000000 -8.271922 180.000000 -180.000000 -180.000000 165.000000 -179.999985 150.534790 179.999985 -179.999985 155.892090 179.999985 -179.999985 163.124481 180.000000 -180.000000 -180.000000 180.000000 -179.999985 148.025604 180.000000 -179.999985 148.025589 179.999985 -179.999985 158.705063 180.000000 -180.000000 -180.000000 9.999991 -0.000008 -30.303925 179.999985 -179.999985 149.696075 180.000000 -179.999985 159.817581 180.000000 -180.000000 -180.000000 19.999987 -0.000023 -24.556919 179.999985 -179.999985 143.164597 180.000000 -179.999985 155.467651
-66.087883 96.693436 3.492253 93.409172 -179.423645 -177.750076 178.108658 179.621063 -178.890457 174.818268 175.224777 179.251785 8.583291 -4.847605 -1.419291 176.801392 -177.673477 -179.508774 10.754753 7.297912 2.194881 164.852570 -174.124588 176.060165 179.862061 176.718582 -179.677795 179.862061 176.781143 -179.457581 179.301849 177.653824 -179.330170 0.000046 -3.666059 1.329408 0.000060 -4.277069 1.376889 171.943832 -176.999161 -178.746658 5.632800 1.723852 -1.082392 9.189480 -1.437550 79.776062 179.172729 -178.354889 -177.916321 177.463928 178.788040 174.123993 35.268917 47.216957 13.267822 180.000000 -179.999985 -164.535782 0.000001 -0.000006 10.299161 0.000002 -0.000005 -0.000000 14.999949 0.000011 32.320217 179.999969 -179.999985 -153.556183 179.999985 -179.999985 -161.489349 0.000002 -0.000005 -0.000000 179.999969 179.999985 -145.448654 179.999969 -179.999985 -145.448669 179.999985 -179.999985 -156.988815 0.000002 -0.000005 -0.000000 169.999969 179.999985 -149.721817 179.999985 -179.999985 -149.721771 179.999985 -179.999985 -159.834732 0.000002 -0.000005 -0.000000 159.999985 179.999985 -158.970978 179.999969 179.999985 -148.456451 179.999985 -179.999985 -158.992020 174.979782 -179.204407 178.754196 175.640472 -179.638138 100.234276 175.085648 -179.711502 178.577271 7.662946 2.251550 -2.204262 128.872665 122.486969 153.916519 0.000001 0.000004 -12.429519 0.000003 0.000000 -8.278077 180.000000 -180.000000 180.000000 165.000000 -179.999985 150.555283 0.000002 0.000006 -24.091124 180.000000 180.000000 163.136230 180.000000 -180.000000 180.000000 179.999985 -179.999985 148.054550 0.000003 0.000002 -31.945475 180.000000 180.000000 158.724319 180.000000 -180.000000 180.000000 9.999997 -0.000007 -30.267313 180.000000 179.999985 149.732712 0.000003 0.000001 -20.158024 180.000000 -180.000000 180.000000 19.999969 -0.000006 -24.537050 179.999985 -180.000000 143.194397 179.999985 179.999985 155.487457
-66.145119 96.715881 3.585582 93.421036 -179.350388 -177.895508 177.895645 179.410202 -178.843719 174.883804 175.554123 179.359558 8.738960 -4.628171 -1.463992 176.818512 -178.014191 -179.437332 10.327937 6.926295 2.118682 165.240463 -174.196472 176.035278 179.886978 176.688873 -179.665863 179.887009 176.752090 -179.438599 179.415970 177.634476 -179.299423 0.000027 -3.735120 1.264557 0.000037 -4.357637 1.309736 172.010971 -176.932800 -178.781265 5.616844 1.692031 -1.042764 9.247939 -1.483337 79.725014 179.127518 -178.319382 -177.943924 177.432114 178.721664 174.123672 35.114655 47.076862 13.055659 180.000000 179.999985 -164.548599 180.000000 179.999985 -169.709351 0.000000 -0.000000 0.000000 14.999844 0.000046 32.366821 179.999863 -179.999969 -153.518051 179.999939 -179.999939 -161.462646 0.000000 -0.000000 0.000000 180.000000 179.999985 -145.482300 0.000000 0.000001 34.517693 180.000000 -179.999985 -157.011215 0.000000 -0.000000 0.000000 170.000015 -179.999985 -149.751892 179.999985 -179.999985 -149.751892 180.000000 180.000000 -159.854752 0.000000 -0.000000 0.000000 160.000000 -179.999985 -159.003204 0.000003 0.000019 31.495184 0.000001 -0.000011 20.975775 174.993881 -179.154251 178.737656 175.651779 -179.414841 100.104202 175.287399 -179.769745 178.660034 7.768460 2.393799 -2.055348 129.158157 122.590431 154.192642 180.000000 -179.999985 167.546188 0.000002 0.000003 -8.294247 0.000000 -0.000002 -0.000002 165.000000 179.999985 150.565323 180.000000 179.999985 155.917068 179.999985 179.999985 163.141968 0.000000 -0.000002 -0.000002 0.000010 0.000003 -31.935587 0.000007 -0.000001 -31.935585 0.000003 0.000001 -21.269100 0.000000 -0.000002 -0.000002 9.999996 0.000009 -30.260447 180.000000 -179.999985 149.739563 0.000000 -0.000002 -20.153446 0.000000 -0.000002 -0.000002 20.000013 0.000002 -24.510511 180.000000 -179.999985 143.234268 0.000002 -0.000008 -24.486002
-66.195747 96.742859 3.677806 93.427979 -179.301025 -178.031387 177.644485 179.202728 -178.809219 174.904602 175.944260 179.474487 8.983934 -4.361576 -1.512843 176.768066 -178.320648 -179.358795 9.938184 6.562708 2.030747 165.660919 -174.293716 176.002747 179.911606 176.673523 -179.654877 179.911621 176.737122 -179.421265 179.528992 177.625504 -179.270676 0.000002 -3.795868 1.194746 179.999985 -175.571487 -178.762573 172.096466 -176.872650 -178.821060 5.554214 1.679528 -0.981152 9.287633 -1.559567 79.650627 179.079758 -178.293045 -177.974899 177.397614 178.662033 174.105423 34.937160 46.874901 12.836083 0.000003 -0.000001 15.456531 0.000001 -0.000004 10.294061 0.000000 0.000003 0.000000 15.000010 -0.000007 32.146576 0.000007 -0.000002 26.301760 0.000004 0.000005 18.411213 0.000000 0.000003 0.000000 180.000000 -180.000000 -145.495209 180.000000 179.999985 -145.495239 0.000004 0.000001 22.980185 0.000000 0.000003 0.000000 170.000000 180.000000 -149.759964 0.000002 -0.000006 30.240000 0.000000 0.000002 20.139828 0.000000 0.000003 0.000000 160.000000 -179.999985 -159.014114 180.000000 179.999985 -148.521133 0.000008 0.000005 20.964903 175.023514 -179.103546 178.729584 175.698517 -179.175339 99.945541 175.502762 -179.845505 178.736679 7.901521 2.508699 -1.906031 128.752319 122.376022 153.844879 0.000057 0.000017 -12.386076 0.000042 0.000005 -8.249132 0.000000 0.000002 0.000000 165.000000 -179.999985 150.587906 0.000003 0.000001 -24.064394 180.000000 -180.000000 163.154907 0.000000 0.000002 0.000000 0.000034 0.000004 -31.928415 0.000024 -0.000010 -31.928436 180.000000 -179.999985 158.735657 0.000000 0.000002 0.000000 10.000031 0.000000 -30.246229 0.000010 -0.000011 -30.246243 0.000016 -0.000013 -20.143990 0.000000 0.000002 0.000000 20.000038 0.000006 -24.493057 0.000020 -0.000017 -36.739578 0.000018 -0.000017 -24.468542
-66.248970 96.773544 3.772808 93.428925 -179.281708 -178.152924 177.377319 178.993546 -178.794403 175.181900 176.256317 179.591919 8.993526 -4.202565 -1.545880 176.563553 -178.591629 -179.288193 9.787609 6.201287 1.951693 166.003952 -174.414658 175.962265 179.935883 176.675827 -179.646515 179.935928 176.739471 -179.408310 179.641144 177.629227 -179.247589 179.999985 -176.154205 -178.878860 179.999985 -175.513245 -178.838791 172.197968 -176.821075 -178.865494 5.444526 1.715908 -0.894241 9.428972 -1.715652 79.497559 178.982986 -178.155212 -177.955963 177.364838 178.608597 174.070908 34.787521 46.684307 12.639286 0.000010 -0.000007 15.458711 0.000007 -0.000005 10.295511 180.000000 180.000000 -180.000000 14.999987 -0.000018 32.152672 0.000005 -0.000007 26.306728 0.000003 -0.000001 18.414719 180.000000 180.000000 -180.000000 179.999985 -179.999985 -145.501633 179.999985 -180.000000 -145.501617 180.000000 -179.999985 -157.024048 180.000000 180.000000 -180.000000 169.999985 -179.999985 -149.756836 0.000000 -0.000019 30.243162 0.000005 -0.000013 20.141943 180.000000 180.000000 -180.000000 160.000015 -179.999985 -159.019836 180.000000 -179.999985 -148.529755 180.000000 180.000000 -159.040802 175.077896 -179.047104 178.718872 175.713867 -178.936401 99.776642 175.733459 -179.893723 178.807114 7.998483 2.662047 -1.709724 129.245316 122.628616 154.358582 180.000000 179.999985 167.578659 0.000001 -0.000001 -8.272622 0.000000 0.000000 -0.000002 165.000076 -180.000000 150.609711 0.000053 -0.000034 -24.046604 0.000022 -0.000032 -16.832611 0.000000 0.000000 -0.000002 0.000030 -0.000007 -31.957787 0.000033 -0.000028 -31.957796 0.000007 -0.000021 -21.283894 0.000000 0.000000 -0.000002 10.000042 0.000001 -30.275776 0.000021 -0.000024 -30.275763 180.000000 -179.999985 159.836349 0.000000 0.000000 -0.000002 20.000019 0.000004 -24.519140 0.000030 -0.000015 -36.778698 0.000008 -0.000023 -24.494617
-66.306366 96.806396 3.870014 93.429916 -179.290726 -178.255463 177.156708 178.775223 -178.802475 175.395737 176.608093 179.714813 9.016485 -4.045388 -1.567233 176.462616 -178.842804 -179.234970 9.519263 5.813961 1.874716 166.360931 -174.563797 175.903107 179.958633 176.696503 -179.641632 179.958649 176.759842 -179.401062 179.746964 177.646027 -179.232300 179.999969 -176.116257 -178.958328 179.999954 -175.468948 -178.921127 172.318146 -176.778824 -178.916138 5.534284 1.680451 -0.894702 9.282697 -1.807505 79.495338 178.908020 -178.085495 -177.981461 177.331757 178.616364 174.037262 34.688606 46.538136 12.483994 0.000010 -0.000008 15.451282 0.000015 -0.000002 10.290537 0.000002 -0.000005 -0.000000 14.999932 -0.000054 32.123169 179.999985 -179.999939 -153.717422 180.000000 -179.999954 -161.602173 0.000002 -0.000005 -0.000000 0.000065 0.000020 34.545055 0.000015 0.000061 34.545063 0.000004 0.000039 23.007013 0.000002 -0.000005 -0.000000 169.999985 -179.999985 -149.742508 179.999985 -179.999985 -149.742493 180.000000 -179.999985 -159.848526 0.000002 -0.000005 -0.000000 160.000000 -179.999985 -159.019791 180.000000 -180.000000 -148.529694 0.000011 -0.000016 20.959225 175.108093 -178.997574 178.745880 175.719147 -178.689819 99.563911 175.984177 -179.872879 178.864914 8.078448 2.755995 -1.524733 129.272049 122.639542 154.402039 0.000008 -0.000004 -12.414978 0.000005 0.000002 -8.268368 180.000000 -180.000000 180.000000 165.000015 179.999985 150.534592 0.000015 -0.000021 -24.108063 0.000016 -0.000012 -16.875622 180.000000 -180.000000 180.000000 0.000030 -0.000000 -31.985909 0.000026 -0.000027 -31.985922 0.000015 -0.000025 -21.302620 180.000000 -180.000000 180.000000 10.000025 -0.000002 -30.303583 0.000021 -0.000024 -30.303610 0.000020 -0.000014 -20.182196 180.000000 -180.000000 180.000000 20.000008 -0.000003 -24.538019 0.000032 -0.000022 -36.807079 0.000011 -0.000033 -24.513489
-66.366913 96.839783 3.967576 93.433098 -179.316528 -178.335754 177.073532 178.556900 -178.820831 175.499969 176.983078 179.822845 9.004831 -3.889300 -1.571536 176.416824 -179.078796 -179.202576 9.307828 5.410306 1.806940 166.604828 -174.729431 175.839096 179.979279 176.729507 -179.641495 179.979248 176.792297 -179.401688 179.843994 177.671448 -179.227783 179.999954 -176.084442 -179.050415 179.999985 -175.431839 -179.016495 172.476410 -176.739975 -178.977386 5.502681 1.679977 -0.850856 9.257304 -1.935932 79.462036 178.831223 -177.974823 -178.017624 177.280991 178.625046 174.008057 34.596264 46.391964 12.310382 180.000000 179.999985 -164.568207 0.000001 -0.000003 10.277569 180.000000 180.000000 -180.000000 15.000058 0.000041 32.314533 0.000021 0.000043 26.439165 180.000000 179.999969 -161.492584 180.000000 180.000000 -180.000000 179.999969 -179.999969 -145.568054 179.999985 -179.999954 -145.568024 180.000000 -179.999969 -157.068298 180.000000 180.000000 -180.000000 169.999954 -179.999985 -149.722473 179.999969 -179.999954 -149.722458 0.000005 -0.000048 20.164845 180.000000 180.000000 -180.000000 159.999985 -179.999985 -159.018097 179.999985 -179.999969 -148.527161 180.000000 -179.999985 -159.039078 175.090012 -179.000305 178.796387 175.786545 -178.394318 99.321815 176.242401 -179.832504 178.918777 8.142505 2.839585 -1.360530 129.364609 122.722748 154.507080 180.000000 -180.000000 167.577042 180.000000 180.000000 171.726303 0.000000 -0.000000 0.000000 165.000031 -179.999985 150.514130 0.000026 -0.000024 -24.124807 0.000011 -0.000026 -16.887365 0.000000 -0.000000 0.000000 0.000042 -0.000009 -32.017162 0.000027 -0.000032 -32.017162 0.000001 -0.000026 -21.323437 0.000000 -0.000000 0.000000 10.000040 -0.000007 -30.328590 0.000016 -0.000031 -30.328560 0.000008 -0.000028 -20.198833 0.000000 -0.000000 0.000000 20.000029 -0.000006 -24.561340 0.000034 -0.000037 -36.841995 0.000002 -0.000040 -24.536777
-66.432480 96.872597 4.063368 93.440399 -179.379517 -178.410812 176.964676 178.369659 -178.825531 175.654892 177.323898 179.911438 8.961589 -3.775002 -1.578681 176.493317 -179.280243 -179.171738 9.080208 4.987629 1.743980 166.741089 -174.909348 175.775146 179.998169 176.782043 -179.642548 179.998154 176.843918 -179.404175 179.933487 177.710617 -179.226242 179.999924 -176.074951 -179.127884 179.999939 -175.420776 -179.096741 172.589157 -176.722931 -179.030136 5.456493 1.719818 -0.786783 9.226617 -2.105407 79.429993 178.762543 -177.853302 -178.069046 177.284302 178.724487 173.949158 34.595737 46.358913 12.305925 0.000003 0.000001 15.436075 0.000003 -0.000000 10.280430 0.000002 -0.000000 0.000000 14.999952 -0.000036 32.232151 179.999985 -179.999954 -153.628281 0.000008 -0.000038 18.460218 0.000002 -0.000000 0.000000 179.999954 -179.999969 -145.528275 179.999985 -179.999954 -145.528275 0.000009 -0.000040 22.958164 0.000002 -0.000000 0.000000 169.999939 -179.999969 -149.681671 179.999969 -179.999939 -149.681656 180.000000 -179.999954 -159.807983 0.000002 -0.000000 0.000000 159.999985 -179.999985 -159.003586 179.999985 -179.999985 -148.505356 0.000010 -0.000042 20.975422 175.108734 -178.969376 178.841339 175.806717 -178.145111 99.078659 176.508377 -179.751038 178.967667 8.214220 2.986918 -1.160666 129.205261 122.501915 154.268311 0.000014 -0.000005 -12.425820 0.000007 -0.000004 -8.275582 180.000000 -180.000000 180.000000 165.000015 -180.000000 150.458755 0.000007 -0.000000 -24.170097 0.000011 -0.000006 -16.919079 180.000000 -180.000000 180.000000 0.000020 -0.000007 -32.078640 0.000009 -0.000005 -32.078671 0.000002 -0.000011 -21.364393 180.000000 -180.000000 180.000000 10.000001 -0.000009 -30.389069 0.000007 -0.000012 -30.389086 0.000011 -0.000005 -20.239117 180.000000 -180.000000 180.000000 20.000008 -0.000015 -24.628437 0.000014 -0.000019 -36.942665 0.000000 -0.000017 -24.603827
-66.501968 96.903503 4.155073 93.446869 -179.456619 -178.472824 176.834335 178.192642 -178.822510 175.856491 177.674118 179.984329 8.889286 -3.664148 -1.576865 176.651642 -179.471481 -179.157578 8.826414 4.545726 1.689622 166.824600 -175.102173 175.712128 0.016385 3.156063 0.353202 0.016380 3.095305 0.588039 0.020397 2.243642 0.768088 179.999893 -176.069580 -179.220520 179.999893 -175.414505 -179.192688 172.728363 -176.708115 -179.094315 5.487157 1.684380 -0.781620 9.102613 -2.228771 79.503899 178.693542 -177.712967 -178.134903 177.294922 178.828156 173.891418 34.602421 46.322502 12.290501 180.000000 180.000000 -164.567551 0.000002 -0.000000 10.278004 0.000000 -0.000000 0.000002 14.999973 -0.000035 32.289936 179.999985 -179.999969 -153.580978 0.000005 -0.000030 18.493320 0.000000 -0.000000 0.000002 179.999985 -179.999985 -145.483963 179.999985 -179.999969 -145.483978 180.000000 -179.999985 -157.012314 0.000000 -0.000000 0.000002 170.000000 -179.999985 -149.616943 179.999985 -179.999985 -149.616943 0.000007 -0.000020 20.235102 0.000000 -0.000000 0.000002 159.999908 -179.999954 -159.002029 179.999924 -179.999893 -148.503021 179.999985 -179.999908 -159.023026 175.117203 -178.940048 178.883865 175.789093 -177.907928 98.841560 176.781540 -179.623276 179.018188 8.258014 3.120957 -1.023662 129.311737 122.708382 154.417404 0.000001 -0.000006 -12.438616 0.000001 -0.000001 -8.284112 0.000000 -0.000000 0.000000 165.000015 -179.999985 150.437943 0.000009 -0.000009 -24.187136 0.000011 -0.000006 -16.931000 0.000000 -0.000000 0.000000 0.000010 -0.000011 -32.108624 0.000009 -0.000006 -32.108624 0.000001 -0.000006 -21.384346 0.000000 -0.000000 0.000000 10.000006 -0.000001 -30.420088 0.000000 -0.000002 -30.420092 179.999985 -179.999985 159.740219 0.000000 -0.000000 0.000000 19.999956 0.000011 -24.698790 179.999985 179.999954 142.951782 0.000006 0.000036 -24.674112
-66.577408 96.931190 4.241760 93.450668 -179.541550 -178.527161 176.692505 178.028931 -178.806717 175.962326 178.012268 -179.989410 8.923341 -3.565999 -1.560132 176.815338 -179.660538 -179.153671 8.563371 4.085262 1.642771 166.916702 -175.302429 175.645920 0.033951 3.089059 0.347012 0.033938 3.029520 0.577088 0.104595 2.194402 0.757968 179.999924 -176.076965 -179.280228 179.999924 -175.423126 -179.254517 172.797913 -176.707672 -179.135513 5.568793 1.611410 -0.806420 8.924392 -2.250301 79.634331 178.715332 -177.533905 -178.200195 177.314178 178.914719 173.835663 34.662735 46.370945 12.349224 0.000001 0.000002 15.426759 180.000000 180.000000 -169.725784 0.000002 -0.000002 -0.000000 14.999965 -0.000030 32.332642 179.999985 -179.999985 -153.546005 179.999985 -179.999985 -161.482208 0.000002 -0.000002 -0.000000 179.999954 -179.999954 -145.463470 179.999985 -179.999924 -145.463470 0.000014 -0.000049 23.001335 0.000002 -0.000002 -0.000000 169.999969 -179.999969 -149.613480 179.999969 -179.999954 -149.613464 0.000009 -0.000045 20.237434 0.000002 -0.000002 -0.000000 160.000046 179.999969 -158.893921 0.000045 0.000060 31.659105 180.000000 179.999954 -158.915039 175.121475 -178.913116 178.919006 175.760880 -177.685776 98.617477 177.047302 -179.498840 179.071716 8.281491 3.195661 -0.940502 129.263931 122.667725 154.354706 0.000002 -0.000005 -12.439056 0.000002 -0.000002 -8.284409 0.000000 -0.000000 0.000000 164.999969 179.999985 150.388641 179.999985 179.999985 155.772552 0.000003 0.000024 -16.959229 0.000000 -0.000000 0.000000 0.000001 -0.000005 -32.133793 0.000001 -0.000004 -32.133770 0.000003 0.000001 -21.401102 0.000000 -0.000000 0.000000 9.999995 0.000016 -30.460257 180.000000 179.999985 149.539749 0.000005 0.000011 -20.286524 0.000000 -0.000000 0.000000 20.000011 -0.000031 -24.546732 179.999985 -179.999969 143.179901 179.999985 -179.999985 155.477829
-66.660103 96.955063 4.321909 93.445724 -179.629242 -178.580261 176.577377 177.885880 -178.774612 176.055328 178.303146 -179.975464 8.951976 -3.494855 -1.563522 176.988647 -179.858566 -179.149704 8.413523 3.622090 1.600738 166.896774 -175.489197 175.584732 0.051445 3.020995 0.340545 0.051440 2.962695 0.565720 0.188621 2.144453 0.747115 179.999878 -176.076050 -179.382431 179.999878 -175.422058 -179.360367 172.944565 -176.696533 -179.206619 5.532313 1.619512 -0.765484 8.865478 -2.407379 79.701134 178.698227 -177.340698 -178.264069 177.344223 178.971481 173.782990 34.721943 46.414566 12.414039 0.000002 0.000006 15.425492 180.000000 -180.000000 -169.726624 180.000000 180.000000 -180.000000 14.999980 -0.000017 32.384937 180.000000 -179.999985 -153.503235 180.000000 -179.999985 -161.452271 180.000000 180.000000 -180.000000 0.000011 0.000011 34.631065 180.000000 179.999985 -145.368927 180.000000 179.999985 -156.935715 180.000000 180.000000 -180.000000 169.999969 -179.999985 -149.548264 179.999985 -179.999969 -149.548279 0.000003 -0.000023 20.280861 180.000000 180.000000 -180.000000 160.000015 179.999985 -158.953735 179.999985 -179.999985 -148.430603 0.000002 -0.000009 21.025229 175.113052 -178.893250 178.941742 175.743622 -177.476898 98.412636 177.293350 -179.403961 179.131012 8.305619 3.314257 -0.878528 129.213760 122.629807 154.269852 0.000001 0.000000 -12.449856 0.000000 -0.000002 -8.291601 0.000000 -0.000002 -0.000002 165.000015 -179.999985 150.523956 180.000000 -179.999985 155.883255 180.000000 -179.999985 163.118271 0.000000 -0.000002 -0.000002 180.000000 180.000000 147.857727 0.000000 -0.000001 -32.142258 180.000000 -180.000000 158.593231 0.000000 -0.000002 -0.000002 9.999997 -0.000016 -30.324533 179.999985 -179.999985 149.675476 180.000000 -179.999985 159.803879 0.000000 -0.000002 -0.000002 19.999994 0.000003 -24.696943 180.000000 180.000000 142.954559 179.999985 -179.999985 155.327744
-66.748421 96.974747 4.393737 93.429504 -179.719086 -178.634720 176.515656 177.742828 -178.721329 176.098709 178.581207 -179.990341 8.989810 -3.437607 -1.573060 177.180328 179.932831 -179.137070 8.251082 3.111674 1.543562 166.882645 -175.712234 175.521744 0.071467 2.944302 0.328701 0.071447 2.887409 0.545339 0.285206 2.088404 0.724835 179.999878 -176.090622 -179.445755 179.999878 -175.439072 -179.425949 173.016754 -176.702454 -179.251068 5.538653 1.577532 -0.747574 8.759877 -2.505916 79.838005 178.692383 -177.131958 -178.317307 177.398834 178.990707 173.733902 34.825695 46.543465 12.533477 0.000004 0.000003 15.416133 0.000003 0.000002 10.267150 0.000002 -0.000000 0.000000 15.000000 -0.000012 32.430042 0.000008 -0.000011 26.533667 180.000000 -180.000000 -161.426422 0.000002 -0.000000 0.000000 0.000001 -0.000013 34.603840 180.000000 180.000000 -145.396164 0.000003 -0.000003 23.046150 0.000002 -0.000000 0.000000 170.000000 -179.999985 -149.486115 180.000000 -179.999985 -149.486115 0.000001 -0.000014 20.322245 0.000002 -0.000000 0.000000 160.000015 -179.999985 -158.940659 0.000004 0.000006 31.589003 180.000000 179.999985 -158.961731 175.117126 -178.867813 178.964249 175.633911 -177.326569 98.252281 177.516281 -179.284470 179.188538 8.328570 3.441740 -0.840110 129.146194 122.578766 154.171768 180.000000 179.999985 167.543716 180.000000 180.000000 171.704117 180.000000 -180.000000 180.000000 165.000000 179.999985 150.400940 0.000008 0.000010 -24.217411 0.000003 0.000003 -16.952179 180.000000 -180.000000 180.000000 179.999985 179.999985 147.858795 0.000010 0.000003 -32.141232 0.000004 -0.000000 -21.406050 180.000000 -180.000000 180.000000 9.999997 0.000007 -30.478472 0.000004 -0.000001 -30.478456 0.000004 -0.000001 -20.298662 180.000000 -180.000000 180.000000 19.999996 -0.000004 -24.703411 0.000006 0.000004 -37.055141 180.000000 179.999985 155.321274
-66.841690 96.990112 4.457804 93.399017 -179.785858 -178.681183 176.600693 177.607315 -178.667892 176.003937 178.832474 179.981659 9.032694 -3.375033 -1.590124 177.360535 179.695053 -179.117584 8.127546 2.606196 1.473365 166.855453 -175.930481 175.432388 0.091547 2.878453 0.314364 0.091537 2.822770 0.520814 0.382248 2.040215 0.697068 179.999832 -176.093079 -179.536835 179.999847 -175.441925 -179.520294 173.135910 -176.696060 -179.314209 5.570213 1.508824 -0.743981 8.664467 -2.585956 79.995766 178.766510 -176.882004 -178.367737 177.353455 178.912537 173.724167 34.869671 46.602638 12.535563 180.000000 179.999985 -164.613052 0.000000 0.000002 10.247697 0.000000 -0.000003 0.000000 14.999990 0.000003 32.456795 0.000002 -0.000008 26.555559 180.000000 180.000000 -161.411118 0.000000 -0.000003 0.000000 0.000000 0.000007 34.610371 180.000000 -179.999985 -145.389648 0.000007 -0.000002 23.050495 0.000000 -0.000003 0.000000 170.000000 179.999985 -149.442688 0.000001 -0.000007 30.557306 0.000002 -0.000007 20.351156 0.000000 -0.000003 0.000000 160.000015 -180.000000 -158.940689 0.000000 0.000002 31.588993 180.000000 180.000000 -158.961731 175.088379 -178.874420 178.982300 175.530731 -177.174438 98.123695 177.698853 -179.183258 179.244003 8.340202 3.537873 -0.855502 129.070770 122.475075 154.086609 0.000000 -0.000003 -12.443839 0.000002 -0.000002 -8.287593 180.000000 -180.000000 180.000000 165.000000 179.999985 150.449158 0.000006 0.000006 -24.177933 180.000000 180.000000 163.075439 180.000000 -180.000000 180.000000 0.000001 0.000009 -32.121723 0.000001 -0.000004 -32.121704 0.000010 0.000002 -21.393066 180.000000 -180.000000 180.000000 10.000011 0.000012 -30.397501 0.000011 -0.000001 -30.397488 0.000003 0.000001 -20.244715 180.000000 -180.000000 180.000000 19.999990 0.000002 -24.675169 180.000000 -179.999985 142.987244 180.000000 179.999985 155.349518
-66.938164 97.004189 4.520244 93.372932 -179.854691 -178.724274 176.750412 177.488907 -178.608200 175.835480 179.070282 179.938858 9.079945 -3.310242 -1.606550 177.540100 179.435913 -179.097397 8.064652 2.083116 1.396752 166.765823 -176.139435 175.342117 0.110667 2.810696 0.299035 0.110688 2.756256 0.494677 0.475030 1.990676 0.666930 179.999954 -176.091888 -179.652832 179.999954 -175.440536 -179.640442 173.305130 -176.683502 -179.394745 5.542480 1.517953 -0.677138 8.636720 -2.777435 80.091873 178.799713 -176.609451 -178.423065 177.309082 178.802994 173.723907 34.923599 46.668873 12.559676 179.999954 179.999863 -164.636978 179.999954 179.999924 -169.768265 0.000005 -0.000000 0.000002 15.000006 -0.000052 32.482155 0.000014 -0.000045 26.576241 0.000031 -0.000024 18.603382 0.000005 -0.000000 0.000002 180.000000 179.999954 -145.386688 179.999985 179.999954 -145.386719 179.999985 179.999985 -156.947556 0.000005 -0.000000 0.000002 169.999985 -179.999908 -149.396393 0.000030 -0.000090 30.603622 0.000045 -0.000041 20.382000 0.000005 -0.000000 0.000002 160.000015 179.999969 -158.937225 179.999985 179.999954 -148.405807 179.999985 179.999985 -158.958282 175.054611 -178.886520 178.999817 175.438370 -177.036163 98.012360 177.868683 -179.094498 179.287277 8.342439 3.706070 -0.871708 128.709198 122.310303 153.749130 0.000059 -0.000002 -12.401900 0.000034 -0.000018 -8.259663 0.000000 -0.000000 0.000000 165.000137 179.999908 150.489319 0.000127 0.000011 -24.145113 0.000087 -0.000027 -16.901566 0.000000 -0.000000 0.000000 0.000095 0.000052 -32.099957 0.000106 0.000002 -32.099953 0.000049 -0.000039 -21.378550 0.000000 -0.000000 0.000000 10.000247 0.000141 -30.316645 0.000288 0.000007 -30.316618 0.000164 -0.000101 -20.190859 0.000000 -0.000000 0.000000 20.000170 0.000096 -24.686588 0.000275 0.000018 -37.029915 0.000153 -0.000110 -24.661903
-67.036674 97.011955 4.562316 93.319351 -179.891724 -178.770798 177.000946 177.378448 -178.541214 175.707245 179.234024 179.915054 9.018429 -3.269138 -1.661997 177.786880 179.139008 -179.004974 7.883285 1.543238 1.242882 166.752914 -176.377701 175.248047 0.130945 2.758266 0.278948 0.130922 2.704800 0.460598 0.573310 1.952452 0.626555 179.999908 -176.091263 -179.708221 179.999939 -175.439804 -179.697800 173.361862 -176.678757 -179.432251 5.567697 1.457477 -0.640754 8.683508 -2.936499 80.204742 178.882141 -176.348724 -178.444107 177.203049 178.721313 173.754120 34.934921 46.737099 12.545050 179.999847 179.999802 -164.662247 179.999863 179.999893 -169.785034 0.000003 -0.000002 -0.000000 15.000004 -0.000031 32.498188 0.000003 -0.000017 26.589434 0.000015 -0.000013 18.612610 0.000003 -0.000002 -0.000000 0.000017 0.000031 34.602749 179.999985 179.999985 -145.397263 179.999985 179.999985 -156.954590 0.000003 -0.000002 -0.000000 170.000000 -179.999908 -149.374313 0.000022 -0.000068 30.625673 0.000052 -0.000037 20.396715 0.000003 -0.000002 -0.000000 160.000015 179.999969 -158.941528 179.999985 179.999954 -148.412292 179.999985 179.999969 -158.962601 175.020035 -178.907639 179.007217 175.209671 -176.934555 97.965340 177.973511 -178.939438 179.345016 8.385073 3.843017 -0.871586 129.940826 122.681702 154.771896 0.000569 0.000391 -12.577491 0.000426 0.000172 -8.376597 0.000000 -0.000000 0.000003 165.000137 179.999878 150.551620 0.000139 0.000019 -24.094122 0.000110 -0.000021 -16.865894 0.000000 -0.000000 0.000003 0.000201 0.000127 -32.101921 0.000240 0.000018 -32.101955 0.000130 -0.000081 -21.379889 0.000000 -0.000000 0.000003 10.000267 0.000155 -30.233118 0.000316 0.000009 -30.233101 0.000164 -0.000103 -20.135265 0.000000 -0.000000 0.000003 20.000175 0.000099 -24.631744 0.000299 0.000033 -36.947636 0.000179 -0.000101 -24.607115
-67.137032 97.017448 4.598921 93.259888 -179.910477 -178.813034 177.229935 177.308517 -178.497467 175.414810 179.318573 179.884918 9.145762 -3.245973 -1.707719 178.036209 178.847977 -178.899216 7.669222 1.088326 1.095213 166.778809 -176.561310 175.136169 0.146285 2.730995 0.265478 0.146282 2.678029 0.437689 0.647246 1.932467 0.599761 179.999969 -176.051437 -179.839859 179.999969 -175.393326 -179.834137 173.551056 -176.632812 -179.519989 5.563252 1.443978 -0.586753 8.752890 -3.070742 80.262115 178.967453 -176.158112 -178.477249 177.221436 178.657089 173.783234 34.969307 46.839985 12.517303 179.999725 179.999741 -164.710678 179.999771 179.999878 -169.817307 180.000000 180.000000 -180.000000 15.000010 -0.000000 32.509571 180.000000 -179.999985 -153.401260 179.999985 179.999985 -161.380875 180.000000 180.000000 -180.000000 0.000007 0.000028 34.596313 179.999985 179.999985 -145.403687 0.000004 0.000000 23.041145 180.000000 180.000000 -180.000000 170.000000 -179.999939 -149.352600 0.000029 -0.000061 30.647394 0.000024 -0.000018 20.411177 180.000000 180.000000 -180.000000 160.000015 179.999985 -158.951706 179.999985 179.999954 -148.427597 179.999985 179.999985 -158.972778 175.013504 -178.884766 178.969101 175.030243 -176.869019 97.955559 178.049988 -178.861038 179.397629 8.389027 3.979835 -0.870391 129.053238 122.312469 154.057144 0.000028 0.000024 -12.423738 0.000022 0.000010 -8.274223 0.000000 -0.000000 0.000000 165.000137 179.999878 150.610733 0.000143 0.000036 -24.045753 0.000116 -0.000013 -16.832024 0.000000 -0.000000 0.000000 0.000171 0.000127 -32.022919 0.000205 0.000016 -32.022915 0.000140 -0.000058 -21.327271 0.000000 -0.000000 0.000000 10.000212 0.000170 -30.129812 0.000248 0.000037 -30.129795 0.000162 -0.000074 -20.066427 0.000000 -0.000000 0.000000 20.000229 0.000190 -24.602598 0.000447 0.000106 -36.903919 0.000293 -0.000111 -24.578003
-67.235001 97.021469 4.630008 93.199402 -179.906876 -178.850586 177.331970 177.215561 -178.469986 175.222458 179.397507 179.855103 9.302172 -3.224683 -1.748222 178.294235 178.570724 -178.791855 7.433049 0.664090 0.952403 166.820831 -176.749573 175.056458 0.159797 2.717027 0.250641 0.159759 2.664323 0.412544 0.712592 1.922227 0.569754 179.999985 -176.015152 -179.919174 179.999969 -175.351013 -179.916290 173.646408 -176.595459 -179.570923 5.562391 1.430866 -0.531487 8.925507 -3.274816 80.272003 179.003113 -175.969727 -178.469925 177.243118 178.647018 173.795364 34.977936 46.979843 12.359979 179.999619 179.999756 -164.819916 179.999710 179.999908 -169.890076 180.000000 -179.999985 -180.000000 15.000000 0.000020 32.511932 179.999985 179.999985 -153.399338 179.999985 179.999985 -161.379562 180.000000 -179.999985 -180.000000 0.000004 0.000070 34.598953 179.999954 179.999924 -145.401047 179.999969 179.999985 -156.957108 180.000000 -179.999985 -180.000000 170.000000 -179.999969 -149.334045 0.000019 -0.000027 30.665995 0.000012 -0.000013 20.423523 180.000000 -179.999985 -180.000000 160.000076 179.999512 -158.878693 179.999817 179.999298 -148.318069 179.999649 179.999649 -158.899796 175.003403 -178.862061 178.923279 174.821930 -176.825226 97.991951 177.988480 -178.813583 179.422165 8.465892 4.079338 -0.867630 129.357712 122.324196 154.175629 0.000432 0.000436 -12.522148 0.000348 0.000226 -8.339766 180.000000 -180.000000 180.000000 165.000046 179.999939 150.697830 0.000067 0.000028 -23.974520 0.000052 -0.000002 -16.782154 180.000000 -180.000000 180.000000 0.000061 0.000090 -31.928324 0.000082 0.000038 -31.928314 0.000078 -0.000006 -21.264261 180.000000 -180.000000 180.000000 10.000047 0.000057 -30.002937 0.000077 0.000028 -30.002949 0.000056 -0.000001 -19.981951 180.000000 -180.000000 180.000000 20.000010 0.000020 -24.430054 0.000022 0.000011 -36.645092 0.000035 -0.000001 -24.405617
-67.327118 97.024902 4.658829 93.152466 -179.887451 -178.875565 177.389450 177.110565 -178.469543 175.011429 179.468979 179.832336 9.506275 -3.208581 -1.783567 178.554993 178.299088 -178.681351 7.181437 0.266401 0.802305 166.860596 -176.931778 174.978134 0.169968 2.712712 0.234110 0.169943 2.660093 0.384665 0.762495 1.919265 0.535614 179.999985 -175.970932 -179.991821 179.999985 -175.299408 -179.991516 173.717773 -176.552063 -179.615677 5.557494 1.428845 -0.482679 9.121619 -3.522142 80.257973 179.021774 -175.795242 -178.438950 177.293304 178.623245 173.762833 35.005833 47.176647 12.192328 179.999649 179.999832 -164.953323 179.999741 179.999954 -169.978912 180.000000 -180.000000 180.000000 14.999989 -0.000026 32.497131 0.000004 -0.000026 26.588572 0.000026 -0.000010 18.612003 180.000000 -180.000000 180.000000 179.999985 179.999985 -145.428085 0.000000 0.000001 34.571903 179.999985 179.999985 -156.975113 180.000000 -180.000000 180.000000 170.000000 -179.999878 -149.338242 0.000049 -0.000091 30.661755 0.000085 -0.000048 20.420738 180.000000 -180.000000 180.000000 159.999969 -179.999680 -159.118744 0.000125 -0.000473 31.321871 0.000236 -0.000226 20.860367 174.986404 -178.844742 178.867004 174.654373 -176.795197 98.057236 177.870056 -178.787262 179.443390 8.593086 4.071020 -0.827029 128.779755 122.174095 154.005859 0.000016 0.000084 -12.287590 0.000020 0.000053 -8.183528 180.000000 180.000000 -179.999985 165.000031 179.999939 150.749603 0.000048 0.000038 -23.932140 0.000043 0.000013 -16.752495 180.000000 180.000000 -179.999985 0.000037 0.000083 -31.869396 0.000062 0.000031 -31.869392 0.000049 0.000000 -21.225033 180.000000 180.000000 -179.999985 10.000014 0.000021 -29.944031 0.000009 0.000008 -29.944023 0.000009 0.000007 -19.942736 180.000000 180.000000 -179.999985 20.000006 0.000026 -24.410664 0.000006 0.000002 -36.615993 0.000002 -0.000010 -24.386251
-67.410751 97.028122 4.689286 93.086243 -179.858704 -178.911224 177.429184 176.995132 -178.470596 174.864395 179.542526 179.831497 9.684141 -3.185075 -1.829063 178.859070 178.134048 -178.592773 6.912325 -0.008059 0.706124 166.892014 -177.097549 174.898941 0.182047 2.716206 0.220086 0.182044 2.663516 0.360888 0.820924 1.921657 0.507304 179.999985 -175.918701 179.944748 0.000004 -4.761538 -0.057225 173.765305 -176.502701 -179.652710 5.566221 1.404567 -0.438631 9.265915 -3.678591 80.248230 179.176041 -175.674240 -178.412811 177.339401 178.590302 173.675858 35.049896 47.402153 12.027597 179.999832 179.999924 -165.097427 179.999878 179.999985 -170.074875 180.000000 -180.000000 -179.999985 15.000019 -0.000218 32.476711 0.000108 -0.000136 26.571898 0.000119 -0.000057 18.600304 180.000000 -180.000000 -179.999985 180.000000 -179.999847 -145.456833 0.000093 -0.000137 34.543186 0.000112 -0.000047 23.005770 180.000000 -180.000000 -179.999985 170.000000 -179.999710 -149.340973 0.000128 -0.000262 30.659042 0.000161 -0.000105 20.418915 180.000000 -180.000000 -179.999985 160.000107 179.999466 -158.910858 179.999832 179.999176 -148.366211 179.999619 179.999603 -158.931931 174.961685 -178.832397 178.810089 174.485367 -176.756805 98.124786 177.719818 -178.711365 179.478546 8.679850 4.121583 -0.811609 128.877029 122.247597 154.242340 179.999985 179.999924 167.769531 179.999985 179.999954 171.854523 0.000000 0.000002 0.000002 165.000000 179.999985 150.801575 0.000003 0.000001 -23.889593 0.000000 -0.000003 -16.722717 0.000000 0.000002 0.000002 0.000001 -0.000010 -31.811407 0.000006 0.000005 -31.811424 0.000009 0.000008 -21.186409 0.000000 0.000002 0.000002 9.999997 -0.000025 -29.926594 179.999985 -179.999985 150.073441 179.999985 -179.999985 160.068909 0.000000 0.000002 0.000002 19.999979 -0.000053 -24.391306 179.999969 -179.999954 143.413025 179.999985 -179.999985 155.633072
-67.484581 97.032570 4.722468 93.052956 -179.820496 -178.926361 177.380295 176.876938 -178.503998 174.776703 179.612076 179.836121 9.855618 -3.156062 -1.871951 179.310715 177.991211 -178.528625 6.514127 -0.235375 0.625912 166.872559 -177.239899 174.825317 0.187592 2.726002 0.203536 0.187561 2.673148 0.333098 0.848967 1.929132 0.472501 0.000019 -4.139244 -0.106823 0.000020 -4.829122 -0.110635 173.783264 -176.449524 -179.680145 5.570784 1.399480 -0.399906 9.404801 -3.831796 80.239388 179.183121 -175.553284 -178.370316 177.613937 178.542419 173.515228 34.943546 47.496296 11.756808 179.999893 179.999969 -165.204636 179.999924 180.000000 -170.146301 0.000000 -0.000000 0.000000 15.000032 -0.000258 32.520973 0.000114 -0.000155 26.608072 0.000133 -0.000056 18.625629 0.000000 -0.000000 0.000000 180.000000 -179.999802 -145.423340 0.000121 -0.000186 34.576649 0.000132 -0.000054 23.028057 0.000000 -0.000000 0.000000 169.999939 -179.999527 -149.302109 0.000195 -0.000439 30.697859 0.000262 -0.000181 20.444782 0.000000 -0.000000 0.000000 160.000015 -179.999985 -159.125061 0.000002 -0.000029 31.312418 0.000013 -0.000022 20.854073 174.929062 -178.825027 178.759445 174.397659 -176.732651 98.198166 177.504547 -178.628922 179.503738 8.798392 4.231781 -0.783181 128.927887 122.346596 154.536224 179.999985 179.999985 167.875122 179.999985 179.999985 171.924835 0.000000 -0.000000 0.000000 165.000031 -179.999939 150.818314 179.999985 -179.999954 156.124100 179.999985 -179.999969 163.286850 0.000000 -0.000000 0.000000 0.000033 -0.000065 -31.797539 179.999985 -179.999924 148.202499 179.999969 -179.999969 158.822861 0.000000 -0.000000 0.000000 10.000035 -0.000096 -29.917820 179.999985 -179.999893 150.082184 179.999985 -179.999954 160.074738 0.000000 -0.000000 0.000000 20.000040 -0.000122 -24.396574 179.999985 -179.999817 143.405136 179.999924 -179.999908 155.627823
-67.548737 97.038391 4.758313 93.035820 -179.777908 -178.932846 177.227997 176.766006 -178.555206 174.746857 179.657944 179.846451 10.054765 -3.137093 -1.920717 179.670181 177.877991 -178.472321 6.206186 -0.399447 0.548876 166.835922 -177.349548 174.758820 0.189031 2.739220 0.187003 0.189008 2.686146 0.305462 0.857871 1.939284 0.437083 0.000033 -4.201635 -0.145870 0.000027 -4.901916 -0.151078 173.777679 -176.393524 -179.698044 5.580098 1.396047 -0.371343 9.638077 -4.069998 80.199142 179.375076 -175.375061 -178.335953 177.655289 178.508011 173.312683 34.901894 47.667480 11.609656 0.000003 0.000001 14.707848 0.000005 0.000001 9.795417 0.000000 -0.000000 0.000000 15.000026 -0.000320 32.573910 0.000162 -0.000218 26.651356 0.000133 -0.000075 18.655958 0.000000 -0.000000 0.000000 179.999985 -179.999741 -145.380096 0.000136 -0.000228 34.619873 0.000149 -0.000072 23.056831 0.000000 -0.000000 0.000000 169.999908 -179.999496 -149.189285 0.000188 -0.000480 30.810686 0.000270 -0.000215 20.519928 0.000000 -0.000000 0.000000 160.000015 -179.999969 -159.118530 0.000007 -0.000037 31.322243 0.000013 -0.000022 20.860600 174.894287 -178.818253 178.717331 174.306686 -176.696671 98.240677 177.243942 -178.432770 179.540405 8.819731 4.241891 -0.759724 129.249863 122.496994 154.955994 0.000005 -0.000005 -12.103136 0.000000 -0.000002 -8.060674 0.000000 -0.000000 0.000000 165.000031 -179.999954 150.788330 180.000000 -179.999954 156.099548 180.000000 -179.999969 163.269669 0.000000 -0.000000 0.000000 0.000064 -0.000113 -31.821743 180.000000 -179.999863 148.178253 179.999969 -179.999939 158.806702 0.000000 -0.000000 0.000000 10.000078 -0.000130 -29.952223 180.000000 -179.999847 150.047775 179.999954 -179.999924 160.051804 0.000000 -0.000000 0.000000 20.000084 -0.000172 -24.434359 0.000025 -0.000281 -36.651539 179.999893 -179.999847 155.590057
-67.605217 97.045853 4.798926 93.038643 -179.736374 -178.932098 177.077332 176.667252 -178.632431 174.764740 179.698624 179.894073 10.182768 -3.109198 -1.985266 179.952698 177.788071 -178.420975 5.947067 -0.524221 0.463060 166.806671 -177.441040 174.712006 0.185565 2.754166 0.171078 0.185558 2.700843 0.279016 0.843807 1.950868 0.402202 0.000049 -4.266684 -0.172588 0.000034 -4.977809 -0.178745 173.748245 -176.336243 -179.706604 5.595211 1.391648 -0.351225 9.752423 -4.196688 80.205658 179.478073 -175.295486 -178.317474 177.952667 178.489517 173.059052 34.747967 47.663914 11.467360 0.000015 -0.000007 14.704106 0.000008 -0.000003 9.792936 0.000000 0.000000 -0.000002 14.999995 -0.000328 32.657356 0.000124 -0.000218 26.719656 0.000157 -0.000097 18.703764 0.000000 0.000000 -0.000002 179.999969 -179.999756 -145.306091 0.000109 -0.000225 34.693920 0.000147 -0.000084 23.106152 0.000000 0.000000 -0.000002 169.999878 -179.999542 -149.044632 0.000130 -0.000445 30.955378 0.000245 -0.000216 20.616278 0.000000 0.000000 -0.000002 160.000000 -179.999954 -159.113068 0.000001 -0.000068 31.330402 0.000027 -0.000040 20.866053 174.865448 -178.808212 178.687057 174.305649 -176.649658 98.233505 177.019165 -178.182892 179.596893 8.756040 4.250738 -0.727173 129.512039 122.621773 155.261429 0.000007 0.000001 -12.103931 0.000004 -0.000001 -8.061220 0.000000 -0.000000 0.000000 165.000031 -179.999969 150.764374 0.000012 -0.000025 -23.920050 179.999985 -179.999985 163.255966 0.000000 -0.000000 0.000000 0.000094 -0.000122 -31.858894 0.000019 -0.000153 -31.858881 179.999969 -179.999908 158.781967 0.000000 -0.000000 0.000000 10.000104 -0.000141 -29.998867 0.000025 -0.000159 -29.998888 179.999969 -179.999893 160.020752 0.000000 -0.000000 0.000000 20.000113 -0.000170 -24.499296 0.000060 -0.000289 -36.748943 179.999908 -179.999817 155.525192
-67.655930 97.054825 4.846365 93.057793 -179.695526 -178.926224 176.905411 176.575485 -178.735703 174.695618 179.719406 179.947083 10.401181 -3.094966 -2.033385 0.147806 2.291441 1.624161 5.762648 -0.634857 0.375243 166.773865 -177.526840 174.670624 0.177243 2.770629 0.156597 0.177250 2.717032 0.255121 0.806790 1.963660 0.369601 0.000054 -4.332206 -0.188294 0.000051 -5.054245 -0.195016 173.704987 -176.279327 -179.707413 5.616746 1.382234 -0.343057 9.933619 -4.347653 80.199516 179.650742 -175.180603 -178.317642 178.157654 178.529404 172.804291 34.612095 47.658108 11.653978 179.999939 179.999939 -165.142166 179.999954 179.999969 -170.104691 0.000002 -0.000002 -0.000000 14.999976 -0.000277 32.764301 0.000101 -0.000208 26.807146 0.000133 -0.000097 18.764996 0.000002 -0.000002 -0.000000 179.999878 -179.999512 -145.265762 0.000158 -0.000455 34.734215 0.000282 -0.000189 23.132992 0.000002 -0.000002 -0.000000 169.999878 -179.999588 -148.888351 0.000087 -0.000434 31.111631 0.000195 -0.000206 20.720345 0.000002 -0.000002 -0.000000 159.999954 -179.999893 -159.109055 180.000000 -179.999832 -148.663589 0.000048 -0.000096 20.870049 174.853256 -178.792435 178.661636 174.378571 -176.602524 98.191910 176.759140 -177.919739 179.637604 8.676072 4.223874 -0.669809 129.806305 122.749458 155.599365 0.000010 -0.000004 -12.105066 0.000007 -0.000005 -8.061981 0.000000 -0.000000 0.000000 165.000015 180.000000 150.748047 0.000006 -0.000013 -23.933418 0.000004 -0.000001 -16.753389 0.000000 -0.000000 0.000000 0.000116 -0.000139 -31.907478 0.000035 -0.000159 -31.907492 179.999969 -179.999893 158.749619 0.000000 -0.000000 0.000000 10.000088 -0.000108 -30.061117 0.000038 -0.000140 -30.061127 179.999985 -179.999908 159.979294 0.000000 -0.000000 0.000000 20.000111 -0.000135 -24.574623 0.000059 -0.000254 -36.861927 179.999954 -179.999847 155.449951
-67.697968 97.065331 4.898316 93.095154 -179.655228 -178.917786 176.736115 176.499405 -178.856277 174.605133 179.724564 -179.985596 10.619128 -3.078499 -2.077358 0.317992 2.353614 1.667252 5.606490 -0.716309 0.287658 166.720551 -177.600082 174.642807 0.164276 2.787792 0.144125 0.164257 2.733913 0.234733 0.747774 1.976994 0.340544 0.000052 -4.396108 -0.194318 0.000050 -5.128796 -0.201255 173.647415 -176.224548 -179.701370 5.653871 1.371703 -0.347418 10.097237 -4.494344 80.196617 179.812180 -175.068619 -178.323181 178.380005 178.612167 172.556335 34.529827 47.685272 10.698722 179.999969 -179.999985 -165.590546 179.999985 -179.999985 -170.403290 180.000000 -180.000000 -180.000000 14.999958 -0.000219 32.883053 0.000072 -0.000184 26.904305 0.000092 -0.000090 18.833014 180.000000 -180.000000 -180.000000 0.000000 -0.000011 35.007492 0.000008 -0.000020 35.007481 0.000015 -0.000013 23.314972 180.000000 -180.000000 -180.000000 169.999863 -179.999664 -148.713852 0.000044 -0.000376 31.286121 0.000153 -0.000190 20.836567 180.000000 -180.000000 -180.000000 159.999985 -179.999954 -159.059280 179.999985 -179.999908 -148.588882 0.000028 -0.000056 20.919798 174.834122 -178.779739 178.638855 174.459900 -176.553696 98.141144 176.475128 -177.570694 179.648758 8.578294 4.160413 -0.590099 129.943085 122.773262 155.740738 0.000028 -0.000011 -12.107693 0.000016 -0.000009 -8.063720 0.000000 -0.000000 0.000000 165.000031 -179.999969 150.746796 0.000007 -0.000032 -23.934422 0.000003 -0.000021 -16.754101 0.000000 -0.000000 0.000000 0.000105 -0.000101 -31.971071 0.000037 -0.000130 -31.971081 179.999969 -179.999908 158.707275 0.000000 -0.000000 0.000000 10.000070 -0.000083 -30.115639 0.000026 -0.000110 -30.115646 179.999985 -179.999939 159.942978 0.000000 -0.000000 0.000000 20.000097 -0.000100 -24.640839 0.000059 -0.000187 -36.961235 179.999969 -179.999863 155.383804
-67.727242 97.076553 4.950354 93.149963 -179.612595 -178.912415 176.546677 176.430923 -178.983719 174.505798 179.724594 -179.907516 10.848443 -3.053519 -2.116733 0.450612 2.366540 1.723765 5.506566 -0.724527 0.193649 166.630371 -177.649734 174.626556 0.147650 2.805130 0.135124 0.147630 2.750957 0.220261 0.671188 1.990364 0.318348 0.000042 -4.454062 -0.193363 0.000042 -5.196407 -0.200271 173.586212 -176.175339 -179.691284 5.685375 1.362491 -0.361663 10.252520 -4.637438 80.191681 0.085100 -5.036575 1.655742 178.481293 178.731873 172.336182 34.364891 47.553097 10.697033 179.999969 -179.999985 -165.495544 179.999985 -179.999985 -170.340027 180.000000 -180.000000 -179.999985 14.999961 -0.000131 33.026592 0.000012 -0.000097 27.021767 0.000050 -0.000052 18.915224 180.000000 -180.000000 -179.999985 179.999939 -179.999847 -145.011017 0.000024 -0.000162 34.988979 0.000075 -0.000078 23.302673 180.000000 -180.000000 -179.999985 169.999878 -179.999741 -148.514282 0.000010 -0.000279 31.485741 0.000096 -0.000157 20.969500 180.000000 -180.000000 -179.999985 159.999985 -179.999954 -159.031998 179.999985 -179.999924 -148.547974 0.000017 -0.000060 20.947046 174.819016 -178.774597 178.626114 174.584991 -176.507736 98.083282 176.160599 -177.220535 179.617767 8.446908 4.036429 -0.502988 130.012482 122.733582 155.728668 179.999985 179.999985 167.857346 179.999985 179.999985 171.912994 180.000000 -180.000000 180.000000 165.000015 -179.999985 150.731842 0.000005 -0.000023 -23.946674 180.000000 -179.999985 163.237335 180.000000 -180.000000 180.000000 0.000066 -0.000075 -32.030483 0.000022 -0.000089 -32.030479 179.999985 -179.999954 158.667694 180.000000 -180.000000 180.000000 10.000049 -0.000053 -30.163235 0.000018 -0.000066 -30.163235 179.999985 -179.999969 159.911285 180.000000 -180.000000 180.000000 20.000046 -0.000059 -24.701874 0.000034 -0.000113 -37.052818 179.999985 -179.999924 155.322830
-67.743622 97.087936 4.997708 93.195198 -179.582626 -178.907257 176.400543 176.368408 -179.112839 174.434753 179.705856 -179.834427 11.016126 -3.054288 -2.140537 0.744251 2.288622 1.805404 5.231304 -0.636338 0.090395 166.563370 -177.678223 174.623093 0.132206 2.817920 0.127558 0.132188 2.763537 0.208143 0.599993 2.000341 0.299393 0.000042 -4.512118 -0.182022 0.000048 -5.264131 -0.188527 173.477493 -176.127090 -179.671295 5.713746 1.352089 -0.372062 10.378592 -4.772530 80.173660 0.265182 -5.148173 1.652750 178.660263 178.871384 172.144516 34.246986 47.473042 10.756660 179.999985 -179.999985 -165.399887 179.999985 -179.999985 -170.276321 180.000000 -180.000000 180.000000 14.999958 -0.000105 33.115055 0.000018 -0.000101 27.094116 0.000042 -0.000059 18.965893 180.000000 -180.000000 180.000000 179.999954 -179.999908 -144.894455 0.000000 -0.000113 35.105530 0.000032 -0.000049 23.380295 180.000000 -180.000000 180.000000 169.999893 -179.999847 -148.314194 179.999985 -179.999817 -148.314209 0.000057 -0.000104 21.102741 180.000000 -180.000000 180.000000 159.999985 -179.999969 -158.992874 179.999985 -179.999954 -148.489304 0.000004 -0.000035 20.986120 174.807129 -178.774475 178.625046 174.741089 -176.467575 98.026718 175.821838 -176.904938 179.553955 8.396886 3.962778 -0.404950 129.995300 122.684006 155.735458 180.000000 179.999985 167.877487 180.000000 179.999985 171.926407 0.000000 -0.000000 0.000000 165.000015 -179.999985 150.714478 0.000004 -0.000021 -23.960873 180.000000 -179.999985 163.227402 0.000000 -0.000000 0.000000 0.000032 -0.000051 -32.088104 0.000014 -0.000048 -32.088116 179.999985 -179.999969 158.629303 0.000000 -0.000000 0.000000 10.000031 -0.000036 -30.207987 0.000005 -0.000031 -30.207994 179.999985 -179.999985 159.881470 0.000000 -0.000000 0.000000 20.000019 -0.000027 -24.754885 0.000008 -0.000055 -37.132324 179.999985 -179.999969 155.269882
-67.751556 97.098938 5.038483 93.261955 -179.535278 -178.916443 176.229721 176.283325 -179.216415 174.330490 179.675400 -179.786743 11.219598 -3.060895 -2.158307 1.071493 2.168315 1.913508 4.835403 -0.460935 -0.007589 166.560516 -177.677505 174.626389 0.114320 2.836385 0.125381 0.114309 2.781677 0.205092 0.516555 2.014205 0.291684 0.000038 -4.560654 -0.165823 0.000025 -5.320756 -0.171748 173.360535 -176.087418 -179.648575 5.736865 1.341223 -0.384678 10.515858 -4.938499 80.128784 0.491356 -5.292881 1.659175 178.724655 179.021667 171.994629 34.129070 47.402157 10.822607 179.999985 -179.999985 -165.302841 179.999985 -179.999985 -170.211685 0.000000 -0.000000 0.000000 14.999975 -0.000049 33.253101 0.000007 -0.000058 27.207083 0.000016 -0.000026 19.044964 0.000000 -0.000000 0.000000 179.999969 -179.999954 -144.781494 0.000007 -0.000080 35.218510 0.000020 -0.000036 23.455528 0.000000 -0.000000 0.000000 169.999939 -179.999924 -148.128372 180.000000 -179.999893 -148.128357 0.000024 -0.000057 21.226501 0.000000 -0.000000 0.000000 159.999985 -179.999985 -158.953369 180.000000 -179.999969 -148.430054 0.000006 -0.000022 21.025595 174.796188 -178.776962 178.631546 174.850540 -176.436707 97.980827 175.478394 -176.583420 179.473892 8.341045 3.897863 -0.321284 129.931366 122.601021 155.689484 180.000000 179.999985 167.900345 180.000000 -180.000000 171.941620 0.000000 -0.000000 0.000000 165.000015 -179.999985 150.694077 0.000001 -0.000022 -23.977551 0.000002 -0.000012 -16.784279 0.000000 -0.000000 0.000000 0.000011 -0.000018 -32.136795 0.000002 -0.000021 -32.136776 179.999985 -179.999985 158.596909 0.000000 -0.000000 0.000000 10.000006 -0.000009 -30.242277 180.000000 -179.999985 149.757736 180.000000 -180.000000 159.858643 0.000000 -0.000000 0.000000 20.000013 -0.000007 -24.790932 0.000004 -0.000011 -37.186386 179.999985 -179.999985 155.233887
-67.755081 97.109352 5.073180 93.333420 -179.480209 -178.936783 176.064804 176.199326 -179.285355 174.292389 179.633667 -179.753510 11.347128 -3.070886 -2.183772 1.458765 2.030736 2.020935 4.274304 -0.230844 -0.082278 166.656906 -177.643539 174.640884 0.096822 2.857433 0.127699 0.096810 2.802346 0.209530 0.434326 2.029754 0.293761 0.000018 -4.598556 -0.146602 0.000017 -5.364981 -0.151839 173.240021 -176.057129 -179.624725 5.755382 1.330579 -0.399532 10.579423 -5.075702 80.085182 0.665905 -5.413459 1.688593 178.843796 179.148392 171.866653 34.067429 47.409714 10.953955 179.999985 -179.999985 -165.211792 180.000000 -179.999985 -170.151047 0.000000 -0.000000 0.000000 14.999989 -0.000010 33.366570 0.000004 -0.000012 27.299898 0.000002 -0.000009 19.109943 0.000000 -0.000000 0.000000 180.000000 -179.999985 -144.654190 0.000002 -0.000015 35.345798 179.999985 -180.000000 -156.459702 0.000000 -0.000000 0.000000 170.000000 -179.999985 -147.960434 180.000000 -179.999954 -147.960434 0.000013 -0.000023 21.338350 0.000000 -0.000000 0.000000 160.000000 -179.999985 -158.913269 180.000000 -179.999985 -148.369904 180.000000 -179.999985 -158.934357 174.786606 -178.782135 178.646759 174.888428 -176.412140 97.943298 175.138794 -176.271896 179.394806 8.281362 3.846437 -0.260228 129.819489 122.483147 155.582962 0.000000 0.000000 -12.077199 0.000002 0.000002 -8.043420 0.000003 0.000000 -0.000002 165.000015 -179.999985 150.654465 180.000000 179.999985 155.990036 180.000000 -179.999985 163.193024 0.000003 0.000000 -0.000002 180.000000 179.999985 147.834641 0.000001 -0.000003 -32.165344 0.000000 -0.000002 -21.422121 0.000003 0.000000 -0.000002 10.000002 -0.000004 -30.257208 0.000002 0.000006 -30.257215 0.000003 0.000001 -20.151304 0.000003 0.000000 -0.000002 20.000002 0.000003 -24.809061 0.000000 0.000000 -37.213577 179.999985 180.000000 155.215729
-67.753273 97.119934 5.098937 93.370163 -179.458023 -178.951141 175.940353 176.138748 -179.344620 174.220245 179.582825 -179.755096 11.503344 -3.102986 -2.187078 1.853897 1.799708 2.140963 3.669018 0.078302 -0.169358 166.821899 -177.593582 174.656754 0.084246 2.867546 0.128276 0.084267 2.812280 0.210894 0.375443 2.037364 0.292831 180.000000 -175.359116 179.877411 180.000000 -174.585632 179.873032 173.087479 -176.023575 -179.595200 5.766567 1.316046 -0.422419 10.653255 -5.186626 80.054848 0.868675 -5.567090 1.712328 178.969360 179.291458 171.749420 33.964855 47.397713 11.082671 179.999893 -179.999878 -165.100906 179.999954 -179.999908 -170.077194 0.000002 -0.000000 0.000003 14.999820 -0.000260 33.466705 179.999985 -179.999725 -152.618179 0.000081 -0.000175 19.167292 0.000002 -0.000000 0.000003 179.999847 -179.999817 -144.600006 179.999985 -179.999756 -144.599991 0.000080 -0.000133 23.576363 0.000002 -0.000000 0.000003 169.999619 -179.999527 -147.749054 179.999939 -179.999405 -147.749069 0.000160 -0.000347 21.479139 0.000002 -0.000000 0.000003 160.000000 -179.999985 -158.873230 179.999985 -179.999985 -148.309845 0.000004 -0.000018 21.105658 174.790802 -178.781906 178.671280 174.987457 -176.395645 97.891228 174.776535 -176.028183 179.308884 8.217907 3.794066 -0.212252 129.671097 122.355095 155.408859 0.000015 0.000017 -12.068144 0.000013 0.000004 -8.037401 0.000000 -0.000000 0.000000 165.000000 179.999908 150.645844 0.000037 0.000073 -24.017025 0.000040 0.000035 -16.811916 0.000000 -0.000000 0.000000 180.000000 179.999985 147.809311 0.000025 0.000037 -32.190704 0.000007 0.000002 -21.439001 0.000000 -0.000000 0.000000 10.000002 0.000174 -30.270138 0.000074 0.000144 -30.270172 0.000109 0.000052 -20.159927 0.000000 -0.000000 0.000000 19.999987 0.000154 -24.827490 0.000112 0.000225 -37.241287 0.000140 0.000078 -24.802679
-67.764961 97.129326 5.136309 93.475471 -179.357086 -179.004730 175.777435 176.056534 -179.339157 174.138885 179.480881 -179.770081 11.637358 -3.125394 -2.214097 2.056020 1.787715 2.190399 3.148862 0.254262 -0.161207 167.029892 -177.533112 174.676544 0.064632 2.906842 0.141129 0.064651 2.850846 0.232972 0.281588 2.065798 0.317348 0.000002 -4.649537 -0.101510 0.000009 -5.424461 -0.105134 172.998550 -176.018402 -179.575104 5.776073 1.303867 -0.431346 10.623222 -5.338987 79.985535 1.009129 -5.665143 1.786099 179.079758 179.379745 171.656754 33.943062 47.508827 11.282512 179.999924 -179.999878 -165.011658 179.999985 -179.999908 -170.017761 0.000000 -0.000000 0.000000 14.999902 -0.000176 33.529274 0.000011 -0.000184 27.433048 0.000059 -0.000102 19.203133 0.000000 -0.000000 0.000000 179.999954 -179.999908 -144.551224 0.000013 -0.000117 35.448772 0.000036 -0.000062 23.608871 0.000000 -0.000000 0.000000 169.999771 -179.999680 -147.651978 179.999985 -179.999588 -147.651993 0.000125 -0.000238 21.543785 0.000000 -0.000000 0.000000 160.000015 179.999985 -158.864914 0.000017 0.000022 31.702623 179.999985 179.999985 -158.886063 174.804459 -178.777832 178.684097 174.901016 -176.387650 97.886139 174.459610 -175.859726 179.258270 8.159466 3.744109 -0.207186 129.517776 122.201088 155.235672 179.999985 -179.999985 167.947571 179.999985 -179.999985 171.973038 0.000000 0.000000 -0.000002 165.000031 179.999863 150.651993 0.000083 0.000087 -24.011980 0.000079 0.000029 -16.808380 0.000000 0.000000 -0.000002 0.000026 0.000075 -32.191898 0.000051 0.000059 -32.191895 0.000047 0.000009 -21.439804 0.000000 0.000000 -0.000002 10.000042 0.000139 -30.243023 0.000109 0.000106 -30.243042 0.000098 0.000014 -20.141876 0.000000 0.000000 -0.000002 20.000036 0.000159 -24.804712 0.000162 0.000204 -37.207088 0.000156 0.000036 -24.779903
-67.782944 97.137970 5.185517 93.550323 -179.275314 -179.042816 175.700806 176.034073 -179.339157 173.994049 179.339249 -179.792770 11.779573 -3.167193 -2.229932 2.217290 1.842987 2.158663 2.840810 0.358463 -0.098793 167.100861 -177.458130 174.704071 0.050649 2.938714 0.151717 0.050683 2.882113 0.251100 0.214513 2.088862 0.337884 0.000002 -4.646468 -0.081092 180.000000 -174.579117 179.916000 172.916382 -176.023163 -179.557129 5.782606 1.297924 -0.438861 10.595274 -5.435427 79.933220 1.190035 -5.784741 1.845131 179.157257 179.408432 171.576187 33.912148 47.591972 11.507689 179.999969 -179.999893 -164.900574 179.999985 -179.999939 -169.943802 0.000000 -0.000000 0.000000 14.999952 -0.000084 33.583065 0.000003 -0.000073 27.477007 0.000027 -0.000048 19.233921 0.000000 -0.000000 0.000000 179.999969 -179.999954 -144.521759 0.000009 -0.000051 35.478214 0.000019 -0.000027 23.628506 0.000000 -0.000000 0.000000 169.999893 -179.999832 -147.544769 180.000000 -179.999817 -147.544769 0.000079 -0.000114 21.615181 0.000000 -0.000000 0.000000 160.000000 179.999985 -158.870987 0.000005 0.000013 31.693499 179.999985 179.999985 -158.892105 174.821716 -178.774490 178.694321 174.770752 -176.380692 97.895889 174.168076 -175.780029 179.224335 8.103637 3.695562 -0.216881 129.382080 122.054375 155.066650 179.999893 -179.999954 167.955185 179.999939 -179.999985 171.978134 0.000000 -0.000000 0.000000 165.000061 179.999893 150.682327 0.000075 0.000042 -23.987192 0.000058 0.000003 -16.791016 0.000000 -0.000000 0.000000 0.000032 0.000054 -32.178963 0.000053 0.000025 -32.178974 0.000049 -0.000003 -21.431206 0.000000 -0.000000 0.000000 10.000073 0.000130 -30.212864 0.000127 0.000065 -30.212877 0.000074 -0.000008 -20.121775 0.000000 -0.000000 0.000000 20.000082 0.000139 -24.772123 0.000190 0.000143 -37.158180 0.000161 -0.000001 -24.747364
-67.803749 97.145439 5.244787 93.606171 -179.206146 -179.065369 175.627441 176.038620 -179.357773 173.866730 179.184586 -179.813385 11.919306 -3.206955 -2.245387 2.265702 1.921260 2.076440 2.895637 0.440941 -0.015946 166.941238 -177.380920 174.746460 0.041042 2.965949 0.158703 0.041033 2.908839 0.263069 0.168267 2.108559 0.351336 0.000006 -4.633296 -0.060037 0.000009 -5.405507 -0.062180 172.839050 -176.036652 -179.540176 5.779338 1.294734 -0.435497 10.543782 -5.540582 79.880836 1.344624 -5.876406 1.903093 179.203751 179.404434 171.512299 33.895058 47.663731 11.696749 179.999985 -179.999924 -164.811478 0.000005 -0.000054 10.115597 0.000002 0.000002 -0.000002 14.999965 -0.000067 33.611134 180.000000 -179.999954 -152.499969 0.000026 -0.000030 19.250006 0.000002 0.000002 -0.000002 179.999985 -179.999985 -144.504990 0.000005 -0.000029 35.495041 0.000014 -0.000016 23.639696 0.000002 0.000002 -0.000002 169.999969 -179.999908 -147.483994 0.000013 -0.000113 32.516026 0.000041 -0.000058 21.655666 0.000002 0.000002 -0.000002 160.000015 179.999985 -158.872604 0.000003 -0.000003 31.691122 0.000003 -0.000004 21.106277 174.835556 -178.766693 178.704361 174.566025 -176.377075 97.927841 173.912567 -175.747910 179.206100 8.060220 3.646094 -0.228876 129.298111 121.921974 154.915924 179.999847 -179.999954 167.943130 179.999893 -179.999985 171.970139 0.000000 -0.000000 0.000000 165.000046 179.999969 150.716736 0.000043 0.000013 -23.959026 0.000033 -0.000012 -16.771311 0.000000 -0.000000 0.000000 0.000034 0.000049 -32.161457 0.000042 0.000002 -32.161457 0.000040 -0.000009 -21.419512 0.000000 -0.000000 0.000000 10.000325 0.000340 -30.242916 0.000446 0.000130 -30.242895 0.000310 -0.000067 -20.141787 0.000000 -0.000000 0.000000 20.000063 0.000090 -24.729343 0.000170 0.000073 -37.094063 0.000105 -0.000035 -24.704624
-67.824524 97.151115 5.309605 93.682045 -179.107697 -179.094177 175.519989 176.012970 -179.378922 173.738403 179.041245 -179.824463 12.072593 -3.236002 -2.265021 2.247368 2.033037 1.993617 3.072329 0.511309 0.072049 166.705841 -177.310928 174.791489 0.029621 3.002668 0.167447 0.029601 2.944867 0.278026 0.113199 2.135067 0.368233 0.000014 -4.609923 -0.039654 179.999985 -174.621765 179.958939 172.772598 -176.058731 -179.525513 5.783889 1.291234 -0.421568 10.467862 -5.697669 79.800468 1.419220 -5.916012 1.984712 179.256866 179.393448 171.465500 33.905487 47.761402 11.920381 179.999985 -179.999969 -164.721497 0.000002 -0.000029 10.175468 180.000000 180.000000 -180.000000 14.999997 -0.000001 33.647812 0.000015 -0.000024 27.530012 180.000000 179.999985 -160.728989 180.000000 180.000000 -180.000000 180.000000 179.999985 -144.485703 179.999985 180.000000 -144.485703 180.000000 180.000000 -156.347488 180.000000 180.000000 -180.000000 170.000000 -179.999985 -147.426605 0.000016 -0.000020 32.573414 0.000024 -0.000019 21.693880 180.000000 180.000000 -180.000000 160.000015 179.999954 -158.854782 179.999985 179.999924 -148.282181 179.999985 179.999985 -158.875931 174.850967 -178.759399 178.714096 174.318069 -176.372208 97.976280 173.695343 -175.790985 179.200470 8.025775 3.586944 -0.237148 129.218689 121.801277 154.741592 179.999832 -179.999954 167.915070 179.999878 -179.999985 171.951431 0.000000 0.000002 0.000002 165.000031 179.999985 150.738510 0.000021 0.000002 -23.941219 0.000009 -0.000012 -16.758839 0.000000 0.000002 0.000002 0.000017 0.000008 -32.146046 0.000034 0.000005 -32.146042 0.000012 -0.000008 -21.409267 0.000000 0.000002 0.000002 10.000042 0.000038 -30.053690 0.000055 0.000006 -30.053707 0.000032 -0.000026 -20.015770 0.000000 0.000002 0.000002 20.000046 0.000039 -24.688396 0.000092 0.000027 -37.032612 0.000047 -0.000023 -24.663713
-67.847046 97.154640 5.375416 93.725616 -179.030426 -179.095886 175.387863 175.978973 -179.413254 173.610748 178.921524 -179.848114 12.281322 -3.272909 -2.285467 2.254055 2.111824 1.893779 3.431231 0.622768 0.134103 166.294617 -177.216553 174.864883 0.025434 3.030806 0.170981 0.025421 2.972468 0.284053 0.092873 2.155235 0.375149 180.000000 -175.421539 179.976837 0.000005 -5.341543 -0.023992 172.711105 -176.087402 -179.514557 5.779917 1.289098 -0.415289 10.392936 -5.772182 79.759628 1.546014 -5.901290 2.027320 179.208115 179.363281 171.459381 33.886127 47.756081 11.993014 0.000003 -0.000040 15.324233 0.000011 -0.000024 10.205924 0.000000 0.000000 -0.000002 14.999990 -0.000012 33.665634 0.000002 -0.000007 27.544626 0.000004 0.000001 19.281227 0.000000 0.000000 -0.000002 180.000000 179.999985 -144.481689 0.000004 0.000001 35.518322 0.000003 -0.000002 23.655197 0.000000 0.000000 -0.000002 170.000000 -179.999985 -147.402588 0.000005 -0.000006 32.597420 0.000007 0.000002 21.709871 0.000000 0.000000 -0.000002 160.000015 -179.999985 -158.922318 0.000024 -0.000030 31.616543 0.000026 -0.000010 21.056610 174.850372 -178.751129 178.720779 174.032471 -176.363068 98.034698 173.526154 -175.868851 179.207748 8.003516 3.535809 -0.240126 129.192368 121.729202 154.621048 179.999817 -179.999969 167.879227 179.999863 -179.999985 171.927567 180.000000 -180.000000 179.999985 164.999969 -179.999985 150.757416 179.999985 179.999985 156.074203 179.999985 -180.000000 163.251953 180.000000 -180.000000 179.999985 179.999969 -179.999969 147.871140 179.999985 179.999985 147.871124 179.999985 179.999985 158.602188 180.000000 -180.000000 179.999985 10.000002 -0.000008 -30.025169 0.000010 0.000014 -30.025200 179.999985 -179.999985 160.003235 180.000000 -180.000000 179.999985 20.000198 0.000106 -24.711435 0.000349 0.000032 -37.067154 0.000209 -0.000122 -24.686724
-67.868294 97.155998 5.436784 93.733879 -178.979752 -179.080658 175.362640 175.937119 -179.444763 173.545578 178.856705 -179.881226 12.356289 -3.293890 -2.294725 2.190742 2.132938 1.797084 3.775820 0.757863 0.173627 166.002960 -177.142639 174.952576 0.027494 3.048729 0.170484 0.027491 2.990043 0.283137 0.102483 2.167897 0.374492 180.000000 -175.459991 179.990280 180.000000 -174.703323 179.989929 172.663177 -176.121719 -179.507202 5.779353 1.290235 -0.415887 10.369727 -5.828464 79.742935 1.673187 -6.011525 2.044355 179.133362 179.244049 171.475662 33.890759 47.769077 12.085872 0.000010 -0.000032 15.366430 0.000007 -0.000018 10.234048 0.000000 -0.000000 0.000000 15.000004 0.000008 33.676075 180.000000 179.999985 -152.446854 0.000006 -0.000004 19.287193 0.000000 -0.000000 0.000000 179.999985 179.999985 -144.487503 179.999985 179.999985 -144.487503 179.999985 -180.000000 -156.348694 0.000000 -0.000000 0.000000 170.000000 -180.000000 -147.384872 179.999985 179.999985 -147.384872 0.000004 0.000004 21.721670 0.000000 -0.000000 0.000000 160.000015 -180.000000 -158.884521 179.999985 179.999985 -148.326767 179.999985 179.999985 -158.905640 174.840866 -178.743530 178.719162 173.749786 -176.347778 98.108925 173.402191 -175.974716 179.222488 7.994210 3.509340 -0.238311 129.196854 121.694023 154.493088 179.999878 -179.999985 167.818192 179.999924 179.999985 171.886917 0.000000 0.000000 -0.000002 164.999939 -179.999985 150.752182 179.999969 179.999985 156.069977 179.999985 179.999985 163.248978 0.000000 0.000000 -0.000002 179.999969 -179.999985 147.866364 179.999939 180.000000 147.866364 179.999985 179.999985 158.599014 0.000000 0.000000 -0.000002 9.999963 -0.000014 -30.015106 179.999969 179.999985 149.984909 179.999985 179.999985 160.009964 0.000000 0.000000 -0.000002 19.999958 -0.000021 -24.565977 179.999924 179.999985 143.151031 179.999969 179.999969 155.458603
-67.884842 97.155472 5.489832 93.723999 -178.935516 -179.064087 175.376434 175.879837 -179.466431 173.478104 178.822556 -179.920822 12.412643 -3.310105 -2.293302 2.239281 2.125480 1.726466 3.819616 0.890955 0.193097 165.917374 -177.090149 175.039459 0.033302 3.063742 0.169114 0.033286 3.004755 0.280634 0.129665 2.178331 0.372650 179.999985 -175.503128 -179.999039 0.000003 -5.246349 0.000989 172.631454 -176.159668 -179.503220 5.780538 1.295303 -0.418706 10.333405 -5.909223 79.726997 1.746173 -6.063307 2.063214 179.057709 179.144165 171.518265 33.903725 47.779579 12.175248 0.000008 -0.000030 15.403764 0.000011 -0.000014 10.258927 0.000000 -0.000002 0.000000 15.000008 -0.000009 33.677525 179.999985 179.999985 -152.445679 180.000000 179.999985 -160.711990 0.000000 -0.000002 0.000000 179.999985 179.999985 -144.496948 179.999985 179.999985 -144.496948 179.999985 -179.999985 -156.354950 0.000000 -0.000002 0.000000 170.000000 -180.000000 -147.377945 0.000004 -0.000010 32.622047 179.999985 179.999985 -158.273712 0.000000 -0.000002 0.000000 160.000000 -179.999985 -158.885956 180.000000 180.000000 -148.328918 180.000000 -179.999985 -158.907074 174.823761 -178.736877 178.710007 173.428757 -176.325058 98.203690 173.331436 -176.063599 179.242645 7.998354 3.478218 -0.237137 129.260208 121.708344 154.464172 179.999908 180.000000 167.769089 179.999954 179.999985 171.854202 0.000000 0.000002 0.000000 164.999969 -179.999985 150.730713 179.999969 179.999985 156.052414 179.999985 179.999985 163.236679 0.000000 0.000002 0.000000 179.999969 -179.999985 147.849091 179.999985 179.999985 147.849060 179.999985 179.999985 158.587479 0.000000 0.000002 0.000000 9.999965 0.000005 -30.028477 179.999969 179.999985 149.971527 179.999985 179.999985 160.001038 0.000000 0.000002 0.000000 19.999960 -0.000006 -24.584812 179.999939 179.999985 143.122787 179.999985 179.999969 155.439789
-67.894455 97.153107 5.532319 93.698410 -178.894547 -179.048477 175.493866 175.817154 -179.478561 173.338928 178.808273 -179.958908 12.453147 -3.317779 -2.283835 2.379011 2.043362 1.715678 3.713361 1.080855 0.160478 165.904816 -177.049683 175.121719 0.041842 3.075247 0.167578 0.041820 3.016023 0.277757 0.169735 2.186145 0.370971 180.000000 -175.551651 -179.991760 0.000028 -5.189737 0.008515 172.616684 -176.201797 -179.503067 5.786747 1.306869 -0.428353 10.400509 -5.936011 79.743874 1.826048 -6.187151 2.041986 178.981400 179.053726 171.582993 33.912743 47.795574 12.257471 0.000011 -0.000025 15.438185 0.000009 -0.000015 10.281851 0.000000 -0.000000 0.000000 14.999990 0.000006 33.669369 179.999985 179.999985 -152.452316 0.000002 -0.000006 19.283361 0.000000 -0.000000 0.000000 179.999985 -179.999985 -144.515396 179.999985 -179.999985 -144.515411 180.000000 -179.999985 -156.367249 0.000000 -0.000000 0.000000 170.000000 -180.000000 -147.381668 179.999985 -179.999985 -147.381668 179.999985 -179.999985 -158.276199 0.000000 -0.000000 0.000000 160.000000 179.999985 -158.891693 179.999985 179.999985 -148.337509 0.000008 -0.000014 21.087219 174.800171 -178.731247 178.697891 173.201370 -176.302567 98.293846 173.292786 -176.216934 179.262344 8.012475 3.461541 -0.240388 129.379898 121.762688 154.476120 179.999969 179.999985 167.705490 179.999985 179.999985 171.811844 0.000000 -0.000000 0.000000 164.999969 -179.999985 150.704651 179.999985 179.999985 156.031082 179.999985 179.999985 163.221756 0.000000 -0.000000 0.000000 0.000036 0.000003 -32.186253 0.000011 -0.000012 -32.186245 0.000015 -0.000008 -21.436045 0.000000 -0.000000 0.000000 9.999976 -0.000017 -30.051474 179.999985 179.999985 149.948532 179.999985 179.999985 159.985718 0.000000 -0.000000 0.000000 19.999975 -0.000009 -24.611835 179.999985 179.999985 143.082275 179.999985 179.999985 155.412766
-67.899826 97.149292 5.566622 93.660507 -178.860580 -179.038879 175.699402 175.755981 -179.481232 173.116348 178.793549 -179.996674 12.503550 -3.336804 -2.266222 2.663281 1.950547 1.739874 3.365915 1.258500 0.101930 166.001022 -177.019714 175.196411 0.052558 3.082062 0.167155 0.052589 3.022685 0.276651 0.219980 2.190512 0.372121 0.000006 -4.396838 0.011774 0.000001 -5.129638 0.012186 172.618011 -176.246063 -179.506622 5.786105 1.325516 -0.445322 10.504249 -5.944196 79.776047 1.890396 -6.308988 2.008339 178.902695 178.977280 171.667130 33.918533 47.788136 12.345700 0.000008 -0.000017 15.481300 0.000006 -0.000007 10.310548 0.000000 -0.000002 -0.000002 14.999976 0.000001 33.654041 179.999985 -179.999985 -152.464828 180.000000 -179.999985 -160.725418 0.000000 -0.000002 -0.000002 179.999985 -179.999985 -144.543274 179.999985 -179.999985 -144.543274 180.000000 -179.999985 -156.385834 0.000000 -0.000002 -0.000002 169.999969 179.999985 -147.398453 179.999985 -179.999985 -147.398468 179.999985 -179.999985 -158.287384 0.000000 -0.000002 -0.000002 160.000000 179.999985 -158.898895 180.000000 -179.999985 -148.348358 179.999985 -179.999985 -158.920013 174.769012 -178.723740 178.684692 172.914505 -176.244217 98.405144 173.346817 -176.252945 179.274689 8.037137 3.454721 -0.246817 129.534363 121.843224 154.563751 179.999985 179.999985 167.658020 179.999985 179.999985 171.780228 0.000000 -0.000000 0.000003 164.999969 -180.000000 150.679977 179.999985 179.999985 156.010925 180.000000 179.999985 163.207642 0.000000 -0.000000 0.000003 179.999985 180.000000 147.841339 180.000000 179.999985 147.841370 179.999985 179.999985 158.582367 0.000000 -0.000000 0.000003 9.999986 -0.000006 -30.071018 179.999985 179.999985 149.928986 0.000004 0.000015 -20.027283 0.000000 -0.000000 0.000003 19.999989 -0.000009 -24.640087 179.999985 179.999985 143.039886 180.000000 179.999985 155.384567
-67.902351 97.144417 5.597795 93.614899 -178.833282 -179.036240 175.971970 175.721924 -179.493179 172.848206 178.742752 179.970062 12.541118 -3.375498 -2.231551 2.949843 1.874817 1.782815 2.888033 1.381019 0.039102 166.233200 -177.017654 175.250351 0.062662 3.082943 0.167554 0.062667 3.023532 0.276948 0.267092 2.190670 0.374904 0.000009 -4.342525 0.013183 0.000011 -5.066271 0.013650 172.645294 -176.292328 -179.513474 5.793225 1.348021 -0.461360 10.666121 -5.946924 79.824463 1.919509 -6.471351 1.958690 178.820465 178.881134 171.761612 33.932556 47.786339 12.417171 0.000005 -0.000013 15.511421 0.000006 -0.000004 10.330594 0.000000 -0.000000 0.000000 14.999990 -0.000006 33.619278 180.000000 -179.999985 -152.493347 179.999985 -179.999985 -160.745331 0.000000 -0.000000 0.000000 179.999985 -179.999985 -144.582123 179.999985 -179.999985 -144.582123 179.999985 -179.999985 -156.411697 0.000000 -0.000000 0.000000 169.999969 -179.999985 -147.432495 179.999985 -179.999985 -147.432495 180.000000 -179.999985 -158.310043 0.000000 -0.000000 0.000000 160.000046 179.999985 -158.929611 0.000047 0.000028 31.605608 0.000013 0.000031 21.049334 174.746094 -178.716370 178.674942 172.669174 -176.178848 98.502808 173.441559 -176.266586 179.287323 8.071631 3.452888 -0.249052 129.678177 121.920624 154.656128 180.000000 179.999985 167.618866 180.000000 179.999985 171.754166 0.000000 -0.000000 0.000000 165.000000 179.999985 150.660019 180.000000 179.999985 155.994568 180.000000 179.999985 163.196198 0.000000 -0.000000 0.000000 179.999985 179.999985 147.832169 179.999985 179.999985 147.832184 0.000003 0.000020 -21.423775 0.000000 -0.000000 0.000000 9.999998 0.000005 -30.087704 180.000000 179.999985 149.912292 0.000000 0.000000 -20.038406 0.000000 -0.000000 0.000000 20.000002 0.000006 -24.657219 179.999985 179.999985 143.014206 0.000006 0.000006 -24.632551
-67.904747 97.139153 5.631123 93.564171 -178.815536 -179.039612 176.231781 175.719147 -179.516266 172.593384 178.678421 179.967621 12.584023 -3.406155 -2.210292 3.214920 1.830658 1.827953 2.544711 1.463554 -0.025072 166.358765 -177.007660 175.294449 0.072277 3.078077 0.169537 0.072288 3.018738 0.279909 0.311768 2.186721 0.381014 0.000005 -4.288425 0.009897 0.000021 -5.003157 0.010248 172.690994 -176.337906 -179.524338 5.801091 1.369107 -0.475261 10.794478 -5.925257 79.858910 1.932570 -6.486257 1.929408 178.749329 178.870544 171.870316 33.945049 47.764202 12.481031 0.000004 -0.000005 15.542063 0.000003 -0.000006 10.351011 180.000000 -180.000000 180.000000 14.999976 -0.000002 33.574883 180.000000 -179.999985 -152.529633 180.000000 -179.999985 -160.770752 180.000000 -180.000000 180.000000 179.999985 -179.999985 -144.631912 179.999985 -179.999985 -144.631943 180.000000 -179.999985 -156.444870 180.000000 -180.000000 180.000000 169.999985 -180.000000 -147.488892 179.999985 -179.999985 -147.488861 0.000006 -0.000025 21.652390 180.000000 -180.000000 180.000000 160.000000 179.999985 -158.860016 179.999985 -179.999985 -148.290039 0.000001 -0.000014 21.118824 174.725571 -178.705414 178.665878 172.494247 -176.104431 98.578407 173.600616 -176.302795 179.310883 8.086692 3.426461 -0.261203 129.775955 121.993309 154.735611 0.000030 0.000086 -12.402538 0.000034 0.000052 -8.260094 0.000000 -0.000000 0.000000 165.000000 -179.999985 150.646744 0.000005 0.000008 -24.016281 0.000010 0.000005 -16.811405 0.000000 -0.000000 0.000000 0.000000 0.000005 -32.226349 179.999985 179.999985 147.773636 0.000000 -0.000001 -21.462748 0.000000 -0.000000 0.000000 10.000006 0.000004 -30.103407 180.000000 -180.000000 149.896606 0.000003 0.000003 -20.048855 0.000000 -0.000000 0.000000 20.000004 -0.000002 -24.672287 0.000003 0.000003 -37.008419 0.000002 0.000006 -24.647614
-67.911385 97.133980 5.670192 93.511734 -178.802887 -179.047119 176.430389 175.730515 -179.550537 172.402740 178.599854 179.979614 12.626336 -3.441973 -2.196618 3.387195 1.822437 1.860543 2.396289 1.511171 -0.081480 166.385117 -176.992966 175.333099 0.080554 3.069931 0.172400 0.080544 3.010731 0.284385 0.350085 2.180472 0.388751 0.000016 -4.236413 0.002807 0.000011 -4.942480 0.002909 172.752457 -176.381287 -179.538239 5.807466 1.386052 -0.486512 10.973616 -5.892187 79.918564 1.922701 -6.552269 1.874478 178.673111 178.835175 171.984589 33.937115 47.715275 12.514447 0.000001 -0.000005 15.571157 0.000003 -0.000004 10.370378 0.000000 -0.000002 0.000000 14.999990 -0.000014 33.528557 180.000000 -179.999985 -152.567535 0.000005 -0.000010 19.202715 0.000000 -0.000002 0.000000 179.999985 -179.999985 -144.680389 179.999985 -179.999985 -144.680405 0.000011 -0.000016 23.522865 0.000000 -0.000002 0.000000 169.999969 -179.999985 -147.544571 179.999985 -179.999969 -147.544556 180.000000 -179.999985 -158.384689 0.000000 -0.000002 0.000000 160.000000 -179.999985 -158.881790 179.999985 -179.999985 -148.322693 180.000000 -179.999985 -158.902924 174.708389 -178.692566 178.656357 172.396011 -176.018021 98.633858 173.804947 -176.319397 179.334930 8.097480 3.419963 -0.262411 130.280914 122.095520 154.986557 0.000004 0.000014 -12.549788 0.000003 0.000007 -8.358158 0.000000 -0.000000 0.000000 165.000015 -180.000000 150.639618 180.000000 -179.999985 155.977890 180.000000 179.999985 163.184509 0.000000 -0.000000 0.000000 0.000004 0.000005 -32.239372 180.000000 179.999985 147.760620 0.000001 -0.000003 -21.471416 0.000000 -0.000000 0.000000 10.000003 0.000006 -30.111349 0.000000 -0.000001 -30.111349 180.000000 -179.999985 159.945847 0.000000 -0.000000 0.000000 20.000002 0.000004 -24.682146 0.000002 0.000006 -37.023224 0.000001 -0.000003 -24.657459
-67.923538 97.129456 5.716594 93.457405 -178.794907 -179.052460 176.572952 175.751678 -179.594940 172.284134 178.522003 -179.995865 12.654390 -3.470489 -2.193653 3.466501 1.885093 1.849707 2.342808 1.486562 -0.103537 166.414474 -176.976837 175.366425 0.087474 3.059714 0.174953 0.087467 3.000691 0.288397 0.382170 2.172815 0.395543 0.000000 -4.188936 -0.007851 0.000022 -4.887091 -0.008130 172.827103 -176.420456 -179.554611 5.820113 1.406158 -0.495202 11.097132 -5.871479 79.982628 1.905635 -6.591663 1.815447 178.579224 178.758835 172.112320 33.948460 47.677364 12.558121 180.000000 -180.000000 -164.404938 0.000001 -0.000003 10.386300 0.000000 -0.000000 0.000000 14.999987 -0.000006 33.476952 180.000000 -179.999985 -152.609756 179.999985 -180.000000 -160.826828 0.000000 -0.000000 0.000000 179.999985 -179.999985 -144.731369 179.999985 -179.999985 -144.731400 0.000005 -0.000011 23.488895 0.000000 -0.000000 0.000000 170.000000 179.999985 -147.656036 180.000000 -179.999985 -147.656036 179.999985 -179.999985 -158.458923 0.000000 -0.000000 0.000000 160.000015 -179.999985 -158.898270 180.000000 -180.000000 -148.347397 0.000003 -0.000002 21.080631 174.693909 -178.678360 178.643280 172.325439 -175.918381 98.677956 174.056931 -176.287689 179.361313 8.099053 3.427008 -0.252647 130.471756 122.174507 155.103546 180.000000 179.999985 167.399460 0.000003 0.000002 -8.391971 0.000000 -0.000000 0.000002 165.000015 180.000000 150.638840 0.000007 0.000001 -24.022770 180.000000 179.999985 163.184067 0.000000 -0.000000 0.000002 0.000011 -0.000002 -32.245518 0.000003 0.000003 -32.245510 0.000000 -0.000003 -21.475515 0.000000 -0.000000 0.000002 10.000001 0.000009 -30.116329 0.000006 0.000003 -30.116329 180.000000 -179.999985 159.942520 0.000000 -0.000000 0.000002 20.000010 -0.000003 -24.685791 0.000006 0.000004 -37.028660 0.000003 0.000001 -24.661087
-67.939682 97.125885 5.768724 93.401932 -178.788132 -179.052780 176.666763 175.771912 -179.641891 172.249268 178.458389 -179.978241 12.647244 -3.489778 -2.189559 3.396192 1.963527 1.812446 2.460610 1.451106 -0.112318 166.423874 -176.959427 175.398956 0.092985 3.049297 0.176607 0.092984 2.990466 0.290959 0.407738 2.165103 0.400107 0.000006 -4.147139 -0.022335 0.000010 -4.838334 -0.023127 172.909729 -176.454453 -179.573120 5.823113 1.419727 -0.499084 11.220001 -5.853971 80.052910 1.867344 -6.575678 1.764214 178.485794 178.722946 172.232864 33.931171 47.597809 12.562495 0.000000 0.000002 15.619213 0.000000 0.000001 10.402390 0.000000 -0.000000 0.000003 14.999997 -0.000007 33.423580 180.000000 -179.999985 -152.653427 180.000000 -179.999985 -160.857407 0.000000 -0.000000 0.000003 179.999985 -179.999985 -144.787918 179.999985 -179.999985 -144.787903 0.000005 -0.000007 23.451254 0.000000 -0.000000 0.000003 170.000000 -179.999985 -147.690399 179.999985 -179.999985 -147.690384 0.000011 -0.000014 21.518219 0.000000 -0.000000 0.000003 160.000015 -179.999985 -158.912369 179.999985 -179.999985 -148.368561 180.000000 -179.999985 -158.933441 174.682159 -178.663071 178.626556 172.353989 -175.831406 98.691963 174.312958 -176.287109 179.400070 8.135290 3.441509 -0.208361 130.431976 122.169159 155.018143 0.000002 0.000005 -12.622333 180.000000 -180.000000 171.593536 0.000000 -0.000000 0.000002 165.000015 179.999985 150.634201 180.000000 -179.999985 155.973450 180.000000 -180.000000 163.181412 0.000000 -0.000000 0.000002 180.000000 179.999985 147.747635 180.000000 180.000000 147.747635 0.000000 -0.000003 -21.480078 0.000000 -0.000000 0.000002 9.999999 -0.000005 -30.130211 180.000000 179.999985 149.869766 0.000003 0.000001 -20.066727 0.000000 -0.000000 0.000002 20.000002 0.000001 -24.687946 180.000000 179.999985 142.968079 180.000000 -179.999985 155.336746
-67.957787 97.122696 5.825050 93.359528 -178.776779 -179.053116 176.791641 175.790253 -179.686905 172.161011 178.392639 -179.957214 12.649188 -3.508043 -2.194551 3.283250 2.056578 1.758439 2.623256 1.403906 -0.101929 166.418274 -176.942520 175.423813 0.096455 3.041204 0.178612 0.096447 2.982522 0.294165 0.423768 2.159122 0.405043 0.000017 -4.106251 -0.037566 0.000011 -4.790628 -0.038908 172.995148 -176.487534 -179.592102 5.821931 1.431896 -0.500775 11.367799 -5.843197 80.138115 1.806274 -6.582512 1.704655 178.366547 178.658051 172.383499 33.875931 47.640320 12.228348 179.999680 -179.999725 -164.532379 179.999847 -179.999756 -169.698563 0.000000 -0.000000 0.000000 14.999857 -0.000257 33.414093 0.000015 -0.000255 27.338814 0.000101 -0.000158 19.137150 0.000000 -0.000000 0.000000 179.999878 -179.999878 -144.874252 179.999985 -179.999832 -144.874252 0.000049 -0.000102 23.393749 0.000000 -0.000000 0.000000 169.999847 -179.999847 -147.796677 179.999924 -179.999786 -147.796661 0.000047 -0.000153 21.447430 0.000000 -0.000000 0.000000 159.999954 -179.999985 -158.957428 179.999954 -179.999939 -148.436142 0.000013 -0.000061 21.021547 174.684372 -178.646698 178.608795 172.403580 -175.735703 98.703018 174.586212 -176.283585 179.436279 8.168741 3.461682 -0.160264 130.517212 122.223076 155.063507 0.000013 0.000025 -12.651348 0.000008 0.000011 -8.425799 0.000000 -0.000005 -0.000003 165.000031 179.999969 150.622681 0.000023 0.000025 -24.035997 0.000000 -0.000003 -16.825211 0.000000 -0.000005 -0.000003 0.000020 0.000041 -32.257851 0.000044 0.000032 -32.257885 0.000031 -0.000001 -21.483736 0.000000 -0.000005 -0.000003 10.000047 0.000088 -30.136612 0.000084 0.000057 -30.136618 0.000049 -0.000001 -20.070982 0.000000 -0.000005 -0.000003 19.999990 0.000043 -24.692717 0.000065 0.000042 -37.039124 0.000052 0.000001 -24.668022
-67.977753 97.121506 5.879496 93.285614 -178.771149 -179.036545 176.811707 175.787766 -179.739883 172.165558 178.376312 -179.960022 12.692721 -3.505280 -2.181052 3.140014 2.102134 1.691865 2.815566 1.411597 -0.106243 166.442612 -176.922226 175.455109 0.101259 3.033462 0.176111 0.101255 2.974919 0.289835 0.446653 2.153460 0.400491 0.000008 -4.080871 -0.058453 179.999985 -175.238983 179.939468 173.088715 -176.507080 -179.613312 5.822896 1.446815 -0.502419 11.436836 -5.867314 80.236359 1.761478 -6.514234 1.613153 178.238663 178.615204 172.541245 33.971058 47.383572 12.788066 0.000046 0.000020 15.754433 0.000027 0.000028 10.492436 180.000000 -180.000000 180.000000 15.000016 0.000065 33.125984 180.000000 179.999954 -152.896957 179.999985 179.999985 -161.027847 180.000000 -180.000000 180.000000 179.999924 -179.999893 -144.939667 180.000000 -179.999878 -144.939636 0.000052 -0.000070 23.350178 180.000000 -180.000000 180.000000 169.999878 -179.999863 -147.878876 179.999969 -179.999832 -147.878876 0.000035 -0.000108 21.392647 180.000000 -180.000000 180.000000 159.999969 -179.999954 -158.972305 179.999969 -179.999939 -148.458450 180.000000 -179.999954 -158.993332 174.658432 -178.629852 178.585739 172.495300 -175.636627 98.704948 174.877411 -176.214981 179.474228 8.226636 3.493220 -0.079513 130.541901 122.263474 155.074692 180.000000 -180.000000 167.335281 0.000005 0.000000 -8.434735 180.000000 -180.000000 180.000000 165.000015 179.999954 150.614395 0.000016 0.000023 -24.042744 0.000023 0.000010 -16.829918 180.000000 -180.000000 180.000000 0.000027 0.000068 -32.264427 0.000076 0.000057 -32.264393 0.000054 0.000008 -21.488100 180.000000 -180.000000 180.000000 10.000053 0.000098 -30.161354 0.000097 0.000061 -30.161358 0.000062 0.000003 -20.087477 180.000000 -180.000000 180.000000 20.000023 0.000063 -24.704025 0.000067 0.000046 -37.056046 0.000057 -0.000003 -24.679310
-67.998734 97.121033 5.930973 93.248886 -178.763779 -179.020645 176.752411 175.765152 -179.783249 172.248169 178.381393 -179.971970 12.700033 -3.503727 -2.166608 3.006315 2.127402 1.641995 3.046514 1.445088 -0.132888 166.379745 -176.899094 175.505249 0.099142 3.026317 0.173748 0.099159 2.967921 0.285980 0.437213 2.148546 0.394933 0.000007 -4.062737 -0.082195 0.000003 -4.739871 -0.085128 173.180893 -176.520248 -179.635391 5.805412 1.448579 -0.497335 11.550683 -5.866313 80.281990 1.682145 -6.418272 1.620657 178.149597 178.661087 172.660202 33.940876 47.274277 12.712403 0.000101 0.000037 15.749549 0.000054 0.000040 10.489215 0.000000 -0.000003 0.000000 15.000031 0.000080 33.147141 179.999985 179.999954 -152.879639 179.999985 179.999985 -161.015747 0.000000 -0.000003 0.000000 179.999969 -179.999908 -145.005447 0.000001 -0.000088 34.994534 0.000049 -0.000048 23.306358 0.000000 -0.000003 0.000000 169.999924 -179.999893 -147.956955 0.000001 -0.000144 32.043037 0.000040 -0.000084 21.340658 0.000000 -0.000003 0.000000 159.999954 -179.999969 -158.990372 179.999985 -179.999939 -148.485580 0.000011 -0.000054 20.988604 174.632858 -178.617096 178.563782 172.594437 -175.538422 98.700500 175.177353 -176.118088 179.517258 8.317203 3.535443 0.028707 130.420013 122.260193 154.979111 0.000014 0.000050 -12.650237 0.000020 0.000031 -8.425067 0.000000 -0.000002 0.000000 165.000000 179.999985 150.596741 0.000012 0.000011 -24.057205 0.000010 -0.000000 -16.840055 0.000000 -0.000002 0.000000 0.000021 0.000043 -32.290970 0.000031 0.000028 -32.290981 0.000037 0.000005 -21.505793 0.000000 -0.000002 0.000000 10.000011 0.000045 -30.195816 0.000057 0.000051 -30.195852 0.000048 0.000003 -20.110416 0.000000 -0.000002 0.000000 20.000011 0.000023 -24.721046 0.000035 0.000035 -37.081619 0.000037 0.000005 -24.696348
-68.021088 97.120880 5.979093 93.179680 -178.764725 -179.007355 176.747101 175.731171 -179.827103 172.238571 178.404099 -179.978302 12.779616 -3.506613 -2.146502 2.893192 2.126095 1.610717 3.282246 1.497191 -0.178076 166.322357 -176.880173 175.560730 0.100664 3.017217 0.171219 0.100649 2.958991 0.281729 0.444740 2.142068 0.389693 0.000014 -4.049727 -0.103227 180.000000 -175.275314 179.893082 173.274384 -176.529266 -179.655304 5.796449 1.455374 -0.500385 11.595736 -5.884037 80.367630 1.611388 -6.355398 1.594592 178.035324 178.613632 172.815399 33.923702 47.205963 12.566467 0.000142 0.000001 15.696345 0.000090 0.000031 10.453770 0.000000 0.000002 0.000000 14.999999 -0.000032 33.247383 0.000012 -0.000008 27.202408 0.000011 0.000003 19.041662 0.000000 0.000002 0.000000 179.999985 -179.999969 -145.074570 0.000017 -0.000027 34.925453 0.000009 -0.000009 23.260334 0.000000 0.000002 0.000000 170.000000 -179.999969 -148.046371 0.000002 -0.000042 31.953640 0.000013 -0.000024 21.281122 0.000000 0.000002 0.000000 159.999924 -179.999878 -158.953018 179.999954 -179.999832 -148.429489 0.000028 -0.000113 21.025940 174.603668 -178.610535 178.544525 172.731140 -175.441086 98.687523 175.469894 -176.084930 179.552567 8.353621 3.554293 0.108488 130.361176 122.233009 154.877838 0.000024 0.000051 -12.666834 0.000020 0.000031 -8.436094 0.000000 -0.000000 0.000000 165.000015 -179.999985 150.584702 180.000000 -179.999985 155.932938 180.000000 -179.999985 163.153046 0.000000 -0.000000 0.000000 180.000000 179.999985 147.687561 0.000021 0.000026 -32.312431 0.000001 -0.000005 -21.520065 0.000000 -0.000000 0.000000 10.000018 0.000054 -30.218512 0.000033 0.000035 -30.218489 0.000033 0.000010 -20.125513 0.000000 -0.000000 0.000000 20.000000 0.000028 -24.733006 0.000029 0.000031 -37.099533 0.000030 0.000005 -24.708290
-68.044594 97.120850 6.024971 93.119614 -178.774078 -179.001450 176.759186 175.693787 -179.874069 172.182129 178.434402 -179.970139 12.880307 -3.515599 -2.121750 2.827096 2.108900 1.587938 3.451262 1.564378 -0.212303 166.276291 -176.849777 175.609772 0.099591 3.004709 0.169603 0.099560 2.946731 0.279095 0.440024 2.133275 0.385919 180.000000 -175.951065 179.862442 0.000001 -4.723741 -0.142473 173.363388 -176.527084 -179.681946 5.790386 1.459729 -0.502648 11.614545 -5.893822 80.459488 1.549572 -6.308780 1.574972 178.005966 178.579147 172.856186 33.884792 47.099033 12.440877 0.000325 -0.000059 15.669874 0.000223 0.000022 10.436108 180.000000 180.000000 180.000000 15.000043 -0.000098 33.256989 0.000069 -0.000049 27.210251 0.000065 -0.000007 19.047178 180.000000 180.000000 180.000000 180.000000 -179.999908 -145.072662 0.000056 -0.000071 34.927319 0.000069 -0.000023 23.261610 180.000000 180.000000 180.000000 169.999985 -179.999893 -148.051895 0.000034 -0.000092 31.948111 0.000051 -0.000042 21.277447 180.000000 180.000000 180.000000 160.000061 179.999924 -159.162415 0.000008 0.000117 31.256449 179.999985 179.999924 -159.183212 174.578537 -178.609207 178.526703 172.852493 -175.351654 98.670860 175.761459 -176.046844 179.592697 8.390263 3.566138 0.184844 130.394577 122.258324 154.845367 0.000000 0.000014 -12.704097 0.000003 0.000010 -8.460939 0.000000 -0.000000 0.000000 164.999969 -179.999634 150.473541 179.999832 -179.999741 155.842010 179.999847 -179.999893 163.089386 0.000000 -0.000000 0.000000 0.000005 -0.000006 -32.327919 0.000012 0.000007 -32.327885 179.999985 -179.999985 158.469604 0.000000 -0.000000 0.000000 10.000010 0.000024 -30.242142 0.000034 0.000044 -30.242155 0.000007 0.000001 -20.141279 0.000000 -0.000000 0.000000 20.000019 0.000010 -24.746712 0.000017 0.000025 -37.120090 0.000017 0.000002 -24.721985
-68.068901 97.120781 6.067859 93.027412 -178.791275 -178.994934 176.750137 175.666229 -179.913467 172.144577 178.461044 -179.970901 13.014296 -3.526238 -2.103610 2.833036 2.086439 1.568182 3.574544 1.633175 -0.227893 166.236633 -176.810806 175.642868 0.102891 2.990167 0.167009 0.102893 2.932464 0.274677 0.456082 2.122837 0.380841 179.999985 -175.946533 179.826431 179.999985 -175.270950 179.820236 173.444061 -176.520309 -179.708572 5.782994 1.461902 -0.506150 11.582415 -5.900982 80.572525 1.500883 -6.245726 1.556996 177.910721 178.543793 173.008835 33.676311 46.990051 11.880994 0.000188 -0.000034 15.498442 0.000121 0.000014 10.321976 180.000000 180.000000 -180.000000 15.000034 -0.000050 33.174355 0.000037 -0.000021 27.142632 0.000018 0.000002 18.999857 180.000000 180.000000 -180.000000 0.000005 0.000000 34.807518 180.000000 -179.999985 -145.192474 179.999985 179.999985 -156.818192 180.000000 180.000000 -180.000000 170.000000 -179.999954 -148.150192 0.000012 -0.000044 31.849842 0.000028 -0.000016 21.211981 180.000000 180.000000 -180.000000 160.000015 -179.999985 -159.053650 0.000003 -0.000033 31.419542 0.000008 -0.000015 20.925409 174.541336 -178.604660 178.511566 172.975647 -175.281296 98.651192 176.042694 -176.003723 179.631882 8.426728 3.589821 0.258455 130.308502 122.241333 154.718994 180.000000 -179.999985 167.278961 180.000000 -180.000000 171.527786 0.000000 -0.000000 0.000000 165.000000 -179.999802 150.680740 179.999939 -179.999847 156.011536 179.999908 -179.999924 163.208069 0.000000 -0.000000 0.000000 180.000000 -179.999985 147.667908 180.000000 180.000000 147.667923 180.000000 180.000000 158.466843 0.000000 -0.000000 0.000000 9.999990 0.000019 -30.258917 0.000025 0.000025 -30.258917 0.000009 0.000005 -20.152420 0.000000 -0.000000 0.000000 20.000011 -0.000009 -24.758612 0.000005 0.000016 -37.137897 0.000013 0.000003 -24.733837
-68.093231 97.120728 6.108372 92.964561 -178.811203 -179.004211 176.780396 175.647415 -179.937927 172.133347 178.479034 -179.966263 13.054505 -3.541736 -2.086090 2.891523 2.064566 1.569062 3.648013 1.698011 -0.224382 166.165070 -176.763046 175.654770 0.101547 2.974421 0.167746 0.101560 2.917027 0.275976 0.449796 2.111678 0.382096 179.999985 -175.937790 179.789902 179.999985 -175.260757 179.782379 173.515152 -176.510025 -179.734573 5.773571 1.461425 -0.509061 11.570390 -5.895515 80.658508 1.446370 -6.201888 1.580298 177.865265 178.499908 173.080017 33.537628 46.916096 11.485792 0.000166 -0.000029 15.373159 0.000114 0.000009 10.238544 180.000000 -180.000000 180.000000 15.000060 -0.000044 33.132271 0.000072 -0.000023 27.108185 0.000024 0.000021 18.975752 180.000000 -180.000000 180.000000 0.000026 -0.000044 34.849945 0.000053 -0.000026 34.849972 0.000033 0.000008 23.210066 180.000000 -180.000000 180.000000 170.000000 -179.999954 -148.198395 0.000046 -0.000036 31.801594 0.000023 -0.000007 21.179869 180.000000 -180.000000 180.000000 160.000000 -179.999969 -159.065369 0.000013 -0.000036 31.401945 0.000020 -0.000024 20.913702 174.528519 -178.605560 178.502029 173.047989 -175.224152 98.625702 176.310440 -175.965347 179.670853 8.466176 3.605217 0.328037 130.227707 122.231796 154.631439 0.000004 0.000006 -12.722395 0.000003 0.000004 -8.473131 0.000000 -0.000000 0.000000 165.000015 -179.999847 150.798904 179.999969 -179.999878 156.108170 179.999939 -179.999939 163.275726 0.000000 -0.000000 0.000000 179.999985 -179.999985 147.667862 179.999985 -179.999985 147.667862 179.999985 -179.999985 158.466782 0.000000 -0.000000 0.000000 10.000002 0.000005 -30.274992 180.000000 -180.000000 149.725021 0.000010 0.000003 -20.163151 0.000000 -0.000000 0.000000 19.999973 -0.000012 -24.762892 0.000001 -0.000002 -37.144363 179.999985 180.000000 155.261856
-68.116394 97.120728 6.147319 92.871544 -178.839661 -179.018936 176.844803 175.653854 -179.959381 172.085861 178.474503 -179.974838 13.126622 -3.563404 -2.056373 2.996660 2.039905 1.575880 3.645667 1.748858 -0.206971 166.154877 -176.716354 175.638062 0.104355 2.957134 0.168855 0.104368 2.900059 0.277743 0.462880 2.099208 0.384913 179.999985 -175.925888 179.753799 179.999985 -175.246857 179.745010 173.577896 -176.497147 -179.759491 5.763571 1.459601 -0.510605 11.590715 -5.889805 80.731476 1.429284 -6.165519 1.552100 177.786545 178.530533 173.237198 33.380119 46.856243 11.078606 0.000093 -0.000014 15.247103 0.000061 0.000007 10.154595 0.000000 0.000000 -0.000003 15.000055 -0.000043 33.059540 0.000049 -0.000002 27.048700 0.000033 0.000012 18.934099 0.000000 0.000000 -0.000003 0.000035 -0.000047 34.777218 0.000040 -0.000011 34.777195 0.000036 0.000005 23.161615 0.000000 0.000000 -0.000003 170.000000 -179.999985 -148.301788 180.000000 -179.999985 -148.301819 0.000003 -0.000001 21.110977 0.000000 0.000000 -0.000003 160.000000 -179.999985 -159.108505 0.000011 -0.000035 31.337191 0.000016 -0.000005 20.870571 174.518173 -178.603851 178.492538 173.089127 -175.184067 98.594994 176.565125 -175.916306 179.714233 8.503887 3.628611 0.395519 130.094833 122.187096 154.480545 180.000000 179.999985 167.276627 180.000000 -180.000000 171.526245 0.000000 0.000000 -0.000002 165.000015 -179.999908 150.901215 180.000000 -179.999954 156.191895 179.999985 -179.999969 163.334335 0.000000 0.000000 -0.000002 0.000001 -0.000023 -32.318817 0.000002 -0.000008 -32.318813 0.000000 -0.000002 -21.524334 0.000000 0.000000 -0.000002 9.999997 0.000015 -30.276211 0.000002 0.000007 -30.276203 180.000000 179.999985 159.836029 0.000000 0.000000 -0.000002 20.000011 -0.000002 -24.760553 179.999985 179.999985 142.859177 0.000004 -0.000004 -24.735777
-68.137833 97.121117 6.185517 92.807114 -178.864288 -179.038239 176.835800 175.675476 -179.978073 172.133987 178.459824 -179.977646 13.147449 -3.572064 -2.037940 3.134568 2.028812 1.588755 3.604682 1.780044 -0.186864 166.123413 -176.676895 175.612442 0.102447 2.941759 0.171129 0.102448 2.884984 0.281614 0.453719 2.088305 0.389382 180.000000 -175.910980 179.715607 180.000000 -175.229477 179.705444 173.630280 -176.481659 -179.784821 5.755091 1.457499 -0.511173 11.526442 -5.894123 80.841339 1.391565 -6.082400 1.555129 177.751114 178.541367 173.321991 33.261238 46.845303 10.781503 0.000052 -0.000006 15.150738 0.000036 0.000004 10.090386 0.000000 -0.000000 0.000000 15.000038 -0.000015 32.986343 0.000038 -0.000002 26.988838 0.000016 0.000015 18.892179 0.000000 -0.000000 0.000000 0.000024 -0.000020 34.708324 0.000037 -0.000018 34.708321 0.000010 0.000015 23.115753 0.000000 -0.000000 0.000000 170.000015 -179.999985 -148.280319 0.000024 -0.000015 31.719685 0.000002 0.000013 21.125299 0.000000 -0.000000 0.000000 160.000015 -179.999985 -159.147949 0.000009 -0.000011 31.278114 0.000005 -0.000008 20.831207 174.508713 -178.602371 178.482422 173.102066 -175.159195 98.560417 176.806244 -175.842224 179.760193 8.539304 3.666562 0.463026 130.004181 122.171692 154.375778 0.000003 -0.000005 -12.727358 180.000000 180.000000 171.523590 0.000000 -0.000000 0.000000 165.000015 -179.999969 150.963242 179.999985 -179.999969 156.242676 180.000000 -179.999985 163.369858 0.000000 -0.000000 0.000000 179.999985 -179.999985 147.691895 0.000000 -0.000001 -32.308083 180.000000 -179.999985 158.482819 0.000000 -0.000000 0.000000 9.999995 0.000019 -30.284515 180.000000 179.999985 149.715500 179.999985 179.999985 159.830521 0.000000 -0.000000 0.000000 19.999998 0.000007 -24.757238 0.000004 0.000009 -37.135876 0.000003 0.000004 -24.732485
-68.157417 97.121773 6.223639 92.717674 -178.894623 -179.068970 176.812408 175.714737 -179.987335 172.235123 178.436935 -179.985886 13.154766 -3.575326 -2.016371 3.296417 2.018195 1.622547 3.583995 1.787869 -0.191426 166.072662 -176.656540 175.596725 0.104177 2.925612 0.175374 0.104170 2.869136 0.288652 0.461295 2.076599 0.398785 180.000000 -175.900223 179.688660 180.000000 -175.216919 179.677536 173.675491 -176.470551 -179.803192 5.740085 1.456420 -0.512488 11.472583 -5.898783 80.945198 1.354995 -5.996220 1.563007 177.726547 178.567291 173.399918 33.188217 46.892590 10.533035 0.000019 -0.000003 15.048604 0.000015 0.000000 10.022352 0.000000 -0.000000 0.000003 15.000012 -0.000018 32.909885 0.000020 -0.000005 26.926271 0.000011 0.000003 18.848391 0.000000 -0.000000 0.000003 0.000021 -0.000007 34.636330 0.000015 -0.000009 34.636299 0.000002 0.000008 23.067789 0.000000 -0.000000 0.000003 170.000000 -179.999985 -148.345306 0.000016 -0.000006 31.654690 0.000004 0.000004 21.082031 0.000000 -0.000000 0.000003 160.000015 -179.999985 -159.182480 0.000009 -0.000001 31.226307 0.000009 -0.000007 20.796705 174.497635 -178.601257 178.472977 173.090775 -175.146774 98.520309 177.031158 -175.763229 179.803986 8.570955 3.721876 0.533753 129.884521 122.139084 154.248398 180.000000 -180.000000 167.274887 0.000002 -0.000002 -8.474935 0.000000 -0.000000 0.000000 165.000015 -179.999985 151.000366 0.000014 -0.000019 -23.726982 180.000000 -179.999985 163.391113 0.000000 -0.000000 0.000000 180.000000 -180.000000 147.701523 0.000008 0.000010 -32.298481 0.000006 0.000005 -21.510782 0.000000 -0.000000 0.000000 9.999994 0.000005 -30.288597 0.000003 0.000017 -30.288586 0.000009 0.000009 -20.172211 0.000000 -0.000000 0.000000 19.999979 0.000001 -24.755760 0.000001 0.000018 -37.133671 0.000011 0.000013 -24.731001
-68.175240 97.122887 6.263577 92.626808 -178.920944 -179.101105 176.791626 175.757904 -179.994507 172.350006 178.410980 -179.998123 13.148571 -3.576187 -1.986553 3.443201 2.020835 1.646095 3.587951 1.772776 -0.203966 166.014160 -176.653229 175.594513 0.105568 2.911515 0.179753 0.105559 2.855302 0.295923 0.467267 2.066374 0.408430 179.999985 -175.889954 179.664993 180.000000 -175.204941 179.653030 173.713867 -176.460114 -179.819183 5.757760 1.458924 -0.512326 11.403753 -5.898475 81.040657 1.325707 -5.916586 1.563682 177.730011 178.579605 173.420181 33.123131 46.875214 10.388991 0.000007 -0.000002 15.007203 0.000002 0.000006 9.994789 180.000000 180.000000 180.000000 15.000025 -0.000006 32.884861 0.000019 -0.000007 26.905790 0.000011 0.000001 18.834066 180.000000 180.000000 180.000000 0.000006 -0.000011 34.601723 0.000013 0.000007 34.601723 0.000017 0.000000 23.044735 180.000000 180.000000 180.000000 170.000015 -179.999985 -148.368820 0.000008 0.000001 31.631166 0.000018 0.000001 21.066355 180.000000 180.000000 180.000000 160.000015 -179.999985 -159.186111 0.000005 -0.000001 31.220825 0.000010 -0.000004 20.793074 174.489319 -178.603378 178.462112 173.052444 -175.141541 98.476517 177.240494 -175.692337 179.848053 8.599488 3.774135 0.598351 129.782578 122.125610 154.147186 0.000006 -0.000001 -12.721816 0.000002 -0.000002 -8.472717 0.000000 0.000000 -0.000003 165.000015 -179.999985 151.024475 180.000000 -179.999985 156.292755 0.000002 -0.000011 -16.595081 0.000000 0.000000 -0.000003 179.999985 179.999985 147.699188 0.000000 0.000000 -32.300785 179.999985 -179.999985 158.487656 0.000000 0.000000 -0.000003 9.999969 0.000031 -30.294361 180.000000 179.999969 149.705643 0.000010 0.000021 -20.176048 0.000000 0.000000 -0.000003 19.999983 0.000010 -24.766533 180.000000 179.999985 142.850189 0.000005 0.000010 -24.741758
-68.192352 97.124191 6.306304 92.532890 -178.945953 -179.131882 176.764084 175.802063 -179.999390 172.406982 178.387436 179.986588 13.210957 -3.572483 -1.958348 3.568668 2.031855 1.645974 3.611763 1.740351 -0.211192 165.960938 -176.664368 175.607941 0.107138 2.898518 0.183486 0.107118 2.842540 0.302112 0.474127 2.056927 0.416717 180.000000 -175.880600 179.645157 179.999985 -175.194031 179.632492 173.744034 -176.450745 -179.832413 5.760347 1.463631 -0.513055 11.358891 -5.905617 81.130226 1.279043 -5.851206 1.581810 177.728851 178.592194 173.454453 33.110542 46.962692 10.286797 0.000001 -0.000000 14.945362 0.000005 -0.000004 9.953613 180.000000 -180.000000 180.000000 15.000004 -0.000003 32.828899 0.000000 0.000001 26.859997 0.000007 -0.000000 18.801992 180.000000 -180.000000 180.000000 180.000000 -179.999985 -145.454376 0.000000 0.000001 34.545631 0.000010 -0.000001 23.007378 180.000000 -180.000000 180.000000 170.000000 -179.999985 -148.428101 0.000001 0.000004 31.571894 0.000003 -0.000005 21.026869 180.000000 -180.000000 180.000000 160.000015 -179.999985 -159.227814 180.000000 179.999985 -148.841736 0.000002 -0.000011 20.751419 174.484650 -178.604599 178.456116 172.989639 -175.146698 98.425034 177.434921 -175.611160 179.891479 8.621401 3.851271 0.654732 129.651443 122.103851 154.024414 0.000004 -0.000001 -12.713054 0.000003 0.000002 -8.466891 0.000000 -0.000000 0.000000 165.000015 -179.999985 151.044189 179.999985 -179.999985 156.308899 0.000009 0.000008 -16.583771 0.000000 -0.000000 0.000000 0.000000 0.000000 -32.307373 0.000001 0.000010 -32.307373 0.000006 0.000005 -21.516706 0.000000 -0.000000 0.000000 9.999991 0.000016 -30.335934 179.999985 179.999985 149.664078 0.000008 0.000015 -20.203735 0.000000 -0.000000 0.000000 19.999996 0.000006 -24.781570 180.000000 179.999985 142.827637 0.000004 0.000011 -24.756798
-68.210129 97.125610 6.353072 92.440300 -178.969406 -179.159225 176.813370 175.837189 179.998260 172.370377 178.373138 179.973068 13.288916 -3.570430 -1.927374 3.664987 2.045893 1.619218 3.645683 1.703674 -0.204653 165.925049 -176.680359 175.633667 0.108804 2.886322 0.186666 0.108808 2.830574 0.307364 0.481651 2.048079 0.423814 0.000001 -4.127925 -0.372010 179.999985 -175.184082 179.614700 173.763916 -176.442307 -179.843445 5.736370 1.462848 -0.515805 11.286407 -5.895411 81.264648 1.239048 -5.748488 1.579842 177.751358 178.545364 173.422455 33.098362 46.988708 10.256496 180.000000 180.000000 -165.069351 180.000000 -180.000000 -170.056198 0.000000 0.000000 -0.000002 15.000009 -0.000008 32.802757 179.999985 180.000000 -153.161362 180.000000 179.999985 -161.212952 0.000000 0.000000 -0.000002 180.000000 -179.999985 -145.492203 0.000005 -0.000007 34.507832 180.000000 -180.000000 -157.017792 0.000000 0.000000 -0.000002 170.000000 -179.999985 -148.456711 0.000003 -0.000001 31.543299 180.000000 179.999985 -158.992172 0.000000 0.000000 -0.000002 160.000015 -179.999985 -159.243179 0.000009 -0.000004 31.135237 180.000000 179.999985 -159.263931 174.480072 -178.603683 178.454117 172.904984 -175.164154 98.366409 177.610092 -175.545029 179.933228 8.639942 3.913100 0.691662 129.564270 122.118492 153.958450 0.000003 0.000004 -12.703923 0.000000 -0.000002 -8.460819 0.000000 -0.000000 0.000000 165.000000 -179.999985 151.044800 0.000002 0.000008 -23.690620 0.000003 0.000002 -16.583437 0.000000 -0.000000 0.000000 180.000000 -179.999985 147.682175 180.000000 180.000000 147.682159 0.000003 0.000004 -21.523668 0.000000 -0.000000 0.000000 9.999985 -0.000001 -30.368483 179.999985 179.999985 149.631516 0.000012 0.000012 -20.225412 0.000000 -0.000000 0.000000 19.999975 0.000017 -24.790747 179.999985 179.999954 142.813873 180.000000 179.999985 155.234055
-68.229980 97.126808 6.404320 92.347023 -178.992081 -179.183914 176.850967 175.855835 179.992645 172.330078 178.373749 179.963058 13.384226 -3.572063 -1.893236 3.734164 2.059652 1.577505 3.669316 1.677663 -0.196466 165.926544 -176.688629 175.675308 0.107089 2.874806 0.188086 0.107091 2.819283 0.309803 0.473528 2.039927 0.426514 0.000005 -4.135260 -0.382181 180.000000 -175.175522 179.604172 173.798065 -176.435333 -179.851181 5.733966 1.460300 -0.512812 11.308723 -5.860631 81.340637 1.226088 -5.700525 1.568747 177.746979 178.522049 173.429611 33.077389 46.992401 10.233284 180.000000 -180.000000 -165.072739 0.000003 0.000001 9.941547 0.000002 -0.000000 0.000002 14.999997 0.000006 32.777031 0.000005 -0.000007 26.817570 0.000003 -0.000001 18.772301 0.000002 -0.000000 0.000002 0.000005 -0.000002 34.475098 0.000011 -0.000011 34.475098 179.999985 179.999985 -157.039581 0.000002 -0.000000 0.000002 170.000000 -179.999985 -148.487473 180.000000 180.000000 -148.487473 180.000000 179.999985 -159.012665 0.000002 -0.000000 0.000002 160.000000 -179.999985 -159.253098 0.000001 -0.000009 31.120350 0.000000 0.000002 20.726154 174.502762 -178.598358 178.456772 172.803528 -175.194641 98.305359 177.768066 -175.487305 179.973907 8.652944 3.978350 0.707764 129.461807 122.119995 153.876511 0.000000 0.000000 -12.692935 0.000000 0.000000 -8.453499 0.000000 -0.000000 0.000000 165.000000 179.999985 151.037476 180.000000 179.999985 156.303391 0.000006 0.000008 -16.587639 0.000000 -0.000000 0.000000 180.000000 -179.999985 147.676926 180.000000 179.999985 147.676926 180.000000 180.000000 158.472839 0.000000 -0.000000 0.000000 9.999990 0.000003 -30.391777 180.000000 179.999985 149.608231 180.000000 180.000000 159.759079 0.000000 -0.000000 0.000000 19.999990 0.000003 -24.866100 180.000000 179.999985 142.700867 179.999985 180.000000 155.158768
-68.251999 97.127869 6.460443 92.271835 -179.006393 -179.197998 176.876892 175.857147 179.977768 172.269272 178.381607 179.955383 13.493338 -3.577208 -1.858738 3.760738 2.078529 1.519414 3.695410 1.666279 -0.181399 165.950256 -176.684128 175.714417 0.102570 2.867640 0.187371 0.102575 2.812267 0.308776 0.452563 2.035083 0.424118 0.000000 -4.141849 -0.387956 0.000004 -4.832157 -0.401817 173.824524 -176.429260 -179.855789 5.731805 1.452953 -0.511250 11.342802 -5.817109 81.411636 1.199868 -5.659764 1.554168 177.752655 178.497177 173.435684 33.057240 46.982639 10.228179 0.000002 -0.000000 14.935041 0.000002 0.000001 9.946733 0.000000 -0.000000 0.000000 15.000006 -0.000001 32.750725 180.000000 179.999985 -153.203979 0.000003 -0.000002 18.757225 0.000000 -0.000000 0.000000 180.000000 -179.999985 -145.553894 0.000003 -0.000003 34.446114 0.000003 -0.000002 22.941097 0.000000 -0.000000 0.000000 170.000000 -179.999985 -148.522858 180.000000 179.999985 -148.522873 0.000007 0.000002 20.963772 0.000000 -0.000000 0.000000 160.000015 179.999985 -159.282745 180.000000 -179.999985 -148.924149 0.000004 0.000001 20.696541 174.528061 -178.589935 178.460800 172.695267 -175.232697 98.243790 177.907486 -175.441132 -179.989899 8.663729 4.037086 0.704360 129.404053 122.140190 153.833572 0.000001 0.000002 -12.688120 180.000000 -180.000000 171.549713 0.000000 -0.000000 0.000000 165.000015 179.999985 151.011658 180.000000 179.999985 156.282242 0.000000 -0.000001 -16.602428 0.000000 -0.000000 0.000000 0.000005 0.000001 -32.333923 180.000000 179.999985 147.666077 180.000000 180.000000 158.465607 0.000000 -0.000000 0.000000 10.000004 0.000001 -30.414150 0.000005 0.000008 -30.414164 179.999985 179.999985 159.744171 0.000000 -0.000000 0.000000 19.999998 0.000006 -24.888531 180.000000 179.999985 142.667221 0.000006 0.000003 -24.863642
-68.275650 97.128777 6.520053 92.242462 -179.023041 -179.205338 176.884323 175.849945 179.952515 172.160721 178.402802 179.983032 13.624220 -3.575730 -1.848984 3.726292 2.087620 1.451689 3.717323 1.666242 -0.170960 165.991425 -176.675003 175.757965 0.090957 2.859642 0.186204 0.090963 2.804450 0.307233 0.398501 2.030009 0.419466 0.000010 -4.148893 -0.392758 0.000007 -4.840385 -0.406793 173.850189 -176.422867 -179.859711 5.708179 1.437716 -0.507861 11.400026 -5.754896 81.492836 1.202653 -5.609669 1.519917 177.741440 178.479065 173.445038 33.026062 46.948387 10.211844 0.000003 0.000007 14.946358 180.000000 179.999985 -170.045731 0.000000 -0.000002 0.000000 15.000008 -0.000058 32.733448 0.000034 -0.000051 26.781912 0.000047 -0.000031 18.747339 0.000000 -0.000002 0.000000 180.000000 -179.999969 -145.601868 0.000024 -0.000039 34.398109 0.000022 -0.000011 22.909153 0.000000 -0.000002 0.000000 170.000000 -179.999969 -148.544632 0.000015 -0.000021 31.455364 0.000034 -0.000024 20.949263 0.000000 -0.000002 0.000000 160.000015 179.999985 -159.271957 0.000002 -0.000006 31.092077 0.000002 -0.000011 20.707329 174.556488 -178.574097 178.465134 172.589584 -175.277145 98.195061 178.046677 -175.410080 -179.968887 8.671211 4.093709 0.689328 129.344086 122.149467 153.796097 0.000017 0.000016 -12.677779 0.000013 0.000008 -8.443392 180.000000 -180.000000 180.000000 164.999969 179.999985 150.976120 179.999985 179.999954 156.253204 179.999985 179.999985 163.377243 180.000000 -180.000000 180.000000 0.000027 -0.000006 -32.400856 0.000008 -0.000026 -32.400906 179.999985 -179.999985 158.421021 180.000000 -180.000000 180.000000 10.000007 -0.000001 -30.430542 179.999985 179.999985 149.569443 0.000012 0.000009 -20.266747 180.000000 -180.000000 180.000000 20.000027 -0.000030 -24.912769 0.000010 -0.000009 -37.369171 180.000000 -179.999985 155.112152
-68.297699 97.129738 6.582827 92.170273 -179.027954 -179.212738 176.877823 175.838089 179.923416 172.193329 178.410370 179.974808 13.668262 -3.588094 -1.799585 3.685674 2.099728 1.409380 3.777866 1.697900 -0.149565 166.045975 -176.635452 175.776886 0.083587 2.858813 0.182774 0.083588 2.803661 0.301769 0.364551 2.029874 0.410726 0.000007 -4.154245 -0.387822 179.999985 -175.153366 179.598328 173.878174 -176.418518 -179.857925 5.735860 1.425536 -0.505958 11.420202 -5.703385 81.549332 1.176931 -5.559810 1.501307 177.735855 178.461456 173.450836 33.052650 46.963978 10.261739 180.000000 179.999985 -165.042770 180.000000 179.999985 -170.038483 180.000000 -180.000000 180.000000 14.999993 -0.000055 32.677731 0.000015 -0.000026 26.736303 0.000015 -0.000016 18.715433 180.000000 -180.000000 180.000000 180.000000 -179.999969 -145.636230 0.000015 -0.000022 34.363758 0.000044 -0.000024 22.886269 180.000000 -180.000000 180.000000 170.000000 -179.999969 -148.572113 0.000012 -0.000034 31.427876 0.000022 -0.000014 20.930971 180.000000 -180.000000 180.000000 160.000015 -179.999985 -159.264343 0.000005 -0.000026 31.103514 0.000021 -0.000018 20.714956 174.597336 -178.566895 178.468811 172.480408 -175.327682 98.124939 178.142761 -175.382538 -179.929184 8.676387 4.140367 0.655217 129.522141 122.211525 154.146881 179.999847 -179.999847 167.397354 179.999863 -179.999924 171.606628 0.000003 -0.000003 -0.000000 164.999969 179.999985 150.963333 180.000000 179.999985 156.242737 179.999985 179.999985 163.369904 0.000003 -0.000003 -0.000000 0.000194 -0.000087 -32.448357 0.000106 -0.000180 -32.448368 180.000000 -179.999847 158.389420 0.000003 -0.000003 -0.000000 10.000035 -0.000023 -30.442043 0.000020 -0.000035 -30.442026 0.000001 -0.000022 -20.274397 0.000003 -0.000003 -0.000000 20.000042 -0.000006 -24.914057 0.000026 -0.000044 -37.371071 0.000002 -0.000026 -24.889126
-68.317856 97.131050 6.644829 92.097694 -179.025986 -179.217758 176.907730 175.838684 179.901886 172.210342 178.395355 179.961868 13.691432 -3.600898 -1.760197 3.643925 2.117965 1.368884 3.871661 1.728562 -0.105839 166.068542 -176.590393 175.770981 0.082065 2.862213 0.179361 0.082041 2.807000 0.296135 0.357846 2.032459 0.403081 180.000000 -175.841141 179.616364 0.000013 -4.852012 -0.397337 173.864853 -176.414841 -179.854095 5.729562 1.411386 -0.508986 11.426353 -5.658223 81.597282 1.131502 -5.501522 1.489176 177.738297 178.444183 173.452454 33.077404 46.971680 10.284451 180.000000 179.999985 -165.043320 179.999985 179.999985 -170.038864 0.000000 -0.000000 0.000000 15.000006 -0.000023 32.629723 0.000004 -0.000012 26.697008 0.000018 -0.000017 18.687899 0.000000 -0.000000 0.000000 180.000000 -179.999985 -145.673508 0.000009 -0.000016 34.326485 0.000012 -0.000008 22.861423 0.000000 -0.000000 0.000000 170.000000 -179.999969 -148.598099 0.000018 -0.000024 31.401855 0.000011 -0.000013 20.913652 0.000000 -0.000000 0.000000 160.000000 -179.999985 -159.283554 0.000002 -0.000024 31.074715 0.000016 -0.000008 20.695745 174.599426 -178.562683 178.473709 172.396683 -175.371292 98.052536 178.213104 -175.352036 -179.884064 8.691616 4.206450 0.606154 129.123886 122.155800 153.459167 0.000022 0.000025 -12.735078 0.000020 0.000013 -8.481584 0.000003 0.000000 -0.000003 165.000000 179.999985 150.947784 179.999985 179.999985 156.230011 179.999985 179.999985 163.361023 0.000003 0.000000 -0.000003 0.000040 -0.000022 -32.338734 0.000013 -0.000043 -32.338745 0.000014 -0.000021 -21.537605 0.000003 0.000000 -0.000003 10.000036 -0.000010 -30.432301 0.000027 -0.000023 -30.432291 179.999985 -179.999985 159.732101 0.000003 0.000000 -0.000003 20.000023 -0.000010 -24.906303 0.000030 -0.000035 -37.359474 0.000001 -0.000036 -24.881407
-68.334656 97.132675 6.703437 92.032829 -179.022858 -179.225250 176.936157 175.850327 179.891510 172.254272 178.370361 179.936844 13.680202 -3.614600 -1.720582 3.601827 2.139407 1.340817 3.974119 1.749991 -0.062233 166.075653 -176.547958 175.761200 0.079843 2.866235 0.175873 0.079851 2.810955 0.290383 0.347995 2.035522 0.395135 179.999985 -175.837982 179.622284 0.000016 -4.855689 -0.391212 173.846481 -176.412537 -179.849014 5.721629 1.398962 -0.511052 11.418813 -5.623611 81.641098 1.112371 -5.431539 1.473894 177.702118 178.426651 173.452850 33.083843 46.962334 10.328647 179.999985 179.999985 -165.022186 179.999985 179.999985 -170.024780 0.000002 -0.000000 0.000002 15.000012 -0.000030 32.599026 180.000000 -179.999985 -153.328064 0.000003 -0.000001 18.670345 0.000002 -0.000000 0.000002 0.000006 -0.000011 34.308968 180.000000 -179.999985 -145.691040 0.000023 -0.000009 22.849781 0.000002 -0.000000 0.000002 170.000000 -179.999985 -148.622589 0.000012 -0.000021 31.377415 0.000013 -0.000008 20.897345 0.000002 -0.000000 0.000002 160.000000 -179.999985 -159.298004 0.000013 -0.000016 31.052988 180.000000 -179.999985 -159.318695 174.599503 -178.560989 178.482071 172.336182 -175.408539 97.979568 178.298141 -175.376099 -179.881653 8.681526 4.236235 0.586242 129.117523 122.166550 153.485367 0.000027 0.000029 -12.720396 0.000025 0.000016 -8.471795 0.000000 -0.000000 0.000000 164.999985 179.999985 150.934982 179.999985 179.999985 156.219559 180.000000 179.999985 163.353683 0.000000 -0.000000 0.000000 0.000036 -0.000013 -32.325409 0.000029 -0.000015 -32.325382 0.000004 -0.000019 -21.528728 0.000000 -0.000000 0.000000 10.000015 -0.000003 -30.422083 0.000019 -0.000019 -30.422100 180.000000 -179.999985 159.738892 0.000000 -0.000000 0.000000 20.000034 -0.000021 -24.898052 0.000039 -0.000039 -37.347095 0.000019 -0.000038 -24.873161
-68.350128 97.134468 6.756993 91.949875 -179.020081 -179.236740 176.988617 175.866318 179.892776 172.302612 178.339844 179.916260 13.660027 -3.625954 -1.698491 3.580734 2.170774 1.322861 4.089177 1.752019 -0.021632 166.067398 -176.513535 175.748276 0.080892 2.870184 0.172515 0.080887 2.814837 0.284753 0.353344 2.038372 0.388086 180.000000 -175.837585 179.628555 0.000005 -4.856163 -0.384715 173.823227 -176.412643 -179.843658 5.727584 1.388063 -0.511522 11.368748 -5.590777 81.683411 1.054691 -5.349619 1.463755 177.701874 178.389526 173.451508 33.096504 46.938313 10.373774 180.000000 179.999985 -165.000610 179.999985 179.999985 -170.010391 0.000000 -0.000000 0.000000 15.000010 -0.000018 32.585831 0.000003 -0.000017 26.661093 0.000009 -0.000007 18.662790 0.000000 -0.000000 0.000000 180.000000 -179.999985 -145.709900 0.000018 -0.000012 34.290081 0.000007 -0.000001 22.837193 0.000000 -0.000000 0.000000 170.000000 -179.999985 -148.637634 0.000011 -0.000010 31.362350 0.000013 -0.000007 20.887321 0.000000 -0.000000 0.000000 160.000015 -180.000000 -159.304642 0.000007 -0.000002 31.043026 179.999985 179.999985 -159.325348 174.596756 -178.562531 178.493073 172.295792 -175.439331 97.905159 178.370972 -175.411743 -179.886459 8.669497 4.240424 0.581633 129.058334 122.164436 153.454346 0.000039 0.000049 -12.705311 0.000033 0.000018 -8.461760 0.000000 -0.000000 0.000000 165.000015 -179.999985 150.915054 0.000017 0.000002 -23.796774 180.000000 -179.999985 163.342270 0.000000 -0.000000 0.000000 0.000056 -0.000016 -32.317062 0.000039 -0.000050 -32.317074 0.000014 -0.000035 -21.523163 0.000000 -0.000000 0.000000 10.000062 -0.000027 -30.418470 0.000039 -0.000039 -30.418446 0.000008 -0.000044 -20.258684 0.000000 -0.000000 0.000000 20.000074 -0.000019 -24.890196 0.000071 -0.000072 -37.335262 180.000000 -179.999939 155.134705
-68.365433 97.136238 6.805710 91.820091 -179.018341 -179.256622 177.102509 175.879883 179.909241 172.328705 178.314499 179.849777 13.644806 -3.645555 -1.637284 3.663816 2.209328 1.344159 4.153868 1.737033 -0.023643 166.051712 -176.490753 175.748627 0.089320 2.874007 0.169567 0.089326 2.818565 0.279536 0.393123 2.040752 0.383210 0.000012 -4.161078 -0.365612 179.999985 -175.145416 179.621338 173.801605 -176.414215 -179.838821 5.694878 1.375825 -0.519230 11.363272 -5.575205 81.728302 1.000939 -5.280192 1.455913 177.674759 178.355881 173.450134 33.102661 46.889206 10.413703 180.000000 179.999985 -164.974213 180.000000 179.999985 -169.992828 0.000000 -0.000002 -0.000005 15.000002 -0.000012 32.572384 0.000003 -0.000019 26.650139 180.000000 -180.000000 -161.344894 0.000000 -0.000002 -0.000005 180.000000 -179.999985 -145.719040 0.000011 -0.000010 34.280983 0.000010 -0.000004 22.831139 0.000000 -0.000002 -0.000005 170.000000 -179.999985 -148.653427 0.000014 -0.000025 31.346561 0.000019 -0.000009 20.876814 0.000000 -0.000002 -0.000005 160.000015 -179.999985 -159.299698 0.000000 0.000002 31.050470 0.000009 -0.000009 20.679617 174.596054 -178.564499 178.510239 172.252121 -175.470352 97.817535 178.429901 -175.437164 -179.884445 8.675591 4.307512 0.552164 129.079422 122.175674 153.564987 0.000026 0.000029 -12.662399 0.000016 0.000011 -8.433135 180.000000 180.000000 -180.000000 165.000000 -179.999985 150.920975 180.000000 -179.999985 156.208069 180.000000 180.000000 163.345673 180.000000 180.000000 -180.000000 0.000046 -0.000017 -32.290649 0.000022 -0.000040 -32.290623 0.000006 -0.000032 -21.505568 180.000000 180.000000 -180.000000 10.000053 -0.000019 -30.395233 0.000034 -0.000035 -30.395224 179.999985 -179.999969 159.756775 180.000000 180.000000 -180.000000 20.000050 -0.000026 -24.863262 0.000058 -0.000045 -37.294910 0.000011 -0.000052 -24.838394
-68.380341 97.137924 6.849231 91.733650 -179.021423 -179.277618 177.121307 175.897659 179.928635 172.364487 178.297241 179.810608 13.673897 -3.653533 -1.610520 3.717322 2.249122 1.377224 4.204157 1.706867 -0.054436 166.034424 -176.480286 175.760910 0.091769 2.875787 0.167136 0.091777 2.820299 0.275409 0.404949 2.041967 0.378405 0.000006 -4.158820 -0.359810 180.000000 -175.148041 179.627335 173.779099 -176.416580 -179.834045 5.695570 1.365269 -0.521559 11.312332 -5.561145 81.770966 0.946667 -5.205117 1.444129 177.644638 178.322800 173.454559 33.143990 46.872337 10.491587 180.000000 179.999985 -164.949661 180.000000 179.999985 -169.976501 0.000000 -0.000002 -0.000002 14.999985 -0.000013 32.553192 0.000011 -0.000014 26.634424 0.000016 -0.000008 18.644110 0.000000 -0.000002 -0.000002 0.000003 -0.000015 34.270664 0.000006 -0.000004 34.270664 0.000006 -0.000003 22.824266 0.000000 -0.000002 -0.000002 170.000000 -179.999985 -148.677109 0.000023 -0.000032 31.322882 180.000000 -179.999985 -159.138947 0.000000 -0.000002 -0.000002 160.000015 -180.000000 -159.308426 180.000000 -179.999985 -148.962631 179.999985 179.999985 -159.329102 174.595200 -178.563477 178.528625 172.240311 -175.491898 97.754982 178.488586 -175.487747 -179.911774 8.679865 4.375271 0.525814 129.122269 122.189926 153.678757 0.000016 0.000022 -12.629512 0.000020 0.000012 -8.411281 180.000000 -180.000000 180.000000 165.000000 179.999985 150.924469 180.000000 -179.999985 156.210968 0.000002 0.000010 -16.652342 180.000000 -180.000000 180.000000 0.000032 -0.000017 -32.266926 0.000022 -0.000026 -32.266930 0.000005 -0.000024 -21.489777 180.000000 -180.000000 180.000000 10.000043 -0.000004 -30.369326 0.000022 -0.000029 -30.369303 0.000017 -0.000018 -20.225950 180.000000 -180.000000 180.000000 20.000051 -0.000010 -24.837442 0.000034 -0.000046 -37.256157 0.000006 -0.000044 -24.812613
-68.395035 97.139412 6.888661 91.642632 -179.029373 -179.302307 177.132385 175.916870 179.949860 172.408142 178.287476 179.768402 13.707263 -3.660843 -1.579232 3.781566 2.285512 1.424737 4.238605 1.671647 -0.107554 166.027130 -176.474121 175.780075 0.095293 2.875080 0.165608 0.095286 2.819607 0.272737 0.421591 2.041348 0.375717 0.000002 -4.155575 -0.355445 0.000001 -4.848172 -0.368140 173.760818 -176.419678 -179.830505 5.697238 1.356522 -0.529036 11.291391 -5.557847 81.814262 0.875057 -5.168301 1.428945 177.612564 178.281769 173.466858 33.250412 46.908672 10.554300 179.999969 179.999939 -164.970184 179.999969 179.999969 -169.990112 0.000000 -0.000000 0.000000 15.000004 -0.000021 32.536457 0.000002 -0.000008 26.620737 0.000006 -0.000008 18.634518 0.000000 -0.000000 0.000000 180.000000 -179.999985 -145.740326 0.000009 -0.000005 34.259686 0.000012 -0.000009 22.816948 0.000000 -0.000000 0.000000 170.000000 -179.999985 -148.702621 0.000004 -0.000024 31.297365 0.000031 -0.000020 20.844055 0.000000 -0.000000 0.000000 160.000015 -179.999985 -159.289902 0.000010 -0.000022 31.065172 0.000001 -0.000014 20.689400 174.596359 -178.563446 178.546768 172.225189 -175.512650 97.689697 178.542328 -175.543518 -179.945343 8.678502 4.426131 0.510164 129.171494 122.211617 153.803360 0.000009 0.000013 -12.595649 0.000006 0.000007 -8.388695 180.000000 180.000000 -180.000000 165.000000 -179.999985 150.921844 180.000000 179.999985 156.208755 0.000003 0.000002 -16.653866 180.000000 180.000000 -180.000000 0.000025 -0.000012 -32.240704 0.000018 -0.000013 -32.240730 0.000007 -0.000018 -21.472311 180.000000 180.000000 -180.000000 10.000013 -0.000014 -30.346312 0.000030 -0.000008 -30.346336 180.000000 -179.999985 159.789337 180.000000 180.000000 -180.000000 20.000032 -0.000008 -24.816141 0.000047 -0.000033 -37.224228 0.000004 -0.000034 -24.791340
-68.410286 97.140594 6.925487 91.549416 -179.040466 -179.329727 177.132462 175.934830 179.965942 172.464737 178.278915 179.739670 13.742432 -3.669379 -1.554990 3.845210 2.313749 1.475081 4.260244 1.640967 -0.169665 166.034302 -176.470779 175.807724 0.098433 2.872826 0.164013 0.098414 2.817389 0.269978 0.436470 2.039644 0.372816 180.000000 -175.848145 179.648972 179.999985 -175.156189 179.636444 173.752487 -176.423187 -179.827591 5.707604 1.348692 -0.532976 11.262937 -5.543662 81.853271 0.813377 -5.130919 1.411563 177.578430 178.226776 173.487274 33.218147 46.860096 10.876256 180.000000 179.999985 -164.786102 0.000000 0.000003 10.132446 0.000000 -0.000000 0.000000 15.000009 -0.000016 32.515678 0.000008 -0.000010 26.603710 0.000006 -0.000006 18.622610 0.000000 -0.000000 0.000000 180.000000 -179.999985 -145.762039 0.000003 -0.000013 34.237946 0.000007 0.000001 22.802471 0.000000 -0.000000 0.000000 170.000000 -179.999985 -148.738403 180.000000 -179.999985 -148.738373 0.000022 -0.000014 20.820217 0.000000 -0.000000 0.000000 160.000015 -179.999985 -159.320831 0.000002 -0.000017 31.018778 180.000000 179.999985 -159.341492 174.610291 -178.563599 178.569565 172.203232 -175.534973 97.619919 178.565262 -175.560699 -179.945145 8.694299 4.504816 0.472209 129.235718 122.228256 153.922577 0.000009 0.000013 -12.571331 0.000008 0.000009 -8.372511 0.000000 0.000000 -0.000002 165.000000 179.999985 150.916916 179.999985 -179.999985 156.204758 180.000000 180.000000 163.343338 0.000000 0.000000 -0.000002 0.000022 -0.000003 -32.221508 0.000014 -0.000010 -32.221489 0.000002 -0.000012 -21.459505 0.000000 0.000000 -0.000002 10.000022 -0.000015 -30.327536 0.000015 -0.000015 -30.327536 0.000009 -0.000012 -20.198139 0.000000 0.000000 -0.000002 20.000023 -0.000004 -24.786154 0.000034 -0.000016 -37.179207 0.000015 -0.000021 -24.761356
-68.425957 97.141388 6.961413 91.454506 -179.054764 -179.356964 177.126556 175.952347 179.978790 172.514404 178.271957 179.699936 13.791722 -3.684681 -1.516494 3.902135 2.329540 1.519144 4.269941 1.623717 -0.232299 166.060394 -176.464050 175.843719 0.105579 2.869079 0.164066 0.105572 2.813697 0.269823 0.469958 2.036652 0.374167 0.000001 -4.148353 -0.352359 180.000000 -175.160263 179.635056 173.727524 -176.426147 -179.827194 5.694224 1.343872 -0.543796 11.252866 -5.527936 81.883698 0.752168 -5.113629 1.393960 177.538849 178.170212 173.515717 33.259293 46.842964 10.946373 180.000000 179.999985 -164.765320 180.000000 179.999985 -169.853683 0.000000 -0.000000 0.000000 15.000010 -0.000020 32.495659 180.000000 -179.999985 -153.412659 0.000009 -0.000008 18.611134 0.000000 -0.000000 0.000000 180.000000 -179.999985 -145.781723 0.000011 -0.000012 34.218258 179.999985 -180.000000 -157.210648 0.000000 -0.000000 0.000000 170.000000 -179.999985 -148.770508 0.000007 -0.000013 31.229473 0.000012 -0.000011 20.798832 0.000000 -0.000000 0.000000 160.000015 -179.999985 -159.329086 180.000000 -179.999985 -148.993637 0.000003 -0.000002 20.650246 174.582779 -178.563293 178.582199 172.202240 -175.556458 97.550446 178.580688 -175.578201 -179.941254 8.710052 4.585740 0.432547 129.308792 122.249428 154.072327 0.000003 0.000000 -12.536945 0.000003 0.000004 -8.349607 0.000000 -0.000002 -0.000002 165.000000 -180.000000 150.916656 180.000000 179.999985 156.204575 180.000000 179.999985 163.343201 0.000000 -0.000002 -0.000002 0.000009 -0.000001 -32.194981 0.000008 -0.000002 -32.194977 180.000000 -179.999985 158.558151 0.000000 -0.000002 -0.000002 10.000010 -0.000001 -30.299908 0.000005 -0.000004 -30.299908 180.000000 180.000000 159.820267 0.000000 -0.000002 -0.000002 20.000010 -0.000008 -24.757851 0.000008 -0.000001 -37.136780 180.000000 -179.999985 155.266907
-68.441460 97.141853 6.996970 91.358559 -179.070801 -179.383041 177.120407 175.966522 179.986160 172.585693 178.264877 179.690125 13.823006 -3.700928 -1.503554 3.949281 2.333243 1.549960 4.268309 1.622304 -0.285783 166.108948 -176.449417 175.882706 0.110571 2.864506 0.162846 0.110580 2.809210 0.267628 0.493517 2.033213 0.372382 0.000011 -4.145100 -0.353103 179.999985 -175.164047 179.634277 173.724976 -176.428894 -179.827789 5.697000 1.339081 -0.550179 11.261312 -5.508335 81.905823 0.686134 -5.115366 1.373906 177.504532 178.111160 173.553406 33.268379 46.803905 10.979929 0.000001 -0.000003 15.254795 180.000000 179.999985 -169.840317 0.000000 -0.000000 0.000002 15.000012 -0.000004 32.473152 180.000000 -179.999985 -153.431046 180.000000 180.000000 -161.401749 0.000000 -0.000000 0.000002 0.000004 -0.000017 34.201851 180.000000 179.999985 -145.798157 0.000009 -0.000005 22.778427 0.000000 -0.000000 0.000002 170.000000 -179.999985 -148.802048 0.000012 -0.000021 31.197954 0.000006 -0.000006 20.777821 0.000000 -0.000000 0.000002 160.000015 180.000000 -159.335724 0.000001 -0.000009 30.996433 0.000002 -0.000006 20.643616 174.569702 -178.563705 178.598328 172.208344 -175.576141 97.480873 178.589874 -175.597626 -179.934341 8.710190 4.609436 0.419217 129.337830 122.249619 154.127289 0.000002 0.000002 -12.524259 0.000002 0.000002 -8.341159 0.000000 -0.000002 0.000000 165.000015 -179.999985 150.902679 180.000000 -179.999985 156.193085 0.000002 0.000011 -16.664845 0.000000 -0.000002 0.000000 180.000000 -179.999985 147.819351 180.000000 180.000000 147.819336 0.000001 -0.000005 -21.432312 0.000000 -0.000002 0.000000 9.999988 -0.000004 -30.290390 0.000007 -0.000002 -30.290407 0.000007 0.000001 -20.173410 0.000000 -0.000002 0.000000 19.999990 0.000007 -24.743917 0.000013 0.000003 -37.115902 0.000001 -0.000003 -24.719177
-68.459389 97.142059 7.042044 91.240204 -179.092010 -179.409912 177.116852 175.977127 179.982437 172.670135 178.266953 179.680069 13.860768 -3.720695 -1.477246 3.986424 2.324735 1.573047 4.257165 1.637727 -0.343257 166.197433 -176.424408 175.933502 0.116620 2.859336 0.160365 0.116604 2.804137 0.263281 0.522122 2.029350 0.368026 0.000004 -4.142918 -0.357907 0.000004 -4.833407 -0.370697 173.734482 -176.430450 -179.831543 5.698941 1.332543 -0.555044 11.290555 -5.482597 81.916359 0.632626 -5.120252 1.365771 177.434967 178.063354 173.590271 33.288609 46.770866 11.010895 0.000001 0.000003 15.267764 0.000001 -0.000002 10.168334 0.000000 -0.000002 0.000000 14.999991 -0.000003 32.453365 0.000006 -0.000004 26.552765 0.000003 -0.000004 18.586935 0.000000 -0.000002 0.000000 0.000007 -0.000013 34.173977 179.999985 -179.999985 -145.826019 0.000003 -0.000003 22.759871 0.000000 -0.000002 0.000000 170.000000 -179.999985 -148.846313 180.000000 179.999985 -148.846313 180.000000 179.999985 -159.251633 0.000000 -0.000002 0.000000 160.000015 -179.999985 -159.347824 0.000003 0.000003 30.978279 0.000001 0.000003 20.631529 174.549820 -178.564621 178.618393 172.227951 -175.593643 97.393883 178.594360 -175.626190 -179.925278 8.708959 4.630155 0.411443 129.346817 122.253189 154.159576 0.000000 0.000000 -12.513227 0.000003 0.000002 -8.333816 0.000000 -0.000000 0.000000 165.000000 179.999985 150.888870 0.000007 0.000001 -23.818205 179.999985 -179.999985 163.327271 0.000000 -0.000000 0.000000 180.000000 -180.000000 147.827881 180.000000 179.999985 147.827881 0.000007 0.000001 -21.426632 0.000000 -0.000000 0.000000 9.999991 -0.000001 -30.280558 0.000002 0.000004 -30.280561 0.000009 0.000005 -20.166859 0.000000 -0.000000 0.000000 19.999996 -0.000005 -24.732847 180.000000 -179.999985 142.900726 0.000003 0.000002 -24.708122
