HIERARCHY
ROOT Hips
{
    OFFSET 0.000000 97.120003 0.000000
    CHANNELS 6 Xposition Yposition Zposition Yrotation Xrotation Zrotation
    JOINT RightUpLeg
    {
        OFFSET -11.000000 -0.000000 0.000000
        CHANNELS 3 Yrotation Xrotation Zrotation
        JOINT RightLeg
        {
            OFFSET 0.000000 -45.062000 0.000000
            CHANNELS 3 Yrotation Xrotation Zrotation
            JOINT RightFoot
            {
                OFFSET 0.000000 -42.057999 0.000000
                CHANNELS 3 Yrotation Xrotation Zrotation
                End Site
                {
                    OFFSET 0.000000 -10.000000 15.120000
                }
            }
        }
    }
    JOINT LeftUpLeg
    {
        OFFSET 11.000000 -0.000000 0.000000
        CHANNELS 3 Yrotation Xrotation Zrotation
        JOINT LeftLeg
        {
            OFFSET 0.000000 -45.062000 0.000000
            CHANNELS 3 Yrotation Xrotation Zrotation
            JOINT LeftFoot
            {
                OFFSET 0.000000 -42.057999 0.000000
                CHANNELS 3 Yrotation Xrotation Zrotation
                End Site
                {
                    OFFSET 0.000000 -10.000000 15.120000
                }
            }
        }
    }
    JOINT Spine
    {
        OFFSET 0.000000 8.120000 0.000000
        CHANNELS 3 Yrotation Xrotation Zrotation
        JOINT Spine1
        {
            OFFSET 0.000000 17.980000 0.000000
            CHANNELS 3 Yrotation Xrotation Zrotation
            JOINT Spine2
            {
                OFFSET 0.000000 12.760000 0.000000
                CHANNELS 3 Yrotation Xrotation Zrotation
                JOINT Neck
                {
                    OFFSET 0.000000 19.139999 0.000000
                    CHANNELS 3 Yrotation Xrotation Zrotation
                    JOINT Neck1
                    {
                        OFFSET 0.000000 4.250000 0.000000
                        CHANNELS 3 Yrotation Xrotation Zrotation
                        JOINT Head
                        {
                            OFFSET 0.000000 4.250000 0.000000
                            CHANNELS 3 Yrotation Xrotation Zrotation
                            End Site
                            {
                                OFFSET 0.000000 19.120001 0.000000
                            }
                        }
                    }
                }
                JOINT RightShoulder
                {
                    OFFSET -2.900000 13.340000 0.000000
                    CHANNELS 3 Yrotation Xrotation Zrotation
                    JOINT RightArm
                    {
                        OFFSET -16.100000 0.000000 0.000000
                        CHANNELS 3 Yrotation Xrotation Zrotation
                        JOINT RightForeArm
                        {
                            OFFSET -28.000000 0.000000 0.000000
                            CHANNELS 3 Yrotation Xrotation Zrotation
                            JOINT RightHand
                            {
                                OFFSET -26.000000 0.000000 0.000000
                                CHANNELS 3 Yrotation Xrotation Zrotation
                                JOINT RightHandThumb1
                                {
                                    OFFSET -1.937000 -0.484000 2.518000
                                    CHANNELS 3 Yrotation Xrotation Zrotation
                                    JOINT RightHandThumb2
                                    {
                                        OFFSET -3.872000 0.000000 0.000000
                                        CHANNELS 3 Yrotation Xrotation Zrotation
                                        JOINT RightHandThumb3
                                        {
                                            OFFSET -2.690000 0.000000 0.000000
                                            CHANNELS 3 Yrotation Xrotation Zrotation
                                            End Site
                                            {
                                                OFFSET -2.537000 0.000000 0.000000
                                            }
                                        }
                                    }
                                }
                                JOINT RightInHandIndex
                                {
                                    OFFSET -3.389000 0.535000 2.080000
                                    CHANNELS 3 Yrotation Xrotation Zrotation
                                    JOINT RightHandIndex1
                                    {
                                        OFFSET -5.485000 -0.096000 1.051000
                                        CHANNELS 3 Yrotation Xrotation Zrotation
                                        JOINT RightHandIndex2
                                        {
                                            OFFSET -3.806000 0.000000 0.000000
                                            CHANNELS 3 Yrotation Xrotation Zrotation
                                            JOINT RightHandIndex3
                                            {
                                                OFFSET -2.158000 0.000000 0.000000
                                                CHANNELS 3 Yrotation Xrotation Zrotation
                                                End Site
                                                {
                                                    OFFSET -1.898000 0.000000 0.000000
                                                }
                                            }
                                        }
                                    }
                                }
                                JOINT RightInHandMiddle
                                {
                                    OFFSET -3.556000 0.544000 0.796000
                                    CHANNELS 3 Yrotation Xrotation Zrotation
                                    JOINT RightHandMiddle1
                                    {
                                        OFFSET -5.441000 -0.088000 0.330000
                                        CHANNELS 3 Yrotation Xrotation Zrotation
                                        JOINT RightHandMiddle2
                                        {
                                            OFFSET -4.153000 0.000000 0.000000
                                            CHANNELS 3 Yrotation Xrotation Zrotation
                                            JOINT RightHandMiddle3
                                            {
                                                OFFSET -2.603000 0.000000 0.000000
                                                CHANNELS 3 Yrotation Xrotation Zrotation
                                                End Site
                                                {
                                                    OFFSET -2.076000 0.000000 0.000000
                                                }
                                            }
                                        }
                                    }
                                }
                                JOINT RightInHandRing
                                {
                                    OFFSET -3.539000 0.566000 -0.136000
                                    CHANNELS 3 Yrotation Xrotation Zrotation
                                    JOINT RightHandRing1
                                    {
                                        OFFSET -4.873000 -0.023000 -0.504000
                                        CHANNELS 3 Yrotation Xrotation Zrotation
                                        JOINT RightHandRing2
                                        {
                                            OFFSET -3.619000 0.000000 0.000000
                                            CHANNELS 3 Yrotation Xrotation Zrotation
                                            JOINT RightHandRing3
                                            {
                                                OFFSET -2.511000 0.000000 0.000000
                                                CHANNELS 3 Yrotation Xrotation Zrotation
                                                End Site
                                                {
                                                    OFFSET -1.952000 0.000000 0.000000
                                                }
                                            }
                                        }
                                    }
                                }
                                JOINT RightInHandPinky
                                {
                                    OFFSET -3.324000 0.494000 -1.264000
                                    CHANNELS 3 Yrotation Xrotation Zrotation
                                    JOINT RightHandPinky1
                                    {
                                        OFFSET -4.354000 -0.023000 -1.147000
                                        CHANNELS 3 Yrotation Xrotation Zrotation
                                        JOINT RightHandPinky2
                                        {
                                            OFFSET -2.898000 0.000000 0.000000
                                            CHANNELS 3 Yrotation Xrotation Zrotation
                                            JOINT RightHandPinky3
                                            {
                                                OFFSET -1.831000 0.000000 0.000000
                                                CHANNELS 3 Yrotation Xrotation Zrotation
                                                End Site
                                                {
                                                    OFFSET -1.730000 0.000000 0.000000
                                                }
                                            }
                                        }
                                    }
                                }
                            }
                        }
                    }
                }
                JOINT LeftShoulder
                {
                    OFFSET 2.900000 13.340000 0.000000
                    CHANNELS 3 Yrotation Xrotation Zrotation
                    JOINT LeftArm
                    {
                        OFFSET 16.100000 0.000000 0.000000
                        CHANNELS 3 Yrotation Xrotation Zrotation
                        JOINT LeftForeArm
                        {
                            OFFSET 28.000000 0.000000 0.000000
                            CHANNELS 3 Yrotation Xrotation Zrotation
                            JOINT LeftHand
                            {
                                OFFSET 26.000000 0.000000 0.000000
                                CHANNELS 3 Yrotation Xrotation Zrotation
                                JOINT LeftHandThumb1
                                {
                                    OFFSET 1.937000 -0.484000 2.518000
                                    CHANNELS 3 Yrotation Xrotation Zrotation
                                    JOINT LeftHandThumb2
                                    {
                                        OFFSET 3.872000 0.000000 0.000000
                                        CHANNELS 3 Yrotation Xrotation Zrotation
                                        JOINT LeftHandThumb3
                                        {
                                            OFFSET 2.690000 0.000000 0.000000
                                            CHANNELS 3 Yrotation Xrotation Zrotation
                                            End Site
                                            {
                                                OFFSET 2.537000 0.000000 0.000000
                                            }
                                        }
                                    }
                                }
                                JOINT LeftInHandIndex
                                {
                                    OFFSET 3.389000 0.535000 2.080000
                                    CHANNELS 3 Yrotation Xrotation Zrotation
                                    JOINT LeftHandIndex1
                                    {
                                        OFFSET 5.485000 -0.096000 1.051000
                                        CHANNELS 3 Yrotation Xrotation Zrotation
                                        JOINT LeftHandIndex2
                                        {
                                            OFFSET 3.806000 0.000000 0.000000
                                            CHANNELS 3 Yrotation Xrotation Zrotation
                                            JOINT LeftHandIndex3
                                            {
                                                OFFSET 2.158000 0.000000 0.000000
                                                CHANNELS 3 Yrotation Xrotation Zrotation
                                                End Site
                                                {
                                                    OFFSET 1.898000 0.000000 0.000000
                                                }
                                            }
                                        }
                                    }
                                }
                                JOINT LeftInHandMiddle
                                {
                                    OFFSET 3.556000 0.544000 0.796000
                                    CHANNELS 3 Yrotation Xrotation Zrotation
                                    JOINT LeftHandMiddle1
                                    {
                                        OFFSET 5.441000 -0.088000 0.330000
                                        CHANNELS 3 Yrotation Xrotation Zrotation
                                        JOINT LeftHandMiddle2
                                        {
                                            OFFSET 4.153000 0.000000 0.000000
                                            CHANNELS 3 Yrotation Xrotation Zrotation
                                            JOINT LeftHandMiddle3
                                            {
                                                OFFSET 2.603000 0.000000 0.000000
                                                CHANNELS 3 Yrotation Xrotation Zrotation
                                                End Site
                                                {
                                                    OFFSET 2.076000 0.000000 0.000000
                                                }
                                            }
                                        }
                                    }
                                }
                                JOINT LeftInHandRing
                                {
                                    OFFSET 3.539000 0.566000 -0.136000
                                    CHANNELS 3 Yrotation Xrotation Zrotation
                                    JOINT LeftHandRing1
                                    {
                                        OFFSET 4.873000 -0.023000 -0.504000
                                        CHANNELS 3 Yrotation Xrotation Zrotation
                                        JOINT LeftHandRing2
                                        {
                                            OFFSET 3.619000 0.000000 0.000000
                                            CHANNELS 3 Yrotation Xrotation Zrotation
                                            JOINT LeftHandRing3
                                            {
                                                OFFSET 2.511000 0.000000 0.000000
                                                CHANNELS 3 Yrotation Xrotation Zrotation
                                                End Site
                                                {
                                                    OFFSET 1.952000 0.000000 0.000000
                                                }
                                            }
                                        }
                                    }
                                }
                                JOINT LeftInHandPinky
                                {
                                    OFFSET 3.324000 0.494000 -1.264000
                                    CHANNELS 3 Yrotation Xrotation Zrotation
                                    JOINT LeftHandPinky1
                                    {
                                        OFFSET 4.354000 -0.023000 -1.147000
                                        CHANNELS 3 Yrotation Xrotation Zrotation
                                        JOINT LeftHandPinky2
                                        {
                                            OFFSET 2.898000 0.000000 0.000000
                                            CHANNELS 3 Yrotation Xrotation Zrotation
                                            JOINT LeftHandPinky3
                                            {
                                                OFFSET 1.831000 0.000000 0.000000
                                                CHANNELS 3 Yrotation Xrotation Zrotation
                                                End Site
                                                {
                                                    OFFSET 1.730000 0.000000 0.000000
                                                }
                                            }
                                        }
                                    }
                                }
                            }
                        }
                    }
                }
            }
        }
    }
}
MOTION
Frames: 478
Frame Time: 0.011111
0.000000 97.119995 0.000000 0.000000 0.000000 0.000000 0.000000 0.000000 0.000000 0.000000 0.000000 0.000000 0.000000 0.000000 0.000000 0.000000 0.000000 0.000000 0.000000 0.000000 0.000000 0.000000 0.000000 0.000000 0.000000 0.000000 0.000000 0.000000 0.000000 0.000000 0.000000 0.000000 0.000000 0.000000 0.000000 0.000000 0.000000 0.000000 0.000000 0.000000 0.000000 0.000000 0.000000 0.000000 0.000000 0.000000 0.000000 0.000000 0.000000 0.000000 0.000000 0.000000 0.000000 0.000000 0.000000 0.000000 0.000000 0.000000 0.000000 0.000000 0.000000 0.000000 0.000000 0.000000 0.000000 0.000000 0.000000 0.000000 0.000000 0.000000 0.000000 0.000000 0.000000 0.000000 0.000000 0.000000 0.000000 0.000000 0.000000 0.000000 0.000000 0.000000 0.000000 0.000000 0.000000 0.000000 0.000000 0.000000 0.000000 0.000000 0.000000 0.000000 0.000000 0.000000 0.000000 0.000000 0.000000 0.000000 0.000000 0.000000 0.000000 0.000000 0.000000 0.000000 0.000000 0.000000 0.000000 0.000000 0.000000 0.000000 0.000000 0.000000 0.000000 0.000000 0.000000 0.000000 0.000000 0.000000 0.000000 0.000000 0.000000 0.000000 0.000000 0.000000 0.000000 0.000000 0.000000 0.000000 0.000000 0.000000 0.000000 0.000000 0.000000 0.000000 0.000000 0.000000 0.000000 0.000000 0.000000 0.000000 0.000000 0.000000 0.000000 0.000000 0.000000 0.000000 0.000000 0.000000 0.000000 0.000000 0.000000 0.000000 0.000000 0.000000 0.000000 0.000000 0.000000 0.000000 0.000000 0.000000 0.000000 0.000000 0.000000 0.000000 0.000000 0.000000 0.000000 0.000000 0.000000 0.000000 0.000000 0.000000 0.000000 0.000000 0.000000 0.000000 0.000000 0.000000 0.000000 0.000000
-0.469230 97.075066 -1.276514 4.751606 -3.211619 0.510058 178.785904 174.226974 177.670746 175.513214 179.293137 -179.725021 179.743149 -174.659302 -179.785736 2.165555 6.660860 0.557885 176.066895 -178.666931 -179.848541 177.249649 -177.405823 179.144501 0.277309 3.717625 0.410033 0.277275 3.644837 0.671046 1.221291 2.613451 0.951429 180.000000 -177.741806 178.915237 0.000001 -2.634563 -1.123511 163.243317 -177.951157 179.924683 179.989609 177.130646 178.619263 9.237988 -8.284484 82.859749 1.290758 -1.035443 -2.460582 174.752930 -176.385056 -176.558655 35.271542 48.111679 3.370673 180.000000 -179.999985 -169.668091 0.000002 0.000003 6.881039 0.000000 -0.000000 0.000000 15.000009 -0.000000 29.186699 180.000000 180.000000 -156.119980 180.000000 180.000000 -163.283997 0.000000 -0.000000 0.000000 0.000001 0.000001 32.539761 180.000000 -180.000000 -147.460251 180.000000 -180.000000 -158.328537 0.000000 -0.000000 0.000000 170.000000 180.000000 -150.621414 180.000000 -179.999985 -150.621445 0.000002 -0.000001 19.566133 0.000000 -0.000000 0.000000 160.000000 180.000000 -163.974380 180.000000 180.000000 -155.961578 180.000000 -180.000000 -163.990417 173.908630 -178.665176 176.076172 169.390839 -174.094025 99.844078 179.450867 -179.056244 -177.883179 7.180913 -4.737076 -7.962381 141.056992 126.794006 166.008133 0.000001 0.000004 -13.080583 0.000000 -0.000002 -8.711673 0.000000 -0.000000 0.000000 165.000015 180.000000 158.091003 0.000000 0.000000 -17.925539 0.000000 -0.000001 -12.547885 0.000000 -0.000000 0.000000 0.000001 0.000001 -26.752735 180.000000 180.000000 153.247253 0.000000 -0.000000 -17.817324 0.000000 -0.000000 0.000000 10.000001 -0.000000 -26.554884 0.000001 0.000000 -26.554880 180.000000 -180.000000 162.314453 0.000000 -0.000000 0.000000 20.000006 -0.000000 -23.814219 0.000000 0.000000 -35.721325 180.000000 179.999985 156.209595
-0.467147 97.075317 -1.281770 4.759590 -3.212297 0.518822 178.783310 174.232697 177.659790 175.506454 179.287155 -179.724579 179.739487 -174.659561 -179.784744 2.151980 6.655456 0.544565 176.069519 -178.675125 -179.847015 177.253372 -177.404633 179.146515 0.275560 3.718873 0.410511 0.275527 3.646063 0.671917 1.212994 2.614488 0.952089 180.000000 -177.744507 178.924316 180.000000 -177.368576 178.885895 163.229828 -177.954880 179.929825 179.987869 177.133392 178.612701 9.241094 -8.282551 82.861977 1.289467 -1.044014 -2.455017 174.756424 -176.375519 -176.562775 35.263012 48.117023 3.365966 179.999985 179.999985 -169.667740 0.000003 -0.000004 6.881315 0.000000 -0.000000 0.000003 15.000000 0.000003 29.151752 180.000000 -180.000000 -156.148575 180.000000 -179.999985 -163.303986 0.000000 -0.000000 0.000003 180.000000 -180.000000 -147.447998 0.000001 0.000000 32.552017 0.000000 0.000001 21.679644 0.000000 -0.000000 0.000003 170.000000 -179.999985 -150.611069 180.000000 180.000000 -150.611038 180.000000 -180.000000 -160.426956 0.000000 -0.000000 0.000003 160.000015 -179.999985 -163.978134 179.999985 -180.000000 -155.967239 0.000007 0.000002 16.005838 173.911697 -178.664337 176.071487 169.405258 -174.085526 99.845459 179.449371 -179.077362 -177.887527 7.193902 -4.751040 -7.970064 141.155472 126.824318 166.090271 0.000001 0.000021 -13.090656 0.000009 -0.000004 -8.718388 0.000000 -0.000000 0.000000 165.000000 -179.999985 158.126450 180.000000 -180.000000 162.103455 180.000000 -179.999985 167.472427 0.000000 -0.000000 0.000000 0.000001 0.000000 -26.773561 0.000002 0.000000 -26.773575 0.000002 0.000000 -17.831192 0.000000 -0.000000 0.000000 10.000001 -0.000001 -26.552095 180.000000 -180.000000 153.447937 0.000001 -0.000003 -17.683683 0.000000 -0.000000 0.000000 20.000004 0.000004 -23.818451 0.000000 0.000000 -35.727642 0.000002 -0.000001 -23.794605
-0.465406 97.075584 -1.286620 4.767585 -3.210941 0.526981 178.783737 174.240585 177.650833 175.496750 179.281799 -179.725555 179.736023 -174.660675 -179.781952 2.139356 6.646633 0.531920 176.069870 -178.684326 -179.846115 177.257751 -177.402161 179.149872 0.274023 3.718731 0.410431 0.273989 3.645930 0.671854 1.205814 2.614575 0.951565 180.000000 -177.747635 178.933838 0.000000 -2.627754 -1.104234 163.215240 -177.959045 179.935181 179.983292 177.133942 178.611954 9.235754 -8.281608 82.869194 1.288356 -1.040050 -2.456724 174.757263 -176.377182 -176.568527 35.288612 48.104160 3.424279 180.000000 180.000000 -169.647324 0.000004 0.000003 6.894888 0.000000 -0.000000 0.000000 15.000004 -0.000002 29.199936 0.000002 -0.000000 23.890862 180.000000 180.000000 -163.276413 0.000000 -0.000000 0.000000 0.000000 -0.000000 32.532551 180.000000 -180.000000 -147.467453 180.000000 -180.000000 -158.333328 0.000000 -0.000000 0.000000 170.000000 180.000000 -150.625900 0.000000 0.000001 29.374109 180.000000 180.000000 -160.436859 0.000000 -0.000000 0.000000 160.000000 -180.000000 -163.973053 0.000002 0.000003 24.040443 180.000000 -180.000000 -163.989059 173.915771 -178.666275 176.071869 169.418106 -174.075958 99.843506 179.444855 -179.096420 -177.892532 7.194077 -4.741815 -7.974226 140.927155 126.762764 165.895538 0.000005 -0.000003 -13.070935 0.000002 0.000012 -8.705233 180.000000 180.000000 -180.000000 165.000015 180.000000 158.048599 0.000001 -0.000001 -17.960258 0.000001 0.000000 -12.572162 180.000000 180.000000 -180.000000 0.000000 0.000002 -26.759792 0.000001 0.000001 -26.759789 0.000001 -0.000001 -17.822012 180.000000 180.000000 -180.000000 9.999999 -0.000003 -26.552275 180.000000 -180.000000 153.447693 180.000000 -180.000000 162.316177 180.000000 180.000000 -180.000000 20.000002 -0.000010 -23.815460 0.000001 -0.000002 -35.723206 180.000000 179.999985 156.208344
-0.464170 97.075798 -1.290682 4.777220 -3.211845 0.534512 178.784363 174.242477 177.643433 175.485092 179.278183 -179.725861 179.733902 -174.659897 -179.781250 2.125962 6.639503 0.520614 176.071182 -178.693451 -179.844742 177.259277 -177.400146 179.152878 0.272400 3.719593 0.410257 0.272367 3.646782 0.671633 1.198233 2.615387 0.950834 180.000000 -177.750641 178.942368 0.000001 -2.624251 -1.095410 163.199188 -177.962952 179.940018 179.979248 177.135864 178.613586 9.225030 -8.282991 82.879852 1.283865 -1.030071 -2.462458 174.757965 -176.375366 -176.569489 35.308739 48.106205 3.445879 180.000000 180.000000 -169.645676 0.000000 0.000002 6.895973 180.000000 -180.000000 179.999985 15.000002 -0.000000 29.198475 180.000000 -180.000000 -156.110352 180.000000 -180.000000 -163.277237 180.000000 -180.000000 179.999985 180.000000 180.000000 -147.446335 0.000000 0.000001 32.553646 180.000000 180.000000 -158.319275 180.000000 -180.000000 179.999985 170.000000 179.999985 -150.612915 180.000000 -179.999985 -150.612946 180.000000 -179.999985 -160.428238 180.000000 -180.000000 179.999985 160.000000 180.000000 -163.971405 180.000000 -179.999985 -155.957123 180.000000 -179.999985 -163.987457 173.917770 -178.666199 176.074295 169.423126 -174.067307 99.843430 179.441849 -179.105286 -177.898499 7.188393 -4.734394 -7.969347 140.959381 126.755577 165.932190 0.000006 0.000004 -13.066397 180.000000 -179.999985 171.297775 180.000000 180.000000 -180.000000 165.000015 -179.999985 158.054245 0.000000 0.000002 -17.955603 180.000000 180.000000 167.431076 180.000000 180.000000 -180.000000 0.000000 0.000001 -26.746454 0.000002 0.000000 -26.746450 180.000000 180.000000 162.186844 180.000000 180.000000 -180.000000 9.999999 0.000001 -26.556286 0.000001 -0.000001 -26.556253 180.000000 -179.999985 162.313538 180.000000 180.000000 -180.000000 19.999998 0.000009 -23.851564 0.000001 0.000008 -35.777328 0.000004 0.000003 -23.827684
-0.463036 97.075859 -1.294080 4.784172 -3.211069 0.542179 178.789322 174.245071 177.637680 175.471207 179.275406 -179.728455 179.732300 -174.659546 -179.779694 2.116178 6.633666 0.509239 176.067978 -178.702301 -179.842850 177.265320 -177.394882 179.155396 0.271316 3.719353 0.409853 0.271282 3.646549 0.671008 1.193241 2.615367 0.949710 180.000000 -177.754150 178.949738 180.000000 -177.379837 178.912231 163.183578 -177.967072 179.944046 179.976929 177.134140 178.617432 9.210167 -8.289456 82.891624 1.277010 -1.020623 -2.470972 174.759857 -176.380447 -176.567017 35.319775 48.111977 3.438213 0.000003 -0.000000 10.344563 179.999985 -180.000000 -173.110535 0.000000 -0.000000 0.000000 15.000008 -0.000002 29.209717 180.000000 179.999985 -156.101166 0.000001 -0.000003 16.729197 0.000000 -0.000000 0.000000 0.000001 -0.000001 32.556385 0.000000 0.000000 32.556389 180.000000 -180.000000 -158.317444 0.000000 -0.000000 0.000000 170.000000 -180.000000 -150.613846 180.000000 -180.000000 -150.613861 0.000002 0.000001 19.571184 0.000000 -0.000000 0.000000 160.000015 -180.000000 -163.975357 180.000000 179.999985 -155.963058 180.000000 -179.999985 -163.991409 173.920349 -178.665344 176.075531 169.414093 -174.062790 99.846382 179.436600 -179.099564 -177.907104 7.184566 -4.727891 -7.955791 141.003555 126.754135 165.983307 0.000007 -0.000003 -13.061208 180.000000 179.999985 171.301239 0.000000 -0.000000 0.000000 165.000015 -179.999985 158.073807 180.000000 180.000000 162.060379 180.000000 -179.999985 167.442261 0.000000 -0.000000 0.000000 180.000000 180.000000 153.261856 180.000000 -180.000000 153.261856 0.000000 0.000000 -17.807600 0.000000 -0.000000 0.000000 10.000005 0.000007 -26.596989 0.000003 0.000008 -26.596992 0.000002 0.000002 -17.713593 0.000000 -0.000000 0.000000 20.000002 -0.000000 -23.801870 0.000004 -0.000001 -35.702816 0.000000 0.000000 -23.778080
-0.461787 97.075859 -1.297047 4.791078 -3.212821 0.551511 178.796051 174.244171 177.630997 175.456207 179.275635 -179.732101 179.728973 -174.659683 -179.777527 2.106780 6.627143 0.494719 176.062012 -178.713928 -179.839279 177.271088 -177.391495 179.158508 0.270227 3.720243 0.409249 0.270194 3.647436 0.670047 1.188243 2.616177 0.948171 180.000000 -177.757401 178.956696 180.000000 -177.383636 178.919449 163.168076 -177.970901 179.947891 179.973816 177.132965 178.621216 9.196729 -8.296993 82.899727 1.269796 -1.013782 -2.474891 174.761902 -176.390427 -176.565887 35.335743 48.115685 3.453124 0.000002 -0.000002 10.344339 180.000000 180.000000 -173.110672 0.000000 -0.000000 0.000000 14.999997 0.000002 29.216192 0.000000 -0.000000 23.904179 0.000000 -0.000000 16.732914 0.000000 -0.000000 0.000000 180.000000 -180.000000 -147.447342 0.000001 -0.000001 32.552662 180.000000 180.000000 -158.319931 0.000000 -0.000000 0.000000 170.000000 -179.999985 -150.608200 0.000001 -0.000002 29.391823 180.000000 -180.000000 -160.425049 0.000000 -0.000000 0.000000 160.000015 180.000000 -163.966553 180.000000 180.000000 -155.949844 0.000004 0.000005 16.017403 173.924286 -178.665512 176.076111 169.387619 -174.059250 99.851334 179.432709 -179.080780 -177.913116 7.176237 -4.726652 -7.936729 141.005875 126.772667 165.963501 180.000000 -179.999985 166.924591 0.000002 0.000002 -8.708220 180.000000 -180.000000 180.000000 165.000015 -180.000000 158.058075 180.000000 -180.000000 162.047516 180.000000 -180.000000 167.433258 180.000000 -180.000000 180.000000 180.000000 -179.999985 153.269775 180.000000 -180.000000 153.269745 180.000000 -180.000000 162.197647 180.000000 -180.000000 180.000000 9.999993 -0.000003 -26.534618 180.000000 -179.999985 153.465363 0.000000 -0.000002 -17.672050 180.000000 -180.000000 180.000000 20.000000 -0.000008 -23.787996 179.999985 -179.999985 144.317993 0.000002 -0.000003 -23.764210
-0.459694 97.075760 -1.299773 4.793929 -3.213287 0.558956 178.801910 174.244171 177.624741 175.447540 179.275146 -179.734955 179.725998 -174.658829 -179.774124 2.104570 6.618727 0.481253 176.054703 -178.727051 -179.834778 177.276230 -177.387238 179.163406 0.270073 3.720392 0.409895 0.270040 3.647583 0.671130 1.187397 2.616257 0.949537 0.000001 -2.239611 -1.039115 180.000000 -177.387115 178.923767 163.152679 -177.974060 179.950150 179.970978 177.129807 178.621475 9.194831 -8.300276 82.903481 1.269263 -1.023661 -2.475571 174.763046 -176.404892 -176.565460 35.343391 48.116665 3.449146 180.000000 -180.000000 -169.661194 0.000002 0.000003 6.885653 0.000000 -0.000000 0.000000 15.000002 -0.000001 29.196327 180.000000 -180.000000 -156.112106 180.000000 -180.000000 -163.278473 0.000000 -0.000000 0.000000 0.000000 0.000001 32.553452 180.000000 -180.000000 -147.446548 180.000000 -180.000000 -158.319397 0.000000 -0.000000 0.000000 170.000000 -180.000000 -150.629639 0.000000 -0.000000 29.370371 0.000000 0.000002 19.560667 0.000000 -0.000000 0.000000 160.000000 -179.999985 -163.990128 0.000002 0.000003 24.014849 180.000000 -180.000000 -164.006134 173.926224 -178.665039 176.073685 169.353043 -174.059830 99.851715 179.426712 -179.051971 -177.915588 7.163826 -4.718709 -7.918384 140.984207 126.812622 165.899872 0.000008 0.000004 -13.103980 180.000000 -179.999985 171.272736 0.000000 -0.000000 0.000000 165.000000 179.999985 158.018784 0.000003 0.000000 -17.984629 0.000000 0.000002 -12.589253 0.000000 -0.000000 0.000000 180.000000 180.000000 153.249069 180.000000 -180.000000 153.249069 180.000000 -180.000000 162.183884 0.000000 -0.000000 0.000000 10.000001 -0.000001 -26.558249 180.000000 179.999985 153.441727 0.000002 -0.000001 -17.687784 0.000000 -0.000000 0.000000 20.000002 -0.000003 -23.802439 180.000000 -180.000000 144.296356 0.000000 -0.000005 -23.778627
-0.456473 97.075584 -1.302527 4.796548 -3.213976 0.567488 178.801468 174.243393 177.615799 175.445236 179.275253 -179.736435 179.723846 -174.658249 -179.772964 2.102744 6.609484 0.464400 176.048538 -178.742737 -179.828262 177.279099 -177.382828 179.167862 0.269940 3.720836 0.410721 0.269905 3.648014 0.672512 1.186607 2.616518 0.951302 0.000001 -2.236572 -1.036085 180.000000 -177.390656 178.926910 163.137573 -177.977066 179.951721 179.971558 177.126312 178.619705 9.198785 -8.302947 82.900826 1.270864 -1.040901 -2.466447 174.764816 -176.416412 -176.568817 35.316216 48.120983 3.409927 180.000000 179.999985 -169.669754 0.000007 -0.000002 6.879951 0.000000 -0.000000 0.000003 15.000002 -0.000000 29.205643 0.000002 0.000004 23.895521 0.000000 -0.000003 16.726860 0.000000 -0.000000 0.000003 180.000000 -180.000000 -147.439880 180.000000 180.000000 -147.439850 0.000002 -0.000001 21.685047 0.000000 -0.000000 0.000003 170.000000 -180.000000 -150.613205 0.000002 0.000001 29.386837 0.000000 -0.000000 19.571630 0.000000 -0.000000 0.000003 160.000015 -180.000000 -163.972824 0.000000 0.000002 24.040783 179.999985 -180.000000 -163.988846 173.927658 -178.664825 176.068497 169.314331 -174.059830 99.855225 179.421127 -179.032547 -177.910278 7.163746 -4.740884 -7.903795 141.045029 126.775238 165.978531 179.999985 179.999985 166.913391 0.000009 -0.000006 -8.715687 180.000000 -180.000000 180.000000 165.000015 179.999985 158.059540 180.000000 -180.000000 162.048706 0.000001 -0.000002 -12.565908 180.000000 -180.000000 180.000000 0.000000 -0.000001 -26.750202 0.000001 -0.000001 -26.750216 180.000000 -180.000000 162.184357 180.000000 -180.000000 180.000000 10.000000 -0.000003 -26.548880 0.000004 -0.000003 -26.548868 180.000000 -180.000000 162.318451 180.000000 -180.000000 180.000000 20.000002 0.000001 -23.822189 180.000000 -179.999985 144.266724 180.000000 180.000000 156.201630
-0.452044 97.075455 -1.305515 4.798476 -3.214696 0.577316 178.795074 174.243256 177.602493 175.449478 179.275345 -179.736877 179.721008 -174.656860 -179.770081 2.101870 6.600688 0.446044 176.042908 -178.757919 -179.821884 177.281647 -177.378693 179.170914 0.269693 3.720875 0.411405 0.269658 3.648052 0.673663 1.185322 2.616522 0.952727 0.000002 -2.233452 -1.033272 0.000001 -2.605690 -1.070176 163.124985 -177.980103 179.953033 179.972763 177.119781 178.620544 9.208165 -8.303689 82.894028 1.276449 -1.056976 -2.459392 174.764465 -176.425507 -176.569290 35.325287 48.125076 3.429298 180.000000 179.999985 -169.664764 0.000006 0.000007 6.883268 0.000000 -0.000000 0.000000 15.000004 -0.000000 29.201530 0.000000 -0.000001 23.892164 180.000000 180.000000 -163.275497 0.000000 -0.000000 0.000000 180.000000 -180.000000 -147.447159 180.000000 180.000000 -147.447159 0.000000 0.000000 21.680191 0.000000 -0.000000 0.000000 170.000000 -179.999985 -150.615906 180.000000 -180.000000 -150.615921 0.000002 0.000002 19.569811 0.000000 -0.000000 0.000000 160.000015 -179.999985 -163.975281 0.000001 -0.000002 24.037115 0.000002 -0.000000 16.008701 173.930298 -178.666824 176.060608 169.282639 -174.057602 99.857986 179.417267 -179.022400 -177.900955 7.166036 -4.760414 -7.900622 141.029480 126.777710 165.953751 0.000005 0.000001 -13.092204 180.000000 180.000000 171.280579 0.000000 -0.000000 0.000000 165.000000 -180.000000 158.055191 0.000002 0.000000 -17.954815 0.000000 0.000001 -12.568372 0.000000 -0.000000 0.000000 0.000001 -0.000000 -26.765875 180.000000 180.000000 153.234116 180.000000 180.000000 162.173920 0.000000 -0.000000 0.000000 10.000001 -0.000001 -26.559721 180.000000 180.000000 153.440277 0.000001 -0.000002 -17.688772 0.000000 -0.000000 0.000000 20.000002 0.000001 -23.835407 0.000000 0.000000 -35.753132 0.000001 0.000000 -23.811579
-0.446776 97.075348 -1.308711 4.801214 -3.215960 0.587950 178.781708 174.242920 177.586441 175.460342 179.274918 -179.734406 179.715515 -174.654663 -179.767212 2.099489 6.590479 0.426917 176.042480 -178.774231 -179.817780 177.278214 -177.374283 179.177307 0.269320 3.721134 0.412165 0.269286 3.648305 0.674945 1.183438 2.616699 0.954293 0.000001 -2.230541 -1.031266 0.000001 -2.602295 -1.068098 163.114929 -177.982849 179.953857 179.973801 177.113434 178.622330 9.218832 -8.304014 82.884361 1.280194 -1.065780 -2.454352 174.764465 -176.429031 -176.570419 35.317631 48.128933 3.428557 180.000000 -180.000000 -169.662491 180.000000 -179.999985 -173.115219 0.000000 -0.000000 0.000000 15.000002 0.000002 29.196487 180.000000 -180.000000 -156.111969 180.000000 179.999985 -163.278381 0.000000 -0.000000 0.000000 0.000000 -0.000001 32.547661 180.000000 179.999985 -147.452347 180.000000 180.000000 -158.323273 0.000000 -0.000000 0.000000 170.000000 -180.000000 -150.619080 180.000000 -180.000000 -150.619080 0.000000 -0.000000 19.567694 0.000000 -0.000000 0.000000 160.000015 -180.000000 -163.978928 0.000005 -0.000001 24.031633 180.000000 180.000000 -163.994934 173.930801 -178.669556 176.053711 169.264404 -174.051147 99.857704 179.414642 -179.024200 -177.891174 7.167475 -4.776575 -7.903453 141.005737 126.779320 165.921631 0.000007 0.000002 -13.097465 0.000001 0.000012 -8.722903 180.000000 -180.000000 180.000000 165.000015 -180.000000 158.045959 180.000000 -180.000000 162.037598 0.000000 0.000000 -12.573689 180.000000 -180.000000 180.000000 180.000000 -180.000000 153.225479 0.000000 0.000000 -26.774540 0.000000 0.000001 -17.831848 180.000000 -180.000000 180.000000 9.999998 -0.000002 -26.570076 0.000000 -0.000001 -26.570099 180.000000 180.000000 162.304321 180.000000 -180.000000 180.000000 19.999998 -0.000002 -23.844704 0.000001 -0.000002 -35.767059 180.000000 180.000000 156.179153
-0.440721 97.075272 -1.311922 4.805329 -3.218510 0.598359 178.762238 174.242828 177.568634 175.474380 179.272736 -179.732513 179.712906 -174.653732 -179.763260 2.093655 6.584661 0.410501 176.043335 -178.788315 -179.816696 177.276779 -177.368637 179.182587 0.268612 3.721776 0.413157 0.268577 3.648943 0.676627 1.179917 2.617158 0.956288 180.000000 -177.772339 178.969604 0.000001 -2.598929 -1.067204 163.106583 -177.985352 179.953949 179.977325 177.107117 178.623505 9.230405 -8.305172 82.878876 1.281588 -1.070064 -2.458561 174.763855 -176.425171 -176.569916 35.303944 48.135178 3.407939 180.000000 179.999985 -169.667984 180.000000 -180.000000 -173.118881 0.000000 -0.000000 0.000000 15.000008 -0.000003 29.187269 180.000000 180.000000 -156.119537 0.000001 0.000002 16.716330 0.000000 -0.000000 0.000000 0.000001 0.000001 32.538540 0.000001 -0.000001 32.538513 180.000000 180.000000 -158.329346 0.000000 -0.000000 0.000000 170.000000 -180.000000 -150.624619 0.000005 0.000000 29.375387 180.000000 -180.000000 -160.436005 0.000000 -0.000000 0.000000 160.000000 179.999985 -163.984787 0.000001 -0.000005 24.022785 0.000000 -0.000000 15.999182 173.932068 -178.671021 176.046677 169.258575 -174.043625 99.856422 179.411484 -179.034409 -177.884018 7.169268 -4.785621 -7.912596 140.984985 126.781509 165.901337 180.000000 179.999985 166.901703 0.000004 -0.000001 -8.723475 0.000000 -0.000000 0.000000 165.000015 -179.999985 158.042328 0.000000 0.000001 -17.965347 180.000000 -180.000000 167.424240 0.000000 -0.000000 0.000000 0.000001 0.000000 -26.775345 180.000000 -180.000000 153.224640 180.000000 -180.000000 162.167618 0.000000 -0.000000 0.000000 9.999999 0.000000 -26.577435 180.000000 -180.000000 153.422546 0.000001 0.000002 -17.700581 0.000000 -0.000000 0.000000 20.000002 0.000003 -23.854416 180.000000 179.999985 144.218384 0.000001 0.000000 -23.830551
-0.434424 97.075310 -1.315374 4.809565 -3.221633 0.609389 178.741211 174.242310 177.549927 175.488159 179.271317 -179.732483 179.710342 -174.652374 -179.757507 2.085816 6.578122 0.393498 176.044891 -178.802750 -179.815491 177.276688 -177.363739 179.186249 0.267804 3.722886 0.413139 0.267771 3.650030 0.676630 1.176128 2.618033 0.956083 0.000001 -2.225153 -1.028062 0.000000 -2.596010 -1.064779 163.101669 -177.987808 179.954880 179.980652 177.101456 178.630539 9.235018 -8.310722 82.873856 1.277058 -1.061920 -2.465053 174.764145 -176.416794 -176.571243 35.290833 48.133812 3.394809 180.000000 -180.000000 -169.668564 180.000000 -179.999985 -173.119278 0.000000 -0.000000 0.000000 15.000006 -0.000001 29.186447 180.000000 180.000000 -156.120193 180.000000 -179.999985 -163.284134 0.000000 -0.000000 0.000000 180.000000 -180.000000 -147.462662 0.000000 -0.000000 32.537342 0.000001 -0.000000 21.669867 0.000000 -0.000000 0.000000 170.000000 180.000000 -150.628403 0.000000 -0.000000 29.371576 0.000000 -0.000000 19.561483 0.000000 -0.000000 0.000000 160.000000 179.999985 -163.990585 0.000000 -0.000000 24.014095 180.000000 179.999985 -164.006607 173.933014 -178.675491 176.044449 169.261124 -174.028641 99.857155 179.410141 -179.048157 -177.882767 7.168391 -4.789486 -7.918672 140.962845 126.789238 165.885330 180.000000 179.999985 166.902725 0.000000 -0.000002 -8.722790 0.000000 -0.000000 0.000000 165.000015 -180.000000 158.039047 0.000001 -0.000001 -17.968052 0.000000 -0.000001 -12.577634 0.000000 -0.000000 0.000000 180.000000 180.000000 153.212250 0.000001 0.000001 -26.787762 180.000000 180.000000 162.159348 0.000000 -0.000000 0.000000 9.999999 0.000000 -26.585094 0.000001 0.000000 -26.585091 180.000000 180.000000 162.294327 0.000000 -0.000000 0.000000 20.000002 -0.000000 -23.830755 0.000003 -0.000003 -35.746113 0.000000 0.000000 -23.806919
-0.428181 97.075348 -1.318694 4.812978 -3.225959 0.620141 178.722473 174.240311 177.531662 175.498596 179.269852 -179.731689 179.708939 -174.650558 -179.751785 2.076275 6.573462 0.379183 176.049423 -178.816238 -179.817108 177.276474 -177.358749 179.188889 0.267087 3.724474 0.413352 0.267053 3.651591 0.677013 1.172695 2.619224 0.956408 0.000000 -2.223346 -1.026721 0.000000 -2.593903 -1.063391 163.099319 -177.989517 179.955307 179.983261 177.096024 178.636185 9.237383 -8.317307 82.872246 1.269942 -1.055212 -2.476722 174.766510 -176.410522 -176.573196 35.289371 48.131577 3.383569 0.000011 0.000004 10.326859 0.000005 -0.000002 6.877685 0.000000 -0.000000 0.000000 15.000002 -0.000000 29.183842 0.000002 0.000001 23.877689 0.000000 -0.000003 16.714382 0.000000 -0.000000 0.000000 0.000000 0.000000 32.537750 0.000000 0.000000 32.537739 0.000000 0.000000 21.670145 0.000000 -0.000000 0.000000 170.000000 179.999985 -150.628784 0.000002 -0.000000 29.371201 0.000000 0.000002 19.561226 0.000000 -0.000000 0.000000 160.000015 179.999985 -163.993347 180.000000 -180.000000 -155.990021 0.000005 -0.000001 15.990656 173.932190 -178.680450 176.041351 169.269791 -174.012344 99.858536 179.409012 -179.053192 -177.890381 7.169789 -4.781113 -7.923160 140.977203 126.789375 165.894089 180.000000 -179.999985 166.900345 0.000005 0.000000 -8.724364 180.000000 -180.000000 180.000000 165.000000 -180.000000 158.043884 0.000001 -0.000002 -17.964113 180.000000 180.000000 167.425140 180.000000 -180.000000 180.000000 180.000000 -180.000000 153.213043 180.000000 -180.000000 153.213043 0.000000 0.000000 -17.840107 180.000000 -180.000000 180.000000 10.000001 -0.000000 -26.585556 180.000000 180.000000 153.414444 0.000001 0.000000 -17.705971 180.000000 -180.000000 180.000000 20.000002 -0.000001 -23.829653 0.000001 -0.000002 -35.744492 180.000000 -180.000000 156.194168
-0.422154 97.075432 -1.321797 4.815741 -3.230778 0.630168 178.706924 174.238342 177.515381 175.506958 179.267532 -179.730789 179.706772 -174.649460 -179.748047 2.068150 6.569234 0.365694 176.056046 -178.830780 -179.817307 177.273499 -177.352600 179.190445 0.266615 3.726301 0.413739 0.266582 3.653383 0.677672 1.170383 2.620552 0.957168 0.000001 -2.222306 -1.025837 180.000000 -177.407303 178.937531 163.098572 -177.990524 179.955597 179.987198 177.091919 178.639984 9.235663 -8.323222 82.871979 1.262679 -1.049953 -2.489170 174.770294 -176.402435 -176.575470 35.292160 48.119495 3.385204 0.000000 0.000005 10.328690 180.000000 180.000000 -173.121094 0.000000 -0.000000 0.000000 15.000004 -0.000000 29.188585 180.000000 180.000000 -156.118454 0.000002 -0.000000 16.717091 0.000000 -0.000000 0.000000 0.000000 0.000000 32.542736 0.000001 -0.000001 32.542736 0.000001 -0.000000 21.673456 0.000000 -0.000000 0.000000 170.000000 180.000000 -150.621445 0.000000 -0.000000 29.378559 180.000000 -180.000000 -160.433884 0.000000 -0.000000 0.000000 160.000015 179.999985 -163.989609 180.000000 180.000000 -155.984421 0.000002 0.000003 15.994380 173.929718 -178.685944 176.039520 169.276321 -173.995316 99.861084 179.405624 -179.051743 -177.902496 7.167155 -4.770745 -7.922272 141.011414 126.795082 165.912292 0.000000 -0.000002 -13.107515 0.000005 -0.000003 -8.729594 0.000000 -0.000000 0.000000 165.000015 179.999985 158.028717 0.000001 -0.000001 -17.976500 180.000000 179.999985 167.416458 0.000000 -0.000000 0.000000 0.000000 0.000000 -26.780035 180.000000 180.000000 153.219971 0.000000 -0.000000 -17.835501 0.000000 -0.000000 0.000000 10.000001 -0.000000 -26.580996 180.000000 -180.000000 153.419006 0.000001 0.000000 -17.702936 0.000000 -0.000000 0.000000 19.999998 -0.000002 -23.829569 0.000002 -0.000001 -35.744350 180.000000 179.999985 156.194260
-0.415861 97.075470 -1.324725 4.819292 -3.236350 0.640678 178.690506 174.234940 177.499329 175.513412 179.265732 -179.734360 179.707352 -174.647324 -179.740326 2.056728 6.565631 0.351344 176.063797 -178.845352 -179.815613 177.273270 -177.347534 179.188858 0.266165 3.728311 0.413604 0.266131 3.655350 0.677460 1.168262 2.622033 0.956804 0.000001 -2.221539 -1.024080 0.000001 -2.591793 -1.060655 163.098373 -177.991455 179.956436 179.989899 177.086929 178.641800 9.234473 -8.329825 82.874931 1.256139 -1.053988 -2.495255 174.775162 -176.398193 -176.584930 35.289680 48.107548 3.380132 180.000000 -179.999985 -169.670532 0.000004 0.000008 6.879416 0.000000 -0.000000 0.000000 14.999999 -0.000002 29.196163 180.000000 -180.000000 -156.112244 0.000003 -0.000003 16.721443 0.000000 -0.000000 0.000000 180.000000 -179.999985 -147.475189 180.000000 -180.000000 -147.475189 180.000000 -179.999985 -158.338486 0.000000 -0.000000 0.000000 170.000000 -179.999985 -150.644638 0.000000 -0.000006 29.355343 180.000000 -180.000000 -160.449341 0.000000 -0.000000 0.000000 160.000000 -179.999985 -164.028976 180.000000 -179.999985 -156.043472 0.000002 0.000005 15.955079 173.926941 -178.693497 176.040695 169.282364 -173.975967 99.863663 179.401031 -179.046402 -177.918976 7.165655 -4.757107 -7.918761 140.981262 126.807228 165.898636 180.000000 -180.000000 166.897675 0.000000 0.000000 -8.726156 0.000000 -0.000000 0.000000 165.000015 180.000000 158.035492 0.000001 -0.000002 -17.970976 180.000000 180.000000 167.420334 0.000000 -0.000000 0.000000 180.000000 180.000000 153.213654 0.000001 0.000001 -26.786346 0.000001 0.000000 -17.839710 0.000000 -0.000000 0.000000 9.999996 0.000002 -26.601311 180.000000 179.999985 153.398682 0.000003 0.000000 -17.716478 0.000000 -0.000000 0.000000 20.000004 0.000004 -23.853155 0.000004 0.000003 -35.779724 180.000000 179.999985 156.170700
-0.410154 97.075645 -1.326935 4.817667 -3.239414 0.647902 178.684402 174.235840 177.487930 175.512177 179.260452 -179.735107 179.709732 -174.645508 -179.736038 2.060577 6.563152 0.342550 176.083801 -178.855621 -179.816116 177.250061 -177.341202 179.185654 0.266466 3.729306 0.415143 0.266433 3.656320 0.680009 1.169368 2.622597 0.960222 180.000000 -177.778717 178.973846 180.000000 -177.408508 178.937195 163.101517 -177.991318 179.955048 179.990509 177.084030 178.643356 9.231874 -8.331917 82.870514 1.255148 -1.068308 -2.492177 174.779831 -176.402924 -176.590012 35.324390 48.089142 3.429825 180.000000 180.000000 -169.657440 0.000005 0.000003 6.888148 0.000000 -0.000000 0.000000 15.000009 -0.000004 29.210981 180.000000 180.000000 -156.100143 180.000000 180.000000 -163.270096 0.000000 -0.000000 0.000000 0.000003 -0.000001 32.567631 0.000001 -0.000001 32.567619 180.000000 -180.000000 -158.309967 0.000000 -0.000000 0.000000 170.000000 180.000000 -150.585999 180.000000 179.999985 -150.585983 0.000000 0.000003 19.589729 0.000000 -0.000000 0.000000 160.000015 -180.000000 -163.978806 179.999985 -179.999985 -155.968231 180.000000 -179.999985 -163.994843 173.925293 -178.694885 176.031616 169.280029 -173.965973 99.871315 179.395905 -179.044724 -177.929565 7.175941 -4.757675 -7.926183 140.974197 126.780823 165.924820 0.000001 0.000007 -13.081349 0.000013 0.000010 -8.712160 0.000000 0.000000 0.000000 165.000015 -180.000000 158.043945 0.000000 0.000002 -17.964031 180.000000 -179.999985 167.425156 0.000000 0.000000 0.000000 0.000001 0.000003 -26.763416 0.000001 -0.000000 -26.763391 0.000000 -0.000000 -17.824419 0.000000 0.000000 0.000000 10.000001 0.000001 -26.550259 180.000000 -179.999985 153.449768 0.000000 -0.000002 -17.682467 0.000000 0.000000 0.000000 19.999994 -0.000002 -23.809053 0.000003 0.000001 -35.713596 0.000001 -0.000001 -23.785265
-0.404954 97.075928 -1.329241 4.814515 -3.241210 0.652328 178.680267 174.240845 177.480957 175.511597 179.253555 -179.738663 179.712891 -174.644135 -179.730957 2.073725 6.559027 0.338247 176.102951 -178.867538 -179.817383 177.219742 -177.334106 179.182510 0.266982 3.729009 0.416967 0.266948 3.656024 0.683026 1.171443 2.622190 0.964282 0.000001 -2.221848 -1.024037 0.000001 -2.592154 -1.060611 163.103989 -177.991211 179.956345 179.992035 177.080795 178.647552 9.227438 -8.331761 82.864944 1.258235 -1.079323 -2.487807 174.782089 -176.408630 -176.587936 35.252846 48.109604 3.352927 180.000000 179.999985 -169.668427 0.000000 0.000002 6.880834 0.000000 -0.000000 0.000000 15.000006 -0.000000 29.224955 0.000001 0.000004 23.911318 0.000000 -0.000002 16.737930 0.000000 -0.000000 0.000000 0.000001 0.000000 32.576077 0.000002 -0.000000 32.576080 180.000000 180.000000 -158.304337 0.000000 -0.000000 0.000000 170.000000 -179.999985 -150.621033 0.000001 -0.000002 29.378956 180.000000 180.000000 -160.433609 0.000000 -0.000000 0.000000 160.000015 179.999985 -163.974319 0.000008 -0.000005 24.038513 180.000000 179.999985 -163.990372 173.928329 -178.697342 176.034317 169.271729 -173.956802 99.865059 179.390747 -179.046494 -177.935181 7.170873 -4.762782 -7.918117 140.998001 126.762451 165.948730 0.000000 0.000000 -13.077383 179.999985 -179.999985 171.290466 180.000000 180.000000 -180.000000 165.000015 179.999985 158.057220 0.000000 -0.000002 -17.953197 0.000001 -0.000002 -12.567233 180.000000 180.000000 -180.000000 0.000000 -0.000000 -26.750040 180.000000 -180.000000 153.249954 0.000000 -0.000001 -17.815531 180.000000 180.000000 -180.000000 9.999997 -0.000004 -26.557201 0.000002 0.000001 -26.557198 180.000000 180.000000 162.312897 180.000000 180.000000 -180.000000 19.999992 -0.000006 -23.796556 180.000000 179.999985 144.305115 0.000003 -0.000001 -23.772783
-0.400346 97.076202 -1.331572 4.806258 -3.240480 0.655169 178.681320 174.247040 177.475906 175.507782 179.247299 -179.744324 179.718903 -174.643875 -179.724472 2.096008 6.551174 0.338071 176.123337 -178.880981 -179.822403 177.183762 -177.324463 179.179276 0.268155 3.728433 0.419308 0.268119 3.655439 0.686876 1.176497 2.621461 0.969604 0.000000 -2.223358 -1.021651 0.000001 -2.593919 -1.058141 163.107666 -177.990372 179.957993 179.990326 177.079315 178.650711 9.224398 -8.334307 82.858940 1.260126 -1.094561 -2.475629 174.784378 -176.424347 -176.590057 35.321690 48.105160 3.433080 179.999985 -179.999985 -169.657593 0.000007 0.000001 6.888045 0.000000 -0.000000 0.000000 14.999999 0.000003 29.221554 0.000001 0.000001 23.908548 180.000000 180.000000 -163.264023 0.000000 -0.000000 0.000000 180.000000 180.000000 -147.427551 180.000000 180.000000 -147.427536 180.000000 180.000000 -158.306763 0.000000 -0.000000 0.000000 170.000000 179.999985 -150.593933 0.000002 -0.000000 29.406078 180.000000 -180.000000 -160.415543 0.000000 -0.000000 0.000000 160.000015 -179.999985 -163.967758 180.000000 -179.999985 -155.951645 0.000002 0.000005 16.016226 173.933090 -178.696884 176.028885 169.258484 -173.951569 99.865044 179.385666 -179.053650 -177.934570 7.179769 -4.776693 -7.923285 140.995590 126.766182 165.940781 0.000000 -0.000003 -13.080877 180.000000 -179.999985 171.288147 0.000000 -0.000000 0.000000 165.000015 -179.999985 158.043762 0.000000 0.000000 -17.964197 0.000002 -0.000002 -12.574930 0.000000 -0.000000 0.000000 180.000000 180.000000 153.238678 180.000000 180.000000 153.238678 180.000000 -180.000000 162.176971 0.000000 -0.000000 0.000000 9.999994 0.000002 -26.570518 180.000000 -179.999985 153.429504 0.000001 0.000000 -17.695959 0.000000 -0.000000 0.000000 20.000002 0.000006 -23.810612 0.000001 -0.000003 -35.715881 0.000002 -0.000003 -23.786785
-0.396535 97.076630 -1.334167 4.795960 -3.238410 0.655214 178.685501 174.257172 177.474548 175.506332 179.237061 -179.747604 179.721405 -174.641449 -179.722214 2.123358 6.542075 0.341788 176.139664 -178.894272 -179.828171 177.150070 -177.314117 179.176041 0.269627 3.727656 0.422608 0.269591 3.654670 0.692315 1.182777 2.620492 0.977071 180.000000 -177.774536 178.980377 0.000001 -2.596361 -1.056035 163.108490 -177.988998 179.959671 179.988388 177.079819 178.654327 9.222319 -8.336189 82.851196 1.261840 -1.098943 -2.470858 174.787491 -176.435379 -176.584549 35.326283 48.115376 3.437042 180.000000 -180.000000 -169.659515 0.000004 0.000008 6.886770 0.000000 -0.000000 0.000000 15.000000 0.000003 29.212330 180.000000 -180.000000 -156.098984 0.000002 0.000002 16.730694 0.000000 -0.000000 0.000000 180.000000 -180.000000 -147.440567 0.000000 0.000000 32.559467 180.000000 180.000000 -158.315399 0.000000 -0.000000 0.000000 170.000000 179.999985 -150.602753 0.000001 -0.000001 29.397236 0.000000 0.000002 19.578566 0.000000 -0.000000 0.000000 160.000000 -179.999985 -163.970078 180.000000 179.999985 -155.955093 180.000000 180.000000 -163.986099 173.937836 -178.694138 176.027679 169.242599 -173.949493 99.856339 179.383041 -179.058090 -177.930008 7.180912 -4.793153 -7.924750 140.994431 126.774361 165.930389 179.999985 -179.999985 166.913055 0.000003 0.000010 -8.715901 0.000000 -0.000000 0.000000 165.000000 -180.000000 158.056198 0.000001 -0.000002 -17.954016 180.000000 180.000000 167.432190 0.000000 -0.000000 0.000000 180.000000 -179.999985 153.247910 180.000000 -180.000000 153.247910 0.000000 0.000000 -17.816875 0.000000 -0.000000 0.000000 10.000002 -0.000000 -26.558481 0.000000 0.000000 -26.558483 0.000000 0.000004 -17.687963 0.000000 -0.000000 0.000000 20.000002 -0.000006 -23.796444 0.000002 -0.000001 -35.694698 180.000000 179.999985 156.227325
-0.394022 97.077156 -1.336944 4.784788 -3.234014 0.654232 178.690552 174.269592 177.472458 175.506104 179.226990 -179.748611 179.723495 -174.640961 -179.720871 2.150780 6.530479 0.348977 176.149414 -178.908234 -179.836243 177.123123 -177.304413 179.168823 0.270918 3.725353 0.426313 0.270884 3.652391 0.698439 1.188178 2.618416 0.985347 0.000000 -2.227250 -1.017799 0.000001 -2.598463 -1.054150 163.110382 -177.987823 179.961121 179.988754 177.079071 178.659927 9.221922 -8.337770 82.835518 1.262093 -1.096233 -2.463731 174.790527 -176.442093 -176.581451 35.337299 48.135010 3.422315 180.000000 -179.999985 -169.675385 180.000000 179.999985 -173.123825 0.000000 -0.000000 0.000000 15.000004 -0.000003 29.207224 180.000000 -180.000000 -156.103210 180.000000 180.000000 -163.272232 0.000000 -0.000000 0.000000 180.000000 -180.000000 -147.444733 180.000000 180.000000 -147.444748 0.000002 -0.000000 21.681807 0.000000 -0.000000 0.000000 170.000000 -180.000000 -150.621368 180.000000 -179.999985 -150.621368 180.000000 180.000000 -160.433823 0.000000 -0.000000 0.000000 160.000015 180.000000 -163.979858 180.000000 179.999985 -155.969818 0.000003 -0.000004 16.004105 173.943207 -178.694778 176.025696 169.224808 -173.946472 99.847755 179.380554 -179.058472 -177.925507 7.183914 -4.804658 -7.923160 140.983902 126.784966 165.911377 0.000003 0.000000 -13.093357 0.000004 -0.000012 -8.720172 0.000000 -0.000000 0.000000 165.000000 -180.000000 158.042206 180.000000 180.000000 162.034531 0.000001 -0.000002 -12.575817 0.000000 -0.000000 0.000000 180.000000 -180.000000 153.238708 180.000000 -180.000000 153.238724 180.000000 -180.000000 162.176987 0.000000 -0.000000 0.000000 10.000002 0.000001 -26.563686 180.000000 -179.999985 153.436325 180.000000 -180.000000 162.308594 0.000000 -0.000000 0.000000 20.000000 0.000003 -23.807392 0.000000 0.000000 -35.711090 0.000000 -0.000002 -23.783579
-0.392847 97.077789 -1.339515 4.772044 -3.228245 0.650603 178.695251 174.283524 177.474487 175.510010 179.215851 -179.749405 179.723251 -174.639297 -179.721436 2.176562 6.517990 0.362621 176.150864 -178.922119 -179.850174 177.107132 -177.292389 179.163635 0.272410 3.722849 0.430399 0.272375 3.649920 0.705191 1.194435 2.616141 0.994488 180.000000 -177.770035 178.986069 0.000000 -2.601638 -1.050145 163.108475 -177.986252 179.964127 179.989212 177.079559 178.662689 9.219703 -8.338412 82.826981 1.264096 -1.086602 -2.461224 174.794724 -176.443878 -176.578522 35.314022 48.165604 3.417915 0.000000 0.000002 10.326958 180.000000 -179.999985 -173.122269 0.000000 -0.000000 0.000000 14.999999 0.000001 29.189108 0.000000 -0.000002 23.882008 0.000001 -0.000000 16.717402 0.000000 -0.000000 0.000000 0.000000 0.000002 32.546730 0.000002 -0.000000 32.546753 180.000000 180.000000 -158.323883 0.000000 -0.000000 0.000000 170.000000 180.000000 -150.616287 0.000003 -0.000002 29.383720 180.000000 -180.000000 -160.430450 0.000000 -0.000000 0.000000 160.000015 -179.999985 -163.972946 0.000002 -0.000000 24.040604 180.000000 179.999985 -163.988983 173.949722 -178.694641 176.029602 169.205811 -173.944016 99.831818 179.380142 -179.054214 -177.919754 7.180483 -4.812719 -7.914962 140.959167 126.821777 165.873688 179.999985 180.000000 166.893021 0.000007 -0.000001 -8.729263 0.000000 -0.000000 0.000000 165.000015 180.000000 158.040634 0.000000 0.000000 -17.966745 0.000000 0.000000 -12.576720 0.000000 -0.000000 0.000000 180.000000 180.000000 153.225571 0.000000 0.000001 -26.774418 180.000000 -180.000000 162.168228 0.000000 -0.000000 0.000000 9.999998 -0.000000 -26.574377 180.000000 179.999985 153.425598 0.000002 -0.000001 -17.698534 0.000000 -0.000000 0.000000 19.999998 -0.000003 -23.817888 180.000000 180.000000 144.273163 180.000000 -180.000000 156.205917
-0.392876 97.078484 -1.341931 4.760731 -3.219691 0.646338 178.697449 174.299515 177.475708 175.519531 179.202194 -179.748764 179.716644 -174.634888 -179.720184 2.196220 6.501077 0.378896 176.143051 -178.939011 -179.867661 177.105499 -177.278625 179.157822 0.273572 3.719608 0.434750 0.273536 3.646725 0.712403 1.199124 2.613358 1.004117 180.000000 -177.767319 178.987839 0.000000 -2.604818 -1.048307 163.105438 -177.984314 179.965942 179.989243 177.080872 178.664062 9.218102 -8.336644 82.816811 1.267487 -1.076034 -2.457037 174.796448 -176.450317 -176.586624 35.309921 48.119946 3.384935 180.000000 -179.999985 -169.679306 0.000009 0.000003 6.873581 0.000000 -0.000000 0.000000 15.000004 0.000002 29.202406 0.000001 0.000002 23.892859 0.000000 -0.000000 16.725010 0.000000 -0.000000 0.000000 0.000002 -0.000000 32.558140 180.000000 180.000000 -147.441895 0.000000 0.000002 21.683716 0.000000 -0.000000 0.000000 170.000000 -180.000000 -150.618820 0.000002 0.000001 29.381180 180.000000 -180.000000 -160.432144 0.000000 -0.000000 0.000000 160.000000 180.000000 -163.967407 0.000001 -0.000002 24.048883 180.000000 179.999985 -163.983429 173.953308 -178.693726 176.024902 169.190445 -173.942978 99.824715 179.379745 -179.047562 -177.916443 7.183964 -4.819676 -7.918425 140.994003 126.775497 165.911774 180.000000 -180.000000 166.903732 0.000002 -0.000002 -8.722109 0.000000 -0.000000 0.000000 165.000015 179.999985 158.034241 180.000000 -180.000000 162.028000 180.000000 180.000000 167.419586 0.000000 -0.000000 0.000000 180.000000 -180.000000 153.224838 0.000000 0.000000 -26.775166 180.000000 180.000000 162.167740 0.000000 -0.000000 0.000000 9.999996 0.000001 -26.580479 0.000005 -0.000002 -26.580456 180.000000 180.000000 162.297394 0.000000 -0.000000 0.000000 19.999994 -0.000000 -23.824131 0.000002 0.000001 -35.736237 180.000000 -180.000000 156.199677
-0.394092 97.079338 -1.344841 4.750075 -3.210793 0.639081 178.699371 174.317749 177.480682 175.529114 179.188690 -179.749023 179.710892 -174.631271 -179.717300 2.210696 6.480463 0.401003 176.122284 -178.959274 -179.889343 177.121704 -177.264481 179.152374 0.274628 3.716423 0.439940 0.274591 3.643580 0.721016 1.203152 2.610561 1.015536 0.000001 -2.236125 -1.010790 180.000000 -177.391190 178.953094 163.101135 -177.981705 179.967743 179.989395 177.082596 178.664917 9.218613 -8.332693 82.808571 1.271846 -1.066449 -2.455322 174.802689 -176.438568 -176.586578 35.263470 48.077168 3.325855 179.999985 -179.999985 -169.680634 179.999985 179.999985 -173.127304 0.000000 -0.000000 0.000000 15.000009 0.000000 29.193123 0.000000 0.000001 23.885271 0.000000 -0.000000 16.719694 0.000000 -0.000000 0.000000 180.000000 180.000000 -147.449814 0.000003 0.000001 32.550198 0.000001 0.000000 21.678421 0.000000 -0.000000 0.000000 170.000000 -180.000000 -150.627686 0.000003 -0.000001 29.372334 180.000000 -180.000000 -160.438034 0.000000 -0.000000 0.000000 160.000000 179.999985 -163.957733 180.000000 179.999985 -155.936600 0.000004 0.000003 16.026236 173.957367 -178.692429 176.027527 169.179916 -173.940689 99.807953 179.380661 -179.038849 -177.915482 7.182274 -4.826378 -7.916477 140.999863 126.798569 165.936325 0.000001 -0.000010 -13.090648 180.000000 179.999985 171.281616 180.000000 180.000000 -180.000000 165.000015 180.000000 158.024139 180.000000 179.999985 162.019760 0.000000 -0.000001 -12.586181 180.000000 180.000000 -180.000000 0.000000 0.000000 -26.780632 0.000001 -0.000000 -26.780638 180.000000 -180.000000 162.164093 180.000000 180.000000 -180.000000 9.999999 -0.000004 -26.577999 180.000000 -180.000000 153.421982 0.000000 0.000000 -17.700960 180.000000 180.000000 -180.000000 19.999998 -0.000002 -23.824913 0.000004 -0.000001 -35.737423 0.000002 0.000000 -23.801107
-0.396339 97.080177 -1.348137 4.740573 -3.201818 0.631919 178.699387 174.336655 177.483139 175.542847 179.171631 -179.746109 179.702332 -174.625214 -179.714691 2.218201 6.457678 0.424306 176.094452 -178.981949 -179.912521 177.150391 -177.250000 179.147369 0.275224 3.713775 0.445032 0.275186 3.640961 0.729484 1.205034 2.608209 1.026646 180.000000 -177.759064 178.991653 180.000000 -177.385559 178.955643 163.095734 -177.978165 179.970535 179.990677 177.084351 178.665695 9.223599 -8.327660 82.795296 1.278355 -1.067424 -2.447725 174.806244 -176.426941 -176.584183 35.223755 48.025860 3.284586 0.000002 0.000002 10.325603 179.999985 180.000000 -173.123169 0.000000 -0.000000 0.000000 14.999995 0.000001 29.167049 180.000000 -180.000000 -156.136032 180.000000 180.000000 -163.295227 0.000000 -0.000000 0.000000 180.000000 180.000000 -147.475098 180.000000 -179.999985 -147.475098 180.000000 -180.000000 -158.338409 0.000000 -0.000000 0.000000 170.000000 -179.999985 -150.657562 180.000000 -179.999985 -150.657593 180.000000 180.000000 -160.457962 0.000000 -0.000000 0.000000 160.000000 -179.999985 -163.983658 180.000000 180.000000 -155.975494 180.000000 -179.999985 -163.999680 173.959488 -178.690842 176.025986 169.175812 -173.937576 99.797890 179.382233 -179.031433 -177.917480 7.185713 -4.817760 -7.917304 140.969208 126.760651 165.853867 180.000000 179.999985 166.888855 0.000003 0.000007 -8.732035 0.000000 -0.000000 0.000000 165.000015 179.999985 158.018341 0.000000 -0.000001 -17.985006 0.000001 -0.000001 -12.589510 0.000000 -0.000000 0.000000 0.000002 0.000001 -26.782801 180.000000 -180.000000 153.217178 0.000000 0.000000 -17.837349 0.000000 -0.000000 0.000000 10.000001 -0.000001 -26.578707 0.000001 0.000001 -26.578718 180.000000 180.000000 162.298569 0.000000 -0.000000 0.000000 19.999998 0.000002 -23.829500 0.000001 -0.000003 -35.744251 0.000000 0.000000 -23.805674
-0.399308 97.081032 -1.351957 4.727527 -3.189996 0.622415 178.705444 174.359711 177.488907 175.554733 179.152466 -179.742889 179.693619 -174.617249 -179.712051 2.227784 6.429415 0.449679 176.063889 -179.007477 -179.935608 177.183472 -177.235291 179.144272 0.276336 3.710844 0.450499 0.276299 3.638062 0.738557 1.209277 2.605553 1.038682 180.000000 -177.753036 178.995087 180.000000 -177.378555 178.959183 163.088715 -177.973785 179.974289 179.992340 177.086945 178.664368 9.220741 -8.326635 82.795143 1.282098 -1.059386 -2.454276 174.808868 -176.414017 -176.579849 35.192848 48.006821 3.254646 179.999985 -179.999985 -169.672363 0.000002 -0.000002 6.878212 0.000000 -0.000000 0.000000 15.000006 0.000002 29.196074 180.000000 180.000000 -156.112305 180.000000 -180.000000 -163.278610 0.000000 -0.000000 0.000000 180.000000 -180.000000 -147.442123 0.000000 0.000000 32.557888 0.000003 -0.000000 21.683550 0.000000 -0.000000 0.000000 170.000000 -180.000000 -150.612289 0.000000 -0.000000 29.387716 0.000002 -0.000001 19.572206 0.000000 -0.000000 0.000000 160.000000 -180.000000 -163.957428 180.000000 180.000000 -155.936127 0.000002 -0.000000 16.026524 173.961365 -178.688324 176.026260 169.176071 -173.934448 99.786194 179.383759 -179.028732 -177.919052 7.186613 -4.810040 -7.919486 140.961761 126.748901 165.837555 179.999985 179.999985 166.886169 180.000000 -179.999985 171.266190 180.000000 180.000000 -180.000000 165.000015 -180.000000 158.014297 180.000000 179.999985 162.011688 0.000000 0.000000 -12.591811 180.000000 180.000000 -180.000000 0.000001 0.000001 -26.781212 0.000000 -0.000000 -26.781199 180.000000 180.000000 162.163712 180.000000 180.000000 -180.000000 9.999998 0.000001 -26.575420 180.000000 -179.999985 153.424591 0.000001 0.000002 -17.699238 180.000000 180.000000 -180.000000 19.999987 0.000002 -23.825542 180.000000 -179.999985 144.261658 0.000002 -0.000001 -23.801737
-0.402583 97.081779 -1.356201 4.714778 -3.177791 0.612693 178.714661 174.384644 177.494247 175.562943 179.132584 -179.738663 179.686508 -174.610428 -179.709274 2.234840 6.400295 0.472288 176.040497 -179.034134 -179.952866 177.212677 -177.221786 179.138489 0.277173 3.707960 0.455947 0.277136 3.635207 0.747608 1.212233 2.602969 1.050613 180.000000 -177.746445 178.999725 180.000000 -177.370834 178.964005 163.082443 -177.969131 179.978867 179.992538 177.086609 178.669800 9.223300 -8.328390 82.786194 1.285087 -1.063561 -2.453495 174.810257 -176.411148 -176.580627 35.140434 47.893715 3.209199 0.000003 -0.000005 10.348811 0.000001 0.000010 6.892295 0.000000 -0.000000 0.000000 14.999995 0.000003 29.194151 180.000000 -179.999985 -156.113861 180.000000 -180.000000 -163.279709 0.000000 -0.000000 0.000000 180.000000 180.000000 -147.439804 0.000002 -0.000001 32.560207 180.000000 -180.000000 -158.314911 0.000000 -0.000000 0.000000 170.000000 179.999985 -150.611679 0.000000 -0.000000 29.388323 0.000002 0.000001 19.572620 0.000000 -0.000000 0.000000 160.000015 180.000000 -163.953140 0.000000 -0.000000 24.070282 180.000000 -179.999985 -163.969193 173.961716 -178.686325 176.026703 169.180817 -173.931000 99.775856 179.385010 -179.029266 -177.923264 7.190650 -4.794448 -7.920676 140.952515 126.748314 165.825470 180.000000 -180.000000 166.884537 180.000000 -180.000000 171.265091 0.000000 -0.000000 0.000000 165.000015 -180.000000 158.012192 180.000000 180.000000 162.009979 0.000001 -0.000002 -12.593006 0.000000 -0.000000 0.000000 180.000000 180.000000 153.219681 0.000001 -0.000000 -26.780289 0.000000 0.000000 -17.835682 0.000000 -0.000000 0.000000 9.999999 0.000001 -26.577560 180.000000 180.000000 153.422440 0.000000 -0.000002 -17.700661 0.000000 -0.000000 0.000000 19.999998 0.000005 -23.823135 0.000000 0.000000 -35.734657 180.000000 -180.000000 156.200714
-0.405704 97.082413 -1.360078 4.700809 -3.166992 0.603513 178.728607 174.408829 177.500351 175.565018 179.112000 -179.734787 179.683075 -174.603882 -179.707672 2.244143 6.377279 0.489417 176.027603 -179.054977 -179.963913 177.230774 -177.208923 179.134445 0.277908 3.706281 0.461212 0.277871 3.633536 0.756355 1.214721 2.601269 1.062146 180.000000 -177.739471 179.004929 180.000000 -177.362717 178.969391 163.075912 -177.964294 179.983871 179.993027 177.087036 178.674316 9.226984 -8.332124 82.780182 1.286268 -1.069361 -2.454444 174.814178 -176.406937 -176.577805 35.119923 47.872002 3.192157 179.999985 -180.000000 -169.646744 0.000007 0.000010 6.895267 0.000000 -0.000000 0.000000 15.000006 0.000000 29.208839 180.000000 -180.000000 -156.101852 0.000000 -0.000000 16.728706 0.000000 -0.000000 0.000000 180.000000 -180.000000 -147.441360 0.000000 -0.000000 32.558647 180.000000 180.000000 -158.315948 0.000000 -0.000000 0.000000 170.000000 -179.999985 -150.610413 180.000000 -180.000000 -150.610413 180.000000 180.000000 -160.426529 0.000000 -0.000000 0.000000 160.000000 180.000000 -163.956955 180.000000 -179.999985 -155.935455 180.000000 179.999985 -163.972992 173.962952 -178.683914 176.028427 169.185623 -173.927948 99.765358 179.386353 -179.032776 -177.926529 7.195229 -4.778652 -7.921168 140.962952 126.753639 165.835541 0.000003 0.000000 -13.116199 180.000000 180.000000 171.264618 0.000000 0.000000 0.000000 165.000000 180.000000 158.009766 180.000000 180.000000 162.007996 180.000000 180.000000 167.405594 0.000000 0.000000 0.000000 0.000001 -0.000000 -26.779686 0.000000 0.000000 -26.779709 0.000000 -0.000000 -17.835278 0.000000 0.000000 0.000000 10.000000 0.000001 -26.575649 0.000002 0.000000 -26.575649 180.000000 -180.000000 162.300613 0.000000 0.000000 0.000000 20.000000 0.000005 -23.828745 180.000000 -179.999985 144.256897 0.000000 -0.000002 -23.804905
-0.408450 97.082863 -1.362810 4.686356 -3.157004 0.595943 178.744202 174.432510 177.506531 175.564255 179.089081 -179.731216 179.680618 -174.594040 -179.708008 2.256845 6.361957 0.499253 176.021912 -179.068726 -179.968109 177.240173 -177.198761 179.131195 0.278573 3.705180 0.465909 0.278536 3.632432 0.764158 1.216979 2.600033 1.072445 180.000000 -177.733368 179.011734 180.000000 -177.355606 178.976440 163.066681 -177.960434 179.989685 179.993729 177.085876 178.678391 9.230935 -8.338729 82.774803 1.287635 -1.077793 -2.453993 174.813965 -176.417160 -176.578766 35.092575 47.834900 3.158015 0.000002 -0.000002 10.354996 180.000000 179.999985 -173.103577 0.000000 -0.000000 0.000000 15.000002 -0.000001 29.209089 180.000000 -180.000000 -156.101654 180.000000 180.000000 -163.271149 0.000000 -0.000000 0.000000 0.000001 -0.000001 32.558754 180.000000 180.000000 -147.441269 0.000002 -0.000000 21.684124 0.000000 -0.000000 0.000000 170.000000 180.000000 -150.608383 0.000005 -0.000001 29.391623 180.000000 -180.000000 -160.425186 0.000000 -0.000000 0.000000 160.000000 -179.999985 -163.960938 180.000000 -180.000000 -155.941422 0.000003 -0.000002 16.023014 173.963959 -178.682861 176.029480 169.188339 -173.925751 99.757637 179.387253 -179.038712 -177.927582 7.201189 -4.760801 -7.922020 140.966904 126.758774 165.847244 180.000000 180.000000 166.886917 0.000000 0.000000 -8.733311 0.000000 -0.000000 0.000000 165.000000 -180.000000 158.005478 0.000000 0.000000 -17.995522 180.000000 180.000000 167.403137 0.000000 -0.000000 0.000000 0.000000 0.000000 -26.775557 180.000000 -180.000000 153.224457 180.000000 180.000000 162.167480 0.000000 -0.000000 0.000000 10.000001 -0.000000 -26.573021 0.000002 -0.000003 -26.573023 180.000000 180.000000 162.302353 0.000000 -0.000000 0.000000 20.000010 0.000001 -23.826117 180.000000 -179.999985 144.260849 0.000000 0.000000 -23.802288
-0.410944 97.083206 -1.364130 4.672606 -3.148095 0.589289 178.761368 174.452469 177.514328 175.558350 179.072433 -179.729218 179.680908 -174.587738 -179.709015 2.274334 6.354895 0.503601 176.017014 -179.074631 -179.966217 177.243088 -177.188080 179.130707 0.279025 3.704645 0.470324 0.278987 3.631892 0.771498 1.218278 2.599247 1.082093 180.000000 -177.728333 179.019501 180.000000 -177.349716 178.984497 163.057388 -177.957611 179.995819 179.993805 177.085175 178.682648 9.236020 -8.344052 82.773102 1.288905 -1.084939 -2.456785 174.815475 -176.429169 -176.580688 35.070778 47.799858 3.116874 0.000000 -0.000000 10.350387 180.000000 179.999985 -173.106644 0.000000 -0.000000 0.000000 15.000006 -0.000001 29.208826 0.000000 -0.000000 23.898132 180.000000 -180.000000 -163.271332 0.000000 -0.000000 0.000000 180.000000 -180.000000 -147.443604 180.000000 180.000000 -147.443619 0.000000 -0.000000 21.682552 0.000000 -0.000000 0.000000 170.000000 179.999985 -150.611374 180.000000 -180.000000 -150.611389 180.000000 180.000000 -160.427185 0.000000 -0.000000 0.000000 160.000015 180.000000 -163.960831 180.000000 180.000000 -155.941254 180.000000 180.000000 -163.976868 173.964355 -178.682724 176.030090 169.187134 -173.923859 99.752380 179.387650 -179.044037 -177.928497 7.205885 -4.753651 -7.922546 140.959717 126.784378 165.857224 0.000000 0.000000 -13.109079 180.000000 180.000000 171.269348 0.000000 0.000000 0.000000 165.000015 -180.000000 157.996948 180.000000 180.000000 161.997498 0.000000 -0.000001 -12.601755 0.000000 0.000000 0.000000 0.000000 0.000000 -26.773617 0.000000 0.000000 -26.773617 0.000000 -0.000000 -17.831228 0.000000 0.000000 0.000000 9.999998 -0.000002 -26.569866 180.000000 180.000000 153.430099 0.000000 0.000000 -17.695536 0.000000 0.000000 0.000000 19.999998 -0.000001 -23.817106 0.000002 0.000001 -35.725658 180.000000 180.000000 156.206696
-0.413014 97.083458 -1.365034 4.660840 -3.142524 0.584076 178.777496 174.469727 177.524078 175.551331 179.054474 -179.732147 179.680374 -174.581314 -179.708160 2.296084 6.353595 0.503828 176.010406 -179.077606 -179.961212 177.242172 -177.178635 179.131851 0.278683 3.706079 0.475211 0.278646 3.633287 0.779653 1.215731 2.599925 1.092618 0.000002 -2.277036 -0.974193 0.000000 -2.656549 -1.008988 163.051208 -177.954254 -179.998932 179.996292 177.086578 178.682755 9.246557 -8.346581 82.767738 1.293516 -1.102488 -2.452256 174.815872 -176.443008 -176.580673 35.018391 47.715164 3.043079 179.999985 -179.999985 -169.648010 0.000003 -0.000007 6.894451 0.000000 -0.000000 0.000003 14.999985 -0.000002 29.150469 180.000000 -180.000000 -156.149597 180.000000 -179.999985 -163.304733 0.000000 -0.000000 0.000003 180.000000 180.000000 -147.457138 180.000000 180.000000 -147.457138 180.000000 -180.000000 -158.326462 0.000000 -0.000000 0.000003 170.000000 -180.000000 -150.639587 0.000000 -0.000000 29.360409 0.000000 0.000001 19.554031 0.000000 -0.000000 0.000003 160.000015 -180.000000 -163.993332 180.000000 -179.999985 -155.990067 0.000000 0.000003 15.990647 173.966614 -178.681854 176.026077 169.187485 -173.920822 99.747833 179.387207 -179.052643 -177.928375 7.207485 -4.755302 -7.925570 140.963577 126.807991 165.876038 180.000000 -179.999985 166.894485 180.000000 179.999985 171.271729 0.000000 0.000000 -0.000003 165.000000 -180.000000 158.017532 180.000000 179.999985 162.014374 180.000000 180.000000 167.410049 0.000000 0.000000 -0.000003 0.000003 -0.000003 -26.787214 0.000004 -0.000004 -26.787182 0.000000 -0.000003 -17.840269 0.000000 0.000000 -0.000003 9.999998 0.000008 -26.549097 0.000001 0.000004 -26.549074 180.000000 179.999985 162.318314 0.000000 0.000000 -0.000003 20.000004 -0.000008 -23.860910 0.000003 -0.000010 -35.791348 180.000000 -179.999985 156.162964
-0.414999 97.083466 -1.362079 4.648685 -3.140216 0.580975 178.789734 174.476883 177.534653 175.545700 179.046570 -179.734344 179.682358 -174.574997 -179.711685 2.311671 6.364609 0.499554 175.995667 -179.070938 -179.950684 177.255798 -177.170410 179.132950 0.278361 3.710165 0.479265 0.278322 3.637278 0.786410 1.213370 2.602559 1.101389 0.000000 -2.281776 -0.966155 180.000000 -177.337921 178.999344 163.040329 -177.951721 -179.992645 0.001374 2.910920 -1.324714 9.254718 -8.347999 82.769562 1.299799 -1.113893 -2.447506 174.818527 -176.448013 -176.577240 35.006390 47.733921 3.022394 0.000011 0.000006 10.343374 180.000000 179.999985 -173.111328 0.000000 -0.000000 0.000000 15.000000 -0.000003 29.215065 0.000001 0.000003 23.903210 0.000002 -0.000001 16.732264 0.000000 -0.000000 0.000000 0.000000 0.000001 32.560646 180.000000 180.000000 -147.439377 0.000000 0.000001 21.685390 0.000000 -0.000000 0.000000 170.000000 179.999985 -150.605682 0.000000 -0.000000 29.394331 180.000000 180.000000 -160.423386 0.000000 -0.000000 0.000000 160.000015 179.999985 -163.955688 0.000000 -0.000000 24.066471 180.000000 -179.999985 -163.971741 173.969666 -178.679932 176.022354 169.158127 -173.927719 99.752373 179.385681 -179.040619 -177.924454 7.209539 -4.758016 -7.924507 140.859833 126.966660 165.856674 179.999985 179.999985 166.906113 179.999985 179.999985 171.279480 0.000000 -0.000000 0.000000 165.000015 -179.999985 157.973007 0.000005 -0.000005 -18.022114 0.000002 -0.000002 -12.615452 0.000000 -0.000000 0.000000 0.000001 0.000000 -26.764719 180.000000 180.000000 153.235245 0.000001 0.000000 -17.825308 0.000000 -0.000000 0.000000 10.000003 -0.000004 -26.586674 0.000002 -0.000003 -26.586649 180.000000 -179.999985 162.293259 0.000000 -0.000000 0.000000 19.999994 -0.000003 -23.810583 0.000003 -0.000003 -35.715923 0.000002 0.000000 -23.786802
-0.417141 97.083321 -1.357722 4.635746 -3.138243 0.577197 178.801712 174.479279 177.543549 175.541855 179.045868 -179.733551 179.682968 -174.574158 -179.714294 2.320741 6.377555 0.494867 175.985764 -179.059906 -179.936600 177.271652 -177.161957 179.133530 0.277992 3.714628 0.483057 0.277949 3.641657 0.792733 1.210827 2.605485 1.109589 180.000000 -177.713821 179.042435 180.000000 -177.332794 179.008255 163.031021 -177.949585 -179.986176 0.006555 2.907881 -1.326994 9.260346 -8.346487 82.768089 1.306955 -1.118570 -2.442251 174.822815 -176.451645 -176.583679 35.054447 47.893364 3.067189 179.999954 179.999985 -169.684814 179.999969 -179.999985 -173.130096 0.000000 -0.000000 0.000000 15.000000 0.000004 29.182707 180.000000 -179.999985 -156.123230 0.000001 -0.000003 16.713745 0.000000 -0.000000 0.000000 0.000000 0.000001 32.577629 0.000000 0.000000 32.577644 180.000000 -180.000000 -158.303299 0.000000 -0.000000 0.000000 170.000000 179.999985 -150.614502 180.000000 -180.000000 -150.614502 180.000000 -180.000000 -160.429260 0.000000 -0.000000 0.000000 160.000015 -180.000000 -163.965515 0.000007 0.000000 24.051765 180.000000 180.000000 -163.981537 173.969391 -178.677933 176.017975 169.146103 -173.925720 99.754150 179.389023 -179.041885 -177.916519 7.206582 -4.770910 -7.931140 140.971985 126.746933 165.848892 0.000002 0.000002 -13.112604 180.000000 -179.999985 171.267014 0.000000 -0.000000 0.000000 165.000015 -179.999985 158.012955 180.000000 180.000000 162.010605 180.000000 180.000000 167.407425 0.000000 -0.000000 0.000000 180.000000 180.000000 153.237442 180.000000 180.000000 153.237442 0.000000 -0.000001 -17.823856 0.000000 -0.000000 0.000000 9.999998 0.000002 -26.546896 0.000001 0.000004 -26.546906 180.000000 -180.000000 162.319778 0.000000 -0.000000 0.000000 20.000002 0.000010 -23.805021 180.000000 180.000000 144.292465 0.000000 0.000004 -23.781204
-0.419722 97.083023 -1.352320 4.620984 -3.135770 0.573820 178.811478 174.480301 177.554062 175.543335 179.047882 -179.736176 179.682053 -174.572220 -179.713928 2.317982 6.389449 0.490313 175.989777 -179.050537 -179.921921 177.287292 -177.155624 179.130829 0.277775 3.719739 0.486857 0.277737 3.646646 0.799057 1.208991 2.608829 1.117850 180.000000 -177.709274 179.050766 180.000000 -177.327469 179.016861 163.020981 -177.947281 -179.979813 0.011147 2.905113 -1.335391 9.260586 -8.347766 82.776497 1.315197 -1.115540 -2.441123 174.831604 -176.458664 -176.606003 34.963238 47.628403 2.974249 180.000000 -179.999985 -169.642303 0.000012 0.000003 6.898238 0.000000 0.000000 0.000000 15.000000 -0.000006 29.231508 0.000002 0.000002 23.916668 0.000001 0.000001 16.741674 0.000000 0.000000 0.000000 0.000003 -0.000001 32.579498 0.000004 -0.000002 32.579468 0.000000 0.000001 21.697931 0.000000 0.000000 0.000000 170.000000 -179.999985 -150.612808 0.000002 0.000000 29.387190 0.000000 0.000001 19.571867 0.000000 0.000000 0.000000 160.000015 -180.000000 -163.963715 0.000003 -0.000001 24.054399 0.000005 -0.000004 16.020220 173.971878 -178.675598 176.014236 169.118240 -173.930756 99.758324 179.387787 -179.025970 -177.908417 7.208945 -4.774117 -7.929832 140.970612 126.752312 165.842834 180.000000 179.999985 166.884109 0.000005 0.000000 -8.735197 0.000000 -0.000000 0.000000 165.000015 -180.000000 158.018997 0.000000 -0.000002 -17.984444 0.000000 -0.000001 -12.589114 0.000000 -0.000000 0.000000 180.000000 180.000000 153.233994 180.000000 -180.000000 153.233994 180.000000 -180.000000 162.173843 0.000000 -0.000000 0.000000 10.000002 0.000003 -26.577324 0.000001 -0.000002 -26.577318 0.000000 -0.000002 -17.700504 0.000000 -0.000000 0.000000 19.999996 -0.000001 -23.812634 0.000002 0.000001 -35.718960 180.000000 180.000000 156.211166
-0.422865 97.082672 -1.346818 4.605387 -3.132830 0.570991 178.821411 174.480515 177.560638 175.544235 179.049911 -179.738785 179.683304 -174.570038 -179.711044 2.306102 6.398860 0.486393 176.008148 -179.041229 -179.908142 177.299026 -177.150436 179.126266 0.278042 3.723945 0.488953 0.278001 3.650761 0.802524 1.209753 2.611632 1.122519 180.000000 -177.705658 179.062073 180.000000 -177.323257 179.028580 163.008438 -177.946243 -179.971848 0.013415 2.906925 -1.335739 9.260999 -8.353198 82.786743 1.319536 -1.110880 -2.441936 174.834686 -176.453751 -176.606354 34.931232 47.597076 2.933897 180.000000 -180.000000 -169.642746 180.000000 179.999985 -173.102081 0.000000 -0.000000 0.000000 15.000008 0.000002 29.202204 0.000000 -0.000002 23.892702 180.000000 -180.000000 -163.275116 0.000000 -0.000000 0.000000 180.000000 179.999985 -147.464493 180.000000 180.000000 -147.464478 180.000000 -180.000000 -158.331360 0.000000 -0.000000 0.000000 170.000000 179.999985 -150.672241 180.000000 179.999985 -150.672226 179.999985 -180.000000 -160.467712 0.000000 -0.000000 0.000000 160.000015 179.999985 -164.020676 180.000000 179.999985 -156.031006 0.000001 0.000005 15.963341 173.968323 -178.676895 176.017944 169.085510 -173.937546 99.767776 179.388779 -179.003677 -177.902557 7.201461 -4.792000 -7.942831 140.990570 126.751907 165.857208 0.000005 0.000002 -13.117981 180.000000 179.999985 171.263428 180.000000 -180.000000 180.000000 165.000015 179.999985 158.025070 180.000000 179.999985 162.020493 0.000000 0.000000 -12.585638 180.000000 -180.000000 180.000000 180.000000 180.000000 153.237045 180.000000 179.999985 153.237030 180.000000 180.000000 162.175873 180.000000 -180.000000 180.000000 9.999996 -0.000001 -26.555614 180.000000 -179.999985 153.444382 180.000000 179.999985 162.313950 180.000000 -180.000000 180.000000 20.000000 -0.000003 -23.817709 180.000000 179.999985 144.273422 180.000000 180.000000 156.206085
-0.427350 97.082397 -1.341940 4.590057 -3.129743 0.568440 178.828659 174.480606 177.566788 175.550247 179.054886 -179.733887 179.682724 -174.568130 -179.715836 2.287189 6.404618 0.483926 176.035797 -179.035385 -179.898590 177.306976 -177.146149 179.123734 0.278393 3.728137 0.491242 0.278354 3.654866 0.806310 1.210873 2.614386 1.127624 0.000001 -2.297205 -0.927730 180.000000 -177.319916 179.039139 162.993347 -177.945663 -179.964615 0.014036 2.909449 -1.335769 9.265472 -8.364630 82.787308 1.316934 -1.109355 -2.439815 174.835876 -176.453262 -176.605118 34.916428 47.561172 2.907835 0.000003 -0.000002 10.357325 180.000000 180.000000 -173.102005 0.000000 -0.000000 0.000000 15.000004 -0.000002 29.218876 0.000002 0.000001 23.906351 0.000001 0.000001 16.734451 0.000000 -0.000000 0.000000 0.000001 -0.000002 32.584515 180.000000 180.000000 -147.415497 180.000000 180.000000 -158.298737 0.000000 -0.000000 0.000000 170.000000 -180.000000 -150.578003 0.000003 -0.000003 29.422003 0.000001 0.000003 19.595058 0.000000 -0.000000 0.000000 160.000000 179.999985 -163.936096 0.000000 0.000002 24.095884 180.000000 -179.999985 -163.952148 173.972580 -178.671219 176.017715 169.067947 -173.939606 99.769775 179.393372 -178.992249 -177.895172 7.209078 -4.780833 -7.935398 140.991486 126.753242 165.848770 180.000000 -179.999985 166.877121 180.000000 179.999985 171.260162 0.000000 -0.000000 0.000000 165.000000 -180.000000 158.013718 180.000000 180.000000 162.011261 180.000000 179.999985 167.407867 0.000000 -0.000000 0.000000 180.000000 180.000000 153.226730 180.000000 180.000000 153.226700 180.000000 -180.000000 162.169006 0.000000 -0.000000 0.000000 10.000002 -0.000001 -26.562189 180.000000 -180.000000 153.437790 180.000000 180.000000 162.309555 0.000000 -0.000000 0.000000 20.000002 0.000000 -23.821489 180.000000 179.999985 144.267761 0.000003 0.000001 -23.797668
-0.433294 97.082222 -1.338009 4.576159 -3.125173 0.567596 178.835327 174.482437 177.572937 175.555252 179.060028 -179.730209 179.680618 -174.568542 -179.720551 2.265606 6.402232 0.482418 176.065567 -179.034164 -179.891510 177.314270 -177.144653 179.119675 0.278225 3.731670 0.492704 0.278186 3.658328 0.808742 1.209730 2.616810 1.130809 0.000000 -2.298855 -0.916986 180.000000 -177.318008 179.050262 162.979446 -177.946167 -179.957413 0.016226 2.912266 -1.335104 9.268810 -8.370341 82.800858 1.318623 -1.110114 -2.449235 174.835693 -176.454544 -176.600937 34.875896 47.519146 2.869009 180.000000 -179.999985 -169.636688 0.000000 -0.000000 6.901971 0.000000 0.000001 0.000000 15.000006 -0.000003 29.212381 0.000000 -0.000001 23.901037 0.000001 -0.000001 16.730717 0.000000 0.000001 0.000000 0.000002 0.000000 32.585606 0.000001 -0.000001 32.585594 0.000001 -0.000001 21.702015 0.000000 0.000001 0.000000 170.000000 179.999985 -150.603668 0.000003 -0.000003 29.396301 180.000000 -180.000000 -160.422073 0.000000 0.000001 0.000000 160.000000 -180.000000 -163.964050 180.000000 179.999985 -155.946075 0.000000 0.000002 16.019913 173.970673 -178.672073 176.019196 169.065201 -173.934067 99.775650 179.397766 -178.988495 -177.890045 7.209906 -4.783367 -7.938222 140.945633 126.797050 165.834808 180.000000 -180.000000 166.884094 0.000000 -0.000003 -8.735191 0.000000 -0.000000 0.000000 165.000015 180.000000 158.013947 0.000001 -0.000001 -17.988585 0.000000 0.000000 -12.592000 0.000000 -0.000000 0.000000 180.000000 180.000000 153.224030 0.000001 0.000002 -26.775949 180.000000 180.000000 162.167221 0.000000 -0.000000 0.000000 9.999996 0.000002 -26.559401 180.000000 -180.000000 153.440613 0.000001 0.000002 -17.688555 0.000000 -0.000000 0.000000 20.000000 0.000004 -23.815248 180.000000 179.999985 144.277145 180.000000 -180.000000 156.208572
-0.441011 97.082169 -1.335027 4.564412 -3.120551 0.567964 178.841599 174.485352 177.580139 175.558777 179.062195 -179.727951 179.680191 -174.565033 -179.725098 2.243378 6.395384 0.483830 176.092819 -179.039185 -179.889832 177.321411 -177.142502 179.117203 0.277603 3.734962 0.493763 0.277563 3.661549 0.810524 1.206542 2.619133 1.133016 180.000000 -177.700638 179.093307 180.000000 -177.317413 179.060928 162.966019 -177.947540 -179.950760 0.018795 2.916032 -1.336536 9.277688 -8.381460 82.809692 1.313541 -1.119775 -2.450769 174.830841 -176.455917 -176.591782 34.845924 47.486965 2.832614 0.000007 0.000004 10.364085 0.000001 0.000009 6.902480 0.000000 -0.000000 0.000000 15.000008 -0.000004 29.208670 0.000000 -0.000003 23.897976 0.000000 0.000003 16.728582 0.000000 -0.000000 0.000000 0.000002 -0.000000 32.587082 0.000001 0.000001 32.587086 0.000002 0.000000 21.702999 0.000000 -0.000000 0.000000 170.000000 179.999985 -150.591766 180.000000 -179.999985 -150.591766 180.000000 180.000000 -160.414108 0.000000 -0.000000 0.000000 160.000015 180.000000 -163.952286 180.000000 180.000000 -155.928406 0.000005 0.000001 16.031677 173.970428 -178.673889 176.021408 169.053085 -173.934372 99.787086 179.398422 -178.975494 -177.890366 7.215256 -4.777268 -7.933166 140.965607 126.774185 165.828979 180.000000 180.000000 166.875748 180.000000 179.999985 171.259232 0.000000 -0.000000 0.000000 165.000015 -180.000000 158.010361 180.000000 180.000000 162.008499 180.000000 -180.000000 167.405945 0.000000 -0.000000 0.000000 180.000000 180.000000 153.223709 180.000000 -180.000000 153.223709 180.000000 -180.000000 162.166992 0.000000 -0.000000 0.000000 10.000002 -0.000001 -26.589836 0.000000 -0.000002 -26.589846 0.000001 0.000000 -17.708826 0.000000 -0.000000 0.000000 20.000000 -0.000003 -23.843069 0.000007 0.000002 -35.764610 180.000000 180.000000 156.180771
-0.450310 97.082314 -1.332906 4.553311 -3.116853 0.569995 178.849976 174.490234 177.587357 175.558685 179.061630 -179.725601 179.679596 -174.562927 -179.733414 2.225360 6.385457 0.486831 176.111954 -179.047348 -179.891174 177.332001 -177.141083 179.114578 0.276689 3.739107 0.494189 0.276649 3.665626 0.811260 1.202090 2.622187 1.133800 180.000000 -177.701569 179.103271 180.000000 -177.318481 179.071243 162.951187 -177.950012 -179.944626 0.022782 2.917868 -1.333791 9.290072 -8.385266 82.816910 1.312386 -1.135951 -2.454192 174.828384 -176.457870 -176.578461 34.822174 47.467285 2.789006 180.000000 -180.000000 -169.643768 180.000000 -179.999985 -173.102753 0.000000 0.000000 0.000003 15.000000 0.000001 29.204367 0.000000 -0.000004 23.894505 0.000001 0.000001 16.726151 0.000000 0.000000 0.000003 180.000000 -179.999985 -147.413040 0.000002 -0.000000 32.586987 180.000000 180.000000 -158.297058 0.000000 0.000000 0.000003 170.000000 -179.999985 -150.600342 0.000000 0.000002 29.399664 180.000000 -179.999985 -160.419815 0.000000 0.000000 0.000003 160.000015 180.000000 -163.958847 0.000004 0.000003 24.061769 0.000004 0.000001 16.025133 173.969681 -178.675171 176.022644 169.058990 -173.927383 99.797798 179.402084 -178.980515 -177.889130 7.214651 -4.778664 -7.934525 140.958664 126.768791 165.821747 180.000000 179.999985 166.876282 0.000005 0.000005 -8.740391 0.000000 -0.000000 0.000000 165.000000 179.999985 158.011734 180.000000 180.000000 162.009583 180.000000 -180.000000 167.406708 0.000000 -0.000000 0.000000 180.000000 -180.000000 153.220505 0.000001 0.000001 -26.779512 180.000000 180.000000 162.164856 0.000000 -0.000000 0.000000 10.000001 -0.000002 -26.556099 180.000000 -180.000000 153.443878 0.000001 0.000002 -17.686373 0.000000 -0.000000 0.000000 20.000006 -0.000005 -23.821543 180.000000 179.999985 144.267639 180.000000 179.999985 156.202255
-0.461067 97.082474 -1.331311 4.543139 -3.114182 0.574197 178.861237 174.494247 177.593018 175.552841 179.061371 -179.719223 179.681137 -174.560913 -179.746094 2.214039 6.375694 0.489519 176.118698 -179.056900 -179.893341 177.346176 -177.139053 179.112503 0.275523 3.743205 0.494254 0.275482 3.669650 0.811409 1.196525 2.625242 1.133744 180.000000 -177.703461 179.111481 180.000000 -177.320694 179.079742 162.938965 -177.953018 -179.939850 0.025290 2.920002 -1.334927 9.302000 -8.385769 82.823837 1.312810 -1.152553 -2.452060 174.825653 -176.466232 -176.577530 34.807785 47.435669 2.770036 180.000000 179.999985 -169.641144 179.999985 -179.999985 -173.101013 0.000000 -0.000000 0.000000 15.000004 0.000001 29.179474 180.000000 179.999985 -156.125916 180.000000 -180.000000 -163.288132 0.000000 -0.000000 0.000000 180.000000 -180.000000 -147.425446 0.000002 -0.000002 32.574532 0.000001 0.000001 21.694647 0.000000 -0.000000 0.000000 170.000000 -179.999985 -150.591827 180.000000 -180.000000 -150.591843 0.000002 -0.000000 19.585836 0.000000 -0.000000 0.000000 160.000015 180.000000 -163.954437 0.000005 -0.000001 24.068335 180.000000 -180.000000 -163.970490 173.972656 -178.674866 176.022888 169.067490 -173.921417 99.807030 179.406250 -178.989914 -177.888092 7.219865 -4.771829 -7.928809 140.932846 126.781250 165.802460 180.000000 179.999985 166.876587 180.000000 179.999985 171.259811 0.000000 -0.000000 0.000000 165.000015 -179.999985 158.002869 180.000000 179.999985 162.002365 0.000001 0.000000 -12.598348 0.000000 -0.000000 0.000000 0.000001 0.000001 -26.783583 0.000001 0.000000 -26.783577 180.000000 180.000000 162.162125 0.000000 -0.000000 0.000000 10.000001 0.000004 -26.563295 180.000000 -179.999985 153.436737 0.000001 0.000002 -17.691145 0.000000 -0.000000 0.000000 20.000000 0.000004 -23.834013 180.000000 179.999985 144.248978 0.000003 -0.000005 -23.810177
-0.472765 97.082642 -1.329716 4.533489 -3.112279 0.579319 178.876816 174.499191 177.599197 175.543976 179.058304 -179.720169 179.680405 -174.559235 -179.752670 2.211027 6.367309 0.492286 176.115631 -179.067368 -179.894485 177.361328 -177.135727 179.109451 0.274215 3.747984 0.494007 0.274175 3.674347 0.811040 1.190343 2.628832 1.132992 180.000000 -177.710068 179.120621 180.000000 -177.328415 179.089218 162.919006 -177.960052 -179.935425 0.028009 2.921168 -1.338071 9.309322 -8.381506 82.840294 1.317801 -1.165914 -2.457242 174.830185 -176.476654 -176.581573 34.787094 47.386379 2.743106 0.000005 0.000003 10.363545 180.000000 -179.999985 -173.097885 0.000000 -0.000000 0.000000 15.000002 -0.000000 29.208982 0.000001 0.000001 23.898266 180.000000 180.000000 -163.271225 0.000000 -0.000000 0.000000 180.000000 180.000000 -147.450500 180.000000 179.999985 -147.450500 180.000000 180.000000 -158.322037 0.000000 -0.000000 0.000000 170.000000 -179.999985 -150.607544 0.000001 0.000002 29.392473 180.000000 180.000000 -160.424622 0.000000 -0.000000 0.000000 160.000000 -180.000000 -163.973969 180.000000 179.999985 -155.960938 0.000003 -0.000000 16.010040 173.963623 -178.683746 176.025833 169.086380 -173.907852 99.819664 179.407166 -178.998520 -177.891663 7.217019 -4.776044 -7.930118 140.940598 126.776016 165.802078 0.000001 0.000004 -13.126366 180.000000 179.999985 171.257843 0.000000 -0.000000 0.000000 165.000015 180.000000 158.001419 0.000000 -0.000003 -17.998857 0.000000 -0.000001 -12.599192 0.000000 -0.000000 0.000000 180.000000 180.000000 153.212265 0.000000 0.000000 -26.787718 0.000000 0.000001 -17.840630 0.000000 -0.000000 0.000000 9.999997 -0.000001 -26.567194 0.000000 0.000000 -26.567219 180.000000 180.000000 162.306229 0.000000 -0.000000 0.000000 20.000000 -0.000001 -23.833845 0.000006 -0.000003 -35.750755 180.000000 179.999985 156.189972
-0.485192 97.082771 -1.327600 4.521908 -3.111078 0.583404 178.896683 174.503677 177.605087 175.533478 179.054504 -179.719604 179.679184 -174.557053 -179.758942 2.216176 6.363007 0.496964 176.108170 -179.075302 -179.893875 177.374969 -177.130310 179.105621 0.274178 3.751228 0.493735 0.274137 3.677531 0.810576 1.190148 2.631158 1.132448 180.000000 -177.719559 179.128662 180.000000 -177.339478 179.097549 162.894302 -177.969299 -179.932220 0.023311 2.927234 -1.337749 9.315233 -8.380219 82.846260 1.318626 -1.174607 -2.454350 174.829651 -176.483307 -176.579239 34.766415 47.358459 2.716533 179.999985 -179.999985 -169.635590 0.000007 0.000001 6.902699 0.000000 -0.000000 0.000000 15.000006 0.000000 29.189989 0.000000 -0.000000 23.882719 180.000000 179.999985 -163.282104 0.000000 -0.000000 0.000000 180.000000 180.000000 -147.408157 0.000001 -0.000000 32.591846 0.000002 -0.000001 21.706158 0.000000 -0.000000 0.000000 170.000000 -179.999985 -150.593506 180.000000 -180.000000 -150.593506 180.000000 -180.000000 -160.415283 0.000000 -0.000000 0.000000 160.000015 180.000000 -163.947540 180.000000 -180.000000 -155.921326 0.000001 -0.000002 16.036398 173.952698 -178.692673 176.029358 169.105911 -173.896057 99.828033 179.409088 -179.012039 -177.893433 7.216856 -4.775736 -7.931007 140.931442 126.778641 165.786819 0.000001 0.000007 -13.130167 179.999985 -179.999985 171.255295 0.000000 -0.000000 0.000000 165.000015 -180.000000 157.997742 180.000000 180.000000 161.998154 0.000000 0.000000 -12.601302 0.000000 -0.000000 0.000000 180.000000 180.000000 153.207199 180.000000 180.000000 153.207199 0.000000 0.000000 -17.844000 0.000000 -0.000000 0.000000 9.999995 0.000000 -26.575403 180.000000 -180.000000 153.424606 0.000000 0.000000 -17.699217 0.000000 -0.000000 0.000000 19.999998 0.000005 -23.842163 0.000000 0.000000 -35.763229 180.000000 179.999985 156.181686
-0.498105 97.082802 -1.324480 4.509336 -3.109436 0.587523 178.918228 174.507095 177.610474 175.523834 179.053238 -179.718063 179.675873 -174.557098 -179.766479 2.225814 6.362580 0.500471 176.101837 -179.079361 -179.890686 177.383698 -177.124130 179.099396 0.273663 3.755522 0.493641 0.273623 3.681749 0.810429 1.187660 2.634293 1.132199 180.000000 -177.728851 179.135025 180.000000 -177.350311 179.104141 162.874298 -177.978058 -179.930099 0.022476 2.930277 -1.340685 9.313562 -8.375412 82.862099 1.322633 -1.172088 -2.461065 174.829285 -176.487381 -176.575287 34.741707 47.328560 2.687839 0.000001 -0.000004 10.366320 180.000000 179.999985 -173.096024 0.000000 -0.000000 0.000000 15.000009 -0.000001 29.204748 180.000000 -180.000000 -156.105209 0.000001 -0.000000 16.726345 0.000000 -0.000000 0.000000 180.000000 -180.000000 -147.405396 0.000001 -0.000000 32.594624 0.000000 0.000000 21.708017 0.000000 -0.000000 0.000000 170.000000 180.000000 -150.593063 0.000001 -0.000001 29.406933 0.000000 0.000003 19.585024 0.000000 -0.000000 0.000000 160.000015 -180.000000 -163.964569 180.000000 180.000000 -155.946823 180.000000 180.000000 -163.980591 173.945206 -178.697891 176.030853 169.125580 -173.884109 99.835915 179.411652 -179.025757 -177.895187 7.216406 -4.777180 -7.933931 140.922867 126.800156 165.795624 180.000000 -179.999985 166.874588 0.000001 0.000004 -8.741540 0.000000 -0.000000 0.000000 165.000000 -180.000000 157.991913 180.000000 -180.000000 161.993393 180.000000 -180.000000 167.395386 0.000000 -0.000000 0.000000 180.000000 -180.000000 153.201492 180.000000 180.000000 153.201477 0.000000 0.000000 -17.847815 0.000000 -0.000000 0.000000 9.999997 0.000001 -26.576134 0.000001 0.000000 -26.576115 180.000000 180.000000 162.300293 0.000000 -0.000000 0.000000 20.000002 0.000001 -23.846325 0.000002 -0.000001 -35.769493 180.000000 -179.999985 156.177505
-0.511422 97.082710 -1.319959 4.496404 -3.105980 0.588453 178.937668 174.510025 177.616714 175.518692 179.052979 -179.713852 179.671494 -174.556000 -179.773727 2.236520 6.364548 0.507022 176.101028 -179.081421 -179.886978 177.387054 -177.115234 179.090927 0.273286 3.758807 0.494235 0.273246 3.684969 0.811426 1.185709 2.636628 1.133454 180.000000 -177.738953 179.140015 180.000000 -177.362122 179.109314 162.856979 -177.987259 -179.929092 0.021462 2.934390 -1.344040 9.314326 -8.378827 82.870468 1.316451 -1.169655 -2.462315 174.829208 -176.489487 -176.567947 34.718517 47.302711 2.658271 180.000000 179.999985 -169.633636 180.000000 179.999985 -173.095993 0.000000 -0.000000 0.000000 15.000002 0.000001 29.198906 180.000000 -180.000000 -156.109970 180.000000 180.000000 -163.276993 0.000000 -0.000000 0.000000 0.000001 -0.000001 32.580742 180.000000 180.000000 -147.419266 0.000000 0.000000 21.698776 0.000000 -0.000000 0.000000 170.000000 180.000000 -150.605499 180.000000 180.000000 -150.605515 0.000004 0.000000 19.576742 0.000000 -0.000000 0.000000 160.000000 -180.000000 -163.945602 0.000001 0.000003 24.081602 180.000000 -180.000000 -163.961655 173.938522 -178.703537 176.032562 169.139984 -173.872635 99.842102 179.414032 -179.035263 -177.897339 7.216348 -4.777463 -7.936754 140.913666 126.788979 165.773254 0.000002 0.000000 -13.130422 0.000003 0.000004 -8.744853 0.000000 -0.000000 0.000000 165.000015 180.000000 157.987747 180.000000 -179.999985 161.989944 0.000000 -0.000001 -12.607020 0.000000 -0.000000 0.000000 180.000000 -180.000000 153.199402 180.000000 180.000000 153.199432 0.000001 -0.000001 -17.849182 0.000000 -0.000000 0.000000 9.999998 0.000001 -26.579165 0.000001 0.000000 -26.579174 0.000001 0.000002 -17.701723 0.000000 -0.000000 0.000000 19.999994 -0.000001 -23.850378 0.000000 0.000000 -35.775566 180.000000 180.000000 156.173447
-0.525584 97.082558 -1.314100 4.483018 -3.100838 0.586151 178.952301 174.513489 177.625168 175.520142 179.053802 -179.708130 179.665283 -174.554718 -179.781219 2.246126 6.367327 0.517865 176.105972 -179.082245 -179.885971 177.387115 -177.104599 179.081787 0.273098 3.761451 0.495287 0.273059 3.687557 0.813179 1.184574 2.638449 1.135731 180.000000 -177.750153 179.144684 180.000000 -177.375183 179.114136 162.840500 -177.997299 -179.928589 0.021201 2.937875 -1.345210 9.307550 -8.379859 82.883308 1.311969 -1.159235 -2.470243 174.839752 -176.495193 -176.567444 34.685413 47.268002 2.640200 180.000000 -179.999985 -169.621857 0.000004 0.000005 6.911844 0.000000 -0.000000 0.000000 15.000002 -0.000000 29.192327 180.000000 -180.000000 -156.115372 180.000000 180.000000 -163.280762 0.000000 -0.000000 0.000000 180.000000 -180.000000 -147.413132 180.000000 180.000000 -147.413116 180.000000 180.000000 -158.297134 0.000000 -0.000000 0.000000 170.000000 -180.000000 -150.599609 180.000000 -180.000000 -150.599609 180.000000 -180.000000 -160.419342 0.000000 -0.000000 0.000000 160.000015 -180.000000 -163.948700 0.000000 -0.000000 24.076958 0.000005 -0.000001 16.035271 173.931580 -178.709198 176.033783 169.149078 -173.862473 99.849335 179.414719 -179.042023 -177.899445 7.215939 -4.777256 -7.941376 140.898270 126.789787 165.753632 0.000002 -0.000005 -13.133189 180.000000 -179.999985 171.253311 180.000000 180.000000 -180.000000 165.000015 -180.000000 157.986099 180.000000 -180.000000 161.988617 0.000000 0.000000 -12.607959 180.000000 180.000000 -180.000000 180.000000 -180.000000 153.193192 0.000000 0.000001 -26.806824 0.000000 -0.000000 -17.853340 180.000000 180.000000 -180.000000 9.999995 -0.000001 -26.582220 0.000002 0.000000 -26.582237 180.000000 180.000000 162.296234 180.000000 180.000000 -180.000000 20.000000 0.000000 -23.850721 0.000003 -0.000003 -35.776093 180.000000 179.999985 156.173126
-0.539304 97.082329 -1.306680 4.469699 -3.091852 0.582211 178.963425 174.517929 177.633881 175.524231 179.057419 -179.701157 179.659317 -174.553284 -179.788193 2.255286 6.372428 0.527315 176.120560 -179.076981 -179.883408 177.377609 -177.093185 179.070877 0.272392 3.763157 0.496650 0.272354 3.689238 0.815479 1.180974 2.639652 1.138552 180.000000 -177.758240 179.147141 180.000000 -177.384598 179.116684 162.833328 -178.004379 -179.928909 0.025240 2.940362 -1.345580 9.299303 -8.382764 82.896950 1.304941 -1.143376 -2.480450 174.828644 -176.491913 -176.558609 34.782486 47.352222 2.679818 179.999969 179.999985 -169.659790 179.999985 179.999985 -173.113419 180.000000 -180.000000 179.999985 15.000002 0.000002 29.185717 180.000000 -180.000000 -156.120758 180.000000 180.000000 -163.284531 180.000000 -180.000000 179.999985 0.000000 0.000002 32.581650 180.000000 -180.000000 -147.418365 180.000000 180.000000 -158.300644 180.000000 -180.000000 179.999985 170.000000 179.999985 -150.608673 180.000000 -180.000000 -150.608673 180.000000 -180.000000 -160.425400 180.000000 -180.000000 179.999985 160.000015 180.000000 -163.958099 180.000000 179.999985 -155.937180 0.000001 -0.000002 16.025827 173.929749 -178.712631 176.035294 169.154572 -173.852570 99.856461 179.416519 -179.045776 -177.901810 7.217811 -4.770033 -7.945349 140.864471 126.764938 165.710770 180.000000 179.999985 166.865448 0.000006 0.000007 -8.747623 0.000000 -0.000000 0.000000 165.000015 179.999985 157.984482 0.000001 -0.000001 -18.012699 0.000001 -0.000001 -12.608893 0.000000 -0.000000 0.000000 180.000000 180.000000 153.193039 180.000000 180.000000 153.193039 180.000000 180.000000 162.146545 0.000000 -0.000000 0.000000 9.999996 -0.000000 -26.583754 0.000001 -0.000003 -26.583757 180.000000 179.999985 162.295212 0.000000 -0.000000 0.000000 19.999994 0.000000 -23.857416 180.000000 -179.999985 144.213852 0.000001 -0.000003 -23.833570
-0.557052 97.082207 -1.299774 4.460070 -3.081950 0.573407 178.959549 174.524521 177.649094 175.536987 179.056152 -179.696396 179.657471 -174.547516 -179.797455 2.256225 6.365852 0.554142 176.117386 -179.082916 -179.894791 177.391617 -177.081375 179.059738 0.271546 3.764302 0.499499 0.271505 3.690352 0.820260 1.176437 2.640382 1.144543 180.000000 -177.767593 179.148407 0.000001 -2.604474 -0.882009 162.831146 -178.012299 -179.930466 0.026819 2.940950 -1.344584 9.305911 -8.380460 82.895836 1.295147 -1.145244 -2.483945 174.849731 -176.508743 -176.559143 34.683109 47.254253 2.623132 179.999985 179.999985 -169.626846 179.999985 179.999985 -173.091492 180.000000 -180.000000 179.999985 15.000004 0.000003 29.189255 0.000000 -0.000004 23.882135 0.000000 0.000001 16.717478 180.000000 -180.000000 179.999985 0.000000 -0.000001 32.587811 0.000002 -0.000002 32.587814 0.000000 0.000000 21.703480 180.000000 -180.000000 179.999985 170.000000 -179.999985 -150.608307 180.000000 180.000000 -150.608322 0.000000 0.000002 19.574863 180.000000 -180.000000 179.999985 160.000015 -180.000000 -163.962631 180.000000 -179.999985 -155.943909 180.000000 180.000000 -163.978653 173.936966 -178.708359 176.031097 169.132797 -173.855347 99.864639 179.416687 -179.035278 -177.903717 7.214828 -4.769217 -7.948119 140.844513 126.769676 165.686386 180.000000 179.999985 166.861725 0.000000 -0.000002 -8.750084 180.000000 180.000000 -180.000000 165.000000 180.000000 157.974442 0.000002 -0.000001 -18.020895 180.000000 -180.000000 167.385361 180.000000 180.000000 -180.000000 0.000000 0.000000 -26.810623 180.000000 180.000000 153.189362 180.000000 180.000000 162.144104 180.000000 180.000000 -180.000000 10.000001 0.000002 -26.588039 180.000000 180.000000 153.411957 0.000002 -0.000001 -17.707628 180.000000 180.000000 -180.000000 20.000002 -0.000001 -23.846169 180.000000 179.999985 144.230728 180.000000 179.999985 156.177673
-0.576827 97.082092 -1.294159 4.446431 -3.072588 0.563473 178.958145 174.533844 177.666229 175.551620 179.051956 -179.691635 179.655777 -174.542145 -179.806152 2.260627 6.347482 0.587739 176.100555 -179.100204 -179.914383 177.419373 -177.072327 179.052521 0.271525 3.765524 0.502743 0.271484 3.691538 0.825664 1.175699 2.640996 1.151581 180.000000 -177.776733 179.148911 0.000002 -2.593803 -0.881491 162.831375 -178.019913 -179.932465 0.029276 2.939045 -1.345009 9.296063 -8.363091 82.903740 1.298914 -1.138397 -2.494488 174.835663 -176.503815 -176.558853 34.503548 47.076904 2.489998 180.000000 180.000000 -169.582794 180.000000 -179.999985 -173.062149 0.000001 -0.000000 0.000000 15.000002 -0.000000 29.186525 180.000000 179.999985 -156.120132 0.000001 -0.000003 16.715935 0.000001 -0.000000 0.000000 0.000000 -0.000001 32.585945 180.000000 180.000000 -147.414062 0.000002 -0.000000 21.702229 0.000001 -0.000000 0.000000 170.000000 180.000000 -150.608109 0.000003 -0.000003 29.391903 180.000000 179.999985 -160.425003 0.000001 -0.000000 0.000000 160.000000 -179.999985 -163.958862 0.000000 -0.000000 24.061691 180.000000 -179.999985 -163.974899 173.937393 -178.708008 176.027817 169.108643 -173.856934 99.868286 179.414322 -179.016571 -177.901138 7.215007 -4.763658 -7.956161 140.882538 126.797188 165.752548 180.000000 -179.999985 166.872360 0.000003 0.000010 -8.743008 0.000000 -0.000000 0.000000 165.000015 -179.999985 157.984756 180.000000 180.000000 161.987534 0.000001 -0.000001 -12.608719 0.000000 -0.000000 0.000000 180.000000 180.000000 153.187119 180.000000 -180.000000 153.187134 0.000000 0.000000 -17.857359 0.000000 -0.000000 0.000000 9.999996 -0.000000 -26.588041 0.000004 -0.000004 -26.588034 180.000000 180.000000 162.292358 0.000000 -0.000000 0.000000 19.999994 0.000004 -23.865435 0.000004 -0.000002 -35.798161 0.000002 -0.000003 -23.841562
-0.598117 97.082024 -1.290280 4.434568 -3.066236 0.554057 178.957764 174.543716 177.685257 175.564484 179.042480 -179.688690 179.654434 -174.534973 -179.816483 2.262195 6.323501 0.622885 176.071777 -179.126053 -179.934143 177.458542 -177.063446 179.045837 0.271101 3.768162 0.506164 0.271063 3.694116 0.831375 1.173011 2.642677 1.158931 0.000001 -2.214173 -0.851178 0.000001 -2.583199 -0.881578 162.831970 -178.027359 -179.934814 0.022503 2.941741 -1.343799 9.321466 -8.362915 82.891518 1.284448 -1.158438 -2.494283 174.817657 -176.505142 -176.554810 34.670841 47.195156 2.576200 179.999985 179.999985 -169.633987 179.999985 179.999985 -173.096237 0.000001 0.000000 0.000000 15.000002 -0.000000 29.185894 180.000000 180.000000 -156.120636 0.000002 -0.000001 16.715565 0.000001 0.000000 0.000000 180.000000 179.999985 -147.426041 180.000000 180.000000 -147.426025 180.000000 -180.000000 -158.305740 0.000001 0.000000 0.000000 170.000000 -180.000000 -150.607376 180.000000 -179.999985 -150.607376 180.000000 179.999985 -160.424500 0.000001 0.000000 0.000000 160.000015 180.000000 -163.956772 180.000000 -179.999985 -155.935165 180.000000 179.999985 -163.972809 173.937988 -178.708755 176.026947 169.095596 -173.850037 99.868538 179.416397 -179.006317 -177.902832 7.213703 -4.761516 -7.960921 140.866119 126.796791 165.730225 0.000001 0.000005 -13.131058 180.000000 -179.999985 171.254700 0.000000 0.000000 0.000000 165.000000 180.000000 157.977646 180.000000 -180.000000 161.981720 0.000000 0.000000 -12.612803 0.000000 0.000000 0.000000 180.000000 180.000000 153.183624 180.000000 180.000000 153.183640 0.000001 0.000000 -17.859690 0.000000 0.000000 0.000000 10.000002 0.000004 -26.589973 180.000000 -180.000000 153.410034 0.000003 -0.000001 -17.708916 0.000000 0.000000 0.000000 20.000006 0.000006 -23.864197 0.000004 -0.000001 -35.796307 180.000000 -180.000000 156.159683
-0.619797 97.081993 -1.287605 4.423095 -3.064980 0.547397 178.962585 174.551529 177.701721 175.573410 179.029510 -179.685196 179.650314 -174.527496 -179.826584 2.263397 6.301933 0.654515 176.038055 -179.155472 -179.953384 177.504105 -177.054932 179.039871 0.270758 3.773210 0.508952 0.270717 3.699059 0.836021 1.170743 2.646084 1.164969 180.000000 -177.794144 179.149063 0.000001 -2.573498 -0.881339 162.835403 -178.034241 -179.936874 0.014246 2.942055 -1.342149 9.332930 -8.355864 82.882080 1.278229 -1.170648 -2.495228 174.819046 -176.514526 -176.555206 34.498810 47.044735 2.428674 179.999985 179.999985 -169.605499 0.000008 -0.000007 6.922751 0.000000 -0.000000 0.000003 15.000002 -0.000001 29.183825 0.000002 0.000002 23.877676 180.000000 180.000000 -163.285629 0.000000 -0.000000 0.000003 0.000000 0.000000 32.589764 180.000000 -180.000000 -147.410248 180.000000 180.000000 -158.295242 0.000000 -0.000000 0.000003 170.000000 -180.000000 -150.609451 0.000000 -0.000000 29.390553 0.000002 0.000001 19.574114 0.000000 -0.000000 0.000003 160.000000 -180.000000 -163.959534 0.000001 0.000005 24.060713 0.000001 -0.000004 16.024458 173.935883 -178.708374 176.024796 169.079758 -173.846436 99.866615 179.416275 -178.990784 -177.901642 7.211632 -4.760194 -7.967130 140.858124 126.798882 165.723785 0.000005 0.000004 -13.130901 0.000002 -0.000008 -8.745186 0.000001 -0.000000 0.000000 165.000015 -180.000000 157.976791 0.000000 0.000000 -18.018970 180.000000 180.000000 167.386703 0.000001 -0.000000 0.000000 180.000000 180.000000 153.179153 180.000000 180.000000 153.179169 180.000000 180.000000 162.137329 0.000001 -0.000000 0.000000 10.000002 0.000002 -26.596930 0.000002 0.000001 -26.596922 180.000000 179.999985 162.286438 0.000001 -0.000000 0.000000 20.000000 -0.000001 -23.867311 0.000003 0.000003 -35.800938 180.000000 179.999985 156.156570
-0.640923 97.081848 -1.285137 4.409172 -3.066561 0.542649 178.975937 174.557785 177.716660 175.580917 179.014984 -179.682968 179.645035 -174.519547 -179.836655 2.268640 6.281339 0.679439 176.017838 -179.189651 -179.959152 177.534500 -177.043488 179.029968 0.270610 3.779390 0.511664 0.270568 3.705110 0.840528 1.169387 2.650301 1.170906 0.000001 -2.197788 -0.851594 180.000000 -177.435913 179.117996 162.839645 -178.040756 -179.939438 0.006521 2.944004 -1.342051 9.334662 -8.351485 82.875992 1.271628 -1.174761 -2.499405 174.811264 -176.506302 -176.559753 34.445007 46.982384 2.396999 0.000006 -0.000007 10.413531 0.000004 0.000008 6.935392 0.000000 -0.000000 0.000003 15.000000 0.000002 29.183315 180.000000 179.999985 -156.122711 180.000000 180.000000 -163.285919 0.000000 -0.000000 0.000003 180.000000 179.999985 -147.410355 180.000000 180.000000 -147.410355 0.000001 -0.000001 21.704697 0.000000 -0.000000 0.000003 170.000000 179.999985 -150.613159 180.000000 -179.999985 -150.613174 0.000000 -0.000000 19.571642 0.000000 -0.000000 0.000003 160.000000 -180.000000 -163.960724 180.000000 179.999985 -155.941071 0.000000 0.000002 16.023241 173.937241 -178.706390 176.023346 169.065903 -173.844864 99.858475 179.413040 -178.978119 -177.899704 7.209517 -4.757962 -7.971132 140.841278 126.806778 165.709473 180.000000 180.000000 166.868454 0.000002 0.000000 -8.745607 0.000000 0.000000 0.000000 165.000000 -179.999985 157.970764 180.000000 180.000000 161.976089 180.000000 179.999985 167.383286 0.000000 0.000000 0.000000 180.000000 -180.000000 153.175705 180.000000 180.000000 153.175690 0.000001 0.000001 -17.864983 0.000000 0.000000 0.000000 10.000000 0.000001 -26.600393 180.000000 -180.000000 153.399612 0.000002 -0.000001 -17.715864 0.000000 0.000000 0.000000 19.999998 0.000001 -23.873135 180.000000 179.999985 144.190262 180.000000 -180.000000 156.150726
-0.660695 97.081543 -1.281104 4.395322 -3.066713 0.538898 178.995163 174.566483 177.729507 175.584244 179.000183 -179.678650 179.634750 -174.513412 -179.847290 2.278556 6.274521 0.694757 176.011276 -179.211426 -179.954910 177.544998 -177.028656 179.019897 0.270948 3.784117 0.513782 0.270906 3.709738 0.844027 1.170451 2.653437 1.175647 180.000000 -177.810654 179.148560 0.000001 -2.554230 -0.881849 162.840378 -178.047729 -179.941483 179.995956 177.051071 178.660446 9.332628 -8.350969 82.870514 1.262297 -1.179083 -2.503912 174.799042 -176.498505 -176.564484 34.580643 47.077885 2.469477 179.999985 179.999985 -169.626556 179.999985 179.999985 -173.091293 0.000000 -0.000000 0.000000 15.000004 0.000000 29.184525 180.000000 180.000000 -156.121780 180.000000 180.000000 -163.285248 0.000000 -0.000000 0.000000 180.000000 179.999985 -147.412338 180.000000 180.000000 -147.412308 180.000000 -180.000000 -158.296600 0.000000 -0.000000 0.000000 170.000000 180.000000 -150.607483 0.000000 -0.000000 29.392496 180.000000 -179.999985 -160.424606 0.000000 -0.000000 0.000000 160.000015 179.999985 -163.956482 0.000001 -0.000002 24.065290 180.000000 180.000000 -163.972549 173.924911 -178.717285 176.028442 169.068741 -173.829437 99.844681 179.410706 -178.970871 -177.896881 7.209278 -4.750388 -7.977511 140.833618 126.805374 165.705063 0.000003 -0.000008 -13.129943 180.000000 179.999985 171.255478 0.000000 0.000000 0.000000 165.000015 -180.000000 157.970184 180.000000 -180.000000 161.975601 180.000000 180.000000 167.382919 0.000000 0.000000 0.000000 0.000000 0.000001 -26.829359 180.000000 -180.000000 153.170654 0.000000 0.000000 -17.868345 0.000000 0.000000 0.000000 10.000001 -0.000001 -26.602163 180.000000 180.000000 153.397812 0.000000 0.000000 -17.717043 0.000000 0.000000 0.000000 19.999998 0.000003 -23.875372 0.000001 0.000004 -35.813065 180.000000 180.000000 156.148514
-0.679444 97.081131 -1.274437 4.383609 -3.064439 0.535746 179.017319 174.571487 177.744095 175.581863 178.992050 -179.676025 179.624542 -174.509247 -179.858475 2.288457 6.280201 0.703136 176.021210 -179.219315 -179.941711 177.536896 -177.010925 179.004623 0.270155 3.790266 0.516270 0.270115 3.715759 0.848189 1.166124 2.657733 1.180950 0.000000 -2.183105 -0.851730 0.000000 -2.546959 -0.882151 162.846497 -178.052795 -179.943420 179.990051 177.048645 178.659058 9.320215 -8.353108 82.869934 1.257979 -1.168567 -2.510763 174.799042 -176.496902 -176.570282 34.465031 46.967056 2.397408 179.999985 -180.000000 -169.592056 0.000004 0.000007 6.931700 0.000000 -0.000000 0.000003 14.999995 -0.000000 29.185942 180.000000 179.999985 -156.120605 0.000000 -0.000003 16.715597 0.000000 -0.000000 0.000003 180.000000 180.000000 -147.403412 180.000000 180.000000 -147.403381 180.000000 -180.000000 -158.290665 0.000000 -0.000000 0.000003 170.000000 179.999985 -150.607956 0.000002 -0.000000 29.392052 180.000000 -180.000000 -160.424896 0.000000 -0.000000 0.000003 160.000000 -179.999985 -163.961472 0.000000 -0.000000 24.057783 180.000000 179.999985 -163.977509 173.929977 -178.712128 176.025970 169.070572 -173.820953 99.834976 179.410706 -178.975479 -177.899643 7.207055 -4.744252 -7.980714 140.809387 126.813927 165.672180 180.000000 179.999985 166.863480 180.000000 -179.999985 171.251068 0.000000 -0.000000 0.000000 165.000000 180.000000 157.966019 180.000000 180.000000 161.972214 180.000000 180.000000 167.380554 0.000000 -0.000000 0.000000 0.000001 0.000001 -26.831226 180.000000 -180.000000 153.168762 180.000000 180.000000 162.130386 0.000000 -0.000000 0.000000 10.000002 -0.000000 -26.601009 0.000002 0.000000 -26.600990 180.000000 180.000000 162.283737 0.000000 -0.000000 0.000000 19.999998 -0.000002 -23.877880 180.000000 -179.999985 144.183182 180.000000 179.999985 156.145996
-0.697992 97.080566 -1.264867 4.372769 -3.056414 0.531272 179.037201 174.579147 177.760941 175.579651 178.985413 -179.674057 179.615295 -174.503296 -179.870972 2.298818 6.290088 0.710347 176.039215 -179.218231 -179.927185 177.520050 -176.992264 178.990158 0.269332 3.793983 0.519055 0.269289 3.719412 0.852858 1.161652 2.660275 1.186851 0.000000 -2.176874 -0.852069 0.000001 -2.539691 -0.882501 162.853836 -178.057861 -179.945435 179.990402 177.050690 178.655823 9.288565 -8.343036 82.875847 1.253220 -1.154491 -2.518936 174.799240 -176.495697 -176.576202 34.466778 46.952560 2.402261 0.000008 0.000008 10.412371 179.999985 -180.000000 -173.065369 180.000000 -180.000000 -179.999985 14.999997 0.000001 29.194162 180.000000 180.000000 -156.113861 180.000000 -180.000000 -163.279709 180.000000 -180.000000 -179.999985 180.000000 179.999985 -147.396561 180.000000 180.000000 -147.396561 180.000000 -180.000000 -158.286102 180.000000 -180.000000 -179.999985 170.000000 179.999985 -150.608124 180.000000 180.000000 -150.608124 180.000000 -180.000000 -160.425018 180.000000 -180.000000 -179.999985 160.000015 179.999985 -163.961075 180.000000 -179.999985 -155.941681 0.000002 0.000003 16.022854 173.928925 -178.710831 176.024963 169.065186 -173.815674 99.817673 179.405228 -178.964645 -177.891968 7.205401 -4.733274 -7.989601 140.804932 126.808449 165.669403 180.000000 180.000000 166.865097 179.999985 180.000000 171.252151 0.000000 -0.000000 0.000000 165.000015 180.000000 157.964249 180.000000 -180.000000 161.970718 0.000001 -0.000002 -12.620483 0.000000 -0.000000 0.000000 180.000000 180.000000 153.166138 0.000000 0.000001 -26.833862 180.000000 180.000000 162.128647 0.000000 -0.000000 0.000000 9.999997 0.000003 -26.602489 180.000000 -180.000000 153.397522 0.000002 0.000000 -17.717245 0.000000 -0.000000 0.000000 20.000004 -0.000002 -23.890720 0.000001 -0.000002 -35.836105 0.000002 -0.000003 -23.866833
-0.717661 97.079987 -1.253372 4.363036 -3.042564 0.524428 179.053314 174.588669 177.782028 175.577805 178.983261 -179.671494 179.607971 -174.497604 -179.885361 2.306783 6.297495 0.720956 176.056229 -179.214859 -179.912704 177.505325 -176.971771 178.972382 0.268242 3.796002 0.522339 0.268199 3.721385 0.858373 1.155867 2.661618 1.193740 180.000000 -177.829193 179.148331 0.000001 -2.532609 -0.882085 162.861862 -178.062912 -179.946991 179.991699 177.052780 178.653030 9.268281 -8.339060 82.877220 1.241327 -1.150170 -2.524368 174.798309 -176.496002 -176.581558 34.482658 46.939743 2.419102 180.000000 -179.999985 -169.583618 0.000002 0.000008 6.937305 0.000000 -0.000000 0.000000 15.000002 0.000003 29.207203 0.000001 0.000002 23.896814 0.000002 -0.000000 16.727781 0.000000 -0.000000 0.000000 180.000000 179.999985 -147.385834 180.000000 180.000000 -147.385818 180.000000 180.000000 -158.278946 0.000000 -0.000000 0.000000 170.000000 -179.999985 -150.587585 180.000000 180.000000 -150.587585 0.000003 -0.000001 19.588675 0.000000 -0.000000 0.000000 160.000000 -179.999985 -163.960175 0.000001 0.000003 24.059742 0.000001 -0.000004 16.023785 173.928757 -178.708267 176.024780 169.065277 -173.805588 99.800438 179.405289 -178.964951 -177.891495 7.202774 -4.726377 -7.994344 140.792664 126.810959 165.657837 180.000000 -179.999985 166.864624 0.000007 -0.000008 -8.748169 0.000000 -0.000000 0.000000 165.000000 179.999985 157.965744 0.000000 0.000000 -18.028038 180.000000 179.999985 167.380386 0.000000 -0.000000 0.000000 0.000000 -0.000001 -26.837856 0.000000 0.000000 -26.837852 0.000000 0.000000 -17.874016 0.000000 -0.000000 0.000000 10.000002 -0.000001 -26.604832 0.000000 0.000000 -26.604820 0.000000 0.000000 -17.718801 0.000000 -0.000000 0.000000 20.000002 -0.000004 -23.870247 180.000000 179.999985 144.194641 180.000000 180.000000 156.153625
-0.739198 97.079445 -1.241217 4.354910 -3.024473 0.514965 179.064804 174.601028 177.807785 175.575027 178.986237 -179.677231 179.602661 -174.495651 -179.893402 2.310655 6.300381 0.739993 176.057297 -179.208282 -179.909760 177.509689 -176.954056 178.958893 0.267046 3.797423 0.525987 0.267003 3.722772 0.864503 1.149533 2.662517 1.201383 0.000001 -2.165038 -0.849917 180.000000 -177.474121 179.119736 162.869064 -178.067947 -179.947662 179.991348 177.059402 178.651016 9.252762 -8.331216 82.876976 1.231937 -1.147626 -2.526927 174.807083 -176.509964 -176.581329 34.478539 46.915268 2.414968 180.000000 179.999985 -169.579315 180.000000 -179.999985 -173.059830 0.000000 -0.000000 0.000000 14.999999 -0.000000 29.196764 180.000000 180.000000 -156.111740 180.000000 180.000000 -163.278229 0.000000 -0.000000 0.000000 180.000000 180.000000 -147.376907 180.000000 180.000000 -147.376892 0.000001 0.000000 21.726994 0.000000 -0.000000 0.000000 170.000000 179.999985 -150.589157 180.000000 179.999985 -150.589142 0.000003 -0.000002 19.587631 0.000000 -0.000000 0.000000 160.000000 -180.000000 -163.961578 0.000001 0.000003 24.057642 0.000001 -0.000002 16.022381 173.929504 -178.703018 176.023682 169.060699 -173.795807 99.785049 179.407288 -178.962082 -177.891953 7.197990 -4.720795 -7.999242 140.792419 126.817253 165.663635 180.000000 179.999985 166.866577 0.000008 0.000009 -8.746852 0.000000 -0.000000 0.000000 165.000015 180.000000 157.945541 180.000000 179.999985 161.955444 0.000000 -0.000001 -12.631188 0.000000 -0.000000 0.000000 0.000001 -0.000000 -26.836376 0.000001 -0.000000 -26.836386 0.000000 0.000000 -17.873045 0.000000 -0.000000 0.000000 10.000000 -0.000001 -26.605928 180.000000 180.000000 153.394073 180.000000 -180.000000 162.280441 0.000000 -0.000000 0.000000 19.999996 -0.000003 -23.883425 180.000000 -179.999985 144.174850 0.000002 -0.000003 -23.859547
-0.763828 97.079033 -1.230231 4.346928 -3.005255 0.504483 179.074631 174.615524 177.836380 175.577209 178.980118 -179.672928 179.597382 -174.484543 -179.912552 2.308447 6.288392 0.767968 176.046494 -179.214554 -179.914261 177.533051 -176.937820 178.943878 0.265571 3.799360 0.529667 0.265529 3.724664 0.870697 1.141879 2.663815 1.209038 180.000000 -177.840500 179.152298 180.000000 -177.480591 179.122025 162.877548 -178.072891 -179.948044 179.992249 177.067749 178.648087 9.245647 -8.329790 82.874390 1.216323 -1.150506 -2.526483 174.806931 -176.519012 -176.578827 34.493328 46.898659 2.424365 180.000000 179.999985 -169.577866 0.000002 0.000010 6.941153 0.000000 -0.000000 0.000000 15.000004 -0.000002 29.218142 180.000000 180.000000 -156.094254 180.000000 180.000000 -163.265991 0.000000 -0.000000 0.000000 180.000000 -180.000000 -147.369476 0.000001 0.000000 32.630558 0.000000 0.000000 21.731941 0.000000 -0.000000 0.000000 170.000000 -179.999985 -150.591904 0.000002 0.000000 29.408100 180.000000 -180.000000 -160.414215 0.000000 -0.000000 0.000000 160.000000 180.000000 -163.964157 0.000006 -0.000005 24.053780 0.000000 0.000003 16.019815 173.932816 -178.694092 176.021698 169.048920 -173.788635 99.772545 179.407822 -178.951874 -177.894455 7.194174 -4.713140 -8.001391 140.796310 126.818115 165.673401 180.000000 -179.999985 166.869492 180.000000 -179.999985 171.255081 0.000000 -0.000000 0.000000 165.000015 179.999985 157.945633 0.000002 -0.000001 -18.044493 180.000000 180.000000 167.368866 0.000000 -0.000000 0.000000 0.000000 -0.000001 -26.830563 0.000001 0.000000 -26.830580 180.000000 180.000000 162.130844 0.000000 -0.000000 0.000000 10.000003 -0.000003 -26.604136 180.000000 -180.000000 153.395859 0.000001 -0.000002 -17.718355 0.000000 -0.000000 0.000000 20.000000 -0.000000 -23.878151 0.000001 -0.000002 -35.817234 180.000000 180.000000 156.145721
-0.791146 97.078766 -1.221443 4.339080 -2.986523 0.495537 179.084946 174.633682 177.863785 175.575867 178.971664 -179.673981 179.593384 -174.473801 -179.926361 2.302243 6.263742 0.800329 176.024200 -179.232254 -179.924683 177.572021 -176.924988 178.931244 0.264676 3.800546 0.532658 0.264634 3.725827 0.875720 1.137087 2.664557 1.215326 180.000000 -177.848114 179.155762 180.000000 -177.489471 179.125610 162.880035 -178.079773 -179.947998 179.987457 177.073914 178.646942 9.250673 -8.324908 82.871307 1.202904 -1.162605 -2.526147 174.814285 -176.533005 -176.572922 34.477135 46.864700 2.410648 0.000002 0.000002 10.428627 180.000000 -179.999985 -173.054535 0.000000 -0.000000 0.000003 14.999999 0.000002 29.227480 0.000000 -0.000002 23.913418 0.000001 0.000001 16.739388 0.000000 -0.000000 0.000003 180.000000 180.000000 -147.364258 0.000001 0.000001 32.635769 0.000000 -0.000000 21.735416 0.000000 -0.000000 0.000003 170.000000 179.999985 -150.604919 180.000000 180.000000 -150.604919 0.000002 0.000001 19.577131 0.000000 -0.000000 0.000003 160.000015 -180.000000 -163.970444 0.000000 -0.000000 24.044357 0.000000 -0.000000 16.013548 173.925873 -178.694565 176.022110 169.034348 -173.777435 99.760010 179.406723 -178.934464 -177.895554 7.189380 -4.716858 -7.998807 140.786896 126.810333 165.666351 180.000000 179.999985 166.871704 180.000000 -179.999985 171.256561 0.000000 -0.000000 0.000000 165.000015 -180.000000 157.949020 0.000000 -0.000001 -18.041708 0.000000 0.000000 -12.629188 0.000000 -0.000000 0.000000 0.000000 0.000001 -26.826998 180.000000 -180.000000 153.173004 180.000000 180.000000 162.133209 0.000000 -0.000000 0.000000 10.000000 0.000000 -26.598642 180.000000 -180.000000 153.401352 180.000000 -180.000000 162.285294 0.000000 -0.000000 0.000000 20.000000 -0.000001 -23.876537 0.000004 -0.000001 -35.814819 180.000000 180.000000 156.147339
-0.820691 97.078667 -1.214790 4.329029 -2.970357 0.487839 179.104156 174.652023 177.890579 175.576462 178.958832 -179.669662 179.581940 -174.462936 -179.944992 2.295572 6.231626 0.835912 176.000259 -179.258667 -179.938065 177.615555 -176.913483 178.917770 0.264091 3.803417 0.535174 0.264049 3.728634 0.879930 1.133793 2.666495 1.220682 180.000000 -177.856232 179.160675 180.000000 -177.498947 179.130692 162.881271 -178.087296 -179.947205 179.983002 177.080093 178.645981 9.259766 -8.320504 82.868378 1.198691 -1.170820 -2.525392 174.814682 -176.538895 -176.565460 34.510818 46.896564 2.404466 180.000000 179.999985 -169.594971 0.000004 0.000001 6.929748 0.000000 -0.000000 0.000000 15.000006 -0.000002 29.216473 180.000000 180.000000 -156.095642 180.000000 -180.000000 -163.266937 0.000000 -0.000000 0.000000 0.000000 -0.000001 32.627090 0.000002 -0.000001 32.627079 0.000000 0.000001 21.729637 0.000000 -0.000000 0.000000 170.000000 180.000000 -150.580719 0.000002 0.000000 29.419291 0.000000 -0.000000 19.593235 0.000000 -0.000000 0.000000 160.000000 -180.000000 -163.985687 0.000000 0.000002 24.021482 180.000000 179.999985 -164.001694 173.929443 -178.684738 176.019745 169.008240 -173.774277 99.752144 179.407547 -178.919708 -177.900299 7.184611 -4.716924 -7.993660 140.774414 126.805206 165.648987 180.000000 179.999985 166.869736 180.000000 179.999985 171.255249 0.000000 -0.000000 0.000000 165.000000 -180.000000 157.953064 0.000000 0.000001 -18.038368 180.000000 -180.000000 167.373123 0.000000 -0.000000 0.000000 180.000000 -180.000000 153.172623 180.000000 180.000000 153.172623 0.000000 0.000000 -17.867037 0.000000 -0.000000 0.000000 10.000003 0.000001 -26.600201 0.000000 0.000002 -26.600193 180.000000 180.000000 162.284256 0.000000 -0.000000 0.000000 20.000002 0.000005 -23.872887 0.000000 0.000000 -35.809315 0.000000 -0.000002 -23.849012
-0.851329 97.078568 -1.209340 4.317628 -2.956952 0.482656 179.130981 174.669724 177.914734 175.575638 178.943619 -179.665237 179.565338 -174.450974 -179.962967 2.288993 6.198479 0.867754 175.984741 -179.288849 -179.948471 177.650833 -176.902725 178.905792 0.263650 3.807311 0.537013 0.263609 3.732450 0.883003 1.131284 2.669187 1.224624 180.000000 -177.865570 179.166336 180.000000 -177.509827 179.136566 162.879776 -178.095963 -179.946182 179.979507 177.084503 178.643417 9.270727 -8.314897 82.869492 1.197984 -1.178341 -2.526903 174.817108 -176.538910 -176.558472 34.475807 46.851013 2.395454 0.000004 0.000001 10.424163 180.000000 179.999985 -173.057510 0.000000 -0.000000 0.000000 15.000002 0.000001 29.223057 180.000000 -179.999985 -156.090210 180.000000 180.000000 -163.263153 0.000000 -0.000000 0.000000 180.000000 180.000000 -147.384888 180.000000 -180.000000 -147.384903 180.000000 180.000000 -158.278336 0.000000 -0.000000 0.000000 170.000000 179.999985 -150.577606 180.000000 180.000000 -150.577606 0.000000 -0.000000 19.595329 0.000000 -0.000000 0.000000 160.000015 180.000000 -163.949341 0.000004 0.000003 24.075985 180.000000 -180.000000 -163.965393 173.927246 -178.683548 176.016373 168.983292 -173.765167 99.746292 179.405838 -178.900986 -177.898956 7.180693 -4.715752 -7.991756 140.808289 126.823639 165.700668 0.000010 0.000005 -13.123382 180.000000 -179.999985 171.259827 0.000000 -0.000000 0.000000 165.000015 -180.000000 157.951385 180.000000 180.000000 161.960236 180.000000 -180.000000 167.372177 0.000000 -0.000000 0.000000 180.000000 180.000000 153.168457 180.000000 180.000000 153.168472 180.000000 180.000000 162.130188 0.000000 -0.000000 0.000000 10.000001 0.000001 -26.598885 180.000000 180.000000 153.401123 180.000000 180.000000 162.285141 0.000000 -0.000000 0.000000 20.000002 -0.000001 -23.875072 0.000001 -0.000003 -35.812630 180.000000 179.999985 156.148788
-0.882708 97.078613 -1.206096 4.303874 -2.944805 0.479997 179.159424 174.691010 177.932022 175.578262 178.923050 -179.656570 179.545517 -174.439606 -179.980774 2.281790 6.161183 0.897857 175.977097 -179.324585 -179.959198 177.681366 -176.892944 178.893158 0.263528 3.811374 0.537968 0.263486 3.736438 0.884588 1.130421 2.672023 1.226728 0.000000 -2.125412 -0.827850 0.000002 -2.479646 -0.857417 162.877014 -178.104416 -179.944946 179.981094 177.085785 178.642853 9.278300 -8.305248 82.870399 1.202586 -1.184540 -2.528804 174.816589 -176.531784 -176.548599 34.470448 46.822113 2.391621 0.000007 0.000004 10.429988 180.000000 179.999985 -173.053635 0.000000 -0.000000 0.000000 15.000010 -0.000001 29.232592 0.000001 -0.000003 23.917564 0.000002 -0.000001 16.742304 0.000000 -0.000000 0.000000 0.000001 -0.000000 32.649204 180.000000 -180.000000 -147.350800 0.000004 0.000000 21.744381 0.000000 -0.000000 0.000000 170.000000 -179.999985 -150.563950 0.000004 0.000001 29.436066 0.000002 -0.000006 19.604397 0.000000 -0.000000 0.000000 160.000000 -179.999985 -163.945007 0.000003 -0.000001 24.082453 0.000001 -0.000004 16.038919 173.922455 -178.687531 176.012558 168.956711 -173.752670 99.743729 179.402924 -178.882965 -177.897186 7.178110 -4.722437 -7.986553 140.750366 126.803619 165.621124 0.000002 -0.000005 -13.132691 180.000000 179.999985 171.253632 0.000000 0.000000 -0.000003 165.000015 -180.000000 157.940552 0.000001 0.000000 -18.048611 0.000001 0.000002 -12.634019 0.000000 0.000000 -0.000003 180.000000 180.000000 153.163040 180.000000 180.000000 153.163055 0.000002 0.000001 -17.873381 0.000000 0.000000 -0.000003 9.999996 0.000004 -26.614552 0.000001 -0.000003 -26.614500 180.000000 180.000000 162.274719 0.000000 0.000000 -0.000003 19.999969 0.000005 -23.868946 179.999985 179.999985 144.196503 180.000000 179.999985 156.154907
-0.912461 97.078270 -1.198951 4.290284 -2.938251 0.482054 179.199448 174.698303 177.948975 175.575485 178.912933 -179.645767 179.519623 -174.430237 179.996216 2.282714 6.144974 0.909746 175.984573 -179.346649 -179.955383 177.687363 -176.881577 178.882156 0.263142 3.817799 0.537928 0.263101 3.742741 0.884518 1.128463 2.676659 1.226655 0.000006 -2.119780 -0.822751 0.000007 -2.473068 -0.852135 162.878616 -178.109909 -179.943390 179.983170 177.090179 178.639954 9.286079 -8.293312 82.877640 1.208681 -1.191329 -2.532061 174.832184 -176.535645 -176.557831 34.490440 46.892422 2.368777 179.999985 -180.000000 -169.603317 179.999985 -179.999985 -173.075821 0.000000 -0.000000 0.000000 14.999999 0.000005 29.201685 180.000000 -180.000000 -156.107712 180.000000 -180.000000 -163.275421 0.000000 -0.000000 0.000000 0.000003 -0.000008 32.649918 0.000007 -0.000002 32.649952 0.000005 0.000001 21.744860 0.000000 -0.000000 0.000000 170.000000 179.999985 -150.595627 180.000000 180.000000 -150.595642 180.000000 179.999985 -160.416702 0.000000 -0.000000 0.000000 160.000015 -179.999985 -163.943481 0.000007 -0.000007 24.084791 0.000009 -0.000007 16.040464 173.926941 -178.679581 176.016159 168.925369 -173.749924 99.727242 179.402985 -178.873154 -177.886917 7.175572 -4.716404 -7.991921 140.748428 126.805222 165.620789 180.000000 -179.999985 166.867767 180.000000 179.999985 171.253952 0.000000 -0.000000 0.000000 165.000000 179.999985 157.938187 0.000001 -0.000002 -18.050571 180.000000 180.000000 167.364624 0.000000 -0.000000 0.000000 180.000000 180.000000 153.160233 0.000001 0.000001 -26.839771 0.000000 0.000000 -17.875280 0.000000 -0.000000 0.000000 10.000004 -0.000000 -26.611280 180.000000 180.000000 153.388733 180.000000 180.000000 162.276886 0.000000 -0.000000 0.000000 20.000011 -0.000005 -23.906916 0.000006 -0.000009 -35.860367 0.000001 -0.000003 -23.883017
-0.941017 97.077637 -1.188995 4.275622 -2.935444 0.486469 179.237885 174.695160 177.963181 175.565033 178.913132 -179.638763 179.501724 -174.420135 179.977829 2.288885 6.142312 0.911685 175.993759 -179.359406 -179.942535 177.687180 -176.868805 178.872345 0.262982 3.825678 0.537288 0.262937 3.750471 0.883434 1.127635 2.682331 1.225358 0.000003 -2.098285 -0.813373 0.000002 -2.448002 -0.842424 162.869537 -178.129242 -179.943008 179.983643 177.095703 178.637695 9.292150 -8.278461 82.892242 1.217983 -1.195534 -2.540784 174.833206 -176.525299 -176.541245 34.501087 46.827663 2.396444 0.000006 -0.000004 10.418166 0.000007 0.000006 6.938503 0.000000 -0.000000 0.000000 15.000008 -0.000002 29.248280 0.000004 -0.000000 23.930414 0.000003 -0.000000 16.751289 0.000000 -0.000000 0.000000 0.000003 -0.000003 32.632992 0.000003 -0.000001 32.632973 0.000002 0.000001 21.733576 0.000000 -0.000000 0.000000 170.000000 179.999985 -150.562698 0.000000 0.000002 29.437275 180.000000 -179.999985 -160.394760 0.000000 -0.000000 0.000000 160.000000 -180.000000 -163.996796 179.999985 179.999985 -155.995224 179.999985 -180.000000 -164.012817 173.918686 -178.686050 176.019562 168.908768 -173.731842 99.709915 179.405777 -178.866898 -177.872437 7.174611 -4.719668 -7.998876 140.753723 126.812035 165.610809 180.000000 179.999985 166.859116 0.000006 -0.000006 -8.751840 180.000000 -180.000000 179.999985 165.000015 -179.999985 157.926285 0.000001 -0.000001 -18.060293 0.000001 -0.000002 -12.642218 180.000000 -180.000000 179.999985 180.000000 -180.000000 153.160675 180.000000 180.000000 153.160675 180.000000 180.000000 162.125015 180.000000 -180.000000 179.999985 9.999997 0.000002 -26.615660 180.000000 180.000000 153.384338 0.000001 0.000000 -17.726009 180.000000 -180.000000 179.999985 19.999992 0.000008 -23.872648 179.999985 179.999985 144.191010 180.000000 179.999985 156.151215
-0.968181 97.076859 -1.176366 4.261569 -2.934681 0.493069 179.267273 174.686142 177.974014 175.557922 178.920959 -179.641205 179.490051 -174.416245 179.968582 2.297732 6.149972 0.908923 175.995132 -179.364258 -179.926956 177.693878 -176.856354 178.863190 0.262782 3.834924 0.536256 0.262738 3.759546 0.881693 1.126671 2.689015 1.223225 0.000000 -2.073058 -0.803212 0.000001 -2.418574 -0.831900 162.861832 -178.151764 -179.943161 179.982361 177.106918 178.634338 9.298210 -8.262427 82.911476 1.228686 -1.203960 -2.549849 174.837646 -176.529221 -176.532089 34.492271 46.779522 2.401120 0.000004 0.000006 10.433389 0.000003 -0.000002 6.948638 0.000000 -0.000000 0.000003 15.000004 -0.000001 29.233326 0.000003 -0.000002 23.918190 0.000001 0.000002 16.742722 0.000000 -0.000000 0.000003 179.999985 179.999985 -147.442703 179.999985 179.999985 -147.442688 179.999985 -179.999985 -158.316833 0.000000 -0.000000 0.000003 170.000000 180.000000 -150.552155 0.000002 -0.000000 29.447821 0.000000 -0.000000 19.612242 0.000000 -0.000000 0.000003 160.000015 179.999985 -163.936829 0.000007 -0.000001 24.094767 0.000010 0.000000 16.047115 173.919159 -178.678833 176.024643 168.885010 -173.723724 99.689285 179.409775 -178.856720 -177.862717 7.173769 -4.719435 -8.003410 140.747925 126.811188 165.612061 179.999985 179.999985 166.862610 0.000002 -0.000005 -8.749500 0.000000 0.000000 -0.000003 165.000000 179.999985 157.957352 180.000000 179.999985 161.965103 180.000000 179.999985 167.375580 0.000000 0.000000 -0.000003 179.999985 179.999985 153.171051 180.000000 179.999985 153.171036 180.000000 179.999985 162.131912 0.000000 0.000000 -0.000003 10.000001 0.000000 -26.613050 180.000000 179.999985 153.386932 180.000000 179.999985 162.275696 0.000000 0.000000 -0.000003 20.000004 0.000002 -23.902065 180.000000 179.999985 144.146942 0.000003 0.000002 -23.878139
-0.995414 97.075897 -1.161524 4.248838 -2.935497 0.498560 179.300827 174.669495 177.994431 175.542511 178.934265 -179.643478 179.480316 -174.410294 179.953476 2.306584 6.161165 0.907787 175.987625 -179.367050 -179.910751 177.706848 -176.843735 178.853668 0.262571 3.845430 0.535937 0.262529 3.769849 0.881139 1.125488 2.696532 1.222655 180.000000 -177.956070 179.208633 180.000000 -177.615417 179.180374 162.850479 -178.177826 -179.943192 179.979507 177.121216 178.624390 9.305645 -8.249892 82.935654 1.236635 -1.219378 -2.557910 174.842606 -176.535400 -176.522644 34.531467 46.868389 2.393936 179.999985 -179.999985 -169.603851 180.000000 -180.000000 -173.076157 0.000000 -0.000000 0.000000 14.999995 0.000007 29.174278 179.999985 180.000000 -156.130142 179.999985 -179.999985 -163.291092 0.000000 -0.000000 0.000000 0.000001 -0.000001 32.662495 0.000002 -0.000001 32.662502 180.000000 -180.000000 -158.246780 0.000000 -0.000000 0.000000 170.000000 -179.999985 -150.547470 180.000000 -180.000000 -150.547470 0.000002 0.000001 19.615398 0.000000 -0.000000 0.000000 160.000000 179.999985 -163.995285 179.999985 179.999985 -155.992950 179.999985 180.000000 -164.011292 173.920395 -178.668503 176.026505 168.861237 -173.717621 99.667633 179.414001 -178.844696 -177.854584 7.171867 -4.716990 -8.005590 140.767899 126.816696 165.629639 180.000000 179.999985 166.861130 0.000000 0.000000 -8.750494 0.000000 -0.000000 0.000000 165.000015 179.999985 157.937637 180.000000 180.000000 161.948944 180.000000 -180.000000 167.364273 0.000000 -0.000000 0.000000 180.000000 -180.000000 153.138733 180.000000 179.999985 153.138733 180.000000 180.000000 162.110382 0.000000 -0.000000 0.000000 9.999999 0.000000 -26.619101 180.000000 180.000000 153.380890 180.000000 180.000000 162.271683 0.000000 -0.000000 0.000000 19.999985 0.000003 -23.907198 180.000000 179.999985 144.139130 180.000000 179.999985 156.116699
-1.022537 97.075012 -1.145771 4.236829 -2.934506 0.504537 179.319275 174.654984 178.006592 175.535400 178.944977 -179.635590 179.479141 -174.401215 179.932205 2.313916 6.170214 0.906974 175.973343 -179.371613 -179.896027 177.728210 -176.829895 178.845016 0.262272 3.856123 0.535988 0.262229 3.780346 0.881204 1.123813 2.704183 1.222864 180.000000 -177.989426 179.221802 180.000000 -177.654327 179.194000 162.836060 -178.207565 -179.943436 179.975510 177.139862 178.613556 9.314966 -8.237693 82.957809 1.238445 -1.245585 -2.557089 174.853424 -176.547699 -176.526611 34.494526 46.787079 2.372392 180.000000 179.999985 -169.583420 180.000000 179.999985 -173.062546 0.000000 -0.000000 0.000003 15.000010 -0.000003 29.255619 0.000006 0.000000 23.936409 0.000005 -0.000002 16.755486 0.000000 -0.000000 0.000003 0.000004 -0.000003 32.674889 0.000004 0.000001 32.674881 0.000003 0.000002 21.761465 0.000000 -0.000000 0.000003 170.000000 180.000000 -150.555984 0.000003 -0.000001 29.444000 0.000001 0.000003 19.609707 0.000000 -0.000000 0.000003 160.000015 180.000000 -163.919525 0.000003 -0.000004 24.120714 0.000007 0.000001 16.064400 173.922958 -178.655411 176.024323 168.838379 -173.709198 99.647408 179.420746 -178.829987 -177.848373 7.168445 -4.702536 -8.009582 140.722198 126.807678 165.569611 0.000002 -0.000007 -13.146033 180.000000 179.999985 171.244736 0.000000 -0.000000 0.000000 165.000000 179.999985 157.939819 180.000000 179.999985 161.950760 0.000000 0.000000 -12.634457 0.000000 -0.000000 0.000000 180.000000 180.000000 153.131729 180.000000 179.999985 153.131729 0.000001 0.000002 -17.894270 0.000000 -0.000000 0.000000 9.999998 0.000001 -26.621597 180.000000 -180.000000 153.378403 180.000000 180.000000 162.270004 0.000000 -0.000000 0.000000 19.999998 -0.000006 -23.913809 180.000000 179.999985 144.129257 0.000000 0.000004 -23.889910
-1.049828 97.074249 -1.130457 4.225593 -2.934973 0.509308 179.330704 174.641220 178.018814 175.537155 178.956345 -179.637436 179.473328 -174.393982 179.925110 2.316281 6.179201 0.908908 175.955734 -179.378204 -179.881424 177.757050 -176.815033 178.835724 0.261888 3.867937 0.535751 0.261846 3.791931 0.880790 1.121775 2.712656 1.222449 180.000000 -178.032623 179.239960 180.000000 -177.704727 179.212814 162.815903 -178.246307 -179.943069 179.973389 177.155426 178.603210 9.323290 -8.231713 82.979195 1.249123 -1.265282 -2.562702 174.846130 -176.542114 -176.511169 34.467869 46.778217 2.335169 0.000000 0.000005 10.411046 180.000000 179.999985 -173.066238 0.000001 0.000000 0.000000 15.000008 -0.000002 29.221367 0.000000 -0.000000 23.908382 180.000000 180.000000 -163.264160 0.000001 0.000000 0.000000 180.000000 180.000000 -147.358551 180.000000 180.000000 -147.358582 180.000000 180.000000 -158.260803 0.000001 0.000000 0.000000 170.000000 -180.000000 -150.567200 180.000000 -179.999985 -150.567215 0.000002 0.000001 19.602238 0.000001 0.000000 0.000000 160.000000 -179.999985 -163.928818 0.000004 0.000003 24.106821 0.000007 -0.000001 16.055130 173.921249 -178.647110 176.018463 168.820755 -173.694550 99.633446 179.427765 -178.815857 -177.844864 7.164570 -4.705925 -8.000175 140.873276 126.849342 165.781403 179.999985 -179.999985 166.882202 179.999985 -179.999985 171.263565 0.000000 -0.000000 0.000000 165.000015 180.000000 157.922638 180.000000 -180.000000 161.936707 180.000000 180.000000 167.355698 0.000000 -0.000000 0.000000 180.000000 -180.000000 153.113541 0.000000 0.000001 -26.886463 180.000000 180.000000 162.093613 0.000000 -0.000000 0.000000 9.999999 0.000001 -26.635847 180.000000 -179.999985 153.364166 180.000000 179.999985 162.260529 0.000000 -0.000000 0.000000 20.000000 -0.000000 -23.927265 0.000001 -0.000003 -35.890884 180.000000 179.999985 156.096680
-1.077575 97.073593 -1.115586 4.215599 -2.932688 0.516285 179.337296 174.632568 178.028229 175.532578 178.962936 -179.632462 179.478699 -174.384445 179.914276 2.314617 6.182876 0.911124 175.938828 -179.389450 -179.869690 177.787888 -176.799576 178.826797 0.260948 3.878714 0.535170 0.260906 3.802511 0.879832 1.117213 2.720506 1.221141 180.000000 -178.070633 179.256729 180.000000 -177.749069 179.230194 162.800827 -178.280533 -179.942398 179.974777 177.170609 178.589539 9.327241 -8.229138 83.000519 1.250163 -1.286721 -2.554856 174.845718 -176.553864 -176.518661 34.450111 46.752274 2.338685 180.000000 -179.999985 -169.574646 0.000003 -0.000004 6.943293 0.000000 -0.000000 0.000000 14.999995 0.000006 29.230202 180.000000 179.999985 -156.084381 180.000000 180.000000 -163.259064 0.000000 -0.000000 0.000000 0.000001 -0.000003 32.664543 0.000004 -0.000001 32.664558 0.000004 0.000001 21.754593 0.000000 -0.000000 0.000000 170.000000 179.999985 -150.563278 0.000000 -0.000000 29.436691 0.000000 0.000002 19.604843 0.000000 -0.000000 0.000000 160.000015 179.999985 -163.952225 0.000002 0.000001 24.071672 0.000000 0.000002 16.031738 173.920120 -178.640045 176.010590 168.806229 -173.678314 99.621880 179.431412 -178.804642 -177.844482 7.158955 -4.688894 -8.000327 140.627716 126.790192 165.461868 180.000000 -179.999985 166.847275 0.000003 0.000000 -8.759705 0.000000 0.000000 0.000000 165.000015 179.999985 157.910599 180.000000 179.999985 161.926819 180.000000 -180.000000 167.348785 0.000000 0.000000 0.000000 0.000003 -0.000001 -26.891607 0.000002 -0.000001 -26.891638 0.000002 -0.000002 -17.909821 0.000000 0.000000 0.000000 10.000000 -0.000006 -26.640381 0.000000 -0.000002 -26.640402 0.000001 0.000000 -17.742512 0.000000 0.000000 0.000000 19.999998 0.000000 -23.930490 0.000005 -0.000000 -35.895737 180.000000 -180.000000 156.093430
-1.105727 97.073036 -1.101424 4.206706 -2.928874 0.524440 179.337753 174.627853 178.035202 175.543640 178.967468 -179.625931 179.474030 -174.371979 179.908020 2.307702 6.182755 0.911995 175.927948 -179.403244 -179.858612 177.815216 -176.783569 178.819550 0.259780 3.888224 0.534049 0.259738 3.811853 0.877989 1.111730 2.727526 1.218589 179.999985 -178.115921 179.276611 179.999985 -177.801910 179.250778 162.782242 -178.321289 -179.941696 179.977493 177.181931 178.575790 9.322561 -8.231725 83.031342 1.245407 -1.295400 -2.553360 174.847153 -176.557480 -176.524246 34.470360 46.780598 2.329120 179.999985 -179.999985 -169.593506 180.000000 179.999985 -173.069275 0.000000 -0.000000 0.000000 15.000006 -0.000004 29.251898 0.000001 0.000002 23.933346 0.000002 0.000001 16.753353 0.000000 -0.000000 0.000000 0.000002 -0.000002 32.651783 0.000001 -0.000000 32.651779 180.000000 -180.000000 -158.253906 0.000000 -0.000000 0.000000 170.000000 -179.999985 -150.553772 0.000003 -0.000001 29.446234 180.000000 -180.000000 -160.388794 0.000000 -0.000000 0.000000 160.000015 -179.999985 -163.932098 0.000001 -0.000002 24.101877 180.000000 -180.000000 -163.948166 173.916321 -178.633896 176.003357 168.793793 -173.661926 99.610672 179.434799 -178.796494 -177.843918 7.154765 -4.675001 -8.001177 140.592957 126.781601 165.424866 0.000010 -0.000001 -13.153457 0.000009 -0.000001 -8.760219 180.000000 -180.000000 179.999985 165.000015 -180.000000 157.901443 0.000000 0.000001 -18.080629 0.000001 0.000000 -12.656440 180.000000 -180.000000 179.999985 0.000002 -0.000001 -26.885923 0.000002 -0.000001 -26.885958 180.000000 -179.999985 162.093964 180.000000 -180.000000 179.999985 9.999999 -0.000000 -26.641190 0.000002 -0.000003 -26.641191 0.000001 -0.000002 -17.743031 180.000000 -180.000000 179.999985 19.999998 -0.000003 -23.931356 0.000008 -0.000001 -35.897038 0.000003 -0.000005 -23.907427
-1.133914 97.072510 -1.087262 4.198219 -2.925781 0.533301 179.334595 174.622101 178.041687 175.533890 178.971481 -179.622253 179.494156 -174.357895 179.909790 2.297128 6.179935 0.912922 175.925430 -179.422989 -179.850082 177.837433 -176.766403 178.815063 0.258233 3.896642 0.532370 0.258192 3.820119 0.875236 1.104613 2.733868 1.214719 179.999985 -178.170456 179.299454 179.999985 -177.865524 179.274445 162.765015 -178.370178 -179.941650 179.979691 177.193893 178.564804 9.324091 -8.232359 83.049583 1.236764 -1.298126 -2.541013 174.852875 -176.557938 -176.532639 34.492645 46.847450 2.252181 179.999954 -180.000000 -169.654297 179.999985 -179.999985 -173.109756 0.000000 -0.000000 0.000000 15.000000 0.000006 29.213081 180.000000 179.999985 -156.098404 180.000000 -180.000000 -163.268890 0.000000 -0.000000 0.000000 180.000000 -180.000000 -147.358017 0.000000 0.000000 32.642006 0.000001 -0.000001 21.739565 0.000000 -0.000000 0.000000 170.000000 -180.000000 -150.562576 0.000002 -0.000000 29.437433 0.000000 -0.000000 19.605331 0.000000 -0.000000 0.000000 160.000015 -179.999985 -163.941620 180.000000 -180.000000 -155.912415 0.000004 0.000001 16.042336 173.920731 -178.625534 175.999481 168.772598 -173.650665 99.598221 179.436172 -178.789719 -177.844315 7.147104 -4.644382 -8.010683 140.575348 126.766525 165.406876 0.000004 -0.000001 -13.151633 180.000000 179.999985 171.241028 0.000000 0.000000 0.000000 165.000015 180.000000 157.901428 0.000005 -0.000002 -18.080622 0.000002 -0.000003 -12.656440 0.000000 0.000000 0.000000 0.000004 -0.000000 -26.879360 0.000004 -0.000002 -26.879362 0.000001 -0.000002 -17.901667 0.000000 0.000000 0.000000 10.000005 -0.000002 -26.636234 0.000004 -0.000003 -26.636238 0.000002 -0.000001 -17.739746 0.000000 0.000000 0.000000 20.000008 -0.000001 -23.921803 0.000006 -0.000002 -35.882725 0.000001 -0.000001 -23.897892
-1.161127 97.072098 -1.073110 4.192630 -2.912512 0.564680 179.320160 174.623932 178.025192 175.514206 178.980286 -179.621292 179.530258 -174.342010 179.926788 2.279251 6.165627 0.889706 175.930481 -179.447067 -179.841965 177.854218 -176.748199 178.813126 0.255633 3.899018 0.525895 0.255592 3.822483 0.864560 1.093658 2.736417 1.200129 179.999985 -178.236694 179.325882 179.999985 -177.942810 179.301804 162.747391 -178.429337 -179.942520 179.984680 177.197845 178.554459 9.312153 -8.241073 83.090385 1.225495 -1.281325 -2.552898 174.860855 -176.556122 -176.539505 34.483551 46.714222 2.454055 180.000000 -179.999985 -169.523987 180.000000 179.999985 -173.022980 0.000000 -0.000000 0.000000 15.000006 0.000001 29.286854 180.000000 -180.000000 -156.038025 180.000000 179.999985 -163.226639 0.000000 -0.000000 0.000000 180.000000 -180.000000 -147.366043 0.000003 -0.000000 32.633965 180.000000 180.000000 -158.265793 0.000000 -0.000000 0.000000 170.000000 -179.999985 -150.569824 0.000001 0.000003 29.430185 180.000000 -180.000000 -160.399521 0.000000 -0.000000 0.000000 160.000000 -180.000000 -163.949463 0.000003 -0.000001 24.075802 0.000000 0.000003 16.034491 173.917252 -178.622299 175.994904 168.750565 -173.642105 99.589340 179.434418 -178.780167 -177.845078 7.139589 -4.622237 -8.017482 140.705170 126.814949 165.561279 180.000000 180.000000 166.856522 0.000006 0.000007 -8.753544 0.000000 -0.000000 0.000000 165.000000 -180.000000 157.928864 180.000000 180.000000 161.941788 180.000000 180.000000 167.359268 0.000000 -0.000000 0.000000 0.000006 0.000000 -26.871525 0.000004 -0.000002 -26.871532 0.000004 -0.000004 -17.896414 0.000000 -0.000000 0.000000 10.000009 0.000002 -26.627478 0.000006 -0.000002 -26.627455 0.000001 0.000000 -17.733896 0.000000 -0.000000 0.000000 20.000011 0.000003 -23.910166 0.000012 -0.000005 -35.865208 0.000005 -0.000008 -23.886238
-1.186416 97.071991 -1.058654 4.191061 -2.892654 0.610904 179.293182 174.628387 177.994461 175.472168 178.991730 -179.616821 179.597321 -174.322021 179.949051 2.255182 6.139318 0.849758 175.942169 -179.480865 -179.835052 177.864990 -176.728897 178.814560 0.252132 3.896674 0.516755 0.252094 3.820234 0.849497 1.079135 2.735919 1.179482 179.999985 -178.315750 179.354782 179.999969 -178.035034 179.331757 162.728363 -178.499481 -179.945221 179.977081 177.203140 178.543808 9.312742 -8.248407 83.138565 1.201123 -1.268331 -2.564014 174.879883 -176.562286 -176.557449 34.487747 46.741066 2.427771 179.999985 179.999985 -169.544052 0.000002 0.000003 6.963668 0.000000 -0.000000 0.000000 15.000004 0.000000 29.303474 180.000000 -180.000000 -156.024445 0.000000 -0.000000 16.782887 0.000000 -0.000000 0.000000 180.000000 179.999985 -147.404282 0.000001 -0.000000 32.595737 0.000001 -0.000000 21.708750 0.000000 -0.000000 0.000000 170.000000 180.000000 -150.575867 0.000000 0.000002 29.424131 180.000000 -180.000000 -160.403534 0.000000 -0.000000 0.000000 160.000000 179.999985 -163.980469 0.000003 -0.000001 24.029276 0.000004 0.000001 16.003489 173.911774 -178.619659 175.986145 168.720856 -173.639084 99.584633 179.431412 -178.766953 -177.846283 7.130658 -4.591933 -8.032996 140.650955 126.780823 165.516312 179.999985 -179.999985 166.865295 180.000000 -179.999985 171.252289 0.000000 -0.000000 0.000000 165.000015 -179.999985 157.926315 0.000001 0.000000 -18.060282 180.000000 -180.000000 167.357788 0.000000 -0.000000 0.000000 180.000000 -180.000000 153.153549 0.000002 0.000000 -26.846453 180.000000 180.000000 162.120255 0.000000 -0.000000 0.000000 10.000002 -0.000000 -26.610273 0.000003 0.000002 -26.610281 0.000000 -0.000002 -17.722446 0.000000 -0.000000 0.000000 20.000002 -0.000004 -23.880455 0.000000 0.000000 -35.820709 0.000000 0.000000 -23.856602
-1.207911 97.072319 -1.044385 4.196722 -2.867967 0.671855 179.247131 174.631180 177.944382 175.410904 179.012299 -179.617523 179.693405 -174.301758 179.988388 2.221228 6.100977 0.791236 175.959122 -179.523743 -179.826691 177.871521 -176.709732 178.818481 0.247253 3.890568 0.504764 0.247217 3.814308 0.829758 1.058814 2.733103 1.152280 179.999969 -178.408890 179.387070 179.999969 -178.143692 179.365173 162.709015 -178.581802 -179.949615 179.974380 177.205795 178.534393 9.312901 -8.258181 83.192131 1.178415 -1.256608 -2.586001 174.910110 -176.564957 -176.589706 34.499271 46.671589 2.493164 180.000000 179.999985 -169.503082 0.000003 -0.000002 6.990949 0.000000 -0.000000 0.000000 14.999995 -0.000001 29.337347 0.000001 0.000001 24.003286 0.000000 -0.000001 16.802303 0.000000 -0.000000 0.000000 180.000000 179.999985 -147.283356 0.000000 0.000001 32.716656 0.000002 0.000000 21.789295 0.000000 -0.000000 0.000000 170.000000 179.999985 -150.596619 180.000000 179.999985 -150.596603 180.000000 179.999985 -160.417343 0.000000 -0.000000 0.000000 160.000015 -180.000000 -163.882828 0.000003 -0.000002 24.175745 180.000000 -180.000000 -163.898941 173.907944 -178.616592 175.975098 168.679260 -173.644791 99.581657 179.424240 -178.747528 -177.845245 7.121053 -4.584131 -8.039081 140.686630 126.781906 165.562592 0.000004 -0.000001 -13.128404 0.000002 0.000000 -8.743519 0.000000 -0.000000 0.000000 165.000000 -180.000000 157.931335 0.000001 0.000000 -18.056171 180.000000 180.000000 167.360672 0.000000 -0.000000 0.000000 0.000000 0.000000 -26.841801 180.000000 -180.000000 153.158188 0.000000 0.000001 -17.876650 0.000000 -0.000000 0.000000 10.000001 -0.000001 -26.591167 180.000000 -179.999985 153.408829 180.000000 -180.000000 162.290283 0.000000 -0.000000 0.000000 20.000004 0.000001 -23.881025 180.000000 179.999985 144.178452 0.000001 0.000000 -23.857159
-1.223133 97.073051 -1.028901 4.212351 -2.837584 0.750220 179.182358 174.631470 177.864670 175.358276 179.040329 -179.605988 179.787872 -174.279007 -179.969879 2.176094 6.049125 0.710628 175.973007 -179.597107 -179.817856 177.880997 -176.670288 178.827209 0.240634 3.880301 0.489620 0.240599 3.804309 0.804855 1.031047 2.727755 1.117782 179.999954 -178.516479 179.422455 179.999954 -178.269226 179.401825 162.687546 -178.676559 -179.955917 179.961914 177.209427 178.528839 9.329897 -8.266725 83.241730 1.150669 -1.257998 -2.606476 174.913803 -176.579895 -176.586716 34.496181 46.647663 2.459914 0.000006 0.000006 10.486119 180.000000 179.999985 -173.016266 0.000000 0.000000 0.000000 15.000004 -0.000000 29.309772 0.000001 -0.000000 23.980721 180.000000 179.999985 -163.213501 0.000000 0.000000 0.000000 180.000000 -180.000000 -147.258408 0.000000 0.000001 32.741615 180.000000 180.000000 -158.194077 0.000000 0.000000 0.000000 170.000000 180.000000 -150.494507 180.000000 -180.000000 -150.494492 0.000000 -0.000000 19.650663 0.000000 0.000000 0.000000 160.000015 -179.999985 -163.881302 180.000000 180.000000 -155.821960 0.000002 -0.000000 16.102589 173.904846 -178.615311 175.958038 168.633469 -173.655792 99.582153 179.413712 -178.727615 -177.841568 7.116519 -4.586984 -8.040683 140.694290 126.787582 165.583405 0.000003 0.000004 -13.122544 180.000000 180.000000 171.260376 0.000000 -0.000000 0.000000 165.000015 179.999985 157.941391 0.000000 -0.000001 -18.047955 0.000001 -0.000001 -12.633572 0.000000 -0.000000 0.000000 0.000000 0.000001 -26.843529 180.000000 -180.000000 153.156464 180.000000 -180.000000 162.122208 0.000000 -0.000000 0.000000 9.999999 0.000000 -26.602468 0.000001 0.000002 -26.602461 0.000001 0.000000 -17.717243 0.000000 -0.000000 0.000000 20.000004 -0.000002 -23.881880 180.000000 -180.000000 144.177185 0.000001 0.000000 -23.857986
-1.230666 97.074303 -1.013066 4.239961 -2.799943 0.844180 179.101135 174.635590 177.754532 175.295547 179.074112 -179.582687 179.895248 -174.257889 -179.928131 2.112982 5.972668 0.600265 175.990768 -179.701187 -179.801041 177.891342 -176.620850 178.848526 0.232157 3.865717 0.471936 0.232125 3.790105 0.775814 0.995156 2.719699 1.077288 179.999954 -178.637802 179.460815 179.999939 -178.410782 179.441559 162.664108 -178.783157 -179.964081 179.947891 177.213531 178.522079 9.345279 -8.276031 83.304260 1.118645 -1.267771 -2.635879 174.920898 -176.606857 -176.590073 34.448353 46.606045 2.402880 0.000003 -0.000000 10.485927 0.000000 0.000003 6.983623 0.000000 0.000000 0.000000 15.000002 -0.000002 29.327845 0.000003 0.000000 23.995512 0.000001 0.000001 16.796848 0.000000 0.000000 0.000000 0.000001 -0.000000 32.742260 0.000002 -0.000000 32.742260 180.000000 180.000000 -158.193665 0.000000 0.000000 0.000000 170.000000 179.999985 -150.518875 0.000000 0.000002 29.481133 0.000002 0.000003 19.634430 0.000000 0.000000 0.000000 160.000015 179.999985 -163.875916 0.000000 0.000002 24.186102 180.000000 -179.999985 -163.892059 173.896973 -178.619019 175.932251 168.594818 -173.666946 99.589439 179.399094 -178.709930 -177.839569 7.107936 -4.608168 -8.039495 140.703400 126.800003 165.609177 180.000000 179.999985 166.883972 180.000000 179.999985 171.264725 180.000000 180.000000 -180.000000 165.000015 180.000000 157.943344 180.000000 180.000000 161.953644 0.000000 0.000000 -12.632460 180.000000 180.000000 -180.000000 0.000001 0.000000 -26.845791 180.000000 -180.000000 153.154205 180.000000 -180.000000 162.120682 180.000000 180.000000 -180.000000 9.999996 0.000001 -26.599726 0.000000 -0.000002 -26.599733 0.000001 -0.000002 -17.715420 180.000000 180.000000 -180.000000 19.999994 -0.000004 -23.885073 180.000000 180.000000 144.172363 0.000001 0.000000 -23.861202
-1.234222 97.076118 -1.000142 4.267988 -2.764931 0.935590 179.012497 174.637375 177.619812 175.228333 179.105713 -179.531479 0.014589 -5.761604 0.106490 2.046111 5.900097 0.488722 176.012466 -179.800018 -179.780075 177.902084 -176.575562 178.869858 0.223279 3.851471 0.455854 0.223250 3.776238 0.749470 0.956994 2.711814 1.040180 0.000052 -1.236710 -0.502507 0.000054 -1.442823 -0.520451 162.640854 -178.892838 -179.974167 179.932373 177.220276 178.506622 9.371871 -8.287641 83.373024 1.090029 -1.292265 -2.665299 174.891937 -176.620789 -176.585220 34.420334 46.603748 2.364795 180.000000 -179.999985 -169.520706 180.000000 180.000000 -173.020813 0.000001 -0.000000 0.000003 15.000009 -0.000024 29.312614 0.000019 -0.000014 23.983030 0.000017 -0.000003 16.788136 0.000001 -0.000000 0.000003 0.000012 -0.000027 32.742538 0.000022 -0.000018 32.742523 0.000018 -0.000000 21.806526 0.000001 -0.000000 0.000003 170.000000 -179.999985 -150.492249 0.000016 -0.000020 29.507742 0.000013 -0.000006 19.652163 0.000001 -0.000000 0.000003 160.000031 -179.999985 -163.871399 0.000013 -0.000036 24.192905 0.000021 -0.000020 16.112474 173.899826 -178.622177 175.915329 168.522614 -173.660416 99.566048 179.413986 -178.677200 -177.808914 7.092134 -4.641268 -8.044312 140.703522 126.813690 165.621475 180.000000 -179.999985 166.887695 180.000000 179.999985 171.267212 0.000000 -0.000000 0.000003 165.000015 -179.999985 157.936310 0.000000 -0.000005 -18.052111 180.000000 -179.999985 167.363525 0.000000 -0.000000 0.000003 180.000000 -179.999985 153.145721 0.000000 -0.000003 -26.854254 180.000000 -180.000000 162.115067 0.000000 -0.000000 0.000003 9.999998 -0.000000 -26.606720 180.000000 -179.999985 153.393326 180.000000 -180.000000 162.279938 0.000000 -0.000000 0.000003 19.999975 -0.000009 -23.897152 180.000000 -179.999985 144.154236 180.000000 180.000000 156.126709
-1.226551 97.077576 -0.979144 4.321078 -2.723716 1.031719 178.878555 174.619736 177.453461 175.293259 179.173309 -179.456985 0.022679 -5.772435 0.135409 1.962119 5.800379 0.368633 176.023087 -179.965927 -179.765518 177.916077 -176.482315 178.905655 0.211867 3.831386 0.438510 0.211838 3.756628 0.721137 0.907366 2.700018 0.999692 0.000044 -1.087809 -0.457207 0.000049 -1.269108 -0.473533 162.615509 -179.023376 -179.985550 179.908371 177.218185 178.504044 9.384912 -8.323750 83.452820 1.007748 -1.309708 -2.707289 174.895584 -176.633240 -176.555740 34.653706 46.737804 2.281690 179.999908 179.999771 -169.687988 179.999908 179.999847 -173.132202 0.000000 -0.000001 0.000000 15.000016 0.000007 29.254387 180.000000 179.999985 -156.064606 180.000000 -180.000000 -163.245209 0.000000 -0.000001 0.000000 180.000000 179.999985 -147.320282 179.999985 179.999985 -147.320297 179.999985 179.999985 -158.235321 0.000000 -0.000001 0.000000 170.000000 180.000000 -150.537430 0.000005 -0.000003 29.462595 180.000000 -179.999985 -160.377930 0.000000 -0.000001 0.000000 160.000015 180.000000 -163.922653 180.000000 -180.000000 -155.883987 180.000000 180.000000 -163.938751 173.898148 -178.632187 175.874359 168.523132 -173.703735 99.612732 179.352600 -178.684067 -177.852051 7.092792 -4.659687 -8.038743 140.696075 126.823143 165.631104 0.000007 0.000013 -13.105590 180.000000 -179.999985 171.271667 0.000000 -0.000000 0.000000 165.000000 -179.999985 157.929886 180.000000 -180.000000 161.942657 180.000000 -179.999985 167.359848 0.000000 -0.000000 0.000000 0.000000 0.000000 -26.867329 180.000000 -180.000000 153.132645 180.000000 -180.000000 162.106354 0.000000 -0.000000 0.000000 10.000001 0.000000 -26.613924 0.000000 -0.000002 -26.613928 180.000000 -179.999985 162.275131 0.000000 -0.000000 0.000000 19.999987 -0.000001 -23.915562 0.000000 0.000000 -35.873363 180.000000 -180.000000 156.108322
-1.217325 97.078636 -0.954505 4.381561 -2.681296 1.126049 178.720673 174.589813 177.291336 175.354813 179.261078 -179.381836 0.049622 -5.776628 0.164005 1.874480 5.678074 0.246801 176.038040 179.846909 -179.751419 177.921402 -176.387802 178.948044 0.200202 3.809171 0.421354 0.200176 3.734948 0.693132 0.856515 2.686610 0.959542 0.000021 -0.929044 -0.407888 0.000025 -1.083876 -0.422452 162.592010 -179.162720 -179.997375 179.900085 177.224518 178.482513 9.367170 -8.367794 83.566132 0.894472 -1.313080 -2.758002 174.902283 -176.641373 -176.587494 34.248810 46.618778 2.311992 179.999985 179.999985 -169.476440 180.000000 180.000000 -172.991287 0.000000 -0.000000 0.000000 15.000014 -0.000004 29.267948 0.000002 -0.000001 23.946474 0.000001 -0.000001 16.762529 0.000000 -0.000000 0.000000 0.000002 -0.000010 32.706627 0.000002 -0.000006 32.706562 0.000006 -0.000002 21.782606 0.000000 -0.000000 0.000000 170.000000 180.000000 -150.539474 0.000002 -0.000000 29.460514 0.000000 0.000002 19.620697 0.000000 -0.000000 0.000000 160.000015 180.000000 -163.918228 0.000007 -0.000007 24.122694 180.000000 -179.999985 -163.934311 173.893616 -178.645523 175.823624 168.571732 -173.769608 99.688499 179.254059 -178.720108 -177.926208 7.083138 -4.661557 -8.041136 140.692245 126.825989 165.620636 179.999985 179.999985 166.890472 0.000005 0.000002 -8.730937 0.000000 -0.000000 -0.000000 165.000000 -180.000000 157.923096 0.000001 -0.000002 -18.062891 180.000000 180.000000 167.355972 0.000000 -0.000000 -0.000000 180.000000 179.999985 153.126266 0.000001 0.000003 -26.873703 0.000004 0.000002 -17.897881 0.000000 -0.000000 -0.000000 10.000001 -0.000003 -26.615444 0.000000 -0.000002 -26.615450 0.000000 0.000000 -17.725883 0.000000 -0.000000 -0.000000 20.000002 0.000002 -23.919573 0.000002 -0.000001 -35.879402 0.000000 0.000002 -23.895670
-1.208464 97.079041 -0.923432 4.450926 -2.638812 1.218055 178.520218 174.540253 177.127808 175.503571 179.374069 -179.312561 0.020987 -5.782512 0.210197 1.793980 5.553258 0.141862 176.042877 179.642532 -179.752213 177.919998 -176.275146 178.984512 0.187942 3.783768 0.404061 0.187920 3.710127 0.664923 0.802940 2.670886 0.918951 179.999985 -179.239685 179.644608 179.999985 -179.112961 179.631912 162.574310 -179.310837 179.989883 179.896362 177.224670 178.458481 9.328461 -8.433633 83.708817 0.742476 -1.295817 -2.830601 174.860458 -176.654739 -176.605789 34.383583 46.677227 2.319202 179.999985 -180.000000 -169.541687 180.000000 -179.999985 -173.034760 0.000001 -0.000000 0.000000 15.000017 0.000013 29.249073 180.000000 179.999985 -156.068954 180.000000 179.999985 -163.248291 0.000001 -0.000000 0.000000 0.000002 -0.000001 32.695061 180.000000 180.000000 -147.304932 180.000000 -180.000000 -158.225082 0.000001 -0.000000 0.000000 170.000000 179.999985 -150.544479 180.000000 179.999985 -150.544479 180.000000 179.999985 -160.382629 0.000001 -0.000000 0.000000 160.000015 180.000000 -163.924179 180.000000 179.999985 -155.886261 180.000000 -179.999985 -163.940262 173.887695 -178.662750 175.773987 168.674286 -173.865494 99.775116 179.112823 -178.794128 -178.020203 7.080787 -4.656434 -8.040204 140.559631 126.872719 165.570419 0.000011 0.000012 -13.080554 179.999985 -180.000000 171.288330 0.000000 -0.000000 0.000000 165.000000 179.999985 157.913406 180.000000 179.999985 161.929138 0.000002 0.000004 -12.649573 0.000000 -0.000000 0.000000 180.000000 179.999985 153.133087 0.000000 0.000002 -26.866901 0.000001 0.000001 -17.893358 0.000000 -0.000000 0.000000 10.000001 0.000006 -26.618385 0.000003 0.000004 -26.618341 0.000001 0.000002 -17.727831 0.000000 -0.000000 0.000000 19.999998 -0.000005 -23.916752 180.000000 -179.999985 144.124863 180.000000 179.999985 156.107162
-1.199442 97.078934 -0.886238 4.534907 -2.600457 1.311953 178.312195 174.485535 176.996857 175.635895 179.489258 -179.281113 0.000165 -5.793341 0.267856 1.699456 5.412286 0.035881 176.048599 179.399109 -179.757111 177.915543 -176.142899 179.023468 0.174271 3.759515 0.384923 0.174248 3.686435 0.633693 0.743035 2.656100 0.874088 179.999969 -179.415161 179.702133 179.999954 -179.317703 179.691483 162.559677 -179.465408 179.978210 179.894623 177.230209 178.441437 9.290053 -8.491615 83.829262 0.561891 -1.276153 -2.877058 174.923920 -176.653229 -176.648239 34.582657 46.617474 2.095882 0.000199 0.000265 10.272226 0.000089 0.000198 6.841271 0.000000 -0.000000 0.000000 15.000004 0.000007 29.276106 180.000000 179.999985 -156.046814 180.000000 179.999985 -163.232773 0.000000 -0.000000 0.000000 0.000031 0.000058 32.663765 180.000000 179.999939 -147.336182 179.999985 179.999969 -158.245911 0.000000 -0.000000 0.000000 170.000000 179.999985 -150.540039 0.000001 0.000009 29.459969 180.000000 179.999985 -160.379669 0.000000 -0.000000 0.000000 160.000015 180.000000 -163.923660 0.000002 -0.000000 24.114498 180.000000 179.999985 -163.939743 173.880768 -178.677811 175.707092 168.838760 -174.010315 99.897179 178.910172 -178.916962 -178.140182 7.078743 -4.647606 -8.037228 140.907806 126.767189 165.744553 179.999985 179.999908 166.861633 0.000001 0.000055 -8.750156 0.000000 -0.000000 0.000000 165.000000 179.999985 157.924469 180.000000 179.999985 161.938232 0.000001 0.000002 -12.643258 0.000000 -0.000000 0.000000 180.000000 179.999985 153.114853 0.000006 0.000029 -26.885157 0.000013 0.000013 -17.905502 0.000000 -0.000000 0.000000 10.000007 0.000003 -26.609905 0.000000 0.000000 -26.609865 180.000000 -179.999985 162.277832 0.000000 -0.000000 0.000000 20.000010 -0.000000 -23.920370 180.000000 -180.000000 144.119461 180.000000 -179.999985 156.103561
-1.185785 97.078316 -0.844764 4.631022 -2.564867 1.411863 178.095032 174.427856 176.859695 175.744125 179.599442 -179.251907 179.997940 -174.186493 -179.663818 1.591557 5.257153 -0.082260 176.060867 179.117111 -179.759903 177.905106 -175.988815 179.065216 0.159846 3.735875 0.364245 0.159824 3.663347 0.599916 0.679856 2.641731 0.825752 179.999939 -179.597168 179.762238 179.999939 -179.530029 179.753738 162.552338 -179.625839 179.966202 179.888641 177.236679 178.434082 9.263100 -8.556767 83.940033 0.372577 -1.246441 -2.935874 174.907959 -176.715195 -176.668167 34.367008 46.703815 2.449890 0.000009 0.000020 10.525968 0.000013 0.000013 7.010298 0.000000 -0.000000 0.000003 15.000016 0.000027 29.265759 0.000002 0.000026 23.944723 179.999985 179.999985 -163.238708 0.000000 -0.000000 0.000003 0.000011 0.000015 32.727516 180.000000 179.999985 -147.272522 180.000000 179.999985 -158.203476 0.000000 -0.000000 0.000003 170.000000 179.999985 -150.534332 180.000000 179.999985 -150.534348 0.000001 0.000003 19.624155 0.000000 -0.000000 0.000003 160.000015 179.999985 -163.926071 180.000000 179.999985 -155.889114 0.000005 0.000010 16.057850 173.876556 -178.690338 175.651672 169.022614 -174.146286 99.979576 178.692719 -179.056702 -178.241211 7.080860 -4.633986 -8.027315 140.663437 126.846230 165.670197 179.999985 179.999985 166.925354 179.999985 179.999985 171.292282 0.000000 -0.000000 0.000000 165.000000 179.999985 157.931656 180.000000 179.999985 161.944107 0.000003 -0.000001 -12.639136 0.000000 -0.000000 0.000000 0.000009 -0.000029 -26.808634 180.000000 -179.999985 153.191406 179.999985 -179.999985 162.145477 0.000000 -0.000000 0.000000 10.000010 -0.000045 -26.580650 179.999985 -179.999969 153.419342 179.999985 -179.999985 162.297302 0.000000 -0.000000 0.000000 20.000008 -0.000005 -23.920385 180.000000 -179.999985 144.119431 180.000000 -179.999985 156.103546
-1.164500 97.077385 -0.801937 4.734955 -2.530335 1.520393 177.898209 174.380005 176.703873 175.812897 179.692841 -179.215332 0.005752 -5.840015 0.415797 1.474858 5.086252 -0.215139 176.078232 178.796112 -179.761185 177.889008 -175.812454 179.111160 0.145735 3.713901 0.342295 0.145717 3.641890 0.564000 0.618309 2.628419 0.774782 179.999924 -179.784637 179.821457 179.999908 -179.748749 179.815063 162.550873 -179.790588 179.952164 179.880783 177.258743 178.418289 9.251477 -8.614617 84.051697 0.159989 -1.217526 -2.995827 174.924805 -176.721649 -176.679977 34.357216 46.702831 2.514855 0.000019 0.000007 10.562957 0.000014 -0.000001 7.034927 0.000001 -0.000001 -0.000000 15.000016 0.000012 29.298794 0.000001 0.000011 23.971739 180.000000 179.999985 -163.219788 0.000001 -0.000001 -0.000000 0.000012 0.000017 32.740944 0.000000 0.000021 32.740948 180.000000 179.999985 -158.194519 0.000001 -0.000001 -0.000000 170.000000 -179.999985 -150.528046 0.000002 -0.000006 29.471956 180.000000 -179.999985 -160.371674 0.000001 -0.000001 -0.000000 160.000015 179.999985 -163.922577 0.000008 0.000023 24.116096 179.999985 179.999985 -163.938675 173.874084 -178.698395 175.600693 169.226196 -174.276062 100.021362 178.475342 -179.230515 -178.302261 7.068031 -4.633797 -8.029522 140.658340 126.859642 165.708206 179.999985 179.999985 166.944489 180.000000 179.999985 171.305008 0.000000 -0.000000 0.000000 165.000000 -179.999985 157.939453 0.000000 -0.000002 -18.049532 180.000000 180.000000 167.365326 0.000000 -0.000000 0.000000 180.000000 180.000000 153.140182 0.000000 0.000001 -26.859831 180.000000 180.000000 162.111343 0.000000 -0.000000 0.000000 10.000000 -0.000006 -26.652750 180.000000 -179.999985 153.347229 180.000000 -179.999985 162.249268 0.000000 -0.000000 0.000000 20.000002 0.000039 -23.956301 0.000013 0.000060 -35.934422 0.000030 0.000027 -23.932343
-1.133986 97.076050 -0.760016 4.847016 -2.496899 1.636055 177.741211 174.344742 176.524689 175.848190 179.765320 -179.163208 179.998688 -174.126144 -179.498993 1.339880 4.896390 -0.360223 176.109360 178.432770 -179.762711 177.870850 -175.615005 179.159348 0.132044 3.694750 0.319465 0.132030 3.623197 0.526591 0.558778 2.616951 0.722051 179.999908 -179.974808 179.878448 179.999893 -179.970612 179.874100 162.557220 -179.957184 179.936096 179.864197 177.277908 178.413376 9.270848 -8.676428 84.139534 179.934296 -178.802567 176.942886 174.893936 -176.792267 -176.682556 34.419888 46.732197 2.606784 0.000028 0.000020 10.576572 0.000016 0.000013 7.044000 0.000000 -0.000000 0.000000 14.999993 -0.000005 29.315189 180.000000 -179.999985 -156.014847 180.000000 -180.000000 -163.210388 0.000000 -0.000000 0.000000 0.000000 0.000000 32.761269 0.000001 -0.000003 32.761227 180.000000 -180.000000 -158.181000 0.000000 -0.000000 0.000000 170.000000 179.999985 -150.534454 0.000002 0.000007 29.465515 180.000000 179.999985 -160.375961 0.000000 -0.000000 0.000000 159.999985 -179.999985 -163.896912 179.999985 -179.999985 -155.845367 0.000003 -0.000016 16.086975 173.876541 -178.704163 175.550491 169.430435 -174.383606 100.032257 178.261917 -179.423782 -178.336273 7.051800 -4.647734 -8.033202 140.656845 126.864166 165.746582 179.999985 179.999985 166.963654 179.999985 179.999985 171.317795 0.000000 -0.000000 0.000000 165.000000 -180.000000 157.937683 0.000001 0.000001 -18.050976 0.000001 0.000000 -12.635683 0.000000 -0.000000 0.000000 0.000000 -0.000003 -26.857548 0.000001 -0.000003 -26.857515 180.000000 -180.000000 162.112869 0.000000 -0.000000 0.000000 10.000004 -0.000003 -26.665258 180.000000 -179.999985 153.334732 0.000001 -0.000002 -17.759066 0.000000 -0.000000 0.000000 20.000032 -0.000086 -23.831629 179.999985 -179.999863 144.252579 179.999954 -179.999939 156.192215
-1.093988 97.073883 -0.720396 4.961557 -2.464521 1.756823 177.637222 174.317017 176.330353 175.856232 179.822861 -179.100418 179.964157 -174.089661 -179.409622 1.184022 4.680861 -0.519922 176.160080 178.017975 -179.759644 177.851212 -175.388504 179.209244 0.120824 3.679396 0.296168 0.120815 3.608207 0.488283 0.510808 2.607837 0.668926 179.999908 179.835388 179.932449 179.999893 179.807953 179.930038 162.565475 179.877060 179.918427 179.839447 177.300919 178.411407 9.316894 -8.737062 84.214661 179.697052 -178.816452 176.877518 174.947922 -176.765808 -176.673233 34.363041 46.748909 2.646191 180.000000 -179.999985 -169.382355 179.999985 179.999985 -172.928650 0.000000 -0.000000 0.000000 15.000010 0.000017 29.299347 0.000001 0.000015 23.972210 180.000000 179.999985 -163.219452 0.000000 -0.000000 0.000000 0.000011 0.000012 32.753822 0.000003 0.000018 32.753838 180.000000 179.999985 -158.185944 0.000000 -0.000000 0.000000 170.000015 179.999985 -150.535538 0.000009 0.000029 29.464474 179.999985 179.999985 -160.376663 0.000000 -0.000000 0.000000 160.000015 -179.999985 -163.920685 180.000000 180.000000 -155.881012 180.000000 -179.999985 -163.936752 173.880356 -178.707657 175.498322 169.607620 -174.460159 100.027489 178.066299 -179.613968 -178.348709 7.021723 -4.693247 -8.049508 140.609787 126.924438 165.824387 180.000000 180.000000 167.014359 0.000003 0.000002 -8.648435 0.000000 -0.000000 0.000000 165.000015 180.000000 157.937408 180.000000 -180.000000 161.948776 0.000001 -0.000002 -12.635856 0.000000 -0.000000 0.000000 0.000001 -0.000001 -26.860235 0.000000 -0.000002 -26.860233 180.000000 -180.000000 162.111084 0.000000 -0.000000 0.000000 9.999993 0.000019 -26.680912 180.000000 179.999985 153.319092 0.000006 0.000011 -17.769480 0.000000 -0.000000 0.000000 19.999992 0.000021 -23.998774 0.000002 0.000037 -35.998199 0.000012 0.000023 -23.974796
-1.043769 97.070320 -0.682436 5.072763 -2.434597 1.874902 177.585190 174.289886 176.133026 175.844391 179.871796 -179.033920 179.900009 -174.048737 -179.314301 0.994420 4.425344 -0.707985 176.245758 177.533813 -179.732056 177.838593 -175.134964 179.260254 0.113523 3.668960 0.274024 0.113514 3.598026 0.451716 0.480848 2.601749 0.619241 179.999863 179.635498 179.984879 179.999847 179.574768 179.984314 162.590363 179.703262 179.897522 179.811340 177.321991 178.405426 9.381148 -8.800871 84.284286 179.453796 -178.824051 176.808090 174.896439 -176.829544 -176.662125 34.421467 46.772743 2.698236 0.000006 0.000005 10.614127 0.000010 0.000001 7.069016 0.000000 -0.000001 -0.000000 15.000021 0.000023 29.309244 0.000006 0.000022 23.980297 180.000000 179.999985 -163.213806 0.000000 -0.000001 -0.000000 0.000011 0.000014 32.763298 0.000004 0.000015 32.763287 180.000000 179.999985 -158.179657 0.000000 -0.000001 -0.000000 170.000015 179.999985 -150.521545 0.000007 0.000032 29.478430 180.000000 179.999985 -160.367371 0.000000 -0.000001 -0.000000 160.000015 179.999969 -163.935379 0.000020 0.000045 24.096912 0.000000 0.000040 16.048565 173.865631 -178.706497 175.449768 169.758499 -174.497314 100.011536 177.901566 -179.782684 -178.345139 7.033339 -4.700263 -8.051088 140.808014 126.749161 165.781342 179.999924 179.999939 166.929962 179.999969 179.999954 171.295349 0.000000 -0.000000 0.000000 165.000000 179.999985 157.933838 180.000000 179.999985 161.945862 180.000000 179.999985 167.362106 0.000000 -0.000000 0.000000 180.000000 179.999985 153.133408 180.000000 179.999985 153.133408 0.000002 0.000004 -17.893150 0.000000 -0.000000 0.000000 10.000021 -0.000026 -26.620981 0.000005 -0.000033 -26.620979 179.999985 -179.999985 162.270447 0.000000 -0.000000 0.000000 19.999973 0.000029 -23.968721 180.000000 179.999954 144.046921 0.000019 0.000032 -23.944767
-0.988759 97.064613 -0.640335 5.178646 -2.409731 1.986301 177.567047 174.256683 175.947800 175.814926 179.915619 -178.978394 179.825302 -174.005463 -179.214844 0.851968 4.235209 -0.849692 176.282654 177.083908 -179.738297 177.831207 -174.851990 179.314911 0.110468 3.664562 0.252938 0.110463 3.593752 0.416717 0.470473 2.599550 0.572861 179.999969 179.513718 -179.978348 179.999969 179.432678 -179.977585 162.538101 179.596710 179.886337 179.787048 177.338837 178.396851 9.452984 -8.869458 84.355087 179.206802 -178.829620 176.732147 174.895203 -176.847137 -176.657822 34.417118 46.871727 2.835223 179.999985 -179.999985 -169.333969 179.999985 -179.999985 -172.896423 0.000000 -0.000000 0.000003 15.000036 0.000026 29.327084 0.000012 0.000034 23.994879 180.000000 179.999985 -163.203598 0.000000 -0.000000 0.000003 0.000021 0.000018 32.773277 0.000003 0.000027 32.773251 180.000000 179.999985 -158.173004 0.000000 -0.000000 0.000003 170.000031 179.999969 -150.502029 0.000007 0.000041 29.497957 180.000000 179.999969 -160.354340 0.000000 -0.000000 0.000003 160.000046 179.999969 -163.911682 0.000033 0.000066 24.132465 180.000000 179.999954 -163.927795 173.901627 -178.708313 175.392136 169.803131 -174.499863 100.005127 177.770325 -179.914932 -178.330948 7.011523 -4.754277 -8.071054 140.702576 126.920761 165.941116 179.999985 179.999985 167.029999 0.000003 0.000007 -8.638017 0.000000 0.000000 -0.000003 165.000015 180.000000 157.945877 0.000001 -0.000002 -18.044273 0.000001 -0.000002 -12.630989 0.000000 0.000000 -0.000003 0.000020 -0.000021 -26.842007 0.000008 -0.000028 -26.842031 180.000000 -179.999985 162.123215 0.000000 0.000000 -0.000003 9.999993 -0.000001 -26.674799 180.000000 -180.000000 153.325165 180.000000 -180.000000 162.234573 0.000000 0.000000 -0.000003 20.000015 -0.000045 -23.872671 0.000013 -0.000080 -35.809025 179.999985 -179.999954 156.151199
-0.924161 97.056252 -0.591835 5.280903 -2.391104 2.087076 177.561905 174.216125 175.783554 175.769913 179.953613 -178.937119 179.756683 -173.957458 -179.113861 0.610816 3.992039 -1.069483 176.409256 176.541412 -179.668594 177.843964 -174.537537 179.372772 0.111388 3.665781 0.233578 0.111381 3.594963 0.384413 0.478313 2.600989 0.531167 179.999863 179.309845 -179.932175 179.999847 179.194824 -179.929794 162.612991 179.420486 179.862274 179.766754 177.349960 178.387634 9.527081 -8.943346 84.427521 178.954407 -178.842041 176.650558 174.854477 -176.884872 -176.654785 34.565346 46.593163 2.531821 0.000162 0.000030 10.502811 0.000105 0.000045 6.994879 0.000000 -0.000000 0.000000 14.999959 -0.000035 29.378588 179.999985 -179.999954 -155.962997 0.000002 -0.000033 16.825912 0.000000 -0.000000 0.000000 0.000001 -0.000001 32.797417 180.000000 180.000000 -147.202560 180.000000 -180.000000 -158.156921 0.000000 -0.000000 0.000000 169.999924 -179.999939 -150.438309 179.999969 -179.999908 -150.438324 0.000010 -0.000064 19.688063 0.000000 -0.000000 0.000000 160.000046 179.999969 -163.878250 0.000054 0.000079 24.182638 0.000005 0.000063 16.105627 173.943558 -178.710205 175.339554 169.777115 -174.474777 99.997849 177.669815 -179.991241 -178.306122 6.989611 -4.807277 -8.092104 140.718277 126.916748 165.990555 180.000000 -179.999985 167.048141 180.000000 179.999985 171.374069 0.000000 -0.000000 0.000000 165.000015 -179.999985 157.948868 0.000004 -0.000009 -18.041826 0.000001 -0.000008 -12.629292 0.000000 -0.000000 0.000000 0.000005 -0.000004 -26.890606 0.000002 -0.000007 -26.890621 180.000000 -179.999985 162.090836 0.000000 -0.000000 0.000000 10.000005 -0.000004 -26.674585 0.000003 -0.000005 -26.674566 0.000000 0.000000 -17.765274 0.000000 -0.000000 0.000000 20.000006 -0.000000 -23.980654 0.000003 -0.000003 -35.970955 0.000001 -0.000005 -23.956667
-0.847855 97.045029 -0.532860 5.381232 -2.379886 2.176968 177.563812 174.169769 175.646942 175.698303 179.983383 -178.916061 179.710266 -173.905365 -179.013199 0.312291 3.767540 -1.329821 176.578842 175.977066 -179.552399 177.879822 -174.190918 179.437210 0.116002 3.672911 0.215778 0.115995 3.601974 0.354539 0.503096 2.606376 0.493735 179.999847 179.149490 -179.893753 179.999832 179.007767 -179.889999 162.646805 179.281647 179.843887 179.751785 177.354385 178.379776 9.601745 -9.024009 84.503197 178.697235 -178.862686 176.559647 174.798828 -176.989349 -176.660629 34.552052 46.824341 2.856483 0.000010 -0.000003 10.627588 0.000002 0.000002 7.077962 0.000000 0.000001 0.000000 15.000021 0.000016 29.321192 0.000006 0.000017 23.990059 0.000002 0.000014 16.793055 0.000000 0.000001 0.000000 0.000020 0.000018 32.790993 0.000009 0.000026 32.790985 180.000000 179.999985 -158.161179 0.000000 0.000001 0.000000 170.000031 179.999985 -150.539429 0.000013 0.000035 29.460564 180.000000 179.999985 -160.379257 0.000000 0.000001 0.000000 160.000046 179.999969 -163.828705 0.000037 0.000058 24.256947 0.000010 0.000049 16.155125 173.988770 -178.711044 175.292908 169.685547 -174.432114 99.987305 177.596939 179.995941 -178.269409 6.961052 -4.860846 -8.115784 140.744659 126.954269 166.070068 180.000000 -180.000000 167.069168 0.000000 -0.000005 -8.611933 0.000000 0.000000 0.000000 165.000000 179.999985 157.920654 180.000000 179.999985 161.935089 180.000000 179.999985 167.354553 0.000000 0.000000 0.000000 180.000000 179.999985 153.090103 180.000000 179.999985 153.090088 180.000000 179.999985 162.078003 0.000000 0.000000 0.000000 9.999988 0.000007 -26.689228 180.000000 179.999985 153.310760 0.000001 0.000004 -17.775024 0.000000 0.000000 0.000000 19.999981 0.000006 -23.992907 180.000000 179.999985 144.010620 0.000004 0.000010 -23.968924
-0.757707 97.030724 -0.460798 5.483476 -2.377819 2.257265 177.583008 174.122696 175.536423 175.583939 179.996155 -178.912338 179.688324 -173.850571 -178.919708 179.934753 176.429214 178.361755 176.807831 175.396042 -179.384995 177.941315 -173.811203 179.509094 0.123118 3.686935 0.199370 0.123111 3.615734 0.326865 0.539292 2.616517 0.459948 179.999893 179.046295 -179.863083 179.999878 178.887360 -179.858231 162.609558 179.191467 179.834106 179.744003 177.354355 178.374130 9.684040 -9.109582 84.578011 178.434830 -178.888489 176.459839 174.737762 -177.071213 -176.657852 34.589005 46.772957 2.884829 0.000021 0.000005 10.635582 0.000011 0.000011 7.083296 0.000000 -0.000000 0.000000 15.000008 0.000007 29.344372 0.000001 0.000008 24.009016 0.000001 0.000008 16.806320 0.000000 -0.000000 0.000000 0.000003 0.000003 32.819763 0.000000 0.000004 32.819759 180.000000 179.999985 -158.142029 0.000000 -0.000000 0.000000 170.000015 179.999985 -150.501160 0.000004 0.000017 29.498856 0.000000 0.000012 19.646240 0.000000 -0.000000 0.000000 159.999939 -179.999939 -163.733871 179.999924 -179.999878 -155.600800 179.999985 -179.999893 -163.750122 174.039093 -178.709183 175.249710 169.545135 -174.379074 99.972786 177.545990 -179.962357 -178.221054 6.953529 -4.837330 -8.120138 140.802216 126.745934 165.942337 179.999939 179.999985 167.014008 179.999969 179.999985 171.351334 0.000000 -0.000000 0.000000 165.000015 -179.999985 157.958817 0.000008 -0.000013 -18.033701 0.000003 -0.000011 -12.623581 0.000000 -0.000000 0.000000 0.000012 -0.000007 -26.876665 0.000007 -0.000013 -26.876635 180.000000 -179.999985 162.100143 0.000000 -0.000000 0.000000 10.000008 -0.000006 -26.652494 0.000004 -0.000011 -26.652502 0.000000 -0.000009 -17.750557 0.000000 -0.000000 0.000000 20.000013 -0.000006 -23.950109 0.000007 -0.000017 -35.925152 180.000000 -179.999985 156.073822
-0.652812 97.013229 -0.375952 5.591305 -2.385411 2.331137 177.625046 174.072647 175.446701 175.432632 179.993668 -178.923019 179.678452 -173.792572 -178.830048 179.452469 176.605438 178.004898 177.122986 174.791473 -179.171722 178.023697 -173.396851 179.593246 0.131823 3.707640 0.183849 0.131814 3.636049 0.300590 0.582729 2.631352 0.428519 179.999847 178.897949 -179.833054 179.999817 178.714294 -179.827133 162.698761 179.063629 179.815796 179.740967 177.350342 178.370102 9.784792 -9.197523 84.652634 178.171097 -178.908524 176.349350 174.761200 -177.026978 -176.636337 34.613834 46.780548 2.966973 0.000113 -0.000002 10.664643 0.000073 0.000021 7.102666 0.000000 0.000001 0.000000 15.000008 -0.000000 29.367300 0.000002 -0.000000 24.027781 180.000000 179.999985 -163.180557 0.000000 0.000001 0.000000 0.000003 0.000003 32.827564 0.000000 0.000004 32.827568 180.000000 179.999985 -158.136841 0.000000 0.000001 0.000000 170.000000 -180.000000 -150.460236 180.000000 -179.999985 -150.460266 0.000001 -0.000002 19.673470 0.000000 0.000001 0.000000 160.000015 -179.999985 -163.955338 0.000004 0.000001 24.067020 0.000002 -0.000000 16.028633 174.099396 -178.706757 175.208710 169.373672 -174.319534 99.952721 177.513290 -179.884766 -178.161530 6.897839 -4.883484 -8.149807 140.892410 127.129272 166.316269 179.999985 180.000000 167.093201 0.000004 -0.000001 -8.595933 0.000000 -0.000000 0.000000 165.000000 -180.000000 157.905487 180.000000 180.000000 161.922699 0.000001 -0.000002 -12.654123 0.000000 -0.000000 0.000000 180.000000 180.000000 153.086823 0.000000 0.000001 -26.913166 180.000000 180.000000 162.075821 0.000000 -0.000000 0.000000 10.000003 0.000000 -26.684906 180.000000 179.999985 153.315094 180.000000 180.000000 162.227859 0.000000 -0.000000 0.000000 20.000004 0.000004 -23.982130 180.000000 179.999985 144.026840 180.000000 180.000000 156.041855
-0.541480 96.996201 -0.283189 5.700345 -2.394488 2.405118 177.690720 174.022873 175.372223 175.260666 179.975021 -178.955093 179.663300 -173.718735 -178.729446 178.899261 176.796616 177.579025 177.502792 174.163605 -178.892487 178.126053 -172.970535 179.676712 0.140764 3.729637 0.168461 0.140752 3.657650 0.274468 0.627360 2.647152 0.397270 179.999985 178.741486 -179.800858 179.999985 178.531754 -179.793747 162.791870 178.928879 179.795883 179.738464 177.343750 178.368256 9.886207 -9.290622 84.725716 177.897430 -178.942627 176.232147 174.792694 -176.957855 -176.606247 34.698395 47.145149 3.530382 0.000105 -0.000001 10.842113 0.000059 0.000008 7.220824 180.000000 180.000000 -180.000000 15.000118 0.000062 29.369020 0.000050 0.000091 24.029160 0.000007 0.000073 16.820427 180.000000 180.000000 -180.000000 0.000067 0.000041 32.841755 0.000037 0.000071 32.841778 180.000000 179.999954 -158.127365 180.000000 180.000000 -180.000000 170.000000 -180.000000 -150.472687 0.000005 0.000004 29.527300 180.000000 -180.000000 -160.334824 180.000000 180.000000 -180.000000 159.999954 -179.999969 -163.944550 179.999954 -179.999924 -155.916840 179.999985 -179.999954 -163.960602 174.124451 -178.700516 175.171692 169.207153 -174.256210 99.920021 177.484909 -179.772293 -178.086365 6.856643 -4.888051 -8.172228 141.028427 127.163139 166.445587 0.000087 0.000036 -12.911489 0.000051 -0.000001 -8.599073 0.000000 0.000000 -0.000003 165.000015 -179.999985 157.902069 0.000009 -0.000006 -18.080126 0.000006 -0.000008 -12.656085 0.000000 0.000000 -0.000003 0.000198 -0.000031 -26.876482 0.000163 -0.000117 -26.876472 0.000060 -0.000119 -17.899736 0.000000 0.000000 -0.000003 10.000002 -0.000000 -26.668444 180.000000 179.999985 153.331589 180.000000 180.000000 162.238831 0.000000 0.000000 -0.000003 19.999969 0.000007 -23.963007 179.999969 179.999985 144.055573 179.999985 179.999969 156.061005
-0.398426 96.971466 -0.181469 5.799397 -2.413745 2.470064 177.817886 173.966064 175.300644 175.016693 179.973846 -178.948135 179.673859 -173.686966 -178.691559 178.162170 177.025055 177.124603 178.043747 173.436371 -178.597824 178.270386 -172.495178 179.785416 0.155488 3.761098 0.154505 0.155483 3.688493 0.250455 0.698705 2.669469 0.370736 179.999954 178.638535 -179.780777 179.999939 178.411621 -179.772980 162.860291 178.840103 179.783447 179.745163 177.333694 178.360229 10.049136 -9.378429 84.789314 177.639069 -178.906143 176.115021 174.857071 -176.842804 -176.553802 34.740379 47.243832 3.687167 179.999985 180.000000 -169.115921 180.000000 180.000000 -172.751221 0.000000 -0.000000 0.000000 14.999779 -0.000128 29.447008 179.999893 -179.999832 -155.907013 179.999985 -179.999847 -163.134888 0.000000 -0.000000 0.000000 0.000101 0.000054 32.851730 0.000052 0.000103 32.851719 179.999985 179.999924 -158.120758 0.000000 -0.000000 0.000000 170.000000 -179.999985 -150.469177 179.999985 -179.999985 -150.469162 180.000000 -179.999985 -160.332474 0.000000 -0.000000 0.000000 160.000031 179.999985 -163.970764 0.000028 0.000034 24.043850 0.000015 0.000031 16.013218 174.142670 -178.690842 175.143478 169.072891 -174.196381 99.896362 177.479294 -179.662537 -178.027740 6.844863 -4.917529 -8.173689 141.095825 127.173515 166.481750 0.000118 0.000049 -12.926659 0.000095 0.000016 -8.609149 0.000000 -0.000000 0.000000 164.999985 180.000000 157.890930 179.999985 179.999985 161.910751 179.999985 179.999985 167.337540 0.000000 -0.000000 0.000000 0.000032 -0.000004 -26.948332 0.000028 -0.000018 -26.948328 0.000011 -0.000019 -17.947594 0.000000 -0.000000 0.000000 9.999964 0.000008 -26.674166 179.999985 179.999985 153.325851 179.999985 179.999985 162.235031 0.000000 -0.000000 0.000000 19.999966 0.000007 -23.955585 179.999969 179.999985 144.066620 179.999985 179.999985 156.068375
-0.242734 96.942261 -0.081917 5.954285 -2.469059 2.531595 177.888870 173.872116 175.215347 174.859680 179.947098 -178.950806 179.596298 -173.632874 -178.641327 177.284714 177.311264 176.661087 178.696793 172.596863 -178.305008 178.403961 -171.995529 179.913132 0.163534 3.807109 0.142659 0.163524 3.733625 0.230302 0.738264 2.702360 0.347465 180.000000 178.446671 -179.754608 180.000000 178.187775 -179.745834 163.118713 178.676788 179.754669 179.754440 177.324066 178.344589 10.332759 -9.453126 84.851494 177.395477 -178.737106 175.992935 174.874084 -176.804840 -176.507492 34.783314 47.275368 3.779633 179.999847 -179.999985 -169.094070 179.999893 -179.999985 -172.736649 180.000000 -180.000000 179.999985 14.999999 0.000006 29.373716 0.000000 0.000001 24.033072 0.000002 0.000002 16.823139 180.000000 -180.000000 179.999985 179.999924 -179.999969 -147.104813 179.999969 -179.999924 -147.104782 0.000005 -0.000058 21.908190 180.000000 -180.000000 179.999985 170.000031 179.999985 -150.477417 0.000015 0.000031 29.522612 0.000001 0.000024 19.662052 180.000000 -180.000000 179.999985 160.000015 179.999985 -163.962463 0.000009 0.000017 24.056282 0.000010 0.000019 16.021486 174.155289 -178.678696 175.120316 168.979065 -174.138321 99.876488 177.486572 -179.578384 -177.985641 6.800748 -5.063086 -8.198203 141.211777 127.046806 166.474426 0.000099 0.000023 -12.962461 0.000066 0.000007 -8.632998 0.000000 -0.000000 0.000000 165.000015 179.999985 157.904190 0.000011 -0.000005 -18.078390 0.000008 -0.000008 -12.654866 0.000000 -0.000000 0.000000 179.999969 -180.000000 153.031860 179.999969 179.999985 153.031830 179.999985 179.999985 162.039246 0.000000 -0.000000 0.000000 10.000047 -0.000001 -26.653578 0.000037 -0.000018 -26.653553 0.000017 -0.000022 -17.751272 0.000000 -0.000000 0.000000 20.000044 -0.000000 -23.934818 0.000056 -0.000023 -35.902195 0.000025 -0.000038 -23.910851
-0.076460 96.907684 0.014944 6.111257 -2.535746 2.578482 177.938843 173.767410 175.126556 174.740479 179.912613 -178.941864 179.497391 -173.579208 -178.608475 176.359192 177.671799 176.221954 179.417068 171.663162 -178.023331 178.530319 -171.485001 -179.949905 0.172989 3.858925 0.133588 0.172974 3.784442 0.214675 0.783950 2.739263 0.330637 179.999985 178.361176 -179.737167 179.999985 178.088058 -179.727783 163.193130 178.602936 179.745346 179.727478 177.332504 178.336929 10.401555 -9.527129 84.898331 177.170456 -178.807190 175.915039 174.828171 -176.916138 -176.478043 34.916039 47.465034 4.019648 179.999969 -179.999985 -169.067368 179.999985 -179.999985 -172.718842 0.000000 0.000002 0.000000 15.000173 0.000095 29.349268 0.000084 0.000138 24.013058 0.000016 0.000112 16.809130 0.000000 0.000002 0.000000 179.999863 -179.999924 -147.108551 179.999939 -179.999863 -147.108490 0.000007 -0.000098 21.905725 0.000000 0.000002 0.000000 170.000183 179.999893 -150.495178 0.000107 0.000173 29.504826 180.000000 179.999863 -160.349792 0.000000 0.000002 0.000000 160.000015 179.999985 -163.959579 0.000008 0.000007 24.060654 0.000003 0.000010 16.024391 174.161438 -178.661118 175.104172 168.928818 -174.091751 99.865326 177.498184 -179.524246 -177.964172 6.790516 -5.135526 -8.197695 141.261078 127.013596 166.452911 0.000081 0.000009 -12.990482 0.000053 -0.000005 -8.651661 0.000000 0.000000 -0.000003 165.000015 179.999985 157.902313 0.000018 -0.000005 -18.079935 0.000011 -0.000006 -12.655945 0.000000 0.000000 -0.000003 0.000065 0.000008 -26.938240 0.000061 -0.000023 -26.938211 0.000030 -0.000032 -17.940863 0.000000 0.000000 -0.000003 10.000042 0.000010 -26.661634 0.000044 -0.000018 -26.661613 0.000021 -0.000021 -17.756638 0.000000 0.000000 -0.000003 20.000038 0.000005 -23.944456 0.000050 -0.000016 -35.916706 0.000020 -0.000027 -23.920500
0.096810 96.868561 0.107687 6.267895 -2.614393 2.605366 177.964493 173.658630 175.046814 174.655563 179.862762 -178.927277 179.389694 -173.523987 -178.581635 175.413879 178.063095 175.812592 0.202313 9.237521 2.269882 178.627396 -171.044876 -179.822495 0.188771 3.922421 0.127285 0.188752 3.846711 0.203345 0.858800 2.784184 0.321710 179.999939 178.271515 -179.715302 179.999924 177.983444 -179.705154 163.288620 178.524704 179.738556 179.775665 177.325073 178.307388 10.567396 -9.611983 84.966049 176.966278 -178.666245 175.822327 174.719589 -177.018143 -176.439743 34.755806 46.625767 3.150494 0.000211 -0.000034 10.725121 0.000144 0.000006 7.142947 0.000000 -0.000000 0.000003 14.999801 -0.000075 29.433563 179.999893 -179.999847 -155.917999 179.999985 -179.999878 -163.142593 0.000000 -0.000000 0.000003 179.999985 -179.999985 -147.145325 179.999985 -179.999985 -147.145294 180.000000 -179.999985 -158.118790 0.000000 -0.000000 0.000003 169.999832 -179.999939 -150.411102 179.999878 -179.999847 -150.411118 179.999985 -179.999863 -160.293823 0.000000 -0.000000 0.000003 160.000000 -180.000000 -163.957993 0.000004 0.000003 24.063011 0.000005 0.000008 16.025986 174.131393 -178.624695 175.103928 168.938370 -174.049271 99.855316 177.518143 -179.513565 -177.962448 6.795722 -5.241589 -8.200535 141.155609 126.950867 166.285477 0.000062 0.000002 -13.014477 0.000040 0.000010 -8.667626 0.000000 -0.000000 0.000000 165.000031 179.999985 157.900894 0.000027 -0.000003 -18.081066 0.000017 -0.000010 -12.656750 0.000000 -0.000000 0.000000 0.000084 0.000020 -26.944735 0.000085 -0.000021 -26.944752 0.000044 -0.000038 -17.945204 0.000000 -0.000000 0.000000 10.000044 0.000008 -26.668673 0.000050 -0.000009 -26.668684 0.000026 -0.000023 -17.761356 0.000000 -0.000000 0.000000 20.000044 0.000012 -23.948940 0.000067 -0.000012 -35.923447 0.000034 -0.000035 -23.925001
0.271573 96.823746 0.198741 6.422678 -2.705592 2.610408 177.963547 173.551987 174.988739 174.585754 179.796783 -178.915497 179.298798 -173.468094 -178.564011 174.508087 178.475418 175.457275 0.919199 10.341603 2.503498 178.763977 -170.427750 -179.664001 0.189078 3.974080 0.127765 0.189058 3.897400 0.203989 0.859851 2.820883 0.323164 179.999969 178.191757 -179.703552 179.999954 177.890366 -179.692993 163.427750 178.456116 179.729706 179.939102 177.272659 178.257904 10.744047 -9.684112 85.029053 176.794022 -178.511307 175.736389 174.687302 -177.125732 -176.416595 35.006157 47.120029 3.687215 179.999908 179.999985 -169.207825 179.999939 -179.999985 -172.812424 0.000000 -0.000000 0.000000 14.999952 -0.000013 29.375097 179.999985 -179.999969 -155.965805 179.999985 -179.999985 -163.176071 0.000000 -0.000000 0.000000 179.999985 -179.999985 -147.147949 179.999985 -179.999985 -147.147903 180.000000 -179.999985 -158.120499 0.000000 -0.000000 0.000000 170.000183 179.999954 -150.500381 0.000129 0.000148 29.499620 0.000031 0.000130 19.646736 0.000000 -0.000000 0.000000 160.000198 179.999939 -163.990570 0.000253 0.000189 24.014145 0.000107 0.000182 15.993414 174.205750 -178.631256 175.088593 169.007065 -174.012390 99.845001 177.540283 -179.543625 -177.973190 6.818982 -5.271012 -8.215547 141.072113 126.920532 166.171646 0.000081 0.000013 -13.027335 0.000067 0.000002 -8.676189 0.000000 -0.000000 0.000000 165.000046 179.999985 157.895615 0.000034 -0.000006 -18.085423 0.000022 -0.000010 -12.659789 0.000000 -0.000000 0.000000 0.000047 0.000012 -26.976698 0.000047 -0.000009 -26.976727 0.000025 -0.000021 -17.966476 0.000000 -0.000000 0.000000 10.000047 0.000012 -26.683352 0.000044 -0.000009 -26.683342 0.000023 -0.000016 -17.771109 0.000000 -0.000000 0.000000 20.000051 0.000010 -23.960730 0.000070 -0.000006 -35.941113 0.000036 -0.000033 -23.936783
0.442453 96.774307 0.288768 6.589698 -2.822124 2.591920 177.936752 173.427460 174.960999 174.580231 179.664215 -178.945557 179.155060 -173.352646 -178.516785 173.669464 178.844543 175.184402 1.558049 11.411846 2.674173 178.902115 -169.850616 -179.487366 0.195137 4.042953 0.131852 0.195116 3.964933 0.210332 0.887070 2.869423 0.334240 0.000092 1.820749 0.311248 0.000111 2.124228 0.322384 163.338303 178.443863 179.732101 0.060412 2.758334 -1.787139 10.863181 -9.756454 85.096107 176.647812 -178.417328 175.652832 174.663620 -177.229736 -176.395096 35.042648 47.069008 3.648362 179.999908 179.999985 -169.233505 179.999954 -180.000000 -172.829514 0.000000 0.000001 0.000000 15.000192 0.000053 29.325356 0.000121 0.000117 23.993477 0.000045 0.000107 16.795444 0.000000 0.000001 0.000000 0.000163 0.000042 32.814304 0.000111 0.000124 32.814320 0.000025 0.000110 21.854345 0.000000 0.000001 0.000000 170.000183 179.999954 -150.461807 0.000134 0.000132 29.538187 0.000031 0.000119 19.672419 0.000000 0.000001 0.000000 160.000183 179.999939 -163.945053 0.000257 0.000158 24.082394 0.000113 0.000167 16.038872 174.227890 -178.613770 175.086914 169.131836 -173.985214 99.828178 177.563538 -179.609848 -177.992386 6.777289 -5.165777 -8.198420 141.201569 127.035454 166.257965 0.000045 0.000014 -13.064226 0.000029 -0.000005 -8.700781 0.000000 -0.000000 0.000000 165.000229 179.999924 157.923004 0.000189 -0.000012 -18.063007 0.000123 -0.000052 -12.644114 0.000000 -0.000000 0.000000 0.000013 0.000004 -27.009298 0.000014 -0.000002 -27.009296 0.000008 -0.000006 -17.988190 0.000000 -0.000000 0.000000 10.000010 0.000004 -26.713379 0.000014 -0.000000 -26.713400 0.000010 -0.000007 -17.791103 0.000000 -0.000000 0.000000 20.000015 0.000001 -23.995674 0.000028 0.000004 -35.993538 0.000015 -0.000011 -23.971693
0.607208 96.721947 0.367962 6.711077 -2.935268 2.548786 177.973282 173.346863 174.971161 174.486252 179.554489 -178.948212 179.091660 -173.302689 -178.511276 172.732346 179.376984 174.978241 2.343731 12.594663 2.805633 179.049103 -169.308105 -179.318146 0.217907 4.126596 0.136232 0.217877 4.046939 0.216352 0.992534 2.927860 0.350896 179.999985 178.120865 -179.658798 179.999985 177.807678 -179.646606 163.397308 178.390228 179.737122 0.120999 2.749750 -1.816216 11.099373 -9.806122 85.136780 176.540665 -178.176071 175.588181 174.654770 -177.364883 -176.388809 35.058704 47.004929 3.583743 179.999908 179.999985 -169.260742 179.999954 -179.999985 -172.847641 180.000000 -180.000000 180.000000 14.999747 -0.000049 29.446024 179.999847 -179.999863 -155.907791 179.999939 -179.999863 -163.135452 180.000000 -180.000000 180.000000 179.999786 -179.999969 -147.084305 179.999847 -179.999847 -147.084290 179.999969 -179.999847 -158.078140 180.000000 -180.000000 180.000000 169.999481 -179.999908 -150.294113 179.999588 -179.999649 -150.294113 179.999878 -179.999664 -160.215881 180.000000 -180.000000 180.000000 159.999710 -179.999939 -163.798920 179.999588 -179.999786 -155.698349 179.999802 -179.999756 -163.815125 174.182556 -178.558426 175.112030 169.256439 -173.957062 99.814644 177.601013 -179.655777 -178.020370 6.780392 -5.130043 -8.215787 141.121140 127.041069 166.139206 0.000029 -0.000000 -13.087237 0.000012 0.000006 -8.716095 0.000000 -0.000000 0.000000 165.000015 179.999985 157.783081 0.000016 -0.000001 -18.177475 0.000009 -0.000004 -12.724239 0.000000 -0.000000 0.000000 0.000010 0.000004 -27.015577 0.000010 -0.000001 -27.015621 0.000006 -0.000004 -17.992382 0.000000 -0.000000 0.000000 10.000010 0.000006 -26.720680 0.000012 -0.000003 -26.720678 0.000008 -0.000004 -17.795994 0.000000 -0.000000 0.000000 19.999899 -0.000042 -24.042265 179.999847 180.000000 143.936584 179.999924 179.999954 155.981781
0.766773 96.668243 0.438617 6.824181 -3.065125 2.490953 178.004791 173.270859 175.004044 174.406448 179.365479 -178.979492 179.028717 -173.195572 -178.486450 171.860611 179.861755 174.842392 3.062242 13.709761 2.873703 179.196060 -168.804337 -179.150131 0.240748 4.218067 0.142257 0.240709 4.136600 0.225031 1.097942 2.991673 0.371386 179.999893 178.066498 -179.624481 179.999878 177.744263 -179.611084 163.463882 178.339111 179.746140 0.215510 2.751056 -1.850089 11.521480 -9.846868 85.165550 176.467361 -177.848297 175.489410 174.663162 -177.366562 -176.358429 35.140614 47.103920 3.598629 180.000000 -179.999985 -169.307755 0.000002 0.000002 7.121042 0.000002 -0.000001 -0.000000 14.999935 -0.000015 29.345171 179.999969 -179.999969 -155.990326 179.999985 -179.999969 -163.193237 0.000002 -0.000001 -0.000000 0.000142 0.000025 32.793530 0.000108 0.000096 32.793541 0.000024 0.000089 21.840483 0.000002 -0.000001 -0.000000 170.000153 179.999985 -150.567368 0.000112 0.000096 29.432657 0.000035 0.000094 19.602152 0.000002 -0.000001 -0.000000 159.999985 -180.000000 -163.954117 179.999985 -179.999985 -155.931137 179.999985 -179.999985 -163.970139 174.138306 -178.501633 175.142105 169.509216 -173.971405 99.774658 177.570496 -179.829376 -178.038849 6.800768 -5.110494 -8.243804 141.111694 127.067009 166.118851 0.000020 0.000009 -13.097505 0.000014 0.000001 -8.722952 180.000000 180.000000 -180.000000 165.000000 -179.999985 157.769745 180.000000 180.000000 161.811615 180.000000 -180.000000 167.268143 180.000000 180.000000 -180.000000 179.999908 -179.999969 152.947769 179.999893 179.999985 152.947769 179.999939 179.999969 161.983215 180.000000 180.000000 -180.000000 10.000012 0.000003 -26.726480 0.000007 -0.000001 -26.726480 0.000005 -0.000003 -17.799845 180.000000 180.000000 -180.000000 19.999920 -0.000042 -23.988199 179.999847 -179.999985 144.017715 179.999924 179.999954 156.035828
0.923165 96.614059 0.505180 6.925259 -3.207615 2.423636 178.036072 173.201340 175.047470 174.333145 179.130661 -179.020187 178.974319 -173.059433 -178.454575 171.081421 -179.709686 174.764252 3.683764 14.790802 2.875544 179.342880 -168.295517 -178.979767 0.261172 4.311861 0.149099 0.261129 4.228541 0.235128 1.191833 3.057116 0.393268 179.999771 178.021423 -179.587311 179.999741 177.691681 -179.572601 163.522125 178.295212 179.759079 0.264963 2.739503 -1.873191 11.853620 -9.877875 85.166336 176.435242 -177.681274 175.420013 174.594620 -177.430069 -176.315292 34.860077 46.383560 3.119523 179.999741 179.999939 -169.289169 179.999847 179.999985 -172.866592 0.000001 -0.000000 0.000000 14.999961 -0.000000 29.318516 179.999985 -179.999985 -156.012115 179.999985 -179.999985 -163.208496 0.000001 -0.000000 0.000000 179.999847 179.999985 -147.095734 179.999847 -179.999924 -147.095734 179.999954 -179.999908 -158.085770 0.000001 -0.000000 0.000000 169.999878 179.999985 -150.453491 179.999878 -179.999939 -150.453491 179.999954 -179.999924 -160.322021 0.000001 -0.000000 0.000000 160.000000 -179.999985 -163.960831 179.999985 -179.999985 -155.941254 179.999985 -179.999985 -163.976852 174.116028 -178.453232 175.171448 169.753998 -174.007553 99.733231 177.581848 -179.868271 -178.080307 6.761742 -4.982993 -8.234130 141.107422 127.087852 166.104828 0.000026 0.000013 -13.106124 0.000014 -0.000002 -8.728684 0.000000 -0.000000 0.000000 165.000000 179.999985 157.775452 0.000006 -0.000001 -18.183701 0.000004 0.000000 -12.728577 0.000000 -0.000000 0.000000 0.000094 0.000042 -26.939367 0.000102 -0.000005 -26.939379 0.000059 -0.000034 -17.941608 0.000000 -0.000000 0.000000 9.999922 -0.000038 -26.759823 179.999924 179.999985 153.240158 179.999954 179.999985 162.177948 0.000000 -0.000000 0.000000 20.000168 0.000086 -23.841255 0.000275 0.000026 -35.761913 0.000156 -0.000093 -23.817434
1.080052 96.561783 0.568822 7.012954 -3.359234 2.347826 178.071167 173.135452 175.095642 174.254364 178.906631 -179.045776 178.936707 -172.949295 -178.436020 170.394730 -179.369171 174.713943 4.276680 15.616549 2.882810 179.426041 -167.965683 -178.836777 0.294204 4.421825 0.153952 0.294158 4.336331 0.241111 1.345001 3.133442 0.414293 179.999756 177.970810 -179.535767 179.999725 177.632614 -179.519226 163.570602 178.244324 179.779099 0.159652 2.663710 -1.847850 12.294794 -9.872115 85.110085 176.443497 -177.490158 175.369797 174.604401 -177.346634 -176.280655 35.054348 46.815365 3.277282 179.999969 179.999985 -169.376465 179.999969 -179.999985 -172.924728 0.000000 -0.000000 0.000000 14.999976 0.000003 29.296354 179.999985 -179.999985 -156.030273 179.999985 -179.999985 -163.221191 0.000000 -0.000000 0.000000 179.999985 179.999985 -147.214325 179.999985 -179.999985 -147.214294 179.999985 -179.999985 -158.164734 0.000000 -0.000000 0.000000 170.000000 180.000000 -150.564972 179.999985 -179.999985 -150.564957 179.999985 -179.999985 -160.396301 0.000000 -0.000000 0.000000 160.000015 179.999985 -163.968384 179.999985 -179.999985 -155.952576 179.999985 -179.999985 -163.984421 174.015900 -178.370926 175.218918 169.985153 -174.068695 99.691299 177.589645 -179.877197 -178.122299 6.691525 -4.817568 -8.204240 141.136414 127.137222 166.096985 179.999985 -179.999985 166.867859 179.999985 -180.000000 171.253998 0.000000 -0.000000 0.000000 164.999985 -179.999985 157.764023 179.999985 -179.999985 161.806931 179.999985 179.999985 167.264862 0.000000 -0.000000 0.000000 179.999985 -179.999985 152.964233 179.999985 -180.000000 152.964249 179.999985 179.999985 161.994171 0.000000 -0.000000 0.000000 10.000067 0.000037 -26.663416 0.000074 0.000003 -26.663383 0.000044 -0.000021 -17.757830 0.000000 -0.000000 0.000000 19.999981 -0.000014 -24.036749 179.999969 -179.999985 143.944870 179.999985 179.999985 155.987305
1.240248 96.512047 0.629356 7.085214 -3.513973 2.265835 178.102386 173.075653 175.138885 174.167450 178.755081 -179.033813 178.931320 -172.921173 -178.451126 169.807770 -179.105469 174.660934 4.796707 16.338652 2.904757 179.490952 -167.651001 -178.721146 0.320221 4.523555 0.158536 0.320172 4.436058 0.246962 1.465389 3.204182 0.433102 179.999847 177.871262 -179.477554 179.999832 177.516510 -179.458923 163.807251 178.151611 179.795914 0.161224 2.626992 -1.851830 12.557331 -9.901405 85.104019 176.488434 -177.410995 175.303314 174.609238 -177.256119 -176.252075 35.048733 46.807785 3.207730 179.999985 179.999985 -169.407455 179.999985 180.000000 -172.945374 0.000000 -0.000000 0.000000 15.000082 -0.000024 29.248379 0.000065 0.000015 23.930475 0.000037 0.000032 16.751333 0.000000 -0.000000 0.000000 179.999985 179.999985 -147.229858 179.999985 -179.999985 -147.229858 179.999985 -179.999985 -158.175095 0.000000 -0.000000 0.000000 169.999985 179.999985 -150.577301 179.999985 -179.999985 -150.577316 179.999985 -179.999985 -160.404480 0.000000 -0.000000 0.000000 160.000000 180.000000 -163.975159 179.999985 -180.000000 -155.962753 179.999985 -180.000000 -163.991196 173.970963 -178.310455 175.259720 170.199768 -174.158081 99.648476 177.594666 -179.863098 -178.158066 6.731191 -4.801711 -8.242760 140.908249 126.992752 165.884033 0.000008 0.000001 -13.107374 0.000000 -0.000003 -8.729498 0.000000 -0.000000 0.000000 164.999924 -179.999969 157.754395 179.999939 -179.999985 161.799026 179.999969 179.999985 167.259338 0.000000 -0.000000 0.000000 180.000000 -180.000000 152.987442 180.000000 180.000000 152.987457 180.000000 180.000000 162.009628 0.000000 -0.000000 0.000000 10.000001 -0.000005 -26.723629 180.000000 -180.000000 153.276367 180.000000 180.000000 162.202072 0.000000 -0.000000 0.000000 20.000004 -0.000002 -24.014248 180.000000 -179.999985 143.978668 180.000000 180.000000 156.009766
1.407212 96.464310 0.703114 7.140005 -3.667064 2.180842 178.105682 172.996323 175.173630 174.190445 178.421005 -179.077667 178.853867 -172.690140 -178.399536 169.534958 -179.057312 174.606781 5.013829 16.838493 2.921942 179.541489 -167.365555 -178.617294 0.338504 4.609796 0.163159 0.338454 4.520605 0.253318 1.549638 3.264253 0.449957 179.999893 177.836014 -179.429871 179.999878 177.475357 -179.409515 163.858383 178.114365 179.816895 0.214960 2.617802 -1.864003 12.777498 -9.929208 85.071213 176.567184 -177.384888 175.263153 174.606262 -177.147171 -176.222839 35.039528 46.799747 3.138655 179.999985 179.999985 -169.436584 179.999985 -180.000000 -172.964767 0.000000 0.000001 0.000003 15.000058 -0.000023 29.323296 0.000052 0.000006 23.991793 0.000030 0.000019 16.794249 0.000000 0.000001 0.000003 179.999985 179.999985 -147.247910 179.999985 -179.999985 -147.247910 179.999985 -179.999985 -158.187119 0.000000 0.000001 0.000003 170.000000 179.999985 -150.595474 180.000000 -179.999985 -150.595459 180.000000 -179.999985 -160.416565 0.000000 0.000001 0.000003 160.000015 -180.000000 -163.986908 180.000000 179.999985 -155.980347 180.000000 -179.999985 -164.002914 173.987534 -178.280518 175.288071 170.419724 -174.280151 99.597244 177.592056 -179.856369 -178.182343 6.689854 -4.674420 -8.236115 140.962296 127.059593 165.893112 180.000000 180.000000 166.860367 180.000000 -179.999985 171.249008 0.000000 -0.000000 0.000000 165.000061 179.999969 157.883240 0.000061 0.000006 -18.095539 0.000043 -0.000009 -12.666862 0.000000 -0.000000 0.000000 179.999985 -179.999985 152.975006 179.999969 -179.999985 152.974991 179.999985 179.999985 162.001343 0.000000 -0.000000 0.000000 9.999976 -0.000016 -26.729671 179.999985 -179.999985 153.270355 179.999985 179.999985 162.198029 0.000000 -0.000000 0.000000 19.999981 -0.000021 -24.025175 179.999969 -179.999985 143.962234 179.999985 179.999985 155.998825
1.578142 96.419235 0.785783 7.182932 -3.815417 2.090567 178.093063 172.912292 175.200836 174.224670 178.164749 -179.084747 178.795151 -172.529205 -178.380936 169.424576 -179.067825 174.546829 5.075564 17.255762 2.953770 179.595612 -167.113266 -178.528259 0.356533 4.688197 0.166474 0.356481 4.597463 0.257505 1.633036 3.318824 0.463907 179.999847 177.778107 -179.370880 179.999832 177.407791 -179.348404 163.960373 178.056427 179.841461 0.263851 2.604060 -1.872228 12.977829 -9.945409 85.036270 176.681915 -177.279495 175.244110 174.604523 -177.113953 -176.218796 35.013550 46.794678 3.063755 179.999985 180.000000 -169.461945 0.000002 -0.000002 7.018335 0.000000 -0.000000 0.000000 14.999885 0.000061 29.458923 179.999893 -179.999985 -155.897263 179.999939 -179.999969 -163.128067 0.000000 -0.000000 0.000000 0.000051 -0.000027 32.711727 0.000060 0.000003 32.711746 0.000030 0.000021 21.786015 0.000000 -0.000000 0.000000 170.000046 -179.999985 -150.626038 0.000047 -0.000003 29.373957 0.000034 0.000017 19.563051 0.000000 -0.000000 0.000000 160.000046 -179.999985 -164.010361 0.000071 -0.000029 23.984440 0.000049 0.000009 15.973647 174.011810 -178.254654 175.318970 170.555252 -174.404678 99.556259 177.637558 -179.770477 -178.201401 6.593015 -4.501758 -8.208067 140.748688 126.854126 165.798569 180.000000 -179.999985 166.948395 0.000002 0.000000 -8.692365 0.000000 -0.000000 0.000000 165.000000 -179.999985 157.732834 179.999985 -179.999985 161.781387 179.999985 -180.000000 167.246994 0.000000 -0.000000 0.000000 179.999985 -179.999985 153.036285 179.999985 -179.999985 153.036301 179.999985 179.999985 162.042160 0.000000 -0.000000 0.000000 9.999990 -0.000009 -26.672409 179.999985 -179.999985 153.327591 179.999985 179.999985 162.236191 0.000000 -0.000000 0.000000 19.999987 -0.000009 -23.964195 179.999985 -179.999985 144.053696 179.999985 180.000000 156.059784
1.749551 96.377327 0.872750 7.218245 -3.957484 1.993313 178.057678 172.823654 175.225723 174.284836 177.958435 -179.070526 178.741776 -172.409622 -178.384262 169.481232 -179.113297 174.493240 4.968834 17.615791 2.986601 179.656708 -166.896866 -178.443878 0.373233 4.756508 0.168239 0.373181 4.664432 0.259199 1.710598 3.366400 0.474050 179.999802 177.715363 -179.306015 179.999771 177.334595 -179.281250 164.061432 177.993652 179.868530 0.303616 2.585110 -1.870606 13.162698 -9.947361 84.992043 176.824570 -177.187531 175.234665 174.614517 -177.156342 -176.240723 34.946751 46.703484 2.945808 0.000004 0.000001 10.525158 0.000000 0.000003 7.009753 0.000000 -0.000000 0.000000 15.000008 -0.000000 29.220245 180.000000 179.999985 -156.092560 0.000003 -0.000002 16.735235 0.000000 -0.000000 0.000000 179.999985 179.999985 -147.167603 179.999985 179.999985 -147.167603 179.999985 -179.999985 -158.133621 0.000000 -0.000000 0.000000 170.000000 179.999985 -150.516785 179.999985 179.999985 -150.516785 179.999985 -180.000000 -160.364182 0.000000 -0.000000 0.000000 160.000000 179.999985 -163.893097 179.999985 179.999985 -155.839615 179.999985 179.999985 -163.909210 174.047180 -178.234802 175.354599 170.705139 -174.551849 99.507416 177.648727 -179.790695 -178.190460 6.493095 -4.371655 -8.188262 140.589493 126.705231 165.734772 0.000007 0.000002 -12.983284 180.000000 -179.999985 171.353134 0.000000 -0.000000 0.000000 165.000000 -179.999985 157.784073 180.000000 -180.000000 161.823349 180.000000 -180.000000 167.276352 0.000000 -0.000000 0.000000 180.000000 -179.999985 153.083130 180.000000 -180.000000 153.083130 180.000000 180.000000 162.073380 0.000000 -0.000000 0.000000 9.999999 -0.000001 -26.628736 180.000000 -180.000000 153.371277 180.000000 -180.000000 162.265274 0.000000 -0.000000 0.000000 19.999987 -0.000001 -23.917702 180.000000 180.000000 144.123444 180.000000 -180.000000 156.106201
1.918946 96.335518 0.959737 7.246423 -4.097632 1.894825 178.028259 172.721298 175.253937 174.390213 177.634201 -179.096497 178.640381 -172.155014 -178.347229 169.629410 -179.157715 174.446503 4.754611 18.006689 2.992476 179.737869 -166.660812 -178.344757 0.390898 4.823185 0.170106 0.390846 4.729793 0.260960 1.792334 3.412642 0.484678 0.000001 2.332011 0.757334 0.000001 2.720686 0.784376 164.121765 177.943985 179.896866 0.392028 2.583792 -1.890120 13.323775 -9.953463 85.001053 176.986160 -177.073196 175.181656 174.671265 -177.125732 -176.274078 34.991714 46.799473 2.633933 179.999847 179.999939 -169.668823 179.999908 179.999985 -173.119431 0.000001 0.000000 -0.000003 15.000196 -0.000399 29.103043 0.000283 -0.000216 23.811569 0.000243 -0.000059 16.668089 0.000001 0.000000 -0.000003 179.999985 179.999954 -147.272278 179.999969 179.999969 -147.272324 179.999969 179.999985 -158.203354 0.000001 0.000000 -0.000003 169.999924 179.999619 -150.430374 179.999756 179.999710 -150.430389 179.999756 179.999908 -160.306656 0.000001 0.000000 -0.000003 159.999985 179.999619 -163.881912 179.999802 179.999466 -155.822891 179.999741 179.999725 -163.898041 174.083801 -178.215744 175.392487 170.856277 -174.707703 99.452469 177.657425 -179.823090 -178.168503 6.353872 -4.205453 -8.155560 140.482666 126.608078 165.697388 180.000000 -180.000000 167.064850 0.000005 -0.000001 -8.614802 0.000000 -0.000000 0.000000 165.000015 -180.000000 157.819580 0.000000 0.000000 -18.147612 0.000002 -0.000002 -12.703339 0.000000 -0.000000 0.000000 180.000000 180.000000 153.115585 0.000000 0.000000 -26.884401 180.000000 180.000000 162.094971 0.000000 -0.000000 0.000000 9.999989 0.000001 -26.598530 0.000004 -0.000002 -26.598537 180.000000 179.999985 162.285370 0.000000 -0.000000 0.000000 19.999998 0.000001 -23.885612 180.000000 179.999985 144.171585 0.000003 -0.000006 -23.861710
2.086930 96.300522 1.053227 7.279112 -4.226099 1.783902 177.914062 172.618881 175.274628 174.494278 177.536118 -179.054672 178.626694 -172.114136 -178.373947 169.990356 -179.238937 174.434662 4.346178 18.232624 3.036026 179.794525 -166.573212 -178.289413 0.402941 4.870723 0.168678 0.402882 4.776410 0.257661 1.849003 3.445999 0.486334 0.000118 2.425162 0.841225 0.000136 2.829358 0.871267 164.291870 177.853149 179.930573 0.424105 2.557205 -1.872541 13.447545 -9.952988 84.885513 177.160110 -176.999893 175.255981 174.673721 -177.087051 -176.290695 34.579262 46.318325 3.202469 179.999207 179.999588 -169.114548 179.999435 179.999832 -172.750305 0.000000 -0.000000 0.000000 14.999874 0.000588 29.427692 179.999695 179.999634 -155.922775 179.999695 179.999847 -163.145950 0.000000 -0.000000 0.000000 0.000000 0.000049 32.714016 179.999985 179.999969 -147.286026 179.999985 179.999985 -158.212463 0.000000 -0.000000 0.000000 170.000000 -179.999649 -150.690689 0.000166 -0.000312 29.309267 0.000198 -0.000126 19.519989 0.000000 -0.000000 0.000000 159.999969 -179.999619 -164.148727 0.000088 -0.000558 23.776899 0.000208 -0.000317 15.835424 174.116989 -178.223267 175.462921 171.073441 -174.871384 99.369347 177.678986 -179.896011 -178.138077 6.116789 -3.970018 -8.070914 140.482681 126.608086 165.697403 0.000006 0.000006 -12.935140 0.000004 -0.000003 -8.614815 0.000000 -0.000000 0.000000 165.000015 180.000000 157.819595 180.000000 -180.000000 161.852371 0.000000 -0.000001 -12.703339 0.000000 -0.000000 0.000000 0.000001 0.000001 -26.884422 0.000001 -0.000001 -26.884411 180.000000 180.000000 162.094986 0.000000 -0.000000 0.000000 9.999993 0.000000 -26.598534 0.000001 0.000001 -26.598534 0.000000 -0.000002 -17.714624 0.000000 -0.000000 0.000000 19.999998 0.000005 -23.885616 0.000001 -0.000002 -35.828419 180.000000 -180.000000 156.138275
2.256443 96.268219 1.153171 7.315829 -4.347951 1.669190 177.759750 172.534958 175.288742 174.688431 177.237213 -179.083527 178.554947 -171.884552 -178.313477 170.419983 -179.336578 174.435104 3.773583 18.502195 2.982425 179.925827 -166.433182 -178.163940 0.412039 4.909146 0.164771 0.411980 4.814112 0.250434 1.892508 3.473307 0.481579 180.000000 177.480408 -179.079956 0.000001 2.939530 0.952909 164.395325 177.762299 179.959793 0.445859 2.524903 -1.841690 13.521801 -9.918048 84.905220 177.388885 -176.948914 175.208572 174.678818 -177.030930 -176.318832 34.712421 46.564697 2.593494 179.999985 179.999985 -169.524048 180.000000 179.999985 -173.023010 0.000000 -0.000000 0.000000 15.000026 -0.000401 29.068623 0.000172 -0.000277 23.783396 0.000190 -0.000132 16.648369 0.000000 -0.000000 0.000000 179.999969 -179.999588 -147.398697 0.000188 -0.000360 32.601295 0.000226 -0.000129 21.712465 0.000000 -0.000000 0.000000 170.000061 179.999649 -150.447769 179.999878 179.999649 -150.447739 179.999832 179.999847 -160.318192 0.000000 -0.000000 0.000000 160.000092 179.999634 -163.894119 179.999985 179.999451 -155.841171 179.999847 179.999664 -163.910233 174.218094 -178.204620 175.488434 171.246124 -175.086578 99.331001 177.705734 -179.971741 -178.111526 5.878011 -3.729551 -7.977823 138.762039 125.463058 165.236343 0.019091 0.009744 -12.159843 0.013833 0.003490 -8.098485 0.000000 -0.000000 0.000000 165.000000 179.999985 157.819595 180.000000 -180.000000 161.852386 0.000000 0.000000 -12.703331 0.000000 -0.000000 0.000000 180.000000 180.000000 153.115570 0.000001 -0.000001 -26.884384 180.000000 180.000000 162.094971 0.000000 -0.000000 0.000000 9.999993 -0.000000 -26.598526 180.000000 -180.000000 153.401459 180.000000 -180.000000 162.285370 0.000000 -0.000000 0.000000 20.000006 -0.000001 -23.551250 0.000000 0.000000 -35.326900 0.000000 0.000000 -23.527681
2.431611 96.237862 1.261170 7.362035 -4.465687 1.552896 177.563065 172.479004 175.289230 174.942032 176.840881 -179.131943 178.456726 -171.582748 -178.215363 170.862045 -179.456970 174.435455 3.191508 18.740061 2.919067 0.041136 -13.702559 1.978813 0.418130 4.939993 0.158365 0.418071 4.844389 0.239249 1.922588 3.495663 0.470352 179.999924 177.382812 -179.002045 179.999908 176.946609 -178.966400 164.479935 177.669128 179.987228 0.459097 2.485891 -1.801940 13.532454 -9.922915 84.779968 177.580734 -176.931549 175.326492 174.730835 -176.977295 -176.387253 34.615627 46.522549 2.494350 179.999985 179.999969 -169.524170 179.999985 179.999985 -173.023087 0.000000 -0.000000 0.000000 15.000060 0.000468 29.379940 179.999847 179.999634 -155.961884 179.999817 179.999817 -163.173309 0.000000 -0.000000 0.000000 0.000106 0.000430 32.903683 179.999847 179.999588 -147.096329 179.999771 179.999817 -158.086166 0.000000 -0.000000 0.000000 170.000015 179.999954 -150.598221 179.999985 179.999939 -150.598267 179.999985 179.999985 -160.418457 0.000000 -0.000000 0.000000 160.000015 179.999969 -164.048538 0.000012 0.000073 23.927183 179.999985 179.999954 -164.064484 174.323425 -178.183044 175.513718 171.435013 -175.305878 99.297127 177.747894 179.942612 -178.087326 5.355499 -3.323464 -7.779114 142.861801 128.169373 166.552628 0.000337 0.000287 -13.881039 0.000251 0.000140 -9.244791 0.000000 0.000000 0.000000 165.001373 179.998367 158.158646 0.001551 0.000812 -17.870213 0.001209 0.000203 -12.509130 0.000000 0.000000 0.000000 0.001462 0.001854 -26.500116 0.002143 0.000993 -26.500113 0.001571 -0.000055 -17.649059 0.000000 0.000000 0.000000 10.001071 0.001493 -26.289665 0.001629 0.000850 -26.289669 0.001224 0.000023 -17.508907 0.000000 0.000000 0.000000 20.000095 0.000140 -24.215557 0.000202 0.000136 -36.323322 0.000162 -0.000007 -24.191313
2.617532 96.207947 1.384850 7.416675 -4.578451 1.435035 177.347977 172.465317 175.279785 175.264404 176.176575 -179.261169 178.290344 -171.056503 -178.015533 171.301636 -179.599823 174.431488 2.618791 18.944336 2.860858 0.141638 -13.833475 2.123929 0.421455 4.962586 0.149514 0.421391 4.866589 0.224187 1.940320 3.512560 0.452801 179.999878 177.282257 -178.927170 179.999847 176.829315 -178.888870 164.545456 177.574158 -179.988358 0.468418 2.445375 -1.758790 13.612041 -9.916827 84.600815 177.778976 -176.809357 175.504303 174.646271 -176.937347 -176.381256 34.513912 46.488564 2.543679 179.999680 179.999741 -169.449295 179.999756 179.999863 -172.973236 0.000000 -0.000000 0.000000 15.000023 0.000058 29.118046 179.999985 179.999969 -156.176178 179.999985 179.999985 -163.323334 0.000000 -0.000000 0.000000 0.000006 0.000019 32.656132 180.000000 179.999985 -147.343872 179.999985 179.999985 -158.251022 0.000000 -0.000000 0.000000 170.000000 179.999985 -150.629822 0.000000 0.000007 29.370169 180.000000 179.999985 -160.439468 0.000000 -0.000000 0.000000 159.999878 -179.999695 -164.144836 179.999954 -179.999481 -156.217239 0.000107 -0.000322 15.839314 174.437592 -178.162430 175.538559 171.632187 -175.523193 99.267128 177.805786 179.850616 -178.062424 5.436929 -3.262715 -7.773585 141.450974 127.252159 165.667038 0.001151 0.000372 -13.513791 0.000804 0.000056 -9.000179 0.000000 -0.000000 0.000000 164.999619 -179.999557 157.341843 179.999588 -179.999786 161.461502 179.999680 -179.999954 167.023056 0.000000 -0.000000 0.000000 179.999985 -179.999985 152.667664 179.999985 -179.999985 152.667648 179.999985 180.000000 161.796631 0.000000 -0.000000 0.000000 10.000000 -0.000007 -26.957027 179.999985 -179.999985 153.042999 179.999985 -179.999985 162.046646 0.000000 -0.000000 0.000000 20.000002 0.000013 -24.274080 0.000020 0.000016 -36.411140 0.000017 -0.000003 -24.249805
2.804100 96.180008 1.504336 7.478485 -4.682745 1.313473 177.144592 172.505554 175.271515 175.520966 175.716095 -179.289124 178.188232 -170.773315 -177.905411 171.704651 -179.742340 174.424561 2.104189 19.099634 2.842281 0.220307 -13.927500 2.235696 0.421767 4.975802 0.137623 0.421698 4.879614 0.204282 1.944688 3.523286 0.427518 179.999847 177.179596 -178.854599 179.999832 176.709549 -178.813690 164.594330 177.477921 -179.966202 0.482617 2.400239 -1.707943 13.630297 -9.862156 84.677544 178.040359 -176.728455 175.446762 174.653015 -176.879837 -176.431183 34.660252 46.701546 1.675295 179.999893 179.999985 -169.988052 179.999954 179.999985 -173.332031 0.000000 0.000000 -0.000003 14.999958 -0.000307 29.016909 0.000092 -0.000240 23.741100 0.000127 -0.000126 16.618763 0.000000 0.000000 -0.000003 0.000009 0.000032 32.653610 179.999985 179.999985 -147.346405 179.999985 179.999985 -158.252686 0.000000 0.000000 -0.000003 170.000015 179.999969 -150.626144 180.000000 179.999969 -150.626160 179.999985 179.999985 -160.437042 0.000000 0.000000 -0.000003 160.000153 179.999664 -163.912262 0.000068 0.000516 24.131634 179.999893 179.999664 -163.928345 174.563675 -178.141708 175.566711 171.830688 -175.732834 99.236900 177.885437 179.754044 -178.029236 5.591854 -3.248781 -7.804442 141.997879 127.933449 165.573441 179.999985 -179.999985 166.066833 179.999985 179.999985 170.720520 0.000000 -0.000000 0.000000 165.000275 179.999710 157.596451 0.000289 0.000147 -18.330183 0.000224 0.000032 -12.831122 0.000000 -0.000000 0.000000 179.999985 -179.999985 152.673965 179.999985 -179.999985 152.673996 179.999985 180.000000 161.800873 0.000000 -0.000000 0.000000 9.999981 -0.000021 -26.957218 179.999985 -179.999985 153.042786 179.999985 179.999985 162.046494 0.000000 -0.000000 0.000000 19.999794 -0.000336 -24.347292 179.999512 -179.999664 143.479050 179.999603 179.999985 155.677063
2.997822 96.151176 1.627231 7.549847 -4.776767 1.184878 176.970169 172.602982 175.276657 175.805893 175.022949 -179.383316 178.015091 -170.359131 -177.815048 172.070114 -179.868652 174.425323 1.583763 19.325191 2.759562 0.320261 -14.085649 2.388093 0.419297 4.980179 0.123494 0.419229 4.883972 0.180848 1.936597 3.528062 0.396316 179.999878 177.067963 -178.785660 179.999847 176.579285 -178.742294 164.631790 177.374878 -179.948547 0.496742 2.347246 -1.650486 13.529418 -9.841491 84.604324 178.259430 -176.760498 175.565704 174.659180 -176.833115 -176.477783 34.424480 46.516258 2.374119 179.999725 179.999847 -169.501282 179.999786 179.999939 -173.007858 180.000000 180.000000 -180.000000 15.000065 0.000416 29.283009 179.999878 179.999680 -156.041183 179.999847 179.999832 -163.228836 180.000000 180.000000 -180.000000 0.000012 0.000046 32.649082 179.999985 179.999954 -147.350922 179.999985 179.999985 -158.255722 180.000000 180.000000 -180.000000 169.999908 -179.999756 -150.701294 0.000044 -0.000257 29.298704 0.000107 -0.000133 19.512943 180.000000 180.000000 -180.000000 159.999893 -179.999741 -164.149033 179.999954 -179.999588 -156.223541 0.000080 -0.000266 15.835119 174.715561 -178.107132 175.583740 172.001907 -175.945572 99.222504 177.991730 179.659348 -177.986755 5.679420 -3.192677 -7.782490 141.461716 127.479294 165.588013 179.999908 -179.999985 166.401993 179.999939 179.999985 170.943726 0.000000 -0.000000 0.000000 164.999802 -179.999786 157.419861 179.999802 -179.999893 161.525360 179.999847 -179.999985 167.067749 0.000000 -0.000000 0.000000 179.999847 -179.999802 152.649185 179.999756 -179.999893 152.649170 179.999832 179.999985 161.784348 0.000000 -0.000000 0.000000 9.999624 -0.000521 -27.030025 179.999435 -179.999710 152.969971 179.999588 -179.999985 161.998001 0.000000 -0.000000 0.000000 19.999647 -0.000567 -24.279316 179.999176 -179.999435 143.581039 179.999329 179.999985 155.744949
3.191415 96.121994 1.742942 7.628796 -4.861311 1.045013 176.843750 172.756516 175.311539 176.048676 174.346115 -179.455017 177.836823 -170.031128 -177.804886 172.387466 -179.973480 174.437820 1.180571 19.489573 2.746900 0.353971 -14.177429 2.476588 0.415346 4.978871 0.107926 0.415281 4.882758 0.155139 1.921944 3.528986 0.361409 179.999847 176.979462 -178.720322 179.999817 176.476044 -178.674622 164.626221 177.291641 -179.929565 0.514766 2.283566 -1.591618 13.396009 -9.837161 84.426178 178.452484 -176.813156 175.803177 174.658432 -176.800522 -176.517746 34.461639 46.696648 1.785984 179.999985 179.999985 -169.846298 179.999985 180.000000 -173.237625 0.000001 -0.000001 -0.000000 15.000055 0.000455 29.149942 179.999863 179.999649 -156.150024 179.999817 179.999817 -163.305038 0.000001 -0.000001 -0.000000 0.000008 0.000036 32.630196 179.999985 179.999969 -147.369766 179.999985 179.999985 -158.268280 0.000001 -0.000001 -0.000000 170.000122 179.999710 -150.482803 179.999954 179.999695 -150.482803 179.999863 179.999847 -160.341553 0.000001 -0.000001 -0.000000 160.000137 179.999710 -163.921814 0.000063 0.000475 24.117271 179.999908 179.999695 -163.937881 174.824966 -178.091110 175.648499 172.202835 -176.108444 99.172287 178.125153 179.566162 -177.929352 5.940384 -3.262650 -7.880331 141.228561 127.608521 165.290390 179.999695 -179.999969 166.338364 179.999802 179.999969 170.901367 180.000000 -180.000000 180.000000 164.999756 -179.999710 157.459930 179.999725 -179.999847 161.558136 179.999786 -179.999969 167.090698 180.000000 -180.000000 180.000000 179.999756 -179.999710 152.685638 179.999664 -179.999847 152.685654 179.999741 179.999985 161.808624 180.000000 -180.000000 180.000000 10.000010 0.000026 -26.817013 0.000026 0.000012 -26.817034 0.000018 -0.000004 -17.860121 180.000000 -180.000000 180.000000 20.000238 0.000408 -23.987204 0.000584 0.000407 -35.980797 0.000476 -0.000016 -23.963203
3.380141 96.092232 1.852524 7.712809 -4.938168 0.890372 176.771637 172.965363 175.392426 176.273483 173.580856 -179.551254 177.619003 -169.685760 -177.839737 172.651855 179.937912 174.470154 0.798635 19.652819 2.727804 0.410816 -14.258730 2.543585 0.411357 4.971910 0.092362 0.411289 4.876010 0.129469 1.907108 3.525900 0.326350 179.999817 176.888336 -178.657013 179.999771 176.369736 -178.609039 164.596954 177.206589 -179.913528 0.528302 2.213735 -1.529286 13.223801 -9.788854 84.378387 178.692551 -176.903961 175.916763 174.619354 -176.775558 -176.523758 34.410088 46.760464 1.668059 180.000000 -179.999985 -169.895294 0.000000 0.000003 6.729728 0.000001 -0.000000 -0.000000 14.999999 0.000040 28.857222 179.999985 179.999969 -156.389526 179.999985 179.999985 -163.472687 0.000001 -0.000000 -0.000000 179.999985 -179.999969 -147.402145 0.000015 -0.000040 32.597855 0.000019 -0.000017 21.710176 0.000001 -0.000000 -0.000000 170.000000 -179.999985 -150.682343 0.000005 -0.000015 29.317661 0.000004 -0.000008 19.525568 0.000001 -0.000000 -0.000000 159.999863 -179.999664 -164.189789 179.999939 -179.999451 -156.284683 0.000107 -0.000363 15.794389 174.934814 -178.075241 175.719070 172.373627 -176.256989 99.125381 178.278625 179.486328 -177.863007 6.421832 -3.466619 -8.066021 140.566391 127.282608 165.102219 179.999969 -179.999985 166.610229 179.999985 179.999985 171.082428 180.000000 180.000000 -180.000000 165.000000 -180.000000 157.582123 0.000000 -0.000002 -18.341921 180.000000 -179.999985 167.160660 180.000000 180.000000 -180.000000 179.999985 -179.999985 152.803574 179.999985 -179.999985 152.803604 179.999985 180.000000 161.887192 180.000000 180.000000 -180.000000 9.999974 -0.000032 -26.839558 179.999969 -179.999985 153.160461 179.999985 179.999985 162.124847 180.000000 180.000000 -180.000000 19.999987 -0.000032 -24.170708 179.999969 -179.999969 143.743942 179.999969 179.999985 155.853485
3.561052 96.060913 1.957350 7.792288 -5.006971 0.738128 176.793976 173.222275 175.513794 176.441116 172.730164 -179.676315 177.363220 -169.321518 -177.915543 172.855331 179.873520 174.510956 0.435164 19.821838 2.684949 0.504284 -14.333015 2.603046 0.408813 4.958833 0.072899 0.408740 4.863278 0.097249 1.900037 3.518871 0.283147 179.999756 176.793594 -178.594742 179.999725 176.259216 -178.544556 164.540100 177.118759 -179.900299 0.531261 2.126518 -1.469338 13.030338 -9.716188 84.275864 178.937729 -177.024139 176.098785 174.715256 -176.713913 -176.624420 34.300449 46.782719 1.655081 179.999985 179.999985 -169.858902 179.999985 179.999985 -173.246048 0.000000 -0.000000 -0.000003 15.000009 0.000077 28.851488 179.999985 179.999954 -156.394257 179.999985 179.999985 -163.475967 0.000000 -0.000000 -0.000003 0.000065 0.000278 32.693699 179.999908 179.999725 -147.306305 179.999847 179.999878 -158.225983 0.000000 -0.000000 -0.000003 169.999939 -179.999802 -150.726242 0.000043 -0.000205 29.273773 0.000094 -0.000106 19.496334 0.000000 -0.000000 -0.000003 160.000137 179.999725 -163.910934 0.000050 0.000464 24.133579 179.999908 179.999710 -163.927032 175.041260 -178.062241 175.794632 172.507431 -176.392334 99.088440 178.448944 179.429169 -177.795517 6.441298 -3.405990 -8.101189 140.476761 127.242203 165.062866 179.999985 -180.000000 166.639557 179.999985 179.999985 171.101944 180.000000 180.000000 -180.000000 165.000000 -179.999985 157.582062 180.000000 -180.000000 161.658066 180.000000 180.000000 167.160645 180.000000 180.000000 -180.000000 179.999985 -179.999985 152.816223 179.999985 -179.999985 152.816208 179.999985 180.000000 161.895599 180.000000 180.000000 -180.000000 9.999946 -0.000082 -26.839567 179.999908 -179.999954 153.160431 179.999939 -179.999985 162.124863 180.000000 180.000000 -180.000000 19.999987 -0.000026 -24.144613 179.999969 -179.999985 143.783112 179.999985 -179.999985 155.879562
3.732883 96.026352 2.064745 7.899983 -5.071369 0.511235 176.841980 173.512970 175.755142 176.578751 171.793259 -179.836304 177.082794 -168.934479 -178.042206 172.965439 179.812698 174.631653 0.091007 20.004143 2.606129 0.633050 -14.415510 2.674493 0.406366 4.941253 0.067291 0.406307 4.846067 0.088124 1.889801 3.507062 0.269796 179.999710 176.695648 -178.535217 179.999649 176.144943 -178.482880 164.453995 177.028656 -179.891006 0.515760 2.100477 -1.337254 12.788073 -9.675554 83.914513 179.215759 -177.219925 176.449631 174.689758 -176.678726 -176.644592 34.250637 46.863155 1.538089 179.999985 -179.999985 -169.911255 179.999985 179.999985 -173.280899 0.000000 -0.000000 0.000000 14.999991 -0.000215 28.736946 0.000077 -0.000155 23.512039 0.000091 -0.000080 16.458427 0.000000 -0.000000 0.000000 0.000002 0.000008 32.471333 180.000000 179.999985 -147.528671 180.000000 179.999985 -158.374100 0.000000 -0.000000 0.000000 170.000076 179.999802 -150.512482 179.999969 179.999786 -150.512482 179.999908 179.999893 -160.361328 0.000000 -0.000000 0.000000 160.000015 179.999985 -164.134384 0.000002 0.000042 23.798409 180.000000 179.999985 -164.150238 175.142899 -178.052917 175.870453 172.607468 -176.513199 99.061661 178.631195 179.385330 -177.733704 6.443487 -3.335631 -8.109565 140.434830 127.197723 165.050293 179.999985 -179.999985 166.660706 179.999985 -179.999985 171.116013 0.000000 -0.000000 0.000000 164.999985 -179.999985 157.574417 179.999985 -179.999985 161.651779 179.999985 -179.999985 167.156250 0.000000 -0.000000 0.000000 179.999939 -179.999908 152.791397 179.999908 -179.999954 152.791382 179.999939 180.000000 161.879059 0.000000 -0.000000 0.000000 10.000011 0.000019 -26.711039 0.000022 0.000012 -26.711050 0.000016 0.000003 -17.789555 0.000000 -0.000000 0.000000 19.999979 -0.000045 -24.121841 179.999954 -179.999954 143.817200 179.999954 -179.999985 155.902283
3.890434 95.988121 2.179209 8.003019 -5.121497 0.272341 176.948090 173.841949 176.059418 176.644150 170.768784 179.967041 176.809830 -168.477875 -178.126358 173.027298 179.758347 174.766525 179.743195 159.814514 -177.503601 0.808456 -14.505945 2.761209 0.406333 4.914837 0.062545 0.406276 4.820189 0.080329 1.890586 3.488799 0.258806 179.999649 176.593277 -178.476486 179.999588 176.025497 -178.422073 164.340408 176.934998 -179.884811 0.490924 2.053530 -1.237626 12.651357 -9.572730 83.871513 179.435532 -177.303665 176.571762 174.805786 -176.616882 -176.754074 34.181686 46.922039 1.432038 179.999985 179.999985 -169.945847 179.999985 180.000000 -173.303940 0.000000 -0.000000 0.000000 15.000009 0.000157 28.979113 179.999954 179.999878 -156.289810 179.999939 179.999954 -163.402878 0.000000 -0.000000 0.000000 180.000000 -179.999985 -147.537415 180.000000 -179.999985 -147.537415 0.000005 -0.000003 21.620096 0.000000 -0.000000 0.000000 170.000000 179.999985 -150.690948 180.000000 179.999985 -150.690948 179.999985 179.999985 -160.480179 0.000000 -0.000000 0.000000 160.000015 179.999985 -164.150726 0.000005 0.000025 23.773890 180.000000 179.999985 -164.166595 175.245621 -178.050171 175.942780 172.678680 -176.621368 99.044540 178.817993 179.345154 -177.681641 6.522505 -3.308035 -8.140447 140.316681 127.053200 165.051285 0.000005 -0.000003 -13.258115 180.000000 179.999985 171.170090 180.000000 180.000000 -180.000000 165.000015 179.999985 157.612701 0.000004 0.000002 -18.316889 0.000002 0.000003 -12.821812 180.000000 180.000000 -180.000000 0.000018 0.000046 -27.043013 0.000036 0.000033 -27.043001 0.000031 0.000007 -18.010639 180.000000 180.000000 -180.000000 9.999996 -0.000018 -26.755116 179.999985 -179.999985 153.244904 179.999985 -179.999985 162.181091 180.000000 180.000000 -180.000000 19.999996 0.000001 -24.056904 0.000001 -0.000002 -36.085339 0.000002 -0.000001 -24.032835
4.033949 95.945175 2.307916 8.092310 -5.150911 0.029991 177.092392 174.180176 176.405441 176.630966 169.683289 179.742249 176.571518 -167.974686 -178.202087 173.072388 179.707870 174.908920 179.392303 159.648895 -177.629868 1.007481 -14.596931 2.860710 0.409212 4.875603 0.057476 0.409160 4.781728 0.071893 1.905075 3.461418 0.247668 179.999619 176.486313 -178.417252 179.999557 175.900711 -178.360733 164.199524 176.837402 -179.881104 0.469948 1.967479 -1.184150 12.422665 -9.359982 83.751747 179.813553 -177.467422 176.789490 174.709351 -176.595032 -176.736603 34.165455 46.956902 1.200435 179.999985 -179.999985 -170.061523 0.000002 -0.000004 6.619034 0.000000 -0.000000 0.000000 14.999990 -0.000112 28.747044 0.000033 -0.000085 23.520294 0.000046 -0.000045 16.464218 0.000000 -0.000000 0.000000 179.999969 -179.999878 -147.553436 0.000036 -0.000120 32.446587 0.000062 -0.000056 21.609404 0.000000 -0.000000 0.000000 169.999969 -179.999908 -150.727890 0.000012 -0.000097 29.272095 0.000041 -0.000054 19.495220 0.000000 -0.000000 0.000000 159.999954 -179.999924 -164.192093 179.999985 -179.999863 -156.288132 0.000018 -0.000092 15.792094 175.354950 -178.058411 176.007629 172.722351 -176.714508 99.038887 179.011154 179.290085 -177.646622 6.492222 -3.201098 -8.063563 140.286545 126.991600 165.016174 0.000002 -0.000003 -13.250848 180.000000 179.999985 171.174942 0.000000 -0.000000 0.000000 165.000015 180.000000 157.598557 0.000000 0.000000 -18.328455 0.000001 0.000002 -12.829905 0.000000 -0.000000 0.000000 180.000000 179.999985 152.829010 0.000004 0.000007 -27.170979 0.000005 0.000004 -18.095881 0.000000 -0.000000 0.000000 9.999993 0.000032 -26.668308 0.000012 0.000029 -26.668303 0.000015 0.000016 -17.761087 0.000000 -0.000000 0.000000 19.999992 0.000009 -24.052418 180.000000 179.999985 143.921341 0.000006 0.000006 -24.028374
4.155948 95.898369 2.437938 8.163423 -5.151515 -0.210073 177.484375 174.739166 176.902023 176.303055 168.319382 179.378708 176.385651 -167.426819 -178.260330 173.124634 179.664551 175.054901 179.000092 159.523346 -177.805405 1.241132 -14.672853 3.000735 0.414515 4.822388 0.050734 0.414451 4.729570 0.060611 1.931292 3.424267 0.233271 179.999588 176.377304 -178.354401 179.999527 175.773529 -178.295609 164.037430 176.737579 -179.877258 0.444026 1.938353 -1.074586 12.156854 -9.155368 83.555275 0.221995 -2.308353 -2.970222 174.829529 -176.452011 -176.855896 34.057816 46.952454 1.183445 0.000000 0.000003 9.976995 179.999985 -179.999985 -173.355316 180.000000 180.000000 -180.000000 14.999990 -0.000052 28.848236 0.000013 -0.000044 23.603123 0.000018 -0.000025 16.522165 180.000000 180.000000 -180.000000 179.999985 -179.999969 -147.440475 0.000008 -0.000045 32.559517 0.000023 -0.000023 21.684635 180.000000 180.000000 -180.000000 169.999969 -179.999908 -150.659210 0.000005 -0.000107 29.340778 0.000042 -0.000057 19.540985 180.000000 180.000000 -180.000000 160.000000 -179.999985 -164.113785 179.999985 -179.999954 -156.170685 0.000005 -0.000035 15.870315 175.476028 -178.070221 176.065399 172.740845 -176.794785 99.043083 179.208923 179.202118 -177.628326 6.455294 -3.083772 -7.956004 140.239105 126.909027 164.953888 0.000004 -0.000001 -13.245418 0.000002 0.000002 -8.821444 0.000000 -0.000000 0.000000 165.000000 179.999985 157.605331 180.000000 179.999985 161.677094 0.000001 0.000009 -12.826042 0.000000 -0.000000 0.000000 179.999985 179.999985 152.801788 180.000000 179.999985 152.801804 0.000002 0.000008 -18.114008 0.000000 -0.000000 0.000000 9.999988 0.000010 -26.797018 180.000000 179.999985 153.202972 0.000001 0.000012 -17.846819 0.000000 -0.000000 0.000000 19.999992 0.000009 -24.077991 180.000000 179.999985 143.883011 0.000004 0.000013 -24.053915
4.255499 95.849022 2.565274 8.211010 -5.117474 -0.447390 178.000778 175.422150 177.462051 175.764832 166.757263 178.948532 176.267654 -166.830124 -178.293106 173.215912 179.630020 175.209732 178.605057 159.455704 -177.984436 1.447886 -14.720142 3.135540 0.422764 4.755672 0.044135 0.422690 4.664181 0.049498 1.971363 3.377491 0.219706 179.999603 176.268311 -178.288055 179.999527 175.646393 -178.226898 163.851944 176.637222 -179.873154 0.427549 1.877959 -1.001435 11.803948 -8.915786 83.406723 0.634245 -2.001058 -2.731386 174.881973 -176.285049 -176.888092 33.977848 46.956272 1.091419 180.000000 180.000000 -170.035538 180.000000 179.999985 -173.363678 0.000000 -0.000001 -0.000000 14.999980 -0.000054 28.918257 0.000012 -0.000047 23.660397 0.000018 -0.000028 16.562277 0.000000 -0.000001 -0.000000 179.999985 -179.999954 -147.385422 0.000012 -0.000057 32.614578 0.000024 -0.000028 21.721289 0.000000 -0.000001 -0.000000 169.999954 -179.999893 -150.531494 0.000001 -0.000116 29.468510 0.000041 -0.000066 19.626020 0.000000 -0.000001 -0.000000 160.000000 -179.999985 -164.068573 179.999985 -179.999985 -156.102844 0.000004 -0.000021 15.915504 175.611603 -178.076111 176.109543 172.724365 -176.865311 99.056595 179.409164 179.062637 -177.625381 6.413561 -2.962768 -7.833637 140.101517 126.820969 164.798767 180.000000 179.999985 166.756851 179.999985 -179.999985 171.180038 0.000000 -0.000000 0.000000 165.000000 179.999985 157.531586 180.000000 179.999985 161.616745 180.000000 179.999985 167.131729 0.000000 -0.000000 0.000000 179.999985 179.999985 152.736130 179.999985 179.999985 152.736130 180.000000 179.999985 161.842255 0.000000 -0.000000 0.000000 9.999991 0.000005 -26.865908 180.000000 179.999985 153.134094 180.000000 179.999985 162.107315 0.000000 -0.000000 0.000000 19.999990 0.000003 -24.137798 179.999985 179.999985 143.793289 180.000000 179.999985 155.886337
4.346571 95.798920 2.684862 8.250073 -5.082475 -0.629029 178.505707 176.080246 178.010635 175.327347 165.767136 178.469406 176.049866 -166.660309 -178.339828 173.352829 179.565414 175.292404 178.186142 159.431656 -178.143280 1.642479 -14.756272 3.279874 0.432881 4.672837 0.013658 0.432804 4.583034 -0.001516 2.027160 3.321209 0.154702 0.000077 3.853055 1.803591 0.000067 4.495245 1.868004 163.650726 176.522232 -179.857742 0.410258 1.789615 -0.882361 11.119529 -8.553351 83.059196 1.233214 -1.380676 -2.286988 174.863953 -176.105698 -176.858658 33.932926 46.933819 0.988797 179.999756 -179.999985 -170.063385 179.999847 -179.999939 -173.382217 0.000000 -0.000000 0.000003 14.999453 -0.001134 28.999033 0.000053 -0.001035 23.726475 0.000323 -0.000648 16.608522 0.000000 -0.000000 0.000003 179.999268 -179.998810 -147.328918 0.000021 -0.001386 32.671116 0.000508 -0.000768 21.758936 0.000000 -0.000000 0.000003 169.998581 -179.997925 -150.393860 179.999817 -179.997498 -150.393921 0.000710 -0.001510 19.717659 0.000000 -0.000000 0.000003 159.999420 -179.999191 -164.015930 179.999496 -179.998581 -156.023880 0.000070 -0.001000 15.968086 175.745728 -178.115707 176.213989 172.733185 -176.906494 99.057281 179.656769 178.970566 -177.585098 6.360622 -2.730410 -7.718331 139.946045 126.699066 164.608032 179.999908 -179.999969 166.755661 179.999939 -179.999985 171.179260 0.000001 -0.000000 0.000000 164.999664 179.999969 157.478149 179.999756 179.999847 161.573013 179.999863 179.999847 167.101120 0.000001 -0.000000 0.000000 179.999725 179.999985 152.650375 179.999771 179.999847 152.650345 179.999908 179.999847 161.785141 0.000001 -0.000000 0.000000 9.999585 0.000041 -26.894207 179.999649 179.999771 153.105789 179.999863 179.999756 162.088455 0.000001 -0.000000 0.000000 19.999697 0.000033 -24.209160 179.999588 179.999771 143.686325 179.999878 179.999725 155.815063
4.395173 95.756371 2.781934 8.205030 -4.954807 -0.793309 179.498520 177.205734 178.652893 174.019073 163.466446 177.854401 176.163223 -165.835388 -178.315796 173.668869 179.489334 175.417801 177.641327 159.588715 -178.339249 1.835815 -14.748505 3.396688 0.453722 4.568400 -0.030693 0.453635 4.480872 -0.076022 2.134225 3.252306 0.061786 179.999908 176.033737 -178.071945 179.999863 175.372711 -178.003082 163.416138 176.409622 -179.823807 0.381359 1.826189 -0.648924 10.609734 -8.467941 82.919395 1.548928 -0.835169 -2.081053 175.267349 -175.656799 -177.043243 33.771042 46.907444 1.208719 179.999969 179.999985 -169.878998 179.999969 -179.999985 -173.259399 180.000000 180.000000 179.999985 14.999898 -0.000119 29.235582 179.999985 -179.999878 -156.079956 0.000021 -0.000087 16.744013 180.000000 180.000000 179.999985 179.999649 -179.999619 -147.133606 179.999908 -179.999496 -147.133560 0.000129 -0.000313 21.889046 180.000000 180.000000 179.999985 169.999466 -179.999451 -150.030029 179.999817 -179.999252 -150.030014 0.000142 -0.000493 19.960001 180.000000 180.000000 179.999985 159.999786 -179.999771 -163.874603 179.999786 -179.999588 -155.811935 179.999985 -179.999710 -163.890732 175.891769 -178.117065 176.342255 172.593262 -176.954956 99.067726 179.864822 178.642075 -177.602982 6.319582 -2.681013 -7.593966 139.970718 126.624771 164.509247 0.000096 0.000085 -13.292961 0.000076 0.000035 -8.853120 0.000000 -0.000000 0.000003 164.999756 179.999985 157.392456 179.999832 179.999924 161.502945 179.999893 179.999908 167.052063 0.000000 -0.000000 0.000003 179.999741 179.999985 152.597305 179.999771 179.999863 152.597321 179.999908 179.999847 161.749802 0.000000 -0.000000 0.000003 9.999838 0.000004 -27.002584 179.999863 179.999924 152.997406 179.999939 179.999908 162.016266 0.000000 -0.000000 0.000003 19.999771 0.000007 -24.276083 179.999710 179.999863 143.585831 179.999893 179.999802 155.748169
4.432354 95.719719 2.870024 8.101019 -4.782829 -0.956695 0.507280 1.650529 -0.833636 172.629059 161.112656 177.325119 176.346085 -165.123154 -178.268829 174.090622 179.428757 175.591522 177.103760 159.806091 -178.502762 1.968606 -14.726327 3.439722 0.481763 4.458375 -0.082074 0.481673 4.373320 -0.162518 2.276092 3.180955 -0.044647 179.999802 175.928741 -177.930084 179.999725 175.250229 -177.856155 163.173340 176.300949 -179.778687 0.364485 1.777543 -0.501746 9.893589 -8.261852 82.785866 1.910342 -0.145381 -1.806299 175.407043 -175.317841 -176.908585 33.782677 46.955692 1.235417 179.999863 179.999954 -169.879395 179.999908 179.999985 -173.259674 0.000000 0.000001 0.000000 14.999917 -0.000065 29.266268 179.999985 -179.999924 -156.054871 0.000001 -0.000060 16.761580 0.000000 0.000001 0.000000 179.999908 -179.999924 -147.002853 179.999969 -179.999878 -147.002884 0.000020 -0.000083 21.976068 0.000000 0.000001 0.000000 169.999924 -179.999939 -149.820282 179.999969 -179.999908 -149.820328 0.000007 -0.000067 20.099680 0.000000 0.000001 0.000000 159.999924 -179.999954 -163.797058 179.999939 -179.999908 -155.695557 179.999985 -179.999924 -163.813263 176.035278 -178.093384 176.488907 172.376709 -177.038376 99.114822 0.010310 1.734763 2.360717 6.283956 -2.684361 -7.511071 139.700790 126.550209 164.260849 0.000096 0.000085 -13.277046 0.000076 0.000037 -8.842533 0.000000 -0.000000 0.000000 164.999893 -179.999985 157.329620 179.999908 179.999969 161.451553 179.999954 179.999969 167.016068 0.000000 -0.000000 0.000000 179.999756 -179.999985 152.554565 179.999771 179.999893 152.554550 179.999893 179.999863 161.721344 0.000000 -0.000000 0.000000 9.999725 -0.000018 -27.010735 179.999741 179.999893 152.989258 179.999893 179.999847 162.010849 0.000000 -0.000000 0.000000 19.999763 -0.000010 -24.307781 179.999695 179.999878 143.538330 179.999878 179.999802 155.716522
4.465374 95.695152 2.941653 7.930748 -4.572869 -1.123984 1.736902 0.239198 -0.385138 171.041412 158.631027 176.805206 176.511017 -164.827454 -178.238220 174.635178 179.356735 175.823456 176.475510 160.088257 -178.703079 2.125186 -14.708154 3.466438 0.517391 4.340978 -0.150668 0.517320 4.258654 -0.277971 2.456904 3.107392 -0.186657 179.999847 175.829865 -177.755966 179.999802 175.134857 -177.675827 162.936646 176.192169 -179.712967 0.332968 1.822713 -0.214170 9.154759 -8.109698 82.530083 2.265122 0.549655 -1.473480 175.566437 -174.994904 -176.750046 33.661446 46.975300 1.242172 179.999878 179.999924 -169.827774 179.999908 179.999985 -173.225296 0.000001 -0.000001 0.000003 14.999989 0.000001 29.303083 0.000000 -0.000004 23.975294 180.000000 179.999985 -163.217331 0.000001 -0.000001 0.000003 0.000054 0.000028 33.054382 0.000030 0.000053 33.054356 180.000000 179.999969 -157.985779 0.000001 -0.000001 0.000003 169.999924 -179.999969 -149.804214 179.999954 -179.999924 -149.804214 180.000000 -179.999939 -159.889603 0.000001 -0.000001 0.000003 159.999939 -179.999969 -163.786728 179.999924 -179.999924 -155.680130 179.999985 -179.999924 -163.802948 176.158798 -178.064407 176.706650 172.104004 -177.166397 99.208900 0.075229 2.086952 2.289641 6.244397 -2.702758 -7.453506 139.529678 126.523407 164.116699 0.000099 0.000118 -13.263661 0.000080 0.000052 -8.833600 0.000000 -0.000000 0.000000 164.999832 -179.999985 157.319000 179.999863 179.999969 161.442810 179.999924 179.999954 167.009964 0.000000 -0.000000 0.000000 179.999802 -179.999969 152.510010 179.999817 179.999939 152.509995 179.999908 179.999893 161.691666 0.000000 -0.000000 0.000000 9.998692 -0.000188 -26.900457 179.998764 179.999573 153.099518 179.999405 179.999374 162.084290 0.000000 -0.000000 0.000000 19.999722 -0.000045 -24.333443 179.999603 179.999878 143.499847 179.999847 179.999771 155.690903
4.508039 95.675873 3.023506 7.631971 -4.314714 -1.316599 3.249223 -1.429344 -0.030430 169.110168 155.112045 176.210464 176.756088 -164.173248 -178.176285 175.254242 179.373779 176.136902 175.910172 160.353653 -178.941711 2.261719 -14.684464 3.486855 0.564292 4.230171 -0.196261 0.564211 4.150495 -0.355469 2.684088 3.037836 -0.276048 179.999771 175.753326 -177.621307 179.999725 175.045563 -177.536346 162.725128 176.107880 -179.664291 0.324236 1.788954 -0.149069 8.688642 -7.927924 82.540070 2.551983 0.939871 -1.359356 175.713211 -174.722809 -176.536636 33.532269 46.993698 1.211281 179.999847 179.999893 -169.791458 179.999893 179.999939 -173.201111 0.000000 -0.000000 0.000000 15.000073 0.000009 29.324793 0.000045 0.000035 23.993011 0.000021 0.000037 16.795090 0.000000 -0.000000 0.000000 0.000084 0.000011 33.049183 0.000063 0.000055 33.049156 0.000015 0.000052 22.010733 0.000000 -0.000000 0.000000 170.000092 179.999985 -149.740723 0.000065 0.000051 30.259293 0.000019 0.000051 20.152689 0.000000 -0.000000 0.000000 159.999985 -179.999985 -163.757004 179.999985 -179.999985 -155.635498 179.999985 -179.999985 -163.773270 176.292908 -177.985626 176.817795 171.774704 -177.345444 99.324486 0.042911 2.362201 2.203043 6.199848 -2.745113 -7.409826 139.439621 126.544266 164.086105 0.000078 0.000133 -13.239940 0.000065 0.000062 -8.817822 0.000000 -0.000000 0.000003 164.999878 -179.999969 157.280167 179.999908 179.999985 161.411026 179.999939 179.999969 166.987732 0.000000 -0.000000 0.000003 179.999786 -179.999954 152.481049 179.999786 179.999954 152.481049 179.999893 179.999893 161.672363 0.000000 -0.000000 0.000003 9.999478 -0.000122 -27.224621 179.999481 179.999863 152.775360 179.999725 179.999771 161.868393 0.000000 -0.000000 0.000003 19.999720 -0.000064 -24.375420 179.999588 179.999908 143.436890 179.999817 179.999786 155.648941
4.570911 95.669731 3.088395 7.470402 -4.136036 -1.439669 4.778977 -3.222311 0.087473 167.123459 152.193390 175.683472 177.023407 -164.845612 -178.272461 175.753952 179.318970 176.383057 175.318893 160.631500 -179.194000 2.406782 -14.652253 3.496354 0.581931 4.159153 -0.255592 0.581865 4.081259 -0.454905 2.778880 2.996083 -0.402243 179.999725 175.686722 -177.489334 179.999710 174.967880 -177.399658 162.532227 176.032150 -179.613876 0.305760 1.794223 -0.024483 8.450493 -7.760660 82.537575 2.741234 1.081284 -1.215492 175.835159 -174.539139 -176.418915 33.510784 47.020863 1.269423 179.999817 179.999741 -169.758011 179.999847 179.999847 -173.178833 0.000001 -0.000001 -0.000000 15.000084 -0.000003 29.306023 0.000055 0.000021 23.977654 0.000028 0.000036 16.784344 0.000001 -0.000001 -0.000000 0.000054 -0.000005 33.019695 0.000048 0.000024 33.019703 0.000017 0.000032 21.991125 0.000001 -0.000001 -0.000000 170.000122 -179.999985 -149.751160 0.000100 0.000044 30.248831 0.000038 0.000058 20.145720 0.000001 -0.000001 -0.000000 160.000153 -179.999985 -163.683472 0.000231 0.000042 24.474747 0.000122 0.000091 16.300190 176.405640 -177.922379 176.931946 171.465103 -177.606781 99.508018 179.854736 177.342590 -177.987091 6.159989 -2.902530 -7.348217 139.406067 126.597313 164.130432 0.000061 0.000133 -13.211047 0.000054 0.000081 -8.798557 180.000000 -180.000000 180.000000 164.999924 -179.999969 157.248383 179.999924 -179.999985 161.385040 179.999954 179.999985 166.969498 180.000000 -180.000000 180.000000 179.999741 -179.999893 152.448959 179.999725 179.999985 152.448990 179.999847 179.999893 161.651016 180.000000 -180.000000 180.000000 9.999531 -0.000171 -27.324100 179.999512 179.999939 152.675888 179.999725 179.999817 161.802124 180.000000 -180.000000 180.000000 19.998598 -0.000479 -24.223715 179.997818 179.999771 143.664368 179.998932 179.999008 155.800461
4.664679 95.676994 3.131373 7.119726 -3.931246 -1.608447 6.637462 -5.235371 0.063030 165.166519 149.090271 175.165604 177.179840 -166.018234 -178.276581 176.471497 179.321533 176.693893 174.713486 160.888794 -179.444794 2.543513 -14.614173 3.504053 0.621221 4.081162 -0.308085 0.621143 4.005351 -0.543687 2.972064 2.951828 -0.508138 179.999725 175.630707 -177.366455 179.999695 174.902512 -177.272385 162.363251 175.966537 -179.564987 0.281458 1.805092 0.082124 8.126479 -7.482901 82.397484 2.982049 1.285264 -1.035135 176.086899 -174.482269 -176.146942 33.263973 46.990978 1.307529 179.999939 179.999771 -169.628159 179.999939 179.999863 -173.092331 0.000000 -0.000000 0.000003 15.000060 -0.000077 29.265297 0.000066 -0.000032 23.944324 0.000052 -0.000003 16.761034 0.000000 -0.000000 0.000003 0.000045 -0.000063 32.995102 0.000070 -0.000026 32.995106 0.000050 0.000009 21.974743 0.000000 -0.000000 0.000003 170.000107 -179.999863 -149.795624 0.000149 -0.000065 30.204353 0.000105 0.000013 20.116110 0.000000 -0.000000 0.000003 160.000076 -179.999878 -163.780640 0.000170 -0.000129 24.329065 0.000142 -0.000034 16.203173 176.500870 -177.877075 177.044647 171.197540 -177.906982 99.681259 179.576843 177.264465 -178.127350 6.096160 -2.936093 -7.327458 139.417572 126.680527 164.245392 0.000025 0.000127 -13.173330 0.000035 0.000076 -8.773438 0.000000 -0.000000 0.000000 164.999908 -179.999939 157.226013 179.999924 -179.999985 161.366730 179.999954 179.999985 166.956726 0.000000 -0.000000 0.000000 179.999756 -179.999847 152.390091 179.999725 -179.999985 152.390076 179.999847 179.999908 161.611786 0.000000 -0.000000 0.000000 9.999522 -0.000240 -27.421778 179.999466 179.999985 152.578217 179.999695 179.999832 161.737076 0.000000 -0.000000 0.000000 19.999622 -0.000175 -24.736092 179.999374 179.999985 142.895844 179.999680 179.999741 155.288620
4.792773 95.694580 3.155952 6.729722 -3.751475 -1.766279 8.605475 -7.331079 -0.217823 163.224945 145.880203 174.713287 177.317154 -167.586166 -178.211853 177.246567 179.338959 176.978943 174.124802 161.107529 -179.668076 2.660148 -14.580256 3.502729 0.658597 4.017086 -0.361929 0.658503 3.943156 -0.634682 3.156467 2.918574 -0.617166 179.999725 175.587357 -177.257874 179.999725 174.851929 -177.159897 162.215012 175.913513 -179.520386 0.250011 1.818968 0.149052 8.034016 -7.238746 82.402618 3.265685 1.346820 -0.840766 176.038986 -174.444214 -176.030869 33.203552 47.030708 1.499924 179.999985 179.999802 -169.513168 179.999969 179.999863 -173.015762 0.000001 -0.000000 0.000000 15.000036 -0.000171 29.236576 0.000090 -0.000107 23.920807 0.000089 -0.000042 16.744572 0.000001 -0.000000 0.000000 0.000026 -0.000118 32.968376 0.000087 -0.000086 32.968395 0.000079 -0.000014 21.956932 0.000001 -0.000000 0.000000 170.000061 -179.999771 -149.858749 0.000163 -0.000170 30.141212 0.000152 -0.000043 20.074062 0.000001 -0.000000 0.000000 160.000046 -179.999832 -163.843170 0.000141 -0.000236 24.235268 0.000149 -0.000107 16.140692 176.573029 -177.860306 177.156982 170.998398 -178.207214 99.816353 179.238205 177.270721 -178.259583 6.020842 -2.970862 -7.290401 139.394012 126.764236 164.342300 0.000006 0.000085 -13.128133 0.000015 0.000054 -8.743345 0.000000 -0.000000 0.000000 164.999939 -179.999924 157.188187 179.999924 -179.999969 161.335754 179.999939 -179.999985 166.935043 0.000000 -0.000000 0.000000 179.999786 -179.999817 152.305405 179.999725 -179.999954 152.305435 179.999832 179.999954 161.555405 0.000000 -0.000000 0.000000 9.999608 -0.000267 -27.585405 179.999527 -179.999954 152.414627 179.999725 179.999878 161.628128 0.000000 -0.000000 0.000000 19.999777 -0.000134 -24.884626 179.999619 -179.999969 142.673019 179.999786 179.999863 155.140228
4.952752 95.719322 3.160871 6.308868 -3.606668 -1.911920 10.630278 -9.470082 -0.738873 161.266357 142.598877 174.277100 177.500488 -169.412430 -178.093979 178.056427 179.373184 177.230682 173.651260 161.280106 -179.847748 2.673407 -14.542200 3.503020 0.693799 3.973874 -0.416598 0.693702 3.901465 -0.727113 3.331102 2.901119 -0.727853 179.999802 175.562027 -177.165344 179.999802 174.822357 -177.064087 162.079987 175.877670 -179.480316 0.209793 1.829974 0.168940 8.012807 -6.982427 82.438393 3.434117 1.386794 -0.752559 176.009842 -174.493637 -175.818832 33.158962 47.051888 1.677191 0.000024 0.000150 10.590894 179.999985 179.999908 -172.946472 0.000001 -0.000000 0.000003 14.999995 -0.000215 29.169559 0.000084 -0.000164 23.866037 0.000099 -0.000081 16.706205 0.000001 -0.000000 0.000003 0.000002 -0.000186 32.927273 0.000101 -0.000154 32.927284 0.000112 -0.000049 21.929565 0.000001 -0.000000 0.000003 170.000015 -179.999695 -149.946075 0.000165 -0.000263 30.053911 0.000184 -0.000097 20.015911 0.000001 -0.000000 0.000003 160.000015 -179.999832 -163.925507 0.000081 -0.000243 24.111691 0.000121 -0.000122 16.058411 176.610397 -177.867462 177.261261 170.887589 -178.480957 99.903282 178.867004 177.315628 -178.364578 5.935626 -3.035339 -7.250497 139.429047 126.846008 164.471375 180.000000 179.999924 166.905746 0.000012 0.000045 -8.720771 0.000000 -0.000000 0.000000 164.999954 -179.999908 157.128860 179.999939 -179.999954 161.287247 179.999954 -179.999985 166.901077 0.000000 -0.000000 0.000000 179.999557 -179.999527 152.308182 179.999374 -179.999802 152.308212 179.999573 179.999924 161.557251 0.000000 -0.000000 0.000000 9.999838 -0.000130 -27.838720 179.999802 -179.999954 152.161331 179.999863 179.999969 161.459427 0.000000 -0.000000 0.000000 19.999775 -0.000153 -24.968906 179.999603 -179.999939 142.546616 179.999771 179.999863 155.056030
5.130632 95.750496 3.140210 5.913667 -3.514181 -2.044888 12.558996 -11.619181 -1.444556 159.324142 139.374435 173.786850 177.709869 -171.252396 -177.900375 178.807755 179.419708 177.452789 173.185425 161.369614 -179.987503 2.727480 -14.512667 3.447069 0.720320 3.963095 -0.471194 0.720221 3.891562 -0.819297 3.465800 2.906703 -0.839233 179.999893 175.560562 -177.084702 179.999908 174.820663 -176.980591 161.988052 175.863052 -179.438583 0.161331 1.834715 0.146601 8.024909 -6.725379 82.496498 3.600408 1.472280 -0.684786 175.919083 -174.581970 -175.592987 33.156845 47.078850 1.854483 0.000023 0.000096 10.675777 0.000006 0.000068 7.110066 180.000000 180.000000 -180.000000 14.999969 -0.000162 29.071764 0.000048 -0.000122 23.785992 0.000065 -0.000067 16.650198 180.000000 180.000000 -180.000000 179.999985 -179.999802 -147.143295 0.000092 -0.000183 32.856728 0.000117 -0.000071 21.882561 180.000000 180.000000 -180.000000 170.000015 179.999847 -150.154434 179.999939 179.999863 -150.154465 179.999924 179.999954 -160.122864 180.000000 180.000000 -180.000000 160.000000 -179.999847 -163.995651 0.000056 -0.000230 24.006525 0.000094 -0.000127 15.988344 176.566315 -177.914658 177.325546 170.886642 -178.683945 99.987160 178.496933 177.409683 -178.445831 5.841365 -3.109241 -7.207850 139.460632 126.913780 164.590271 179.999985 179.999969 166.938583 0.000010 0.000030 -8.698905 180.000000 180.000000 -180.000000 164.999985 -179.999924 157.046310 179.999969 -179.999954 161.219696 179.999969 -179.999985 166.853806 180.000000 180.000000 -180.000000 179.999939 -179.999908 151.730713 179.999908 -179.999969 151.730728 179.999939 179.999985 161.172653 180.000000 180.000000 -180.000000 9.999894 -0.000096 -27.968952 179.999863 -179.999969 152.031052 179.999908 179.999985 161.372681 180.000000 180.000000 -180.000000 19.999910 -0.000061 -25.137409 179.999847 -179.999969 142.293884 179.999908 179.999954 154.887741
5.313711 95.784950 3.097032 5.380745 -3.389630 -2.233736 14.469219 -13.880287 -2.209410 157.242889 135.560791 173.010788 178.032303 -172.231018 -177.578629 179.624237 179.575348 177.742676 173.001663 161.401215 179.888657 2.572698 -14.460373 3.412589 0.765461 3.952882 -0.513380 0.765384 3.882221 -0.891822 3.685859 2.912550 -0.919385 0.000020 4.423653 2.955323 0.000034 5.160928 3.060850 161.759308 175.868088 -179.427017 0.104988 1.826244 0.083264 8.045252 -6.482482 82.565491 3.760294 1.621201 -0.630340 175.811462 -174.698730 -175.359589 33.175583 47.075489 2.015954 0.000012 0.000032 10.749383 0.000005 0.000024 7.159092 0.000000 -0.000000 -0.000000 15.000031 0.000199 28.948910 179.999954 179.999847 -156.314514 179.999924 179.999908 -163.420166 0.000000 -0.000000 -0.000000 0.000018 0.000130 32.720119 179.999954 179.999878 -147.279861 179.999939 179.999954 -158.208389 0.000000 -0.000000 -0.000000 170.000015 179.999802 -150.100525 179.999924 179.999817 -150.100510 179.999893 179.999924 -160.086960 0.000000 -0.000000 -0.000000 160.000015 179.999756 -164.124802 179.999924 179.999634 -156.187180 179.999847 179.999802 -164.140671 176.560120 -177.907486 177.430008 170.849228 -178.879730 99.986862 178.149826 177.555740 -178.513214 5.735064 -3.185486 -7.177059 139.409821 126.958672 164.624344 180.000000 -179.999985 166.971909 179.999985 -179.999985 171.323303 0.000000 -0.000000 0.000000 165.000000 -179.999969 156.960632 179.999985 -179.999985 161.149612 179.999985 -179.999985 166.804733 0.000000 -0.000000 0.000000 179.999969 -179.999969 151.624756 179.999954 -179.999985 151.624756 179.999969 179.999985 161.102081 0.000000 -0.000000 0.000000 9.999917 -0.000063 -28.076754 179.999908 -179.999985 151.923248 179.999939 179.999985 161.300888 0.000000 -0.000000 0.000000 19.999950 -0.000029 -25.219229 179.999924 -179.999985 142.171173 179.999969 179.999985 154.805984
5.487371 95.826660 3.026072 4.986104 -3.320493 -2.384183 16.076740 -16.265120 -3.081770 155.426193 132.291824 172.236771 178.331665 -173.506485 -177.404846 0.218627 0.271281 -2.001427 172.985443 161.380310 179.768478 2.334647 -14.387846 3.357396 0.787711 3.985065 -0.558445 0.787642 3.914358 -0.968362 3.800304 2.947172 -1.009383 0.000141 4.389236 2.975368 0.000151 5.120771 3.081598 161.524734 175.890976 -179.423248 0.037218 1.803086 -0.002491 8.057210 -6.260440 82.625977 3.933546 1.836830 -0.563107 175.552505 -174.810379 -175.146835 33.155678 47.065193 2.195053 179.999924 -179.999985 -169.150284 179.999954 -179.999985 -172.774078 180.000000 180.000000 -180.000000 14.999935 -0.000248 29.100513 0.000054 -0.000203 23.809500 0.000093 -0.000119 16.666664 180.000000 180.000000 -180.000000 179.999939 -179.999664 -147.148758 0.000123 -0.000318 32.851234 0.000183 -0.000133 21.878918 180.000000 180.000000 -180.000000 169.999878 -179.999237 -149.857117 0.000273 -0.000722 30.142868 0.000402 -0.000327 20.075161 180.000000 180.000000 -180.000000 159.999969 -179.999603 -163.921326 0.000100 -0.000580 24.118000 0.000221 -0.000328 16.062599 176.596466 -177.833725 177.573761 170.742004 -179.071243 99.924095 177.844757 177.756332 -178.574402 5.620110 -3.248290 -7.164577 139.561630 126.932060 164.777695 179.999969 -179.999786 166.981766 179.999954 -179.999863 171.329849 0.000000 -0.000000 0.000000 165.000000 -179.999985 156.897247 179.999985 -179.999985 161.097763 179.999985 -179.999985 166.768433 0.000000 -0.000000 0.000000 179.999985 -179.999985 151.554550 179.999985 -179.999985 151.554535 179.999985 179.999985 161.055328 0.000000 -0.000000 0.000000 9.999977 -0.000014 -28.196091 179.999985 -180.000000 151.803925 179.999985 179.999985 161.221390 0.000000 -0.000000 0.000000 19.999994 -0.000004 -25.272331 179.999985 180.000000 142.091522 179.999985 179.999985 154.752960
5.642821 95.880936 2.945021 4.638104 -3.281597 -2.548533 17.253315 -17.981430 -3.675917 153.571426 129.490326 171.115997 178.895660 -174.192505 -177.119537 0.708988 0.116066 -1.720822 173.109436 161.325897 179.665054 2.016828 -14.294184 3.277422 0.802722 4.048157 -0.597438 0.802654 3.976705 -1.034724 3.880993 3.001840 -1.086571 0.000218 4.342954 2.979233 0.000225 5.066772 3.085590 161.286301 175.925629 -179.426392 179.956955 178.235214 179.912247 8.042909 -6.041725 82.636314 4.013927 2.101020 -0.554309 175.485336 -174.953857 -174.864700 34.109314 47.041225 2.210097 180.000000 179.998383 -169.546112 179.999817 179.998932 -173.037689 0.000000 0.000001 0.000003 14.999993 -0.000025 28.928198 0.000005 -0.000022 23.668524 0.000009 -0.000010 16.567966 0.000000 0.000001 0.000003 0.000020 0.000107 32.593658 179.999969 179.999893 -147.406342 179.999954 179.999969 -158.292633 0.000000 0.000001 0.000003 170.000015 179.999847 -150.426392 179.999954 179.999863 -150.426407 179.999939 179.999939 -160.304001 0.000000 0.000001 0.000003 160.000000 -179.999954 -164.188919 0.000010 -0.000087 23.716602 0.000037 -0.000046 15.795263 176.783493 -177.595474 177.841797 170.434647 -179.349167 99.709404 177.587509 178.015778 -178.633469 5.499723 -3.296896 -7.169919 139.036942 126.901268 164.027557 179.999985 -179.999985 166.859482 179.999985 -179.999985 171.248413 180.000000 180.000000 -180.000000 165.000000 -179.999985 156.840118 179.999985 -179.999985 161.051010 180.000000 180.000000 166.735718 180.000000 180.000000 -180.000000 180.000000 -180.000000 151.514297 180.000000 -180.000000 151.514297 180.000000 179.999985 161.028519 180.000000 180.000000 -180.000000 9.999990 -0.000006 -28.231651 179.999985 179.999985 151.768326 179.999985 179.999985 161.197723 180.000000 180.000000 -180.000000 20.000019 0.000006 -25.295778 0.000038 -0.000005 -37.943684 0.000018 -0.000019 -25.270496
5.771083 95.948524 2.853242 4.352959 -3.280779 -2.752839 18.274168 -20.217678 -4.350025 151.346146 126.210175 169.426270 179.488098 -174.455902 -176.783112 1.109859 -0.020708 -1.399623 173.287781 161.246460 179.584244 1.677324 -14.185346 3.174258 0.808904 4.147835 -0.627667 0.808832 4.074791 -1.086415 3.920702 3.079545 -1.145328 0.000247 4.289463 2.975727 0.000255 5.004375 3.081948 161.053238 175.966934 -179.431473 179.874603 178.299103 179.843552 8.117867 -5.989180 82.707161 3.990059 2.331061 -0.579676 175.370071 -175.068680 -174.668228 32.801476 46.933334 2.302913 0.000013 0.000067 11.078101 179.999985 179.999954 -172.621979 0.000000 -0.000000 0.000000 15.000002 -0.000017 28.907885 0.000002 -0.000008 23.651876 0.000004 -0.000007 16.556313 0.000000 -0.000000 0.000000 0.000013 0.000091 32.670036 179.999969 179.999908 -147.329956 179.999954 179.999969 -158.241776 0.000000 -0.000000 0.000000 170.000000 -179.999802 -150.264343 0.000085 -0.000179 29.735666 0.000108 -0.000078 19.803936 0.000000 -0.000000 0.000000 160.000015 -179.999969 -164.232391 0.000013 -0.000053 23.651400 0.000020 -0.000027 15.751843 176.565659 -177.670334 177.751617 170.430374 -179.307770 99.950256 177.381241 178.338547 -178.688034 5.377134 -3.346302 -7.186258 139.229034 126.750992 164.034988 179.999985 -179.999985 166.798492 179.999985 -180.000000 171.207794 0.000000 -0.000000 0.000000 165.000015 180.000000 156.803040 0.000004 -0.000001 -18.979338 0.000001 -0.000001 -13.285529 0.000000 -0.000000 0.000000 0.000011 -0.000000 -28.501884 0.000011 -0.000005 -28.501877 0.000004 -0.000005 -18.982256 0.000000 -0.000000 0.000000 10.000015 0.000002 -28.262297 0.000017 -0.000008 -28.262304 0.000006 -0.000008 -18.822691 0.000000 -0.000000 0.000000 20.000061 -0.000000 -25.272017 0.000081 -0.000037 -37.908016 0.000029 -0.000051 -25.246742
5.878557 96.028259 2.758018 4.153020 -3.288355 -2.922065 19.110210 -22.420362 -5.040316 149.216965 123.256813 167.657623 179.884308 -174.741180 -176.449890 1.445553 -0.151070 -1.131169 173.537231 161.169937 179.535385 1.255196 -14.055970 3.093341 0.812086 4.230894 -0.645995 0.811950 4.156411 -1.117844 3.942345 3.142645 -1.179650 0.000141 4.270595 2.944625 0.000145 4.982361 3.049770 160.735229 175.983932 -179.467728 179.727692 178.268951 179.711502 8.088696 -5.829535 82.670029 4.074718 2.628368 -0.496490 175.267380 -175.172394 -174.505997 32.652367 46.804691 2.319920 179.999985 -179.999985 -168.826843 0.000001 -0.000007 7.441332 0.000000 -0.000000 -0.000000 15.000010 0.000053 28.881237 179.999985 179.999969 -156.369904 179.999985 179.999985 -163.458923 0.000000 -0.000000 -0.000000 0.000005 0.000040 32.764145 179.999985 179.999969 -147.235840 179.999985 179.999985 -158.179092 0.000000 -0.000000 -0.000000 170.000000 179.999954 -150.499832 179.999985 179.999954 -150.499847 179.999985 179.999985 -160.352890 0.000000 -0.000000 -0.000000 160.000015 179.999939 -164.288528 179.999985 179.999908 -156.432755 179.999969 179.999954 -164.304214 176.301941 -177.828125 177.571213 170.327194 -179.250214 100.226120 177.227402 178.704483 -178.732529 5.284959 -3.314343 -7.257056 139.486084 126.551086 164.115997 179.999985 -180.000000 166.752090 180.000000 -180.000000 171.176880 180.000000 -180.000000 -179.999985 165.000015 -180.000000 156.818848 0.000005 -0.000004 -18.966387 0.000002 -0.000002 -13.276479 180.000000 -180.000000 -179.999985 0.000016 -0.000003 -28.480135 0.000012 -0.000009 -28.480156 0.000004 -0.000010 -18.967787 180.000000 -180.000000 -179.999985 10.000030 -0.000006 -28.238464 0.000027 -0.000021 -28.238482 0.000008 -0.000019 -18.806822 180.000000 -180.000000 -179.999985 20.000086 -0.000015 -25.196594 0.000119 -0.000078 -37.794926 0.000031 -0.000089 -25.171404
5.980862 96.114204 2.661425 3.973266 -3.267326 -3.002494 19.731190 -24.137005 -5.630131 146.105621 120.426781 164.784943 0.743733 -5.460420 4.116595 1.721777 -0.292866 -0.939182 173.805588 161.101440 179.499542 0.849933 -13.920597 2.972561 0.802207 4.345990 -0.696615 0.802090 4.269690 -1.202665 3.907514 3.232615 -1.285994 0.000159 4.214821 2.944563 0.000168 4.917294 3.049703 160.574173 176.026672 -179.463974 179.608871 178.334869 179.647598 8.131020 -5.809370 82.676308 4.029640 2.883764 -0.472537 175.592255 -175.296799 -174.265961 35.126617 47.043442 2.488038 179.995804 179.978867 -169.836517 179.994629 179.986679 -173.231110 0.000001 -0.000000 0.000003 15.000010 0.001740 28.909439 179.999329 179.998749 -156.346848 179.999207 179.999390 -163.442764 0.000001 -0.000000 0.000003 0.000539 -0.007068 33.566360 0.004291 -0.005637 33.566334 0.004446 -0.001590 22.355209 0.000001 -0.000000 0.000003 170.000443 -179.996628 -150.004044 0.002057 -0.002695 29.995930 0.002083 -0.000880 19.977285 0.000001 -0.000000 0.000003 159.999619 179.997971 -164.260101 179.998611 179.997238 -156.390182 179.998413 179.998688 -164.275864 176.085403 -177.865662 177.463348 170.181488 -179.213257 100.508324 177.082855 179.117004 -178.791245 5.195099 -3.276500 -7.332849 139.838120 126.358757 164.312073 180.000000 -179.999985 166.717529 180.000000 -179.999985 171.153854 0.000000 -0.000000 0.000003 165.000229 -179.999878 156.832626 0.000144 -0.000169 -18.955130 0.000057 -0.000144 -13.268584 0.000000 -0.000000 0.000003 0.000159 -0.000066 -28.416220 0.000107 -0.000134 -28.416208 0.000021 -0.000114 -18.925194 0.000000 -0.000000 0.000003 10.000580 -0.000228 -28.153233 0.000398 -0.000467 -28.153217 0.000085 -0.000401 -18.750027 0.000000 -0.000000 0.000003 20.000748 -0.000286 -25.064842 0.000829 -0.000858 -37.597279 0.000088 -0.000789 -25.039776
6.044438 96.214127 2.565376 3.897230 -3.333809 -3.243478 20.672247 -27.124350 -6.622153 143.779190 117.139099 162.645676 0.054715 -5.109945 4.518427 1.990121 -0.334672 -0.678633 173.820496 161.042374 179.515274 0.638274 -13.805573 2.923589 0.787994 4.494651 -0.711910 0.787878 4.415537 -1.228896 3.850139 3.338637 -1.316231 0.000133 4.191194 2.955750 0.000149 4.889735 3.061285 160.414429 176.042297 -179.462143 179.508804 178.381012 179.597076 8.140738 -5.772516 82.692261 3.917084 3.058629 -0.462754 175.544800 -175.360672 -174.167068 31.958181 46.427837 2.183826 179.999939 179.998718 -168.534851 179.999786 179.999176 -172.364212 0.000000 -0.000000 0.000003 15.000099 -0.005782 29.736919 0.002376 -0.004087 24.330166 0.002683 -0.001942 17.031143 0.000000 -0.000000 0.000003 179.999847 179.998627 -147.830307 179.999146 179.998917 -147.830261 179.999130 179.999695 -158.574982 0.000000 -0.000000 0.000003 169.999725 179.998276 -150.765228 179.998917 179.998627 -150.765228 179.998932 179.999557 -160.529648 0.000000 -0.000000 0.000003 159.999619 179.998032 -164.068604 179.998581 179.997330 -156.102890 179.998413 179.998764 -164.084518 175.425827 -178.250015 177.010406 170.280197 -178.870255 101.247131 177.044586 179.525711 -178.801590 5.161572 -3.252907 -7.377608 140.058762 126.180984 164.444077 0.000039 -0.000001 -13.290545 0.000033 -0.000009 -8.851495 0.000000 0.000000 -0.000003 165.000198 -179.999893 156.884796 0.000115 -0.000142 -18.912422 0.000045 -0.000123 -13.238704 0.000000 0.000000 -0.000003 0.000131 -0.000063 -28.388195 0.000085 -0.000117 -28.388193 0.000012 -0.000095 -18.906548 0.000000 0.000000 -0.000003 10.000447 -0.000205 -28.056568 0.000291 -0.000389 -28.056549 0.000052 -0.000320 -18.685667 0.000000 0.000000 -0.000003 20.000622 -0.000294 -24.953751 0.000677 -0.000806 -37.430637 0.000038 -0.000702 -24.928780
6.093712 96.315811 2.482077 3.914424 -3.529321 -3.646481 21.227535 -29.304371 -7.171919 139.345718 114.564140 158.559830 0.108955 -5.297507 4.836249 2.208831 -0.228837 -0.302680 173.656403 160.994095 179.552612 0.588610 -13.715274 2.894474 0.774778 4.663205 -0.681224 0.774614 4.580401 -1.178555 3.793233 3.449893 -1.245433 0.000076 4.207509 2.957730 0.000092 4.908756 3.063308 160.217529 176.026886 -179.478882 179.365250 178.297409 179.451630 7.965740 -5.502812 82.588020 4.074746 3.343880 -0.266971 175.639862 -175.370605 -174.043549 30.821846 46.148911 2.204475 179.998703 179.999954 -167.996323 179.999146 -179.999863 -172.005554 0.000000 0.000000 -0.000003 15.000034 0.002774 28.519577 179.998932 179.998001 -156.665817 179.998764 179.999008 -163.666046 0.000000 0.000000 -0.000003 179.999863 179.997894 -147.728867 179.998764 179.998306 -147.728851 179.998703 179.999481 -158.507401 0.000000 0.000000 -0.000003 169.999695 179.997314 -150.641159 179.998413 179.997818 -150.641159 179.998367 179.999268 -160.447006 0.000000 0.000000 -0.000003 159.999512 179.996979 -163.924408 179.998032 179.995865 -155.886566 179.997665 179.998032 -163.940460 175.300278 -178.283752 176.970963 169.801590 -178.889023 101.441414 177.052841 179.882721 -178.777237 5.175049 -3.178687 -7.429218 140.253006 126.055511 164.627151 179.999985 -179.999985 166.730392 179.999985 179.999985 171.162430 180.000000 180.000000 -180.000000 164.999954 179.999985 156.954681 179.999985 179.999969 161.144760 179.999985 179.999985 166.801346 180.000000 180.000000 -180.000000 179.999908 179.999954 151.664230 179.999939 179.999908 151.664246 179.999985 179.999924 161.128387 180.000000 180.000000 -180.000000 10.000117 -0.000059 -27.954103 0.000074 -0.000108 -27.954105 0.000011 -0.000088 -18.617403 180.000000 180.000000 -180.000000 20.000189 -0.000111 -24.812265 0.000205 -0.000268 -37.218449 0.000001 -0.000231 -24.787491
6.121095 96.415123 2.409192 3.949508 -3.784315 -4.143053 21.840847 -31.634632 -7.703054 131.799347 111.883980 151.467499 0.592404 -6.125017 5.081614 2.403810 -0.037083 0.140958 173.436127 160.965973 179.610703 0.620223 -13.646629 2.878254 0.748878 4.915852 -0.664385 0.748654 4.827713 -1.151258 3.679907 3.621622 -1.204443 0.000002 4.183486 3.007825 0.000007 4.880733 3.115247 160.173508 176.037399 -179.445694 179.389709 178.460159 179.521820 7.948061 -5.413102 82.620644 3.892085 3.468753 -0.315460 175.340744 -175.442825 -173.981018 32.206875 46.462917 2.796143 179.999573 -179.999527 -168.335754 179.999771 -179.999619 -172.231628 0.000000 -0.000000 0.000000 15.000031 0.002385 28.743774 179.999084 179.998291 -156.482346 179.998932 179.999161 -163.537659 0.000000 -0.000000 0.000000 179.999878 179.998215 -147.558350 179.998932 179.998550 -147.558334 179.998901 179.999573 -158.393829 0.000000 -0.000000 0.000000 169.999741 179.997726 -150.421249 179.998657 179.998154 -150.421234 179.998611 179.999390 -160.300552 0.000000 -0.000000 0.000000 159.999573 179.997360 -163.683304 179.998245 179.996368 -155.524963 179.997940 179.998291 -163.699615 175.342178 -178.080948 177.160110 169.262436 -178.941116 101.548157 177.104782 -179.837601 -178.711975 5.179018 -3.223596 -7.387866 140.236832 125.983673 164.563110 0.000001 0.000002 -13.281972 179.999985 179.999985 171.154221 0.000000 -0.000000 0.000000 164.999924 179.999969 156.952698 179.999969 179.999939 161.143143 179.999985 179.999954 166.800186 0.000000 -0.000000 0.000000 179.999847 179.999924 151.658722 179.999908 179.999847 151.658752 179.999985 179.999878 161.124725 0.000000 -0.000000 0.000000 9.999981 0.000009 -27.912508 179.999985 179.999985 152.087463 180.000000 179.999985 161.410278 0.000000 -0.000000 0.000000 20.000057 -0.000030 -24.753944 0.000063 -0.000080 -37.130905 0.000003 -0.000068 -24.729193
6.127134 96.517982 2.352069 3.998756 -4.160764 -4.899048 22.191460 -33.708759 -7.766024 123.698959 110.129440 143.854736 1.010448 -6.768917 5.064419 2.734071 0.227185 0.831846 173.033905 160.892303 179.678802 0.708345 -13.591396 2.860108 0.747275 5.152982 -0.569859 0.747075 5.059532 -0.995663 3.657289 3.771764 -0.990258 179.999939 175.779404 -176.970276 179.999924 175.075958 -176.862076 160.054916 176.002747 -179.450882 179.468094 178.672516 179.730560 7.693060 -4.817366 82.316460 3.952952 3.699807 -0.239584 175.076508 -175.485321 -173.899597 33.250332 46.469627 2.996893 179.999588 -179.999588 -168.676971 179.999786 -179.999680 -172.458878 0.000001 -0.000000 0.000003 15.000036 0.002112 28.952717 179.999191 179.998474 -156.311417 179.999054 179.999252 -163.417999 0.000001 -0.000000 0.000003 179.999893 179.998413 -147.401291 179.999069 179.998718 -147.401276 179.999023 179.999619 -158.289246 0.000001 -0.000000 0.000003 169.999756 179.997986 -150.222076 179.998810 179.998383 -150.222107 179.998779 179.999466 -160.167908 0.000001 -0.000000 0.000003 159.999634 179.997650 -163.451370 179.998428 179.996796 -155.177048 179.998154 179.998520 -163.467926 175.197952 -178.173996 177.104706 168.873413 -178.845779 101.804482 177.187363 -179.646500 -178.611191 5.189905 -3.270141 -7.341869 140.200302 126.008095 164.511292 0.000024 0.000011 -13.294818 0.000017 0.000001 -8.854339 0.000000 -0.000001 0.000000 164.999725 179.999847 156.976639 179.999847 179.999802 161.162720 179.999939 179.999832 166.813904 0.000000 -0.000001 0.000000 179.999786 179.999893 151.640518 179.999863 179.999802 151.640503 179.999985 179.999847 161.112564 0.000000 -0.000001 0.000000 9.999882 0.000063 -27.898052 179.999939 179.999893 152.101944 179.999985 179.999908 161.419891 0.000000 -0.000001 0.000000 19.999960 0.000013 -24.726311 179.999985 179.999969 142.910507 0.000001 0.000035 -24.701593
6.114165 96.611465 2.304619 4.090739 -4.490555 -5.493252 23.484333 -36.750416 -8.930702 112.155746 107.912399 133.081131 1.173885 -7.450538 5.012773 2.947854 0.488764 1.383642 172.856842 160.845810 179.796417 0.652840 -13.555261 2.823534 0.737147 5.367252 -0.505651 0.736947 5.269015 -0.889875 3.601942 3.910338 -0.844945 179.999863 175.727844 -176.949219 179.999863 175.015808 -176.840240 159.952301 175.956863 -179.459457 179.421082 178.627686 179.631012 7.681740 -4.608458 82.378624 3.834850 3.836127 -0.314097 174.558029 -175.483383 -173.862366 37.210838 46.686447 3.176032 179.994949 179.961060 -170.318253 179.991913 179.975113 -173.551971 0.000000 0.000001 0.000003 14.999872 -0.001519 29.513962 0.000523 -0.001136 24.147810 0.000654 -0.000574 16.903454 0.000000 0.000001 0.000003 179.999985 -179.997650 -146.813919 0.001253 -0.001976 33.186073 0.001416 -0.000652 22.101925 0.000000 0.000001 0.000003 170.000214 -179.994659 -149.149109 0.002845 -0.004519 30.850954 0.003155 -0.001648 20.546724 0.000000 0.000001 0.000003 159.999969 179.999390 -163.146240 179.999664 179.999146 -154.719345 179.999557 179.999588 -163.163086 175.183426 -178.135422 177.183884 168.446609 -178.840698 101.864586 177.290573 -179.554916 -178.477554 5.200839 -3.325030 -7.296675 140.174606 126.116478 164.542206 0.000012 0.000017 -13.285443 0.000007 0.000002 -8.848105 0.000000 -0.000000 0.000000 164.999878 179.999939 156.885727 179.999939 179.999908 161.088318 179.999985 179.999924 166.761826 0.000000 -0.000000 0.000000 179.999802 179.999878 151.600189 179.999863 179.999802 151.600159 179.999985 179.999847 161.085724 0.000000 -0.000000 0.000000 9.999810 0.000099 -27.904131 179.999878 179.999832 152.095871 179.999985 179.999863 161.415833 0.000000 -0.000000 0.000000 19.999880 0.000059 -24.714441 179.999908 179.999847 142.928284 0.000001 0.000121 -24.689751
6.085833 96.694878 2.262424 4.174610 -4.756200 -5.947853 25.130074 -39.835869 -10.614257 94.185616 107.223907 116.134949 2.699885 -8.822178 4.827230 3.124892 0.682817 1.820887 172.754242 160.786774 179.918228 0.558338 -13.485660 2.752176 0.727658 5.543190 -0.462101 0.727485 5.441216 -0.818317 3.547204 4.026037 -0.747243 179.999908 175.657990 -176.937988 179.999893 174.934311 -176.828598 159.858078 175.898132 -179.478500 179.378281 178.553009 179.510788 7.714608 -4.598900 82.534195 3.462463 3.980478 -0.519215 175.125580 -175.339691 -173.575592 31.657948 46.069038 3.156601 0.000148 0.000152 12.145217 0.000080 0.000109 8.088720 180.000000 -180.000000 179.999985 15.000636 0.003229 28.799643 179.999191 179.997437 -156.436661 179.998749 179.998596 -163.505661 180.000000 -180.000000 179.999985 0.000227 0.001752 32.301697 179.999268 179.998398 -147.698242 179.999008 179.999359 -158.487061 180.000000 -180.000000 179.999985 170.000198 179.997650 -151.055450 179.999023 179.997864 -151.055405 179.998734 179.999069 -160.722900 180.000000 -180.000000 179.999985 160.000076 179.997711 -163.099106 179.999084 179.996704 -154.648636 179.998505 179.998276 -163.115982 175.076935 -178.248520 177.120880 168.215927 -178.696289 102.035210 177.401566 -179.562866 -178.332748 5.212658 -3.387467 -7.246006 140.159988 126.297905 164.629868 179.999985 179.999985 166.734604 179.999985 179.999985 171.165222 0.000000 0.000000 -0.000003 164.999756 179.999847 156.907333 179.999847 179.999802 161.105988 179.999954 179.999847 166.774200 0.000000 0.000000 -0.000003 179.999832 179.999908 151.544006 179.999893 179.999832 151.544022 179.999985 179.999863 161.048309 0.000000 0.000000 -0.000003 10.000038 -0.000023 -28.018820 0.000026 -0.000036 -28.018822 0.000001 -0.000029 -18.660524 0.000000 0.000000 -0.000003 19.999893 0.000063 -24.736761 179.999893 179.999847 142.894852 0.000002 0.000128 -24.712032
6.047616 96.772148 2.226604 4.241760 -5.005543 -6.399156 27.116858 -42.888020 -12.621449 79.089302 107.139587 101.932739 3.246654 -9.659555 4.641717 3.415051 0.850376 2.316262 172.663208 160.736847 179.999619 0.335481 -13.405106 2.695602 0.722005 5.734539 -0.429588 0.721827 5.628575 -0.765378 3.518959 4.155329 -0.670276 179.999817 175.605240 -176.907669 179.999802 174.872803 -176.797195 159.798264 175.850067 -179.478882 179.362671 178.582840 179.482147 7.737756 -4.458939 82.619720 3.235557 4.094236 -0.668647 174.609314 -175.519165 -173.520966 32.054230 46.470734 4.144256 179.999466 -179.999893 -167.597977 179.999649 -179.999863 -171.740250 0.000000 -0.000001 -0.000003 15.000970 0.003838 29.025070 179.999161 179.996872 -156.252213 179.998566 179.998245 -163.376541 0.000000 -0.000001 -0.000003 0.000270 0.001402 32.480022 179.999466 179.998672 -147.519989 179.999222 179.999451 -158.368301 0.000000 -0.000001 -0.000003 170.000015 179.999939 -150.668411 179.999985 179.999939 -150.668396 179.999969 179.999985 -160.465149 0.000000 -0.000001 -0.000003 159.998734 -179.987198 -161.668472 0.003701 -0.018958 27.497309 0.007736 -0.010272 18.313211 175.041687 -178.209961 177.194107 168.039642 -178.580399 102.083794 177.513535 -179.639694 -178.194901 5.214839 -3.469887 -7.190846 140.143005 126.538612 164.732178 179.999969 179.999985 166.752686 179.999985 179.999985 171.177292 0.000000 -0.000000 0.000000 164.999939 179.999954 156.730072 179.999969 179.999954 160.960983 179.999985 179.999954 166.672684 0.000000 -0.000000 0.000000 179.999924 179.999954 151.452103 179.999954 179.999908 151.452103 180.000000 179.999939 160.987076 0.000000 -0.000000 0.000000 9.999780 0.000122 -27.860516 179.999863 179.999786 152.139481 179.999985 179.999832 161.444885 0.000000 -0.000000 0.000000 19.999922 0.000039 -24.786705 179.999924 179.999893 142.819962 180.000000 179.999908 155.238068
6.005145 96.845818 2.199532 4.301893 -5.247490 -6.846468 29.329897 -45.860329 -14.933706 65.087822 108.209816 88.774902 4.112183 -10.500173 4.460074 3.735566 1.019721 2.837036 172.553329 160.703857 -179.944122 0.101069 -13.321882 2.630971 0.722387 5.920041 -0.393627 0.722201 5.810208 -0.707062 3.516888 4.280447 -0.583982 179.999771 175.548737 -176.881622 179.999756 174.806870 -176.770233 159.746872 175.799850 -179.482407 179.306427 178.558121 179.381088 7.790095 -4.241235 82.676445 2.896559 4.225794 -0.865447 174.675018 -175.639160 -173.288940 33.862797 46.372849 4.096546 0.000655 0.003665 11.630483 179.999939 179.997513 -172.254089 0.000000 -0.000000 0.000000 15.001149 0.004373 29.549173 179.999039 179.996429 -155.823410 179.998352 179.998016 -163.076401 0.000000 -0.000000 0.000000 0.000450 0.002238 32.625797 179.999176 179.997879 -147.374222 179.998779 179.999115 -158.271210 0.000000 -0.000000 0.000000 169.999954 -179.999649 -150.628204 0.000120 -0.000335 29.371815 0.000182 -0.000158 19.561638 0.000000 -0.000000 0.000000 160.000183 179.998154 -164.597565 179.999527 179.997253 -156.896301 179.998993 179.998444 -164.612946 174.997299 -178.171570 177.254730 167.965149 -178.429123 102.133415 177.617355 -179.755341 -178.075592 5.203738 -3.570047 -7.156995 140.155930 126.779854 164.906204 179.999954 179.999969 166.792252 179.999985 179.999969 171.203644 0.000000 -0.000000 0.000000 165.000000 179.999985 156.644409 0.000005 0.000009 -19.109108 0.000004 0.000006 -13.376388 0.000000 -0.000000 0.000000 179.999985 179.999985 151.362640 179.999985 179.999985 151.362640 0.000001 0.000016 -19.072496 0.000000 -0.000000 0.000000 9.999971 0.000018 -28.136545 179.999985 179.999969 151.863464 180.000000 179.999985 161.261078 0.000000 -0.000000 0.000000 19.999960 0.000009 -24.853258 179.999969 179.999969 142.720093 180.000000 179.999969 155.171585
5.966374 96.917328 2.183170 4.357463 -5.487388 -7.284903 31.929974 -48.923038 -17.793438 53.057045 109.747032 77.433228 4.805777 -11.161817 4.355752 4.087958 1.201470 3.360212 172.479065 160.687424 -179.869583 179.810013 -166.757217 -177.455673 0.728408 6.102706 -0.355260 0.728210 5.989058 -0.645120 3.539510 4.403502 -0.490459 179.999756 175.491074 -176.859665 179.999741 174.739578 -176.747482 159.703217 175.749557 -179.488159 179.170654 178.400955 179.106964 7.910460 -4.337574 82.941910 2.385242 4.364974 -1.137951 174.550949 -175.820892 -173.096237 32.836868 46.373360 4.602363 179.999939 -179.999832 -167.681366 179.999985 -179.999893 -171.795792 0.000000 -0.000000 0.000000 15.001320 0.004845 30.134401 179.998932 179.996048 -155.344574 179.998154 179.997803 -162.741196 0.000000 -0.000000 0.000000 0.000580 0.002708 32.910633 179.999008 179.997421 -147.089355 179.998520 179.998932 -158.081512 0.000000 -0.000000 0.000000 170.000275 179.998337 -150.808563 179.999451 179.998413 -150.808548 179.999161 179.999268 -160.558502 0.000000 -0.000000 0.000000 160.000092 179.999298 -164.264099 179.999832 179.998932 -156.396164 179.999619 179.999405 -164.279846 174.946426 -178.131622 177.303650 167.995316 -178.243607 102.113472 177.710510 -179.889832 -178.018478 5.165068 -3.686983 -7.043195 140.105606 127.018135 165.026779 179.999985 179.999985 166.834946 179.999985 179.999985 171.232071 0.000000 -0.000000 0.000000 165.000046 -179.999985 156.567581 0.000026 -0.000018 -19.171982 0.000014 -0.000020 -13.420379 0.000000 -0.000000 0.000000 0.000023 -0.000010 -28.747477 0.000016 -0.000020 -28.747477 0.000003 -0.000016 -19.145817 0.000000 -0.000000 0.000000 10.000012 -0.000012 -28.262054 0.000010 -0.000017 -28.262041 180.000000 -179.999985 161.177490 0.000000 -0.000000 0.000000 19.999987 -0.000012 -24.954340 179.999985 -179.999985 142.568466 179.999985 -179.999985 155.070602
5.937110 96.992935 2.185829 4.402615 -5.705936 -7.681527 33.860584 -51.210091 -20.069595 45.015331 111.803062 69.780914 5.925403 -12.138406 4.257583 4.507771 1.382052 3.833824 172.239700 160.690536 -179.801849 179.630203 -166.834320 -177.578323 0.738855 6.275322 -0.322215 0.738635 6.158108 -0.592317 3.583758 4.520457 -0.406941 179.999786 175.433121 -176.839172 179.999771 174.671982 -176.726273 159.669281 175.699417 -179.494263 179.145477 178.455322 179.075897 7.911886 -4.113544 82.931664 1.956201 4.504031 -1.352651 174.242096 -176.073181 -172.939178 33.274403 46.257099 4.895259 179.999847 -179.999619 -167.697815 179.999954 -179.999725 -171.806747 0.000001 -0.000000 0.000000 15.001382 0.004918 30.824503 179.998886 179.995972 -154.779968 179.998077 179.997787 -162.345978 0.000001 -0.000000 0.000000 0.000659 0.002933 33.285599 179.998932 179.997192 -146.714401 179.998383 179.998825 -157.831772 0.000001 -0.000000 0.000000 170.000137 179.999268 -150.513580 179.999756 179.999313 -150.513580 179.999634 179.999680 -160.362045 0.000001 -0.000000 0.000000 160.000275 179.998001 -164.240631 179.999542 179.996994 -156.360931 179.998932 179.998291 -164.256378 174.889221 -178.087479 177.343201 168.086243 -178.049179 102.094666 177.777557 179.996399 -178.017471 5.107027 -3.798079 -6.926278 140.041275 127.181664 165.060989 0.000005 0.000001 -13.146255 180.000000 179.999985 171.244583 0.000000 -0.000000 0.000000 165.000061 -179.999985 156.481277 0.000043 -0.000041 -19.242588 0.000018 -0.000036 -13.469810 0.000000 -0.000000 0.000000 0.000034 -0.000018 -28.845640 0.000021 -0.000032 -28.845648 0.000002 -0.000026 -19.211199 0.000000 -0.000000 0.000000 10.000081 -0.000067 -28.309164 0.000040 -0.000096 -28.309156 179.999985 -179.999939 161.146088 0.000000 -0.000000 0.000000 20.000011 -0.000022 -25.054241 0.000003 -0.000030 -37.581348 179.999985 -179.999985 154.970825
5.916157 97.077980 2.206800 4.468439 -6.005793 -8.246813 35.644733 -53.431725 -22.203478 39.184002 112.946892 64.171928 6.191396 -12.472745 4.284643 5.014290 1.652018 4.473239 171.996475 160.719772 -179.696701 179.379059 -166.877060 -177.708969 0.760454 6.478208 -0.255306 0.760232 6.356649 -0.484282 3.667500 4.652859 -0.244968 179.999817 175.371307 -176.816666 179.999786 174.599869 -176.702942 159.650009 175.645996 -179.499084 179.119812 178.521088 179.055023 7.886428 -3.865912 82.913467 1.556620 4.652661 -1.557610 173.480286 -176.488434 -172.866318 33.998367 46.108994 5.260066 179.999924 -179.999924 -167.794510 179.999969 -179.999954 -171.871155 0.000000 0.000000 -0.000003 15.000101 0.000268 31.828281 179.999954 179.999771 -153.958710 179.999908 179.999878 -161.771072 0.000000 0.000000 -0.000003 0.000230 0.000805 33.799168 179.999741 179.999207 -146.200836 179.999573 179.999664 -157.489761 0.000000 0.000000 -0.000003 170.000061 179.999802 -150.387604 179.999954 179.999802 -150.387604 179.999893 179.999908 -160.278168 0.000000 0.000000 -0.000003 160.000015 179.999985 -163.818024 180.000000 179.999985 -155.727036 179.999985 179.999985 -163.834213 174.834961 -178.029877 177.395142 168.198395 -177.866867 102.079178 177.814316 179.918304 -178.064835 5.032257 -3.897429 -6.817308 139.966995 127.272186 165.019714 179.999985 -180.000000 166.852051 180.000000 179.999985 171.243469 0.000000 -0.000000 0.000003 165.000076 -179.999985 156.374420 0.000043 -0.000044 -19.330011 0.000018 -0.000038 -13.531016 0.000000 -0.000000 0.000003 0.000024 -0.000013 -28.931948 0.000014 -0.000024 -28.931948 0.000000 -0.000017 -19.268681 0.000000 -0.000000 0.000003 10.000011 -0.000012 -28.685961 0.000005 -0.000014 -28.685989 180.000000 -179.999985 160.895142 0.000000 -0.000000 0.000003 20.000002 -0.000015 -25.150999 0.000004 -0.000022 -37.726513 179.999985 -179.999985 154.874146
5.907499 97.168167 2.239678 4.502252 -6.171157 -8.561382 38.009537 -55.503967 -25.078592 34.232731 113.967110 59.435467 6.389255 -12.705410 4.324152 5.504139 1.823654 4.825022 171.801971 160.760406 -179.539261 179.121185 -166.908890 -177.872070 0.778048 6.605478 -0.228202 0.777829 6.481363 -0.441686 3.743319 4.738867 -0.173656 179.999847 175.329666 -176.792358 179.999832 174.551300 -176.677780 159.614243 175.608261 -179.498550 179.086777 178.525635 178.993103 7.851557 -3.634931 82.896797 1.112642 4.819261 -1.781292 173.714417 -176.573792 -172.585022 34.874825 45.895592 4.981609 0.000277 0.001089 11.733062 0.000032 0.000749 7.814225 0.000000 0.000002 0.000003 15.000507 0.001572 31.782280 179.999664 179.998688 -153.996323 179.999390 179.999283 -161.797440 0.000000 0.000002 0.000003 0.000142 0.000503 34.164249 179.999847 179.999496 -145.835770 179.999725 179.999786 -157.246628 0.000000 0.000002 0.000003 170.000061 179.999741 -150.309921 179.999939 179.999741 -150.309937 179.999878 179.999878 -160.226425 0.000000 0.000002 0.000003 160.000015 179.999908 -163.824600 179.999985 179.999863 -155.736908 179.999969 179.999924 -163.840790 174.780777 -178.026199 177.398361 168.310806 -177.710724 102.069458 177.814850 179.874908 -178.154266 4.952732 -3.970021 -6.722059 139.895340 127.294441 164.965561 180.000000 179.999985 166.854706 180.000000 179.999985 171.245239 0.000000 -0.000000 0.000000 165.000046 -179.999985 156.255554 0.000029 -0.000031 -19.427280 0.000011 -0.000026 -13.599108 0.000000 -0.000000 0.000000 0.000009 -0.000007 -28.995663 0.000006 -0.000009 -28.995672 180.000000 -179.999985 160.688889 0.000000 -0.000000 0.000000 10.000002 -0.000001 -28.737837 0.000001 -0.000005 -28.737823 180.000000 -179.999985 160.860626 0.000000 -0.000000 0.000000 19.999987 0.000033 -25.263784 0.000007 0.000055 -37.895676 0.000025 0.000023 -25.238523
5.903148 97.263008 2.283833 4.567651 -6.391529 -8.990273 40.493484 -57.469875 -28.093634 29.448387 114.427628 54.924702 6.011950 -12.789300 4.402417 5.954298 2.036552 5.286241 171.648239 160.793228 -179.365662 178.848770 -166.931961 -178.047302 0.800311 6.749128 -0.177931 0.800080 6.621891 -0.360985 3.834958 4.831234 -0.048858 179.999817 175.261154 -176.777878 179.999786 174.471359 -176.662781 159.605133 175.550888 -179.509094 179.063721 178.526016 178.943222 7.805212 -3.514541 82.937546 0.756164 4.961496 -1.960624 173.599854 -176.743866 -172.388626 34.332264 45.950089 5.647379 0.000006 0.000039 12.287730 0.000002 0.000024 8.183627 180.000000 -180.000000 179.999985 15.000157 0.000529 32.603043 179.999878 179.999573 -153.324783 179.999786 179.999756 -161.327347 180.000000 -180.000000 179.999985 0.000101 0.000371 34.401218 179.999878 179.999634 -145.598785 179.999802 179.999847 -157.088776 180.000000 -180.000000 179.999985 170.000061 179.999786 -150.193176 179.999954 179.999786 -150.193146 179.999908 179.999893 -160.148636 180.000000 -180.000000 179.999985 160.000000 180.000000 -163.774612 0.000003 -0.000001 24.338097 180.000000 -179.999985 -163.790848 174.739334 -178.021713 177.410141 168.412292 -177.589447 102.056763 177.774948 179.852493 -178.271423 4.881655 -4.009737 -6.631919 139.838303 127.253021 164.896530 0.000000 0.000005 -13.145748 0.000000 0.000000 -8.755065 0.000000 -0.000001 0.000000 165.000031 -179.999985 156.142685 0.000012 -0.000014 -19.519638 0.000004 -0.000010 -13.663733 0.000000 -0.000001 0.000000 0.000003 -0.000001 -29.031166 0.000000 -0.000001 -29.031189 180.000000 -180.000000 160.665222 0.000000 -0.000001 0.000000 9.999993 0.000001 -28.756975 180.000000 180.000000 151.243011 0.000001 0.000004 -19.152155 0.000000 -0.000001 0.000000 19.999990 -0.000050 -24.987335 179.999969 -179.999939 142.518982 179.999969 -179.999985 155.037628
5.899379 97.359291 2.338677 4.622079 -6.562047 -9.331316 43.478893 -59.279404 -31.677362 24.818531 114.536156 50.655746 5.275780 -12.756297 4.459248 6.420867 2.200673 5.663878 171.461014 160.821518 -179.208374 178.589859 -166.939255 -178.201660 0.821785 6.869342 -0.145747 0.821546 6.739593 -0.310245 3.927301 4.910351 0.035503 179.999786 175.196823 -176.760681 179.999756 174.396286 -176.644958 159.611252 175.496552 -179.515671 179.048920 178.522690 178.907242 7.750331 -3.286464 82.922668 0.531476 5.083038 -2.075922 173.495377 -176.890732 -172.179535 34.459175 45.848881 5.805638 180.000000 179.999985 -167.667496 0.000003 0.000017 8.213455 0.000000 0.000000 -0.000003 15.000118 0.000403 32.965481 179.999908 179.999664 -153.028214 179.999847 179.999832 -161.119781 0.000000 0.000000 -0.000003 0.000084 0.000314 34.649464 179.999893 179.999710 -145.350555 179.999832 179.999863 -156.923462 0.000000 0.000000 -0.000003 170.000046 179.999802 -150.051147 179.999954 179.999802 -150.051147 179.999908 179.999908 -160.054047 0.000000 0.000000 -0.000003 160.000015 179.999939 -163.782928 179.999985 179.999908 -155.674362 179.999985 179.999939 -163.799118 174.711411 -178.014694 177.433121 168.472061 -177.512115 102.084595 177.694458 179.846817 -178.376511 4.828351 -4.018485 -6.615829 139.758118 127.189896 164.813293 0.000006 -0.000001 -13.138564 180.000000 179.999985 171.249695 0.000000 -0.000000 0.000000 165.000015 -179.999985 156.069748 0.000004 -0.000006 -19.579290 0.000001 -0.000005 -13.705517 0.000000 -0.000000 0.000000 0.000000 -0.000000 -29.040693 180.000000 180.000000 150.959305 180.000000 -180.000000 160.658905 0.000000 -0.000000 0.000000 10.000000 0.000001 -28.743427 0.000001 0.000004 -28.743441 180.000000 180.000000 160.856873 0.000000 -0.000000 0.000000 20.000004 -0.000001 -25.391037 0.000002 0.000004 -38.086567 0.000003 -0.000003 -25.365648
5.896188 97.452255 2.380730 4.499623 -6.442779 -9.249599 48.049549 -60.902660 -36.807312 19.896315 114.991493 46.226830 4.568971 -12.961489 4.489881 6.985955 2.066287 5.622160 171.346222 160.817017 -179.063354 178.260010 -166.941956 -178.348999 0.844138 6.870039 -0.202826 0.843926 6.740980 -0.407982 4.045583 4.924603 -0.081004 179.999939 175.154831 -176.728928 179.999924 174.347305 -176.612076 159.610458 175.457718 -179.508133 179.034073 178.515549 178.883621 7.664713 -3.150567 82.957222 0.196513 5.255846 -2.245157 173.542053 -176.945145 -171.954514 34.446503 45.773754 6.006546 179.999847 -179.999710 -167.546158 179.999954 -179.999786 -171.705719 0.000000 -0.000000 0.000000 15.003166 0.010478 33.294670 179.997360 179.991455 -152.758942 179.995560 179.995560 -160.931259 0.000000 -0.000000 0.000000 0.001892 0.006393 34.966480 179.997849 179.993698 -145.033569 179.996399 179.997406 -156.712341 0.000000 -0.000000 0.000000 170.001312 179.995331 -149.869843 179.998764 179.995300 -149.869888 179.997726 179.997726 -159.933304 0.000000 -0.000000 0.000000 160.000305 179.998810 -163.742447 179.999954 179.998154 -155.613663 179.999466 179.998917 -163.758682 174.689224 -178.011398 177.460022 168.527710 -177.446259 102.113228 177.599625 179.841080 -178.485382 4.787676 -4.005813 -6.616249 139.671646 127.084396 164.767731 179.999985 179.999924 166.897980 180.000000 179.999969 171.274063 180.000000 -180.000000 -179.999985 165.000137 -179.999847 156.045990 0.000053 -0.000171 -19.598738 180.000000 -179.999863 166.280884 180.000000 -180.000000 -179.999985 180.000000 180.000000 150.874390 0.000000 0.000002 -29.125624 0.000003 -0.000001 -19.397667 180.000000 -180.000000 -179.999985 9.999996 -0.000020 -28.695974 179.999985 -179.999985 151.304062 179.999985 -179.999985 160.888504 180.000000 -180.000000 -179.999985 20.000004 0.000026 -25.330587 0.000050 0.000023 -37.995869 0.000033 -0.000008 -25.305269
5.879251 97.538704 2.448308 4.682142 -6.786747 -9.821680 51.267956 -62.465271 -40.698601 15.751509 114.559883 42.579235 3.292734 -12.586544 4.435949 7.332200 2.363313 6.290798 171.076950 160.848877 -179.047760 178.083176 -166.946411 -178.380157 0.866310 7.053914 -0.120168 0.866105 6.920602 -0.273578 4.127501 5.036782 0.117444 179.999954 175.072815 -176.720505 179.999954 174.251633 -176.603394 159.631058 175.391479 -179.524002 179.039291 178.502701 178.864731 7.634695 -3.002737 82.983421 179.957596 174.687592 177.620224 173.150894 -177.184799 -171.753860 34.859642 45.702644 6.094910 0.000003 0.000031 12.335538 0.000002 0.000026 8.215486 0.000000 -0.000002 0.000000 15.002494 0.007297 34.048233 179.998291 179.993927 -152.142334 179.996933 179.996841 -160.499649 0.000000 -0.000002 0.000000 0.001784 0.005039 35.364193 179.998489 179.994888 -144.635788 179.997192 179.997818 -156.447433 0.000000 -0.000002 0.000000 170.001312 179.996231 -149.585953 179.999207 179.996109 -149.585953 179.998215 179.998047 -159.744278 0.000000 -0.000002 0.000000 160.000259 179.999329 -163.641190 0.000033 0.001069 24.538212 179.999725 179.999359 -163.657562 174.683502 -177.995361 177.501480 168.534500 -177.436676 102.106743 177.453537 179.801834 -178.557999 4.761080 -3.984974 -6.600650 139.853821 126.882965 164.936234 179.999969 179.999939 166.931717 179.999985 179.999954 171.296524 0.000000 -0.000000 0.000000 165.000076 -179.999878 155.867172 0.000020 -0.000108 -19.745035 179.999985 -179.999924 166.178482 0.000000 -0.000000 0.000000 0.000002 -0.000027 -29.101469 179.999985 -179.999985 150.898529 179.999985 -179.999985 160.618408 0.000000 -0.000000 0.000000 9.999984 -0.000055 -28.686703 179.999969 -179.999969 151.313293 179.999969 -179.999985 160.894669 0.000000 -0.000000 0.000000 19.999977 -0.000008 -25.279949 179.999985 -179.999985 142.080048 179.999985 -179.999985 154.745316
5.855759 97.623024 2.541825 4.858475 -7.036097 -10.168870 55.165276 -63.730568 -45.373062 11.547214 114.514603 38.904186 2.187512 -12.601218 4.340126 7.736899 2.615312 6.738404 170.641342 160.886978 -179.047791 178.007568 -166.906860 -178.384521 0.877810 7.205657 -0.081874 0.877574 7.069094 -0.211891 4.173785 5.135352 0.214588 179.999969 175.017014 -176.719513 179.999954 174.186508 -176.602371 159.709213 175.346985 -179.531891 179.047333 178.493225 178.852936 7.626043 -2.849852 82.998390 179.780807 174.660614 177.502350 173.032822 -177.311111 -171.516235 35.166206 45.602657 5.958653 0.000660 0.000792 12.156042 0.000314 0.000611 8.095911 0.000000 -0.000000 0.000000 15.002372 0.005892 34.858128 179.998779 179.994949 -151.479721 179.997543 179.997330 -160.035812 0.000000 -0.000000 0.000000 0.002044 0.004800 35.834831 179.998795 179.994919 -144.165161 179.997360 179.997757 -156.134003 0.000000 -0.000000 0.000000 170.001266 179.997040 -149.160995 179.999542 179.996796 -149.160965 179.998642 179.998337 -159.461227 0.000000 -0.000000 0.000000 160.000031 179.999954 -163.508057 0.000012 0.000088 24.737928 179.999985 179.999939 -163.524536 174.702301 -177.986511 177.544327 168.494751 -177.435135 102.093140 177.291641 179.754562 -178.616394 4.726431 -3.977151 -6.567386 139.494751 127.080643 164.740906 0.000012 -0.000017 -13.031448 0.000001 -0.000012 -8.678926 0.000000 -0.000000 0.000003 165.000046 -179.999924 155.745285 0.000016 -0.000072 -19.844732 179.999985 -179.999954 166.108673 0.000000 -0.000000 0.000003 0.000006 -0.000036 -29.115351 179.999985 -179.999969 150.884613 179.999985 -179.999985 160.609161 0.000000 -0.000000 0.000003 9.999989 -0.000060 -28.728510 179.999985 -179.999954 151.271484 179.999969 -179.999985 160.866806 0.000000 -0.000000 0.000003 19.999979 -0.000025 -25.274448 179.999985 -179.999985 142.088287 179.999985 -179.999985 154.750824
5.829271 97.701424 2.657709 5.100650 -7.356323 -10.606907 59.247726 -64.826431 -50.218510 7.518809 115.326881 35.454498 1.527041 -12.968129 4.243855 8.069721 2.949345 7.255874 170.233032 160.942413 -179.021164 177.949570 -166.862808 -178.362350 0.886642 7.389055 -0.023248 0.886388 7.248392 -0.116485 4.199623 5.251483 0.355983 179.999985 174.969238 -176.722366 179.999969 174.130798 -176.605286 159.809464 175.309738 -179.538040 179.065765 178.478683 178.852081 7.628230 -2.757500 83.021210 179.612411 174.654694 177.380707 172.877182 -177.505249 -171.259232 35.034035 45.803963 7.037974 179.999878 -179.999924 -167.286102 179.999954 -179.999939 -171.532532 0.000000 -0.000000 0.000003 14.999971 -0.000098 36.365681 0.000022 -0.000083 29.753748 0.000034 -0.000041 20.827608 0.000000 -0.000000 0.000003 179.999954 -179.999863 -142.927658 0.000027 -0.000135 37.072323 0.000072 -0.000065 24.690149 0.000000 -0.000000 0.000003 170.000809 179.998291 -148.699615 179.999802 179.998108 -148.699661 179.999222 179.999008 -159.153976 0.000000 -0.000000 0.000003 160.000427 179.999084 -163.646774 0.000226 0.001506 24.529900 179.999725 179.999039 -163.663101 174.666855 -177.885086 177.647263 168.499359 -177.524719 102.003616 177.121262 179.699661 -178.664429 4.680213 -4.004526 -6.520471 139.596252 127.120804 164.860611 0.000036 -0.000029 -13.026394 0.000030 -0.000035 -8.675567 180.000000 180.000000 -179.999985 165.000061 -179.999954 155.670044 0.000020 -0.000056 -19.906366 0.000000 -0.000043 -13.934427 180.000000 180.000000 -179.999985 0.000022 -0.000046 -29.134117 180.000000 -179.999954 150.865845 179.999985 -179.999985 160.596649 180.000000 180.000000 -179.999985 9.999994 -0.000052 -28.778835 179.999985 -179.999954 151.221115 179.999985 -179.999985 160.833267 180.000000 180.000000 -179.999985 19.999975 -0.000029 -25.291283 179.999985 -179.999969 142.063065 179.999985 -179.999985 154.733994
5.814955 97.778992 2.811198 5.405682 -7.741215 -11.134045 63.104725 -65.745186 -54.932602 2.334039 116.670364 30.980850 0.531583 -14.939220 4.178449 8.363901 3.399605 7.805694 169.757797 161.039993 -178.926727 177.995926 -166.803207 -178.350067 0.893451 7.600477 0.056716 0.893190 7.454922 0.014122 4.205756 5.382426 0.543264 179.999985 174.925201 -176.731613 179.999985 174.079376 -176.614868 159.929291 175.276733 -179.545425 179.092255 178.458069 178.846954 7.720521 -2.462418 82.926353 179.715912 174.776077 177.392242 172.858093 -177.551102 -171.065475 35.298054 45.566441 6.357192 0.000226 -0.000005 12.306427 0.000140 0.000036 8.196070 0.000002 -0.000002 -0.000000 15.004082 0.006757 35.114487 179.999435 179.993576 -151.269928 179.997421 179.996292 -159.888992 0.000002 -0.000002 -0.000000 0.004242 0.006189 35.910805 179.999649 179.992508 -144.089188 179.996826 179.996155 -156.083405 0.000002 -0.000002 -0.000000 169.999817 -179.999725 -148.025009 179.999985 -179.999664 -148.025040 0.000107 -0.000197 21.295364 0.000002 -0.000002 -0.000000 159.999817 -179.999725 -163.264908 179.999847 -179.999527 -154.897293 0.000035 -0.000323 16.718393 174.692154 -177.883942 177.705154 168.407135 -177.541595 101.971443 176.956375 179.664139 -178.708450 4.617731 -4.068938 -6.441338 139.767258 127.227165 165.026474 0.000023 -0.000058 -13.042463 0.000002 -0.000024 -8.686276 180.000000 180.000000 179.999985 165.000046 -179.999985 155.600769 0.000025 -0.000034 -19.962984 0.000007 -0.000027 -13.974100 180.000000 180.000000 179.999985 0.000021 -0.000021 -29.194777 0.000007 -0.000029 -29.194799 180.000000 -179.999985 160.556274 180.000000 180.000000 179.999985 10.000009 -0.000019 -28.848507 180.000000 -179.999985 151.151489 179.999985 -179.999985 160.786880 180.000000 180.000000 179.999985 19.999992 0.000001 -25.335258 179.999985 -179.999985 141.997086 179.999985 180.000000 154.690079
5.807636 97.857208 2.992361 5.901826 -8.355800 -11.976221 66.282944 -66.657372 -58.994617 0.286417 116.725204 29.438345 179.852173 -164.858719 -175.883743 8.576786 4.086445 8.633011 169.248352 161.158310 -178.777145 178.075806 -166.732834 -178.329941 0.898383 7.907649 0.206392 0.898020 7.754704 0.259359 4.169170 5.565630 0.882228 179.999985 174.881241 -176.745377 179.999985 174.028091 -176.629135 160.061630 175.244751 -179.554443 179.120972 178.435898 178.837265 7.705759 -2.424555 82.960426 179.631012 174.765350 177.297546 172.750107 -177.779343 -170.783951 35.495743 45.784668 6.974867 179.999939 179.999969 -167.512024 179.999954 179.999985 -171.683014 180.000000 -180.000000 179.999985 15.002401 0.003484 36.948872 179.999817 179.996552 -149.769119 179.998642 179.998001 -158.838379 180.000000 -180.000000 179.999985 0.001513 0.001907 37.923470 0.000005 0.002436 37.923519 179.999008 179.998718 -154.742950 180.000000 -180.000000 179.999985 170.001953 179.997635 -148.748398 0.000416 0.003022 31.251595 179.999176 179.998154 -159.186417 180.000000 -180.000000 179.999985 160.000748 179.999130 -163.602325 0.000687 0.001566 24.596514 179.999985 179.998856 -163.618698 174.710510 -177.894958 177.762772 168.286865 -177.565567 101.934570 176.797485 179.657623 -178.749557 4.555080 -4.170888 -6.409386 139.772156 127.118423 164.913025 0.000029 -0.000036 -13.082574 0.000016 -0.000028 -8.712991 180.000000 -180.000000 -179.999985 165.000061 -179.999985 155.566803 0.000034 -0.000028 -19.990778 0.000016 -0.000030 -13.993569 180.000000 -180.000000 -179.999985 0.000017 -0.000008 -29.233114 0.000009 -0.000015 -29.233135 0.000001 -0.000012 -19.469252 180.000000 -180.000000 -179.999985 10.000001 -0.000006 -28.889473 0.000002 -0.000008 -28.889456 0.000000 -0.000005 -19.240387 180.000000 -180.000000 -179.999985 19.999979 -0.000001 -25.347626 0.000003 0.000003 -38.021465 180.000000 179.999985 154.677689
5.816158 97.926971 3.197158 6.201348 -8.675242 -12.376804 70.940063 -67.142509 -64.450577 178.968536 62.846607 -151.413589 179.517456 -164.438690 -175.870468 8.857570 4.552802 8.962510 168.728546 161.274261 -178.566467 178.239044 -166.614822 -178.332764 0.899930 8.089615 0.267202 0.899544 7.932558 0.358644 4.152263 5.680157 1.023619 179.999985 174.822617 -176.771118 179.999985 173.959717 -176.655777 160.214844 175.203308 -179.572891 179.147919 178.406570 178.821320 7.744636 -2.295837 82.903557 179.692139 174.812759 177.304825 172.690384 -177.929184 -170.548340 35.773445 45.746178 7.089918 179.999985 179.999985 -167.566391 179.999985 -179.999985 -171.719208 0.000000 -0.000000 0.000000 15.000626 0.000715 38.802986 0.000029 0.000776 31.747890 179.999725 179.999527 -157.776489 0.000000 -0.000000 0.000000 0.001022 0.000977 38.706909 0.000181 0.001395 38.706898 179.999512 179.999207 -154.221222 0.000000 -0.000000 0.000000 170.000748 179.999344 -147.561569 0.000262 0.000937 32.438431 179.999817 179.999374 -158.396027 0.000000 -0.000000 0.000000 160.000229 179.999817 -163.137878 0.000224 0.000342 25.293144 0.000029 0.000286 16.845261 174.718582 -177.922699 177.815002 168.145309 -177.601959 101.889473 176.651276 179.683838 -178.788498 4.495460 -4.285935 -6.386057 139.831696 127.078758 164.889587 0.000024 -0.000028 -13.115376 0.000001 -0.000032 -8.734862 0.000000 0.000000 -0.000003 165.000046 179.999985 155.513290 0.000034 -0.000011 -20.034584 0.000019 -0.000017 -14.024210 0.000000 0.000000 -0.000003 0.000007 0.000001 -29.272610 0.000007 -0.000003 -29.272627 0.000001 -0.000003 -19.495565 0.000000 0.000000 -0.000003 9.999999 0.000001 -28.925442 0.000000 0.000000 -28.925442 180.000000 180.000000 160.735641 0.000000 0.000000 -0.000003 19.999996 -0.000004 -25.361565 0.000004 -0.000001 -38.042374 180.000000 179.999985 154.663757
5.846073 97.988983 3.407280 6.494088 -8.995744 -12.758571 75.421043 -67.420944 -69.805527 178.351791 62.931580 -151.675491 179.221893 -164.489761 -175.826492 9.145486 5.021207 9.271140 168.270966 161.429535 -178.366653 178.340988 -166.524414 -178.291428 0.901958 8.262504 0.328864 0.901558 8.101492 0.459357 4.136135 5.787852 1.166522 179.999985 174.778931 -176.778809 179.999985 173.908752 -176.663742 160.315689 175.170227 -179.580475 179.168808 178.372513 178.795486 7.801285 -2.156845 82.824348 179.804749 174.869720 177.349289 172.657532 -178.045792 -170.309723 35.620861 45.640396 6.583487 179.999969 179.999893 -167.733459 179.999969 179.999939 -171.830490 0.000000 -0.000000 0.000000 15.000337 0.000252 39.318172 0.000077 0.000333 32.169411 179.999924 179.999771 -157.481415 0.000000 -0.000000 0.000000 0.001208 0.000727 39.101170 0.000459 0.001334 39.101158 179.999680 179.999115 -153.958618 0.000000 -0.000000 0.000000 170.000473 179.999741 -147.109650 0.000254 0.000463 32.890308 179.999985 179.999649 -158.095032 0.000000 -0.000000 0.000000 159.999893 -179.999954 -162.908966 179.999863 -179.999863 -154.363495 179.999985 -179.999878 -162.926071 174.709183 -177.956055 177.861160 167.992188 -177.665985 101.824570 176.521515 179.742477 -178.820374 4.448779 -4.394356 -6.374396 139.785675 127.080208 164.650940 0.000015 0.000005 -13.213593 0.000015 -0.000001 -8.800241 0.000000 -0.000000 0.000003 165.000031 179.999985 155.457382 0.000032 0.000006 -20.080334 0.000022 -0.000002 -14.056221 0.000000 -0.000000 0.000003 0.000000 -0.000000 -29.302597 0.000000 0.000002 -29.302618 180.000000 -180.000000 160.484467 0.000000 -0.000000 0.000003 10.000017 -0.000039 -28.999153 180.000000 -179.999969 151.000854 179.999985 -179.999985 160.686569 0.000000 -0.000000 0.000003 20.000002 -0.000012 -25.365868 0.000005 -0.000018 -38.048809 180.000000 -179.999985 154.659485
5.890250 98.044250 3.627176 6.773537 -9.322519 -13.122983 79.545258 -67.563866 -74.867592 178.946259 63.694294 -150.883087 179.069778 -165.022446 -175.810654 9.446158 5.513178 9.592063 167.741516 161.594193 -178.199692 178.517441 -166.409378 -178.256607 0.906002 8.425715 0.391058 0.905592 8.260934 0.560840 4.128376 5.888129 1.311052 179.999985 174.724747 -176.786469 179.999969 173.845535 -176.671692 160.403336 175.128586 -179.591812 179.179504 178.337997 178.755905 7.867621 -2.000695 82.734558 179.964767 174.930481 177.424896 172.689499 -178.092987 -170.070084 35.921684 45.644070 6.799101 179.999969 179.999847 -167.755630 179.999954 179.999908 -171.845245 180.000000 -180.000000 179.999985 14.999928 -0.000050 39.908092 179.999985 -179.999939 -147.347885 0.000013 -0.000041 22.856462 180.000000 -180.000000 179.999985 0.000348 0.000208 40.487827 0.000124 0.000391 40.487858 179.999893 179.999741 -153.035080 180.000000 -180.000000 179.999985 170.000351 179.999817 -146.722382 0.000182 0.000348 33.277641 179.999985 179.999741 -157.837097 180.000000 -180.000000 179.999985 159.999908 -179.999954 -162.991974 179.999893 -179.999893 -154.487930 179.999969 -179.999908 -163.008972 174.749008 -178.059891 177.859589 167.771057 -177.704300 101.786957 176.410873 179.825195 -178.841339 4.416342 -4.464423 -6.375476 139.997101 126.816902 165.095047 0.000074 -0.000146 -13.044600 0.000026 -0.000111 -8.687703 0.000000 -0.000000 0.000000 165.000015 179.999969 155.383072 0.000019 0.000022 -20.141111 0.000018 0.000008 -14.098779 0.000000 -0.000000 0.000000 0.000001 -0.000004 -29.311415 0.000000 -0.000004 -29.311436 180.000000 -180.000000 160.478577 0.000000 -0.000000 0.000000 9.999968 0.000042 -28.779459 180.000000 179.999954 151.220535 0.000014 0.000034 -19.167114 0.000000 -0.000000 0.000000 20.000002 -0.000014 -25.342873 0.000012 -0.000029 -38.014328 179.999985 -179.999985 154.682449
5.937644 98.093124 3.848443 7.022978 -9.642104 -13.449853 83.506981 -67.653961 -79.767052 0.499628 114.789742 30.696737 178.850296 -166.846893 -175.854584 9.678959 6.011974 9.928684 167.284592 161.772507 -178.096710 178.699615 -166.289032 -178.213760 0.912459 8.573275 0.448456 0.912033 8.405040 0.654167 4.133072 5.977990 1.445462 179.999969 174.661224 -176.790894 179.999954 173.771439 -176.676270 160.477814 175.078796 -179.604553 179.187729 178.304108 178.708481 7.921036 -1.848474 82.652786 0.148115 5.017258 -2.488892 172.586899 -178.237885 -169.843887 36.145439 45.635460 6.578970 0.000045 0.000023 12.039125 0.000017 0.000023 8.018063 0.000000 -0.000002 -0.000003 14.999903 -0.000368 39.525898 0.000129 -0.000278 32.339390 0.000187 -0.000118 22.637571 0.000000 -0.000002 -0.000003 179.999985 -179.999802 -139.138412 0.000125 -0.000145 40.861633 0.000128 -0.000022 27.213842 0.000000 -0.000002 -0.000003 170.000000 179.999985 -146.252792 179.999985 179.999985 -146.252777 179.999985 179.999985 -157.524353 0.000000 -0.000002 -0.000003 160.000061 -179.999802 -163.248398 0.000171 -0.000255 25.127428 0.000185 -0.000107 16.734869 174.711533 -178.090332 177.895874 167.637009 -177.829941 101.670982 176.320053 179.913361 -178.846710 4.402308 -4.483616 -6.407389 139.810059 126.866081 164.592361 0.000009 -0.000004 -13.217070 0.000004 -0.000005 -8.802573 180.000000 -180.000000 -179.999985 165.000000 179.999954 155.327011 0.000017 0.000034 -20.186972 0.000019 0.000017 -14.130889 180.000000 -180.000000 -179.999985 180.000000 179.999985 150.702713 180.000000 179.999985 150.702713 0.000002 0.000003 -19.511980 180.000000 -180.000000 -179.999985 10.000007 -0.000004 -28.906778 180.000000 -179.999985 151.093246 180.000000 -179.999985 160.748108 180.000000 -180.000000 -179.999985 20.000011 -0.000012 -25.310472 0.000006 -0.000018 -37.965706 180.000000 -179.999985 154.714844
5.991682 98.141685 4.082372 7.304763 -10.056353 -13.842747 86.718887 -67.831490 -83.896706 179.350220 64.294968 -150.496445 178.725220 -165.708893 -175.661407 9.821686 6.611089 10.378723 166.952393 161.971054 -178.038864 178.837814 -166.179382 -178.157028 0.921399 8.747858 0.521178 0.920978 8.575473 0.772645 4.142559 6.082187 1.616311 179.999954 174.590485 -176.791626 179.999939 173.688889 -176.677017 160.541275 175.022476 -179.617691 179.194519 178.268494 178.660995 8.012598 -1.581312 82.495308 0.471671 4.910241 -2.315697 172.673584 -178.125931 -169.651917 36.072811 45.516895 6.277317 179.999985 -179.999985 -168.056961 179.999985 -179.999985 -172.045944 0.000000 -0.000000 0.000000 15.000028 0.000052 40.378090 179.999985 179.999954 -146.963394 179.999985 179.999985 -156.874374 0.000000 -0.000000 0.000000 0.000010 0.000046 41.328125 179.999985 179.999969 -138.671890 179.999985 179.999985 -152.475479 0.000000 -0.000000 0.000000 169.999969 -179.999466 -146.608887 0.000270 -0.000466 33.391113 0.000323 -0.000164 22.238483 0.000000 -0.000000 0.000000 160.000015 -179.999985 -162.805344 0.000004 -0.000012 25.791990 0.000010 -0.000005 17.177471 174.705215 -178.109497 177.923935 167.509140 -177.979019 101.531143 176.256454 179.977417 -178.836426 4.397021 -4.457304 -6.412633 139.804306 126.859261 164.529846 0.000008 0.000001 -13.244521 0.000004 -0.000007 -8.820868 0.000000 0.000000 -0.000003 165.000000 179.999969 155.239594 0.000013 0.000030 -20.258480 0.000015 0.000016 -14.180957 0.000000 0.000000 -0.000003 180.000000 -180.000000 150.694534 0.000002 -0.000000 -29.305456 180.000000 -180.000000 160.482574 0.000000 0.000000 -0.000003 9.999999 -0.000005 -28.899136 0.000001 -0.000003 -28.899162 180.000000 -179.999985 160.753189 0.000000 0.000000 -0.000003 20.000006 -0.000006 -25.291401 0.000003 -0.000013 -37.937096 180.000000 -179.999985 154.733871
6.051971 98.188789 4.314397 7.565901 -10.454049 -14.210518 89.500847 -68.088768 -87.650024 0.367655 115.488144 30.251291 178.897125 -165.745697 -175.710342 9.911427 7.200822 10.826733 166.699295 162.187012 -178.020355 178.958786 -166.088303 -178.089966 0.930763 8.907593 0.589870 0.930324 8.731380 0.884410 4.154382 6.176518 1.777655 179.999954 174.516022 -176.788101 179.999939 173.602020 -176.673386 160.600952 174.962433 -179.629364 179.203751 178.233765 178.618591 8.045489 -1.386829 82.388710 0.748755 4.864410 -2.178605 172.776245 -177.981461 -169.470123 35.751774 45.558910 6.251413 0.000002 0.000137 12.059834 179.999985 179.999924 -171.968155 0.000000 -0.000000 0.000000 15.000010 0.000033 40.294991 180.000000 179.999985 -147.031342 179.999985 179.999985 -156.921951 0.000000 -0.000000 0.000000 179.999924 -179.999741 -138.896637 0.000101 -0.000247 41.103329 0.000162 -0.000076 27.374828 0.000000 -0.000000 0.000000 170.000000 -179.999924 -145.653381 0.000021 -0.000060 34.346619 0.000036 -0.000028 22.874851 0.000000 -0.000000 0.000000 160.000000 -179.999985 -162.788666 0.000002 -0.000007 25.817013 180.000000 -179.999985 -162.805878 174.707245 -178.120590 177.950424 167.399857 -178.139633 101.372719 176.220749 -179.969086 -178.812073 4.397140 -4.405003 -6.427410 139.837219 126.866081 164.518143 0.000001 0.000002 -13.267130 180.000000 -179.999985 171.164093 0.000000 -0.000001 0.000000 165.000015 179.999878 155.218277 0.000038 0.000084 -20.275972 0.000046 0.000044 -14.193171 0.000000 -0.000001 0.000000 0.000001 -0.000001 -29.304882 180.000000 -180.000000 150.695099 180.000000 -180.000000 160.482941 0.000000 -0.000001 0.000000 9.999998 -0.000001 -28.888617 0.000002 0.000000 -28.888647 180.000000 179.999985 160.760162 0.000000 -0.000001 0.000000 19.999998 -0.000003 -25.273853 0.000002 -0.000006 -37.910767 180.000000 -180.000000 154.751419
6.114890 98.234711 4.542766 7.824782 -10.837334 -14.556873 92.012199 -68.418304 -91.094009 1.821338 115.060387 31.353369 179.068130 -165.828430 -175.871674 9.886825 7.807929 11.247133 166.518738 162.409729 -178.018143 179.122711 -166.003418 -178.031387 0.937914 9.057024 0.655903 0.937444 8.877213 0.992014 4.155732 6.264370 1.931418 179.999969 174.439438 -176.779663 179.999954 173.512665 -176.664642 160.652435 174.899857 -179.639130 179.226913 178.205963 178.593887 8.031974 -1.199029 82.278786 1.029225 4.849816 -2.042914 172.828949 -177.849594 -169.333954 35.880146 45.635651 5.896242 0.000005 -0.000004 11.811142 0.000007 0.000008 7.866214 0.000000 -0.000000 0.000000 15.000017 0.000010 40.230534 180.000000 179.999985 -147.084152 180.000000 179.999985 -156.958878 0.000000 -0.000000 0.000000 0.000005 0.000007 41.659885 180.000000 179.999985 -138.340134 180.000000 179.999985 -152.254517 0.000000 -0.000000 0.000000 169.999969 -179.999939 -145.530121 0.000006 -0.000073 34.469887 0.000031 -0.000034 22.956961 0.000000 -0.000000 0.000000 160.000000 -179.999985 -162.782211 180.000000 -179.999985 -154.173309 0.000002 -0.000011 17.200586 174.711258 -178.127640 177.973129 167.322388 -178.295395 101.206123 176.217590 -179.935791 -178.782028 4.398015 -4.348485 -6.449668 139.897827 126.897896 164.567520 180.000000 -180.000000 166.723495 0.000003 0.000000 -8.842150 0.000000 -0.000000 0.000003 165.000015 179.999985 154.935852 0.000005 0.000008 -20.507034 0.000006 0.000003 -14.354928 0.000000 -0.000000 0.000003 180.000000 -180.000000 150.697327 0.000000 -0.000000 -29.302666 180.000000 180.000000 160.484421 0.000000 -0.000000 0.000003 9.999999 -0.000000 -28.887352 180.000000 -179.999985 151.112625 0.000000 0.000000 -19.238987 0.000000 -0.000000 0.000003 19.999996 -0.000003 -25.272091 180.000000 -179.999985 142.091843 180.000000 -179.999985 154.753159
6.182024 98.278458 4.763084 8.018082 -11.125266 -14.821447 94.474792 -68.700279 -94.373268 2.390416 115.010704 31.549921 179.010727 -165.182571 -175.932037 9.838588 8.318308 11.568506 166.420822 162.635757 -178.020447 179.255493 -165.944626 -177.967651 0.944593 9.164483 0.707697 0.944068 8.982028 1.076277 4.160980 6.326053 2.051688 179.999985 174.362518 -176.768661 179.999969 173.422928 -176.653259 160.699768 174.836578 -179.647629 179.247864 178.185394 178.590302 7.988729 -1.027660 82.162621 1.293454 4.869462 -1.920484 172.946472 -177.588272 -169.252579 35.698120 45.624832 5.661355 0.000006 0.000005 11.773842 0.000004 0.000001 7.841372 180.000000 -180.000000 179.999985 14.999963 -0.000055 40.188679 0.000005 -0.000055 32.881649 0.000022 -0.000031 23.017139 180.000000 -180.000000 179.999985 179.999954 -179.999939 -138.377213 0.000008 -0.000080 41.622799 0.000042 -0.000035 27.720787 180.000000 -180.000000 179.999985 170.000015 179.999985 -145.417007 180.000000 179.999985 -145.417007 179.999985 179.999985 -156.967712 180.000000 -180.000000 179.999985 160.000015 179.999985 -162.757141 0.000008 0.000033 25.864288 180.000000 179.999985 -162.774384 174.710968 -178.132874 177.985138 167.278931 -178.431091 101.039894 176.253525 -179.923553 -178.752396 4.395867 -4.314180 -6.471629 139.983749 126.923264 164.638306 0.000002 0.000002 -13.285923 180.000000 179.999985 171.151581 0.000000 -0.000000 0.000000 165.000015 179.999985 154.904099 0.000002 0.000003 -20.533012 0.000002 0.000002 -14.373098 0.000000 -0.000000 0.000000 0.000000 -0.000002 -29.303123 180.000000 -180.000000 150.696854 180.000000 -180.000000 160.484116 0.000000 -0.000000 0.000000 10.000001 -0.000002 -28.886438 180.000000 -179.999985 151.113556 180.000000 180.000000 160.761612 0.000000 -0.000000 0.000000 20.000004 0.000000 -25.262381 180.000000 -179.999985 142.106461 180.000000 -179.999985 154.762909
6.258088 98.323357 4.967477 8.262861 -11.443705 -15.088467 96.670990 -69.095467 -97.509109 4.416537 114.101646 33.108131 179.068283 -165.565186 -176.186447 9.743694 8.854427 11.870851 166.383118 162.836761 -177.998962 179.337708 -165.897461 -177.906250 0.943205 9.287158 0.763774 0.942629 9.101757 1.168450 4.125166 6.398984 2.177847 179.999985 174.286743 -176.753433 179.999985 173.334534 -176.637482 160.738846 174.773514 -179.653854 179.265625 178.173798 178.608170 7.952919 -0.894486 82.029518 1.528668 4.904886 -1.824297 173.090942 -177.250000 -169.174438 35.483555 45.684486 5.476395 0.000005 -0.000001 11.761417 180.000000 -179.999985 -172.166901 0.000002 -0.000000 0.000000 15.000000 -0.000013 40.290646 0.000002 -0.000012 32.965065 0.000004 -0.000006 23.075546 0.000002 -0.000000 0.000000 0.000018 0.000019 41.762188 180.000000 179.999985 -138.237839 179.999985 179.999985 -152.186386 0.000002 -0.000000 0.000000 169.999985 -179.999985 -145.454208 180.000000 -179.999985 -145.454193 0.000006 -0.000015 23.007492 0.000002 -0.000000 0.000000 160.000000 -179.999985 -162.800583 179.999985 -179.999985 -154.200882 0.000002 -0.000011 17.182213 174.727478 -178.128799 177.981155 167.250168 -178.543823 100.877335 176.334595 -179.934647 -178.725967 4.390044 -4.306726 -6.490990 140.062653 126.926308 164.685303 0.000004 0.000002 -13.300056 0.000002 0.000002 -8.857834 180.000000 -180.000000 -179.999985 165.000015 179.999985 154.889526 0.000002 0.000001 -20.544916 0.000001 0.000002 -14.381462 180.000000 -180.000000 -179.999985 0.000000 -0.000002 -29.294621 180.000000 180.000000 150.705383 180.000000 -180.000000 160.489777 180.000000 -180.000000 -179.999985 10.000001 -0.000002 -28.879065 0.000000 0.000000 -28.879082 180.000000 180.000000 160.766541 180.000000 -180.000000 -179.999985 20.000002 -0.000004 -25.256735 180.000000 -179.999985 142.114868 180.000000 179.999985 154.768509
6.339752 98.368469 5.156733 8.465535 -11.677644 -15.284085 98.965797 -69.381432 -100.848251 7.381590 112.670761 35.596848 179.183426 -166.473587 -176.538223 9.603523 9.375312 12.065125 166.414200 163.093857 -177.947144 179.427750 -165.860947 -177.837051 0.939609 9.375413 0.809253 0.938980 9.187834 1.243631 4.084572 6.450444 2.278152 179.999939 174.209229 -176.745834 179.999908 173.244110 -176.629593 160.779510 174.710144 -179.665085 179.283646 178.183441 178.649139 7.905298 -0.751293 81.874031 1.751964 4.959702 -1.740299 173.159348 -176.899368 -169.183792 35.701862 45.928879 6.371255 0.000825 -0.000724 12.068754 0.000627 -0.000361 8.037775 0.000000 -0.000002 -0.000003 15.004540 0.004161 41.424839 0.000602 0.005005 33.893036 179.998444 179.996841 -156.274872 0.000000 -0.000002 -0.000003 0.001546 0.001281 42.069016 0.000302 0.001980 42.069000 179.999283 179.998886 -151.982010 0.000000 -0.000002 -0.000003 169.999741 -179.999786 -145.434967 179.999908 -179.999680 -145.435013 0.000073 -0.000207 23.020317 0.000000 -0.000002 -0.000003 160.000290 179.999771 -162.727493 0.000315 0.000453 25.908806 0.000054 0.000358 17.255270 174.724625 -178.141846 177.956406 167.209976 -178.654404 100.764114 176.369537 -179.880890 -178.720398 4.423869 -4.299208 -6.521111 140.175674 126.917999 164.732910 0.000018 0.000007 -13.327975 0.000020 0.000002 -8.876406 0.000000 -0.000000 0.000003 165.000076 179.999649 155.077911 0.000174 0.000240 -20.390770 0.000172 0.000115 -14.273533 0.000000 -0.000000 0.000003 180.000000 -179.999985 150.715149 180.000000 -179.999985 150.715164 179.999985 -180.000000 160.496262 0.000000 -0.000000 0.000003 9.999996 0.000179 -28.819990 0.000078 0.000157 -28.819977 0.000099 0.000067 -19.194107 0.000000 -0.000000 0.000003 20.000019 -0.000038 -25.253344 179.999985 -179.999939 142.119965 179.999985 -179.999985 154.771896
6.422910 98.395866 5.354422 8.640651 -11.875447 -15.382090 101.080734 -69.727989 -103.677765 9.085149 111.908905 36.954758 178.848633 -166.525818 -176.712067 9.612186 9.806002 12.180806 166.502747 163.290527 -177.836716 179.306107 -165.833725 -177.818695 0.923194 9.432231 0.843043 0.922583 9.243318 1.301218 3.988755 6.486136 2.344752 179.999969 174.120499 -176.729630 179.999954 173.140579 -176.612823 160.812866 174.636444 -179.674164 179.320892 178.100388 178.637848 7.867486 -0.680745 81.767548 1.919964 5.013088 -1.723204 173.287094 -176.572052 -169.124069 35.135269 45.767494 5.107151 179.999954 179.999924 -168.290329 179.999969 179.999969 -172.201355 0.000000 -0.000000 0.000000 14.999434 -0.000432 39.282864 179.999863 -179.999435 -147.859467 0.000126 -0.000391 22.498348 0.000000 -0.000000 0.000000 0.000959 0.000576 41.634499 0.000333 0.001064 41.634476 179.999710 179.999329 -152.271439 0.000000 -0.000000 0.000000 170.001099 179.999405 -145.149521 0.000541 0.001106 34.850452 179.999878 179.999191 -156.789566 0.000000 -0.000000 0.000000 159.999237 -179.999603 -162.959732 179.999084 -179.999069 -154.439606 179.999725 -179.999191 -162.976807 174.753372 -178.176666 177.902695 167.307144 -178.664612 100.569275 176.623077 179.972748 -178.690521 4.362961 -4.369011 -6.517399 140.183792 126.883553 164.657318 0.000006 0.000002 -13.363694 0.000004 -0.000003 -8.900226 0.000000 0.000000 -0.000007 165.000000 -179.999985 154.871201 180.000000 -179.999985 159.440063 180.000000 -179.999985 165.608047 0.000000 0.000000 -0.000007 0.000003 -0.000011 -29.281906 180.000000 -179.999985 150.718063 179.999985 -179.999985 160.498230 0.000000 0.000000 -0.000007 10.000008 -0.000041 -28.934624 179.999985 -179.999969 151.065384 179.999985 -179.999985 160.729553 0.000000 0.000000 -0.000007 20.000000 -0.000035 -25.242428 179.999985 -179.999954 142.136353 179.999985 -179.999985 154.782806
6.505234 98.418579 5.553554 8.970621 -12.225222 -15.527276 102.556198 -70.287804 -105.957565 12.569461 110.526283 39.992813 178.609604 -167.516434 -177.020279 9.592800 10.383943 12.371576 166.636642 163.450409 -177.719727 179.059586 -165.805176 -177.815460 0.889019 9.544183 0.890717 0.888402 9.352859 1.383259 3.800061 6.562368 2.433861 179.999985 174.022461 -176.704575 179.999985 173.026199 -176.586884 160.835098 174.553909 -179.680969 179.360611 178.054489 178.652817 8.005693 -0.733813 81.671150 1.859804 4.934630 -1.772126 173.343002 -176.194916 -169.208069 34.904148 45.801342 4.944137 179.999969 179.999863 -168.279877 179.999969 179.999924 -172.194382 180.000000 -180.000000 179.999985 15.002714 0.001908 40.242332 0.000721 0.002614 32.925568 179.999451 179.998184 -156.952118 180.000000 -180.000000 179.999985 0.000983 0.000526 41.469349 0.000382 0.001044 41.469349 179.999725 179.999313 -152.381393 180.000000 -180.000000 179.999985 170.000519 179.999756 -145.433624 0.000274 0.000480 34.566402 179.999985 179.999634 -156.978790 180.000000 -180.000000 179.999985 160.001038 179.999557 -162.547607 0.001257 0.001093 26.178595 0.000433 0.001022 17.434952 174.796616 -178.224731 177.843170 167.441635 -178.662094 100.352051 176.914337 179.787064 -178.648880 4.306674 -4.430253 -6.516585 140.121460 126.845024 164.521881 0.000001 -0.000014 -13.395640 0.000001 -0.000009 -8.921491 180.000000 180.000000 -179.999985 165.000000 180.000000 154.876602 0.000000 -0.000001 -20.555485 180.000000 180.000000 165.611145 180.000000 180.000000 -179.999985 0.000001 -0.000016 -29.279112 180.000000 -179.999985 150.720901 180.000000 -179.999985 160.500122 180.000000 180.000000 -179.999985 10.000013 -0.000050 -28.923891 179.999985 -179.999954 151.076111 179.999985 -179.999985 160.736679 180.000000 180.000000 -179.999985 20.000019 -0.000046 -25.235130 180.000000 -179.999924 142.147324 179.999985 -179.999969 154.790115
6.581807 98.430756 5.777070 9.117785 -12.398326 -15.595441 103.899460 -70.726753 -107.661034 12.516103 110.566261 39.375366 177.987778 -166.417130 -176.607117 9.796569 10.752634 12.537520 166.771774 163.620087 -177.610855 178.694702 -165.772400 -177.834076 0.862872 9.554528 0.924187 0.862260 9.362844 1.441926 3.659375 6.568163 2.491532 180.000000 173.905899 -176.676224 0.000000 7.109772 3.442491 160.859680 174.456055 -179.689896 179.423798 177.981506 178.647583 8.120679 -0.647637 81.585159 1.866076 4.853889 -1.817601 173.412140 -175.839142 -169.368729 34.701870 45.863434 4.859392 179.999985 179.999863 -168.248108 179.999969 179.999924 -172.173233 0.000000 -0.000000 0.000003 15.000675 0.000473 39.003708 0.000171 0.000640 31.912062 179.999863 179.999557 -157.661530 0.000000 -0.000000 0.000003 0.000800 0.000409 41.241718 0.000335 0.000832 41.241673 179.999802 179.999435 -152.533035 0.000000 -0.000000 0.000003 169.999115 -179.999603 -145.774780 179.999481 -179.999191 -145.774796 0.000036 -0.000645 22.793972 0.000000 -0.000000 0.000003 160.001602 179.999359 -162.624527 0.002007 0.001597 26.063217 0.000734 0.001546 17.358110 174.869202 -178.307663 177.776642 167.590378 -178.665359 100.106720 177.225983 179.577728 -178.593048 4.261064 -4.469395 -6.521607 139.993958 126.794868 164.358017 179.999985 179.999985 166.590942 0.000002 -0.000003 -8.930429 0.000000 0.000000 -0.000003 165.000015 -179.999985 154.872467 180.000000 -179.999985 159.441101 180.000000 -179.999985 165.608780 0.000000 0.000000 -0.000003 0.000008 -0.000023 -29.276981 180.000000 -179.999985 150.723022 179.999985 -179.999985 160.501541 0.000000 0.000000 -0.000003 10.000035 -0.000054 -28.910681 180.000000 -179.999939 151.089355 179.999985 -179.999969 160.745483 0.000000 0.000000 -0.000003 19.999893 0.000164 -25.159998 179.999985 179.999725 142.259979 0.000102 0.000157 -25.134851
6.649790 98.435432 6.005983 9.327057 -12.597276 -15.615247 104.798050 -71.085007 -108.872108 16.959728 109.326111 43.700359 177.926285 -167.376740 -176.889526 9.946795 11.091536 12.682041 166.892334 163.696884 -177.544739 178.306152 -165.730713 -177.880020 0.824751 9.572543 0.944302 0.824160 9.380610 1.479591 3.467809 6.586451 2.514302 0.000040 6.212036 3.371578 0.000051 7.247378 3.491994 160.867950 174.354187 -179.688446 179.482254 177.935333 178.659256 8.314683 -0.718972 81.564751 1.660259 4.704366 -1.913145 173.460800 -175.525208 -169.606827 34.537285 45.901558 4.841646 0.000019 0.000037 11.805774 180.000000 179.999969 -172.137375 180.000000 -180.000000 179.999985 14.999496 -0.000432 38.383511 179.999908 -179.999466 -148.595306 0.000136 -0.000355 21.983303 180.000000 -180.000000 179.999985 0.000578 0.000312 41.018337 0.000228 0.000615 41.018337 179.999847 179.999588 -152.681793 180.000000 -180.000000 179.999985 170.001511 179.999329 -145.123154 0.000860 0.001416 34.876827 179.999939 179.998886 -156.772034 180.000000 -180.000000 179.999985 160.000214 179.999908 -163.153793 0.000259 0.000204 25.269285 0.000094 0.000190 16.829336 174.940674 -178.373901 177.743317 167.780884 -178.677612 99.826508 177.548828 179.324890 -178.520401 4.222157 -4.470151 -6.532001 139.852219 126.747589 164.187790 0.000028 0.000010 -13.419326 0.000014 0.000017 -8.937267 0.000000 -0.000000 0.000000 165.000031 -179.999924 154.859512 0.000001 -0.000066 -20.569471 179.999985 -179.999969 165.601395 0.000000 -0.000000 0.000000 0.000032 -0.000051 -29.279461 0.000004 -0.000061 -29.279448 179.999985 -179.999969 160.499893 0.000000 -0.000000 0.000000 10.000051 -0.000066 -28.896276 0.000010 -0.000080 -28.896284 179.999985 -179.999954 160.755096 0.000000 -0.000000 0.000000 20.000055 -0.000055 -25.279581 0.000024 -0.000096 -37.919361 179.999985 -179.999939 154.745728
6.709248 98.437691 6.234366 9.527693 -12.763968 -15.600679 105.131096 -71.406075 -109.444206 20.416719 108.528893 47.020020 177.923904 -167.758652 -176.932831 10.191502 11.332187 12.840055 166.876190 163.709000 -177.523758 177.928650 -165.681046 -177.963730 0.782829 9.563612 0.957634 0.782268 9.372074 1.506651 3.262444 6.588499 2.519075 0.000090 6.341050 3.428416 0.000115 7.397897 3.550857 160.857040 174.242126 -179.685776 179.547195 177.868881 178.655685 8.451241 -0.772537 81.581978 1.504998 4.575950 -2.012915 173.446548 -175.329132 -169.879639 34.390972 45.952435 4.718221 0.000015 0.000112 11.796452 180.000000 179.999924 -172.143570 0.000000 -0.000000 0.000000 15.001045 0.001063 39.204380 0.000112 0.001212 32.076313 179.999619 179.999237 -157.546585 0.000000 -0.000000 0.000000 0.000310 0.000193 40.773651 0.000111 0.000354 40.773693 179.999908 179.999771 -152.844727 0.000000 -0.000000 0.000000 170.000168 179.999924 -145.775436 0.000093 0.000164 34.224583 179.999985 179.999878 -157.206436 0.000000 -0.000000 0.000000 159.998627 -179.999374 -163.449951 179.998276 -179.998535 -155.174911 179.999390 -179.998627 -163.466507 175.019547 -178.438843 177.711029 167.940933 -178.719391 99.507645 177.901901 179.080917 -178.428528 4.161726 -4.444278 -6.538896 139.682800 126.705887 164.031433 0.000031 0.000029 -13.410484 0.000027 0.000021 -8.931366 0.000000 -0.000000 0.000000 165.000031 -179.999924 154.885666 0.000012 -0.000068 -20.548056 179.999985 -179.999954 165.616348 0.000000 -0.000000 0.000000 179.999954 179.999939 150.777908 179.999985 179.999924 150.777939 0.000014 0.000051 -19.461903 0.000000 -0.000000 0.000000 10.000088 -0.000071 -28.875143 0.000029 -0.000100 -28.875086 179.999985 -179.999939 160.769180 0.000000 -0.000000 0.000000 20.000084 -0.000056 -25.262764 0.000051 -0.000118 -37.894096 179.999985 -179.999924 154.762543
6.759082 98.436783 6.460627 9.718049 -12.898710 -15.556053 104.858421 -71.694229 -109.417694 24.801605 107.566086 51.313622 178.157974 -168.438293 -176.957825 10.399461 11.514493 12.981461 166.839249 163.664200 -177.537567 177.587723 -165.627563 -178.089432 0.738738 9.530346 0.963767 0.738210 9.339750 1.522172 3.051168 6.575579 2.506138 0.000142 6.477057 3.493196 0.000173 7.556571 3.617944 160.823959 174.123337 -179.681885 179.587677 177.874542 178.695709 8.600625 -0.912181 81.631493 1.097452 4.518543 -2.169094 173.548828 -174.970047 -170.325500 34.410583 46.056267 4.919621 179.999985 179.999985 -168.130997 0.000006 0.000018 7.904775 0.000000 0.000002 0.000003 15.000101 0.000159 38.358143 179.999985 179.999847 -148.616104 179.999939 179.999924 -158.031250 0.000000 0.000002 0.000003 0.000201 0.000169 40.673584 0.000038 0.000259 40.673569 179.999908 179.999847 -152.911438 0.000000 0.000002 0.000003 170.000076 179.999954 -145.829559 0.000036 0.000082 34.170456 179.999985 179.999939 -157.242477 0.000000 0.000002 0.000003 160.000839 179.999527 -162.758377 0.001001 0.001032 25.862427 0.000306 0.000900 17.224373 175.103241 -178.502151 177.683624 168.039200 -178.811539 99.232590 178.147003 178.930481 -178.356430 4.183790 -4.340691 -6.575534 139.517883 126.689247 163.911545 0.000056 0.000053 -13.389647 0.000036 0.000018 -8.917516 0.000000 -0.000000 0.000000 165.000076 -179.999924 154.910797 0.000031 -0.000086 -20.527534 180.000000 -179.999939 165.630753 0.000000 -0.000000 0.000000 0.000098 -0.000079 -29.305914 0.000046 -0.000117 -29.305931 179.999985 -179.999924 160.482254 0.000000 -0.000000 0.000000 10.000092 -0.000069 -28.841393 0.000047 -0.000102 -28.841396 180.000000 -179.999924 160.791641 0.000000 -0.000000 0.000000 20.000086 -0.000059 -25.237295 0.000074 -0.000132 -37.855949 179.999985 -179.999893 154.787964
6.799883 98.430511 6.689669 9.874179 -12.984128 -15.491235 104.373741 -71.968170 -109.104622 31.229893 106.447952 57.710842 178.623398 -169.654602 -177.035202 10.615807 11.613564 13.112419 166.800171 163.566040 -177.561798 177.245438 -165.567368 -178.254379 0.696602 9.466170 0.963895 0.696108 9.277158 1.527662 2.853262 6.541418 2.480239 0.000172 6.616233 3.561607 0.000208 7.718966 3.688793 160.775452 174.001587 -179.677887 179.624069 177.848373 178.709518 8.715314 -0.821938 81.653885 1.034560 4.402303 -2.223996 173.553818 -174.819443 -170.750427 34.426796 46.095032 4.977406 180.000000 -180.000000 -168.116409 0.000002 0.000008 7.914488 0.000002 -0.000000 0.000000 15.000055 0.000135 38.244896 179.999969 179.999893 -148.708725 179.999939 179.999954 -158.096100 0.000002 -0.000000 0.000000 0.000112 0.000131 40.550900 0.000003 0.000170 40.550900 179.999924 179.999908 -152.993103 0.000002 -0.000000 0.000000 169.999512 -179.999588 -146.016968 179.999847 -179.999390 -146.016983 0.000139 -0.000401 22.632690 0.000002 -0.000000 0.000000 159.999374 -179.999542 -163.358978 179.999298 -179.999069 -155.038437 179.999847 -179.999222 -163.375580 175.192001 -178.561111 177.661163 168.089783 -178.925842 98.961128 178.377777 178.805893 -178.289322 4.209610 -4.211519 -6.619707 139.374054 126.679085 163.848373 0.000065 0.000058 -13.351435 0.000042 0.000027 -8.892052 0.000000 -0.000000 0.000003 165.000107 -179.999939 154.957413 0.000047 -0.000085 -20.489403 0.000010 -0.000067 -14.342564 0.000000 -0.000000 0.000003 0.000111 -0.000066 -29.257065 0.000062 -0.000111 -29.257084 0.000002 -0.000085 -19.485212 0.000000 -0.000000 0.000003 10.000108 -0.000056 -28.802313 0.000061 -0.000099 -28.802313 0.000006 -0.000079 -19.182346 0.000000 -0.000000 0.000003 20.000105 -0.000061 -25.205626 0.000109 -0.000150 -37.808483 180.000000 -179.999878 154.819550
6.830565 98.418686 6.918037 10.105703 -13.104456 -15.390339 103.210907 -72.220230 -108.098175 40.555614 105.426956 67.176964 179.371445 -171.394012 -177.281097 10.759603 11.753186 13.199127 166.751297 163.416672 -177.577454 176.912125 -165.495911 -178.445145 0.644277 9.412429 0.955764 0.643827 9.224942 1.520428 2.610790 6.518911 2.431527 0.000189 6.755218 3.631032 0.000219 7.881109 3.760695 160.706223 173.879944 -179.675247 179.640823 177.834854 178.724945 8.680970 -0.991274 81.794624 0.745240 4.486238 -2.348965 173.560684 -174.688751 -171.205887 34.412357 46.144035 4.992035 180.000000 179.999985 -168.112381 0.000003 -0.000005 7.917142 0.000000 0.000000 -0.000003 15.000038 0.000111 38.157326 179.999985 179.999908 -148.780396 179.999954 179.999969 -158.146271 0.000000 0.000000 -0.000003 0.000073 0.000108 40.466496 179.999985 179.999863 -139.533524 179.999939 179.999954 -153.049316 0.000000 0.000000 -0.000003 170.000366 179.999588 -145.527298 0.000074 0.000538 34.472717 179.999847 179.999680 -157.041183 0.000000 0.000000 -0.000003 160.000137 179.999863 -162.914307 0.000133 0.000229 25.628569 0.000021 0.000183 17.068636 175.283401 -178.608612 177.640152 168.089203 -179.064484 98.706635 178.589233 178.702026 -178.231827 4.236908 -4.071362 -6.674045 139.433655 126.757927 164.036743 0.000132 0.000107 -13.299098 0.000108 0.000044 -8.857183 0.000001 -0.000000 0.000000 165.000122 -179.999954 155.017487 0.000063 -0.000078 -20.440250 0.000023 -0.000066 -14.308173 0.000001 -0.000000 0.000000 0.000126 -0.000052 -29.201300 0.000084 -0.000104 -29.201334 0.000014 -0.000089 -19.448082 0.000001 -0.000000 0.000000 10.000120 -0.000049 -28.755499 0.000086 -0.000103 -28.755499 0.000017 -0.000085 -19.151163 0.000001 -0.000000 0.000000 20.000122 -0.000053 -25.161150 0.000152 -0.000154 -37.741737 0.000018 -0.000138 -25.136003
6.851754 98.402435 7.151268 10.275460 -13.164121 -15.281571 101.914650 -72.473694 -106.854988 46.304733 104.883247 72.722702 179.843887 -171.927505 -176.939575 10.944094 11.799047 13.267581 166.721191 163.228043 -177.575012 176.556915 -165.414108 -178.627655 0.599877 9.326395 0.943024 0.599458 9.141029 1.504770 2.409239 6.471847 2.376389 0.000164 6.891951 3.696107 0.000190 8.040629 3.828090 160.633743 173.760956 -179.675034 179.639740 177.829651 178.741577 8.532329 -1.082013 81.941025 0.570458 4.677751 -2.421800 173.584106 -174.561783 -171.665482 34.347370 46.081917 5.107835 0.000131 0.000561 11.985516 180.000000 179.999619 -172.017624 0.000000 -0.000000 0.000000 15.000036 0.000124 38.099911 179.999969 179.999893 -148.827332 179.999954 179.999954 -158.179138 0.000000 -0.000000 0.000000 179.999832 -179.999710 -139.701965 0.000066 -0.000346 40.298046 0.000179 -0.000146 26.838465 0.000000 -0.000000 0.000000 169.999817 -179.999725 -145.934265 179.999985 -179.999664 -145.934265 0.000121 -0.000185 22.687780 0.000000 -0.000000 0.000000 159.999756 -179.999710 -163.096268 179.999786 -179.999451 -154.644409 0.000029 -0.000388 16.886820 175.376175 -178.642441 177.625031 168.010254 -179.236130 98.479294 178.770004 178.637131 -178.187622 4.263580 -3.928808 -6.742174 138.777603 126.482552 163.388840 0.000126 0.000087 -13.264118 0.000089 0.000026 -8.833915 0.000000 0.000000 -0.000003 165.000107 -179.999969 155.093994 0.000068 -0.000061 -20.377640 0.000030 -0.000056 -14.264344 0.000000 0.000000 -0.000003 0.000129 -0.000030 -29.131939 0.000098 -0.000091 -29.131943 0.000028 -0.000084 -19.401876 0.000000 0.000000 -0.000003 10.000134 -0.000033 -28.692579 0.000105 -0.000093 -28.692566 0.000032 -0.000088 -19.109251 0.000000 0.000000 -0.000003 20.000135 -0.000032 -25.094698 0.000180 -0.000135 -37.642075 0.000036 -0.000144 -25.069605
6.867960 98.380394 7.395839 10.438203 -13.211936 -15.157687 100.257690 -72.739960 -105.200317 53.723930 104.457130 79.969147 0.395819 -7.305861 3.329455 11.101246 11.853948 13.292255 166.724533 163.031265 -177.550766 176.205719 -165.314941 -178.768341 0.557527 9.230441 0.924007 0.557139 9.047389 1.478400 2.220716 6.417866 2.308872 0.000184 7.019176 3.765798 0.000202 8.189075 3.900271 160.532898 173.648941 -179.672684 179.614075 177.833542 178.767792 8.313190 -1.161136 82.108986 0.413862 4.950223 -2.458931 173.649200 -174.420853 -172.100311 35.189438 45.902546 5.117739 179.999954 -179.999847 -168.335358 179.999985 -179.999893 -172.231354 0.000000 -0.000000 0.000000 14.999949 -0.000164 37.959618 0.000044 -0.000135 31.057846 0.000076 -0.000065 21.740494 0.000000 -0.000000 0.000000 0.000222 0.000457 40.651466 179.999863 179.999512 -139.348541 179.999725 179.999802 -152.926132 0.000000 -0.000000 0.000000 170.000031 179.999939 -145.700424 180.000000 179.999939 -145.700409 179.999985 179.999969 -157.156494 0.000000 -0.000000 0.000000 159.999817 -179.999695 -162.924133 179.999878 -179.999466 -154.386215 0.000081 -0.000361 17.058783 175.461548 -178.691162 177.619049 167.874100 -179.414642 98.289131 178.912018 178.592865 -178.155930 4.295079 -3.817879 -6.819761 138.631180 126.383636 163.380936 0.000113 0.000053 -13.180997 0.000075 0.000028 -8.778543 0.000000 -0.000000 0.000000 165.000137 -179.999985 155.171570 0.000098 -0.000054 -20.314154 0.000050 -0.000060 -14.219912 0.000000 -0.000000 0.000000 0.000156 -0.000011 -29.052025 0.000130 -0.000086 -29.052025 0.000048 -0.000091 -19.348652 0.000000 -0.000000 0.000000 10.000159 -0.000010 -28.614847 0.000133 -0.000084 -28.614849 0.000050 -0.000094 -19.057482 0.000000 -0.000000 0.000000 20.000181 -0.000009 -25.013725 0.000225 -0.000127 -37.520569 0.000070 -0.000156 -24.988693
6.881265 98.352661 7.656025 10.588526 -13.256063 -15.020739 98.192749 -72.992744 -103.077293 58.652103 104.306274 84.703758 0.886955 -7.307732 3.693038 11.299092 11.926900 13.282285 166.700882 162.840637 -177.504288 175.867523 -165.189392 -178.846008 0.518643 9.128881 0.899019 0.518275 8.948266 1.441659 2.051505 6.359500 2.230546 0.000171 7.137653 3.826481 0.000181 8.327284 3.963112 160.433334 173.545364 -179.673828 179.565002 177.844238 178.797394 8.064737 -1.193332 82.292465 0.401139 5.210417 -2.420417 173.697617 -174.312973 -172.479187 35.546673 45.778679 5.547587 179.999969 -179.999847 -168.248795 0.000002 -0.000094 7.826307 0.000000 -0.000000 0.000000 14.999976 -0.000058 38.078819 0.000014 -0.000046 31.155396 0.000025 -0.000022 21.808792 0.000000 -0.000000 0.000000 179.999985 -179.999939 -139.742630 0.000020 -0.000060 40.257381 0.000038 -0.000025 26.811432 0.000000 -0.000000 0.000000 170.000000 -179.999954 -145.759949 0.000005 -0.000043 34.240047 0.000018 -0.000021 22.803869 0.000000 -0.000000 0.000000 160.000000 -179.999969 -162.671036 179.999985 -179.999939 -154.006516 0.000012 -0.000033 17.311663 175.555374 -178.635345 177.631470 167.683350 -179.714584 98.106812 179.012497 178.552673 -178.134857 4.297826 -3.619426 -6.923365 138.660065 126.325005 163.558197 0.000084 0.000035 -13.095669 0.000057 0.000011 -8.721721 0.000000 0.000000 -0.000003 165.000107 180.000000 155.267227 0.000081 -0.000035 -20.235905 0.000045 -0.000042 -14.165125 0.000000 0.000000 -0.000003 0.000133 0.000004 -28.959400 0.000118 -0.000061 -28.959377 0.000048 -0.000075 -19.286964 0.000000 0.000000 -0.000003 10.000148 0.000003 -28.526552 0.000126 -0.000067 -28.526529 0.000052 -0.000080 -18.998661 0.000000 0.000000 -0.000003 20.000143 0.000005 -24.916006 0.000197 -0.000088 -37.373989 0.000071 -0.000128 -24.891069
6.893639 98.318680 7.929463 10.721591 -13.298600 -14.876841 95.696411 -73.220436 -100.456253 65.529099 104.040779 91.355888 1.092635 -7.043919 3.994865 11.529695 12.028208 13.230694 166.603470 162.665131 -177.433716 175.612762 -165.037262 -178.864410 0.484471 9.024168 0.869461 0.484117 8.846020 1.396750 1.906640 6.297901 2.145176 0.000133 7.246478 3.876718 0.000131 8.454246 4.015154 160.334625 173.451080 -179.679245 179.499161 177.860596 178.830185 7.686785 -1.343186 82.553276 0.149081 5.677408 -2.498835 173.772964 -174.197571 -172.753036 36.380676 45.673538 6.355147 179.999939 179.999985 -168.182419 179.999954 -179.999985 -172.129486 180.000000 180.000000 179.999985 15.000045 0.000110 38.169868 179.999985 179.999908 -148.770126 179.999954 179.999954 -158.139099 180.000000 180.000000 179.999985 0.000048 0.000164 40.363400 179.999939 179.999847 -139.636597 179.999908 179.999954 -153.117981 180.000000 180.000000 179.999985 169.999969 -179.999817 -145.756790 0.000072 -0.000178 34.243210 0.000105 -0.000068 22.805979 180.000000 180.000000 179.999985 159.999939 -179.999527 -162.740097 0.000114 -0.000709 25.889877 0.000276 -0.000391 17.242653 175.641312 -178.572113 177.652344 167.468063 179.963211 97.965744 179.071426 178.501572 -178.124649 4.293605 -3.434083 -7.027199 138.716095 126.227699 163.774765 0.000002 0.000002 -12.996991 180.000000 -179.999985 171.343994 0.000000 -0.000000 0.000000 165.000076 179.999985 155.355957 0.000064 -0.000021 -20.163300 0.000037 -0.000030 -14.114322 0.000000 -0.000000 0.000000 0.000103 0.000011 -28.860735 0.000093 -0.000040 -28.860786 0.000042 -0.000054 -19.221270 0.000000 -0.000000 0.000000 10.000112 0.000011 -28.424009 0.000104 -0.000041 -28.424000 0.000044 -0.000053 -18.930393 0.000000 -0.000000 0.000000 20.000103 0.000014 -24.813370 0.000157 -0.000054 -37.220039 0.000059 -0.000088 -24.788548
6.904263 98.277367 8.214437 10.827897 -13.338716 -14.730580 92.822868 -73.419121 -97.391289 74.034256 103.961182 99.632835 1.099378 -6.471795 4.174933 11.800461 12.148377 13.146536 166.421631 162.507919 -177.337585 175.458908 -164.861893 -178.842163 0.456231 8.916213 0.836279 0.455890 8.740561 1.345105 1.791394 6.232593 2.055398 0.000068 7.345743 3.916098 0.000061 8.570032 4.055938 160.242706 173.366043 -179.688614 179.419876 177.878143 178.866241 7.482045 -1.272979 82.732353 0.176394 5.910335 -2.391777 173.926651 -174.110748 -172.877808 35.477844 45.718155 5.943891 179.999985 -179.999847 -168.008301 0.000010 -0.000102 7.986467 180.000000 -180.000000 179.999985 15.000019 0.000044 38.062420 179.999985 179.999969 -148.858017 179.999985 179.999985 -158.200607 180.000000 -180.000000 179.999985 0.000001 0.000003 40.182278 0.000001 0.000003 40.182270 0.000000 -0.000000 26.761406 180.000000 -180.000000 179.999985 170.000000 -179.999939 -145.573685 0.000031 -0.000063 34.426327 0.000043 -0.000021 22.927923 180.000000 -180.000000 179.999985 160.000000 -179.999847 -162.264313 0.000061 -0.000232 26.603506 0.000106 -0.000117 17.717957 175.720001 -178.506409 177.680801 167.241806 179.629105 97.868408 179.095139 178.442368 -178.123795 4.281525 -3.259717 -7.125779 139.255203 126.523354 164.370667 0.000020 0.000002 -13.005959 0.000009 -0.000001 -8.661963 0.000000 0.000000 -0.000003 165.000015 -180.000000 155.457275 0.000005 -0.000001 -20.080397 0.000003 -0.000003 -14.056274 0.000000 0.000000 -0.000003 0.000066 0.000011 -28.762053 0.000067 -0.000023 -28.762060 0.000031 -0.000032 -19.155529 0.000000 0.000000 -0.000003 10.000061 0.000009 -28.318007 0.000063 -0.000021 -28.318014 0.000031 -0.000033 -18.859789 0.000000 0.000000 -0.000003 20.000063 0.000015 -24.707527 0.000097 -0.000027 -37.061283 0.000043 -0.000048 -24.682817
6.912632 98.228470 8.511383 10.907534 -13.374445 -14.585990 89.585251 -73.588577 -93.896896 81.497612 104.070465 106.866318 0.931880 -6.180920 4.287064 12.088946 12.284213 13.035811 166.168579 162.356064 -177.222488 175.413467 -164.655121 -178.795273 0.434387 8.805168 0.801365 0.434060 8.632023 1.289847 1.707066 6.163386 1.965477 179.999985 172.565720 -176.056808 179.999985 171.326660 -175.916000 160.153046 173.291290 -179.703125 179.324951 177.899399 178.900116 7.223136 -1.228570 82.965294 0.178761 6.205290 -2.305788 173.989716 -174.066177 -173.005020 37.041470 45.587730 7.358550 179.999985 -179.999939 -167.949051 180.000000 -179.999969 -171.974075 0.000000 -0.000002 -0.000003 15.000009 0.000019 37.990520 179.999985 179.999985 -148.916840 179.999985 179.999985 -158.241791 0.000000 -0.000002 -0.000003 0.000002 -0.000034 40.168602 0.000022 -0.000024 40.168587 0.000023 -0.000000 26.752295 0.000000 -0.000002 -0.000003 170.000000 179.999985 -145.443665 180.000000 179.999985 -145.443634 180.000000 179.999985 -156.985474 0.000000 -0.000002 -0.000003 160.000015 -179.999954 -161.995636 0.000055 -0.000062 27.006536 0.000045 -0.000021 17.986362 175.788574 -178.438446 177.714020 167.022934 179.291443 97.812637 179.093262 178.361755 -178.129044 4.268161 -3.111375 -7.213189 139.442047 126.571999 164.617264 0.000067 0.000002 -12.979294 0.000045 -0.000012 -8.644213 0.000000 -0.000000 0.000000 165.000000 -179.999985 155.471268 179.999985 180.000000 159.931030 180.000000 179.999985 165.951736 0.000000 -0.000000 0.000000 0.000034 0.000009 -28.664640 0.000035 -0.000010 -28.664619 0.000017 -0.000016 -19.090651 0.000000 -0.000000 0.000000 10.000031 0.000008 -28.223499 0.000032 -0.000008 -28.223509 0.000017 -0.000016 -18.796854 0.000000 -0.000000 0.000000 20.000034 0.000009 -24.607243 0.000053 -0.000008 -36.910862 0.000025 -0.000026 -24.582634
6.920930 98.177818 8.812568 10.982023 -13.409121 -14.449127 86.242737 -73.725914 -90.268112 91.589302 104.464783 116.625519 0.439366 -5.311615 4.351337 12.458337 12.415190 12.927691 165.813675 162.198532 -177.089600 175.418823 -164.425552 -178.724319 0.414059 8.693050 0.766409 0.413829 8.522423 1.234345 1.628751 6.092951 1.876180 0.000080 7.528747 3.962401 0.000077 8.783551 4.103919 160.081375 173.212845 -179.722305 179.233719 177.910187 178.931442 6.963915 -1.182418 83.213493 0.189518 6.508017 -2.216969 173.978760 -173.931625 -173.277115 37.902512 45.577396 8.386958 179.999954 -179.999786 -167.807541 180.000000 -179.999847 -171.879807 0.000000 -0.000000 0.000000 15.000116 0.004298 38.526527 179.997894 179.997162 -148.478333 179.997726 179.999069 -157.934814 0.000000 -0.000000 0.000000 179.998810 179.997528 -139.476486 179.997498 179.998886 -139.476517 179.998245 -179.999481 -153.011368 0.000000 -0.000000 0.000000 170.000107 -179.999878 -145.736496 0.000133 -0.000039 34.263542 0.000089 0.000029 22.819500 0.000000 -0.000000 0.000000 160.002670 -179.997620 -162.484009 0.004891 -0.002183 26.274029 0.003565 0.000149 17.498499 175.873840 -178.298065 177.753937 166.777557 178.872559 97.752190 179.070236 178.265549 -178.144882 4.245591 -2.961413 -7.300741 139.536453 126.328255 164.894455 0.000030 -0.000022 -12.842798 0.000007 -0.000030 -8.553326 0.000000 -0.000000 0.000000 165.000153 179.999939 155.450363 0.000141 -0.000004 -20.086090 0.000092 -0.000035 -14.060261 0.000000 -0.000000 0.000000 0.000179 0.000091 -28.567530 0.000202 -0.000006 -28.567524 0.000114 -0.000066 -19.025980 0.000000 -0.000000 0.000000 10.000143 0.000083 -28.133875 0.000169 0.000005 -28.133863 0.000097 -0.000043 -18.737183 0.000000 -0.000000 0.000000 20.000122 0.000093 -24.502184 0.000236 0.000048 -36.753311 0.000143 -0.000063 -24.477707
6.915943 98.110832 9.125832 11.026852 -13.419582 -14.350018 82.671295 -73.863731 -86.246613 98.146858 105.150658 122.890579 179.978455 -175.122696 -175.696533 12.653953 12.562748 12.799977 165.562531 162.050323 -176.950394 175.544159 -164.172424 -178.659744 0.403963 8.570661 0.738228 0.403791 8.402607 1.188982 1.596634 6.011686 1.807026 179.999954 172.422043 -176.057999 179.999954 171.159073 -175.917221 160.019196 173.175873 -179.754562 179.113632 177.945587 178.949829 6.824179 -1.006994 83.428864 0.307369 6.669765 -2.077149 174.294785 -174.070496 -172.742920 37.424812 45.540085 8.092666 0.000015 0.000359 12.260878 179.999969 179.999756 -171.834274 180.000000 180.000000 -180.000000 14.999952 0.000157 37.425518 179.999893 179.999924 -149.379120 179.999908 179.999985 -158.565369 180.000000 180.000000 -180.000000 179.997635 179.997696 -139.644760 179.996719 179.999756 -139.644775 179.998215 -179.998703 -153.123413 180.000000 180.000000 -180.000000 170.000137 -179.999924 -145.724762 0.000147 0.000003 34.275192 0.000088 0.000055 22.827290 180.000000 180.000000 -180.000000 159.998871 179.999405 -161.732712 179.998093 179.999695 -152.599060 179.998779 -179.999603 -161.750961 175.875534 -178.435654 177.783829 166.640808 178.747192 97.830627 179.045715 178.161407 -178.155380 4.258102 -2.929900 -7.340721 139.817276 126.336807 165.193314 0.000001 -0.000021 -12.827478 180.000000 -179.999985 171.456909 0.000000 -0.000001 0.000000 165.000092 179.999954 155.506042 0.000077 0.000012 -20.040501 0.000055 -0.000013 -14.028348 0.000000 -0.000001 0.000000 0.000076 0.000066 -28.493090 0.000099 0.000022 -28.493105 0.000064 -0.000018 -18.976431 0.000000 -0.000001 0.000000 10.000051 0.000069 -28.064001 0.000077 0.000037 -28.064009 0.000055 -0.000007 -18.690609 0.000000 -0.000001 0.000000 20.000019 0.000077 -24.430206 0.000090 0.000098 -36.645344 0.000086 0.000019 -24.405802
6.907965 98.036522 9.443567 11.043587 -13.451155 -14.175628 78.752365 -73.842789 -81.841080 102.939240 105.984932 127.480301 179.712234 -175.280151 -175.794937 12.636612 12.792789 12.561034 165.520065 161.911758 -176.815735 175.687302 -163.918304 -178.611771 0.397096 8.455222 0.694756 0.396894 8.289621 1.117805 1.586496 5.936112 1.707047 0.000096 7.670299 3.952150 0.000077 8.948674 4.093283 159.936646 173.100311 -179.780594 178.969788 178.007736 178.963394 6.485351 -0.969959 83.753731 0.252564 7.077231 -2.018557 174.352356 -174.314957 -172.339859 37.413921 45.598164 8.126124 179.999939 179.999207 -167.730103 179.999847 179.999496 -171.828247 180.000000 180.000000 -180.000000 14.999189 0.001837 37.739437 179.998550 179.999207 -149.122284 179.998856 -179.999969 -158.385605 180.000000 180.000000 -180.000000 179.998734 179.998993 -140.399246 179.998383 -179.999969 -140.399246 179.999191 -179.999298 -153.625900 180.000000 180.000000 -180.000000 169.997101 179.998352 -145.352631 179.996658 -179.999725 -145.352631 179.998276 -179.998581 -156.924881 180.000000 180.000000 -180.000000 159.997177 179.998718 -161.721848 179.995407 179.999466 -152.582779 179.997116 -179.998917 -161.740143 175.895355 -178.417007 177.824631 166.509079 178.491272 97.881310 179.030365 178.053894 -178.155014 4.281751 -2.932417 -7.359300 140.110336 126.369759 165.491531 180.000000 -179.999985 167.177933 180.000000 -179.999985 171.460510 180.000000 180.000000 -179.999985 165.000198 179.999756 155.376205 0.000234 0.000114 -20.146740 0.000183 0.000017 -14.102723 180.000000 180.000000 -179.999985 0.000006 0.000037 -28.423418 0.000023 0.000032 -28.423416 0.000021 0.000012 -18.930016 180.000000 180.000000 -179.999985 9.999992 0.000042 -27.999380 0.000007 0.000048 -27.999359 0.000018 0.000026 -18.647589 180.000000 180.000000 -179.999985 19.999947 0.000054 -24.352211 179.999985 179.999893 143.471664 0.000027 0.000060 -24.327879
6.898044 97.957550 9.764090 11.046218 -13.482982 -13.990873 74.608612 -73.705902 -77.154419 108.467415 106.986443 132.745346 179.255783 -175.723694 -175.895004 12.434117 13.064876 12.277802 165.640305 161.790344 -176.678040 175.854660 -163.677673 -178.606964 0.394376 8.341002 0.649257 0.394140 8.177829 1.042830 1.596202 5.860752 1.604833 179.999908 172.321228 -176.091248 179.999908 171.041428 -175.951660 159.873062 173.099030 -179.817932 178.808777 178.035461 178.986862 6.408723 -0.762683 83.924606 0.385672 7.224001 -1.825819 174.565063 -174.641663 -171.605911 36.954655 45.836075 7.685366 179.999847 179.999207 -167.798889 179.999786 179.999512 -171.874069 0.000000 -0.000000 0.000000 14.999025 0.000790 37.246475 179.998978 179.999969 -149.525620 179.999374 -179.999664 -158.667938 0.000000 -0.000000 0.000000 179.998108 179.999207 -140.538971 179.998032 -179.999405 -140.538956 179.999237 -179.998856 -153.718948 0.000000 -0.000000 0.000000 169.997726 179.999283 -145.787933 179.997711 -179.999329 -145.787933 179.998993 -179.998779 -157.214752 0.000000 -0.000000 0.000000 159.998184 179.999512 -162.082657 179.997162 -179.999847 -153.123962 179.998352 -179.999069 -162.100586 175.905807 -178.389191 177.868607 166.425339 178.256607 97.941704 179.035950 177.954514 -178.141891 4.313347 -2.942805 -7.357314 140.391357 126.429138 165.807877 0.000011 0.000042 -12.806093 0.000016 0.000032 -8.528852 180.000000 -180.000000 -179.999985 165.000000 179.999985 155.782761 0.000001 0.000019 -19.814125 0.000005 0.000012 -13.869873 180.000000 -180.000000 -179.999985 179.999985 179.999985 151.626038 179.999985 179.999985 151.626007 0.000000 0.000019 -18.897066 180.000000 -180.000000 -179.999985 9.999958 0.000020 -27.944897 179.999985 179.999969 152.055130 180.000000 179.999969 161.388702 180.000000 -180.000000 -179.999985 19.999910 0.000032 -24.286221 179.999924 179.999908 143.570663 179.999985 179.999924 155.738052
6.888245 97.876587 10.085260 11.035997 -13.507751 -13.788247 70.278183 -73.417976 -72.270370 113.227196 108.184479 137.278946 178.923096 -176.147247 -176.020355 12.022450 13.388159 11.944268 165.984222 161.736755 -176.545624 175.997879 -163.489975 -178.638443 0.395350 8.227871 0.601133 0.395100 8.067089 0.963082 1.623885 5.785764 1.498787 179.999863 172.308731 -176.126862 179.999863 171.026840 -175.988525 159.798126 173.093491 -179.852768 178.637772 178.223038 178.992340 6.249296 -0.458494 84.136841 0.461444 7.461455 -1.642715 174.559616 -174.997513 -171.173645 36.908577 45.984798 7.560813 179.999725 179.999115 -167.871689 179.999695 179.999466 -171.922562 180.000000 180.000000 -179.999985 14.998527 0.000914 36.963776 179.998581 -179.999878 -149.756927 179.999191 -179.999435 -158.829849 180.000000 180.000000 -179.999985 179.997513 179.999146 -140.838409 179.997543 -179.999100 -140.838394 179.999100 -179.998505 -153.918381 180.000000 180.000000 -179.999985 169.995773 179.998856 -145.931351 179.995850 -179.998627 -145.931396 179.998215 -179.997711 -157.310303 180.000000 180.000000 -179.999985 159.994400 179.998688 -161.985748 179.991394 -179.999344 -152.978622 179.995056 -179.997070 -162.003769 175.906754 -178.350418 177.913940 166.375397 178.048492 98.010071 179.068771 177.875122 -178.114975 4.354084 -2.981050 -7.336241 140.683594 126.537125 166.095016 0.000020 0.000038 -12.817976 0.000019 0.000020 -8.536771 0.000000 -0.000000 0.000000 164.999985 179.999985 155.818329 179.999985 179.999985 160.214981 180.000000 179.999985 166.150513 0.000000 -0.000000 0.000000 179.999985 179.999985 151.659698 179.999985 179.999985 151.659698 180.000000 179.999985 161.125351 0.000000 -0.000000 0.000000 9.999977 0.000003 -27.905405 179.999985 179.999985 152.094604 180.000000 179.999985 161.415009 0.000000 -0.000000 0.000000 19.999943 0.000005 -24.236645 179.999954 179.999954 143.645020 179.999985 179.999954 155.787582
6.877459 97.790085 10.410606 11.027021 -13.522195 -13.567519 66.614510 -73.035400 -68.128471 116.473862 109.360428 140.348007 178.812790 -176.483337 -176.131058 11.657215 13.677069 11.619306 166.363403 161.622162 -176.407074 176.034607 -163.245010 -178.681915 0.398002 8.116477 0.550804 0.397763 7.958031 0.879467 1.659766 5.711965 1.388788 179.999878 172.289062 -176.151047 179.999908 171.003922 -176.013580 159.711090 173.080780 -179.883575 178.469620 178.420059 178.989914 6.088315 -0.144275 84.331329 0.497412 7.703125 -1.491005 174.742981 -175.600922 -170.267288 36.240627 46.213081 6.660486 179.999893 179.999802 -168.077301 179.999924 179.999893 -172.059464 180.000000 -180.000000 179.999985 14.999565 0.000094 36.324448 179.999664 -179.999847 -150.280014 179.999847 -179.999786 -159.196014 180.000000 -180.000000 179.999985 179.999420 179.999924 -141.434677 179.999496 -179.999710 -141.434708 179.999863 -179.999634 -154.315506 180.000000 -180.000000 179.999985 170.000107 -179.999985 -146.904022 0.000086 0.000044 33.095947 0.000042 0.000056 22.041918 180.000000 -180.000000 179.999985 160.001297 -179.999863 -163.251282 0.001909 0.000386 25.123066 0.001043 0.000775 16.731976 175.888565 -178.358398 177.956924 166.374817 177.930969 98.096893 179.136627 177.826523 -178.068970 4.400230 -3.031099 -7.302703 140.980804 126.664673 166.402771 0.000035 0.000052 -12.824841 0.000032 0.000026 -8.541349 0.000000 0.000000 -0.000003 164.999985 179.999985 155.835403 179.999985 179.999985 160.228989 180.000000 179.999985 166.160324 0.000000 0.000000 -0.000003 0.000016 -0.000001 -28.328987 0.000015 -0.000011 -28.329004 0.000003 -0.000010 -18.867104 0.000000 0.000000 -0.000003 9.999997 0.000003 -27.888355 0.000002 -0.000003 -27.888363 0.000002 0.000000 -18.573648 0.000000 0.000000 -0.000003 19.999985 0.000010 -24.211010 179.999985 179.999985 143.683502 179.999985 179.999985 155.813217
6.866770 97.703613 10.744765 11.030878 -13.539541 -13.307538 61.418262 -72.383980 -62.216351 120.231926 111.183693 143.874039 178.786880 -176.889709 -176.184082 11.166025 13.987818 11.239493 166.938492 161.518005 -176.265320 175.968399 -163.029236 -178.747177 0.396809 8.025039 0.494394 0.396613 7.868627 0.785985 1.678573 5.653636 1.264308 0.000215 7.815212 3.885342 0.000137 9.117734 4.024053 159.583740 172.992188 -179.902588 178.339691 178.650665 178.973404 5.914122 0.172510 84.515091 0.647942 7.927763 -1.200810 174.581406 -175.868835 -170.157791 36.351002 46.454700 6.763889 179.999924 179.999847 -168.121094 179.999924 179.999908 -172.088623 0.000000 -0.000000 0.000000 14.999401 0.000035 36.138145 179.999588 -179.999725 -150.432404 179.999847 -179.999710 -159.302704 0.000000 -0.000000 0.000000 179.999329 179.999985 -141.598969 179.999466 -179.999603 -141.598953 179.999878 -179.999588 -154.424896 0.000000 -0.000000 0.000000 169.998901 179.999969 -146.705338 179.999069 -179.999435 -146.705307 179.999695 -179.999329 -157.825745 0.000000 -0.000000 0.000000 159.999573 179.999985 -162.746506 179.999374 -179.999832 -154.119736 179.999664 -179.999710 -162.763763 175.922089 -178.154419 178.002411 166.381790 177.687698 98.140213 179.241150 177.812592 -178.008820 4.451776 -3.103521 -7.258507 141.249054 126.814812 166.680801 0.000037 0.000040 -12.836619 0.000030 0.000028 -8.549180 0.000000 -0.000000 0.000000 164.999969 179.999985 155.846710 179.999985 179.999985 160.238205 179.999985 179.999985 166.166748 0.000000 -0.000000 0.000000 0.000049 -0.000009 -28.329424 0.000042 -0.000029 -28.329405 0.000012 -0.000031 -18.867403 0.000000 -0.000000 0.000000 10.000031 -0.000006 -27.883465 0.000026 -0.000018 -27.883476 0.000007 -0.000018 -18.570402 0.000000 -0.000000 0.000000 20.000004 -0.000008 -24.198397 0.000023 -0.000016 -36.297657 0.000008 -0.000012 -24.174231
6.847575 97.617905 11.096397 11.072974 -13.533456 -13.093763 56.419979 -71.608452 -56.499172 123.728149 113.240990 147.067230 178.788818 -177.465561 -176.147324 10.872493 14.281269 11.020777 167.322723 161.478424 -176.179138 175.853195 -162.817520 -178.813446 0.403663 7.899027 0.448903 0.403453 7.745211 0.710071 1.731895 5.568337 1.166146 179.999985 172.252014 -176.179214 179.999969 170.960693 -176.042770 159.464828 173.054596 -179.940781 178.166656 178.782867 178.955734 5.763930 0.517933 84.673073 0.728403 8.113456 -1.017624 174.514038 -176.270676 -169.912918 36.158077 46.462193 6.468596 179.999954 179.999939 -168.186600 179.999954 179.999969 -172.132278 0.000000 -0.000000 0.000000 14.999509 -0.000015 35.912544 179.999680 -179.999756 -150.616989 179.999878 -179.999741 -159.431915 0.000000 -0.000000 0.000000 179.999496 -179.999985 -141.783600 179.999619 -179.999695 -141.783569 179.999939 -179.999680 -154.547867 0.000000 -0.000000 0.000000 169.999786 -179.999985 -147.070602 179.999832 -179.999878 -147.070618 179.999954 -179.999863 -158.069016 0.000000 -0.000000 0.000000 159.999634 -180.000000 -162.834778 179.999466 -179.999832 -154.252182 179.999725 -179.999741 -162.851929 175.863525 -178.158325 178.038513 166.460983 177.604263 98.226723 179.385315 177.828583 -177.936478 4.503831 -3.184313 -7.204403 141.524231 126.948586 166.957184 0.000044 0.000050 -12.849320 0.000026 0.000019 -8.557662 0.000000 0.000000 -0.000003 164.999985 179.999985 155.858017 179.999985 179.999985 160.247498 179.999985 179.999985 166.173233 0.000000 0.000000 -0.000003 0.000069 -0.000006 -28.342054 0.000059 -0.000039 -28.342052 0.000022 -0.000043 -18.875801 0.000000 0.000000 -0.000003 9.999224 0.000072 -28.007156 179.999344 179.999573 151.992844 179.999756 179.999557 161.347229 0.000000 0.000000 -0.000003 19.999996 0.000006 -24.204908 0.000008 -0.000001 -36.307354 180.000000 -179.999985 155.819275
6.818242 97.531799 11.468841 11.157043 -13.528366 -12.869862 51.757389 -70.644882 -51.131618 125.813393 115.288391 148.944046 179.140579 -177.780273 -176.054596 10.704503 14.550605 10.863007 167.581848 161.441727 -176.130783 175.682938 -162.611679 -178.863342 0.407305 7.779831 0.402997 0.407095 7.628491 0.633759 1.769363 5.488374 1.065733 179.999725 172.277908 -176.208679 179.999756 170.990860 -176.073227 159.319763 173.079391 -179.969635 178.000610 178.945602 178.926086 5.539095 0.782316 84.913193 0.671124 8.467896 -0.900628 174.440948 -176.582764 -169.764969 35.952618 46.462101 6.178636 179.999969 179.999985 -168.242645 179.999985 179.999985 -172.169586 0.000000 -0.000000 0.000003 14.999671 -0.000019 35.698555 179.999802 -179.999832 -150.792084 179.999939 -179.999832 -159.554459 0.000000 -0.000000 0.000003 179.999725 -179.999985 -141.958694 179.999802 -179.999832 -141.958649 179.999969 -179.999832 -154.664474 0.000000 -0.000000 0.000003 169.999710 -179.999985 -147.097397 179.999741 -179.999817 -147.097412 179.999924 -179.999817 -158.086853 0.000000 -0.000000 0.000003 159.999817 -179.999985 -162.945816 179.999741 -179.999893 -154.418732 179.999863 -179.999863 -162.962875 175.801758 -178.161423 178.063919 166.535538 177.525757 98.302055 179.541260 177.865753 -177.861511 4.557499 -3.342531 -7.116364 141.805878 127.042900 167.223114 0.000034 0.000036 -12.863153 0.000028 0.000036 -8.566849 0.000000 0.000000 -0.000003 164.999939 179.999985 155.862747 179.999969 179.999985 160.251343 179.999985 179.999985 166.175964 0.000000 0.000000 -0.000003 0.000068 -0.000005 -28.361715 0.000056 -0.000038 -28.361721 0.000021 -0.000040 -18.888897 0.000000 0.000000 -0.000003 9.999996 0.000003 -27.712629 180.000000 179.999985 152.287369 0.000001 0.000002 -18.456604 0.000000 0.000000 -0.000003 19.999987 0.000001 -24.206818 0.000000 0.000000 -36.310230 0.000000 0.000000 -24.182615
6.777665 97.442688 11.865486 11.285910 -13.529050 -12.636799 47.547127 -69.483528 -46.231251 127.543770 117.370384 150.492233 179.594070 -178.111145 -175.893341 10.672302 14.797204 10.761827 167.680038 161.372009 -176.106125 175.488815 -162.384186 -178.901672 0.407606 7.669698 0.356886 0.407396 7.520673 0.557359 1.790309 5.415243 0.963535 179.999527 172.334335 -176.253204 179.999619 171.056671 -176.119324 159.176636 173.130768 179.999695 177.836151 178.988312 178.903717 5.411120 0.979449 85.114243 0.613748 8.747040 -0.811316 174.392288 -176.696503 -169.698883 35.785641 46.561150 6.024401 179.999985 179.999985 -168.266724 179.999985 -179.999985 -172.185638 0.000000 0.000002 0.000003 14.999712 -0.000050 35.491386 179.999847 -179.999832 -150.961578 179.999969 -179.999847 -159.673111 0.000000 0.000002 0.000003 179.999786 -179.999985 -142.099258 179.999847 -179.999847 -142.099243 179.999985 -179.999847 -154.758102 0.000000 0.000002 0.000003 169.999786 -179.999985 -147.243744 179.999847 -179.999847 -147.243729 179.999969 -179.999847 -158.184326 0.000000 0.000002 0.000003 159.999893 -179.999985 -163.029770 179.999802 -179.999908 -154.544632 179.999908 -179.999893 -163.046738 175.733521 -178.165359 178.079910 166.835464 177.595245 98.471199 179.800339 177.918869 -177.772095 4.614432 -3.308313 -7.079962 142.046036 127.095833 167.433533 0.000026 0.000027 -12.878168 0.000030 0.000031 -8.576837 0.000001 -0.000000 0.000003 164.999985 179.999985 155.884705 179.999985 179.999985 160.269302 179.999985 179.999985 166.188522 0.000001 -0.000000 0.000003 0.000098 -0.000009 -28.376524 0.000082 -0.000052 -28.376545 0.000032 -0.000055 -18.898781 0.000001 -0.000000 0.000003 10.000033 -0.000001 -27.706995 0.000032 -0.000022 -27.706989 0.000010 -0.000016 -18.452858 0.000001 -0.000000 0.000003 19.999979 0.000000 -24.208698 179.999985 179.999985 143.686935 180.000000 179.999985 155.815521
6.723772 97.352554 12.284244 11.466057 -13.534779 -12.396833 43.576237 -68.067825 -41.535309 129.001541 119.608116 151.855057 0.194897 -1.534204 4.236426 10.683379 15.046859 10.693376 167.634842 161.347107 -176.113297 175.340744 -162.210983 -178.938629 0.403432 7.568891 0.310515 0.403241 7.421997 0.480904 1.789470 5.349102 0.859019 179.999496 172.420319 -176.313599 179.999603 171.156998 -176.181870 159.039352 173.208115 179.967041 177.673782 179.027512 178.877762 5.302685 1.172856 85.327660 0.509768 9.032195 -0.777507 174.345016 -176.779068 -169.690094 35.595573 46.550823 5.833737 179.999969 179.999985 -168.277847 179.999985 -179.999985 -172.193039 180.000000 180.000000 -180.000000 14.999700 -0.000065 35.316135 179.999832 -179.999817 -151.104980 179.999969 -179.999832 -159.773483 180.000000 180.000000 -180.000000 179.999771 -179.999954 -142.210144 179.999847 -179.999817 -142.210159 179.999985 -179.999847 -154.831955 180.000000 180.000000 -180.000000 169.999756 -179.999954 -147.350098 179.999832 -179.999832 -147.350098 179.999969 -179.999847 -158.255173 180.000000 180.000000 -180.000000 159.999695 -179.999939 -163.067413 179.999588 -179.999786 -154.601105 179.999832 -179.999741 -163.084351 175.662033 -178.174423 178.092438 167.197815 177.700943 98.661041 0.075785 2.048015 2.313242 4.671731 -3.282019 -7.023000 142.238861 127.100876 167.582184 0.000020 0.000033 -12.893811 0.000009 0.000016 -8.587281 180.000000 180.000000 -180.000000 165.000015 -180.000000 155.899017 0.000001 -0.000001 -19.718992 0.000000 0.000000 -13.803290 180.000000 180.000000 -180.000000 0.000099 -0.000007 -28.403650 0.000083 -0.000053 -28.403635 0.000032 -0.000060 -18.916826 180.000000 180.000000 -180.000000 10.000050 -0.000001 -27.713917 0.000045 -0.000027 -27.713900 0.000016 -0.000027 -18.457464 180.000000 180.000000 -180.000000 19.999126 0.000055 -24.302275 179.998840 179.999405 143.546585 179.999619 179.999222 155.722031
6.658665 97.254585 12.722613 11.697026 -13.536774 -12.151338 40.845585 -66.749802 -38.308571 130.346039 121.385231 153.052689 0.722725 -1.056126 4.400692 10.786224 15.282965 10.665385 167.390106 161.307434 -176.149170 175.246323 -162.016479 -178.951157 0.395944 7.469194 0.264118 0.395772 7.324425 0.404718 1.772221 5.283812 0.753105 179.999893 172.564896 -176.408234 179.999924 171.325699 -176.279938 158.918549 173.337234 179.929489 177.506531 179.047897 178.846344 5.207793 1.354515 85.570297 0.357164 9.319923 -0.809423 174.330536 -176.933334 -169.624756 35.353672 46.520912 5.503610 179.999985 -180.000000 -168.332840 180.000000 179.999985 -172.229660 0.000000 -0.000000 0.000000 14.999902 -0.000038 35.083622 179.999954 -179.999924 -151.295227 179.999985 -179.999939 -159.906662 0.000000 -0.000000 0.000000 180.000000 -180.000000 -142.389389 180.000000 -179.999985 -142.389389 0.000002 -0.000006 25.048670 0.000000 -0.000000 0.000000 169.999939 -179.999985 -147.510895 179.999969 -179.999954 -147.510910 180.000000 -179.999969 -158.362259 0.000000 -0.000000 0.000000 159.999939 -179.999985 -163.266357 179.999924 -179.999939 -154.899536 179.999969 -179.999939 -163.283096 175.577423 -178.210358 178.104019 167.615799 177.845825 98.873131 0.356906 2.045974 2.389785 4.730464 -3.256818 -6.943015 142.366684 127.077202 167.672989 0.000018 0.000035 -12.903440 0.000018 0.000015 -8.593685 0.000000 -0.000000 0.000000 165.000015 -179.999985 155.902939 0.000018 -0.000009 -19.715771 0.000010 -0.000011 -13.801047 0.000000 -0.000000 0.000000 0.000105 -0.000007 -28.436045 0.000092 -0.000056 -28.436020 0.000036 -0.000061 -18.938389 0.000000 -0.000000 0.000000 10.000079 -0.000004 -27.726276 0.000064 -0.000040 -27.726263 0.000026 -0.000042 -18.465693 0.000000 -0.000000 0.000000 20.000031 -0.000000 -23.944706 0.000043 -0.000022 -35.917049 0.000013 -0.000025 -23.920752
6.588439 97.147766 13.174907 11.983168 -13.528151 -11.903678 38.457535 -65.340530 -35.445110 131.824783 123.147926 154.333649 1.189557 -0.441294 4.535820 10.839885 15.474321 10.591714 167.076706 161.197357 -176.177551 175.213043 -161.810989 -178.942398 0.376400 7.401269 0.219508 0.376247 7.258008 0.332381 1.697093 5.241591 0.646229 179.999893 172.618530 -176.446457 179.999939 171.388260 -176.319519 158.783188 173.385986 179.903915 177.401276 179.131226 178.792160 5.093521 1.534248 85.805229 0.190751 9.618428 -0.845100 174.302185 -176.930237 -169.700500 35.245380 46.535755 5.426028 180.000000 -179.999985 -168.327774 0.000000 0.000003 7.773702 0.000000 -0.000000 0.000003 15.000010 0.000000 34.934410 180.000000 179.999985 -151.417313 0.000004 0.000004 20.007889 0.000000 -0.000000 0.000003 179.999954 -179.999985 -142.372589 179.999985 -179.999954 -142.372574 0.000008 -0.000037 25.059864 0.000000 -0.000000 0.000003 169.999985 -179.999985 -147.577759 179.999985 -179.999985 -147.577759 180.000000 -179.999985 -158.406784 0.000000 -0.000000 0.000003 159.999985 -179.999985 -163.348480 179.999985 -179.999985 -155.022720 179.999985 -179.999985 -163.365128 175.542816 -178.178085 178.118561 168.065521 178.015961 99.095665 0.629673 2.086614 2.457398 4.794385 -3.238947 -6.844474 142.457413 127.030411 167.709396 0.000016 0.000022 -12.919228 0.000014 0.000023 -8.604203 0.000001 -0.000001 0.000003 165.000031 -179.999985 155.893158 0.000028 -0.000015 -19.723782 0.000015 -0.000017 -13.806640 0.000001 -0.000001 0.000003 179.999786 179.999985 151.475449 179.999832 179.999878 151.475464 179.999939 179.999863 161.002655 0.000001 -0.000001 0.000003 10.000090 -0.000004 -27.752771 0.000078 -0.000046 -27.752752 0.000028 -0.000052 -18.483332 0.000001 -0.000001 0.000003 20.000063 -0.000003 -23.950708 0.000075 -0.000038 -35.926041 0.000023 -0.000053 -23.926733
6.514672 97.032288 13.639268 12.320137 -13.502606 -11.657806 36.407841 -63.851177 -32.921040 132.958466 124.968559 155.356689 1.839895 0.260428 4.585035 10.892205 15.645544 10.505916 166.659683 161.053268 -176.212845 175.235535 -161.586044 -178.910339 0.352786 7.335113 0.177450 0.352663 7.193316 0.264604 1.601559 5.200150 0.543178 179.999893 172.669800 -176.483337 179.999939 171.448090 -176.357697 158.632141 173.432861 179.877090 177.333939 179.202393 178.714798 4.918921 1.758788 85.977226 0.074603 9.850849 -0.844429 174.306885 -176.888626 -169.773346 35.213623 46.320946 5.212431 0.000034 0.000010 11.620366 0.000021 0.000011 7.739167 0.000000 -0.000000 0.000000 14.999913 -0.000044 34.982704 179.999969 -179.999939 -151.377823 0.000000 -0.000057 20.035538 0.000000 -0.000000 0.000000 179.999985 -179.999985 -142.489670 179.999985 -179.999985 -142.489670 0.000002 -0.000007 24.981880 0.000000 -0.000000 0.000000 170.000000 179.999985 -147.628571 0.000002 -0.000004 32.371414 180.000000 -180.000000 -158.440643 0.000000 -0.000000 0.000000 160.000015 -179.999985 -163.411758 180.000000 180.000000 -155.117661 0.000006 -0.000004 16.571655 175.446243 -178.198471 178.126587 168.609146 178.263901 99.355667 0.894269 2.170088 2.520028 4.861975 -3.203882 -6.740670 142.487137 126.975990 167.681030 0.000015 0.000022 -12.937985 0.000007 0.000016 -8.616708 0.000000 -0.000000 0.000000 165.000046 -180.000000 155.866608 0.000024 -0.000014 -19.745516 0.000012 -0.000014 -13.821851 0.000000 -0.000000 0.000000 0.000096 -0.000007 -28.361753 0.000080 -0.000052 -28.361750 0.000031 -0.000057 -18.888920 0.000000 -0.000000 0.000000 10.000067 -0.000005 -27.797768 0.000060 -0.000036 -27.797787 0.000025 -0.000041 -18.513313 0.000000 -0.000000 0.000000 20.000055 -0.000003 -23.976637 0.000074 -0.000041 -35.964939 0.000023 -0.000046 -23.952663
6.440111 96.910385 14.113893 12.708702 -13.463641 -11.420063 34.655231 -62.265118 -30.691216 134.619232 126.773041 156.750977 2.180166 1.159882 4.679418 10.884201 15.803555 10.399577 166.218842 160.874771 -176.249756 175.290634 -161.343460 -178.859863 0.325308 7.271008 0.139294 0.325209 7.130626 0.203630 1.486075 5.159483 0.447025 179.999893 172.716400 -176.517914 179.999954 171.502441 -176.393509 158.462006 173.475830 179.848587 177.209595 179.201874 178.638016 4.783733 1.881561 86.234673 179.909821 169.946075 179.059006 174.277283 -176.970627 -169.887894 35.123573 46.386162 5.298902 0.000002 -0.000002 11.689936 0.000003 -0.000000 7.785497 0.000002 -0.000000 0.000000 14.999987 -0.000001 34.792301 180.000000 -179.999985 -151.533569 180.000000 -179.999985 -160.073486 0.000002 -0.000000 0.000000 0.000003 0.000003 37.484013 0.000003 0.000003 37.484013 180.000000 179.999985 -155.035645 0.000002 -0.000000 0.000000 170.000000 179.999985 -147.635880 0.000003 0.000010 32.364120 0.000004 0.000004 21.554510 0.000002 -0.000000 0.000000 160.000015 -180.000000 -163.422104 0.000010 0.000012 24.866842 180.000000 179.999985 -163.438690 175.267502 -178.281311 178.118073 169.102951 178.488983 99.589142 1.076350 2.302603 2.563374 4.931882 -3.325068 -6.579308 142.414932 126.912048 167.555161 0.000005 0.000019 -12.956929 0.000015 0.000008 -8.629314 0.000000 -0.000000 0.000000 165.000015 -179.999985 155.832886 0.000011 -0.000006 -19.773081 0.000006 -0.000008 -13.841165 0.000000 -0.000000 0.000000 0.000189 -0.000017 -28.418262 0.000157 -0.000106 -28.418274 0.000059 -0.000112 -18.926579 0.000000 -0.000000 0.000000 10.000038 -0.000001 -27.850988 0.000031 -0.000024 -27.850973 0.000013 -0.000024 -18.548750 0.000000 -0.000000 0.000000 20.000031 -0.000002 -24.016205 0.000038 -0.000018 -36.024296 0.000014 -0.000030 -23.992188
6.362372 96.787254 14.593442 13.105392 -13.422709 -11.174459 33.081833 -60.651279 -28.615311 135.121887 128.716110 157.287384 3.169078 1.972179 4.604574 10.911031 15.961291 10.292464 165.703659 160.695068 -176.296112 175.375992 -161.094559 -178.797745 0.297340 7.208552 0.098581 0.297214 7.069643 0.138779 1.367733 5.119912 0.345431 179.999985 172.768280 -176.552963 0.000005 8.437007 3.570174 158.290070 173.523010 179.820496 177.171494 179.228531 178.533066 4.479867 2.023853 86.479729 179.755554 169.680847 179.014160 174.244736 -176.975555 -170.065292 34.915741 46.140038 4.916263 0.000483 -0.000331 11.635684 0.000363 -0.000156 7.749383 0.000000 0.000002 0.000000 15.000014 0.000001 34.748341 0.000001 0.000004 28.430449 180.000000 179.999985 -160.098724 0.000000 0.000002 0.000000 0.000071 0.000044 37.485958 0.000027 0.000079 37.485939 179.999985 179.999954 -155.034363 0.000000 0.000002 0.000000 170.000168 179.999893 -147.622055 0.000091 0.000180 32.377964 179.999985 179.999863 -158.436295 0.000000 0.000002 0.000000 160.000214 179.999863 -163.400421 0.000231 0.000285 24.899416 0.000070 0.000245 16.583015 175.190994 -178.290939 178.142365 169.497818 178.656677 99.777618 1.264412 2.444683 2.609585 5.006181 -3.458386 -6.403700 142.981567 126.998390 168.252731 0.000018 0.000021 -12.883463 0.000014 -0.000001 -8.580381 180.000000 -180.000000 -179.999985 165.000275 -179.999954 155.800659 0.000188 -0.000133 -19.799473 0.000092 -0.000132 -13.859626 180.000000 -180.000000 -179.999985 0.000525 -0.000081 -28.511145 0.000423 -0.000325 -28.511116 0.000143 -0.000322 -18.988417 180.000000 -180.000000 -179.999985 10.000558 -0.000077 -27.899925 0.000450 -0.000332 -27.899923 0.000162 -0.000328 -18.581345 180.000000 -180.000000 -179.999985 20.000525 -0.000076 -24.048742 0.000700 -0.000433 -36.073116 0.000209 -0.000513 -24.024704
6.290449 96.661369 15.083077 13.604010 -13.372619 -10.965013 31.886236 -58.765869 -26.923969 136.641983 130.697815 158.695511 3.482908 3.067261 4.716109 10.734359 16.068771 10.143128 165.402649 160.417633 -176.307709 175.342667 -160.839417 -178.714294 0.262979 7.151705 0.072411 0.262866 7.013962 0.098311 1.214962 5.082413 0.272754 179.999985 172.795883 -176.575699 0.000013 8.404797 3.546618 158.042770 173.549515 179.786240 177.147507 179.240494 178.439926 4.235020 2.192657 86.731369 179.603943 169.577133 178.978485 174.253235 -176.940094 -170.233673 35.371052 46.340202 5.726881 0.000066 -0.000043 11.807065 0.000053 -0.000019 7.863492 0.000000 -0.000000 0.000000 15.000122 0.000076 34.715942 0.000051 0.000112 28.403988 179.999985 179.999908 -160.117233 0.000000 -0.000000 0.000000 0.000183 0.000104 37.484642 0.000084 0.000193 37.484653 179.999985 179.999863 -155.035217 0.000000 -0.000000 0.000000 170.000259 179.999847 -147.583527 0.000145 0.000267 32.416477 179.999985 179.999802 -158.410629 0.000000 -0.000000 0.000000 160.000275 179.999847 -163.327835 0.000301 0.000315 25.008265 0.000081 0.000268 16.655499 175.080780 -178.341629 178.159424 169.833664 178.835983 99.959999 1.376148 2.572719 2.642289 5.121116 -3.430626 -6.301248 142.749786 126.801903 167.961105 0.000017 0.000016 -12.889182 0.000010 0.000009 -8.584194 0.000000 -0.000000 0.000000 165.000565 -179.999817 155.798889 0.000362 -0.000325 -19.800898 0.000160 -0.000297 -13.860626 0.000000 -0.000000 0.000000 0.000804 -0.000204 -28.540285 0.000608 -0.000564 -28.540277 0.000174 -0.000524 -19.007828 0.000000 -0.000000 0.000000 10.000922 -0.000209 -27.920315 0.000712 -0.000618 -27.920286 0.000223 -0.000581 -18.594927 0.000000 -0.000000 0.000000 20.001017 -0.000224 -24.056715 0.001270 -0.000933 -36.085125 0.000312 -0.000993 -24.032694
6.226924 96.532684 15.580435 14.154024 -13.307333 -10.777232 30.942776 -56.771255 -25.517824 138.830872 132.685028 160.526352 3.243034 4.309314 5.032457 10.381265 16.177069 9.956429 165.237030 160.123383 -176.285355 175.304703 -160.584473 -178.649261 0.225664 7.092663 0.054801 0.225574 6.956118 0.072258 1.045250 5.042475 0.217412 179.999969 172.812622 -176.602234 179.999985 171.614716 -176.480850 157.830215 173.568100 179.750473 177.053253 179.226974 178.373825 4.110236 2.318796 87.057144 179.450333 169.683212 178.773209 174.174393 -177.161789 -170.357529 35.610573 46.287544 5.959232 0.000085 -0.000040 11.830147 0.000049 -0.000007 7.878860 0.000000 -0.000000 0.000000 15.000354 0.000185 34.680988 0.000148 0.000286 28.375336 180.000000 179.999771 -160.137238 0.000000 -0.000000 0.000000 0.000116 0.000056 37.546665 0.000057 0.000116 37.546642 179.999985 179.999908 -154.993927 0.000000 -0.000000 0.000000 170.000122 179.999954 -147.481262 0.000078 0.000120 32.518742 0.000002 0.000092 21.657488 0.000000 -0.000000 0.000000 160.000107 179.999954 -163.225220 0.000131 0.000118 25.162134 0.000047 0.000110 16.758005 175.098587 -178.314224 178.224289 169.979370 178.920227 100.061287 1.439873 2.679373 2.665433 5.179646 -3.574854 -6.128975 142.585480 126.967468 167.875900 0.000047 0.000024 -12.884147 0.000023 0.000009 -8.580851 0.000000 -0.000000 0.000000 165.000397 -179.999832 155.711044 0.000249 -0.000266 -19.872776 0.000100 -0.000235 -13.910958 0.000000 -0.000000 0.000000 0.000572 -0.000191 -28.640467 0.000412 -0.000446 -28.640448 0.000098 -0.000389 -19.074533 0.000000 -0.000000 0.000000 10.000680 -0.000210 -28.022301 0.000498 -0.000501 -28.022280 0.000136 -0.000450 -18.662834 0.000000 -0.000000 0.000000 20.000708 -0.000204 -24.167871 0.000841 -0.000718 -36.251789 0.000166 -0.000717 -24.143715
6.173991 96.400414 16.088900 14.748918 -13.230521 -10.610950 30.199699 -54.699265 -24.369198 140.186020 134.757889 161.882492 3.561467 5.572493 5.255839 9.955836 16.292141 9.758963 165.140991 159.834824 -176.234665 175.235962 -160.337769 -178.581192 0.186444 7.030836 0.045676 0.186382 6.895508 0.060436 0.863590 4.999821 0.179746 179.999954 172.809967 -176.621002 179.999985 171.611618 -176.500305 157.594620 173.570312 179.711517 177.122635 179.325012 178.289291 3.941691 2.677113 87.245209 179.378632 169.782013 178.767838 174.190994 -177.171890 -170.437103 35.777782 46.357475 6.185466 0.000050 -0.000029 11.857388 0.000031 0.000003 7.897006 0.000002 -0.000000 0.000003 14.999965 -0.000017 34.907612 179.999985 -179.999985 -151.439240 180.000000 -179.999985 -160.007462 0.000002 -0.000000 0.000003 0.000047 0.000022 37.599785 0.000033 0.000045 37.599808 180.000000 179.999969 -154.958527 0.000002 -0.000000 0.000003 170.000046 179.999985 -147.425232 0.000031 0.000044 32.574776 0.000003 0.000036 21.694807 0.000002 -0.000000 0.000003 160.000015 179.999985 -163.168839 0.000005 0.000006 25.246725 0.000004 0.000006 16.814346 175.005035 -178.296677 178.200745 170.138657 178.964111 100.243370 1.447935 2.709500 2.671875 5.225608 -3.668367 -5.991698 142.213440 126.901047 167.468979 0.000022 0.000004 -12.904719 0.000017 0.000005 -8.594544 0.000000 -0.000000 0.000000 165.000336 -179.999832 155.641647 0.000192 -0.000246 -19.929531 0.000068 -0.000208 -13.950681 0.000000 -0.000000 0.000000 0.000412 -0.000176 -28.725576 0.000276 -0.000352 -28.725573 0.000049 -0.000295 -19.131239 0.000000 -0.000000 0.000000 10.000510 -0.000196 -28.110691 0.000358 -0.000419 -28.110651 0.000075 -0.000353 -18.721710 0.000000 -0.000000 0.000000 20.000544 -0.000203 -24.255234 0.000617 -0.000610 -36.382828 0.000088 -0.000570 -24.230986
6.131334 96.261566 16.606939 15.373335 -13.149430 -10.467414 29.575983 -52.562656 -23.421936 141.808060 136.819778 163.419968 2.898645 6.384051 5.646427 9.551061 16.400766 9.581697 164.987274 159.539093 -176.174133 175.188980 -160.082901 -178.507172 0.146125 6.966237 0.045198 0.146096 6.832213 0.063083 0.673681 4.954684 0.160591 179.999969 172.786148 -176.635208 179.999985 171.583832 -176.515030 157.346695 173.555267 179.667847 177.083618 179.363922 178.224991 3.825822 2.988879 87.327629 179.338791 169.861526 178.789444 174.196808 -177.249130 -170.442993 35.901733 46.468788 6.381759 179.999985 179.999985 -168.119888 0.000009 -0.000001 7.912181 180.000000 180.000000 179.999985 14.999917 -0.000041 34.912891 179.999969 -179.999924 -151.434921 180.000000 -179.999939 -160.004456 180.000000 180.000000 179.999985 0.000012 0.000005 37.621849 0.000011 0.000016 37.621883 180.000000 179.999985 -154.943848 180.000000 180.000000 179.999985 169.999969 -179.999985 -147.395065 179.999985 -179.999985 -147.395050 180.000000 -179.999985 -158.285110 180.000000 180.000000 179.999985 159.999893 -179.999969 -163.145996 179.999863 -179.999908 -154.719009 179.999954 -179.999908 -163.162857 175.138412 -178.237000 178.330719 170.026581 178.957855 100.246765 1.407770 2.734535 2.658618 5.251244 -3.747540 -5.892517 141.928604 126.859451 167.180038 0.000018 0.000002 -12.910305 0.000021 -0.000000 -8.598273 180.000000 -180.000000 180.000000 165.000244 -179.999863 155.564957 0.000121 -0.000178 -19.992317 0.000036 -0.000147 -13.994612 180.000000 -180.000000 180.000000 0.000277 -0.000141 -28.800831 0.000175 -0.000257 -28.800835 0.000018 -0.000206 -19.181358 180.000000 -180.000000 180.000000 10.000360 -0.000175 -28.193247 0.000238 -0.000324 -28.193256 0.000039 -0.000269 -18.776705 180.000000 -180.000000 180.000000 20.000389 -0.000176 -24.337376 0.000428 -0.000495 -36.506058 0.000032 -0.000433 -24.313025
6.101667 96.113464 17.139896 16.014696 -13.047356 -10.344147 28.977627 -50.394459 -22.657898 144.476959 138.851944 165.530762 2.179857 7.822997 6.069560 9.118092 16.516068 9.415705 164.770096 159.257660 -176.123352 175.224747 -159.813705 -178.430649 0.106108 6.890807 0.051701 0.106114 6.758266 0.077268 0.482874 4.901580 0.156894 179.999985 172.744827 -176.643799 179.999985 171.535629 -176.523941 157.087646 173.525757 179.621155 177.045135 179.403259 178.175262 3.584468 3.271209 87.380241 179.321014 170.043991 178.766800 174.150131 -177.604660 -170.402695 35.986019 46.618507 6.506090 0.000017 -0.000002 11.876560 0.000010 -0.000002 7.909771 0.000000 -0.000000 0.000000 14.999785 -0.000097 34.908211 179.999893 -179.999832 -151.438766 179.999985 -179.999847 -160.007126 0.000000 -0.000000 0.000000 0.000152 0.000055 37.601250 0.000076 0.000133 37.601234 179.999985 179.999893 -154.957581 0.000000 -0.000000 0.000000 169.999924 -179.999969 -147.395248 179.999954 -179.999939 -147.395294 180.000000 -179.999954 -158.285248 0.000000 -0.000000 0.000000 159.999863 -179.999954 -163.164902 179.999847 -179.999863 -154.747360 179.999939 -179.999863 -163.181778 175.047821 -178.282410 178.348389 170.050095 178.990265 100.382515 1.311146 2.685597 2.619866 5.256480 -3.815400 -5.827813 141.695877 126.853279 166.950180 0.000012 0.000010 -12.916362 0.000012 0.000003 -8.602303 0.000000 -0.000000 0.000003 165.000153 -179.999893 155.508865 0.000078 -0.000130 -20.038214 0.000020 -0.000104 -14.026756 0.000000 -0.000000 0.000003 0.000183 -0.000107 -28.858923 0.000109 -0.000184 -28.858906 0.000005 -0.000140 -19.220051 0.000000 -0.000000 0.000003 10.000230 -0.000131 -28.264341 0.000147 -0.000225 -28.264357 0.000015 -0.000179 -18.824064 0.000000 -0.000000 0.000003 20.000269 -0.000147 -24.410170 0.000274 -0.000359 -36.615269 0.000006 -0.000306 -24.385767
6.081747 95.953873 17.695124 16.683126 -12.928660 -10.229086 28.525511 -48.261555 -22.064150 145.833176 140.851700 166.908035 2.159184 8.962247 6.226032 8.741389 16.655840 9.276822 164.386063 159.013794 -176.078735 175.362930 -159.525101 -178.356873 0.064520 6.805947 0.062250 0.064567 6.675076 0.098243 0.283465 4.841798 0.161633 0.000022 7.309646 3.350875 180.000000 171.472092 -176.529495 156.841217 173.485458 179.573761 177.008789 179.444061 178.133072 3.577059 3.661701 87.424545 179.313416 170.136932 178.736237 174.171921 -177.595291 -170.323196 36.036686 46.724903 6.648152 179.999893 179.999969 -168.095032 179.999939 179.999985 -172.071274 0.000000 0.000000 -0.000003 15.000028 0.000011 34.790039 0.000017 0.000027 28.464594 0.000002 0.000021 19.925203 0.000000 0.000000 -0.000003 179.999863 -179.999954 -142.312927 179.999924 -179.999863 -142.312927 0.000014 -0.000103 25.099586 0.000000 0.000000 -0.000003 169.999847 -179.999939 -147.405151 179.999893 -179.999847 -147.405151 180.000000 -179.999878 -158.291824 0.000000 0.000000 -0.000003 159.999771 -179.999908 -163.190903 179.999710 -179.999771 -154.786377 179.999878 -179.999786 -163.207718 175.150085 -178.254272 178.477982 169.809189 178.911575 100.385567 1.156317 2.584896 2.555986 5.221608 -3.953978 -5.767579 141.465561 126.802834 166.657684 179.999954 -179.999985 167.052765 179.999954 179.999985 171.377136 0.000000 -0.000000 0.000000 164.999985 179.999985 155.444733 179.999985 179.999985 159.909332 180.000000 179.999985 165.936539 0.000000 -0.000000 0.000000 179.999985 179.999985 151.076736 179.999985 179.999985 151.076736 0.000000 0.000016 -19.262892 0.000000 -0.000000 0.000000 10.000016 -0.000005 -28.337091 0.000008 -0.000010 -28.337059 180.000000 -179.999985 161.127518 0.000000 -0.000000 0.000000 19.999979 0.000009 -24.494543 179.999985 179.999985 143.258179 0.000000 0.000016 -24.470053
6.072239 95.782318 18.270210 17.361553 -12.814427 -10.108497 28.191908 -46.158760 -21.597143 147.189896 142.753235 168.239365 1.946192 9.964384 6.319036 8.395361 16.821199 9.155308 163.942184 158.785233 -176.071747 175.515091 -159.220596 -178.250809 0.021975 6.719485 0.073288 0.022046 6.590315 0.120029 0.079584 4.781022 0.167491 0.000045 7.375615 3.357479 0.000002 8.604875 3.477337 156.548859 173.434570 179.524857 176.992538 179.479660 178.092133 3.572428 4.067383 87.457466 179.269989 170.081375 178.728256 174.195786 -177.627411 -170.255051 36.093170 46.783546 6.655258 179.999908 179.999985 -168.127548 179.999954 -179.999985 -172.092957 0.000000 -0.000000 0.000000 14.999915 -0.000034 34.816242 179.999969 -179.999939 -151.513977 179.999985 -179.999954 -160.059784 0.000000 -0.000000 0.000000 179.999786 -179.999908 -142.332123 179.999878 -179.999802 -142.332108 0.000017 -0.000161 25.086790 0.000000 -0.000000 0.000000 169.999893 -179.999954 -147.446671 179.999924 -179.999908 -147.446671 180.000000 -179.999924 -158.319489 0.000000 -0.000000 0.000000 159.999817 -179.999924 -163.248138 179.999756 -179.999817 -154.872177 179.999908 -179.999817 -163.264893 175.233276 -178.251923 178.601120 169.529114 178.807953 100.404243 0.943256 2.427897 2.466666 5.225311 -3.924097 -5.814118 141.461533 126.835571 166.721115 179.999939 -179.999985 167.080811 179.999969 -179.999985 171.395828 180.000000 180.000000 179.999985 165.000000 179.999985 155.452194 180.000000 179.999985 159.915451 180.000000 179.999985 165.940811 180.000000 180.000000 179.999985 179.999954 179.999969 151.075745 179.999985 179.999954 151.075745 0.000002 0.000039 -19.263561 180.000000 180.000000 179.999985 9.999978 0.000016 -28.345560 179.999985 179.999985 151.654434 180.000000 179.999985 161.121857 180.000000 180.000000 179.999985 19.999954 0.000026 -24.495613 179.999985 179.999939 143.256531 0.000004 0.000046 -24.471127
6.071788 95.598221 18.862307 18.039724 -12.698321 -9.967422 27.972494 -44.112724 -21.225380 148.026932 144.607178 169.224533 1.830099 10.712238 6.324069 8.032865 17.005308 9.023153 163.476532 158.563492 -176.092026 175.697464 -158.890747 -178.137360 179.978775 173.369720 -179.917191 179.978867 173.497147 -179.860718 179.873398 175.281555 -179.829727 0.000065 7.440660 3.363056 0.000012 8.680765 3.483113 156.267044 173.384766 179.476379 176.986588 179.513153 178.058136 3.525646 4.469347 87.454834 179.250763 170.034821 178.680130 174.184235 -177.745941 -170.156250 36.213024 46.902950 6.834515 179.999969 179.999985 -168.113480 179.999985 179.999985 -172.083588 0.000002 0.000002 0.000003 14.999978 -0.000010 34.785179 179.999985 -179.999985 -151.539413 0.000001 -0.000015 19.922411 0.000002 0.000002 0.000003 179.999847 -179.999939 -142.394226 179.999908 -179.999847 -142.394241 0.000015 -0.000112 25.045446 0.000002 0.000002 0.000003 169.999878 -179.999969 -147.471603 179.999924 -179.999878 -147.471619 179.999985 -179.999908 -158.336090 0.000002 0.000002 0.000003 159.999893 -179.999954 -163.301697 179.999847 -179.999878 -154.952530 179.999954 -179.999878 -163.318390 175.617554 -178.130539 178.875809 168.923157 178.570450 100.239090 0.673578 2.247709 2.359429 5.229300 -3.915241 -5.874603 141.515106 126.849785 166.843903 179.999954 -179.999969 167.114960 179.999969 -179.999985 171.418549 180.000000 -180.000000 -179.999985 164.999634 179.999725 155.384216 179.999832 179.999664 159.859818 179.999985 179.999741 165.901871 180.000000 -180.000000 -179.999985 179.999939 179.999954 151.087189 179.999969 179.999924 151.087158 0.000003 0.000054 -19.255943 180.000000 -180.000000 -179.999985 9.999947 0.000034 -28.343811 179.999985 179.999939 151.656189 0.000001 0.000043 -18.876978 180.000000 -180.000000 -179.999985 19.999929 0.000044 -24.489288 179.999939 179.999893 143.266037 0.000008 0.000077 -24.464811
6.077473 95.403717 19.466156 18.666418 -12.588466 -9.826662 27.840668 -42.186821 -20.851221 148.408386 146.386444 169.876770 2.407446 11.628157 6.249397 7.684699 17.207214 8.907665 163.088608 158.365662 -176.117950 175.838409 -158.557480 -178.027557 179.944885 173.460419 -179.904709 179.944962 173.585922 -179.837158 179.709473 175.344894 -179.816422 0.000070 7.499222 3.370393 0.000027 8.749091 3.490712 155.989014 173.339981 179.430984 176.980347 179.540436 178.034195 3.560883 4.898004 87.450249 179.231506 169.971512 178.621399 174.192993 -177.771118 -170.074112 35.904861 46.326706 5.901663 0.000211 -0.000068 11.666120 0.000164 -0.000009 7.769651 0.000000 -0.000000 0.000000 14.999891 -0.000041 34.792496 179.999954 -179.999924 -151.533401 180.000000 -179.999939 -160.073380 0.000000 -0.000000 0.000000 0.000220 0.000086 37.505291 0.000116 0.000204 37.505280 179.999985 179.999847 -155.021484 0.000000 -0.000000 0.000000 170.000122 179.999969 -147.540268 0.000075 0.000099 32.459751 0.000005 0.000079 21.618191 0.000000 -0.000000 0.000000 159.999924 -179.999969 -163.341553 179.999893 -179.999908 -155.012360 179.999985 -179.999924 -163.358215 175.496445 -178.212433 178.874802 168.805054 178.451340 100.399200 0.347736 2.049682 2.239269 5.237015 -3.927430 -5.940526 141.623169 126.852966 167.002533 179.999954 -179.999985 167.143616 179.999969 -179.999985 171.437622 0.000000 -0.000001 0.000000 164.999939 179.999939 155.585434 179.999969 179.999939 160.024429 179.999985 179.999954 166.017120 0.000000 -0.000001 0.000000 179.999924 179.999954 151.108322 179.999969 179.999908 151.108322 0.000002 0.000065 -19.241863 0.000000 -0.000001 0.000000 9.999949 0.000036 -28.326027 179.999985 179.999954 151.674011 180.000000 179.999969 161.134888 0.000000 -0.000001 0.000000 19.999922 0.000044 -24.468355 179.999939 179.999893 143.297470 0.000006 0.000085 -24.443911
6.090304 95.195892 20.075329 19.395266 -12.389931 -9.508085 27.811392 -40.363113 -20.719244 148.055313 148.195541 170.048615 2.807701 12.075600 6.168377 7.106615 17.379934 8.588041 162.825745 158.193756 -176.149826 175.892548 -158.230652 -177.929459 179.886139 173.575562 -179.923126 179.886276 173.699081 -179.863739 179.441116 175.426697 -179.879074 0.000076 7.548823 3.378073 0.000041 8.806958 3.498671 155.713959 173.302383 179.388519 176.978668 179.566071 178.014633 3.769120 5.381862 87.467705 179.199234 169.882477 178.558929 174.256271 -177.574661 -170.014755 36.167606 46.578121 6.439403 179.999985 -179.999985 -168.228073 180.000000 -179.999985 -172.159897 0.000002 -0.000000 0.000003 15.000132 0.000059 34.714478 0.000060 0.000097 28.402752 0.000004 0.000080 19.881924 0.000002 -0.000000 0.000003 0.000042 0.000013 37.605770 0.000020 0.000037 37.605755 180.000000 179.999985 -154.954559 0.000002 -0.000000 0.000003 170.000046 179.999985 -147.493927 0.000021 0.000035 32.506065 0.000007 0.000028 21.649033 0.000002 -0.000000 0.000003 160.000015 -180.000000 -163.383987 0.000014 0.000018 24.924032 0.000004 0.000006 16.599409 175.720322 -178.170105 179.063171 168.347336 178.223099 100.335243 179.977615 178.135544 -177.895264 5.245683 -3.968119 -6.002825 141.757568 126.856117 167.193619 179.999985 -179.999985 167.176300 179.999985 -179.999985 171.459412 180.000000 180.000000 -180.000000 164.999939 179.999954 155.619888 179.999985 179.999939 160.052643 179.999985 179.999954 166.036850 180.000000 180.000000 -180.000000 179.999939 179.999954 151.142578 179.999969 179.999924 151.142578 180.000000 179.999954 160.780960 180.000000 180.000000 -180.000000 9.999957 0.000027 -28.304956 179.999985 179.999954 151.695053 180.000000 179.999969 161.148895 180.000000 180.000000 -180.000000 19.999928 0.000042 -24.442566 179.999939 179.999908 143.336151 0.000003 0.000084 -24.418140
6.109716 94.978752 20.691544 20.061319 -12.167806 -9.114690 27.804873 -38.643772 -20.627743 148.455307 149.604919 170.509338 2.435156 12.275186 6.127222 6.563039 17.528183 8.230860 162.663345 158.048065 -176.184647 175.831345 -157.918152 -177.843018 179.838196 173.704010 -179.947449 179.838379 173.825226 -179.901123 179.225723 175.518600 -179.949585 0.000083 7.590126 3.382887 0.000048 8.855153 3.503661 155.413147 173.272263 179.343506 176.920853 179.572861 177.958099 3.767168 5.780897 87.414055 179.228836 169.937805 178.508682 174.218887 -177.774033 -169.947296 36.113018 46.375389 6.279154 0.000011 -0.000006 11.755278 0.000007 0.000005 7.829013 180.000000 180.000000 -180.000000 15.000031 0.000008 34.789028 0.000009 0.000020 28.463718 0.000001 0.000015 19.924620 180.000000 180.000000 -180.000000 0.000025 0.000010 37.622520 0.000012 0.000025 37.622494 180.000000 179.999985 -154.943420 180.000000 180.000000 -180.000000 169.999969 -179.999985 -147.460220 179.999985 -179.999969 -147.460251 180.000000 -179.999969 -158.328506 180.000000 180.000000 -180.000000 159.999954 -179.999985 -163.367432 179.999954 -179.999969 -155.051147 179.999985 -179.999969 -163.384079 175.781586 -178.198853 179.145096 168.044785 178.030624 100.372086 179.573746 178.295212 -178.038132 5.255064 -4.044158 -6.057767 141.918579 126.840820 167.386139 179.999985 -179.999985 167.200531 180.000000 -179.999985 171.475540 0.000000 -0.000000 0.000000 164.999954 179.999969 155.657303 179.999985 179.999954 160.083237 179.999985 179.999969 166.058273 0.000000 -0.000000 0.000000 179.999954 179.999969 151.176941 179.999985 179.999954 151.176926 180.000000 179.999954 160.803833 0.000000 -0.000000 0.000000 9.999968 0.000018 -28.283371 179.999985 179.999969 151.716629 180.000000 179.999985 161.163269 0.000000 -0.000000 0.000000 19.999941 0.000032 -24.409513 179.999954 179.999924 143.385681 180.000000 179.999939 155.614883
6.127057 94.756271 21.314283 20.664234 -11.922997 -8.647148 27.797451 -37.022106 -20.563675 148.589676 150.878036 170.795898 2.175202 12.397340 6.064999 6.102546 17.649027 7.859619 162.518265 157.956116 -176.222870 175.692612 -157.643097 -177.786728 179.774918 173.820877 179.997513 179.775085 173.940201 -179.988251 178.945358 175.605545 179.908813 0.000055 7.613627 3.396464 0.000043 8.882566 3.517749 155.290863 173.252823 179.330261 177.132599 179.661087 178.097382 3.622873 6.221402 87.232399 179.230927 169.959564 178.502304 174.241119 -177.763962 -169.927917 36.102928 46.282028 6.256790 0.000002 0.000007 11.766864 0.000002 0.000002 7.836740 0.000000 -0.000000 0.000000 15.000016 0.000010 34.807358 0.000009 0.000015 28.478764 180.000000 179.999985 -160.064850 0.000000 -0.000000 0.000000 0.000021 0.000014 37.640457 0.000013 0.000021 37.640427 179.999985 179.999985 -154.931458 0.000000 -0.000000 0.000000 170.000061 179.999969 -147.517776 0.000039 0.000060 32.482220 180.000000 179.999954 -158.366837 0.000000 -0.000000 0.000000 160.000046 179.999985 -163.420135 0.000061 0.000053 24.869841 0.000015 0.000053 16.563295 175.990448 -178.183914 179.308212 167.774704 177.832626 100.420181 179.151138 178.420120 -178.190384 5.260185 -4.161070 -6.097975 142.149185 126.844635 167.630783 0.000019 0.000014 -12.784547 0.000015 0.000006 -8.514522 0.000000 -0.000000 0.000003 164.999969 179.999985 155.692307 179.999985 179.999969 160.111893 180.000000 179.999985 166.078308 0.000000 -0.000000 0.000003 179.999985 179.999985 151.211243 179.999985 179.999969 151.211243 180.000000 179.999985 160.826691 0.000000 -0.000000 0.000003 9.999975 0.000010 -28.265270 179.999985 179.999985 151.734711 180.000000 179.999985 161.175339 0.000000 -0.000000 0.000003 19.999954 0.000018 -24.379702 179.999954 179.999939 143.430435 180.000000 179.999954 155.644669
6.138931 94.527397 21.950541 21.201244 -11.658172 -8.111173 27.773384 -35.533813 -20.549356 148.848557 151.928329 171.096512 1.716347 12.519057 6.012596 5.789660 17.729210 7.506720 162.350174 157.798233 -176.272095 175.457626 -157.291183 -177.737625 179.736313 173.958252 179.948334 179.736496 174.075027 179.932297 178.779388 175.706726 179.789764 0.000067 7.633613 3.406894 0.000051 8.905878 3.528552 155.038895 173.238068 179.300766 177.225494 179.707550 178.196701 3.484792 6.651033 87.009605 179.241074 170.056549 178.510422 174.262024 -177.766602 -169.923492 36.099754 46.195477 6.239387 0.000000 -0.000000 11.776650 0.000003 -0.000009 7.843257 0.000002 -0.000000 0.000003 15.000012 0.000006 34.830696 0.000003 0.000013 28.497850 0.000001 0.000008 19.948494 0.000002 -0.000000 0.000003 179.999985 -179.999985 -142.320267 179.999985 -179.999985 -142.320267 0.000007 -0.000017 25.094713 0.000002 -0.000000 0.000003 169.999985 -179.999985 -147.426758 180.000000 -179.999985 -147.426758 0.000000 -0.000017 21.693777 0.000002 -0.000000 0.000003 160.000015 179.999985 -163.359329 0.000014 0.000014 24.961027 180.000000 179.999985 -163.375961 176.089066 -178.205841 179.399765 167.539078 177.641907 100.481033 178.723404 178.515808 -178.351242 5.263527 -4.314007 -6.121781 142.424545 126.839851 167.858887 0.000024 0.000030 -12.797035 0.000023 0.000009 -8.522830 0.000000 -0.000000 0.000000 164.999969 179.999985 155.727875 179.999985 179.999985 160.140991 180.000000 179.999985 166.098679 0.000000 -0.000000 0.000000 179.999985 179.999985 151.234543 179.999985 179.999985 151.234573 180.000000 179.999985 160.842209 0.000000 -0.000000 0.000000 9.999990 0.000006 -28.248123 179.999985 179.999985 151.751907 180.000000 179.999985 161.186752 0.000000 -0.000000 0.000000 19.999977 0.000010 -24.348623 179.999985 179.999969 143.477051 180.000000 179.999985 155.675720
6.144006 94.295418 22.605078 21.686426 -11.374621 -7.508763 27.586748 -33.942646 -20.274801 149.160797 153.068695 171.317230 1.100799 12.666227 5.966294 5.597340 17.771107 7.157355 162.076721 157.652420 -176.354767 175.223312 -157.012283 -177.712860 179.722519 174.106033 179.912735 179.722672 174.219696 179.873657 178.725174 175.814468 179.709305 0.000010 7.642260 3.402141 0.000008 8.915975 3.523639 154.641327 173.236786 179.248169 177.187408 179.735489 178.226837 3.225113 7.010544 86.701790 179.209732 170.084549 178.548767 174.280258 -177.767441 -169.927841 36.082233 46.105686 6.220335 180.000000 179.999985 -168.207474 0.000005 0.000003 7.853823 0.000000 -0.000000 0.000000 15.000012 0.000004 34.854900 0.000002 0.000007 28.517628 0.000001 0.000004 19.962336 0.000000 -0.000000 0.000000 0.000007 0.000009 37.621414 0.000006 0.000007 37.621399 180.000000 179.999985 -154.944168 0.000000 -0.000000 0.000000 170.000000 179.999985 -147.474792 180.000000 179.999985 -147.474808 0.000001 0.000005 21.661772 0.000000 -0.000000 0.000000 160.000000 179.999985 -163.342224 0.000004 0.000003 24.986643 0.000004 0.000003 16.641108 176.063705 -178.207458 179.366119 167.334091 177.432617 100.555199 178.313217 178.593430 -178.506317 5.268074 -4.501192 -6.131618 142.741486 126.838486 168.081100 0.000022 0.000030 -12.832006 0.000026 0.000014 -8.546109 0.000000 -0.000000 0.000000 165.000000 179.999985 155.761871 179.999985 179.999985 160.168808 180.000000 179.999985 166.118179 0.000000 -0.000000 0.000000 179.999985 179.999985 151.262009 179.999985 179.999985 151.262039 180.000000 179.999985 160.860489 0.000000 -0.000000 0.000000 9.999826 0.000055 -28.263977 179.999878 179.999863 151.736023 179.999985 179.999878 161.176178 0.000000 -0.000000 0.000000 19.999987 0.000002 -24.328428 179.999985 179.999985 143.507339 180.000000 179.999985 155.695892
6.140728 94.063423 23.260441 22.053137 -11.148724 -6.967323 27.580351 -32.368889 -19.895376 149.572479 154.251053 171.517746 0.215821 12.914864 5.965469 5.840111 17.869720 7.096126 161.528732 157.604340 -176.521133 174.962067 -156.725418 -177.688095 179.718338 174.227112 179.875656 179.718445 174.338379 179.812088 178.712891 175.903549 179.629532 0.000104 7.645441 3.405540 0.000094 8.919688 3.527123 154.343781 173.237869 179.214157 177.327972 179.826859 178.393158 2.950229 7.445177 86.338310 179.194580 170.170319 178.590729 174.313400 -177.727280 -169.936600 36.036419 46.031570 6.178349 0.000015 0.000041 11.806026 0.000004 0.000027 7.862815 0.000000 -0.000002 -0.000003 15.000058 0.000066 34.878674 180.000000 179.999924 -151.462891 179.999985 179.999954 -160.024033 0.000000 -0.000002 -0.000003 0.000104 0.000120 37.639431 0.000005 0.000153 37.639408 179.999939 179.999908 -154.932159 0.000000 -0.000002 -0.000003 170.000122 179.999878 -147.471039 0.000027 0.000165 32.528946 179.999969 179.999893 -158.335709 0.000000 -0.000002 -0.000003 160.000046 179.999954 -163.335648 0.000046 0.000095 24.996531 179.999985 179.999939 -163.352310 176.231522 -178.212265 179.496597 167.130295 177.232483 100.658928 177.803680 178.564392 -178.804565 5.280056 -4.718130 -6.122660 143.045090 126.822075 168.311203 0.000777 0.001017 -12.855357 0.000658 0.000549 -8.561654 0.000000 -0.000000 0.000003 164.997528 179.999634 155.314560 179.998291 179.998886 159.802841 179.999146 179.998856 165.861984 0.000000 -0.000000 0.000003 180.000000 -180.000000 151.280914 180.000000 179.999985 151.280884 180.000000 179.999985 160.873077 0.000000 -0.000000 0.000003 9.999693 0.000035 -28.030704 179.999741 179.999817 151.969269 179.999908 179.999817 161.331543 0.000000 -0.000000 0.000003 19.996077 0.000427 -24.594301 179.994919 179.997009 143.108521 179.998474 179.996384 155.430313
6.116015 93.824501 23.970247 22.324461 -10.893669 -6.406473 27.133421 -31.192177 -19.377848 149.392227 155.312332 171.355011 0.055521 13.625299 5.933758 6.154377 17.969540 7.036444 160.905807 157.505264 -176.698227 174.799286 -156.429138 -177.669952 179.769684 174.374771 179.890121 179.769760 174.483185 179.832275 178.949417 176.005173 179.681702 0.000054 7.637871 3.378207 0.000065 8.910866 3.498846 153.730255 173.258255 179.127609 176.992065 179.762482 178.279037 2.930274 7.778851 86.069237 179.150497 170.340363 178.584335 174.375610 -177.610794 -169.975754 35.960205 45.943703 6.129060 179.999985 179.999954 -168.168259 180.000000 179.999969 -172.120026 0.000000 -0.000000 0.000007 15.000043 0.000078 34.895668 179.999985 179.999939 -151.448990 179.999985 179.999969 -160.014297 0.000000 -0.000000 0.000007 0.000109 0.000181 37.658672 179.999985 179.999786 -142.341324 179.999908 179.999893 -154.919342 0.000000 -0.000000 0.000007 170.000137 179.999771 -147.458649 0.000002 0.000252 32.541336 179.999924 179.999847 -158.327469 0.000000 -0.000000 0.000007 160.000198 179.999725 -163.385895 0.000152 0.000498 24.921179 179.999969 179.999649 -163.402496 175.817108 -178.267426 179.141556 167.359451 176.995377 101.052948 177.390976 178.571365 -179.003937 5.285747 -4.845395 -6.178380 143.385300 126.801353 168.445160 0.000810 0.001164 -12.941416 0.000714 0.000636 -8.618964 0.000000 -0.000000 0.000000 164.999954 180.000000 155.798813 179.999969 179.999985 160.199051 179.999985 179.999985 166.139328 0.000000 -0.000000 0.000000 0.000034 0.000000 -28.715069 0.000030 -0.000016 -28.715061 0.000012 -0.000020 -19.124229 0.000000 -0.000000 0.000000 9.999733 0.000003 -28.005219 179.999756 179.999863 151.994827 179.999908 179.999847 161.348541 0.000000 -0.000000 0.000000 19.999557 -0.000003 -24.043997 179.999390 179.999725 143.933960 179.999786 179.999603 155.980026
6.086529 93.587593 24.707026 22.550251 -10.621875 -5.850423 26.359234 -30.070065 -18.598204 149.110916 156.093124 171.058136 0.080318 14.129387 5.878812 6.364134 18.105545 6.925641 160.296478 157.575562 -176.861496 174.790451 -156.355362 -177.703400 179.810287 174.500534 179.902740 179.810349 174.606522 179.850281 179.136078 176.092255 179.724808 0.000098 7.610149 3.339400 0.000105 8.878518 3.458651 153.259323 173.295471 179.057907 176.775909 179.737854 178.218826 2.822111 8.047280 85.751717 179.059433 170.423691 178.577393 174.441223 -177.440704 -170.032303 35.882519 45.858761 6.090373 0.000012 0.000047 11.862900 179.999985 179.999969 -172.099319 180.000000 -180.000000 179.999985 15.000058 0.000116 34.906631 179.999985 179.999908 -151.440048 179.999954 179.999954 -160.008041 180.000000 -180.000000 179.999985 0.000128 0.000265 37.686562 179.999954 179.999710 -142.313416 179.999847 179.999878 -154.900757 180.000000 -180.000000 179.999985 170.000137 179.999741 -147.411362 179.999969 179.999710 -147.411362 179.999893 179.999847 -158.295975 180.000000 -180.000000 179.999985 160.000076 179.999847 -163.263077 0.000053 0.000223 25.105375 179.999969 179.999863 -163.279831 175.603775 -178.305389 178.949402 167.562851 176.841965 101.326843 177.038071 178.544540 -179.187851 5.290185 -4.974880 -6.238012 143.726303 126.782898 168.552170 0.000831 0.001274 -13.041356 0.000729 0.000699 -8.685546 0.000000 -0.000000 0.000000 165.000015 179.999985 155.814590 0.000026 -0.000009 -19.788050 0.000015 -0.000011 -13.851637 0.000000 -0.000000 0.000000 0.000065 0.000008 -28.715385 0.000062 -0.000026 -28.715389 0.000026 -0.000035 -19.124454 0.000000 -0.000000 0.000000 9.999705 -0.000032 -27.984951 179.999725 179.999893 152.015045 179.999878 179.999847 161.362015 0.000000 -0.000000 0.000000 19.999592 -0.000047 -24.007746 179.999420 179.999802 143.988403 179.999756 179.999664 156.016281
6.056252 93.349037 25.471392 22.735773 -10.331926 -5.302488 25.397144 -29.486237 -18.143744 149.150436 156.155640 170.861847 0.124295 14.654099 5.867260 6.560891 18.324610 6.816965 159.732666 157.730042 -176.984711 174.812958 -156.245407 -177.730194 179.825027 174.608917 179.893478 179.825089 174.712799 179.833664 179.207901 176.169434 179.710922 0.000081 7.571621 3.308062 0.000091 8.833571 3.426202 153.044998 173.335419 179.026932 176.777939 179.726120 178.293945 2.935090 8.380490 85.513260 179.022339 170.743805 178.507080 174.508255 -177.232010 -170.106186 35.849049 45.806946 6.146367 0.000019 0.000022 11.915810 0.000001 0.000015 7.935926 0.000000 0.000000 -0.000003 15.000055 0.000131 34.936443 179.999985 179.999893 -151.415665 179.999954 179.999939 -159.990952 0.000000 0.000000 -0.000003 0.000100 0.000228 37.775070 179.999939 179.999756 -142.224960 179.999863 179.999893 -154.841812 0.000000 0.000000 -0.000003 170.000107 179.999817 -147.316818 179.999985 179.999786 -147.316818 179.999908 179.999893 -158.233032 0.000000 0.000000 -0.000003 160.000076 179.999847 -163.228943 0.000045 0.000266 25.156624 179.999969 179.999832 -163.245697 175.880737 -178.291931 179.116074 167.635742 176.702942 101.440948 176.699600 178.394562 -179.434067 5.298545 -5.084579 -6.305076 144.007248 126.754333 168.569061 0.000817 0.001380 -13.157032 0.000739 0.000766 -8.762597 180.000000 -180.000000 -179.999985 165.000046 179.999985 155.813721 0.000051 -0.000008 -19.788771 0.000034 -0.000014 -13.852145 180.000000 -180.000000 -179.999985 179.997757 -179.999435 151.065720 179.997757 179.999420 151.065704 179.998871 179.998932 160.729767 180.000000 -180.000000 -179.999985 9.999774 -0.000055 -27.954309 179.999786 179.999939 152.045700 179.999893 179.999893 161.382431 180.000000 -180.000000 -179.999985 19.999660 -0.000071 -23.968033 179.999496 179.999893 144.047958 179.999771 179.999741 156.055923
6.034926 93.113251 26.252642 22.880434 -10.032545 -4.763222 24.062973 -28.995205 -17.639362 149.517120 156.313995 170.799973 0.305836 15.368115 5.836190 6.400362 18.482958 6.435721 159.558105 157.731018 -176.971375 174.869873 -156.180511 -177.774002 179.843201 174.712570 179.892426 179.843231 174.814423 179.830551 179.293350 176.242767 179.715698 0.000033 7.522833 3.266890 0.000062 8.776647 3.383574 152.864243 173.385040 178.997772 176.798096 179.697311 178.369263 3.072297 8.693661 85.307777 178.898071 171.004517 178.430435 174.649216 -176.913239 -170.231171 35.908939 45.770332 6.275109 0.000018 0.000003 11.961839 0.000014 0.000002 7.966582 0.000000 -0.000000 0.000000 15.000053 0.000130 34.975468 179.999985 179.999878 -151.383728 179.999954 179.999939 -159.968597 0.000000 -0.000000 0.000000 0.000075 0.000171 37.859352 179.999969 179.999832 -142.140640 179.999908 179.999924 -154.785660 0.000000 -0.000000 0.000000 170.000076 179.999847 -147.243607 179.999985 179.999847 -147.243622 179.999939 179.999924 -158.184265 0.000000 -0.000000 0.000000 160.000076 179.999847 -163.178772 0.000044 0.000228 25.231781 179.999969 179.999847 -163.195618 175.966034 -178.290390 179.140091 167.805511 176.632797 101.487930 176.559097 178.424240 -179.389175 5.296711 -5.101097 -6.443128 144.303833 126.715881 168.567093 0.000814 0.001394 -13.287398 0.000743 0.000773 -8.849424 180.000000 180.000000 -179.999985 165.000107 179.999954 155.811676 0.000094 0.000001 -19.790449 0.000065 -0.000020 -13.853310 180.000000 180.000000 -179.999985 0.000079 0.000028 -28.481140 0.000084 -0.000011 -28.481155 0.000046 -0.000031 -18.968454 180.000000 180.000000 -179.999985 9.999825 -0.000064 -27.928518 179.999832 179.999985 152.071472 179.999908 179.999939 161.399612 180.000000 180.000000 -179.999985 19.999754 -0.000083 -23.928482 179.999634 179.999969 144.107224 179.999832 179.999847 156.095413
6.027701 92.881302 27.050367 22.985228 -9.724226 -4.228563 22.508038 -28.581787 -17.088585 150.264801 156.206116 170.822159 0.467419 15.849695 5.814346 6.066887 18.667999 5.966584 159.650375 157.733444 -176.923111 174.865173 -156.171036 -177.795120 179.862961 174.810486 179.899200 179.862991 174.910400 179.840439 179.384216 176.311676 179.737686 179.999954 172.538330 -176.785538 179.999985 171.294724 -176.670700 152.720322 173.446213 178.970779 176.841080 179.653763 178.442139 2.822765 8.765049 84.861961 178.816360 171.094742 178.401993 174.585953 -176.842819 -170.233002 35.987411 45.754910 6.451308 0.000028 0.000001 12.019450 0.000013 -0.000015 8.004942 0.000000 -0.000002 0.000000 14.999900 -0.000235 35.109360 0.000042 -0.000195 28.725849 0.000094 -0.000106 20.108109 0.000000 -0.000002 0.000000 179.999878 -179.999786 -141.989182 0.000048 -0.000248 38.010818 0.000123 -0.000117 25.315207 0.000000 -0.000002 0.000000 170.000061 179.999924 -147.186249 180.000000 179.999908 -147.186234 179.999985 179.999954 -158.146027 0.000000 -0.000002 0.000000 160.000061 179.999908 -163.118759 0.000041 0.000138 25.321898 179.999985 179.999893 -163.135620 175.995361 -178.269852 179.098251 168.129349 176.551239 101.569427 176.470688 178.247726 -179.451340 5.316960 -5.265439 -6.463541 144.555023 126.697548 168.493408 0.000724 0.001297 -13.436079 0.000680 0.000719 -8.948419 0.000000 -0.000000 0.000000 165.000183 179.999878 155.806580 0.000173 0.000032 -19.794598 0.000121 -0.000020 -13.856217 0.000000 -0.000000 0.000000 0.000167 0.000094 -28.480761 0.000193 -0.000001 -28.480726 0.000112 -0.000061 -18.968187 0.000000 -0.000000 0.000000 9.999946 -0.000028 -27.899439 179.999954 -180.000000 152.100540 179.999969 179.999985 161.418976 0.000000 -0.000000 0.000000 19.999958 -0.000019 -23.889116 179.999954 -179.999985 144.166321 179.999969 179.999985 156.134766
6.034458 92.653297 27.865177 23.057716 -9.409706 -3.682587 20.780493 -28.204216 -16.528280 151.324051 155.868195 170.964523 0.680579 16.056431 5.711499 5.579003 18.866856 5.416148 159.969009 157.736801 -176.846085 174.804138 -156.215027 -177.806000 179.881912 174.901382 179.910339 179.881943 174.999512 179.857697 179.470154 176.375519 179.768600 179.999802 172.614319 -176.849304 179.999832 171.383362 -176.736725 152.614029 173.520813 178.946838 176.904449 179.594925 178.516403 2.836940 8.906728 84.541298 178.722946 171.355209 178.313095 174.571762 -176.732224 -170.256119 36.185501 45.795666 6.898514 179.999969 -179.999985 -167.850189 179.999985 -179.999985 -171.908234 0.000002 -0.000002 -0.000000 14.999941 -0.000137 35.016376 0.000025 -0.000117 28.649786 0.000061 -0.000067 20.054850 0.000002 -0.000002 -0.000000 0.000239 0.000393 37.745548 179.999939 179.999542 -142.254456 179.999786 179.999786 -154.861481 0.000002 -0.000002 -0.000000 170.000061 179.999893 -147.171097 180.000000 179.999878 -147.171127 179.999969 179.999924 -158.135971 0.000002 -0.000002 -0.000000 160.000061 179.999924 -163.097702 0.000044 0.000148 25.353422 179.999985 179.999908 -163.114609 176.263779 -178.257980 179.300095 168.295334 176.539062 101.376106 176.444153 178.022659 -179.486816 5.349893 -5.403572 -6.491632 143.557404 126.488670 167.552872 0.003786 0.006926 -13.421292 0.003545 0.003879 -8.938588 0.000000 -0.000000 0.000000 165.000092 179.999908 155.765457 0.000100 0.000032 -19.828259 0.000072 -0.000002 -13.879781 0.000000 -0.000000 0.000000 0.000218 0.000154 -28.497662 0.000266 0.000031 -28.497643 0.000166 -0.000066 -18.979439 0.000000 -0.000000 0.000000 10.000016 0.000007 -27.886414 0.000017 -0.000001 -27.886417 0.000008 -0.000006 -18.572332 0.000000 -0.000000 0.000000 20.000101 0.000053 -23.873161 0.000160 0.000019 -35.809731 0.000093 -0.000048 -23.849283
6.052387 92.428955 28.692209 23.102869 -9.088346 -3.117093 18.901703 -27.843941 -15.981309 152.962158 155.718292 171.282562 0.825181 16.395824 5.557897 5.036060 19.054419 4.819918 160.414352 157.733810 -176.753128 174.675064 -156.317261 -177.806595 179.897156 174.983536 179.924286 179.897171 175.080063 179.879929 179.538025 176.433151 179.804184 179.999634 172.707001 -176.924896 179.999634 171.491501 -176.814972 152.557175 173.610275 178.927750 176.998825 179.532806 178.583801 2.902846 9.038862 84.219673 178.656708 171.674149 178.212326 174.638565 -176.563522 -170.336853 36.140099 45.820831 6.051286 179.999969 -179.999588 -168.260513 0.000026 -0.000269 7.818501 0.000002 -0.000002 0.000003 15.000282 0.000538 34.746510 179.999954 179.999512 -151.571030 179.999802 179.999725 -160.099716 0.000002 -0.000002 0.000003 0.000052 0.000083 38.048660 180.000000 179.999893 -141.951309 179.999969 179.999954 -154.659592 0.000002 -0.000002 0.000003 170.000031 179.999969 -147.103912 0.000009 0.000056 32.896122 179.999985 179.999985 -158.091187 0.000002 -0.000002 0.000003 160.000031 179.999969 -163.039932 0.000025 0.000050 25.440092 0.000007 0.000044 16.943117 176.379517 -178.218506 179.353790 168.712143 176.488297 101.291969 176.479218 177.770721 -179.498032 5.300938 -5.458310 -6.564350 146.930038 127.147141 169.684250 0.000393 0.001015 -13.985678 0.000409 0.000595 -9.314463 0.000000 -0.000000 0.000000 165.000244 179.999710 155.764069 0.000273 0.000142 -19.829403 0.000211 0.000028 -13.880578 0.000000 -0.000000 0.000000 0.000576 0.000569 -28.498295 0.000777 0.000221 -28.498289 0.000526 -0.000118 -18.979862 0.000000 -0.000000 0.000000 10.000475 0.000420 -27.846214 0.000616 0.000149 -27.846210 0.000410 -0.000101 -18.545580 0.000000 -0.000000 0.000000 20.000668 0.000564 -23.836090 0.001278 0.000353 -35.754139 0.000828 -0.000300 -23.812265
6.077173 92.207458 29.532211 23.121798 -8.760689 -2.526344 16.981256 -27.503290 -15.450677 154.937897 155.613190 171.693924 0.991490 16.706362 5.275619 4.456033 19.223791 4.201471 160.919586 157.729126 -176.665619 174.519424 -156.477432 -177.816055 179.907639 175.059433 179.939178 179.907654 175.154480 179.904053 179.583389 176.486435 179.840179 179.999420 172.813416 -177.011017 179.999390 171.615677 -176.904144 152.553970 173.712006 178.913574 177.117020 179.460693 178.647888 3.019974 9.159631 83.888893 178.625351 172.045471 178.106873 174.641449 -176.511490 -170.359818 36.504505 45.752304 7.341928 0.000051 0.000031 12.242656 0.000023 0.000038 8.153609 0.000000 -0.000000 0.000000 15.000017 0.000034 35.159870 180.000000 179.999969 -151.232819 179.999985 179.999985 -159.862976 0.000000 -0.000000 0.000000 0.000047 0.000069 38.088627 0.000004 0.000084 38.088619 179.999969 179.999969 -154.632980 0.000000 -0.000000 0.000000 170.000031 179.999969 -147.079239 0.000004 0.000038 32.920734 179.999985 179.999985 -158.074783 0.000000 -0.000000 0.000000 160.000031 179.999969 -163.022644 0.000012 0.000039 25.466003 180.000000 179.999985 -163.039627 176.494476 -178.146317 179.343262 169.207596 176.402084 101.230042 176.580017 177.512299 -179.487518 5.530921 -5.608727 -6.544763 146.381531 126.954514 168.737595 0.000251 0.000683 -14.183533 0.000270 0.000404 -9.446231 0.000000 -0.000000 0.000000 165.000015 179.999985 155.683899 0.000011 0.000007 -19.894979 0.000009 0.000002 -13.926488 0.000000 -0.000000 0.000000 0.000410 0.000508 -28.607410 0.000600 0.000250 -28.607395 0.000432 -0.000046 -19.052526 0.000000 -0.000000 0.000000 10.000181 0.000199 -27.943382 0.000252 0.000091 -27.943375 0.000176 -0.000020 -18.610294 0.000000 -0.000000 0.000000 20.000484 0.000502 -23.944536 0.000971 0.000388 -35.916786 0.000674 -0.000171 -23.920580
6.102319 91.987213 30.388584 23.118370 -8.425469 -1.909124 15.042104 -27.187019 -14.910982 157.225861 154.927139 172.242264 1.016382 16.411976 4.753750 3.895366 19.379248 3.590688 161.431870 157.737732 -176.593842 174.332184 -156.689713 -177.825836 179.911697 175.131180 179.954666 179.911697 175.224838 179.929565 179.598602 176.536835 179.875381 179.999390 172.923859 -177.120117 179.999344 171.744568 -177.017166 152.573868 173.821625 178.889938 177.262421 179.372635 178.705627 3.110702 9.241001 83.515198 178.644623 172.421051 178.012482 174.622513 -176.517059 -170.376785 36.612259 45.628147 7.245722 0.000130 0.000039 12.172786 0.000078 0.000044 8.107075 0.000000 0.000002 0.000003 15.000079 0.000178 35.114998 179.999985 179.999847 -151.269547 179.999939 179.999924 -159.888687 0.000000 0.000002 0.000003 0.000041 0.000056 38.127831 180.000000 179.999924 -141.872147 179.999985 179.999969 -154.606888 0.000000 0.000002 0.000003 170.000031 179.999969 -147.066223 0.000004 0.000049 32.933754 179.999985 179.999969 -158.066132 0.000000 0.000002 0.000003 160.000015 179.999969 -163.013672 0.000025 0.000050 25.479464 180.000000 179.999969 -163.030655 176.633484 -178.204132 179.670929 169.708801 176.505875 100.819862 176.745697 177.275131 -179.457367 5.789669 -5.682330 -6.553051 145.961777 126.844604 168.078720 0.000124 0.000600 -14.307430 0.000188 0.000371 -9.528734 0.000001 -0.000000 0.000000 164.999939 -179.999847 155.667374 179.999908 -179.999908 160.091476 179.999924 -179.999969 166.064026 0.000001 -0.000000 0.000000 0.000260 0.000438 -28.706804 0.000437 0.000260 -28.706818 0.000337 0.000010 -19.118732 0.000001 -0.000000 0.000000 9.999991 -0.000016 -27.998281 179.999985 -179.999985 152.001724 179.999985 180.000000 161.353149 0.000001 -0.000000 0.000000 20.000242 0.000319 -24.051228 0.000531 0.000299 -36.076874 0.000401 -0.000042 -24.027197
6.118797 91.766617 31.260391 23.097929 -8.080647 -1.269033 13.030009 -26.916142 -14.330257 159.696976 154.818634 172.688278 1.347773 16.951817 4.116182 3.448061 19.513819 3.027013 161.826111 157.760437 -176.526321 174.157715 -156.950424 -177.865433 179.909225 175.202652 179.971542 179.909241 175.294922 179.957794 179.583252 176.587051 179.911636 179.999039 173.057449 -177.212753 179.998932 171.900421 -177.113068 152.790314 173.943298 178.905594 177.430084 179.260223 178.745621 3.429783 9.417765 83.268013 178.695770 172.951157 177.894485 174.702652 -176.409286 -170.475708 36.683506 45.408165 7.018520 0.000158 0.000045 12.072797 0.000092 0.000043 8.040473 0.000000 -0.000000 0.000000 15.000004 0.000026 35.353516 179.999985 179.999985 -151.074432 179.999985 179.999985 -159.752090 0.000000 -0.000000 0.000000 0.000013 0.000044 38.186710 179.999985 179.999969 -141.813293 179.999985 179.999985 -154.567657 0.000000 -0.000000 0.000000 170.000015 179.999969 -147.029495 0.000003 0.000035 32.970490 179.999985 179.999985 -158.041656 0.000000 -0.000000 0.000000 160.000015 179.999969 -163.000916 0.000018 0.000066 25.498625 0.000000 0.000048 16.982080 176.752747 -178.180771 179.706039 170.255905 176.450287 100.645844 176.964294 177.087296 -179.411819 6.087134 -5.649590 -6.588886 145.476013 126.694229 167.339340 179.999985 179.999466 165.565384 0.000090 0.000355 -9.613431 0.000000 -0.000000 0.000000 164.999924 -179.999695 155.682861 179.999847 -179.999786 160.104187 179.999847 -179.999908 166.072922 0.000000 -0.000000 0.000000 0.000132 0.000343 -28.797239 0.000284 0.000233 -28.797241 0.000240 0.000048 -19.178965 0.000000 -0.000000 0.000000 9.999897 -0.000226 -28.011438 179.999817 -179.999847 151.988556 179.999847 -179.999985 161.344360 0.000000 -0.000000 0.000000 20.000061 0.000125 -24.128429 0.000166 0.000135 -36.192680 0.000142 0.000004 -24.104311
6.117687 91.543121 32.144917 23.063175 -7.721680 -0.615693 10.938711 -26.715036 -13.661823 161.813461 155.226929 172.731339 1.860173 16.905081 4.020643 3.147545 19.622234 2.537656 162.108154 157.797012 -176.471527 173.957428 -157.258911 -177.914825 179.901382 175.276062 179.991898 179.901382 175.366882 179.992096 179.541870 176.638535 179.953857 179.998718 173.198181 -177.325684 179.998550 172.064621 -177.230011 153.077454 174.073883 178.918518 177.616577 179.119812 178.758072 3.572217 9.489116 82.915558 178.813370 173.405289 177.849884 174.741592 -176.337875 -170.594193 36.708420 45.119644 6.736785 0.000215 0.000034 11.980017 0.000135 0.000045 7.978703 0.000002 -0.000002 0.000003 14.999990 0.000012 35.402802 179.999985 179.999985 -151.034073 179.999985 -179.999985 -159.723862 0.000002 -0.000002 0.000003 180.000000 179.999985 -141.730438 179.999985 179.999985 -141.730469 179.999985 -180.000000 -154.512466 0.000002 -0.000002 0.000003 170.000000 179.999969 -146.973221 179.999985 179.999985 -146.973221 179.999985 179.999985 -158.004181 0.000002 -0.000002 0.000003 160.000015 179.999985 -162.924591 180.000000 179.999985 -154.386902 179.999985 179.999985 -162.941681 176.845276 -178.276993 179.957306 170.791336 176.496475 100.257912 177.207916 176.971039 -179.362030 6.444544 -5.473942 -6.643766 144.872849 126.431885 166.432755 179.999924 179.999466 165.427170 0.000035 0.000353 -9.705498 180.000000 180.000000 -180.000000 165.000000 -179.999771 155.751816 179.999908 -179.999832 160.160599 179.999908 -179.999908 166.112396 180.000000 180.000000 -180.000000 0.000038 0.000192 -28.876722 0.000123 0.000147 -28.876705 0.000121 0.000047 -19.231901 180.000000 180.000000 -180.000000 9.999871 -0.000479 -27.985332 179.999664 -179.999634 152.014664 179.999695 -179.999893 161.361771 180.000000 180.000000 -180.000000 19.999928 -0.000204 -24.177479 179.999786 -179.999756 143.733765 179.999802 -179.999969 155.846680
6.073006 91.354797 33.063213 23.007486 -7.337015 0.041942 8.787203 -26.595766 -12.872014 165.270737 154.831558 173.487549 0.659551 14.865157 3.441168 2.998355 19.703163 2.136331 162.301971 157.854599 -176.431824 173.712219 -157.611664 -177.961975 179.889099 175.360535 -179.984207 179.889069 175.449692 -179.967453 179.479401 176.697739 -179.997314 179.998520 173.340652 -177.457214 179.998306 172.230881 -177.366226 153.435562 174.208801 178.927353 177.806351 178.952469 178.749039 3.721053 9.560605 82.585876 178.997147 173.867905 177.725983 174.722366 -176.267319 -170.609894 36.707676 44.778896 6.317472 0.000140 0.000010 11.840652 0.000093 0.000036 7.885878 0.000000 -0.000000 0.000000 14.999961 -0.000006 35.445950 179.999985 -179.999985 -150.998810 179.999985 -179.999985 -159.699158 0.000000 -0.000000 0.000000 179.999832 -179.999985 -141.723267 179.999878 -179.999863 -141.723251 179.999985 -179.999878 -154.507690 0.000000 -0.000000 0.000000 169.999954 -179.999985 -146.891296 179.999969 -179.999969 -146.891312 179.999985 -179.999969 -157.949615 0.000000 -0.000000 0.000000 159.999985 -179.999985 -162.874161 179.999969 -179.999985 -154.311234 179.999985 -179.999985 -162.891296 176.913666 -178.408524 -179.811813 171.309143 176.489120 99.883636 177.450760 176.902863 -179.298691 6.929991 -5.159552 -6.692774 144.265747 126.162422 165.509750 179.999832 179.999420 165.285736 179.999985 179.999588 170.200302 0.000000 -0.000000 0.000000 165.000061 -179.999664 155.792755 179.999924 -179.999725 160.194061 179.999893 -179.999847 166.135849 0.000000 -0.000000 0.000000 0.000004 -0.000151 -28.942987 179.999939 -179.999847 151.056976 179.999924 -179.999939 160.723953 0.000000 -0.000000 0.000000 9.999967 -0.000773 -27.906343 179.999619 -179.999329 152.093643 179.999573 -179.999725 161.414383 0.000000 -0.000000 0.000000 19.999935 -0.000567 -24.162418 179.999573 -179.999252 143.756378 179.999481 -179.999756 155.861740
6.067849 90.977493 33.920807 22.921972 -6.864030 0.695378 6.591658 -26.629333 -11.952460 169.892517 154.599518 174.345825 178.388870 166.833511 -176.479889 2.982080 19.698153 1.825575 162.425735 157.926773 -176.422562 173.429245 -158.009903 -177.987808 179.875610 175.473282 -179.955688 179.875580 175.560226 -179.919266 179.411362 176.776932 -179.938278 179.998383 173.489990 -177.604797 179.998108 172.405151 -177.519104 153.868500 174.351288 178.935425 177.986649 178.781204 178.746826 3.778320 9.521380 82.100479 179.146072 174.198517 177.605026 174.760590 -176.049225 -170.564240 36.673946 44.429096 5.947780 0.000094 -0.000005 11.742931 0.000066 0.000007 7.820788 180.000000 -180.000000 -179.999985 14.999976 -0.000001 35.531567 180.000000 -179.999985 -150.928665 0.000002 -0.000008 20.349920 180.000000 -180.000000 -179.999985 179.999985 -179.999985 -141.319656 179.999985 -179.999969 -141.319656 0.000004 -0.000029 25.761101 180.000000 -180.000000 -179.999985 169.999908 -179.999985 -146.768509 179.999939 -179.999924 -146.768494 180.000000 -179.999939 -157.867813 180.000000 -180.000000 -179.999985 159.999939 -179.999985 -162.789780 179.999908 -179.999908 -154.184647 179.999969 -179.999924 -162.806992 176.919785 -178.553299 -179.598984 171.835068 176.406082 99.514038 177.662170 176.843445 -179.197617 7.294959 -4.595653 -6.823978 144.122696 125.902000 164.918823 179.999802 179.999359 165.096771 179.999985 179.999573 170.074463 0.000000 -0.000000 0.000000 165.000046 -179.999847 155.906189 179.999985 -179.999863 160.286911 179.999969 -179.999908 166.200821 0.000000 -0.000000 0.000000 0.000035 -0.000218 -28.903879 179.999939 -179.999802 151.096100 179.999893 -179.999908 160.750015 0.000000 -0.000000 0.000000 10.000072 -0.000905 -27.691952 179.999649 -179.999176 152.308044 179.999542 -179.999619 161.557159 0.000000 -0.000000 0.000000 20.000002 -0.000644 -24.001883 179.999619 -179.999115 143.997177 179.999451 -179.999680 156.022125
6.012686 90.652191 34.788010 22.794762 -6.180038 1.329902 4.462480 -26.962864 -10.935916 173.965302 154.537399 174.610123 176.451660 168.401291 -175.984177 3.142793 19.475613 1.598664 162.458542 157.993576 -176.426270 173.107452 -158.474380 -177.976089 179.863098 175.646378 -179.920517 179.863007 175.729965 -179.860031 179.348984 176.898834 -179.863419 179.998383 173.655106 -177.762344 179.998062 172.597839 -177.682297 154.397858 174.506378 178.951202 178.174667 178.627380 178.798538 3.814045 9.528510 81.658684 179.393661 174.641678 177.603653 174.880020 -175.587311 -170.690094 36.483116 44.205524 5.541273 0.000017 -0.000003 11.667697 0.000007 0.000003 7.770680 0.000000 -0.000000 0.000000 15.000105 0.000035 35.560364 0.000048 0.000070 29.094826 0.000009 0.000060 20.366379 0.000000 -0.000000 0.000000 0.000060 0.000026 38.736675 0.000048 0.000054 38.736691 179.999985 179.999954 -154.201385 0.000000 -0.000000 0.000000 169.999771 -179.999908 -146.689316 179.999847 -179.999802 -146.689301 180.000000 -179.999832 -157.815079 0.000000 -0.000000 0.000000 159.999939 -179.999985 -162.678177 179.999924 -179.999924 -154.017258 179.999985 -179.999939 -162.695511 176.837341 -178.602951 -179.711639 172.381805 176.141907 99.435364 177.849594 176.791153 -179.025208 7.738657 -3.950237 -6.936798 144.307083 125.622437 164.521484 179.999847 179.999512 164.856812 179.999985 179.999664 169.914627 0.000000 -0.000000 0.000000 165.000046 -179.999878 155.969742 179.999985 -179.999893 160.338882 179.999985 -179.999939 166.237213 0.000000 -0.000000 0.000000 0.000066 -0.000279 -28.829012 179.999924 -179.999725 151.170975 179.999863 -179.999847 160.799896 0.000000 -0.000000 0.000000 10.000107 -0.000706 -27.345751 179.999786 -179.999329 152.654236 179.999664 -179.999664 161.787735 0.000000 -0.000000 0.000000 20.000034 -0.000543 -23.759628 179.999725 -179.999222 144.360580 179.999557 -179.999710 156.264145
5.895580 90.397057 35.630722 22.581882 -5.246941 1.913071 2.533009 -27.615162 -9.870420 176.553009 154.199219 174.414795 175.375687 170.720200 -175.644058 3.536757 18.937349 1.445377 162.354233 157.972092 -176.453888 172.786301 -159.020996 -177.897400 179.858963 175.876190 -179.873779 179.858704 175.955338 -179.781876 179.324860 177.061325 -179.760147 179.998413 173.815170 -177.951782 179.998047 172.784637 -177.878510 154.913147 174.666382 178.943344 178.374451 178.526855 178.950943 3.820780 9.477314 81.117027 179.643692 175.120407 177.628815 175.039673 -175.037018 -170.863174 36.180084 44.144001 5.221608 179.999985 -180.000000 -168.350571 179.999985 -179.999985 -172.241486 0.000000 -0.000000 0.000000 15.000110 0.000030 35.446251 0.000054 0.000072 29.001457 0.000006 0.000063 20.301041 0.000000 -0.000000 0.000000 0.000057 0.000018 38.657978 0.000033 0.000052 38.657982 180.000000 179.999954 -154.253769 0.000000 -0.000000 0.000000 170.000015 179.999985 -146.329376 0.000022 0.000015 33.670624 180.000000 179.999985 -157.575363 0.000000 -0.000000 0.000000 159.999985 -179.999985 -162.567963 179.999985 -179.999985 -153.851944 179.999985 -179.999985 -162.585373 176.732666 -178.722946 -179.786774 172.885086 176.009201 99.310112 178.068176 176.700668 -178.754761 8.227905 -3.292660 -7.027278 144.891479 125.380348 164.494019 179.999924 179.999756 164.611588 179.999985 179.999832 169.751328 0.000000 -0.000000 0.000000 165.000259 -179.999405 155.996582 179.999985 -179.999466 160.360855 179.999878 -179.999664 166.252579 0.000000 -0.000000 0.000000 0.000050 -0.000176 -28.668825 179.999969 -179.999832 151.331177 179.999924 -179.999908 160.906570 0.000000 -0.000000 0.000000 10.000056 -0.000304 -26.933592 179.999924 -179.999695 153.066422 179.999863 -179.999847 162.062241 0.000000 -0.000000 0.000000 20.000021 -0.000279 -23.441460 179.999863 -179.999588 144.837814 179.999771 -179.999832 156.581985
5.776447 89.969109 36.372967 22.300615 -4.197989 2.570796 0.014174 -28.883265 -8.362057 179.836411 153.545898 173.759323 174.468811 171.726379 -175.065582 4.111950 18.304039 1.284213 162.113312 157.962585 -176.542297 172.498123 -159.611160 -177.750626 179.866287 176.136597 -179.843658 179.866470 176.210312 -179.732162 179.350174 177.245300 -179.690735 179.999634 173.971878 -178.106796 179.999725 172.967026 -178.039108 155.533005 174.810791 178.960785 178.651901 178.612335 179.073517 3.610545 9.497267 80.438484 179.860596 175.498993 177.776321 175.229370 -174.389481 -170.967957 35.805599 44.110172 5.101239 0.000185 -0.000007 11.754354 0.000120 0.000026 7.828408 0.000002 -0.000000 0.000000 15.002968 0.000946 35.185017 0.001539 0.002025 28.787701 0.000266 0.001762 20.151402 0.000002 -0.000000 0.000000 0.000798 0.000275 38.469223 0.000465 0.000710 38.469227 179.999954 179.999451 -154.379486 0.000002 -0.000000 0.000000 170.000824 179.999710 -146.367386 0.000519 0.000703 33.632599 0.000032 0.000585 22.399309 0.000002 -0.000000 0.000000 159.999741 -179.999893 -162.461945 179.999664 -179.999725 -153.692886 179.999878 -179.999725 -162.479492 176.614960 -178.765411 179.786133 173.417160 175.765427 99.506500 178.259995 176.621964 -178.419861 8.750729 -2.551885 -7.079843 146.034164 124.960251 164.799454 179.998932 179.996490 164.303497 179.999954 179.997559 169.546097 0.000000 -0.000000 0.000000 164.997925 179.995163 156.868668 180.000000 179.995682 161.074387 0.000981 0.002855 -13.247951 0.000000 -0.000000 0.000000 179.999451 179.998062 151.734131 0.000429 0.001971 -28.265875 0.000871 0.001017 -18.825060 0.000000 -0.000000 0.000000 10.000630 -0.003518 -26.463829 179.999023 -179.996582 153.536148 179.998413 -179.998230 162.375076 0.000000 -0.000000 0.000000 20.000242 -0.003679 -23.013945 179.998199 -179.994766 145.479080 179.997040 -179.997787 157.009079
5.448782 89.958710 37.090187 21.884171 -3.263685 2.944989 179.632706 -149.248810 172.382675 178.448425 152.177353 172.288742 176.169357 172.356461 -175.223923 4.704115 17.513124 1.207190 161.883026 157.595886 -176.694336 172.239487 -160.289825 -177.446259 179.879379 176.266388 -179.754166 179.879364 176.337616 -179.584290 179.392212 177.335892 -179.493835 0.000776 5.857702 1.645587 0.000902 6.833977 1.704378 156.043900 174.988571 178.916977 178.794250 178.294312 179.710541 3.739985 8.962525 79.550819 0.054251 3.765947 -1.921415 175.542236 -173.658920 -171.605255 35.612965 44.727638 5.140868 0.000079 0.000064 11.729379 0.000041 0.000055 7.811769 0.000000 -0.000000 0.000000 15.000708 0.000214 34.841251 0.000362 0.000473 28.506462 0.000071 0.000411 19.954521 0.000000 -0.000000 0.000000 0.000171 0.000049 38.368893 0.000092 0.000140 38.368866 179.999985 179.999878 -154.446335 0.000000 -0.000000 0.000000 170.000305 179.999893 -146.460953 0.000198 0.000254 33.539032 0.000016 0.000206 22.336998 0.000000 -0.000000 0.000000 160.000107 179.999969 -162.398468 0.000113 0.000093 26.402313 0.000046 0.000093 17.583929 176.676056 -178.782394 179.310593 173.703445 175.848831 99.781448 178.775879 176.262939 -177.958466 9.241937 -2.194306 -7.124040 146.492889 124.946114 164.811539 179.999496 179.998596 164.100601 179.999939 179.998993 169.410995 180.000000 180.000000 179.999985 164.995575 179.989700 156.897430 0.000025 0.009175 -18.902102 0.002127 0.006062 -13.231478 180.000000 180.000000 179.999985 179.998291 179.994049 151.813812 0.001310 0.006049 -28.186174 0.002682 0.003128 -18.771996 180.000000 180.000000 179.999985 10.000205 -0.001150 -26.248720 179.999695 -179.998871 153.751266 179.999481 -179.999420 162.518356 180.000000 180.000000 179.999985 20.000069 -0.001028 -22.781248 179.999512 -179.998535 145.828156 179.999191 -179.999374 157.241547
5.086925 89.987427 37.764366 21.346245 -2.646844 3.175475 0.816967 -32.096260 -7.601890 175.348801 150.873840 171.051361 178.067627 173.433533 -175.879288 5.141358 16.819727 1.165126 161.643326 157.042831 -177.006409 172.149597 -161.051727 -177.121689 179.897827 176.248749 -179.635178 179.897797 176.320374 -179.387680 179.451614 177.321457 -179.234238 0.000852 5.687186 1.451838 0.000953 6.635052 1.503712 156.805740 175.154266 178.925583 179.018555 177.932098 -179.782318 4.166564 8.223021 78.640793 0.108869 2.960952 -1.869681 175.705383 -173.249603 -171.980576 35.612473 45.093479 5.147763 179.999954 179.999893 -168.341003 179.999954 179.999939 -172.235107 0.000000 0.000002 0.000000 15.000276 0.000112 34.722477 0.000132 0.000202 28.409302 0.000012 0.000168 19.886505 0.000000 0.000002 0.000000 179.999969 -179.999985 -141.680008 179.999985 -179.999969 -141.680023 0.000003 -0.000027 25.521128 0.000000 0.000002 0.000000 170.000092 179.999969 -146.525818 0.000048 0.000078 33.474239 180.000000 179.999954 -157.706177 0.000000 0.000002 0.000000 160.000244 179.999893 -162.376236 0.000280 0.000250 26.435694 0.000081 0.000233 17.606173 176.833038 -178.850357 178.936386 173.909149 176.109604 99.946121 179.494171 175.896164 -177.475540 9.643471 -1.904063 -7.128311 146.129089 125.141182 164.315887 179.999725 179.999405 163.988068 179.999939 179.999557 169.336029 180.000000 180.000000 -180.000000 164.994614 179.987732 156.575150 0.000044 0.010951 -19.165770 0.002589 0.007217 -13.416046 180.000000 180.000000 -180.000000 179.997055 179.990448 151.723007 0.001996 0.009800 -28.277031 0.004291 0.005094 -18.832476 180.000000 180.000000 -180.000000 9.999578 0.001956 -26.083611 0.000495 0.001936 -26.083622 0.000864 0.001011 -17.371681 180.000000 180.000000 -180.000000 19.999733 0.002510 -22.604433 0.001084 0.003619 -33.906654 0.001955 0.001592 -22.581856
4.732234 90.011703 38.407867 20.689991 -2.410612 3.323262 3.374789 -32.834301 -8.073881 172.608215 150.168533 169.706604 178.835495 173.414597 -175.694717 5.442267 16.364552 1.110633 162.023453 156.141434 -177.170502 171.663681 -161.305634 -176.758041 179.919907 176.081131 -179.496338 179.919724 176.156296 -179.157440 179.524918 177.203384 -178.929672 0.000342 5.488722 1.225696 0.000273 6.403422 1.269467 157.626648 175.348572 178.923416 179.348755 177.464584 -179.500809 4.438625 7.191587 77.577866 179.984360 177.615891 178.222809 175.871628 -172.979019 -172.141220 35.773407 45.427006 5.400497 179.999527 179.999664 -168.349991 179.999649 179.999832 -172.241089 0.000000 -0.000000 0.000000 15.000038 0.000070 34.645786 180.000000 179.999939 -151.653442 179.999985 179.999969 -160.157425 0.000000 -0.000000 0.000000 179.999954 -179.999878 -141.722336 0.000025 -0.000135 38.277637 0.000068 -0.000056 25.492928 0.000000 -0.000000 0.000000 170.000000 -179.999985 -146.575165 0.000007 -0.000036 33.424786 0.000008 -0.000019 22.260912 0.000000 -0.000000 0.000000 160.000046 179.999954 -162.460953 0.000012 0.000081 26.308556 179.999985 179.999954 -162.478500 177.005203 -178.966537 178.701477 174.265182 176.481171 99.842796 0.327642 4.623884 3.087962 9.993752 -1.660536 -7.129321 145.125809 125.494141 163.340546 179.999893 179.999847 163.904205 179.999985 179.999878 169.280212 180.000000 180.000000 -180.000000 164.994675 179.988602 156.023941 179.999908 179.989716 160.383255 0.002396 0.006785 -13.731727 180.000000 180.000000 -180.000000 179.995926 179.988525 151.398758 0.002008 0.012005 -28.601227 0.005048 0.006339 -19.048405 180.000000 180.000000 -180.000000 9.997745 0.008341 -25.904144 0.001661 0.008487 -25.904150 0.003493 0.004571 -17.252165 180.000000 180.000000 -180.000000 19.999041 0.005397 -22.591755 0.001838 0.008011 -33.887657 0.004005 0.003738 -22.569170
4.499921 90.156021 39.184998 20.043617 -2.260681 3.328245 6.527071 -32.548595 -8.856667 170.827606 149.458496 169.997925 178.047577 174.184174 -176.063568 5.446287 16.000481 1.021038 163.000198 155.262207 -177.131363 170.883102 -162.254730 -176.676880 179.947296 175.909897 -179.347977 179.947433 175.988495 -178.911026 179.621460 177.087585 -178.599976 0.000196 5.271286 1.026519 0.000298 6.150073 1.063214 158.430344 175.550339 178.934784 179.626892 176.930328 -179.308884 5.057399 6.393599 77.025017 179.968887 178.349365 178.125900 176.081787 -172.868179 -172.511093 36.296375 46.218578 6.018088 179.999710 179.999573 -168.423981 179.999756 179.999756 -172.290359 0.000000 -0.000000 0.000000 15.000114 -0.000155 34.501064 0.000146 -0.000058 28.228159 0.000106 0.000014 19.759703 0.000000 -0.000000 0.000000 0.000187 -0.000267 38.295673 0.000307 -0.000089 38.295681 0.000198 0.000079 25.504917 0.000000 -0.000000 0.000000 170.000153 -179.999771 -146.640411 0.000258 -0.000104 33.359585 0.000180 0.000041 22.217508 0.000000 -0.000000 0.000000 160.000031 -179.999969 -162.530884 0.000039 -0.000044 26.203703 0.000044 -0.000007 17.451666 176.988174 -179.199066 178.687302 174.835114 176.907791 99.417122 1.188609 5.195983 3.770608 10.325898 -1.375908 -7.152780 143.950012 125.897217 162.248596 0.000244 -0.000152 -16.166502 0.000127 -0.000144 -10.766889 0.000000 -0.000000 0.000000 164.995316 179.990982 155.381195 179.999649 179.991684 159.857330 0.001800 0.005538 -14.099858 0.000000 -0.000000 0.000000 179.995285 179.989349 150.822250 0.001186 0.011589 -29.177759 0.004502 0.006311 -19.432360 0.000000 -0.000000 0.000000 9.995728 0.011438 -26.157534 0.001333 0.012139 -26.157545 0.004414 0.006836 -17.420925 0.000000 -0.000000 0.000000 19.998032 0.006645 -22.790037 0.001217 0.010321 -34.185032 0.004574 0.005199 -22.767260
4.323453 90.368942 40.026302 19.435867 -2.046634 3.377867 7.360254 -31.492561 -9.093330 171.519867 149.544571 171.432678 177.099899 175.170593 -176.430008 5.731605 15.310154 1.191007 163.886826 154.250549 -177.245178 169.794571 -163.415161 -176.774063 179.941650 175.711349 -179.125687 179.941208 175.794174 -178.540771 179.538437 176.943832 -178.123245 179.997528 175.016541 -179.352448 179.996841 174.186417 -179.329437 159.300766 175.851456 178.864166 0.003341 3.401559 0.412392 5.694736 5.796341 76.544044 0.345857 1.243006 -1.937614 176.127991 -172.752502 -172.963638 36.571461 46.322212 6.230703 179.999130 179.998932 -168.457184 179.999298 179.999420 -172.312500 0.000000 -0.000000 0.000000 15.000163 -0.000137 34.594543 0.000169 -0.000015 28.304613 0.000107 0.000047 19.813232 0.000000 -0.000000 0.000000 0.000152 -0.000125 38.499889 0.000199 0.000001 38.499916 0.000099 0.000081 25.640924 0.000000 -0.000000 0.000000 170.000000 180.000000 -146.411926 180.000000 -179.999985 -146.411942 180.000000 179.999985 -157.630356 0.000000 -0.000000 0.000000 160.000000 -179.999985 -162.493469 179.999985 179.999985 -153.740173 179.999985 180.000000 -162.510971 176.985779 -179.265259 178.249298 175.840088 177.421280 98.744949 2.057652 5.986075 4.634382 10.653809 -1.005389 -7.273023 142.723907 126.234589 161.218735 0.000792 0.000045 -16.171368 0.000510 -0.000113 -10.770139 180.000000 180.000000 -180.000000 164.996277 179.994019 154.727783 179.999374 179.994263 159.322723 0.001020 0.003902 -14.474083 180.000000 180.000000 -180.000000 179.995331 179.992035 150.098022 180.000000 179.990753 150.098038 0.003105 0.005308 -19.914701 180.000000 180.000000 -180.000000 9.996180 0.007070 -27.013153 179.999863 179.991959 152.986862 0.002381 0.004789 -17.990740 180.000000 180.000000 -180.000000 19.996859 0.006568 -23.160500 179.999619 179.989075 145.259232 0.003993 0.006074 -23.137335
4.185281 90.584755 40.814106 18.869164 -1.903663 3.515040 7.077322 -30.697086 -8.958726 172.724030 150.119644 172.276352 176.757187 175.589462 -176.394302 6.136934 14.614945 1.441011 164.908600 153.241699 -177.317642 168.410492 -164.871658 -177.061401 179.926620 175.501465 -178.916275 179.925873 175.587921 -178.190750 179.409485 176.786407 -177.676285 179.996704 175.299667 -179.649338 179.995667 174.517105 -179.636871 160.338531 176.121964 178.845856 0.494824 3.369042 -0.263231 6.284257 5.631307 76.440781 0.682291 0.807757 -2.207846 176.076889 -172.665634 -173.225250 37.513039 46.796776 6.767340 179.999725 179.999359 -168.697495 179.999725 179.999603 -172.472534 0.000000 0.000002 0.000000 14.999886 0.000128 34.787266 179.999863 179.999969 -151.537689 179.999908 -179.999985 -160.076401 0.000000 0.000002 0.000000 0.000107 -0.000108 38.632469 0.000147 -0.000015 38.632446 0.000086 0.000056 25.729231 0.000000 0.000002 0.000000 170.000534 -179.999466 -146.525757 0.000739 -0.000151 33.474243 0.000465 0.000197 22.293846 0.000000 0.000002 0.000000 160.000443 -179.999542 -162.594360 0.000854 -0.000443 26.108450 0.000644 -0.000016 17.388233 176.849594 -179.375336 177.596222 176.235275 177.713486 98.086411 2.666642 5.691570 5.365237 10.978267 -0.276009 -7.370705 141.376114 126.449425 160.208954 0.001418 0.000776 -16.086538 0.001041 0.000233 -10.713640 0.000000 0.000000 -0.000003 164.997345 179.996750 154.155914 179.999222 179.996658 158.854843 0.000338 0.002381 -14.801594 0.000000 0.000000 -0.000003 179.996552 179.995880 149.323502 179.999176 179.994690 149.323502 0.001335 0.003329 -20.430559 0.000000 0.000000 -0.000003 9.997686 0.002818 -27.752628 179.999283 179.996429 152.247391 0.000684 0.002329 -18.483236 0.000000 0.000000 -0.000003 19.992790 0.009301 -23.430712 179.995926 179.982849 144.853912 0.004518 0.010841 -23.407297
4.031536 90.784660 41.542988 18.456205 -1.700135 3.715495 6.140963 -30.544371 -8.632756 174.586853 149.875610 173.430573 176.226257 176.369034 -176.691818 6.781271 13.840461 1.775883 165.892670 152.237259 -177.251648 166.780792 -166.622055 -177.527588 179.896851 175.327789 -178.719543 179.896103 175.416458 -177.860718 179.212387 176.647812 -177.260757 179.997330 175.558502 -179.962646 179.996399 174.819016 -179.961258 161.127502 176.379852 178.787628 0.864174 3.266752 -0.873225 6.742086 5.488216 76.227226 1.203442 0.721782 -2.266841 176.135559 -172.649292 -173.614151 37.900257 46.809132 6.801198 179.999893 179.999603 -168.854691 179.999878 179.999756 -172.577240 180.000000 -180.000000 -179.999985 15.000432 -0.000561 34.619514 0.000546 -0.000175 28.325039 0.000389 0.000075 19.827526 180.000000 -180.000000 -179.999985 179.999985 179.999985 -141.305328 179.999985 179.999985 -141.305359 179.999985 -179.999985 -154.229370 180.000000 -180.000000 -179.999985 170.000168 -179.999832 -146.259201 0.000237 -0.000052 33.740765 0.000165 0.000058 22.471375 180.000000 -180.000000 -179.999985 159.999664 179.999619 -162.275909 179.999344 179.999619 -153.413879 179.999496 179.999985 -162.293655 176.632370 -179.459229 176.741745 176.114197 177.850494 97.693451 3.151284 5.068225 6.022406 11.176398 0.421830 -7.840125 139.735214 126.583771 159.008881 0.002346 0.001851 -15.939491 0.001830 0.000758 -10.615708 0.000000 -0.000000 0.000000 164.998215 179.998444 153.737793 179.999268 179.998199 158.512711 179.999985 179.998642 164.958923 0.000000 -0.000000 0.000000 179.998398 179.998703 148.739731 179.999298 179.998047 148.739731 0.000277 0.001346 -20.819338 0.000000 -0.000000 0.000000 9.999706 0.000233 -28.204178 179.999847 179.999664 151.795807 0.000022 0.000243 -18.784004 0.000000 -0.000000 0.000000 19.998377 0.001304 -24.874353 179.998642 179.997223 142.688477 0.000403 0.002037 -24.849480
3.843473 90.968964 42.251431 18.236395 -1.532787 3.960361 4.834033 -30.699781 -8.303770 176.923447 149.066788 174.929657 175.465576 177.427185 -177.191605 7.494133 13.052273 2.218680 166.286697 151.372192 -177.372498 165.505005 -169.013229 -178.234161 179.847809 175.153931 -178.539856 179.847214 175.244492 -177.557770 178.928177 176.502258 -176.887497 179.998489 175.771698 179.791580 179.997894 175.067444 179.784210 161.788467 176.587021 178.742752 1.077896 3.113129 -1.339177 7.419309 5.485898 76.041328 1.854564 0.594087 -2.282711 176.221680 -172.618469 -174.095718 38.140297 46.668545 6.764659 179.999954 179.999695 -168.951340 179.999939 179.999802 -172.641602 0.000002 -0.000000 0.000000 15.000036 -0.000067 34.885151 0.000048 -0.000025 28.542383 0.000041 -0.000001 19.979673 0.000002 -0.000000 0.000000 179.999863 179.999802 -141.280502 179.999771 179.999908 -141.280502 179.999847 -179.999954 -154.212830 0.000002 -0.000000 0.000000 170.000107 -179.999863 -146.187820 0.000153 -0.000061 33.812222 0.000098 0.000021 22.518919 0.000002 -0.000000 0.000000 160.001053 -179.998642 -162.658386 0.002112 -0.001480 26.012402 0.001694 -0.000262 17.324276 176.433365 -179.444046 175.825897 175.213333 177.737747 97.666924 3.345940 3.898531 6.323256 11.319598 1.203955 -8.602222 137.925522 126.609467 157.860840 0.002801 0.002645 -15.657258 0.002267 0.001203 -10.427722 0.000000 -0.000000 0.000000 164.999054 179.999451 153.438354 179.999512 179.999252 158.267761 179.999878 179.999374 164.787445 0.000000 -0.000000 0.000000 179.998611 179.999268 148.521286 179.999207 179.998657 148.521317 0.000013 0.001050 -20.964802 0.000000 -0.000000 0.000000 10.001205 -0.000607 -28.325289 0.000781 -0.001113 -28.325281 0.000103 -0.000893 -18.864635 0.000000 -0.000000 0.000000 19.999899 0.000051 -25.167740 179.999893 179.999847 142.248383 0.000001 0.000119 -25.142582
3.579287 91.187874 42.892609 18.173662 -1.349016 4.228390 3.298046 -31.035679 -7.787059 178.541000 148.840561 175.290176 175.414047 177.814789 -177.184372 8.367002 12.153088 2.769955 166.096191 150.399887 -177.621185 164.586731 -171.097702 -178.940247 179.780731 174.979630 -178.368454 179.780548 175.071762 -177.267487 178.561493 176.349228 -176.537643 179.999313 175.952988 179.595688 179.999130 175.278534 179.581268 162.359634 176.758301 178.708191 1.222602 2.916160 -1.742331 8.077643 5.315389 75.612610 2.411883 0.550324 -2.270897 176.330811 -172.542023 -174.283966 38.336876 46.596210 6.737041 179.999985 179.999863 -169.037903 179.999985 179.999908 -172.699249 0.000000 -0.000000 0.000000 15.000019 -0.000054 34.906578 0.000040 -0.000029 28.559921 0.000034 -0.000003 19.991953 0.000000 -0.000000 0.000000 179.999893 179.999786 -141.348846 179.999786 179.999908 -141.348846 179.999847 -179.999954 -154.258331 0.000000 -0.000000 0.000000 170.000046 -179.999939 -146.134949 0.000074 -0.000028 33.865055 0.000050 0.000006 22.554136 0.000000 -0.000000 0.000000 160.000275 -179.999619 -162.075653 0.000546 -0.000404 26.886530 0.000440 -0.000080 17.906429 176.361923 -179.273178 174.922592 173.586197 177.354965 98.005882 3.279126 2.413460 6.264310 11.329889 1.972641 -9.708321 136.061066 126.636513 156.929291 0.002142 0.001990 -15.227263 0.001730 0.000909 -10.141340 0.000000 -0.000000 0.000000 164.998901 179.999573 153.313721 179.999359 179.999283 158.165771 179.999771 179.999359 164.716034 0.000000 -0.000000 0.000000 0.000856 -0.000300 -31.782801 0.000580 -0.000703 -31.782820 0.000082 -0.000600 -21.167360 0.000000 -0.000000 0.000000 10.001051 -0.000342 -28.168295 0.000768 -0.000804 -28.168264 0.000199 -0.000715 -18.760069 0.000000 -0.000000 0.000000 20.001120 -0.000369 -25.246508 0.001271 -0.001200 -37.869778 0.000183 -0.001156 -25.221241
3.237044 91.442673 43.553749 18.232000 -1.062336 4.515072 3.154868 -31.216076 -7.452179 178.496933 148.727234 174.936310 175.350433 178.211243 -177.181320 8.968857 11.276708 3.071146 165.842834 149.459808 -177.737213 164.022232 -173.305466 -179.751724 179.727829 174.905945 -178.281128 179.727753 174.998138 -177.118484 178.286987 176.270782 -176.366577 179.999191 176.055466 179.585846 179.999054 175.398010 179.571075 162.704941 176.835907 178.748093 1.176945 2.894632 -1.755760 8.687821 4.966588 74.968964 2.716701 0.468602 -2.142029 176.610672 -172.529144 -174.264175 38.445511 46.493744 6.693004 179.999985 -179.999985 -169.087250 0.000008 -0.000016 7.267896 0.000000 -0.000000 0.000000 15.000002 0.000022 34.936268 179.999985 179.999985 -151.415817 179.999985 180.000000 -159.991058 0.000000 -0.000000 0.000000 179.999649 179.999268 -141.362717 179.999268 179.999649 -141.362747 179.999466 -179.999878 -154.267578 0.000000 -0.000000 0.000000 169.999985 179.999969 -146.100403 179.999969 179.999985 -146.100403 179.999985 180.000000 -157.422867 0.000000 -0.000000 0.000000 160.000076 -179.999878 -161.913116 0.000165 -0.000131 27.130306 0.000144 -0.000026 18.068792 176.246796 -179.193451 174.464325 171.390717 176.691147 98.611855 2.973518 0.849552 5.960466 11.175068 2.596651 -11.132707 134.668152 126.714272 156.500305 0.001059 0.000637 -14.773916 0.000778 0.000237 -9.839442 0.000000 0.000000 -0.000003 164.998550 179.999634 153.166275 179.999069 179.999191 158.045120 179.999619 179.999222 164.631592 0.000000 0.000000 -0.000003 0.000310 -0.000068 -31.631098 0.000232 -0.000229 -31.631084 0.000052 -0.000209 -21.066309 0.000000 0.000000 -0.000003 10.001326 -0.000289 -28.045624 0.001037 -0.000874 -28.045597 0.000337 -0.000841 -18.678379 0.000000 0.000000 -0.000003 20.001787 -0.000385 -25.140913 0.002194 -0.001658 -37.711369 0.000483 -0.001754 -25.115776
2.880746 91.770866 44.280014 18.353994 -0.687015 4.840235 2.971270 -30.839972 -7.012133 178.327713 149.206787 174.497879 175.260483 178.663406 -177.232544 9.322669 10.285466 3.198785 165.456192 148.420837 -177.928497 163.825928 -175.593750 179.339996 179.675018 174.870697 -178.220108 179.675110 174.962250 -177.013443 178.021866 176.218826 -176.252411 179.998978 176.146423 179.624481 179.998840 175.504089 179.611099 162.941208 176.897842 178.806595 1.121062 2.911611 -1.720986 9.267113 4.551433 74.293365 3.127314 0.412522 -1.861232 176.963974 -172.553253 -174.202728 38.214455 46.308289 6.458350 180.000000 179.999893 -169.064331 179.999985 179.999939 -172.716843 0.000000 -0.000000 0.000000 14.999913 0.000596 35.013546 179.999680 179.999634 -151.352554 179.999680 179.999893 -159.946793 0.000000 -0.000000 0.000000 0.000108 -0.000299 38.239838 0.000267 -0.000168 38.239799 0.000209 0.000019 25.467731 0.000000 -0.000000 0.000000 170.000000 179.999969 -146.112030 179.999969 179.999985 -146.112015 179.999985 -180.000000 -157.430618 0.000000 -0.000000 0.000000 159.999969 179.999954 -161.848206 179.999939 179.999939 -152.772308 179.999954 179.999985 -161.866364 176.257217 -179.053207 174.167145 169.619171 176.061615 99.278648 2.653965 0.306192 5.778102 10.853236 2.836491 -12.812540 134.093765 126.928207 156.552750 0.001163 -0.001413 -14.502187 0.000521 -0.001099 -9.658462 0.000000 -0.000000 0.000000 164.998840 179.999817 152.862701 179.999222 179.999420 157.796753 179.999649 179.999420 164.457733 0.000000 -0.000000 0.000000 0.000222 -0.000033 -31.570593 0.000168 -0.000144 -31.570599 0.000048 -0.000144 -21.026012 0.000000 -0.000000 0.000000 10.000994 -0.000142 -27.807016 0.000806 -0.000578 -27.807011 0.000298 -0.000598 -18.519459 0.000000 -0.000000 0.000000 20.001404 -0.000211 -24.827435 0.001778 -0.001149 -37.241158 0.000491 -0.001333 -24.802612
2.549723 92.144249 44.992176 18.518623 -0.253029 5.251487 2.565594 -30.174877 -6.624867 178.260040 150.324753 173.821121 175.310928 178.837082 -177.029495 9.307313 9.186980 3.078291 165.165314 147.239014 -178.177963 163.909668 -177.880508 178.283386 179.621979 174.863358 -178.189819 179.622314 174.953812 -176.959625 177.765640 176.187027 -176.204681 179.998901 176.237671 179.693985 179.998764 175.610519 179.683075 163.084732 176.956497 178.877792 1.092517 2.946946 -1.677417 9.780314 4.127572 73.612808 3.450400 0.239199 -1.632731 177.257385 -172.535110 -173.990295 37.937416 46.328861 6.198405 179.999969 179.999466 -169.076111 179.999908 179.999649 -172.724701 0.000000 -0.000000 0.000003 15.000030 -0.000268 34.551132 0.000142 -0.000169 28.269091 0.000144 -0.000056 19.788372 0.000000 -0.000000 0.000003 179.999985 179.999908 -141.533813 179.999924 179.999954 -141.533813 179.999939 -179.999985 -154.381516 0.000000 -0.000000 0.000003 169.999985 179.999939 -146.127182 179.999954 179.999969 -146.127167 179.999954 -179.999985 -157.440704 0.000000 -0.000000 0.000003 159.999939 179.999878 -161.865265 179.999847 179.999847 -152.797882 179.999863 179.999969 -161.883408 176.344055 -178.909317 173.980042 168.266327 175.518631 99.873299 2.214588 0.456682 5.736059 10.530188 2.718775 -14.395972 136.418701 126.357819 159.662018 0.000060 -0.001243 -13.977316 179.999847 -179.999176 170.691116 0.000003 -0.000000 0.000000 164.999527 179.999969 152.459351 179.999680 179.999802 157.466766 179.999847 179.999771 164.226715 0.000003 -0.000000 0.000000 0.000221 -0.000016 -31.516808 0.000179 -0.000127 -31.516794 0.000057 -0.000135 -20.990185 0.000003 -0.000000 0.000000 10.000457 -0.000036 -27.517496 0.000394 -0.000245 -27.517506 0.000159 -0.000265 -18.326670 0.000003 -0.000000 0.000000 20.000586 -0.000042 -24.410379 0.000791 -0.000433 -36.615570 0.000254 -0.000543 -24.385975
2.240926 92.538162 45.637901 18.730934 0.205861 5.783155 2.243401 -29.693968 -6.418206 178.174133 151.321686 173.131058 175.376740 178.957962 -176.816132 8.892217 8.002685 2.674539 165.105743 145.899567 -178.449142 164.209869 179.934921 177.019531 179.565796 174.877045 -178.190460 179.566330 174.966049 -176.957321 177.504074 176.170471 -176.224823 179.998917 176.329681 179.775238 179.998795 175.717880 179.767242 163.140671 177.015625 178.951248 1.109900 2.988926 -1.662668 10.165008 3.728991 72.957237 3.834803 0.040515 -1.383177 177.474426 -172.538162 -173.757874 38.353748 46.458538 6.015200 179.999985 179.999939 -169.379379 179.999985 179.999969 -172.926682 0.000002 -0.000000 0.000000 14.999990 0.000085 34.837734 179.999969 179.999954 -151.496384 179.999969 179.999985 -160.047485 0.000002 -0.000000 0.000000 179.999985 179.999908 -141.614670 179.999939 179.999954 -141.614670 179.999954 -179.999985 -154.435379 0.000002 -0.000000 0.000000 169.999985 179.999939 -146.180176 179.999954 179.999969 -146.180161 179.999969 180.000000 -157.475983 0.000002 -0.000000 0.000000 159.999939 179.999878 -161.965042 179.999847 179.999863 -152.947586 179.999878 179.999969 -161.983093 176.444870 -178.820923 173.826874 167.403275 175.148117 100.392365 1.818038 1.310959 5.944567 10.174172 2.077238 -15.817460 139.309052 126.575676 163.571289 179.999985 -179.999298 166.558655 179.999878 -179.999542 171.048065 0.000000 -0.000000 0.000000 164.999878 -179.999969 152.163773 179.999924 179.999985 157.224915 179.999954 179.999969 164.057449 0.000000 -0.000000 0.000000 180.000000 -179.999985 148.633972 179.999985 180.000000 148.633972 179.999985 179.999985 159.110229 0.000000 -0.000000 0.000000 9.999994 -0.000003 -27.202698 179.999985 -179.999985 152.797318 180.000000 -180.000000 161.883026 0.000000 -0.000000 0.000000 20.000006 0.000004 -24.000061 0.000006 0.000016 -36.000084 0.000013 -0.000004 -23.976042
1.980866 92.903107 46.214630 18.996845 0.644562 6.438511 2.351200 -29.359890 -6.670414 177.884949 152.124725 172.590652 175.389267 179.036377 -176.609940 8.055815 6.747405 2.005413 165.422562 144.371002 -178.710266 164.671677 177.984268 175.559143 179.507019 174.897278 -178.217346 179.507706 174.984848 -176.998703 177.237091 176.160187 -176.302612 179.998993 176.419922 179.850449 179.998886 175.823181 179.845154 163.108749 177.076202 179.016083 1.157227 3.020573 -1.696870 10.268106 3.341473 72.376686 4.301947 -0.023863 -1.142908 177.598953 -172.564133 -173.577408 37.932533 46.585056 5.421731 180.000000 179.999969 -169.515854 180.000000 179.999985 -173.017563 0.000002 -0.000000 0.000000 14.999995 0.000041 34.706337 179.999985 179.999985 -151.603912 179.999985 179.999985 -160.122726 0.000002 -0.000000 0.000000 180.000000 179.999969 -141.745728 179.999985 179.999985 -141.745728 179.999985 180.000000 -154.522644 0.000002 -0.000000 0.000000 170.000000 179.999969 -146.279709 179.999985 179.999985 -146.279709 179.999985 179.999985 -157.542282 0.000002 -0.000000 0.000000 159.999985 179.999939 -162.144592 179.999954 179.999939 -153.216919 179.999954 179.999985 -162.162476 176.501785 -178.796997 173.651077 166.921036 174.932251 100.874916 1.454758 2.520385 6.312150 9.832891 0.718283 -16.522684 141.491302 126.834549 166.522705 179.999985 -179.999771 166.967743 179.999969 -179.999847 171.320526 0.000000 -0.000000 0.000000 165.000000 179.999985 151.925491 180.000000 179.999985 157.029968 0.000004 -0.000003 -16.079020 0.000000 -0.000000 0.000000 0.000016 -0.000020 -31.400822 0.000010 -0.000029 -31.400835 180.000000 -179.999985 159.087051 0.000000 -0.000000 0.000000 10.000046 -0.000028 -27.235199 0.000029 -0.000049 -27.235201 0.000002 -0.000034 -18.138647 0.000000 -0.000000 0.000000 20.000004 -0.000001 -23.925407 180.000000 179.999985 144.111877 0.000001 -0.000003 -23.901482
1.736361 93.263252 46.741467 19.289297 1.076935 7.194396 3.028673 -29.094328 -7.427229 177.237946 152.676910 172.326828 175.356262 179.233459 -176.504349 7.116237 5.453320 1.150869 165.710724 142.771362 -178.958359 165.264465 176.139359 173.899521 179.442825 174.919144 -178.260513 179.443420 175.004974 -177.067047 176.949066 176.151749 -176.416321 179.999725 176.538635 179.900620 179.999664 175.961731 179.897110 163.003067 177.166809 179.070648 1.284240 3.115292 -1.731484 10.250583 2.885470 71.762711 4.794717 -0.072872 -0.899614 177.662735 -172.607834 -173.394165 37.482170 46.730862 4.744557 179.999832 179.999420 -169.685501 179.999817 179.999634 -173.130569 0.000000 -0.000000 0.000000 14.999991 0.000260 34.449150 179.999878 179.999832 -151.814316 179.999863 179.999939 -160.270020 0.000000 -0.000000 0.000000 0.000017 -0.000228 38.066608 0.000154 -0.000167 38.066551 0.000143 -0.000027 25.352348 0.000000 -0.000000 0.000000 170.000000 -179.999969 -146.467194 0.000021 -0.000012 33.532776 0.000021 -0.000006 22.332832 0.000000 -0.000000 0.000000 159.999969 179.999695 -162.424393 179.999817 179.999588 -153.636612 179.999756 179.999817 -162.441986 176.515427 -178.808472 173.420761 166.679398 174.808685 101.346863 1.162379 4.189020 6.876790 9.594054 -1.100594 -17.132986 143.516891 127.049042 169.349030 179.999725 -179.999176 167.415146 179.999725 -179.999496 171.618484 0.000000 -0.000000 0.000000 164.997406 179.997345 151.944839 179.999161 179.997101 157.045822 0.000243 0.002105 -16.067951 0.000000 -0.000000 0.000000 0.003768 -0.002302 -31.481775 0.001998 -0.003936 -31.481735 179.999756 -179.997086 159.033142 0.000000 -0.000000 0.000000 10.007847 -0.003868 -27.343142 0.005146 -0.007082 -27.343109 0.000846 -0.005765 -18.210514 0.000000 -0.000000 0.000000 20.004059 -0.001702 -23.848185 0.004493 -0.004805 -35.772182 0.000549 -0.004359 -23.824282
1.592002 93.607773 47.196243 19.666807 1.398262 8.008065 4.159390 -28.794128 -8.667560 176.365158 153.043182 172.348801 175.208572 179.392487 -176.463623 5.521777 4.011476 0.151699 167.119049 140.742371 -179.040817 166.048340 175.246811 172.171570 179.383560 174.924484 -178.319443 179.384232 175.009399 -177.161713 176.686310 176.137253 -176.563980 179.999802 176.585922 179.960846 179.999771 176.016891 179.959473 162.866959 177.197067 179.111145 1.237147 2.983155 -1.898355 10.049680 2.667571 71.370720 5.405176 0.053528 -0.609804 177.638641 -172.604370 -173.495041 37.224377 46.855724 4.229545 179.999893 179.999603 -169.854889 179.999878 179.999756 -173.243362 0.000000 -0.000002 -0.000003 14.999993 -0.000160 34.361717 0.000070 -0.000106 28.114130 0.000086 -0.000044 19.679903 0.000000 -0.000002 -0.000003 180.000000 -179.999252 -141.974930 0.000461 -0.000591 38.025051 0.000486 -0.000118 25.324717 0.000000 -0.000002 -0.000003 170.000000 -179.999405 -146.538849 0.000338 -0.000501 33.461163 0.000367 -0.000151 22.285128 0.000000 -0.000002 -0.000003 160.000000 -179.999893 -162.515503 0.000048 -0.000141 26.226742 0.000072 -0.000073 17.467024 176.312881 -178.844269 173.155823 166.479874 174.721710 101.916206 0.760177 4.768703 7.103090 9.327806 -2.940679 -16.520813 143.483627 127.170853 169.772827 0.000788 0.001164 -12.375745 0.000682 0.000652 -8.242253 0.000000 -0.000000 0.000000 164.998734 179.998779 152.340973 179.999557 179.998642 157.369873 0.000073 0.001001 -15.841064 0.000000 -0.000000 0.000000 0.006353 -0.003976 -31.605350 0.003284 -0.006726 -31.605354 179.999496 -179.995026 158.950836 0.000000 -0.000000 0.000000 10.011137 -0.005811 -27.613947 0.007081 -0.010368 -27.613920 0.000926 -0.008316 -18.390869 0.000000 -0.000000 0.000000 20.008104 -0.003696 -23.883469 0.008808 -0.010049 -35.825214 0.000783 -0.008861 -23.859612
1.513313 93.955734 47.656750 20.079105 1.657745 8.794221 4.929650 -28.148998 -9.917860 175.638443 153.736984 172.507309 175.216675 179.498230 -176.408310 3.649613 2.484571 -0.752230 169.259567 138.561203 -178.950287 166.674408 174.649765 170.592255 179.331741 174.920410 -178.378540 179.332443 175.004852 -177.257080 176.457504 176.121185 -176.709854 179.999908 176.614868 -179.990036 179.999893 176.050674 -179.989685 162.712830 177.214523 179.139847 1.264643 2.978148 -2.062593 9.560965 2.325720 71.074318 6.110471 0.278592 -0.307298 177.465668 -172.600967 -173.767242 37.264858 46.994991 3.945286 180.000000 -179.999954 -170.042908 0.000006 -0.000045 6.631429 0.000000 -0.000000 0.000000 14.999990 -0.000234 34.378338 0.000107 -0.000164 28.127752 0.000117 -0.000066 19.689434 0.000000 -0.000000 0.000000 179.999985 -179.999374 -141.836624 0.000364 -0.000509 38.163376 0.000399 -0.000118 25.416800 0.000000 -0.000000 0.000000 169.999954 -179.999207 -146.463852 0.000405 -0.000693 33.536125 0.000479 -0.000237 22.335068 0.000000 -0.000000 0.000000 160.000000 -179.999985 -162.489975 0.000000 -0.000014 26.265053 0.000020 -0.000006 17.492531 176.240372 -179.008636 173.056000 166.005081 174.754166 102.392380 0.252303 4.593355 7.099010 8.953090 -4.659589 -15.121434 142.507935 127.333603 168.746811 0.001458 0.001102 -12.468412 0.001103 0.000506 -8.303970 0.000003 -0.000000 0.000003 164.999680 179.999710 152.508041 179.999878 179.999664 157.506577 0.000010 0.000250 -15.745378 0.000003 -0.000000 0.000003 0.004871 -0.003212 -31.980841 0.002413 -0.005316 -31.980862 179.999466 -179.996155 158.700760 0.000003 -0.000000 0.000003 10.008090 -0.004612 -28.166521 0.004903 -0.007924 -28.166494 0.000363 -0.006198 -18.758896 0.000003 -0.000000 0.000003 20.006376 -0.003290 -24.211426 0.006676 -0.008453 -36.317158 0.000202 -0.007162 -24.187231
1.466683 94.286850 48.121689 20.518398 1.848688 9.509375 5.228440 -27.429464 -11.011168 175.680191 154.330597 173.132523 174.853638 179.704544 -176.530182 1.585309 0.898322 -1.429152 171.989975 136.275696 -178.741211 167.164383 174.369995 169.240753 179.286819 174.906616 -178.431122 179.287521 174.990860 -177.341858 176.258621 176.101501 -176.839630 179.999924 176.625671 -179.942276 179.999924 176.063293 -179.940247 162.554153 177.217102 179.162933 1.281905 2.975434 -2.242838 9.208334 2.068609 70.865913 6.575901 0.300039 -0.129540 177.726959 -172.525635 -174.045563 37.042984 46.915550 3.705222 0.000045 -0.000198 9.950129 0.000047 -0.000105 6.626778 0.000000 -0.000001 0.000000 14.999982 -0.000715 34.353958 0.000320 -0.000492 28.107780 0.000354 -0.000195 19.675455 0.000000 -0.000001 0.000000 179.999985 -179.999405 -141.757080 0.000343 -0.000480 38.242935 0.000382 -0.000106 25.469810 0.000000 -0.000001 0.000000 169.999969 -179.999329 -146.351059 0.000348 -0.000585 33.648930 0.000411 -0.000193 22.410196 0.000000 -0.000001 0.000000 160.000000 -179.999802 -162.509644 0.000077 -0.000288 26.235546 0.000125 -0.000151 17.472858 176.238968 -179.135696 173.038773 165.476273 174.738129 102.799942 179.631332 176.176407 -173.077652 8.502145 -5.654827 -13.884891 142.169785 127.663063 168.403000 0.002950 0.001181 -12.540872 0.002088 0.000337 -8.352221 0.000000 -0.000000 0.000000 165.002335 -179.998077 152.691238 0.000970 -0.002278 -22.343534 0.000020 -0.001736 -15.640476 0.000000 -0.000000 0.000000 0.013496 -0.008677 -31.869270 0.006716 -0.014567 -31.869287 179.998581 -179.989410 158.775040 0.000000 -0.000000 0.000000 10.008824 -0.005056 -28.526827 0.005291 -0.008691 -28.526859 0.000292 -0.006765 -18.998863 0.000000 -0.000000 0.000000 20.008432 -0.004481 -24.405544 0.008643 -0.011403 -36.608334 0.000022 -0.009530 -24.381140
1.429893 94.593414 48.567539 20.970167 1.988815 10.132800 5.097447 -26.831921 -11.865894 176.024979 154.964325 173.630569 174.538162 179.741776 -176.524750 179.501450 -179.305832 178.193497 175.055283 133.922668 -178.488007 167.504272 174.351791 168.198654 179.250549 174.887680 -178.472351 179.251236 174.971878 -177.408188 176.097061 176.080780 -176.942139 179.999878 176.623642 -179.891129 179.999878 176.060913 -179.887268 162.393814 177.208282 179.184509 1.299583 2.976161 -2.419364 8.792139 1.904937 70.700356 7.246176 0.314452 0.138081 177.879013 -172.433563 -174.428696 37.016388 46.966595 3.770235 0.000056 -0.000238 9.984309 0.000073 -0.000160 6.649565 0.000000 -0.000000 0.000000 14.999997 -0.000106 34.521908 0.000050 -0.000073 28.245205 0.000056 -0.000028 19.771646 0.000000 -0.000000 0.000000 180.000000 -179.999359 -141.681549 0.000387 -0.000498 38.318466 0.000408 -0.000099 25.520098 0.000000 -0.000000 0.000000 170.000000 -179.998856 -146.314468 0.000625 -0.000954 33.685543 0.000700 -0.000297 22.434580 0.000000 -0.000000 0.000000 160.000015 -179.999634 -162.503723 0.000151 -0.000526 26.244450 0.000246 -0.000266 17.478802 176.327011 -179.232391 173.109512 164.990433 174.710159 103.123627 178.945633 177.224030 -173.342987 7.973976 -6.357896 -12.653465 141.922180 128.209137 167.934021 0.003326 0.000757 -12.758370 0.002270 -0.000011 -8.497083 0.000000 -0.000000 0.000000 165.003632 -179.997482 152.571960 0.001663 -0.003200 -22.441153 0.000214 -0.002513 -15.708798 0.000000 -0.000000 0.000000 179.998505 179.999130 146.688339 179.999222 179.998444 146.688339 0.000130 0.001153 -22.185570 0.000000 -0.000000 0.000000 10.008402 -0.004557 -28.991425 0.005088 -0.008103 -28.991394 0.000310 -0.006356 -19.308279 0.000000 -0.000000 0.000000 20.008461 -0.004410 -24.790649 0.008661 -0.011394 -37.186001 179.999939 -179.990463 155.234116
1.378705 94.864967 48.993786 21.425507 2.078851 10.658339 4.629349 -26.397240 -12.443393 176.618851 155.486221 174.042465 174.216415 179.746964 -176.507294 177.354431 -177.726898 178.140320 178.302307 131.506714 -178.232605 167.738678 174.370834 167.455978 179.225327 174.858383 -178.499802 179.225967 174.942856 -177.452133 175.983002 176.055206 -177.011566 179.999878 176.605972 -179.818085 179.999878 176.040314 -179.811584 162.228699 177.182388 179.214493 1.281322 2.924865 -2.579391 8.603127 1.900096 70.585938 7.890159 0.077206 0.351425 178.062149 -172.347504 -174.784195 37.025375 47.024658 3.902878 0.000069 -0.000273 10.035410 0.000085 -0.000162 6.683583 0.000000 -0.000000 0.000000 15.000010 0.000031 34.555756 179.999985 179.999985 -151.727127 179.999985 179.999985 -160.209015 0.000000 -0.000000 0.000000 0.000002 -0.000046 38.489532 0.000030 -0.000034 38.489536 0.000031 -0.000008 25.634022 0.000000 -0.000000 0.000000 170.000031 -179.999512 -146.057724 0.000299 -0.000388 33.942303 0.000310 -0.000105 22.605564 0.000000 -0.000000 0.000000 160.000015 179.999817 -162.377594 179.999908 179.999741 -153.566360 179.999863 179.999878 -162.395218 176.483154 -179.294098 173.263748 164.624985 174.704071 103.368271 178.253769 178.224854 -173.601593 7.429757 -6.983141 -11.668513 141.690872 128.749329 167.446426 0.003566 0.000502 -12.994348 0.002391 -0.000208 -8.654233 180.000000 -179.999985 -179.999985 165.003189 -179.998199 152.278427 0.001612 -0.002515 -22.681305 0.000357 -0.002059 -15.876909 180.000000 -179.999985 -179.999985 0.005339 -0.002689 -32.928013 0.002997 -0.005172 -32.928009 179.999786 -179.996017 158.069962 180.000000 -179.999985 -179.999985 10.006661 -0.003237 -29.523191 0.004180 -0.006124 -29.523186 0.000385 -0.004917 -19.662449 180.000000 -179.999985 -179.999985 20.007364 -0.003559 -25.270111 0.007649 -0.009603 -37.905205 0.000024 -0.008177 -25.244862
1.298836 95.100487 49.396507 21.877287 2.128500 11.098708 3.917107 -26.113319 -12.777898 177.238449 155.864929 174.337219 174.020828 179.788483 -176.487000 175.346207 -176.200165 178.389633 1.399820 50.940010 1.984718 167.968491 174.714722 167.004044 179.211533 174.818771 -178.514893 179.212143 174.903824 -177.476028 175.918747 176.024734 -177.050735 179.999847 176.628174 -179.774323 179.999847 176.066223 -179.766266 161.998093 177.195450 179.234558 1.388912 3.032305 -2.650121 8.119403 1.661520 70.436913 8.435239 -0.009507 0.521489 178.264404 -172.283264 -175.081589 36.985359 47.087025 4.060065 0.000065 -0.000232 10.119666 0.000082 -0.000152 6.739704 0.000000 -0.000000 0.000000 15.000113 -0.001013 34.396881 0.000539 -0.000632 28.142900 0.000543 -0.000214 19.700020 0.000000 -0.000000 0.000000 180.000000 179.999954 -141.488205 179.999969 179.999969 -141.488220 179.999969 179.999985 -154.351151 0.000000 -0.000000 0.000000 169.999985 179.999847 -145.878860 179.999908 179.999893 -145.878876 179.999908 179.999985 -157.275345 0.000000 -0.000000 0.000000 159.999969 179.999771 -162.402374 179.999847 179.999695 -153.603546 179.999832 179.999847 -162.419968 176.731247 -179.368134 173.522812 164.353165 174.792664 103.528839 177.613174 178.961823 -173.798141 6.937348 -7.718604 -11.107588 141.629242 129.277695 167.037460 0.002972 0.000354 -13.268750 0.001977 -0.000227 -8.836980 0.000000 0.000000 -0.000003 165.003265 -179.998550 152.048676 0.001791 -0.002311 -22.869284 0.000521 -0.001978 -16.008471 0.000000 0.000000 -0.000003 0.003595 -0.001506 -33.343021 0.002169 -0.003238 -33.343021 0.000013 -0.002592 -22.206463 0.000000 0.000000 -0.000003 10.004271 -0.001769 -30.027437 0.002793 -0.003678 -30.027428 0.000378 -0.003065 -19.998259 0.000000 0.000000 -0.000003 20.004782 -0.002024 -25.818197 0.005093 -0.005891 -38.727291 0.000160 -0.005180 -25.792366
1.189487 95.308357 49.784897 22.313879 2.145814 11.482598 3.344225 -25.864508 -12.964816 177.665314 156.144394 174.485062 173.816559 179.857056 -176.461060 173.526810 -174.711060 178.872742 4.304432 53.460655 2.193292 168.233902 175.376358 166.864014 179.208771 174.768463 -178.521027 179.209366 174.854446 -177.485580 175.903030 175.989334 -177.067169 179.999832 176.659515 -179.728821 179.999832 176.102798 -179.719116 161.747452 177.215805 179.257324 1.414700 3.020671 -2.713876 7.985375 1.736420 70.231964 8.975146 -0.385670 0.655691 178.550079 -172.184921 -175.272079 36.798428 47.137535 4.182954 0.000036 -0.000072 10.253855 0.000029 -0.000053 6.829060 0.000000 0.000002 0.000003 15.000021 -0.000075 34.777706 0.000039 -0.000034 28.454481 0.000040 -0.000008 19.918133 0.000000 0.000002 0.000003 0.000140 -0.000439 38.390976 0.000376 -0.000259 38.390961 0.000303 0.000023 25.568392 0.000000 0.000002 0.000003 170.000137 -179.999664 -146.012405 0.000283 -0.000219 33.987568 0.000239 -0.000016 22.635733 0.000000 0.000002 0.000003 160.000168 -179.999573 -162.588501 0.000408 -0.000536 26.117277 0.000404 -0.000203 17.394073 176.913376 -179.361481 173.768097 164.332062 174.877228 103.709145 177.043564 179.358887 -173.941925 6.551085 -8.606945 -10.983899 141.695526 129.554871 166.654846 0.002224 0.000238 -13.542562 0.001473 -0.000199 -9.019341 0.000000 -0.000000 0.000000 165.001190 -179.999588 151.701141 0.000704 -0.000759 -23.153627 0.000245 -0.000685 -16.207535 0.000000 -0.000000 0.000000 0.001719 -0.000568 -33.681854 0.001118 -0.001432 -33.681828 0.000090 -0.001206 -22.432098 0.000000 -0.000000 0.000000 10.002135 -0.000716 -30.421358 0.001475 -0.001708 -30.421358 0.000269 -0.001475 -20.260622 0.000000 -0.000000 0.000000 20.002260 -0.000793 -26.275179 0.002493 -0.002571 -39.412758 0.000191 -0.002382 -26.248875
1.067529 95.499168 50.161888 22.700146 2.140545 11.805679 2.759545 -25.590776 -13.035888 177.708023 156.492004 174.382843 173.976013 179.896271 -176.338242 172.048004 -173.259155 179.535583 7.065406 56.038822 2.582445 168.421280 176.193024 167.043625 179.221741 174.704346 -178.517014 179.222305 174.791656 -177.479095 175.957291 175.948166 -177.056488 179.999832 176.701584 -179.689560 179.999832 176.151871 -179.678436 161.492996 177.245972 179.279449 1.439187 3.001324 -2.752912 7.660177 1.708197 70.035324 9.586340 -0.531671 0.823179 178.503006 -172.115097 -175.441849 36.674393 47.173058 4.210199 0.000009 -0.000028 10.315238 0.000011 -0.000023 6.869948 0.000000 -0.000001 0.000000 14.999997 -0.000002 34.822811 180.000000 179.999985 -151.508621 180.000000 179.999985 -160.056030 0.000000 -0.000001 0.000000 180.000000 179.999985 -141.320755 180.000000 180.000000 -141.320786 180.000000 180.000000 -154.239639 0.000000 -0.000001 0.000000 170.000000 179.999954 -145.773727 179.999969 179.999985 -145.773727 179.999969 180.000000 -157.205307 0.000000 -0.000001 0.000000 159.999985 179.999924 -162.286987 179.999939 179.999924 -153.430481 179.999939 179.999985 -162.304703 176.934540 -179.295563 173.944870 164.602646 174.980850 103.966347 176.556229 179.467972 -174.065369 6.325549 -9.589852 -11.242085 141.918961 129.658798 166.317688 0.000813 0.000021 -13.832513 0.000541 -0.000123 -9.212451 180.000000 -180.000000 -179.999985 164.999634 179.999908 151.517334 179.999786 179.999786 156.695999 179.999924 179.999802 163.687210 180.000000 -180.000000 -179.999985 179.999832 179.999954 146.078629 179.999878 179.999863 146.078613 179.999985 179.999878 157.408340 180.000000 -180.000000 -179.999985 10.000255 -0.000069 -30.699217 0.000188 -0.000196 -30.699228 0.000042 -0.000180 -20.445669 180.000000 -180.000000 -179.999985 20.000391 -0.000112 -26.577160 0.000447 -0.000412 -39.865768 0.000050 -0.000399 -26.550579
0.949982 95.687752 50.528275 23.168854 2.127710 12.244329 2.161973 -25.256481 -13.204350 177.527130 156.949966 174.163742 174.303558 179.914963 -176.190079 170.852798 -171.757004 -179.856155 9.720869 58.637363 3.326899 168.523819 176.984283 167.473358 179.225174 174.645615 -178.532486 179.225769 174.734406 -177.504456 175.972168 175.910995 -177.091583 179.999817 176.757782 -179.657013 179.999832 176.217438 -179.644699 161.240784 177.288696 179.301926 1.409839 2.940605 -2.784855 7.622118 1.848849 69.744576 10.070055 -0.929617 0.908911 178.476364 -171.978027 -175.469330 36.572586 47.211830 4.204318 0.000009 0.000004 10.349601 0.000001 -0.000007 6.892835 0.000000 -0.000000 0.000000 14.999989 0.000025 34.828777 179.999985 179.999985 -151.503723 179.999985 180.000000 -160.052582 0.000000 -0.000000 0.000000 179.999985 179.999985 -141.314087 179.999985 179.999985 -141.314087 179.999985 -179.999985 -154.235184 0.000000 -0.000000 0.000000 170.000031 -179.999969 -145.847809 0.000046 -0.000025 34.152187 0.000039 0.000001 22.745350 0.000000 -0.000000 0.000000 160.000031 -179.999969 -162.380508 0.000065 -0.000068 26.429239 0.000046 -0.000017 17.601864 176.666153 -179.084061 173.959702 165.250031 175.015945 104.355515 176.140854 179.417572 -174.195953 6.243518 -10.460421 -11.718726 141.885864 129.358994 165.806412 0.000182 -0.000038 -14.018515 0.000112 -0.000047 -9.336331 0.000000 0.000002 0.000000 164.999252 179.999847 151.528625 179.999527 179.999588 156.705231 179.999802 179.999603 163.693665 0.000000 0.000002 0.000000 179.999069 179.999817 146.045212 179.999329 179.999313 146.045242 179.999878 179.999359 157.386093 0.000000 0.000002 0.000000 9.999576 0.000093 -30.774708 179.999680 179.999695 149.225296 179.999924 179.999725 159.504059 0.000000 0.000002 0.000000 19.999756 0.000052 -26.669914 179.999710 179.999756 139.995102 179.999969 179.999741 153.356735
0.849313 95.879662 50.883293 23.615871 2.120279 12.698939 1.542463 -24.863735 -13.370198 177.345901 157.481369 173.931076 174.657547 179.951233 -176.014343 170.175552 -170.222992 -179.291367 12.184310 61.174725 4.451456 168.564682 177.584641 168.173080 179.234619 174.586304 -178.551773 179.235229 174.676697 -177.536682 176.016418 175.876297 -177.132690 179.999802 176.825134 -179.633682 179.999817 176.295990 -179.620529 161.011810 177.341827 179.323578 1.549727 2.931916 -2.757457 7.453620 1.947924 69.368896 10.427660 -1.451490 0.992655 178.497879 -171.912399 -175.490799 36.278038 47.161270 4.029165 180.000000 -179.999985 -169.598999 0.000009 0.000008 6.927057 0.000000 -0.000000 0.000000 14.999982 0.000035 34.822338 179.999985 179.999985 -151.508987 179.999985 -179.999985 -160.056290 0.000000 -0.000000 0.000000 179.999985 179.999985 -141.334610 179.999985 179.999985 -141.334656 179.999985 -179.999985 -154.248871 0.000000 -0.000000 0.000000 170.000000 179.999985 -145.765656 179.999985 179.999985 -145.765686 179.999985 180.000000 -157.199936 0.000000 -0.000000 0.000000 160.000015 179.999985 -162.299255 179.999985 179.999985 -153.448883 179.999985 -179.999985 -162.316940 176.648041 -179.088058 174.195175 165.635147 175.355682 104.557297 175.773605 179.338959 -174.359055 6.280248 -11.036580 -12.279209 141.541733 128.816315 165.149002 0.000046 -0.000024 -14.091694 0.000019 -0.000022 -9.385067 180.000000 180.000000 179.999985 164.999496 179.999924 151.656586 179.999680 179.999756 156.809937 179.999863 179.999741 163.766968 180.000000 180.000000 179.999985 179.999207 179.999878 146.193390 179.999405 179.999466 146.193390 179.999878 179.999481 157.484787 180.000000 180.000000 179.999985 9.999260 0.000122 -30.741144 179.999435 179.999527 149.258850 179.999847 179.999527 159.526398 180.000000 180.000000 179.999985 19.999594 0.000076 -26.648258 179.999496 179.999619 140.027634 179.999908 179.999588 153.378403
0.763092 96.075249 51.224739 24.046886 2.127116 13.172742 0.880858 -24.459532 -13.540562 177.338547 158.074326 173.802094 174.902603 179.981445 -175.889618 169.900665 -168.603226 -178.816742 15.759190 64.092293 6.889268 168.084915 178.434814 169.308853 179.247604 174.530380 -178.575928 179.248230 174.622345 -177.577286 176.079254 175.845963 -177.182648 179.999802 176.900330 -179.614990 179.999817 176.383728 -179.601151 160.809967 177.401749 179.346359 1.696057 2.910281 -2.731609 7.491344 2.175743 68.950920 10.799212 -2.099228 0.992234 178.439651 -171.706772 -175.455658 36.189259 47.102142 4.089363 0.000013 -0.000005 10.481604 180.000000 179.999985 -173.019272 0.000000 -0.000000 0.000000 14.999991 0.000017 34.751469 179.999985 179.999985 -151.566986 179.999985 -179.999985 -160.096893 0.000000 -0.000000 0.000000 179.999985 179.999985 -141.386444 179.999985 179.999985 -141.386429 179.999985 -179.999985 -154.283371 0.000000 -0.000000 0.000000 170.000000 179.999985 -145.796234 179.999985 179.999985 -145.796265 179.999985 -179.999985 -157.220306 0.000000 -0.000000 0.000000 160.000000 179.999985 -162.314224 179.999985 179.999985 -153.471329 179.999985 -179.999985 -162.331924 176.607452 -179.094269 174.429382 166.023727 175.745255 104.723091 175.436920 179.326035 -174.553024 6.380898 -11.210270 -12.810671 141.056046 128.200150 164.406326 0.000003 -0.000012 -14.129049 0.000006 -0.000006 -9.409936 0.000000 -0.000000 0.000003 164.999817 179.999985 151.806000 179.999878 179.999924 156.932205 179.999954 179.999908 163.852539 0.000000 -0.000000 0.000003 179.999573 179.999954 146.420837 179.999664 179.999725 146.420837 179.999924 179.999725 157.636276 0.000000 -0.000000 0.000003 9.999586 0.000054 -30.516315 179.999664 179.999741 149.483704 179.999893 179.999741 159.676163 0.000000 -0.000000 0.000003 19.999725 0.000042 -26.514126 179.999680 179.999786 140.228821 179.999924 179.999741 153.512390
0.688927 96.273155 51.547642 24.465239 2.145481 13.655112 0.031121 -24.134968 -13.697710 177.624954 158.649521 173.748932 175.071625 -179.979309 -175.756409 169.958740 -166.959076 -178.476913 18.771214 66.643257 9.380089 168.309677 178.478882 170.457245 179.261993 174.478241 -178.603470 179.262573 174.571686 -177.623688 176.149994 175.819122 -177.239059 179.999771 176.979752 -179.596512 179.999802 176.476395 -179.582001 160.638885 177.464584 179.371933 1.858313 2.888608 -2.707013 7.457015 2.290985 68.568863 11.025531 -2.638648 0.926541 178.369797 -171.467773 -175.363876 35.752743 47.133694 3.717187 0.000008 0.000010 10.479745 0.000006 0.000012 6.979508 0.000000 -0.000000 0.000000 15.000010 -0.000006 34.630051 0.000004 0.000003 28.333670 0.000002 0.000003 19.833565 0.000000 -0.000000 0.000000 0.000005 -0.000002 38.510174 0.000000 0.000001 38.510143 0.000004 0.000003 25.647764 0.000000 -0.000000 0.000000 170.000000 179.999985 -145.861465 180.000000 -180.000000 -145.861511 179.999985 -179.999985 -157.263763 0.000000 -0.000000 0.000000 160.000015 -180.000000 -162.352051 0.000000 0.000002 26.471928 0.000004 0.000003 17.630314 176.538528 -179.086258 174.652527 166.394287 176.143723 104.854462 175.134079 179.424500 -174.770935 6.487303 -10.960001 -13.259685 140.647186 127.638710 163.786072 0.000001 -0.000008 -14.150093 180.000000 -180.000000 170.576035 0.000003 -0.000000 0.000000 164.999985 179.999985 151.914856 179.999985 179.999985 157.021255 179.999985 179.999985 163.914856 0.000003 -0.000000 0.000000 179.999847 179.999985 146.676041 179.999863 179.999908 146.676041 179.999969 179.999893 157.806229 0.000003 -0.000000 0.000000 9.999856 0.000011 -30.250420 179.999878 179.999924 149.749573 179.999969 179.999924 159.853226 0.000003 -0.000000 0.000000 19.999907 0.000004 -26.322319 179.999893 179.999924 140.516495 179.999985 179.999908 153.703995
0.619026 96.468445 51.853024 24.877144 2.171164 14.140817 179.005508 -156.189194 166.216614 178.286255 159.255569 173.838577 175.028000 -179.908188 -175.699142 170.550842 -164.851913 -178.109039 22.177685 69.877373 12.803394 168.460464 178.624588 171.697327 179.273926 174.432495 -178.634567 179.274475 174.527206 -177.675949 176.210953 175.796158 -177.303680 179.999771 177.057892 -179.573486 179.999786 176.567551 -179.558167 160.506516 177.524963 179.401779 2.049880 2.883739 -2.674089 7.605032 2.475607 68.165489 11.189251 -3.373272 0.804364 178.272614 -171.192734 -175.310074 35.553207 47.184082 3.617802 0.000012 0.000014 10.507300 0.000004 0.000015 6.997861 0.000000 -0.000000 0.000000 14.999987 -0.000004 34.731850 179.999985 -179.999985 -151.583038 180.000000 -179.999985 -160.108124 0.000000 -0.000000 0.000000 179.999985 -179.999985 -141.396698 180.000000 -179.999985 -141.396698 0.000000 -0.000006 25.709801 0.000000 -0.000000 0.000000 170.000000 179.999985 -145.914093 0.000003 -0.000003 34.085896 180.000000 -180.000000 -157.298813 0.000000 -0.000000 0.000000 160.000015 -179.999985 -162.379562 0.000000 -0.000000 26.430656 0.000004 0.000001 17.602825 176.592300 -179.157562 174.974167 166.562836 176.623566 104.858047 174.871063 179.610077 -174.985764 6.552755 -10.371673 -13.605073 140.403931 127.192764 163.365738 0.000000 -0.000002 -14.168690 0.000002 0.000002 -9.436353 0.000002 -0.000002 -0.000000 165.000015 -179.999985 151.949341 180.000000 180.000000 157.049469 180.000000 180.000000 163.934616 0.000002 -0.000002 -0.000000 179.999985 -179.999985 146.924759 179.999985 179.999985 146.924744 179.999985 179.999985 157.971893 0.000002 -0.000002 -0.000000 9.999976 -0.000006 -30.003416 179.999985 179.999985 149.996582 179.999985 179.999985 160.017746 0.000002 -0.000002 -0.000000 19.999979 -0.000008 -26.144932 179.999985 -180.000000 140.782608 179.999985 179.999985 153.881195
0.547233 96.654305 52.141781 25.196789 2.194067 14.507638 178.023712 -156.465836 166.224579 179.048355 159.789841 173.958130 174.895447 -179.818573 -175.622772 171.359604 -162.726608 -177.733276 26.158699 73.110664 17.083139 168.749847 178.649475 172.878876 179.315002 174.355988 -178.638779 179.315460 174.452866 -177.685013 176.398590 175.757111 -177.299988 179.999680 177.152542 -179.552490 179.999695 176.677994 -179.536392 160.310196 177.599350 179.432602 2.172334 2.839306 -2.674161 7.848478 2.534482 67.819946 11.138345 -4.156896 0.583133 178.203781 -170.941010 -175.270615 35.302547 47.216557 3.539231 0.000008 0.000016 10.570876 0.000000 0.000007 7.040207 0.000002 -0.000002 -0.000000 15.000000 -0.000008 34.509365 180.000000 -179.999985 -151.765076 180.000000 -179.999985 -160.235535 0.000002 -0.000002 -0.000000 0.000000 -0.000005 38.398083 0.000004 -0.000004 38.398090 0.000002 0.000000 25.573130 0.000002 -0.000002 -0.000000 170.000000 -179.999985 -145.965302 0.000000 -0.000000 34.034714 0.000001 -0.000002 22.667126 0.000002 -0.000002 -0.000000 160.000015 -179.999985 -162.386200 0.000018 -0.000013 26.420727 0.000011 0.000005 17.596203 176.691315 -179.256226 175.368515 166.657608 177.166443 104.832336 174.600815 179.795212 -175.203949 6.580278 -9.477064 -13.934306 140.340057 126.860710 163.143875 180.000000 -180.000000 165.807770 180.000000 180.000000 170.547974 0.000000 -0.000000 0.000000 165.000000 -179.999985 151.966080 180.000000 -180.000000 157.063171 180.000000 -180.000000 163.944214 0.000000 -0.000000 0.000000 0.000005 -0.000009 -32.844593 180.000000 -179.999985 147.155426 180.000000 -179.999985 158.125488 0.000000 -0.000000 0.000000 10.000004 -0.000009 -29.748117 0.000003 -0.000010 -29.748138 180.000000 -179.999985 160.187759 0.000000 -0.000000 0.000000 20.000006 -0.000004 -25.876911 0.000007 -0.000016 -38.815365 180.000000 -179.999985 154.148956
0.474463 96.839211 52.423756 25.522804 2.217024 14.878291 176.924942 -156.670135 166.234497 179.935837 160.287292 174.108200 174.760178 -179.728638 -175.541046 172.302979 -160.575836 -177.418091 30.338423 76.146782 21.878120 169.723801 178.132736 173.900558 179.355072 174.278442 -178.643524 179.355515 174.377563 -177.695160 176.582977 175.716812 -177.298843 179.999893 177.249405 -179.528793 179.999893 176.790955 -179.511887 160.118057 177.674896 179.466339 2.181113 2.751904 -2.705494 8.245367 2.618387 67.529617 11.103962 -4.979921 0.356330 178.071320 -170.654434 -175.226440 35.021553 47.304611 3.397113 0.000537 0.000820 10.605433 0.000257 0.000591 7.063237 0.000000 -0.000000 0.000000 14.999825 -0.000202 34.420223 179.999985 -179.999786 -151.837997 0.000055 -0.000140 19.713415 0.000000 -0.000000 0.000000 179.999969 -179.999878 -141.682938 0.000042 -0.000118 38.317116 0.000071 -0.000042 25.519175 0.000000 -0.000000 0.000000 170.000000 -179.999893 -146.027237 0.000066 -0.000088 33.972725 0.000066 -0.000025 22.625851 0.000000 -0.000000 0.000000 160.000092 -179.999847 -162.673386 0.000143 -0.000184 25.989948 0.000145 -0.000070 17.309307 176.579651 -179.194351 175.606705 166.952484 177.532135 104.915092 174.361374 -179.958450 -175.407913 6.544566 -8.429656 -14.257531 140.368591 126.659904 162.992325 179.999985 179.999603 165.752945 0.000048 0.000249 -9.488519 0.000000 -0.000000 0.000000 165.000153 -179.999786 151.957947 0.000034 -0.000212 -22.943489 179.999969 -179.999847 163.939545 0.000000 -0.000000 0.000000 0.000498 -0.000644 -32.551754 0.000077 -0.000812 -32.551750 179.999756 -179.999512 158.320541 0.000000 -0.000000 0.000000 10.000504 -0.000654 -29.510386 0.000107 -0.000814 -29.510338 179.999802 -179.999481 160.346100 0.000000 -0.000000 0.000000 20.000412 -0.000585 -25.665508 0.000192 -0.001062 -38.498291 179.999664 -179.999359 154.360138
0.391516 96.997940 52.677662 25.826529 2.210213 15.133290 176.117142 -156.939621 166.272049 0.628584 19.233732 -5.758278 174.511322 -179.644516 -175.431473 173.357803 -158.144226 -177.039215 38.353733 79.683907 30.689007 169.755066 178.414795 174.868057 179.391312 174.199463 -178.632019 179.391708 174.300629 -177.677841 176.744034 175.671844 -177.263199 179.999863 177.332703 -179.493195 179.999863 176.888153 -179.475021 159.998352 177.736206 179.506424 2.198192 2.688467 -2.744486 8.704156 2.568180 67.275871 10.735594 -5.684620 -0.005751 177.982895 -170.357712 -175.240143 34.808029 47.334686 3.450039 0.000608 0.000699 10.719104 0.000314 0.000531 7.138900 0.000000 -0.000000 0.000000 14.999760 -0.000242 34.361259 179.999969 -179.999725 -151.886230 0.000063 -0.000187 19.679632 0.000000 -0.000000 0.000000 179.999954 -179.999878 -141.724045 0.000024 -0.000125 38.275932 0.000063 -0.000055 25.491785 0.000000 -0.000000 0.000000 169.999985 -179.999832 -146.048447 0.000067 -0.000167 33.951530 0.000099 -0.000060 22.611729 0.000000 -0.000000 0.000000 160.000046 -179.999771 -162.705765 0.000147 -0.000304 25.941359 0.000184 -0.000132 17.276951 176.466187 -179.140701 175.826370 167.239853 177.798019 105.023613 174.123505 -179.974884 -175.587982 6.587497 -7.576287 -14.509485 140.845032 126.633537 163.217804 0.000003 0.000250 -14.353154 0.000055 0.000157 -9.559183 0.000000 -0.000000 0.000003 165.000244 -179.999588 151.988220 0.000022 -0.000385 -22.918715 179.999908 -179.999741 163.956894 0.000000 -0.000000 0.000003 0.000433 -0.000756 -32.320366 179.999969 -179.999130 147.679626 179.999680 -179.999527 158.474640 0.000000 -0.000000 0.000003 10.000382 -0.000716 -29.261385 179.999985 -179.999207 150.738647 179.999725 -179.999527 160.511948 0.000000 -0.000000 0.000003 20.000263 -0.000598 -25.431215 179.999985 -179.999023 141.853134 179.999588 -179.999481 154.594208
0.300902 97.144165 52.922050 26.116045 2.191718 15.325972 175.723114 -157.128220 166.209808 0.655316 18.963663 -5.722787 174.542282 -179.494415 -175.316925 174.024948 -156.353210 -176.869507 47.945629 82.056366 40.891430 170.003296 178.389420 175.748947 179.436783 174.107895 -178.604614 179.437180 174.211441 -177.634705 176.943222 175.619278 -177.190399 179.999924 177.420853 -179.460022 179.999924 176.990997 -179.440720 159.850983 177.802231 179.545898 2.137556 2.583989 -2.823329 9.346846 2.489335 67.021240 10.217868 -6.486156 -0.371649 177.887604 -170.100098 -175.234955 34.607235 47.451756 3.544665 0.000546 0.000526 10.831809 0.000292 0.000425 7.213973 0.000002 -0.000000 0.000000 14.999784 -0.000207 34.274815 179.999954 -179.999756 -151.957001 0.000048 -0.000171 19.630106 0.000002 -0.000000 0.000000 179.999985 -179.999939 -141.773026 0.000006 -0.000072 38.226948 0.000036 -0.000034 25.459133 0.000002 -0.000000 0.000000 169.999969 -179.999847 -146.111069 0.000044 -0.000147 33.888908 0.000076 -0.000066 22.570024 0.000002 -0.000000 0.000000 160.000015 -179.999756 -162.772385 0.000112 -0.000336 25.841434 0.000165 -0.000167 17.210388 176.269516 -179.057007 176.005096 167.649628 178.026855 105.207748 173.831009 179.799850 -175.774658 6.739642 -6.874333 -14.782516 141.538116 127.084839 163.829895 179.999832 179.999954 165.552444 179.999893 179.999939 170.377930 0.000000 -0.000000 0.000003 165.000397 -179.999344 152.053497 0.000038 -0.000616 -22.865335 179.999863 -179.999588 163.994293 0.000000 -0.000000 0.000003 0.000418 -0.000779 -32.089718 179.999954 -179.999115 147.910248 179.999664 -179.999527 158.628250 0.000000 -0.000000 0.000003 10.000339 -0.000711 -29.034540 179.999954 -179.999207 150.965500 179.999725 -179.999573 160.662994 0.000000 -0.000000 0.000003 20.000235 -0.000567 -25.239401 179.999939 -179.999084 142.140945 179.999588 -179.999557 154.785858
0.201465 97.279053 53.162754 26.377628 2.157582 15.473256 175.370667 -157.313522 166.182617 0.634514 18.762070 -5.652841 174.583786 -179.293976 -175.242325 174.729141 -154.587158 -176.718597 63.919422 84.074547 57.576603 170.138336 178.560974 176.701569 179.455536 174.054123 -178.587051 179.455933 174.158890 -177.606384 177.022110 175.585785 -177.146957 179.999908 177.464401 -179.410645 179.999924 177.041794 -179.389557 159.898666 177.826965 179.589035 2.234242 2.584641 -2.860797 9.683209 2.332670 66.780533 9.726493 -6.932888 -0.654281 177.747742 -169.903900 -175.305237 34.877155 47.171192 3.905993 0.000596 0.000473 10.947707 0.000344 0.000380 7.291192 0.000000 -0.000000 0.000000 14.999870 -0.000111 34.194168 179.999969 -179.999863 -152.022995 0.000019 -0.000102 19.583923 0.000000 -0.000000 0.000000 180.000000 -180.000000 -141.802643 0.000003 -0.000003 38.197350 0.000008 -0.000002 25.439447 0.000000 -0.000000 0.000000 169.999954 -179.999893 -146.162781 0.000011 -0.000103 33.837212 0.000052 -0.000052 22.535593 0.000000 -0.000000 0.000000 159.999985 -179.999802 -162.846985 0.000052 -0.000292 25.729528 0.000113 -0.000169 17.135872 176.213593 -179.091156 176.208359 167.883362 178.249863 105.273140 173.560455 179.360687 -175.892166 7.031920 -6.606308 -14.977910 141.645859 126.516457 163.541199 0.000392 0.000081 -14.547091 0.000271 -0.000013 -9.688352 180.000000 -179.999985 -179.999985 165.000427 -179.999496 152.266876 0.000127 -0.000527 -22.690723 179.999954 -179.999619 164.116501 180.000000 -179.999985 -179.999985 0.000433 -0.000553 -31.820862 0.000074 -0.000691 -31.820854 179.999802 -179.999588 158.807312 180.000000 -179.999985 -179.999985 10.000343 -0.000505 -28.788828 0.000062 -0.000606 -28.788828 179.999847 -179.999619 160.826660 180.000000 -179.999985 -179.999985 20.000231 -0.000403 -25.041550 0.000054 -0.000674 -37.562351 179.999756 -179.999619 154.983490
0.090978 97.404716 53.404270 26.601765 2.102152 15.596899 175.240982 -157.560257 166.176590 0.365844 18.555731 -5.659190 174.651672 -179.094940 -175.199310 175.291107 -152.788223 -176.591843 92.104050 85.175209 86.362495 170.112518 178.992447 177.760818 179.474350 174.000961 -178.568100 179.474731 174.106979 -177.575806 177.100693 175.552856 -177.100418 179.999924 177.496552 -179.359344 179.999924 177.079315 -179.336456 159.965210 177.842072 179.630554 2.319812 2.588946 -2.920945 9.999635 2.163763 66.544189 9.122402 -7.074096 -1.099483 177.613907 -169.572983 -175.207199 33.984322 48.133644 3.656749 179.999985 -179.999985 -168.966675 0.000001 -0.000007 7.348206 0.000000 -0.000000 0.000000 14.999967 -0.000026 34.145100 179.999985 -179.999969 -152.063110 0.000001 -0.000024 19.555828 0.000000 -0.000000 0.000000 0.000040 0.000043 38.187233 0.000003 0.000056 38.187187 179.999985 179.999969 -154.567322 0.000000 -0.000000 0.000000 169.999969 -179.999924 -146.195374 0.000005 -0.000077 33.804623 0.000033 -0.000045 22.513876 0.000000 -0.000000 0.000000 159.999969 -179.999863 -162.911346 0.000011 -0.000227 25.632999 0.000073 -0.000132 17.071577 176.134995 -179.147980 176.378510 168.103302 178.471695 105.354988 173.293259 178.844833 -175.995255 7.361069 -6.422285 -15.141194 141.044113 126.284218 163.033752 0.000435 0.000128 -14.480841 0.000309 0.000011 -9.644257 180.000000 -180.000000 -179.999985 165.000259 -179.999832 152.507874 0.000107 -0.000216 -22.493565 0.000010 -0.000170 -15.745493 180.000000 -180.000000 -179.999985 0.000366 -0.000297 -31.589325 0.000158 -0.000451 -31.589312 179.999939 -179.999695 158.961517 180.000000 -180.000000 -179.999985 10.000317 -0.000278 -28.580343 0.000136 -0.000388 -28.580339 179.999969 -179.999725 160.965500 180.000000 -180.000000 -179.999985 20.000212 -0.000224 -24.878607 0.000146 -0.000437 -37.317921 179.999908 -179.999710 155.146301
-0.029384 97.523064 53.650455 26.781092 2.032469 15.721639 175.316971 -157.886353 166.176712 179.968033 161.625320 174.231323 174.657043 -178.854370 -175.134064 175.681580 -150.892868 -176.471497 125.236366 84.681435 119.985085 170.016663 179.682434 178.855789 179.494415 173.950562 -178.552628 179.494812 174.057831 -177.551193 177.186432 175.522919 -177.060730 179.999939 177.515793 -179.306427 179.999939 177.101776 -179.281662 160.036667 177.846466 179.669403 2.391148 2.591722 -3.001563 10.264618 1.981117 66.311058 8.631675 -7.282598 -1.340813 177.367737 -169.466705 -175.336990 34.083660 48.251698 3.817183 179.999847 -179.999924 -168.950729 179.999924 -179.999924 -172.641205 0.000000 0.000002 0.000000 14.998110 -0.001126 34.409103 179.999237 -179.998367 -151.847107 0.000061 -0.001264 19.707037 0.000000 0.000002 0.000000 0.000058 0.000048 38.196388 0.000014 0.000077 38.196415 179.999985 179.999954 -154.561188 0.000000 0.000002 0.000000 169.999985 -179.999985 -146.225693 180.000000 -179.999969 -146.225723 0.000005 -0.000018 22.493664 0.000000 0.000002 0.000000 159.999969 -179.999908 -162.967957 179.999985 -179.999863 -154.451965 0.000037 -0.000078 17.014992 176.039383 -179.221252 176.513062 168.271606 178.685898 105.439415 173.049438 178.327194 -176.065491 7.705408 -6.325069 -15.307203 140.309204 126.039612 162.408218 0.000502 0.000170 -14.407040 0.000351 0.000029 -9.595081 180.000000 -180.000000 -179.999985 164.999924 179.999985 152.654358 179.999954 179.999954 157.626282 179.999985 179.999954 164.338394 180.000000 -180.000000 -179.999985 0.000347 -0.000098 -31.415882 0.000249 -0.000260 -31.415926 0.000048 -0.000226 -20.922991 180.000000 -180.000000 -179.999985 10.000312 -0.000098 -28.419506 0.000233 -0.000226 -28.419518 0.000061 -0.000205 -18.927391 180.000000 -180.000000 -179.999985 20.000231 -0.000070 -24.750946 0.000263 -0.000247 -37.126408 0.000043 -0.000235 -24.726198
-0.159482 97.636681 53.907543 26.921640 1.954541 15.862216 175.416672 -158.236084 166.184631 179.594025 161.785110 174.167984 174.639420 -178.574692 -175.158936 176.112473 -148.972534 -176.344650 147.864273 82.967819 143.169022 169.939392 -179.382339 179.948608 179.515259 173.904190 -178.543793 179.515640 174.012695 -177.537674 177.277924 175.496933 -177.034821 179.999954 177.523941 -179.251129 179.999954 177.111267 -179.224380 160.105896 177.841476 179.706299 2.481212 2.598462 -3.091156 10.409816 1.766521 66.078224 8.171805 -7.327759 -1.573603 177.079987 -169.400406 -175.476624 34.255707 48.321400 3.958860 179.999802 -179.999893 -168.967331 179.999878 -179.999908 -172.652237 180.000000 -180.000000 179.999985 15.000113 0.000064 33.699158 0.000058 0.000092 27.572067 0.000001 0.000076 19.300436 180.000000 -180.000000 179.999985 0.000075 0.000048 38.211666 0.000029 0.000084 38.211678 179.999985 179.999954 -154.551041 180.000000 -180.000000 179.999985 170.000000 179.999985 -146.241440 0.000002 0.000007 33.758575 180.000000 179.999985 -157.516800 180.000000 -180.000000 179.999985 160.000000 -179.999969 -163.010239 180.000000 -179.999954 -154.515366 179.999985 -179.999969 -163.027237 175.941223 -179.298920 176.616547 168.371857 178.880646 105.521286 172.824585 177.832809 -176.088150 7.902780 -6.036591 -15.452854 139.679703 125.898979 162.009735 0.000208 0.000083 -14.284565 0.000144 0.000026 -9.513534 0.000000 -0.000000 0.000000 164.999451 179.999969 152.699753 179.999619 179.999771 157.663452 179.999817 179.999756 164.364426 0.000000 -0.000000 0.000000 179.999985 179.999985 148.724731 179.999985 179.999985 148.724762 180.000000 179.999985 159.170670 0.000000 -0.000000 0.000000 10.000031 -0.000001 -28.293211 0.000027 -0.000011 -28.293240 0.000007 -0.000016 -18.843267 0.000000 -0.000000 0.000000 20.000019 -0.000007 -24.646566 0.000005 0.000005 -36.969864 0.000002 -0.000007 -24.621925
-0.287103 97.749069 54.169308 27.032078 1.876497 16.029877 175.584946 -158.624161 166.173187 179.346680 162.001999 174.037735 174.464417 -178.361481 -175.133743 176.377075 -147.020645 -176.167419 160.770859 80.646103 156.522110 169.923721 -178.230804 -179.029358 179.536362 173.864639 -178.543747 179.536728 173.974319 -177.538940 177.373901 175.476868 -177.027573 179.999969 177.524200 -179.194412 179.999969 177.111588 -179.165649 160.163544 177.829956 179.741287 2.496233 2.596317 -3.189108 10.524629 1.526340 65.842995 7.755492 -7.238702 -1.784176 176.780197 -169.367981 -175.636703 34.467037 48.300205 4.055849 179.999817 -179.999924 -169.007156 179.999878 -179.999924 -172.678772 180.000000 -180.000000 179.999985 15.000192 0.000065 33.715858 0.000105 0.000134 27.585716 0.000023 0.000116 19.310011 180.000000 -180.000000 179.999985 0.000075 0.000034 38.236374 0.000042 0.000074 38.236439 179.999985 179.999954 -154.534561 180.000000 -180.000000 179.999985 170.000015 179.999985 -146.242050 0.000009 0.000017 33.757961 0.000003 0.000015 22.482801 180.000000 -180.000000 179.999985 160.000015 179.999985 -163.037125 0.000005 0.000023 25.444347 180.000000 179.999985 -163.054077 175.852844 -179.372131 176.692261 168.390289 179.041901 105.606720 172.631134 177.441956 -176.080536 7.961837 -5.657298 -15.588859 139.337570 125.996719 161.887238 0.000059 0.000026 -14.199824 0.000046 0.000009 -9.457095 0.000000 -0.000000 0.000000 164.999374 -179.999924 152.590439 179.999527 179.999817 157.574036 179.999741 179.999741 164.301819 0.000000 -0.000000 0.000000 179.999863 -179.999985 148.735764 179.999878 179.999939 148.735764 179.999954 179.999924 159.178009 0.000000 -0.000000 0.000000 9.999946 -0.000010 -28.269493 179.999939 179.999985 151.730515 179.999985 179.999969 161.172516 0.000000 -0.000000 0.000000 19.999949 -0.000005 -24.634512 179.999954 179.999985 143.048203 179.999985 179.999954 155.390091
-0.403985 97.862701 54.432686 27.123652 1.806468 16.225603 175.807419 -159.040604 166.126785 179.077652 162.278244 173.867691 174.289108 -178.195358 -175.120575 176.449463 -145.064865 -175.928482 168.519928 78.104614 164.525665 170.025085 -176.882126 -178.068329 179.556931 173.833191 -178.551773 179.557281 173.943909 -177.553635 177.470581 175.463074 -177.037643 179.999985 177.520233 -179.144028 179.999985 177.106949 -179.113480 160.188583 177.816345 179.770081 2.368589 2.573899 -3.302274 10.678695 1.259154 65.610565 7.389082 -7.039637 -1.962969 176.494171 -169.367050 -175.825043 34.701454 48.200897 4.113417 179.999847 -179.999924 -169.062683 179.999908 -179.999939 -172.715744 0.000000 -0.000000 0.000000 15.000280 0.000045 33.754375 0.000165 0.000158 27.617210 0.000054 0.000152 19.332048 0.000000 -0.000000 0.000000 179.999588 -179.999893 -141.610062 179.999725 -179.999649 -141.610092 0.000002 -0.000294 25.567694 0.000000 -0.000000 0.000000 170.000031 179.999985 -146.239914 0.000023 0.000030 33.760117 0.000001 0.000024 22.484226 0.000000 -0.000000 0.000000 160.000259 179.999802 -163.224075 0.000272 0.000387 25.163898 0.000050 0.000314 16.759151 175.780426 -179.434738 176.751007 168.343826 179.161987 105.703873 172.456863 177.198914 -176.079193 7.899568 -5.211223 -15.710982 139.317642 126.259636 162.054367 0.000008 0.000001 -14.151567 0.000009 -0.000006 -9.424945 180.000000 -180.000000 -179.999985 164.999619 -179.999878 152.389191 179.999695 179.999954 157.409348 179.999817 179.999878 164.186539 180.000000 -180.000000 -179.999985 179.999908 -179.999985 148.690399 179.999908 179.999985 148.690414 179.999969 179.999969 159.147812 180.000000 -180.000000 -179.999985 9.999946 -0.000016 -28.291180 179.999954 179.999985 151.708832 179.999985 179.999985 161.158081 180.000000 -180.000000 -179.999985 19.999973 -0.000013 -24.653404 179.999985 -179.999985 143.019852 179.999985 179.999985 155.371216
-0.503655 97.980591 54.698868 27.205896 1.748104 16.443138 175.920532 -159.436584 166.041092 178.996338 162.545502 173.811325 174.072067 -178.016129 -175.171631 176.450745 -143.177536 -175.615112 173.949585 75.603592 170.150375 170.314331 -175.366669 -177.250641 179.576141 173.810074 -178.566498 179.576477 173.921692 -177.579498 177.563583 175.455185 -177.062485 179.999969 177.510971 -179.073792 179.999969 177.096161 -179.040710 160.261978 177.794769 179.810989 2.382093 2.576384 -3.375026 10.579377 0.935946 65.344505 7.077620 -6.759670 -2.104506 176.224625 -169.395782 -176.006866 34.934860 48.045574 4.075929 0.000008 -0.000006 10.844836 180.000000 -179.999985 -172.777344 0.000000 -0.000000 0.000000 15.000390 -0.000067 33.823368 0.000295 0.000133 27.673670 0.000146 0.000176 19.371580 0.000000 -0.000000 0.000000 0.000241 -0.000076 37.977089 0.000230 0.000098 37.977093 0.000087 0.000146 25.292753 0.000000 -0.000000 0.000000 170.000076 -179.999969 -146.243347 0.000080 0.000006 33.756657 0.000042 0.000037 22.481928 0.000000 -0.000000 0.000000 159.999969 179.999893 -162.490891 179.999908 179.999878 -153.736298 179.999908 179.999954 -162.508377 175.713928 -179.478561 176.799438 168.292725 179.236465 105.813301 172.259781 177.063461 -176.103409 7.781278 -4.779327 -15.806107 139.648422 126.590385 162.510452 179.999985 -179.999985 165.863144 179.999985 -179.999985 170.584839 0.000000 -0.000000 0.000000 164.999878 -179.999924 152.194855 179.999893 -179.999985 157.250305 179.999924 179.999985 164.075226 0.000000 -0.000000 0.000000 179.999985 -179.999985 148.641876 179.999985 -179.999985 148.641876 179.999985 179.999985 159.115479 0.000000 -0.000000 0.000000 9.999990 -0.000010 -28.318886 179.999985 -179.999985 151.681107 179.999985 179.999985 161.139633 0.000000 -0.000000 0.000000 20.000006 -0.000001 -24.669935 0.000010 0.000003 -37.004925 0.000004 0.000001 -24.645275
-0.579021 98.104218 54.963696 27.281103 1.696970 16.672482 175.872772 -159.791977 165.922852 179.043167 162.856018 173.775696 173.919586 -177.880981 -175.196182 176.333389 -141.399460 -175.219925 177.961945 73.205490 174.206848 170.755051 -173.703033 -176.524551 179.593567 173.792419 -178.585144 179.593903 173.904770 -177.611771 177.649902 175.450668 -177.096329 179.999969 177.505341 -179.007111 179.999969 177.089600 -178.971664 160.315933 177.776840 179.850052 2.390553 2.580202 -3.426273 10.404872 0.579229 65.060692 6.824020 -6.448360 -2.205587 176.090576 -169.435486 -176.336212 35.084595 47.687840 4.064727 0.000004 0.000003 10.840338 0.000002 -0.000000 7.219673 180.000000 180.000000 -180.000000 15.000233 -0.000142 34.029568 0.000222 0.000008 27.842379 0.000136 0.000076 19.489647 180.000000 180.000000 -180.000000 0.000121 -0.000150 38.180531 0.000184 -0.000042 38.180504 0.000114 0.000056 25.428221 180.000000 180.000000 -180.000000 170.000015 -179.999908 -146.138031 0.000062 -0.000053 33.861946 0.000061 -0.000010 22.552069 180.000000 180.000000 -180.000000 159.999969 -179.999893 -162.904297 0.000008 -0.000149 25.643547 0.000051 -0.000094 17.078600 175.726746 -179.521393 176.891388 168.193146 179.318146 105.888275 172.039139 177.018600 -176.174805 7.635006 -4.373809 -15.848549 140.159943 126.986168 163.184845 0.000048 0.000001 -14.108771 0.000025 -0.000013 -9.396430 0.000000 -0.000000 0.000000 165.000015 179.999954 152.057037 0.000029 0.000031 -22.862408 0.000027 0.000015 -16.003698 0.000000 -0.000000 0.000000 0.000008 0.000052 -31.397242 0.000029 0.000042 -31.397253 0.000033 0.000011 -20.910568 0.000000 -0.000000 0.000000 9.999996 0.000046 -28.345078 0.000019 0.000036 -28.345058 0.000025 0.000018 -18.877817 0.000000 -0.000000 0.000000 19.999996 0.000065 -24.687977 0.000037 0.000088 -37.031937 0.000059 0.000034 -24.663275
-0.629116 98.231682 55.220268 27.346073 1.647317 16.902859 175.690857 -160.100082 165.777740 179.228516 163.167389 173.788742 173.798569 -177.767517 -175.205444 175.941071 -139.695175 -174.709457 0.967592 109.094986 -2.997632 171.314911 -171.949188 -175.903534 179.609924 173.776505 -178.605652 179.610214 173.889542 -177.647079 177.731827 175.446976 -177.134567 179.999985 177.505402 -178.945648 179.999985 177.089645 -178.907974 160.349442 177.764618 179.886917 2.399260 2.584517 -3.461328 10.183641 0.211007 64.757233 6.638140 -6.170801 -2.248237 176.030991 -169.450485 -176.668793 35.190964 47.311928 4.045648 0.000000 0.000003 10.855143 0.000007 0.000005 7.229528 0.000000 -0.000000 0.000000 15.000088 -0.000157 34.252628 0.000129 -0.000067 28.024866 0.000104 0.000001 19.617407 0.000000 -0.000000 0.000000 0.000020 -0.000171 38.401119 0.000127 -0.000123 38.401115 0.000115 -0.000011 25.575138 0.000000 -0.000000 0.000000 170.000000 -179.999985 -145.986038 0.000007 -0.000013 34.013981 0.000012 -0.000008 22.653296 0.000000 -0.000000 0.000000 159.999939 -179.999878 -162.758179 179.999985 -179.999817 -154.137268 0.000044 -0.000121 17.224586 175.751526 -179.553406 176.986053 168.159668 179.411758 105.947060 171.767761 176.970322 -176.270569 7.564110 -4.190980 -15.849625 140.303772 126.996506 163.647446 179.999985 -179.999985 166.053787 179.999985 179.999985 170.711823 0.000002 -0.000003 0.000003 165.000000 179.999954 152.110291 0.000015 0.000046 -22.818874 0.000022 0.000025 -15.973204 0.000002 -0.000003 0.000003 179.999985 179.999985 148.667694 0.000005 0.000017 -31.332317 0.000006 0.000010 -20.867319 0.000002 -0.000003 0.000003 9.999997 -0.000009 -28.285721 0.000000 0.000000 -28.285753 180.000000 -180.000000 161.161697 0.000002 -0.000003 0.000003 19.999992 0.000005 -24.599844 180.000000 179.999985 143.100220 0.000012 0.000017 -24.575272
-0.661027 98.360077 55.465614 27.394424 1.595699 17.125299 175.406662 -160.349747 165.618759 179.383514 163.442276 173.831558 173.830994 -177.606445 -175.174438 175.258575 -138.044739 -174.049423 3.382761 111.283592 -1.043593 171.965225 -170.168030 -175.347656 179.626099 173.759521 -178.626770 179.626373 173.873276 -177.683411 177.813019 175.442322 -177.174194 179.999985 177.510559 -178.888824 179.999985 177.095673 -178.849152 160.364716 177.757431 179.921829 2.425349 2.595018 -3.490744 9.888347 -0.171871 64.449699 6.529490 -5.930192 -2.223599 176.038589 -169.438782 -176.995712 35.234032 46.954121 3.986885 179.999985 180.000000 -169.124969 180.000000 -180.000000 -172.757233 0.000000 -0.000000 0.000000 15.000009 -0.000141 34.453648 0.000068 -0.000095 28.189331 0.000075 -0.000035 19.732538 0.000000 -0.000000 0.000000 179.999985 -179.999847 -141.376617 0.000069 -0.000144 38.623375 0.000093 -0.000045 25.723167 0.000000 -0.000000 0.000000 169.999939 -179.999847 -145.997223 0.000039 -0.000165 34.002781 0.000083 -0.000074 22.645870 0.000000 -0.000000 0.000000 159.999939 -179.999878 -162.617294 179.999969 -179.999802 -153.925919 0.000033 -0.000126 17.365314 175.784378 -179.579468 177.083191 168.231613 179.539474 105.973335 171.461258 176.882111 -176.383270 7.513463 -4.111604 -15.780164 140.433884 127.100761 164.087433 179.999969 -179.999985 166.195175 179.999969 179.999985 170.805969 0.000000 0.000000 -0.000003 164.999939 179.999863 152.157532 0.000005 0.000113 -22.780182 0.000035 0.000074 -15.946144 0.000000 0.000000 -0.000003 0.000021 -0.000030 -31.300386 180.000000 -179.999969 148.699631 179.999985 -179.999985 159.153946 0.000000 0.000000 -0.000003 10.000038 -0.000048 -28.277534 0.000004 -0.000059 -28.277515 179.999985 -179.999969 161.167160 0.000000 0.000000 -0.000003 20.000036 -0.000042 -24.570831 0.000015 -0.000067 -36.856251 179.999985 -179.999969 155.453735
-0.680323 98.486832 55.697620 27.423765 1.534975 17.334543 175.005020 -160.530609 165.465408 179.619064 163.663132 173.927246 173.933319 -177.440018 -175.130722 174.261444 -136.436020 -173.197784 5.388951 113.341644 0.279158 172.657791 -168.426514 -174.850616 179.642731 173.737137 -178.647842 179.642990 173.851669 -177.719666 177.896027 175.433823 -177.213638 179.999985 177.521042 -178.835342 179.999985 177.107880 -178.793732 160.370041 177.755188 179.955933 2.471046 2.606309 -3.512146 9.522744 -0.557837 64.137825 6.499125 -5.733849 -2.124331 176.102966 -169.389572 -177.307907 35.258060 46.668240 3.960086 179.999985 -180.000000 -169.093964 0.000003 -0.000004 7.263415 0.000001 -0.000000 0.000000 14.999973 -0.000099 34.655231 0.000033 -0.000078 28.354292 0.000046 -0.000037 19.848000 0.000001 -0.000000 0.000000 179.999969 -179.999893 -141.159409 0.000028 -0.000105 38.840572 0.000058 -0.000039 25.867840 0.000001 -0.000000 0.000000 169.999954 -179.999908 -145.781540 0.000016 -0.000112 34.218441 0.000046 -0.000056 22.789495 0.000001 -0.000000 0.000000 159.999954 -179.999924 -162.457581 179.999985 -179.999863 -153.686356 0.000021 -0.000086 17.524881 175.820938 -179.602127 177.182602 168.396210 179.707535 105.957520 171.141815 176.753281 -176.491882 7.460446 -4.138286 -15.652345 140.636917 127.228531 164.525696 179.999985 -180.000000 166.297501 179.999985 -179.999985 170.874130 0.000000 -0.000000 0.000000 165.000031 -179.999969 152.355927 0.000003 -0.000034 -22.617893 179.999985 -179.999985 164.167496 0.000000 -0.000000 0.000000 0.000041 -0.000052 -31.332851 0.000002 -0.000065 -31.332870 179.999985 -179.999969 159.132309 0.000000 -0.000000 0.000000 10.000046 -0.000063 -28.332331 0.000013 -0.000085 -28.332327 179.999985 -179.999954 161.130661 0.000000 -0.000000 0.000000 20.000046 -0.000057 -24.618151 0.000030 -0.000101 -36.927242 179.999985 -179.999939 155.406464
-0.691854 98.609512 55.915546 27.431719 1.458819 17.530096 174.641891 -160.692932 165.317856 179.826263 163.851929 173.997971 174.049728 -177.298218 -175.043320 172.986496 -134.880035 -172.139023 7.128040 115.239044 1.141901 173.344345 -166.786987 -174.378723 179.659897 173.707062 -178.668991 179.660141 173.822556 -177.756088 177.981094 175.419891 -177.253174 179.999985 177.537216 -178.802750 179.999985 177.126770 -178.759979 160.315109 177.761917 179.977264 2.495942 2.633408 -3.527051 9.160966 -0.949999 63.813438 6.534971 -5.606602 -1.947277 176.215851 -169.312744 -177.604874 35.264854 46.455334 3.997657 0.000005 -0.000004 10.963041 179.999985 -180.000000 -172.698624 180.000000 180.000000 -180.000000 14.999990 -0.000028 34.840118 0.000002 -0.000022 28.505539 0.000010 -0.000014 19.953882 180.000000 180.000000 -180.000000 179.999985 -179.999985 -140.967804 0.000010 -0.000034 39.032192 0.000016 -0.000015 25.995426 180.000000 180.000000 -180.000000 169.999985 -179.999985 -145.597702 0.000008 -0.000033 34.402298 0.000011 -0.000016 22.911930 180.000000 180.000000 -180.000000 160.000000 -179.999985 -162.311859 179.999985 -179.999969 -153.467819 0.000010 -0.000022 17.670450 175.821823 -179.615280 177.255905 168.642258 179.898148 105.923149 170.840729 176.621628 -176.577454 7.378481 -4.250589 -15.489671 140.863525 127.330780 164.903397 180.000000 -179.999985 166.363083 0.000000 -0.000005 -9.082183 0.000000 -0.000000 0.000003 165.000031 -179.999969 152.292435 0.000003 -0.000028 -22.669840 180.000000 -179.999985 164.131119 0.000000 -0.000000 0.000003 0.000028 -0.000038 -31.426420 0.000010 -0.000049 -31.426418 179.999985 -179.999969 159.070007 0.000000 -0.000000 0.000003 10.000034 -0.000042 -28.446516 0.000017 -0.000054 -28.446543 179.999985 -179.999969 161.054611 0.000000 -0.000000 0.000003 20.000034 -0.000032 -24.713997 0.000021 -0.000069 -37.071003 179.999985 -179.999954 155.310715
-0.701073 98.730721 56.127228 27.452993 1.390164 17.692759 174.221222 -160.804062 165.200516 179.912994 163.997589 174.085938 174.322403 -177.108063 -174.949524 171.462875 -133.345322 -170.840591 8.854015 117.140900 1.879137 174.054596 -165.123108 -173.872650 179.677124 173.679596 -178.683990 179.677368 173.795944 -177.782242 178.065170 175.407303 -177.279251 179.999985 177.557632 -178.770325 180.000000 177.150558 -178.726410 160.254181 177.772141 179.999496 2.466462 2.650257 -3.551555 8.819246 -1.344632 63.487278 6.600008 -5.508798 -1.714281 176.303879 -169.207779 -177.815628 35.276733 46.358654 3.987378 179.999985 -179.999939 -169.028671 179.999985 -179.999985 -172.693115 0.000000 -0.000001 0.000000 14.999727 -0.000433 34.958538 0.000027 -0.000418 28.602461 0.000156 -0.000244 20.021687 0.000000 -0.000001 0.000000 179.999542 -179.999237 -140.926773 0.000121 -0.000881 39.073254 0.000432 -0.000405 26.022781 0.000000 -0.000001 0.000000 170.000137 179.999786 -145.385345 179.999985 179.999741 -145.385376 179.999908 179.999863 -156.946640 0.000000 -0.000001 0.000000 159.999802 -179.999603 -162.211014 179.999878 -179.999344 -153.316483 0.000114 -0.000419 17.771219 175.811935 -179.632767 177.340179 168.976074 -179.868073 105.836319 170.532242 176.425888 -176.643341 7.265401 -4.410866 -15.299491 141.091324 127.460114 165.258606 0.000133 0.000042 -13.588237 0.000093 0.000009 -9.049762 0.000000 0.000002 0.000000 165.000397 -179.999557 152.166367 0.000127 -0.000481 -22.772999 179.999969 -179.999664 164.058899 0.000000 0.000002 0.000000 0.000758 -0.000742 -31.579239 0.000260 -0.001034 -31.579247 179.999786 -179.999329 158.968231 0.000000 0.000002 0.000000 10.001004 -0.000956 -28.604685 0.000428 -0.001318 -28.604734 179.999832 -179.999100 160.949234 0.000000 0.000002 0.000000 20.000854 -0.000812 -24.848259 0.000659 -0.001648 -37.272419 179.999695 -179.998840 155.176575
-0.712902 98.841873 56.323669 27.386515 1.255975 17.894682 173.972000 -160.956696 165.037994 179.824173 164.112900 174.133698 174.712128 -177.034485 -174.932220 169.854080 -131.980988 -169.460175 10.242839 118.613792 2.130164 174.673141 -163.797943 -173.457504 179.696350 173.623291 -178.713974 179.696548 173.741150 -177.833481 178.160873 175.375610 -177.337570 179.999985 177.568176 -178.745316 180.000000 177.162872 -178.700500 160.200516 177.775742 -179.985092 2.437661 2.687843 -3.571906 8.507034 -1.723322 63.179756 6.729455 -5.473603 -1.422237 176.393951 -169.125916 -177.943680 35.335930 46.359257 4.073524 179.999985 179.999985 -169.011139 180.000000 -180.000000 -172.681427 180.000000 180.000000 179.999985 14.999881 -0.000212 35.043011 0.000019 -0.000203 28.671553 0.000078 -0.000118 20.070084 180.000000 180.000000 179.999985 0.000154 0.000283 39.311043 179.999954 179.999695 -140.688980 179.999847 179.999863 -153.818878 180.000000 180.000000 179.999985 169.999542 -179.999115 -145.565262 0.000131 -0.000985 34.434708 0.000437 -0.000493 22.933546 180.000000 180.000000 179.999985 159.999863 -179.999725 -162.149368 179.999954 -179.999542 -153.224045 0.000107 -0.000288 17.832779 175.750748 -179.655212 177.370422 169.257065 -179.685013 105.788193 170.316986 176.431046 -176.673492 7.089633 -4.672019 -15.140404 141.302551 127.447411 165.418579 0.000114 0.000067 -13.604015 0.000090 0.000033 -9.060252 0.000000 -0.000000 0.000000 165.000046 -179.999969 152.067612 0.000012 -0.000045 -22.853771 180.000000 -179.999969 164.002365 0.000000 -0.000000 0.000000 0.000408 -0.000387 -31.701462 0.000148 -0.000551 -31.701427 179.999893 -179.999634 158.886826 0.000000 -0.000000 0.000000 10.000606 -0.000549 -28.755766 0.000261 -0.000776 -28.755749 179.999908 -179.999466 160.848648 0.000000 -0.000000 0.000000 20.000439 -0.000401 -24.985428 0.000346 -0.000835 -37.478134 179.999847 -179.999435 155.039551
-0.726538 98.948463 56.519104 27.298883 1.119105 18.086811 173.903915 -161.174210 164.879181 179.569122 164.252121 174.132980 175.096024 -176.994171 -174.934402 168.279037 -130.705978 -168.032715 11.410405 120.041145 2.215511 175.225250 -162.462509 -173.103775 179.715271 173.566895 -178.744705 179.715454 173.686249 -177.885971 178.255737 175.343521 -177.397491 180.000000 177.570541 -178.721237 180.000000 177.165634 -178.675568 160.152420 177.772873 -179.972336 2.630364 2.785221 -3.552661 8.006236 -2.122199 62.863174 6.880364 -5.465209 -1.131024 176.539642 -169.058670 -178.004044 35.264153 46.390079 4.096316 0.000048 0.000179 11.025223 0.000003 0.000104 7.342805 0.000002 -0.000000 0.000000 14.999928 -0.000161 35.076237 0.000012 -0.000146 28.698704 0.000059 -0.000087 20.089106 0.000002 -0.000000 0.000000 179.999756 -179.999527 -140.854797 0.000107 -0.000521 39.145184 0.000278 -0.000222 26.070694 0.000002 -0.000000 0.000000 169.999908 -179.999817 -145.345840 0.000042 -0.000210 34.654148 0.000102 -0.000098 23.079683 0.000002 -0.000000 0.000000 159.999924 -179.999741 -162.113770 179.999985 -179.999588 -153.170639 0.000109 -0.000254 17.868328 175.684296 -179.680573 177.415344 169.413696 -179.526978 105.755630 170.164322 176.594406 -176.702759 6.897205 -4.930987 -14.994854 141.529327 127.302979 165.484467 0.000040 0.000053 -13.651169 0.000030 0.000030 -9.091681 0.000000 -0.000000 0.000000 164.999878 179.999847 152.035782 179.999969 179.999847 157.120163 0.000016 0.000107 -16.015863 0.000000 -0.000000 0.000000 0.000176 -0.000170 -31.779985 0.000060 -0.000242 -31.779934 179.999954 -179.999847 158.834549 0.000000 -0.000000 0.000000 9.999739 0.000243 -28.939833 179.999893 179.999649 151.060150 0.000043 0.000232 -19.273916 0.000000 -0.000000 0.000000 20.000149 -0.000138 -25.073038 0.000122 -0.000294 -37.609581 179.999954 -179.999802 154.952042
-0.745403 99.054008 56.713615 27.194824 0.988349 18.270361 173.707581 -161.363190 164.750717 179.265106 164.408478 174.168137 175.673630 -176.965164 -175.012253 166.833496 -129.498795 -166.661011 12.124091 120.770668 1.913324 175.557693 -162.013214 -172.773941 179.733368 173.513580 -178.775436 179.733536 173.634354 -177.938416 178.347244 175.313065 -177.457581 180.000000 177.564667 -178.697845 180.000000 177.158783 -178.651337 160.111511 177.763474 -179.962082 2.630917 2.824279 -3.574909 7.724135 -2.462814 62.628353 7.114918 -5.474605 -0.863836 176.517761 -169.083908 -178.050766 35.346478 46.478615 4.192739 0.000010 0.000335 11.020992 179.999985 179.999786 -172.660004 180.000000 180.000000 -180.000000 14.999952 -0.000095 35.112930 0.000009 -0.000087 28.728748 0.000035 -0.000049 20.110140 180.000000 180.000000 -180.000000 179.999985 -179.999939 -140.686920 0.000017 -0.000069 39.313065 0.000042 -0.000030 26.182512 180.000000 180.000000 -180.000000 169.999939 -179.999863 -145.305130 0.000038 -0.000142 34.694862 0.000066 -0.000068 23.106783 180.000000 180.000000 -180.000000 159.999939 -179.999817 -162.066269 180.000000 -179.999695 -153.099396 0.000085 -0.000185 17.915800 175.684891 -179.728470 177.508530 169.428040 -179.378738 105.704666 170.028824 176.823181 -176.730270 6.696234 -5.202938 -14.828033 141.595047 127.076569 165.314041 180.000000 179.999985 166.271805 0.000003 0.000026 -9.142979 180.000000 180.000000 -180.000000 164.999786 179.999771 152.032166 179.999939 179.999756 157.117233 0.000028 0.000176 -16.017941 180.000000 180.000000 -180.000000 179.999969 179.999954 148.154861 179.999985 179.999939 148.154861 0.000013 0.000039 -21.208841 180.000000 180.000000 -180.000000 9.999936 0.000060 -28.873383 179.999985 179.999924 151.126648 0.000009 0.000060 -19.229670 180.000000 180.000000 -180.000000 19.999903 0.000080 -25.134848 179.999939 179.999847 142.297729 0.000031 0.000108 -25.109713
-0.768525 99.159157 56.904160 27.079199 0.874888 18.446796 173.573090 -161.541748 164.634201 179.022354 164.563492 174.169098 176.141739 -176.959457 -175.053513 165.597000 -128.481033 -165.456635 12.612750 120.829636 1.529963 175.875443 -161.330688 -172.512421 179.750549 173.468491 -178.805923 179.750702 173.590454 -177.990433 178.435089 175.287872 -177.517242 0.000004 2.450015 1.325519 180.000000 177.141647 -178.627151 160.074615 177.746948 -179.954254 2.699991 2.884197 -3.583358 7.425490 -2.790872 62.421719 7.272322 -5.459162 -0.638555 176.301132 -169.159149 -178.100372 35.818161 46.641514 4.403800 0.000043 0.000076 10.890935 0.000029 0.000056 7.253360 0.000000 -0.000000 0.000000 15.000053 0.000149 35.190929 179.999985 179.999863 -151.207428 179.999954 179.999939 -159.845200 0.000000 -0.000000 0.000000 0.000043 0.000155 39.377396 179.999939 179.999847 -140.622620 179.999908 179.999954 -153.774643 0.000000 -0.000000 0.000000 170.000015 179.999908 -145.215347 179.999985 179.999924 -145.215347 179.999969 179.999969 -156.833435 0.000000 -0.000000 0.000000 160.000076 179.999466 -161.860153 179.999847 179.999191 -152.790176 179.999664 179.999573 -161.878265 175.644699 -179.756409 177.549149 169.442627 -179.280304 105.723061 169.901138 177.046234 -176.752945 6.631526 -5.339634 -14.783116 141.670288 126.836777 165.308975 179.999954 179.999939 166.275116 179.999985 179.999954 170.859222 0.000000 -0.000000 0.000007 164.999969 179.999939 152.127884 180.000000 179.999939 157.195526 0.000011 0.000041 -15.963120 0.000000 -0.000000 0.000007 0.000022 -0.000027 -31.817900 0.000009 -0.000033 -31.817913 179.999985 -179.999985 158.809265 0.000000 -0.000000 0.000007 10.000034 -0.000043 -28.837526 0.000016 -0.000047 -28.837557 179.999985 -179.999985 160.794189 0.000000 -0.000000 0.000007 19.999525 0.000443 -25.199060 179.999664 179.999115 142.201401 0.000172 0.000623 -25.173893
-0.791247 99.259972 57.096481 26.950766 0.771955 18.631247 173.192154 -161.728348 164.575226 178.912018 164.813248 174.163406 176.716782 -176.960007 -175.099564 164.304352 -127.063515 -164.144943 12.784884 121.780838 1.017009 176.074844 -160.082886 -172.350128 179.766602 173.424377 -178.839172 179.766754 173.547531 -178.046951 178.518768 175.262894 -177.583267 179.999985 177.531235 -178.650589 179.999985 177.119797 -178.602417 160.033127 177.727005 -179.947495 2.669900 2.915323 -3.577049 7.262088 -3.061717 62.248703 7.217710 -5.359384 -0.488186 176.582581 -169.105774 -178.025650 35.613243 46.598362 4.173416 179.999985 179.999863 -169.127533 179.999985 179.999908 -172.758942 0.000000 -0.000001 -0.000003 15.000045 0.000141 35.158051 179.999969 179.999878 -151.234344 179.999939 179.999954 -159.864044 0.000000 -0.000001 -0.000003 0.000046 0.000304 39.369629 179.999847 179.999725 -140.630386 179.999817 179.999939 -153.779831 0.000000 -0.000001 -0.000003 170.000000 179.999908 -145.230606 179.999954 179.999908 -145.230591 179.999939 179.999985 -156.843582 0.000000 -0.000001 -0.000003 159.999985 -179.999252 -162.211060 0.000330 -0.001065 26.683378 0.000518 -0.000532 17.771137 175.608414 -179.760681 177.568222 169.418228 -179.200638 105.771751 169.792435 177.229919 -176.759689 6.557057 -5.526190 -14.673659 141.688049 126.596573 165.121613 179.999954 179.999939 166.213486 179.999985 179.999939 170.818176 0.000000 -0.000002 0.000000 165.000015 -179.999985 152.163376 180.000000 -179.999985 157.224594 180.000000 -179.999985 164.057205 0.000000 -0.000002 0.000000 0.000030 -0.000041 -31.818512 0.000005 -0.000050 -31.818521 179.999985 -179.999969 158.808868 0.000000 -0.000002 0.000000 10.000060 -0.000068 -28.836615 0.000009 -0.000082 -28.836601 179.999985 -179.999939 160.794800 0.000000 -0.000002 0.000000 20.000050 -0.000064 -24.942268 0.000039 -0.000120 -37.413433 179.999985 -179.999908 155.082657
-0.812182 99.357239 57.282604 26.861298 0.718254 18.757315 172.646179 -161.831696 164.599533 179.224823 165.047867 174.205795 177.001312 -176.980728 -175.084915 163.182877 -125.647667 -162.929596 12.874237 121.953354 0.553180 176.203369 -159.463531 -172.211273 179.776840 173.409653 -178.855911 179.776978 173.533279 -178.075607 178.571533 175.256195 -177.615479 0.000005 2.498782 1.364774 0.000008 2.915249 1.413514 160.005707 177.699661 -179.948349 2.721379 2.978082 -3.611530 7.119182 -3.363341 62.110538 7.346590 -5.397035 -0.320326 176.638504 -169.194229 -178.018784 35.622066 46.729706 4.138150 179.999985 179.999908 -169.174500 179.999985 179.999939 -172.790207 0.000000 -0.000000 0.000000 15.000006 0.000096 35.111542 179.999969 179.999939 -151.272339 179.999969 179.999985 -159.890640 0.000000 -0.000000 0.000000 180.000000 -179.999969 -140.773224 0.000024 -0.000030 39.226814 0.000025 -0.000006 26.125036 0.000000 -0.000000 0.000000 170.000000 179.999924 -145.260727 179.999969 179.999939 -145.260712 179.999969 179.999985 -156.863647 0.000000 -0.000000 0.000000 160.000015 179.999924 -161.865082 179.999969 179.999893 -152.797592 179.999954 179.999954 -161.883209 175.618118 -179.774719 177.604050 169.365067 -179.126007 105.769882 169.696350 177.348618 -176.750900 6.508418 -5.669016 -14.555591 141.690369 126.417473 164.916992 179.999985 179.999939 166.139893 179.999985 179.999954 170.769165 0.000000 0.000000 -0.000003 165.000015 -179.999954 152.178040 180.000000 -179.999954 157.236603 179.999985 -179.999969 164.065628 0.000000 0.000000 -0.000003 0.000033 -0.000047 -31.827684 0.000003 -0.000063 -31.827671 179.999985 -179.999985 158.802765 0.000000 0.000000 -0.000003 10.000067 -0.000072 -28.855312 0.000016 -0.000091 -28.855299 179.999985 -179.999939 160.782364 0.000000 0.000000 -0.000003 20.000078 -0.000076 -24.952833 0.000061 -0.000160 -37.429249 179.999969 -179.999893 155.072128
-0.832248 99.450363 57.462524 26.780933 0.683701 18.875219 172.030823 -161.881760 164.637878 179.290359 165.288101 174.201019 177.594437 -177.006271 -175.078171 162.276535 -124.239120 -161.908875 12.920642 121.746483 0.173196 176.284256 -159.073898 -172.127472 179.782333 173.406891 -178.870804 179.782471 173.530685 -178.100845 178.602173 175.256393 -177.645432 0.000024 2.536595 1.373311 0.000028 2.959369 1.422359 159.997604 177.667435 -179.954620 2.684874 3.026870 -3.604908 7.142777 -3.607466 61.955772 7.609666 -5.447591 -0.148687 176.535583 -169.313156 -178.082016 35.693485 46.859833 4.150172 0.000000 0.000021 10.775305 180.000000 179.999985 -172.823654 0.000000 -0.000000 0.000000 15.000009 0.000105 35.081066 179.999969 179.999924 -151.297302 179.999954 179.999969 -159.908096 0.000000 -0.000000 0.000000 0.000000 0.000090 39.262554 179.999939 179.999924 -140.737503 179.999954 179.999985 -153.851151 0.000000 -0.000000 0.000000 170.000000 179.999893 -145.281204 179.999939 179.999924 -145.281219 179.999939 179.999985 -156.877289 0.000000 -0.000000 0.000000 160.000000 179.999908 -161.889832 179.999939 179.999863 -152.834778 179.999939 179.999954 -161.907944 175.618622 -179.786560 177.620163 169.284607 -179.062241 105.792778 169.645172 177.448608 -176.701843 6.501188 -5.801512 -14.492019 141.737991 126.393044 164.732513 179.999954 179.999969 166.029266 179.999985 179.999985 170.695496 180.000000 -180.000000 -179.999985 165.000000 -179.999969 152.132141 179.999985 -179.999985 157.199051 179.999985 -179.999985 164.039337 180.000000 -180.000000 -179.999985 179.999985 179.999969 148.091324 0.000004 0.000037 -31.908667 0.000019 0.000019 -21.251192 180.000000 -180.000000 -179.999985 10.000020 -0.000031 -28.917700 0.000004 -0.000045 -28.917692 179.999985 -179.999969 160.740814 180.000000 -180.000000 -179.999985 20.000027 -0.000041 -25.015898 0.000018 -0.000073 -37.523842 179.999985 -179.999939 155.009125
-0.848124 99.536804 57.637566 26.713440 0.668024 18.984238 171.455765 -161.908646 164.666458 179.273407 165.513870 174.181168 178.230804 -177.047119 -175.061447 161.539886 -122.838287 -161.059921 13.226047 121.682236 0.163153 176.460449 -158.252594 -172.136459 179.781998 173.416962 -178.883713 179.782135 173.540588 -178.122375 178.605499 175.263916 -177.673355 0.000036 2.583026 1.374912 0.000038 3.013541 1.424017 160.013718 177.629608 -179.966385 2.631315 3.074168 -3.545565 7.243557 -3.807432 61.777489 7.845569 -5.460420 -0.004277 176.559113 -169.388824 -178.128143 35.688217 46.971264 4.169673 0.000007 -0.000035 10.765910 0.000015 -0.000013 7.170093 180.000000 180.000000 -180.000000 15.000008 0.000078 35.043629 179.999969 179.999939 -151.327957 179.999969 179.999985 -159.929565 180.000000 180.000000 -180.000000 179.999985 179.999649 -140.728714 179.999771 179.999741 -140.728729 179.999771 179.999969 -153.845322 180.000000 180.000000 -180.000000 169.999985 179.999908 -145.317673 179.999954 179.999939 -145.317673 179.999954 179.999985 -156.901581 180.000000 180.000000 -180.000000 159.999969 179.999847 -161.914078 179.999908 179.999817 -152.871094 179.999878 179.999924 -161.932159 175.628662 -179.802414 177.649399 169.201462 -179.008209 105.787682 169.639603 177.520584 -176.638962 6.512054 -5.884079 -14.465056 141.691696 126.315514 164.541473 179.999939 179.999969 165.968002 179.999969 179.999985 170.654678 0.000000 -0.000000 0.000000 165.000000 -179.999954 152.113693 179.999985 -179.999969 157.183929 179.999985 -179.999985 164.028748 0.000000 -0.000000 0.000000 0.000012 -0.000053 -31.803192 179.999985 -179.999939 148.196793 179.999985 -179.999985 158.819077 0.000000 -0.000000 0.000000 10.000026 -0.000051 -28.947924 0.000003 -0.000061 -28.947933 179.999985 -179.999969 160.720673 0.000000 -0.000000 0.000000 20.000051 -0.000068 -25.051191 0.000025 -0.000111 -37.576813 179.999985 -179.999939 154.973831
-0.861958 99.615326 57.810497 26.667702 0.666871 19.083008 170.840881 -161.907913 164.687958 179.007141 165.728363 174.178375 179.147278 -177.084229 -175.113480 160.833054 -121.347038 -160.296982 13.676415 121.672127 0.334060 176.609222 -157.913773 -172.241165 179.774918 173.440445 -178.893646 179.775040 173.563553 -178.138443 178.576874 175.278915 -177.697388 0.000045 2.637436 1.366296 0.000046 3.077003 1.415095 160.053726 177.587357 -179.985306 2.638047 3.153043 -3.534689 7.383638 -4.004447 61.680855 8.149811 -5.528981 0.107863 176.688141 -169.455765 -178.156845 35.766415 47.164608 4.241266 179.999954 -179.999985 -169.268967 179.999969 -179.999985 -172.853134 180.000000 180.000000 -180.000000 15.000016 -0.000049 34.994991 0.000024 -0.000026 28.632233 0.000028 -0.000008 20.042587 180.000000 180.000000 -180.000000 0.000059 -0.000202 39.059883 0.000176 -0.000123 39.059914 0.000142 0.000008 26.013887 180.000000 180.000000 -180.000000 170.000015 -179.999969 -145.367020 0.000039 -0.000023 34.632965 0.000029 -0.000004 23.065565 180.000000 180.000000 -180.000000 160.000015 -179.999985 -161.983246 0.000019 -0.000022 27.025129 0.000016 -0.000008 17.998726 175.638580 -179.821777 177.693680 169.115982 -178.964951 105.757484 169.676910 177.576981 -176.568802 6.466717 -6.026838 -14.389110 141.653427 126.347488 164.264923 179.999847 -179.999985 165.841827 179.999908 179.999985 170.570648 180.000000 180.000000 -180.000000 165.000000 -180.000000 152.013885 179.999985 179.999985 157.102280 180.000000 179.999985 163.971603 180.000000 180.000000 -180.000000 179.999985 -180.000000 148.092224 179.999985 179.999985 148.092224 180.000000 179.999985 158.749435 180.000000 180.000000 -180.000000 9.999996 0.000005 -29.042210 179.999985 179.999985 150.957809 180.000000 179.999985 160.657898 180.000000 180.000000 -180.000000 19.999996 0.000002 -25.167130 180.000000 -179.999985 142.249298 180.000000 -180.000000 154.858032
-0.877795 99.686981 57.978832 26.645483 0.672588 19.173267 170.437256 -161.881378 164.657349 178.625717 165.843094 174.198944 179.973541 -177.120514 -175.185516 160.519196 -120.177574 -159.976044 14.442572 120.671165 0.850486 176.812805 -158.174149 -172.404282 179.759949 173.478592 -178.900848 179.760086 173.600784 -178.149368 178.511002 175.302002 -177.718475 0.000037 2.702766 1.347144 0.000045 3.153230 1.395268 160.122803 177.538284 179.987808 2.592432 3.206959 -3.430801 7.588671 -4.084400 61.488655 8.666907 -5.606784 0.256833 176.450500 -169.620697 -178.266922 34.610462 46.934486 3.725607 179.999481 179.998505 -168.981613 179.999466 179.999084 -172.661758 0.000000 -0.000000 0.000000 15.000010 -0.000037 35.021988 0.000025 -0.000027 28.654371 0.000022 -0.000006 20.058060 0.000000 -0.000000 0.000000 0.000012 -0.000025 39.214058 0.000023 -0.000016 39.214046 0.000023 0.000002 26.116570 0.000000 -0.000000 0.000000 170.000000 -179.999969 -145.343445 0.000031 -0.000017 34.656544 0.000021 0.000001 23.081274 0.000000 -0.000000 0.000000 159.999908 179.999802 -161.921829 179.999786 179.999756 -152.882706 179.999802 179.999924 -161.939911 175.651367 -179.858047 177.749100 169.078201 -178.950531 105.686798 169.724854 177.594772 -176.485794 6.486107 -6.073025 -14.412051 141.423798 126.168648 163.691132 179.999969 -179.999985 165.691391 179.999985 -179.999985 170.470474 0.000000 -0.000000 0.000000 164.999985 179.999985 151.975372 179.999985 179.999985 157.070770 180.000000 179.999985 163.949539 0.000000 -0.000000 0.000000 179.999985 179.999985 148.032074 179.999985 179.999985 148.032059 0.000002 0.000014 -21.290653 0.000000 -0.000000 0.000000 9.999985 0.000004 -29.096134 179.999985 179.999985 150.903870 180.000000 179.999985 160.621964 0.000000 -0.000000 0.000000 19.999994 0.000011 -25.237474 179.999985 179.999985 142.143814 0.000001 0.000018 -25.212229
-0.894576 99.749733 58.147686 26.647924 0.677179 19.252382 170.046722 -161.857803 164.623749 178.107681 165.944763 174.236618 0.897656 -2.855319 4.707573 160.220566 -119.000008 -159.727997 15.455393 120.024910 1.670972 177.024139 -158.081406 -172.649261 179.738266 173.520645 -178.906982 179.738434 173.641754 -178.158051 178.413498 175.325912 -177.739868 0.000045 2.772467 1.324197 0.000065 3.234536 1.371501 160.207596 177.486328 179.958282 2.513007 3.234624 -3.252771 7.956960 -4.128389 61.312832 8.910251 -5.622056 0.297062 176.434662 -169.674088 -178.315369 36.141621 47.347076 4.308840 0.000004 -0.000012 10.565150 180.000000 -179.999985 -172.963608 0.000001 -0.000000 0.000000 15.000010 -0.000035 35.050724 0.000021 -0.000020 28.677872 0.000015 -0.000003 20.074480 0.000001 -0.000000 0.000000 179.999969 179.999893 -140.730621 179.999908 179.999939 -140.730606 179.999939 -179.999985 -153.846603 0.000001 -0.000000 0.000000 170.000015 -179.999969 -145.323090 0.000025 -0.000017 34.676907 0.000019 -0.000000 23.094826 0.000001 -0.000000 0.000000 160.000092 -179.999847 -162.154175 0.000195 -0.000182 26.768726 0.000171 -0.000053 17.827976 175.663101 -179.885590 177.818176 169.041092 -178.938629 105.619034 169.812744 177.608795 -176.407867 6.523878 -6.087854 -14.487180 141.245667 126.166710 163.345551 179.999985 -179.999985 165.601883 179.999985 179.999985 170.410843 0.000000 0.000002 0.000000 164.999985 179.999985 151.932693 179.999985 179.999985 157.035858 180.000000 179.999985 163.925079 0.000000 0.000002 0.000000 179.999985 179.999985 147.973846 179.999985 179.999985 147.973816 0.000005 0.000017 -21.329424 0.000000 0.000002 0.000000 9.999984 0.000009 -29.137211 179.999985 179.999985 150.862793 180.000000 179.999985 160.594604 0.000000 0.000002 0.000000 19.999979 0.000010 -25.286722 179.999985 179.999985 142.069901 0.000003 0.000025 -25.261459
-0.908247 99.804459 58.315754 26.679396 0.668626 19.316919 169.618988 -161.854691 164.600037 177.953583 166.022308 174.344330 1.461673 -2.854561 4.634949 159.903259 -117.811745 -159.543991 16.595093 119.384552 2.624715 177.194977 -158.010712 -172.923340 179.708923 173.564728 -178.907043 179.709106 173.684601 -178.156052 178.277985 175.348831 -177.751129 0.000070 2.848290 1.293108 0.000094 3.322999 1.339310 160.299789 177.430908 179.922760 2.439065 3.250912 -3.089596 8.403937 -4.172118 61.168621 8.964313 -5.642627 0.291554 176.543564 -169.708054 -178.317551 36.063686 47.398872 4.269605 180.000000 -179.999985 -169.430283 0.000016 -0.000015 7.039437 0.000000 -0.000000 0.000000 15.000034 -0.000119 35.056686 0.000071 -0.000060 28.682720 0.000067 -0.000014 20.077927 0.000000 -0.000000 0.000000 0.000051 -0.000110 39.097904 0.000112 -0.000058 39.097923 0.000080 0.000018 26.039207 0.000000 -0.000000 0.000000 170.000015 -179.999969 -145.294205 0.000035 -0.000018 34.705788 0.000025 0.000004 23.114054 0.000000 -0.000000 0.000000 160.000015 -179.999985 -161.960464 0.000030 -0.000023 27.059305 0.000020 -0.000003 18.021479 175.675629 -179.903717 177.869202 169.080414 -178.964752 105.523285 169.892960 177.574142 -176.340134 6.550517 -6.051369 -14.564488 141.114502 126.208099 163.084366 180.000000 -179.999985 165.525467 180.000000 -179.999985 170.359970 0.000000 0.000002 0.000000 165.000000 179.999985 151.862503 180.000000 179.999985 156.978409 0.000000 0.000013 -16.115101 0.000000 0.000002 0.000000 179.999985 179.999985 147.916336 180.000000 179.999985 147.916351 0.000001 0.000012 -21.367712 0.000000 0.000002 0.000000 9.999994 0.000008 -29.177683 0.000000 0.000005 -29.177694 180.000000 179.999985 160.567673 0.000000 0.000002 0.000000 19.999989 0.000010 -25.345846 180.000000 179.999985 141.981216 0.000003 0.000015 -25.320496
-0.916518 99.850266 58.480202 26.738115 0.647067 19.361868 169.094681 -161.852982 164.603745 178.011871 166.105545 174.477982 1.870186 -2.869893 4.593866 159.530090 -116.590073 -159.411804 17.672268 118.801636 3.512288 177.304214 -157.930939 -173.197922 179.673996 173.608307 -178.899414 179.674210 173.726807 -178.140854 178.113739 175.369278 -177.747955 0.000099 2.927560 1.255363 0.000124 3.415475 1.300222 160.387558 177.373886 179.882355 2.361316 3.253137 -2.946124 8.961163 -4.220820 61.039993 8.897367 -5.711152 0.271710 176.680634 -169.733292 -178.309677 35.891712 47.452717 4.217671 0.000020 -0.000022 10.608805 0.000008 -0.000009 7.065463 0.000001 -0.000000 0.000000 14.999999 0.000016 35.280190 179.999985 179.999985 -151.134399 179.999985 180.000000 -159.794083 0.000001 -0.000000 0.000000 180.000000 -180.000000 -140.688965 0.000003 -0.000001 39.311047 180.000000 180.000000 -153.818848 0.000001 -0.000000 0.000000 170.000015 -179.999985 -145.232697 0.000008 -0.000003 34.767296 0.000007 0.000002 23.155016 0.000001 -0.000000 0.000000 160.000015 -179.999985 -161.921631 180.000000 179.999985 -152.882431 180.000000 -180.000000 -161.939697 175.728775 -179.934662 177.874664 169.077499 -178.996140 105.452461 169.986069 177.552414 -176.263916 6.625395 -5.934021 -14.717341 141.060593 126.308670 162.989532 180.000000 -180.000000 165.486298 0.000003 0.000002 -9.666120 0.000000 -0.000000 0.000000 165.000000 179.999985 151.807999 180.000000 179.999985 156.933838 180.000000 179.999985 163.853699 0.000000 -0.000000 0.000000 0.000003 0.000001 -32.118404 180.000000 179.999985 147.881592 0.000001 -0.000003 -21.390856 0.000000 -0.000000 0.000000 10.000003 -0.000001 -29.201466 180.000000 -179.999985 150.798538 180.000000 -179.999985 160.551834 0.000000 -0.000000 0.000000 20.000006 -0.000000 -25.378050 180.000000 -180.000000 141.932938 0.000000 0.000000 -25.352669
-0.916285 99.886871 58.638729 26.816389 0.613539 19.381014 168.598953 -161.896179 164.627960 178.335785 166.194778 174.632843 1.945385 -2.900876 4.606293 159.156281 -115.340874 -159.326263 18.589453 118.303986 4.258933 177.353958 -157.826157 -173.441177 179.636108 173.646667 -178.883041 179.636337 173.763824 -178.110825 177.932541 175.384384 -177.727051 0.000126 3.006428 1.215580 0.000151 3.507481 1.259014 160.461029 177.317490 179.840302 2.229862 3.223119 -2.772941 9.648779 -4.274667 60.871460 8.699133 -5.798053 0.238092 176.832870 -169.755630 -178.288544 35.567173 47.506298 4.223799 0.000009 -0.000009 10.743763 0.000012 -0.000002 7.155343 0.000000 0.000000 -0.000003 14.999991 0.000014 35.235191 179.999985 179.999985 -151.171204 179.999985 180.000000 -159.819839 0.000000 0.000000 -0.000003 180.000000 179.999985 -140.683014 179.999985 180.000000 -140.682983 180.000000 -179.999985 -153.814896 0.000000 0.000000 -0.000003 170.000000 179.999985 -145.198792 180.000000 180.000000 -145.198807 180.000000 -179.999985 -156.822403 0.000000 0.000000 -0.000003 160.000000 179.999985 -161.918198 180.000000 179.999985 -152.877274 179.999985 180.000000 -161.936279 175.737183 -179.945618 177.866394 169.079346 -179.044708 105.382095 170.111511 177.594223 -176.189575 6.695921 -5.778625 -14.896252 141.084763 126.377800 162.981537 0.000000 0.000000 -14.540705 180.000000 -180.000000 170.315872 180.000000 -180.000000 -179.999985 165.000000 -180.000000 151.775726 180.000000 -180.000000 156.907440 180.000000 -180.000000 163.835220 180.000000 -180.000000 -179.999985 0.000005 -0.000004 -32.122295 0.000003 -0.000003 -32.122292 180.000000 -179.999985 158.606552 180.000000 -180.000000 -179.999985 10.000004 -0.000002 -29.194405 180.000000 -179.999985 150.805603 180.000000 -179.999985 160.556534 180.000000 -180.000000 -179.999985 20.000006 -0.000004 -25.380329 0.000003 -0.000010 -38.070507 180.000000 -179.999985 154.645065
-0.910658 99.923119 58.798862 26.910248 0.571841 19.395681 168.055435 -161.971649 164.663177 178.752533 166.327164 174.791626 1.945106 -2.937249 4.650649 158.824371 -114.072586 -159.307190 19.497976 117.832703 5.026070 177.334183 -157.669006 -173.670898 179.594315 173.683777 -178.864319 179.594559 173.799545 -178.076614 177.732346 175.397476 -177.702667 179.999969 176.922638 -178.836243 179.999969 176.409744 -178.794678 160.557495 177.269760 179.794800 2.117277 3.195807 -2.661272 10.414208 -4.386855 60.774921 8.396814 -5.941880 0.200074 177.088791 -169.646820 -178.286469 35.027988 47.798912 4.712244 179.999710 179.999847 -168.830719 179.999771 179.999954 -172.561249 180.000000 -180.000000 179.999985 14.999043 -0.000200 35.141521 179.999466 -179.999420 -151.247818 179.999863 -179.999466 -159.873474 180.000000 -180.000000 179.999985 179.998856 -179.999786 -140.680573 179.999252 -179.999100 -140.680542 179.999985 -179.999222 -153.813217 180.000000 -180.000000 179.999985 169.999374 -179.999878 -145.196182 179.999557 -179.999542 -145.196213 179.999939 -179.999588 -156.820663 180.000000 -180.000000 179.999985 159.999420 -179.999878 -161.916275 179.999207 -179.999573 -152.874390 179.999664 -179.999496 -161.934326 175.748672 -179.951859 177.844269 169.059387 -179.103714 105.326035 170.237411 177.670990 -176.114990 6.762755 -5.602664 -15.099998 141.061951 126.425041 163.005844 179.999985 179.999969 165.474289 179.999985 179.999985 170.325882 0.000000 -0.000000 0.000000 165.000107 -179.999832 151.756653 0.000014 -0.000163 -23.108131 179.999969 -179.999878 163.824280 0.000000 -0.000000 0.000000 0.000248 -0.000312 -32.121708 0.000043 -0.000393 -32.121681 179.999893 -179.999756 158.606979 0.000000 -0.000000 0.000000 10.000272 -0.000310 -29.189411 0.000074 -0.000401 -29.189386 179.999924 -179.999741 160.559860 0.000000 -0.000000 0.000000 20.000273 -0.000319 -25.386171 0.000175 -0.000612 -38.079292 179.999847 -179.999603 154.639206
-0.887985 99.940483 58.941044 27.012245 0.532142 19.345049 167.734314 -162.123566 164.689636 178.958984 166.472015 174.918060 1.900589 -2.985004 4.684225 158.321136 -112.750046 -159.174820 19.796770 117.543114 5.132792 177.360138 -157.550339 -173.806213 179.558929 173.709610 -178.827545 179.559189 173.824158 -178.012817 177.555984 175.401947 -177.636795 0.000041 3.165160 1.147169 0.000045 3.692686 1.188151 160.524124 177.201736 179.758514 1.997317 3.179366 -2.566062 11.317188 -4.598810 60.650394 7.824504 -6.135172 0.107343 177.138641 -169.815552 -178.211533 34.995945 47.462208 3.680670 0.002514 0.000194 10.728341 0.001644 0.000438 7.145098 0.000000 -0.000001 0.000000 14.999174 -0.000364 34.942368 179.999603 -179.999374 -151.410828 179.999985 -179.999481 -159.987549 0.000000 -0.000001 0.000000 179.999680 -179.999847 -140.976929 179.999832 -179.999695 -140.976944 0.000037 -0.000235 25.989347 0.000000 -0.000001 0.000000 169.998444 -179.999374 -145.172379 179.999069 -179.998596 -145.172348 0.000026 -0.001121 23.195202 0.000000 -0.000001 0.000000 159.999588 -179.999832 -162.030991 179.999466 -179.999557 -153.046494 179.999832 -179.999573 -162.048965 175.700165 -179.974335 177.778595 168.944214 -179.120026 105.320282 170.468521 177.916077 -176.060760 6.826389 -5.358778 -15.314999 141.246262 126.469078 163.212662 179.999924 179.999893 165.484207 179.999969 179.999924 170.332489 0.000000 -0.000000 0.000000 165.000137 -179.999802 151.783844 0.000015 -0.000192 -23.085945 179.999969 -179.999863 163.839828 0.000000 -0.000000 0.000000 0.000248 -0.000337 -32.063545 0.000033 -0.000419 -32.063557 179.999878 -179.999756 158.645676 0.000000 -0.000000 0.000000 10.000253 -0.000326 -29.128363 0.000069 -0.000407 -29.128376 179.999908 -179.999725 160.600540 0.000000 -0.000000 0.000000 20.000259 -0.000323 -25.321115 0.000136 -0.000596 -37.981655 179.999832 -179.999634 154.704208
-0.861596 99.947945 59.074265 27.110281 0.496112 19.260883 167.587128 -162.320480 164.704666 178.994598 166.614502 175.042587 1.846439 -3.044013 4.707600 157.883057 -111.478889 -158.947235 20.024981 117.298325 5.218641 177.421112 -157.488373 -173.883072 179.527832 173.728668 -178.781570 179.528137 173.842133 -177.933960 177.396790 175.401321 -177.549408 0.000014 3.217635 1.108359 0.000027 3.753906 1.147954 160.522949 177.166733 179.721222 1.896647 3.174442 -2.545732 11.931355 -4.722011 60.522102 7.417404 -6.142576 0.068625 177.096268 -170.038376 -178.100235 34.685524 48.180740 4.996901 179.999802 179.999954 -168.609009 179.999863 -179.999985 -172.413605 180.000000 180.000000 -180.000000 14.999379 -0.000346 34.777977 179.999756 -179.999481 -151.545303 0.000015 -0.000408 19.918295 180.000000 180.000000 -180.000000 179.998810 -179.999344 -140.919678 179.999496 -179.998749 -140.919678 0.000254 -0.000864 26.027487 180.000000 180.000000 -180.000000 169.999283 -179.999588 -145.505829 179.999634 -179.999268 -145.505814 0.000079 -0.000544 22.973122 180.000000 180.000000 -180.000000 159.999466 -179.999695 -162.077896 179.999390 -179.999298 -153.116837 179.999847 -179.999390 -162.095810 175.646301 -179.958420 177.704041 168.776581 -179.141937 105.330048 170.740799 178.183136 -176.023010 6.853578 -5.218730 -15.475330 141.465073 126.471222 163.288315 179.999893 179.999954 165.419388 179.999939 179.999954 170.289307 0.000000 -0.000000 0.000000 165.000290 -179.999588 151.786865 0.000060 -0.000414 -23.083513 179.999924 -179.999725 163.841568 0.000000 -0.000000 0.000000 0.000373 -0.000476 -32.004642 0.000072 -0.000608 -32.004623 179.999832 -179.999634 158.684906 0.000000 -0.000000 0.000000 10.000375 -0.000461 -29.070847 0.000106 -0.000586 -29.070843 179.999878 -179.999619 160.638824 0.000000 -0.000000 0.000000 20.000345 -0.000428 -25.259409 0.000199 -0.000813 -37.889095 179.999771 -179.999496 154.765884
-0.834077 99.948792 59.200752 27.198116 0.459989 19.154968 167.483994 -162.524780 164.722595 178.972656 166.742615 175.150528 1.808092 -3.115655 4.738453 157.265427 -110.252670 -158.503616 20.063202 117.085754 5.053949 177.501694 -157.503922 -173.900833 179.501556 173.742325 -178.730057 179.501907 173.854782 -177.846191 177.258240 175.397125 -177.448227 0.000074 3.288188 1.097431 0.000076 3.836221 1.136622 160.468765 177.111832 179.692154 1.858346 3.181382 -2.518698 12.673942 -4.943511 60.437084 6.806077 -6.230594 -0.114950 176.957947 -170.302872 -177.976196 34.989040 47.484707 4.299765 0.000963 0.000552 11.037512 0.000555 0.000486 7.350970 0.000000 -0.000000 0.000000 14.999568 -0.000286 34.662216 179.999847 -179.999603 -151.640015 0.000031 -0.000298 19.852005 0.000000 -0.000000 0.000000 179.999557 -179.999710 -141.181381 179.999847 -179.999481 -141.181381 0.000128 -0.000335 25.853203 0.000000 -0.000000 0.000000 169.999512 -179.999664 -145.637482 179.999802 -179.999451 -145.637512 0.000094 -0.000381 22.885437 0.000000 -0.000000 0.000000 159.999573 -179.999664 -162.166916 179.999512 -179.999313 -153.250366 179.999924 -179.999451 -162.184723 175.531494 -179.966446 177.630264 168.653427 -179.119614 105.346451 171.033325 178.417923 -175.992859 6.883090 -5.078010 -15.612021 141.541702 126.397102 163.219833 179.999924 179.999985 165.361588 179.999954 179.999985 170.250809 180.000000 180.000000 179.999985 165.000778 -179.999084 151.792755 0.000204 -0.000950 -23.078638 179.999878 -179.999329 163.844940 180.000000 180.000000 179.999985 0.000439 -0.000494 -31.875647 0.000111 -0.000648 -31.875647 179.999847 -179.999588 158.770813 180.000000 180.000000 179.999985 10.000453 -0.000522 -28.956781 0.000152 -0.000678 -28.956808 179.999878 -179.999542 160.714767 180.000000 180.000000 179.999985 20.000368 -0.000439 -25.141327 0.000230 -0.000838 -37.711998 179.999786 -179.999466 154.883820
-0.810888 99.943344 59.321899 27.269001 0.414522 19.040640 167.433990 -162.729141 164.756668 178.947723 166.825760 175.248398 1.732707 -3.205504 4.713285 156.473862 -109.108002 -157.840591 19.985584 116.875725 4.741343 177.583801 -157.601852 -173.898773 179.480865 173.745499 -178.676819 179.481247 173.857254 -177.755966 177.144821 175.386642 -177.341476 0.000102 3.355717 1.095914 0.000122 3.915002 1.135059 160.401596 177.057648 179.668732 1.904540 3.205218 -2.534549 13.293124 -5.171980 60.409977 6.205457 -6.288572 -0.368641 176.742996 -170.582291 -177.860580 34.510548 47.894585 4.560651 179.999878 -179.999863 -168.699600 179.999954 -179.999908 -172.473923 180.000000 -180.000000 179.999985 14.999693 -0.000211 34.579628 179.999908 -179.999725 -151.707535 0.000033 -0.000208 19.804701 180.000000 -180.000000 179.999985 179.999741 -179.999802 -141.274277 179.999939 -179.999695 -141.274246 0.000085 -0.000193 25.791334 180.000000 -180.000000 179.999985 169.999741 -179.999786 -145.744415 179.999924 -179.999695 -145.744400 0.000069 -0.000211 22.814219 180.000000 -180.000000 179.999985 159.999741 -179.999741 -162.266495 179.999741 -179.999512 -153.399750 179.999985 -179.999634 -162.284225 175.444550 -179.977219 177.541061 168.480774 -179.067154 105.389366 171.343765 178.604324 -175.969315 6.939027 -4.940014 -15.733722 141.532181 126.288246 163.111969 179.999985 179.999985 165.330032 179.999985 179.999985 170.229797 0.000000 -0.000000 0.000000 165.000504 -179.999527 152.140106 0.000175 -0.000533 -22.794439 179.999985 -179.999603 164.043900 0.000000 -0.000000 0.000000 0.000468 -0.000440 -31.725710 0.000168 -0.000618 -31.725731 179.999878 -179.999588 158.870651 0.000000 -0.000000 0.000000 10.000497 -0.000470 -28.800726 0.000204 -0.000651 -28.800732 179.999908 -179.999557 160.818726 0.000000 -0.000000 0.000000 20.000389 -0.000386 -25.007547 0.000283 -0.000780 -37.511322 179.999847 -179.999466 155.017456
-0.797835 99.933678 59.435516 27.317593 0.363812 18.934814 167.481445 -162.930557 164.810654 178.823669 166.892578 175.284576 1.679407 -3.273118 4.665125 155.449936 -108.054779 -156.932526 19.754082 116.641418 4.212538 177.616699 -157.783127 -173.877533 179.466553 173.737747 -178.628052 179.466980 173.849091 -177.673538 177.062012 175.370728 -177.242111 0.000074 3.426425 1.114339 0.000093 3.997499 1.154146 160.312607 176.997223 179.654877 1.946368 3.207180 -2.574691 13.768275 -5.410137 60.465164 5.654403 -6.225845 -0.682957 176.442490 -170.906448 -177.782410 34.278072 47.683117 4.161625 179.999985 -179.999954 -168.759811 179.999985 -179.999954 -172.514038 180.000000 -180.000000 179.999985 14.999905 -0.000075 34.502754 179.999985 -179.999893 -151.770462 0.000016 -0.000068 19.760681 180.000000 -180.000000 179.999985 179.999985 -179.999985 -141.356735 180.000000 -179.999969 -141.356705 0.000018 -0.000021 25.736423 180.000000 -180.000000 179.999985 169.999939 -179.999924 -145.819290 180.000000 -179.999893 -145.819275 0.000034 -0.000057 22.764370 180.000000 -180.000000 179.999985 159.999924 -179.999863 -162.348328 179.999969 -179.999771 -153.522446 0.000039 -0.000149 17.634050 175.357651 -179.958511 177.463165 168.328873 -179.017838 105.421417 171.648834 178.713303 -175.942505 7.004062 -4.753674 -15.833739 141.400818 126.153839 162.919754 179.999985 180.000000 165.317413 179.999985 -179.999985 170.221390 0.000000 -0.000000 0.000000 165.000336 -179.999741 152.329391 0.000139 -0.000313 -22.639576 0.000005 -0.000238 -15.847715 0.000000 -0.000000 0.000000 0.000402 -0.000318 -31.570105 0.000181 -0.000481 -31.570122 179.999939 -179.999664 158.974289 0.000000 -0.000000 0.000000 10.000442 -0.000354 -28.634251 0.000219 -0.000519 -28.634247 179.999969 -179.999619 160.929596 0.000000 -0.000000 0.000000 20.000351 -0.000304 -24.873247 0.000301 -0.000641 -37.309879 179.999908 -179.999542 155.151611
-0.796601 99.922119 59.542942 27.335491 0.309926 18.848030 167.629440 -163.132095 164.879898 178.546661 166.942581 175.243423 1.707810 -3.325079 4.583628 154.346466 -107.107613 -155.896591 19.373476 116.366669 3.482375 177.530670 -158.035995 -173.829269 179.459579 173.719284 -178.588470 179.460007 173.830612 -177.606918 177.015564 175.350662 -177.160019 0.000043 3.472374 1.130870 0.000049 4.051110 1.171248 160.271698 176.956909 179.649185 2.072614 3.227636 -2.657323 14.042209 -5.612146 60.578178 5.211533 -6.145543 -0.983723 176.235001 -170.981232 -177.819138 34.129765 47.525238 3.922448 0.000002 0.000005 11.213369 0.000001 -0.000009 7.468102 180.000000 -180.000000 180.000000 14.999987 -0.000006 34.455868 180.000000 -179.999985 -151.808823 0.000004 -0.000008 19.733818 180.000000 -180.000000 180.000000 0.000024 0.000050 38.613052 180.000000 179.999954 -141.386917 179.999985 179.999985 -154.283676 180.000000 -180.000000 180.000000 170.000000 -179.999985 -145.868607 0.000004 -0.000010 34.131416 180.000000 -179.999985 -157.268478 180.000000 -180.000000 180.000000 160.000061 179.999573 -162.565445 179.999878 179.999329 -153.848160 179.999741 179.999649 -162.582855 175.308945 -179.921082 177.390961 168.134918 -178.951996 105.469292 171.925949 178.725296 -175.899948 7.116704 -4.543346 -15.945065 141.157166 126.086479 162.628555 0.000046 0.000008 -14.703214 0.000039 0.000003 -9.792336 0.000000 -0.000000 0.000000 165.000137 -179.999924 152.457825 0.000057 -0.000098 -22.534531 0.000010 -0.000081 -15.774151 0.000000 -0.000000 0.000000 0.000308 -0.000199 -31.440918 0.000164 -0.000335 -31.440908 179.999985 -179.999756 159.060333 0.000000 -0.000000 0.000000 10.000380 -0.000253 -28.497974 0.000225 -0.000408 -28.497984 0.000001 -0.000308 -18.979666 0.000000 -0.000000 0.000000 20.000257 -0.000190 -24.750219 0.000250 -0.000428 -37.125366 179.999969 -179.999664 155.274521
-0.807347 99.911247 59.645332 27.334700 0.258693 18.785133 167.849731 -163.317139 164.963623 178.241592 166.947205 175.157837 1.717243 -3.369627 4.443205 153.113327 -106.227829 -154.808823 18.738487 116.044708 2.429835 177.333755 -158.353394 -173.805603 179.457779 173.695297 -178.560776 179.458206 173.806870 -177.560455 176.996704 175.329895 -177.101654 180.000000 176.462265 -178.810883 179.999985 175.872635 -178.768417 160.185074 176.893127 179.660126 2.212429 3.249729 -2.695809 14.312987 -5.972041 60.764252 4.619924 -6.081255 -1.318267 176.083450 -170.988998 -177.992615 33.995785 47.341232 3.689826 179.999985 179.999893 -168.811646 179.999985 179.999908 -172.548553 0.000000 -0.000000 0.000000 15.000026 0.000033 34.434837 180.000000 179.999985 -151.826065 179.999985 179.999985 -160.278244 0.000000 -0.000000 0.000000 0.000005 0.000081 38.619495 179.999969 179.999939 -141.380508 179.999954 179.999985 -154.279419 0.000000 -0.000000 0.000000 170.000000 179.999985 -145.882111 179.999985 179.999985 -145.882095 179.999985 179.999985 -157.277481 0.000000 -0.000000 0.000000 160.000183 -179.999634 -162.070969 0.000429 -0.000438 26.893560 0.000374 -0.000130 17.911093 175.203430 -179.864258 177.364578 168.003998 -178.861877 105.496689 172.186005 178.683243 -175.850082 7.240187 -4.265457 -16.051191 140.807053 126.076469 162.305084 0.000091 0.000031 -14.699103 0.000066 0.000007 -9.789605 0.000000 -0.000000 0.000000 164.999969 179.999985 152.514236 179.999985 179.999985 157.511627 180.000000 179.999985 164.258148 0.000000 -0.000000 0.000000 0.000161 -0.000086 -31.334562 0.000094 -0.000158 -31.334564 180.000000 -179.999878 159.131180 0.000000 -0.000000 0.000000 10.000236 -0.000125 -28.367933 0.000143 -0.000225 -28.367929 0.000016 -0.000181 -18.893049 0.000000 -0.000000 0.000000 20.000196 -0.000117 -24.658726 0.000194 -0.000267 -36.988159 180.000000 -179.999771 155.365906
-0.825509 99.901321 59.743011 27.207829 0.185288 18.757641 168.234116 -163.536331 165.025238 177.904099 166.943649 175.028946 1.724475 -3.375479 4.260877 152.112610 -105.485672 -153.903244 18.078321 115.650429 1.334787 177.067307 -158.725388 -173.859344 179.472839 173.641830 -178.551498 179.473282 173.754639 -177.545868 177.060455 175.296539 -177.077209 179.999969 176.416321 -178.752258 179.999969 175.819061 -178.707687 160.129898 176.844788 179.678314 2.344481 3.274797 -2.756343 14.223469 -6.344896 60.994717 4.240300 -5.775433 -1.586520 175.931259 -170.889648 -178.218002 33.635422 47.010906 3.367268 0.000006 0.000008 11.242501 0.000002 0.000008 7.487518 0.000000 -0.000000 0.000000 14.999993 0.000086 34.430363 179.999969 179.999954 -151.829697 179.999969 179.999985 -160.280792 0.000000 -0.000000 0.000000 179.999939 179.999893 -141.345367 179.999878 179.999954 -141.345398 179.999924 -179.999985 -154.256012 0.000000 -0.000000 0.000000 169.999939 179.999939 -145.885147 179.999924 179.999985 -145.885132 179.999954 -179.999985 -157.279510 0.000000 -0.000000 0.000000 159.999756 179.999786 -162.569946 179.999542 179.999817 -153.854935 179.999680 -179.999985 -162.587372 175.195557 -179.792374 177.335281 167.781509 -178.759720 105.557228 172.422028 178.604721 -175.796371 7.374448 -3.954027 -16.169430 140.518524 126.130508 162.109848 0.000090 0.000051 -14.670102 0.000068 0.000021 -9.770291 0.000000 -0.000000 0.000000 164.999908 179.999969 152.515457 179.999954 179.999939 157.512665 179.999985 179.999954 164.258865 0.000000 -0.000000 0.000000 0.000090 -0.000037 -31.276516 0.000056 -0.000077 -31.276522 0.000005 -0.000065 -20.830153 0.000000 -0.000000 0.000000 10.000113 -0.000051 -28.277973 0.000078 -0.000095 -28.277996 0.000014 -0.000081 -18.833118 0.000000 -0.000000 0.000000 20.000105 -0.000043 -24.580210 0.000102 -0.000121 -36.870308 0.000006 -0.000111 -24.555622
-0.842749 99.895485 59.834488 27.016436 0.118985 18.757433 168.650452 -163.727722 165.065094 177.594574 166.919693 174.877884 1.750689 -3.359717 4.089015 151.284546 -104.839760 -153.193542 17.386971 115.185402 0.174115 176.714233 -159.115585 -173.968018 179.496124 173.582596 -178.555817 179.496552 173.696991 -177.554550 177.166641 175.263596 -177.078903 179.999954 176.368942 -178.681778 179.999939 175.763779 -178.634705 160.083786 176.792923 179.703522 2.432691 3.300665 -2.788181 13.988495 -6.806438 61.239845 3.846265 -5.388852 -1.725454 175.861618 -170.767258 -178.569138 34.371166 47.076668 4.059755 179.999863 179.999832 -168.738632 179.999893 179.999908 -172.499939 0.000000 0.000002 0.000000 14.999934 0.000087 34.497387 179.999908 179.999985 -151.774887 179.999954 -179.999985 -160.242401 0.000000 0.000002 0.000000 179.999878 179.999908 -141.240372 179.999847 -179.999985 -141.240356 179.999924 -179.999924 -154.186081 0.000000 0.000002 0.000000 169.999908 179.999939 -145.831116 179.999893 -179.999985 -145.831100 179.999954 -179.999969 -157.243515 0.000000 0.000002 0.000000 160.000183 -179.999908 -162.182220 0.000300 -0.000052 26.726698 0.000193 0.000060 17.799973 175.185165 -179.735794 177.332245 167.622589 -178.630463 105.601036 172.610123 178.478775 -175.736526 7.503101 -3.634493 -16.291969 140.305862 126.284149 162.084457 0.000047 0.000061 -14.608530 0.000043 0.000033 -9.729274 0.000000 -0.000000 0.000003 164.999939 179.999985 152.475571 179.999985 179.999969 157.480011 179.999985 179.999969 164.236008 0.000000 -0.000000 0.000003 0.000028 -0.000010 -31.235750 0.000018 -0.000020 -31.235756 0.000001 -0.000021 -20.802994 0.000000 -0.000000 0.000003 9.999996 0.000001 -28.216034 180.000000 179.999985 151.783951 180.000000 179.999985 161.208115 0.000000 -0.000000 0.000003 20.000019 -0.000013 -24.530088 0.000043 -0.000036 -36.795170 0.000004 -0.000034 -24.505585
-0.850687 99.895134 59.923862 26.761017 0.067898 18.776304 169.051926 -163.886780 165.075104 177.374710 166.872696 174.742188 1.780140 -3.353360 3.913173 150.778168 -104.301048 -152.771927 16.781965 114.687363 -0.852904 176.289551 -159.457932 -174.183243 179.526337 173.524826 -178.569962 179.526749 173.640945 -177.580170 177.308685 175.235199 -177.098724 179.999954 176.317291 -178.606812 179.999954 175.703506 -178.557053 160.050568 176.736694 179.730865 2.561706 3.328114 -2.813653 13.486178 -7.411028 61.538822 3.444094 -4.821096 -1.794190 175.824478 -170.641678 -178.946304 33.869003 46.586674 3.646737 180.000000 179.999985 -168.638565 180.000000 -180.000000 -172.433289 0.000002 -0.000001 0.000003 14.999896 0.000056 34.641224 179.999908 -179.999985 -151.657135 179.999969 -179.999969 -160.160034 0.000002 -0.000001 0.000003 179.999863 179.999939 -141.078354 179.999878 -179.999969 -141.078339 179.999954 -179.999924 -154.078186 0.000002 -0.000001 0.000003 169.999908 179.999969 -145.738892 179.999908 -179.999985 -145.738892 179.999954 -179.999954 -157.182098 0.000002 -0.000001 0.000003 159.999908 179.999969 -162.431381 179.999847 179.999985 -153.647079 179.999908 -179.999954 -162.448959 175.187866 -179.674393 177.331894 167.446045 -178.493240 105.671013 172.781448 178.397919 -175.706131 7.621155 -3.355210 -16.421186 140.193787 126.517395 162.217499 0.000002 0.000054 -14.528786 0.000004 0.000031 -9.676169 0.000000 -0.000000 0.000003 164.999985 179.999985 152.437912 179.999985 179.999985 157.449219 180.000000 179.999985 164.214432 0.000000 -0.000000 0.000003 0.000016 -0.000006 -31.217382 0.000009 -0.000006 -31.217396 0.000003 -0.000010 -20.790785 0.000000 -0.000000 0.000003 9.999977 0.000005 -28.211706 179.999985 179.999985 151.788284 180.000000 179.999985 161.210999 0.000000 -0.000000 0.000003 19.999996 -0.000007 -24.505356 180.000000 179.999985 143.241928 180.000000 -179.999985 155.519150
-0.841764 99.900566 60.015118 26.447371 0.032964 18.806192 169.390701 -164.025574 165.051178 177.369232 166.822403 174.686920 1.732716 -3.345700 3.717789 150.570068 -103.873100 -152.628876 16.710482 113.847656 -1.430761 176.023544 -160.078949 -174.409927 179.561829 173.472076 -178.590485 179.562195 173.589935 -177.616837 177.478134 175.212631 -177.129776 179.999985 176.260162 -178.531815 179.999985 175.636871 -178.479385 160.030273 176.676056 179.757431 2.631970 3.330795 -2.824325 13.080627 -7.848398 61.774780 3.169809 -4.420102 -1.754799 175.800873 -170.555405 -179.297806 34.229515 46.833290 4.011974 179.999802 179.999985 -168.656281 179.999863 -179.999985 -172.445084 0.000002 -0.000002 -0.000000 14.999886 0.000027 34.796986 179.999908 -179.999969 -151.529755 179.999969 -179.999954 -160.070831 0.000002 -0.000002 -0.000000 179.999985 180.000000 -140.872681 179.999985 -179.999985 -140.872665 179.999985 -179.999985 -153.941193 0.000002 -0.000002 -0.000000 169.999908 179.999985 -145.623520 179.999924 -179.999969 -145.623520 179.999985 -179.999954 -157.105255 0.000002 -0.000002 -0.000000 159.999863 179.999969 -162.340363 179.999802 -179.999985 -153.510559 179.999878 -179.999924 -162.358032 175.199905 -179.621368 177.335281 167.310806 -178.363266 105.740189 172.909943 178.340988 -175.703308 7.719197 -3.150186 -16.551672 140.203018 126.814964 162.499115 0.000017 0.000066 -14.443234 0.000026 0.000042 -9.619195 0.000000 -0.000002 0.000000 165.000015 179.999985 152.405930 0.000016 -0.000001 -22.576986 0.000009 -0.000006 -15.803885 0.000000 -0.000002 0.000000 0.000018 0.000005 -31.214142 0.000021 -0.000010 -31.214128 0.000008 -0.000005 -20.788637 0.000000 -0.000002 0.000000 10.000005 -0.000008 -28.239542 0.000004 -0.000001 -28.239540 0.000001 -0.000003 -18.807545 0.000000 -0.000002 0.000000 19.999969 -0.000019 -24.493713 179.999954 179.999985 143.259399 179.999985 179.999985 155.530762
-0.812999 99.910057 60.110348 26.075792 0.010302 18.840397 169.744904 -164.182770 164.990768 177.389572 166.801682 174.687012 1.707436 -3.335318 3.511108 150.583832 -103.549507 -152.692734 16.800613 112.955544 -1.860602 175.505875 -160.518127 -174.838608 179.601868 173.424011 -178.615082 179.602188 173.543625 -177.660614 177.670807 175.195084 -177.167328 0.000001 3.803027 1.539977 0.000004 4.436877 1.594981 160.021469 176.611099 179.781113 2.677433 3.322599 -2.824854 12.427732 -8.520581 62.102600 2.848633 -3.713356 -1.710214 175.772247 -170.500687 -179.569214 34.390636 46.269543 4.240226 0.000007 0.000001 11.495999 0.000006 -0.000012 7.656345 0.000000 -0.000000 0.000000 14.999922 -0.000000 34.988079 179.999954 -179.999969 -151.373413 179.999985 -179.999969 -159.961380 0.000000 -0.000000 0.000000 179.999863 179.999985 -140.901535 179.999893 -179.999924 -140.901520 179.999985 -179.999908 -153.960419 0.000000 -0.000000 0.000000 169.999954 179.999985 -145.484619 179.999969 -179.999985 -145.484604 179.999985 -179.999969 -157.012756 0.000000 -0.000000 0.000000 159.999939 179.999985 -162.121323 179.999908 -179.999985 -153.181961 179.999969 -179.999954 -162.139191 175.221054 -179.574692 177.338104 167.215073 -178.246323 105.804283 172.999634 178.329529 -175.730545 7.767182 -3.007926 -16.659512 140.151855 126.928558 162.811127 179.999969 179.999985 165.717606 179.999985 179.999985 170.487930 0.000000 -0.000000 0.000000 165.000015 179.999985 152.451843 180.000000 180.000000 157.460602 180.000000 179.999985 164.222412 0.000000 -0.000000 0.000000 180.000000 -179.999985 148.835648 180.000000 179.999985 148.835648 180.000000 -180.000000 159.244553 0.000000 -0.000000 0.000000 9.999993 -0.000009 -28.227184 180.000000 -179.999985 151.772781 180.000000 -179.999985 161.200684 0.000000 -0.000000 0.000000 19.999992 -0.000009 -24.557373 179.999985 -179.999985 143.163925 179.999985 179.999985 155.467163
-0.756709 99.922592 60.204689 25.726576 0.017364 18.863024 169.808945 -164.266647 164.944519 177.718307 166.829010 174.683807 1.653588 -3.311399 3.413472 150.557373 -103.268990 -152.894897 16.829081 112.004936 -2.373420 175.028870 -160.928085 -175.299316 179.637299 173.396851 -178.637115 179.637589 173.517715 -177.699966 177.842651 175.189987 -177.200745 0.000021 3.869458 1.607671 0.000029 4.514389 1.665094 160.018936 176.544373 179.801895 2.685070 3.296971 -2.809101 11.767547 -9.188464 62.428802 2.546679 -3.021777 -1.588938 175.783218 -170.535812 -179.778366 34.407845 46.423267 4.230741 0.000009 -0.000010 11.454644 0.000016 0.000004 7.628785 0.000000 0.000002 0.000000 14.999948 -0.000004 35.159428 179.999985 -179.999985 -151.233170 179.999985 -179.999985 -159.863235 0.000000 0.000002 0.000000 0.000046 0.000009 39.463619 0.000032 0.000032 39.463619 0.000002 0.000029 26.282778 0.000000 0.000002 0.000000 170.000000 -179.999985 -145.358688 179.999985 -179.999985 -145.358734 180.000000 -179.999985 -156.928894 0.000000 0.000002 0.000000 160.000031 179.999985 -161.892426 0.000038 0.000028 27.161367 0.000011 0.000026 18.089458 175.252792 -179.526779 177.343307 167.172119 -178.148453 105.848579 173.045456 178.343994 -175.779175 7.792708 -2.962694 -16.751652 140.280289 127.137794 163.205643 179.999985 179.999985 165.818588 179.999985 179.999985 170.555191 0.000000 0.000000 -0.000003 165.000000 179.999985 152.450516 180.000000 180.000000 157.459564 0.000000 0.000000 -15.778321 0.000000 0.000000 -0.000003 0.000002 -0.000001 -31.175657 180.000000 179.999985 148.824341 0.000001 0.000000 -20.762980 0.000000 0.000000 -0.000003 9.999998 -0.000003 -28.251900 0.000006 -0.000002 -28.251900 0.000000 -0.000007 -18.815756 0.000000 0.000000 -0.000003 20.000006 0.000004 -24.581446 0.000001 0.000004 -36.872181 0.000002 -0.000006 -24.556866
-0.681183 99.935020 60.299694 25.359381 0.035160 18.870707 169.845520 -164.350632 164.919632 178.093231 166.876541 174.705658 1.598270 -3.286463 3.320135 150.768051 -103.101372 -153.305618 17.208075 110.985825 -2.498305 174.604446 -161.315994 -175.741516 179.664185 173.383820 -178.659927 179.664444 173.505478 -177.740036 177.975723 175.191666 -177.239029 0.000037 3.945017 1.668252 0.000055 4.602545 1.727853 160.072525 176.471619 179.819580 2.724265 3.279054 -2.781274 10.974642 -10.002913 62.831123 2.300022 -2.246006 -1.406234 175.737701 -170.722870 -179.959656 34.150364 46.657082 3.938100 179.999969 -179.999969 -168.626144 179.999985 -179.999954 -172.425018 0.000000 -0.000000 0.000000 15.000051 0.000012 35.322453 0.000024 0.000033 28.900190 0.000005 0.000027 20.230137 0.000000 -0.000000 0.000000 179.999969 -179.999985 -140.724075 179.999985 -179.999969 -140.724091 0.000006 -0.000028 26.157745 0.000000 -0.000000 0.000000 170.000000 -179.999985 -145.252289 180.000000 -179.999985 -145.252335 0.000003 -0.000004 23.141966 0.000000 -0.000000 0.000000 159.999985 -179.999985 -162.113937 179.999985 -179.999954 -153.170944 180.000000 -179.999969 -162.131851 175.338638 -179.479599 177.356018 167.173950 -178.083679 105.877518 173.063217 178.401810 -175.850311 7.793471 -3.000188 -16.819391 140.460663 127.255592 163.578461 180.000000 179.999985 165.900330 180.000000 180.000000 170.609619 0.000000 -0.000000 0.000000 165.000000 180.000000 152.459106 180.000000 179.999985 157.466537 0.000002 0.000003 -15.773427 0.000000 -0.000000 0.000000 180.000000 180.000000 148.823303 0.000002 0.000004 -31.176706 0.000001 0.000000 -20.763676 0.000000 -0.000000 0.000000 10.000000 0.000005 -28.259945 180.000000 179.999985 151.740051 0.000001 0.000004 -18.821125 0.000000 -0.000000 0.000000 20.000002 0.000004 -24.574629 0.000002 0.000004 -36.861938 0.000003 0.000004 -24.550043
-0.590612 99.948845 60.389240 24.978346 0.049246 18.879988 169.942261 -164.460251 164.863754 178.400208 166.964691 174.713974 1.567297 -3.229627 3.259787 151.065781 -102.958199 -153.772583 17.640139 109.979095 -2.565805 173.960999 -161.556671 -176.336761 179.691788 173.368271 -178.683487 179.692017 173.490829 -177.781448 178.112152 175.191666 -177.278580 0.000016 4.020111 1.728846 0.000013 4.690140 1.790587 160.131607 176.399185 179.837692 2.742078 3.264875 -2.737401 10.011552 -11.019360 63.303772 1.965876 -1.256895 -1.243695 175.682907 -170.939178 179.903061 35.209312 46.044487 4.875038 0.000647 0.001007 11.506753 0.000267 0.000735 7.663502 180.000000 -180.000000 180.000000 15.000077 0.000037 35.404995 0.000017 0.000059 28.967669 180.000000 179.999969 -159.722626 180.000000 -180.000000 180.000000 0.000923 0.001256 39.904388 179.999924 179.998444 -140.095627 179.999298 179.999237 -153.423691 180.000000 -180.000000 180.000000 170.000366 179.998688 -144.824265 179.999557 179.998734 -144.824265 179.999268 179.999466 -156.572968 180.000000 -180.000000 180.000000 160.000031 -179.999847 -161.636520 0.000132 -0.000221 27.545231 0.000134 -0.000093 18.345098 175.481201 -179.461899 177.380844 167.176682 -177.948303 105.892395 173.027176 178.468491 -175.945084 7.828544 -3.018278 -16.865444 140.639526 127.329903 163.960663 179.999969 179.999985 165.995102 179.999985 179.999985 170.672745 180.000000 -180.000000 179.999985 164.999908 179.999863 152.485336 179.999985 179.999863 157.488022 0.000024 0.000088 -15.758384 180.000000 -180.000000 179.999985 179.999954 179.999924 148.839828 180.000000 179.999908 148.839798 0.000032 0.000048 -20.752689 180.000000 -180.000000 179.999985 9.999986 0.000022 -28.245409 180.000000 179.999985 151.754593 0.000003 0.000020 -18.811428 180.000000 -180.000000 179.999985 19.999933 0.000100 -24.541059 179.999985 179.999832 143.188446 0.000055 0.000106 -24.516512
-0.491931 99.956581 60.479622 24.609251 0.086521 18.842297 169.740417 -164.484848 164.964615 178.965851 167.061615 174.633926 1.548695 -3.183410 3.303369 151.714539 -102.951714 -154.746429 18.244774 109.020035 -2.262904 173.808853 -161.862473 -176.490036 179.710846 173.366730 -178.701920 179.711060 173.489685 -177.813660 178.207809 175.197983 -177.310486 0.000005 4.093698 1.778284 0.000007 4.775989 1.841800 160.209946 176.330154 179.851273 2.739681 3.256981 -2.689057 9.492232 -11.692602 63.658272 1.864962 -0.784287 -0.963920 175.672836 -171.265640 179.884857 36.128029 45.726616 5.326545 0.000054 0.000161 11.398794 0.000022 0.000101 7.591599 0.000000 -0.000002 0.000000 15.000176 0.000153 35.416798 0.000030 0.000177 28.977381 179.999969 179.999878 -159.715851 0.000000 -0.000002 0.000000 179.999573 -179.999084 -140.993866 0.000243 -0.000985 39.006138 0.000542 -0.000406 25.978098 0.000000 -0.000002 0.000000 169.999908 -179.998856 -145.797958 0.000582 -0.000990 34.202011 0.000692 -0.000333 22.778543 0.000000 -0.000002 0.000000 160.000015 -179.999969 -161.555786 0.000039 -0.000055 27.666298 0.000038 -0.000022 18.425737 175.579300 -179.435333 177.400650 167.362411 -177.819473 105.884987 172.976379 178.521133 -176.041580 7.812222 -3.190459 -16.824965 140.797272 127.196716 163.836349 179.999710 179.999832 165.882141 179.999847 179.999832 170.597519 180.000000 179.999985 179.999985 165.000000 179.999985 152.528336 180.000000 179.999985 157.523178 0.000003 0.000018 -15.733771 180.000000 179.999985 179.999985 0.000012 -0.000004 -31.132792 180.000000 -179.999985 148.867203 180.000000 -179.999985 159.265549 180.000000 179.999985 179.999985 10.000014 -0.000020 -28.232973 180.000000 -179.999985 151.767014 180.000000 -179.999985 161.196854 180.000000 179.999985 179.999985 19.999981 0.000015 -24.510380 180.000000 179.999969 143.234406 0.000007 0.000029 -24.485914
-0.410217 99.958511 60.582607 24.256788 0.144214 18.778605 169.721649 -164.536591 165.144165 179.238785 167.119156 174.591934 1.607138 -3.178817 3.194259 152.800751 -103.081352 -155.909897 20.025158 108.008667 -0.664807 173.758621 -162.167328 -176.482132 179.719437 173.383896 -178.718063 179.719635 173.506729 -177.841263 178.254654 175.213821 -177.341492 0.000002 4.174755 1.820346 0.000003 4.870557 1.885363 160.330429 176.256378 179.861359 2.715933 3.251223 -2.646158 9.085828 -12.293145 64.081528 1.879906 -0.438532 -0.643838 175.720871 -171.677948 179.937653 33.469288 47.036465 3.433643 0.001879 0.003892 11.343083 0.000721 0.002781 7.554485 180.000000 180.000000 -180.000000 14.999879 -0.000146 35.307579 179.999985 -179.999847 -151.111984 0.000045 -0.000100 20.221596 180.000000 180.000000 -180.000000 179.999985 -179.999969 -140.575836 0.000014 -0.000043 39.424175 0.000033 -0.000016 26.256512 180.000000 180.000000 -180.000000 170.000000 -179.999863 -145.296860 0.000079 -0.000103 34.703152 0.000081 -0.000032 23.112268 180.000000 180.000000 -180.000000 159.999512 179.998779 -161.213837 179.998718 179.998505 -151.820801 179.998810 179.999512 -161.232635 175.654984 -179.410843 177.407227 167.672119 -177.711685 105.867447 172.933487 178.553589 -176.127121 7.888708 -3.213006 -16.769777 140.741211 127.230797 164.582581 0.000054 0.000041 -13.723391 0.000045 0.000016 -9.139785 180.000000 -180.000000 179.999985 165.000137 -179.999786 152.583344 0.000021 -0.000202 -22.431818 179.999969 -179.999863 164.297745 180.000000 -180.000000 179.999985 0.000094 -0.000135 -31.106081 0.000018 -0.000172 -31.106096 179.999954 -179.999908 159.283340 180.000000 -180.000000 179.999985 10.000085 -0.000122 -28.217731 0.000018 -0.000147 -28.217754 179.999969 -179.999908 161.206985 180.000000 -180.000000 179.999985 20.000074 -0.000104 -24.477362 0.000033 -0.000198 -36.716034 179.999939 -179.999878 155.547104
-0.345048 99.956253 60.703667 23.920105 0.217099 18.687159 169.511063 -164.564301 165.422531 179.685608 167.198303 174.534317 1.650921 -3.188317 3.083845 154.046432 -103.272003 -157.259766 22.902718 106.912476 2.041301 174.022842 -162.533783 -176.371170 179.734070 173.402161 -178.727203 179.734222 173.524902 -177.857681 178.327591 175.232025 -177.354767 0.000006 4.245394 1.860944 0.000009 4.952975 1.927424 160.386581 176.191544 179.869644 2.803983 3.304155 -2.598228 8.942979 -12.570898 64.232468 2.091401 -0.451006 -0.221942 175.564514 -171.989807 179.785675 36.770100 45.818218 5.440509 0.000534 0.001200 11.160292 0.000199 0.000846 7.432759 0.000000 -0.000000 0.000000 14.999032 -0.001422 35.129215 0.000032 -0.001408 28.742096 0.000497 -0.000852 20.119471 0.000000 -0.000000 0.000000 0.000383 0.001767 39.769321 179.999176 179.998398 -140.230667 179.998901 179.999527 -153.513641 0.000000 -0.000000 0.000000 169.999985 179.999802 -145.186798 179.999878 179.999847 -145.186829 179.999863 179.999969 -156.814407 0.000000 -0.000000 0.000000 160.000900 -179.997940 -162.281235 0.002214 -0.002527 26.578117 0.002078 -0.000818 17.701038 175.706406 -179.404633 177.407135 167.965302 -177.531647 105.846138 172.916138 178.587631 -176.209290 7.909199 -3.313553 -16.648067 141.013824 127.177696 164.787079 179.999985 179.999939 166.261078 180.000000 179.999954 170.849884 0.000000 -0.000000 0.000000 165.000214 -179.999664 152.566208 0.000024 -0.000323 -22.445801 179.999939 -179.999786 164.287903 0.000000 -0.000000 0.000000 0.000136 -0.000194 -31.123550 0.000015 -0.000239 -31.123516 179.999939 -179.999847 159.271729 0.000000 -0.000000 0.000000 10.000132 -0.000178 -28.233524 0.000031 -0.000207 -28.233530 179.999954 -179.999863 161.196487 0.000000 -0.000000 0.000000 20.000114 -0.000161 -24.488403 0.000070 -0.000308 -36.732590 179.999924 -179.999817 155.536087
-0.290709 99.949066 60.851669 23.588861 0.291893 18.566837 169.019531 -164.567398 165.789719 0.469591 12.712725 -5.454266 1.619649 -3.216226 2.928958 155.138657 -103.509956 -158.610886 23.853821 106.015106 2.936717 173.896408 -162.644028 -176.275146 179.745621 173.427521 -178.731552 179.745789 173.549973 -177.865906 178.385040 175.253998 -177.358932 0.000016 4.317100 1.894434 0.000027 5.036631 1.962112 160.440842 176.127228 179.873459 2.763307 3.304593 -2.571660 9.060873 -12.590017 64.469612 2.255372 -0.517937 -0.096079 175.749252 -172.176788 -179.903061 37.438282 45.700024 5.541314 0.000014 0.000078 10.942650 0.000005 0.000054 7.287805 0.000000 -0.000000 0.000000 15.000212 0.000404 35.781433 179.999969 179.999634 -150.724258 179.999847 179.999786 -159.506989 0.000000 -0.000000 0.000000 179.999893 -179.999008 -141.123428 0.000531 -0.000841 38.876541 0.000629 -0.000211 25.891798 0.000000 -0.000000 0.000000 169.999969 179.999802 -145.232147 179.999847 179.999847 -145.232117 179.999878 179.999985 -156.844604 0.000000 -0.000000 0.000000 159.999969 179.999908 -161.423294 179.999893 179.999878 -152.134979 179.999924 179.999969 -161.441895 175.961334 -179.535645 177.420151 168.006210 -177.324585 105.822212 172.959106 178.618607 -176.246689 7.798154 -3.529923 -16.504738 141.212708 127.038513 164.702667 179.999893 179.999954 166.150009 179.999954 179.999969 170.775909 180.000000 -180.000000 -179.999985 165.000107 -179.999832 152.446487 0.000003 -0.000155 -22.543798 179.999969 -179.999893 164.219345 180.000000 -180.000000 -179.999985 0.000083 -0.000133 -31.183174 0.000006 -0.000156 -31.183167 179.999954 -179.999908 159.232010 180.000000 -180.000000 -179.999985 10.000071 -0.000102 -28.289743 0.000012 -0.000117 -28.289745 179.999969 -179.999924 161.159042 180.000000 -180.000000 -179.999985 20.000063 -0.000108 -24.540775 0.000032 -0.000187 -36.811214 179.999954 -179.999893 155.483734
-0.243851 99.938324 61.027634 23.253410 0.362393 18.419048 168.527878 -164.640732 166.198532 1.179418 12.578167 -5.462696 1.636906 -3.253317 2.757470 156.496170 -103.890045 -160.130386 26.993263 104.954956 5.980396 174.292709 -162.885345 -176.190445 179.754959 173.454773 -178.730606 179.755112 173.576874 -177.865112 178.430389 175.276382 -177.352554 0.000013 4.384770 1.919188 0.000023 5.115577 1.987753 160.495163 176.067795 179.873337 2.722419 3.307320 -2.561666 9.285292 -12.468113 64.723114 2.688240 -0.701463 0.157557 175.813766 -172.362915 -179.745041 35.528610 46.315784 4.279324 0.000593 0.003319 11.018530 179.999985 179.997757 -172.661636 0.000000 -0.000001 0.000000 15.000190 0.000457 35.693348 179.999908 179.999603 -150.796371 179.999817 179.999786 -159.557449 0.000000 -0.000001 0.000000 0.000008 0.000442 39.347889 179.999741 179.999664 -140.652084 179.999725 179.999939 -153.794281 0.000000 -0.000001 0.000000 169.999954 179.999741 -145.273132 179.999817 179.999832 -145.273117 179.999847 179.999985 -156.871902 0.000000 -0.000001 0.000000 159.999908 179.999847 -161.435745 179.999832 179.999817 -152.153549 179.999832 179.999954 -161.454285 175.923126 -179.492966 177.404465 168.321487 -177.307480 105.780121 173.030548 178.659760 -176.263489 7.705172 -3.725536 -16.357721 141.317535 126.875626 164.486557 179.999847 179.999985 166.020630 179.999893 179.999969 170.689743 0.000000 -0.000000 0.000000 165.000214 -179.999374 152.597534 179.999924 -179.999466 157.579803 179.999817 -179.999680 164.305847 0.000000 -0.000000 0.000000 0.000033 -0.000081 -31.239346 179.999985 -179.999908 148.760666 179.999969 -179.999954 159.194595 0.000000 -0.000000 0.000000 10.000016 -0.000047 -28.341557 0.000005 -0.000055 -28.341549 179.999985 -179.999985 161.124527 0.000000 -0.000000 0.000000 20.000031 -0.000047 -24.592455 0.000011 -0.000097 -36.888676 179.999985 -179.999954 155.432129
-0.197749 99.924431 61.226528 22.906267 0.425646 18.243925 168.069611 -164.774536 166.613449 1.897385 12.405075 -5.462837 1.611315 -3.275152 2.591203 157.986618 -104.383293 -161.798386 30.519102 103.895653 9.460552 174.794937 -163.095993 -176.175858 179.763092 173.479156 -178.724640 179.763275 173.600906 -177.855896 178.468445 175.296143 -177.335938 0.000006 4.444290 1.936182 0.000028 5.185008 2.005352 160.549591 176.016373 179.870956 2.633102 3.302414 -2.560201 9.678914 -12.195982 65.001701 3.240442 -0.937094 0.356693 175.885147 -172.493546 -179.583466 37.107162 46.215240 4.957348 0.000064 0.000963 10.689643 179.999924 179.999359 -172.880692 0.000002 -0.000003 -0.000000 15.000135 0.000482 35.585052 179.999863 179.999603 -150.884964 179.999786 179.999817 -159.619476 0.000002 -0.000003 -0.000000 0.000027 -0.000430 39.101711 0.000296 -0.000314 39.101738 0.000284 -0.000038 26.041761 0.000002 -0.000003 -0.000000 169.999939 179.999741 -145.336395 179.999802 179.999847 -145.336411 179.999832 179.999985 -156.914047 0.000002 -0.000003 -0.000000 159.999084 179.998230 -161.218124 179.997849 179.997910 -151.827194 179.998077 179.999435 -161.236908 175.904022 -179.465179 177.396103 168.588318 -177.296692 105.724556 173.125748 178.722366 -176.265366 7.662680 -3.833631 -16.223763 141.342194 126.723816 164.225693 179.999741 -179.999969 165.904205 179.999817 179.999985 170.612183 0.000000 -0.000000 0.000000 165.000015 -179.999588 152.123779 179.999847 -179.999710 157.192169 179.999832 -179.999847 164.034515 0.000000 -0.000000 0.000000 0.000005 -0.000029 -31.310301 179.999985 -179.999985 148.689713 179.999985 -179.999985 159.147339 0.000000 -0.000000 0.000000 10.000009 -0.000035 -28.374172 179.999985 -179.999969 151.625809 179.999985 -179.999985 161.102783 0.000000 -0.000000 0.000000 20.000006 -0.000033 -24.630436 180.000000 -179.999954 143.054337 179.999985 -179.999985 155.394211
-0.146435 99.908241 61.439240 22.541601 0.478690 18.045265 167.732071 -164.958939 166.995255 2.540881 12.215988 -5.453685 1.554482 -3.273031 2.443563 159.689835 -105.002228 -163.692703 34.281197 102.815369 13.277812 175.331421 -163.296143 -176.225891 179.770264 173.496277 -178.715134 179.770432 173.617798 -177.840668 178.500244 175.310349 -177.312210 0.000000 4.491848 1.946393 0.000021 5.240494 2.015928 160.606339 175.975861 179.868042 2.670396 3.340200 -2.550854 9.967567 -12.008835 65.173622 3.774885 -1.066737 0.644558 175.868195 -172.558273 -179.531494 37.397274 46.401459 4.953135 179.999985 179.999176 -169.478256 179.999878 179.999466 -172.992508 0.000000 -0.000000 0.000000 15.000212 0.001396 35.536934 179.999466 179.998962 -150.924347 179.999329 179.999557 -159.647034 0.000000 -0.000000 0.000000 179.999756 179.998627 -140.563889 179.998947 179.999084 -140.563919 179.999069 179.999985 -153.735550 0.000000 -0.000000 0.000000 169.999023 179.997452 -145.156097 179.997757 179.998459 -145.156128 179.998184 -180.000000 -156.793976 0.000000 -0.000000 0.000000 160.000534 -179.999115 -162.065598 0.001163 -0.001026 26.901613 0.000997 -0.000256 17.916464 176.074265 -179.516724 177.407700 168.622147 -177.226089 105.673141 173.240463 178.820648 -176.271637 7.556387 -3.980865 -16.068373 141.295303 126.504951 163.748749 179.999817 -179.999954 165.723969 179.999863 -179.999985 170.492157 180.000000 180.000000 179.999985 164.999741 -179.999939 151.759445 179.999802 179.999954 156.894104 179.999893 179.999908 163.825867 180.000000 180.000000 179.999985 179.999985 -179.999985 148.659897 179.999985 180.000000 148.659912 179.999985 179.999985 159.127487 180.000000 180.000000 179.999985 10.000006 0.000000 -28.413021 180.000000 -180.000000 151.587021 0.000004 -0.000001 -18.923077 180.000000 180.000000 179.999985 19.999983 -0.000004 -24.665440 179.999985 179.999985 143.001831 180.000000 179.999985 155.359207
-0.085270 99.889908 61.657204 22.157482 0.519323 17.827457 167.560120 -165.175079 167.314667 2.926024 12.037257 -5.445021 1.615857 -3.258431 2.306942 161.629044 -105.761719 -165.795517 37.919750 101.719810 17.136486 175.745972 -163.474335 -176.305237 179.776718 173.503601 -178.703247 179.776886 173.625076 -177.821396 178.527313 175.317307 -177.283768 179.999985 175.469116 -178.051163 0.000003 5.286024 2.018471 160.700897 175.943710 179.865540 2.789269 3.375344 -2.542051 10.327662 -11.646455 65.471062 4.399253 -1.259900 0.717572 176.240250 -172.616684 -179.062653 37.552944 46.857738 4.789487 179.999985 -179.999939 -169.719254 180.000000 -179.999954 -173.153030 0.000002 0.000000 -0.000003 14.999969 0.000699 35.176258 179.999664 179.999557 -151.219421 179.999634 179.999847 -159.853592 0.000002 0.000000 -0.000003 179.999771 179.999298 -140.915543 179.999390 179.999588 -140.915497 179.999512 -179.999954 -153.969727 0.000002 0.000000 -0.000003 170.000854 -179.998306 -146.189728 0.001655 -0.000925 33.810265 0.001247 0.000108 22.517654 0.000002 0.000000 -0.000003 159.999695 179.999512 -161.717041 179.999329 179.999466 -152.575546 179.999435 179.999893 -161.735321 176.061386 -179.472015 177.404266 168.806625 -177.245193 105.639984 173.372467 178.945160 -176.288528 7.547483 -3.956270 -15.944916 141.151459 126.354126 163.312332 179.999908 -179.999969 165.597855 179.999939 -180.000000 170.408173 0.000000 -0.000000 0.000000 164.999802 179.999969 151.409210 179.999863 179.999893 156.607544 179.999954 179.999893 163.625275 0.000000 -0.000000 0.000000 0.000037 -0.000006 -31.374645 0.000026 -0.000023 -31.374649 0.000008 -0.000018 -20.895527 0.000000 -0.000000 0.000000 10.000073 -0.000012 -28.434259 0.000056 -0.000039 -28.434258 0.000020 -0.000045 -18.937212 0.000000 -0.000000 0.000000 20.000040 -0.000000 -24.700092 0.000058 -0.000038 -37.050125 0.000013 -0.000043 -24.675383
-0.013733 99.868690 61.870415 21.756817 0.555659 17.599386 167.639908 -165.416290 167.561386 3.072810 11.895038 -5.421110 1.695106 -3.237872 2.172728 163.697845 -106.640762 -168.011642 44.256264 100.581688 23.742537 176.479706 -163.866287 -176.334793 179.781555 173.505615 -178.691223 179.781723 173.627090 -177.801758 178.546432 175.319962 -177.255768 0.000017 4.552649 1.963609 0.000022 5.311431 2.033745 160.686432 175.923248 179.867538 2.761039 3.392013 -2.525496 10.929532 -11.271395 65.691727 5.198710 -1.494987 0.994606 176.347855 -172.744934 -178.990738 35.741005 47.045437 3.687466 179.999817 179.998138 -169.512833 179.999649 179.998810 -173.015533 180.000000 180.000000 -180.000000 14.999948 0.000518 34.964218 179.999725 179.999680 -151.392914 179.999725 179.999893 -159.975052 180.000000 180.000000 -180.000000 179.999817 179.999496 -141.130646 179.999542 179.999725 -141.130646 179.999649 -179.999954 -154.113007 180.000000 180.000000 -180.000000 169.999802 179.999603 -145.459793 179.999603 179.999802 -145.459808 179.999725 -179.999969 -156.996216 180.000000 180.000000 -180.000000 159.999741 179.999603 -161.859039 179.999451 179.999573 -152.788528 179.999527 179.999908 -161.877182 175.949005 -179.361816 177.394882 169.094345 -177.325516 105.613251 173.510178 179.055908 -176.313629 7.587645 -3.802301 -15.858157 140.925934 126.232117 162.948425 179.999954 -179.999985 165.541687 179.999985 -179.999985 170.370758 0.000000 -0.000000 0.000003 164.999741 179.999954 151.267838 179.999832 179.999847 156.491867 179.999939 179.999847 163.544312 0.000000 -0.000000 0.000003 0.000090 -0.000016 -31.363270 0.000068 -0.000057 -31.363293 0.000018 -0.000056 -20.887924 0.000000 -0.000000 0.000003 10.000126 -0.000023 -28.392374 0.000103 -0.000078 -28.392376 0.000036 -0.000081 -18.909311 0.000000 -0.000000 0.000003 20.000099 -0.000017 -24.677790 0.000126 -0.000091 -37.016682 0.000034 -0.000097 -24.653130
0.068615 99.844017 62.072952 21.345736 0.595977 17.367319 167.734192 -165.591049 167.766937 3.204408 11.816918 -5.356007 1.814025 -3.210070 2.030822 165.825500 -107.631943 -170.225708 49.655720 99.470016 29.615734 176.774734 -164.181519 -176.369232 179.784103 173.506836 -178.680984 179.784271 173.628296 -177.784912 178.555176 175.321335 -177.232529 0.000040 4.571906 1.982855 0.000049 5.333911 2.053681 160.674332 175.904099 179.873032 2.736757 3.406244 -2.493855 11.525752 -10.967099 65.839790 5.678119 -1.630248 1.095811 176.709534 -172.892532 -178.712708 36.807281 47.298073 3.986363 179.999985 179.999802 -169.880219 179.999969 179.999863 -173.260223 180.000000 -180.000000 180.000000 14.999934 0.000370 34.775879 179.999786 179.999771 -151.547028 179.999802 179.999939 -160.082901 180.000000 -180.000000 180.000000 179.999863 179.999664 -141.312759 179.999680 179.999832 -141.312775 179.999756 -179.999954 -154.234299 180.000000 -180.000000 180.000000 169.999847 179.999710 -145.600037 179.999710 179.999847 -145.600052 179.999786 -179.999969 -157.089645 180.000000 -180.000000 180.000000 159.999802 179.999695 -161.997574 179.999557 179.999664 -152.996384 179.999649 179.999939 -162.015579 175.865173 -179.301102 177.371506 169.341507 -177.352570 105.626923 173.658936 179.142578 -176.343399 7.633991 -3.593039 -15.794891 140.662842 126.142937 162.615875 179.999985 -179.999985 165.513672 179.999985 -180.000000 170.352097 0.000000 -0.000000 0.000000 165.000046 -179.999985 151.015442 0.000028 -0.000021 -23.714622 0.000011 -0.000021 -16.600231 0.000000 -0.000000 0.000000 0.000099 -0.000013 -31.307163 0.000080 -0.000066 -31.307152 0.000021 -0.000066 -20.850555 0.000000 -0.000000 0.000000 10.000148 -0.000026 -28.317513 0.000117 -0.000088 -28.317530 0.000038 -0.000085 -18.859478 0.000000 -0.000000 0.000000 20.000109 -0.000022 -24.611038 0.000137 -0.000087 -36.916588 0.000037 -0.000104 -24.586432
0.159146 99.814552 62.264423 20.924025 0.639679 17.136742 167.941315 -165.737213 167.933182 3.243471 11.793778 -5.266418 1.940604 -3.186170 1.873040 167.860443 -108.701141 -172.350403 55.619461 98.323280 36.134563 176.888718 -164.560898 -176.384491 179.784119 173.510223 -178.673737 179.784286 173.631592 -177.772797 178.553085 175.323471 -177.216736 0.000055 4.593358 2.006655 0.000068 5.358951 2.078337 160.664810 175.882462 179.880798 2.733256 3.421783 -2.454035 12.180244 -10.630330 66.000618 6.260375 -1.747093 1.226549 176.986923 -172.999680 -178.555649 36.553513 47.480152 3.648728 180.000000 179.999908 -169.972794 179.999985 179.999939 -173.321899 0.000000 -0.000000 0.000000 14.999939 0.000262 34.608337 179.999847 179.999847 -151.684082 179.999847 179.999969 -160.178864 0.000000 -0.000000 0.000000 179.999893 179.999756 -141.467880 179.999786 179.999878 -141.467865 179.999847 -179.999969 -154.337601 0.000000 -0.000000 0.000000 169.999893 179.999802 -145.728638 179.999786 179.999893 -145.728653 179.999847 -179.999985 -157.175293 0.000000 -0.000000 0.000000 159.999863 179.999802 -162.135574 179.999710 179.999771 -153.203339 179.999756 179.999954 -162.153427 175.798111 -179.256302 177.342377 169.553467 -177.366562 105.663704 173.821945 179.208923 -176.375916 7.674766 -3.352624 -15.755615 140.432495 126.093681 162.350723 179.999985 -179.999985 165.497604 0.000000 0.000000 -9.658615 180.000000 180.000000 -179.999985 164.999802 179.999985 151.094269 179.999863 179.999893 156.349838 179.999954 179.999893 163.444885 180.000000 180.000000 -179.999985 0.000076 -0.000011 -31.237812 0.000060 -0.000047 -31.237843 0.000016 -0.000044 -20.804392 180.000000 180.000000 -179.999985 10.000113 -0.000015 -28.217999 0.000091 -0.000069 -28.217970 0.000034 -0.000065 -18.793188 180.000000 180.000000 -179.999985 20.000093 -0.000012 -24.532524 0.000123 -0.000078 -36.798782 0.000032 -0.000080 -24.508001
0.255699 99.780998 62.448490 20.489449 0.686627 16.910370 168.298141 -165.884842 168.070816 3.150828 11.811450 -5.167575 2.071708 -3.163080 1.643367 169.794083 -109.853363 -174.357590 62.865444 97.160339 44.008003 176.837219 -164.998703 -176.400803 179.782166 173.518143 -178.669861 179.782318 173.639297 -177.766205 178.543091 175.328232 -177.208954 0.000051 4.621681 2.034969 0.000078 5.391987 2.107673 160.655045 175.854584 179.889389 2.611904 3.395693 -2.423222 13.051324 -10.165751 66.215385 6.868948 -1.958920 1.274439 177.293335 -173.126816 -178.427780 36.150394 47.576962 3.214790 179.999985 179.999954 -170.031509 180.000000 179.999969 -173.360977 180.000000 180.000000 -180.000000 14.999982 0.000067 34.438869 179.999969 179.999969 -151.822739 179.999969 179.999985 -160.275925 180.000000 180.000000 -180.000000 179.999985 179.999939 -141.619995 179.999954 179.999985 -141.619965 179.999969 -179.999985 -154.438904 180.000000 180.000000 -180.000000 169.999985 179.999969 -145.863708 179.999969 179.999985 -145.863724 179.999985 -179.999985 -157.265213 180.000000 180.000000 -180.000000 160.000000 179.999985 -162.276108 179.999969 179.999969 -153.414154 179.999985 179.999985 -162.293839 175.596191 -179.162323 177.297333 169.884338 -177.435226 105.709084 173.986359 179.231216 -176.387329 7.715426 -3.124088 -15.748683 140.242447 126.066986 162.152206 0.000001 0.000002 -14.507742 0.000010 0.000004 -9.662153 0.000000 -0.000000 0.000000 164.999969 179.999985 150.903320 179.999985 179.999985 156.193634 179.999985 179.999985 163.335541 0.000000 -0.000000 0.000000 0.000044 -0.000005 -31.178082 0.000037 -0.000027 -31.178089 0.000011 -0.000028 -20.764599 0.000000 -0.000000 0.000000 10.000074 -0.000007 -28.131277 0.000067 -0.000041 -28.131292 0.000026 -0.000051 -18.735428 0.000000 -0.000000 0.000000 20.000071 -0.000005 -24.461029 0.000080 -0.000045 -36.691513 0.000026 -0.000061 -24.436546
0.354689 99.744041 62.631672 20.044868 0.743395 16.688780 168.763016 -166.041046 168.197372 3.080375 11.847161 -5.052298 2.085865 -3.151816 1.397895 171.573883 -111.086555 -176.212692 72.436493 96.013962 54.245098 176.643860 -165.469650 -176.434784 179.778107 173.535080 -178.669388 179.778244 173.655838 -177.765091 178.524872 175.338791 -177.209213 0.000032 4.656703 2.068166 0.000076 5.432851 2.142078 160.632919 175.820602 179.898163 2.509159 3.390380 -2.382906 13.817405 -9.843498 66.351318 7.359680 -2.025128 1.420378 177.455551 -173.183716 -178.461075 35.947651 47.634216 2.952385 180.000000 179.999985 -170.084915 179.999985 179.999985 -173.396545 180.000000 -180.000000 180.000000 14.999989 0.000026 34.361790 179.999985 179.999985 -151.885803 179.999985 179.999985 -160.320053 180.000000 -180.000000 180.000000 179.999985 179.999985 -141.682098 179.999985 179.999985 -141.682098 179.999985 -179.999985 -154.480270 180.000000 -180.000000 180.000000 170.000000 179.999985 -145.903107 179.999985 179.999985 -145.903107 179.999985 -180.000000 -157.291473 180.000000 -180.000000 180.000000 160.000015 179.999985 -162.307220 179.999985 179.999985 -153.460800 179.999985 179.999985 -162.324905 175.628647 -179.174484 177.277023 169.963943 -177.429306 105.733818 174.146683 179.224258 -176.378937 7.741752 -2.911279 -15.760864 140.124573 126.071999 162.050964 0.000019 0.000009 -14.503638 0.000013 0.000006 -9.659424 0.000000 0.000002 0.000003 165.000015 -180.000000 150.860336 0.000003 -0.000002 -23.841547 0.000003 -0.000003 -16.689100 0.000000 0.000002 0.000003 0.000026 -0.000003 -31.134489 0.000021 -0.000012 -31.134516 0.000007 -0.000014 -20.735582 0.000000 0.000002 0.000003 10.000045 -0.000004 -28.053116 0.000043 -0.000024 -28.053137 0.000015 -0.000025 -18.683384 0.000000 0.000002 0.000003 20.000038 -0.000003 -24.396307 0.000056 -0.000032 -36.594479 0.000018 -0.000045 -24.371918
0.455480 99.706093 62.821133 19.586227 0.805385 16.470043 169.314728 -166.228424 168.320099 3.039916 11.873661 -4.930254 1.992253 -3.152696 1.155940 173.197525 -112.434853 -177.929596 86.597816 94.989754 69.105278 176.366440 -165.962372 -176.508194 179.772644 173.559509 -178.671600 179.772797 173.679672 -177.768402 178.501572 175.354263 -177.215790 0.000034 4.705227 2.093404 0.000087 5.489464 2.168221 160.696640 175.776688 179.904922 2.466654 3.378942 -2.359648 14.481534 -9.486927 66.524567 7.843541 -2.023673 1.563934 177.608185 -173.192474 -178.539352 35.724079 47.689487 2.726795 180.000000 -180.000000 -170.110397 0.000007 -0.000000 6.586486 0.000000 -0.000000 0.000000 14.999999 0.000011 34.302040 180.000000 179.999985 -151.934708 180.000000 -179.999985 -160.354279 0.000000 -0.000000 0.000000 180.000000 -180.000000 -141.723785 180.000000 180.000000 -141.723816 180.000000 180.000000 -154.508041 0.000000 -0.000000 0.000000 170.000000 -180.000000 -145.924377 0.000003 -0.000002 34.075642 0.000007 -0.000001 22.694366 0.000000 -0.000000 0.000000 160.000000 179.999985 -162.325684 180.000000 -180.000000 -153.488556 180.000000 179.999985 -162.343353 175.537872 -179.150162 177.235718 170.111496 -177.481796 105.777695 174.305939 179.231247 -176.355881 7.763557 -2.736800 -15.789535 139.948685 126.093498 161.954727 0.000008 0.000008 -14.472366 0.000005 -0.000003 -9.638592 0.000000 -0.000000 0.000000 165.000015 -180.000000 150.867126 0.000006 -0.000003 -23.835970 0.000003 -0.000004 -16.685173 0.000000 -0.000000 0.000000 0.000014 0.000000 -31.096170 0.000011 -0.000008 -31.096165 0.000004 -0.000008 -20.710049 0.000000 -0.000000 0.000000 10.000025 -0.000001 -27.982042 0.000019 -0.000015 -27.982042 0.000006 -0.000009 -18.636045 0.000000 -0.000000 0.000000 20.000023 0.000001 -24.332859 0.000027 -0.000013 -36.499283 0.000013 -0.000022 -24.308519
0.554203 99.664268 63.006050 19.127556 0.871595 16.254370 170.066238 -166.472183 168.425934 2.882952 11.869038 -4.827303 1.809768 -3.132471 0.882052 174.415985 -113.455933 -179.123718 101.421013 94.423073 84.540649 176.028320 -166.454651 -176.631912 179.766266 173.589951 -178.674881 179.766418 173.709457 -177.773529 178.474854 175.373795 -177.225098 0.000004 4.758729 2.119150 0.000003 5.551856 2.194835 160.761459 175.728653 179.910828 2.422911 3.362278 -2.348885 15.224627 -9.055447 66.743317 8.452176 -2.118047 1.724160 177.678772 -173.164932 -178.719254 35.433514 47.723461 2.439996 0.000113 -0.000140 9.866264 0.000080 -0.000090 6.570966 0.000000 -0.000001 0.000000 15.000302 -0.000530 34.044727 0.000440 -0.000224 27.854736 0.000348 0.000008 19.498335 0.000000 -0.000001 0.000000 0.000048 -0.000071 38.263718 0.000084 -0.000024 38.263729 0.000054 0.000023 25.483627 0.000000 -0.000001 0.000000 170.000198 -179.999756 -145.921814 0.000297 -0.000093 34.078197 0.000195 0.000058 22.696062 0.000000 -0.000001 0.000000 160.000046 -179.999969 -162.341660 0.000063 -0.000046 26.487474 0.000058 -0.000006 17.640669 175.438934 -179.123138 177.195328 170.259705 -177.557877 105.803848 174.451248 179.205154 -176.304596 7.796088 -2.584080 -15.843278 139.804321 126.106956 161.899460 0.000255 0.000191 -14.434631 0.000199 0.000084 -9.613468 0.000002 -0.000000 0.000000 165.000488 179.999954 150.889481 0.000363 -0.000154 -23.817627 0.000190 -0.000200 -16.672392 0.000002 -0.000000 0.000000 0.000404 0.000038 -31.053015 0.000369 -0.000172 -31.053024 0.000152 -0.000227 -20.681320 0.000002 -0.000000 0.000000 10.001011 0.000104 -27.954109 0.000938 -0.000374 -27.954098 0.000438 -0.000523 -18.617428 0.000002 -0.000000 0.000000 20.000469 0.000063 -24.263533 0.000688 -0.000223 -36.395290 0.000276 -0.000384 -24.239258
0.656899 99.621269 63.224705 18.535360 0.929675 15.988284 170.808029 -166.804733 168.595856 2.988615 11.822598 -4.697216 1.473917 -3.174543 0.721108 175.645874 -114.697266 179.779236 121.365219 94.220787 105.168831 175.713211 -166.958740 -176.785629 179.774246 173.608444 -178.675827 179.774399 173.727768 -177.775787 178.514114 175.389740 -177.223969 0.000010 4.813837 2.144093 0.000019 5.616138 2.220678 160.817871 175.679535 179.915390 2.596587 3.436197 -2.311921 15.508657 -8.824185 66.859703 8.851684 -1.837272 1.988008 177.792206 -173.123444 -178.893494 35.213188 47.777287 2.317418 0.000171 -0.000183 9.891109 0.000127 -0.000084 6.587471 0.000002 0.000000 -0.000003 15.000064 -0.000088 34.264458 0.000084 -0.000032 28.034584 0.000063 0.000006 19.624189 0.000002 0.000000 -0.000003 179.999893 179.999878 -141.660492 179.999847 179.999985 -141.660507 179.999908 -179.999954 -154.465897 0.000002 0.000000 -0.000003 170.000137 -179.999863 -145.854965 0.000175 -0.000041 34.145023 0.000115 0.000044 22.740614 0.000002 0.000000 -0.000003 160.000092 -179.999893 -162.355011 0.000179 -0.000091 26.467506 0.000138 -0.000002 17.627356 175.764053 -179.267654 177.221176 169.941376 -177.517014 105.787994 174.583984 179.261780 -176.269699 7.785051 -2.465410 -15.857196 139.720810 126.210571 161.883438 0.000421 0.000344 -14.420981 0.000333 0.000160 -9.604362 0.000000 -0.000002 0.000000 165.000610 179.999878 150.924683 0.000485 -0.000161 -23.788872 0.000266 -0.000240 -16.652224 0.000000 -0.000002 0.000000 0.000396 0.000073 -31.011633 0.000377 -0.000145 -31.011593 0.000167 -0.000214 -20.653732 0.000000 -0.000002 0.000000 10.000416 0.000074 -27.782040 0.000394 -0.000121 -27.782045 0.000201 -0.000203 -18.502829 0.000000 -0.000002 0.000000 20.000370 0.000072 -24.200249 0.000547 -0.000130 -36.300362 0.000247 -0.000293 -24.176046
0.769157 99.585762 63.466251 17.921959 0.972285 15.719515 171.447495 -167.145203 168.774094 3.189988 11.753548 -4.558002 1.159946 -3.223332 0.591326 176.734512 -117.113350 178.298874 152.594147 95.195328 137.132935 175.453125 -167.395386 -176.915802 179.782120 173.621719 -178.677521 179.782288 173.740936 -177.779297 178.552795 175.401932 -177.224487 0.000009 4.866242 2.165514 0.000026 5.677292 2.242859 160.869492 175.633255 179.918274 2.102980 3.260973 -2.351476 16.363186 -8.341473 67.107536 9.288764 -1.514149 2.238172 177.843170 -172.960938 -179.129364 35.270443 47.986401 2.541761 0.000188 -0.000160 9.939725 0.000151 -0.000086 6.619864 0.000000 0.000001 0.000000 15.000049 -0.000017 34.316547 0.000045 0.000003 28.077188 0.000023 0.000020 19.654022 0.000000 0.000001 0.000000 0.000271 -0.000110 38.192753 0.000283 0.000080 38.192757 0.000115 0.000159 25.436384 0.000000 0.000001 0.000000 170.000076 -179.999969 -145.772385 0.000069 0.000022 34.227623 0.000039 0.000037 22.795601 0.000000 0.000001 0.000000 160.000031 -179.999985 -162.290848 0.000051 -0.000005 26.563728 0.000033 0.000012 17.691441 175.593582 -179.221436 177.163742 170.127548 -177.664276 105.834412 174.678970 179.302444 -176.233093 7.779002 -2.397407 -15.863155 139.444687 126.300400 161.776810 0.000406 0.000342 -14.358775 0.000310 0.000148 -9.562953 0.000000 -0.000000 0.000000 165.000519 179.999847 151.011887 0.000420 -0.000096 -23.717548 0.000241 -0.000179 -16.602268 0.000000 -0.000000 0.000000 0.000252 0.000070 -30.947832 0.000257 -0.000071 -30.947836 0.000122 -0.000127 -20.611263 0.000000 -0.000000 0.000000 10.000205 0.000061 -27.707834 0.000206 -0.000044 -27.707838 0.000110 -0.000091 -18.453419 0.000000 -0.000000 0.000000 20.000391 0.000117 -24.157909 0.000605 -0.000086 -36.236858 0.000296 -0.000286 -24.133753
0.885949 99.550323 63.715179 17.297903 1.007103 15.449120 172.057266 -167.475662 168.950104 3.354776 11.687482 -4.429535 0.923352 -3.283509 0.474173 177.585556 -118.742882 177.555710 165.531265 96.654861 150.727692 175.329285 -168.028336 -177.102859 179.789307 173.632843 -178.679764 179.789490 173.751953 -177.783646 178.588165 175.412338 -177.226334 0.000011 4.916594 2.184498 0.000028 5.736027 2.262532 160.916489 175.589081 179.920029 2.156148 3.300115 -2.314887 16.628702 -8.107594 67.191238 9.628392 -1.149561 2.554503 177.871552 -173.100021 -179.294983 35.519585 48.287609 3.041975 179.999985 -179.999985 -169.974411 0.000001 -0.000005 6.677046 0.000000 0.000001 0.000000 14.999870 0.000039 34.383598 179.999893 -179.999969 -151.867966 179.999954 -179.999939 -160.307571 0.000000 0.000001 0.000000 179.999878 179.999969 -141.640167 179.999878 -179.999954 -141.640167 179.999969 -179.999924 -154.452347 0.000000 0.000001 0.000000 170.000046 -179.999985 -145.750626 0.000043 0.000019 34.249382 0.000021 0.000025 22.810083 0.000000 0.000001 0.000000 160.000259 -179.999954 -162.335220 0.000356 0.000020 26.497169 0.000202 0.000122 17.647120 175.615723 -179.247482 177.129242 170.166290 -177.749374 105.855743 174.750748 179.327164 -176.202347 7.746792 -2.352646 -15.841634 139.200302 126.416763 161.739624 0.000334 0.000276 -14.281320 0.000271 0.000120 -9.511333 0.000000 -0.000000 0.000000 165.000397 179.999847 151.097794 0.000348 -0.000046 -23.647230 0.000211 -0.000128 -16.553066 0.000000 -0.000000 0.000000 0.000186 0.000069 -30.904379 0.000198 -0.000036 -30.904362 0.000100 -0.000086 -20.582335 0.000000 -0.000000 0.000000 10.000122 0.000046 -27.667795 0.000131 -0.000017 -27.667774 0.000070 -0.000046 -18.426739 0.000000 -0.000000 0.000000 20.000040 0.000023 -24.052027 0.000080 0.000001 -36.078041 0.000043 -0.000036 -24.027979
1.008815 99.518387 63.967514 16.581375 1.043732 15.143079 172.719604 -167.778610 169.152435 3.362317 11.648101 -4.329805 0.884362 -3.345658 0.364254 178.665710 -120.964317 176.388031 175.679749 98.933960 161.702332 175.320816 -168.696548 -177.226776 179.809311 173.633743 -178.680573 179.809448 173.753113 -177.786484 178.682266 175.419815 -177.219727 0.000010 4.965783 2.202363 0.000034 5.793415 2.281042 160.960800 175.546066 179.921280 1.990598 3.254475 -2.308593 17.013828 -7.860394 67.310883 9.903584 -0.597388 2.889338 177.916397 -173.000748 -179.478531 34.770451 47.699120 2.023676 0.000870 -0.000583 9.951753 0.000637 -0.000278 6.627863 0.000000 -0.000000 0.000000 15.000343 0.000010 34.236877 0.000221 0.000161 28.011967 0.000086 0.000169 19.608379 0.000000 -0.000000 0.000000 0.000165 0.000008 38.256516 0.000127 0.000102 38.256496 0.000019 0.000108 25.478832 0.000000 -0.000000 0.000000 170.000000 -179.999985 -145.722595 179.999985 -179.999985 -145.722595 180.000000 -179.999985 -157.171265 0.000000 -0.000000 0.000000 159.999908 -180.000000 -162.187866 179.999847 -179.999954 -153.281799 179.999939 -179.999924 -162.205688 175.647415 -179.270569 177.084076 170.214142 -177.829666 105.887375 174.800415 179.323120 -176.169037 7.708768 -2.359741 -15.810302 138.986557 126.495811 161.726120 0.000227 0.000178 -14.200043 0.000166 0.000081 -9.457248 0.000002 0.000000 -0.000003 165.000244 179.999878 151.189636 0.000211 -0.000009 -23.572073 0.000133 -0.000063 -16.500467 0.000002 0.000000 -0.000003 0.000062 0.000026 -30.855093 0.000065 -0.000005 -30.855116 0.000034 -0.000022 -20.549519 0.000002 0.000000 -0.000003 10.000005 -0.000002 -27.629673 179.999985 180.000000 152.370316 0.000003 -0.000005 -18.401358 0.000002 0.000000 -0.000003 19.999987 -0.000015 -24.033144 179.999985 -179.999985 143.950272 179.999985 179.999985 155.990875
1.134460 99.490265 64.222893 16.024313 1.083920 14.913556 172.948715 -167.955765 169.315338 3.655346 11.656064 -4.181460 0.861131 -3.453494 0.241860 178.717834 -123.378021 175.878769 1.619302 78.255455 -11.975798 175.427567 -169.469421 -177.447189 179.815353 173.647079 -178.685654 179.815521 173.766373 -177.795502 178.713531 175.431351 -177.228943 0.000066 4.998442 2.221936 0.000038 5.831519 2.301248 160.921799 175.515991 179.921692 1.672992 3.131314 -2.342964 17.403931 -7.587942 67.449860 10.189283 -0.128187 3.196218 177.864975 -173.309662 -179.544098 35.449032 48.363983 3.193090 0.000142 -0.000083 10.118092 0.000116 -0.000029 6.738649 0.000000 -0.000000 0.000000 14.999993 0.000005 34.377911 180.000000 -179.999985 -151.872635 180.000000 -179.999985 -160.310837 0.000000 -0.000000 0.000000 179.999725 -179.999969 -141.637085 179.999802 -179.999786 -141.637085 179.999985 -179.999817 -154.450287 0.000000 -0.000000 0.000000 169.999924 -179.999985 -145.715210 179.999954 -179.999954 -145.715210 179.999985 -179.999954 -157.166321 0.000000 -0.000000 0.000000 159.999863 -179.999985 -162.205688 179.999802 -179.999908 -153.308548 179.999924 -179.999893 -162.223495 175.671768 -179.277298 177.029099 170.188049 -177.877853 105.917824 174.835495 179.301834 -176.128586 7.670414 -2.426012 -15.772411 138.858994 126.585251 161.756653 0.000161 0.000132 -14.139558 0.000122 0.000055 -9.416950 0.000000 0.000000 -0.000003 165.000153 179.999908 151.248016 0.000147 0.000010 -23.524361 0.000097 -0.000034 -16.467051 0.000000 0.000000 -0.000003 0.000104 0.000066 -30.851633 0.000118 0.000002 -30.851606 0.000070 -0.000039 -20.547188 0.000000 0.000000 -0.000003 9.999958 -0.000019 -27.623562 179.999969 -179.999985 152.376450 179.999985 179.999985 161.602707 0.000000 0.000000 -0.000003 19.999950 -0.000026 -24.028795 179.999908 -179.999985 143.956802 179.999954 179.999985 155.995239
1.259709 99.463921 64.480957 15.452292 1.146445 14.683903 173.258011 -168.118591 169.500473 3.776051 11.660420 -4.100989 0.943891 -3.561569 0.136995 178.178223 -126.003723 175.631302 5.937533 75.008965 -7.552984 175.623550 -170.274902 -177.754898 179.792191 173.702835 -178.706680 179.792282 173.820602 -177.828720 178.614395 175.463684 -177.281693 180.000000 174.931519 -177.763275 0.000036 5.913247 2.316647 161.084991 175.456757 179.924942 1.769437 3.194751 -2.285547 17.658537 -7.398067 67.537903 10.323458 0.462929 3.441025 177.860855 -173.482300 -179.554520 35.511364 48.445232 3.373055 0.000116 -0.000041 10.165869 0.000078 -0.000011 6.770455 0.000001 -0.000000 0.000000 14.999879 -0.000028 34.392853 179.999939 -179.999924 -151.860397 179.999985 -179.999939 -160.302292 0.000001 -0.000000 0.000000 179.999985 -180.000000 -141.742538 179.999985 -179.999985 -141.742538 180.000000 -179.999985 -154.520538 0.000001 -0.000000 0.000000 169.999847 -179.999969 -145.721725 179.999878 -179.999863 -145.721725 179.999985 -179.999878 -157.170654 0.000001 -0.000000 0.000000 159.999786 -179.999954 -162.228119 179.999695 -179.999832 -153.342148 179.999863 -179.999802 -162.245865 175.649170 -179.269455 176.953934 170.497192 -178.051285 105.985725 174.863556 179.267838 -176.079239 7.565431 -2.470950 -15.727709 138.789001 126.666801 161.820343 0.000129 0.000099 -14.088558 0.000108 0.000043 -9.382970 0.000000 -0.000000 0.000000 165.000107 179.999924 151.293884 0.000102 0.000016 -23.486795 0.000071 -0.000018 -16.440775 0.000000 -0.000000 0.000000 179.999985 -179.999985 149.196304 179.999985 -179.999985 149.196304 179.999985 179.999985 159.484741 0.000000 -0.000000 0.000000 9.999967 -0.000035 -27.632481 179.999954 -179.999985 152.367538 179.999985 179.999985 161.596786 0.000000 -0.000000 0.000000 19.999960 -0.000045 -24.039991 179.999908 -179.999969 143.940079 179.999939 179.999969 155.984070
1.378637 99.431526 64.737633 14.864865 1.226467 14.452342 173.564865 -168.269592 169.719238 3.891254 11.623010 -4.066239 1.050028 -3.639250 0.040272 177.360306 -127.827782 176.003220 7.888731 72.405746 -5.777368 175.853226 -171.135132 -178.160034 179.771622 173.768570 -178.730621 179.771667 173.884766 -177.867081 178.529068 175.504288 -177.339890 179.999954 174.857910 -177.747620 0.000031 5.999110 2.332917 161.248413 175.394363 179.928253 1.942839 3.264328 -2.253792 18.077963 -7.230114 67.643990 10.363737 0.824147 3.607521 177.796219 -173.860031 -179.489944 35.359150 48.356705 3.297875 0.000082 -0.000007 10.211533 0.000063 -0.000009 6.800890 0.000000 -0.000000 0.000000 14.999948 -0.000015 34.356636 179.999985 -179.999969 -151.890015 180.000000 -179.999969 -160.322998 0.000000 -0.000000 0.000000 179.999847 -179.999954 -141.724152 179.999924 -179.999863 -141.724152 0.000012 -0.000102 25.491734 0.000000 -0.000000 0.000000 169.999878 -179.999954 -145.763245 179.999939 -179.999893 -145.763260 0.000003 -0.000090 22.801689 0.000000 -0.000000 0.000000 159.999832 -179.999939 -162.284409 179.999802 -179.999847 -153.426590 179.999924 -179.999847 -162.302109 175.813721 -179.320160 176.899902 170.413513 -178.105667 106.016426 174.886902 179.279480 -176.027557 7.579297 -2.683552 -15.646450 139.085052 126.872673 162.050003 0.001350 0.000978 -14.150703 0.001031 0.000424 -9.424369 0.000000 -0.000000 0.000000 165.000046 179.999954 151.335648 0.000051 0.000013 -23.452633 0.000037 -0.000007 -16.416842 0.000000 -0.000000 0.000000 179.999985 -179.999985 149.186096 179.999985 -179.999985 149.186096 179.999985 -180.000000 159.477966 0.000000 -0.000000 0.000000 9.999959 -0.000033 -27.645649 179.999954 -179.999985 152.354355 179.999969 179.999985 161.587997 0.000000 -0.000000 0.000000 19.999950 -0.000040 -24.061474 179.999924 -179.999985 143.907745 179.999954 179.999985 155.962570
1.493823 99.395699 65.007614 14.253829 1.317803 14.215041 173.812119 -168.429916 169.973282 4.131801 11.591687 -4.026413 1.106754 -3.751128 -0.059830 176.137772 -130.205276 176.329407 10.184328 69.255188 -3.906461 175.994507 -171.801376 -178.558395 179.754715 173.839783 -178.756897 179.754730 173.954376 -177.909729 178.462112 175.550278 -177.401947 179.999939 174.784836 -177.730637 0.000030 6.084379 2.350545 161.411270 175.332001 179.932953 1.801806 3.207968 -2.272883 18.447069 -6.915934 67.910278 10.473151 1.530554 3.733011 177.770508 -174.071243 -179.400253 35.412529 48.306023 3.251103 0.000247 0.000329 10.173988 0.000126 0.000249 6.775866 0.000002 -0.000001 -0.000000 14.999903 -0.000047 34.346600 179.999969 -179.999924 -151.898224 0.000002 -0.000059 19.671236 0.000002 -0.000001 -0.000000 179.999847 -179.999924 -141.766754 179.999939 -179.999847 -141.766769 0.000023 -0.000117 25.463346 0.000002 -0.000001 -0.000000 169.999863 -179.999939 -145.795624 179.999924 -179.999847 -145.795609 0.000016 -0.000113 22.780117 0.000002 -0.000001 -0.000000 159.999817 -179.999908 -162.328720 179.999756 -179.999771 -153.493088 179.999939 -179.999802 -162.346390 175.990677 -179.353470 176.837692 170.321136 -178.176468 106.049660 174.899353 179.310196 -175.983215 7.589165 -2.904102 -15.536141 138.079346 126.476883 161.670563 0.000111 0.000075 -13.791400 0.000074 0.000033 -9.185077 0.000000 -0.000000 0.000000 165.000015 179.999985 151.362289 0.000014 0.000005 -23.430851 0.000011 -0.000001 -16.401587 0.000000 -0.000000 0.000000 179.999985 -179.999969 149.184509 179.999969 -179.999985 149.184494 179.999985 179.999985 159.476883 0.000000 -0.000000 0.000000 9.999952 -0.000049 -27.659788 179.999939 -179.999985 152.340195 179.999969 179.999985 161.578568 0.000000 -0.000000 0.000000 19.999954 -0.000051 -24.077753 179.999908 -179.999969 143.883362 179.999939 179.999985 155.946304
1.606452 99.356705 65.294930 13.621805 1.410455 13.969790 173.981125 -168.618515 170.254761 4.605732 11.521497 -3.969562 1.023085 -3.863926 -0.140633 174.768005 -132.762527 176.704758 12.047374 65.875542 -2.599787 176.017426 -172.372986 -178.980896 179.741318 173.912582 -178.784607 179.741333 174.025635 -177.955109 178.412308 175.598770 -177.466110 179.999954 174.715637 -177.711227 0.000045 6.165104 2.370635 161.569794 175.272293 179.940216 2.084754 3.324457 -2.205113 18.463671 -6.687991 68.098984 10.539438 2.083033 3.766761 177.705429 -174.515991 -179.238953 34.867672 48.161102 3.369931 179.999985 179.999908 -169.500839 179.999985 179.999939 -173.007568 0.000000 0.000000 -0.000003 14.999975 -0.000018 34.302975 179.999985 -179.999985 -151.933945 0.000005 -0.000020 19.646235 0.000000 0.000000 -0.000003 179.999939 -179.999939 -141.826019 179.999985 -179.999893 -141.826019 0.000032 -0.000060 25.423849 0.000000 0.000000 -0.000003 169.999939 -179.999954 -145.853104 179.999985 -179.999924 -145.853119 0.000021 -0.000051 22.741833 0.000000 0.000000 -0.000003 159.999908 -179.999939 -162.400818 179.999924 -179.999847 -153.601212 179.999985 -179.999878 -162.418427 176.175705 -179.370956 176.769730 170.223816 -178.266251 106.089981 174.905655 179.385757 -175.961655 7.586144 -3.105525 -15.387527 138.057816 126.460869 161.744949 0.000079 0.000056 -13.740966 0.000068 0.000026 -9.151499 180.000000 180.000000 -179.999985 165.000000 -179.999985 151.373428 179.999985 -179.999985 156.578262 180.000000 180.000000 163.604782 180.000000 180.000000 -179.999985 179.999969 -179.999969 149.170547 179.999954 -179.999985 149.170563 179.999969 179.999985 159.467606 180.000000 180.000000 -179.999985 9.999945 -0.000053 -27.680748 179.999939 -179.999985 152.319244 179.999969 179.999985 161.564621 180.000000 180.000000 -179.999985 19.999939 -0.000055 -24.098227 179.999893 -179.999954 143.852676 179.999924 179.999985 155.925873
1.719907 99.310593 65.594551 12.964273 1.487809 13.712250 174.201004 -168.836929 170.533722 5.145470 11.461519 -3.897250 0.845760 -3.994227 -0.204125 173.689102 -134.800552 177.120422 13.197791 63.062767 -1.946459 175.962799 -172.769272 -179.270050 179.725555 173.985199 -178.815247 179.725632 174.096786 -178.005432 178.352539 175.646637 -177.538284 0.000035 5.352603 2.310343 0.000077 6.244741 2.392899 161.760071 175.212799 179.952271 2.237628 3.398092 -2.163596 18.705568 -6.402137 68.369110 10.518417 2.586591 3.728099 177.678391 -174.731903 -179.115036 34.421131 47.835732 3.015303 179.999985 179.999908 -169.424438 179.999985 179.999969 -172.956680 0.000002 -0.000002 -0.000000 14.999908 -0.000151 34.317024 0.000009 -0.000148 28.077553 0.000051 -0.000088 19.654289 0.000002 -0.000002 -0.000000 179.999969 -179.999924 -141.875137 0.000009 -0.000079 38.124866 0.000037 -0.000039 25.391159 0.000002 -0.000002 -0.000000 169.999969 -179.999939 -145.890717 0.000000 -0.000070 34.109287 0.000034 -0.000038 22.716785 0.000002 -0.000002 -0.000000 160.000015 179.999985 -162.488739 0.000009 0.000052 26.266907 179.999985 179.999985 -162.506241 176.406723 -179.395859 176.700760 170.141312 -178.367813 106.139664 174.890778 179.466171 -175.959045 7.614445 -3.308008 -15.208125 137.911087 126.384308 161.683136 180.000000 179.999985 166.311783 0.000001 0.000005 -9.116343 0.000002 -0.000002 0.000003 165.000000 -179.999985 151.372375 179.999985 -179.999985 156.577377 179.999985 180.000000 163.604172 0.000002 -0.000002 0.000003 179.999939 -179.999924 149.149460 179.999893 -179.999969 149.149429 179.999939 179.999985 159.453522 0.000002 -0.000002 0.000003 9.999917 -0.000089 -27.708143 179.999893 -179.999954 152.291840 179.999924 179.999985 161.546371 0.000002 -0.000002 0.000003 19.999931 -0.000085 -24.129860 179.999847 -179.999924 143.805206 179.999893 179.999985 155.894272
1.837319 99.257980 65.904099 12.275002 1.544885 13.435970 174.320663 -169.073410 170.804489 5.731828 11.358153 -3.812194 0.751020 -4.108600 -0.238650 172.813614 -136.917938 177.442215 13.950729 60.186317 -1.626982 175.820999 -173.050934 -179.417938 179.739975 174.019547 -178.836060 179.740067 174.130737 -178.041336 178.428864 175.676376 -177.577484 0.000074 5.380001 2.341566 0.000108 6.276708 2.425220 161.777008 175.185501 179.965927 2.014265 3.307104 -2.202953 19.101624 -6.026894 68.735207 10.538234 2.864775 3.635065 177.579880 -175.092941 -179.004166 33.934532 47.462997 2.563184 179.999985 179.999969 -169.372375 179.999985 179.999985 -172.921997 0.000002 -0.000002 -0.000000 14.999980 -0.000094 34.181820 0.000029 -0.000073 27.966940 0.000043 -0.000040 19.576860 0.000002 -0.000002 -0.000000 179.999985 -179.999939 -141.934219 0.000022 -0.000047 38.065769 0.000042 -0.000017 25.351793 0.000002 -0.000002 -0.000000 170.000000 -179.999939 -145.941101 0.000024 -0.000050 34.058880 0.000028 -0.000018 22.683205 0.000002 -0.000002 -0.000000 159.999985 -179.999832 -162.419266 0.000039 -0.000239 26.371105 0.000098 -0.000129 17.563169 176.476562 -179.340927 176.597748 170.047318 -178.446915 106.194016 174.849854 179.513214 -175.958054 7.543341 -3.479912 -15.005490 138.055603 126.442596 161.859589 179.999985 -179.999985 166.320770 179.999985 -179.999985 170.889618 0.000000 -0.000000 0.000000 164.999969 -179.999969 151.362228 179.999969 -179.999985 156.569077 179.999985 180.000000 163.598358 0.000000 -0.000000 0.000000 179.999924 -179.999908 149.105682 179.999893 -179.999969 149.105682 179.999924 179.999985 159.424408 0.000000 -0.000000 0.000000 9.999918 -0.000094 -27.756720 179.999878 -179.999954 152.243301 179.999924 179.999985 161.514038 0.000000 -0.000000 0.000000 19.999931 -0.000093 -24.177689 179.999847 -179.999924 143.733475 179.999893 179.999985 155.846466
1.958466 99.199051 66.221901 11.554904 1.585194 13.139908 174.424484 -169.335739 171.064758 6.376167 11.246706 -3.692748 0.643241 -4.223514 -0.259468 172.083542 -139.091171 177.640686 14.523979 57.230732 -1.440474 175.707916 -173.268890 -179.475296 179.758530 174.043091 -178.857101 179.758606 174.154160 -178.077866 178.523895 175.699509 -177.615829 0.000125 5.395514 2.378805 0.000150 6.294811 2.463780 161.788651 175.167023 179.985764 1.941034 3.290305 -2.201454 19.319208 -5.714529 69.058830 10.479035 3.101584 3.512442 177.519043 -175.386856 -178.913971 33.483654 47.094498 2.105562 179.999985 179.999969 -169.340866 179.999985 179.999969 -172.901031 0.000001 -0.000000 0.000000 15.000012 -0.000054 34.083855 0.000029 -0.000032 27.886784 0.000027 -0.000012 19.520746 0.000001 -0.000000 0.000000 0.000010 -0.000029 38.008617 0.000023 -0.000022 38.008595 0.000018 0.000001 25.313732 0.000001 -0.000000 0.000000 170.000015 -179.999969 -145.995087 0.000029 -0.000023 34.004925 0.000023 -0.000006 22.647263 0.000001 -0.000000 0.000000 160.000015 -179.999954 -162.598892 0.000039 -0.000056 26.101667 0.000042 -0.000022 17.383711 176.542557 -179.287811 176.490463 170.151718 -178.559143 106.270599 174.811829 179.518524 -175.963089 7.350906 -3.528840 -14.807761 138.167480 126.492348 161.942673 179.999985 -179.999985 166.300156 179.999985 -179.999985 170.875916 0.000000 -0.000000 0.000000 164.999969 -179.999969 151.330002 179.999969 -179.999985 156.542725 179.999985 180.000000 163.579926 0.000000 -0.000000 0.000000 179.999954 -179.999924 149.036377 179.999908 -179.999985 149.036362 179.999954 179.999985 159.378235 0.000000 -0.000000 0.000000 9.999930 -0.000085 -27.828840 179.999908 -179.999969 152.171158 179.999939 179.999985 161.465988 0.000000 -0.000000 0.000000 19.999947 -0.000067 -24.246553 179.999878 -179.999939 143.630173 179.999924 179.999985 155.777710
2.080629 99.134247 66.542770 10.806654 1.612067 12.823841 174.612335 -169.625015 171.318008 6.900430 11.106074 -3.590393 0.596658 -4.316280 -0.257145 171.535019 -141.324615 177.728882 14.833549 54.176888 -1.421974 175.641174 -173.505463 -179.526184 179.780350 174.060638 -178.879242 179.780396 174.171677 -178.116394 178.634064 175.719177 -177.655441 0.000154 5.405575 2.420361 0.000186 6.306562 2.506822 161.804184 175.152359 -179.990097 1.892657 3.287537 -2.194544 19.761549 -5.431005 69.383728 10.321576 2.986526 3.332202 177.405731 -175.642670 -178.888382 33.049877 46.701546 1.648385 179.999985 179.999969 -169.313461 179.999985 179.999985 -172.882751 0.000000 -0.000002 -0.000003 15.000010 -0.000029 34.014065 0.000020 -0.000013 27.829685 0.000018 -0.000004 19.480782 0.000000 -0.000002 -0.000003 0.000041 -0.000082 37.985867 0.000083 -0.000037 37.985893 0.000059 0.000015 25.298599 0.000000 -0.000002 -0.000003 170.000015 -179.999985 -146.044373 0.000016 -0.000006 33.955620 0.000014 0.000002 22.614454 0.000000 -0.000002 -0.000003 160.000015 -179.999985 -162.658539 0.000032 -0.000027 26.012190 0.000030 -0.000005 17.324129 176.598816 -179.244553 176.382019 170.313309 -178.656158 106.351074 174.776962 179.485428 -175.964584 7.140836 -3.579804 -14.612085 138.342758 126.538025 162.053635 179.999985 -179.999985 166.263962 179.999985 -179.999985 170.851807 0.000000 -0.000000 0.000003 164.999985 -179.999985 151.292587 179.999985 -179.999985 156.512115 179.999985 180.000000 163.558487 0.000000 -0.000000 0.000003 179.999969 -179.999954 148.961182 179.999954 -179.999985 148.961166 179.999969 179.999985 159.328125 0.000000 -0.000000 0.000003 9.999955 -0.000050 -27.918175 179.999939 -179.999985 152.081833 179.999969 179.999985 161.406509 0.000000 -0.000000 0.000003 19.999964 -0.000044 -24.318542 179.999924 -179.999954 143.522202 179.999954 179.999985 155.705780
2.199519 99.064415 66.866074 10.034251 1.632705 12.490979 174.890335 -169.932404 171.574387 7.224031 10.951077 -3.516304 0.680337 -4.402470 -0.239217 171.135315 -143.603256 177.739914 14.934460 51.016815 -1.516412 175.669205 -173.850555 -179.687531 179.804337 174.078049 -178.902832 179.804352 174.189133 -178.157379 178.754593 175.739166 -177.697281 0.000150 5.417901 2.463130 0.000181 6.320939 2.551120 161.833069 175.135757 -179.964661 1.693524 3.224215 -2.227996 20.339060 -5.122935 69.775467 10.123543 2.818598 3.146937 177.297287 -175.831726 -178.910187 32.689732 46.388374 1.313555 179.999985 179.999985 -169.271820 0.000000 0.000003 7.144971 0.000000 -0.000000 0.000000 14.999991 0.000007 33.958595 179.999985 180.000000 -152.215698 180.000000 -180.000000 -160.550980 0.000000 -0.000000 0.000000 179.999985 179.999985 -142.173172 179.999985 180.000000 -142.173157 0.000002 -0.000006 25.192673 0.000000 -0.000000 0.000000 170.000000 179.999985 -146.083115 179.999985 180.000000 -146.083130 180.000000 -179.999985 -157.411362 0.000000 -0.000000 0.000000 160.000000 179.999985 -162.701614 179.999985 179.999985 -154.052414 179.999985 180.000000 -162.718903 176.643692 -179.214737 176.279663 170.507782 -178.734528 106.434769 174.764511 179.439636 -175.968887 6.912684 -3.637039 -14.420841 138.543747 126.586754 162.182632 179.999985 -180.000000 166.224167 179.999985 -180.000000 170.825287 0.000002 -0.000000 0.000000 165.000000 -179.999985 151.249603 179.999985 -179.999985 156.476929 179.999985 -180.000000 163.533875 0.000002 -0.000000 0.000000 179.999985 -179.999985 148.887756 179.999985 -179.999985 148.887741 179.999985 179.999985 159.279251 0.000002 -0.000000 0.000000 9.999981 -0.000028 -28.006636 179.999985 -179.999985 151.993378 179.999985 180.000000 161.347595 0.000002 -0.000000 0.000000 19.999987 -0.000023 -24.396799 179.999969 -179.999985 143.404800 179.999985 179.999985 155.627579
2.318340 98.991653 67.186394 9.246531 1.653633 12.154448 175.202301 -170.224426 171.827133 7.495184 10.790668 -3.447277 0.802429 -4.465528 -0.177215 170.857025 -145.919586 177.664612 14.955551 47.809933 -1.649738 175.724991 -174.065308 -179.804672 179.831635 174.092560 -178.928955 179.831726 174.203903 -178.203125 178.891968 175.758545 -177.743652 0.000056 5.442510 2.514531 0.000073 6.349638 2.604354 161.967529 175.108246 -179.928391 1.649649 3.224042 -2.216746 20.826345 -4.873476 70.107933 9.883550 2.574699 2.970498 177.085541 -175.786270 -179.026581 32.511456 46.067120 1.081292 179.999725 179.999619 -169.255157 179.999771 179.999786 -172.843933 0.000000 -0.000002 0.000000 14.999300 0.000574 33.967918 179.999268 179.999924 -152.208054 179.999527 -179.999802 -160.545639 0.000000 -0.000002 0.000000 179.999237 179.999466 -142.154678 179.999069 -179.999969 -142.154709 179.999527 -179.999588 -154.794983 0.000000 -0.000002 0.000000 170.001831 -179.998764 -145.905045 0.002207 -0.000014 34.094963 0.001216 0.000818 22.707228 0.000000 -0.000002 0.000000 159.999130 179.999435 -162.678116 179.998520 179.999573 -154.017181 179.998978 -179.999832 -162.695404 176.794815 -179.264450 176.232056 170.621872 -178.719208 106.486580 174.760010 179.362396 -175.966888 6.649107 -3.696554 -14.235656 138.792435 126.606247 162.341049 179.999817 -179.999832 166.181854 179.999847 -179.999924 170.797104 0.000000 -0.000000 0.000000 164.999969 -179.999954 151.205963 179.999969 -179.999985 156.441208 179.999969 180.000000 163.508835 0.000000 -0.000000 0.000000 179.999680 -179.999603 148.814438 179.999527 -179.999847 148.814392 179.999680 179.999924 159.230423 0.000000 -0.000000 0.000000 9.999561 -0.000507 -28.102201 179.999374 -179.999756 151.897781 179.999573 179.999954 161.283951 0.000000 -0.000000 0.000000 19.999615 -0.000432 -24.468349 179.999222 -179.999649 143.297424 179.999466 179.999878 155.556076
2.418092 98.916779 67.518532 8.445608 1.678701 11.793268 175.640060 -170.570572 172.119690 7.666276 10.612446 -3.391527 0.899811 -4.547453 -0.175767 170.790207 -148.289001 177.581451 14.590539 44.389519 -1.887134 175.975403 -174.926590 179.487778 179.853592 174.129959 -178.954346 179.853653 174.240891 -178.247009 179.004517 175.791687 -177.790070 0.000052 5.471145 2.543500 0.000063 6.383032 2.634358 161.954742 175.080246 -179.918091 1.508147 3.168681 -2.261225 21.178272 -4.570700 70.586418 9.680120 2.470363 2.774424 176.885147 -175.589035 -179.173126 32.588860 45.951588 1.162296 179.999756 179.999664 -169.225311 179.999817 179.999832 -172.824051 0.000000 -0.000000 0.000000 14.999321 0.000526 34.032055 179.999313 179.999969 -152.155563 179.999557 -179.999802 -160.508911 0.000000 -0.000000 0.000000 179.999298 179.999512 -142.092514 179.999146 -179.999939 -142.092545 179.999588 -179.999603 -154.753601 0.000000 -0.000000 0.000000 169.999481 179.999664 -146.202774 179.999359 -179.999985 -146.202774 179.999664 -179.999756 -157.491043 0.000000 -0.000000 0.000000 159.999115 179.999466 -162.617035 179.998520 179.999603 -153.925537 179.999008 -179.999786 -162.634415 176.726822 -179.183975 176.113388 170.970596 -178.875900 106.585869 174.797440 179.340057 -175.987305 6.505716 -3.812262 -14.052179 138.986755 126.600601 162.442810 179.999832 -179.999847 166.141479 179.999878 -179.999924 170.770248 180.000000 -180.000000 180.000000 164.999969 -179.999954 151.198914 179.999954 -179.999985 156.435471 179.999969 179.999985 163.504837 180.000000 -180.000000 180.000000 179.999725 -179.999725 148.742783 179.999634 -179.999893 148.742767 179.999756 179.999924 159.182663 180.000000 -180.000000 180.000000 9.999648 -0.000349 -28.198915 179.999527 -179.999847 151.801071 179.999695 179.999939 161.219528 180.000000 -180.000000 180.000000 19.999676 -0.000297 -24.549349 179.999405 -179.999771 143.175949 179.999588 179.999878 155.475189
2.506682 98.841156 67.858429 7.645624 1.699814 11.417797 176.081055 -170.951111 172.437683 7.806599 10.360861 -3.372457 1.016316 -4.585224 -0.168017 170.845703 -150.663116 177.505249 14.060611 40.893780 -2.086726 176.367081 -176.208771 178.444031 179.871597 174.179672 -178.975861 179.871628 174.289902 -178.284119 179.097809 175.832245 -177.829468 0.000012 5.515995 2.559386 0.000020 6.435358 2.650815 161.970810 175.041199 -179.917496 1.804635 3.330636 -2.178975 21.122192 -4.479602 70.864426 9.381914 2.329266 2.587635 176.686905 -175.389496 -179.302887 32.802204 45.972145 1.421525 179.999832 179.999741 -169.188583 179.999847 179.999863 -172.799591 0.000001 0.000001 0.000000 14.999328 0.000490 34.094582 179.999329 179.999985 -152.104462 179.999588 -179.999786 -160.473114 0.000001 0.000001 0.000000 179.999329 179.999588 -142.031860 179.999237 -179.999924 -142.031845 179.999634 -179.999634 -154.713211 0.000001 0.000001 0.000000 169.999481 179.999695 -146.161438 179.999405 -179.999969 -146.161469 179.999680 -179.999756 -157.463516 0.000001 0.000001 0.000000 159.999222 179.999527 -162.547455 179.998657 179.999680 -153.821167 179.999100 -179.999786 -162.564896 177.140121 -179.405624 176.191650 170.807434 -178.757477 106.506920 174.844330 179.351089 -176.012375 6.396598 -3.924667 -13.864528 139.119263 126.566025 162.475418 179.999863 -179.999847 166.100845 179.999878 -179.999939 170.743179 180.000000 -180.000000 179.999985 165.000046 179.999954 151.170792 0.000060 0.000016 -23.587503 0.000042 -0.000006 -16.511261 180.000000 -180.000000 179.999985 179.999741 -179.999771 148.686462 179.999664 -179.999939 148.686462 179.999786 179.999908 159.145218 180.000000 -180.000000 179.999985 9.999681 -0.000270 -28.271244 179.999588 -179.999908 151.728775 179.999725 179.999924 161.171356 180.000000 -180.000000 179.999985 19.999693 -0.000258 -24.607519 179.999435 -179.999847 143.088715 179.999634 179.999847 155.417084
2.586557 98.765282 68.207863 6.850342 1.715830 11.021905 176.519379 -171.379227 172.775085 7.989451 10.062959 -3.349885 1.082702 -4.610747 -0.199299 171.023651 -153.012878 177.464783 13.419784 37.366478 -2.219450 176.814270 -177.874481 176.796936 179.885345 174.240723 -178.991257 179.885345 174.349991 -178.310715 179.169632 175.879578 -177.857086 179.999969 174.429184 -177.436996 179.999985 173.500702 -177.345459 162.005905 174.995987 -179.925369 1.808627 3.345130 -2.201104 21.284559 -4.326932 71.270142 9.056157 2.217527 2.390089 176.416061 -175.068237 -179.432098 33.225636 46.077068 1.845283 179.999786 179.999680 -169.173843 179.999817 179.999832 -172.789764 0.000000 -0.000000 0.000000 14.999885 0.000089 34.202850 179.999878 179.999985 -152.015884 179.999924 -179.999969 -160.411102 0.000000 -0.000000 0.000000 179.999924 179.999954 -141.937088 179.999908 -179.999985 -141.937057 179.999969 -179.999954 -154.650085 0.000000 -0.000000 0.000000 170.000046 -179.999969 -146.080566 0.000054 0.000002 33.919441 0.000026 0.000024 22.590347 0.000000 -0.000000 0.000000 159.999878 179.999924 -162.441696 179.999786 179.999954 -153.662537 179.999863 -179.999969 -162.459229 177.087646 -179.318878 176.074234 171.128174 -178.959244 106.547287 174.910141 179.405975 -176.041748 6.317196 -3.999015 -13.661119 139.211761 126.554619 162.486511 179.999878 -179.999893 166.064514 179.999924 -179.999954 170.718964 0.000000 -0.000000 0.000000 164.999985 -179.999985 151.196426 179.999985 -180.000000 156.433441 179.999985 180.000000 163.503433 0.000000 -0.000000 0.000000 179.999771 -179.999832 148.625946 179.999725 -179.999985 148.625931 179.999832 179.999908 159.104874 0.000000 -0.000000 0.000000 9.999747 -0.000183 -28.348494 179.999695 -179.999969 151.651489 179.999817 179.999924 161.119904 0.000000 -0.000000 0.000000 19.999758 -0.000179 -24.681219 179.999573 -179.999924 142.978134 179.999725 179.999847 155.343445
2.663402 98.688828 68.562157 6.065480 1.714409 10.603850 176.876785 -171.837143 173.125046 8.314712 9.713137 -3.308798 1.079196 -4.616530 -0.261173 171.260483 -155.317459 177.479065 12.781079 33.814781 -2.250938 177.054413 179.277252 175.318619 179.894897 174.306366 -178.999405 179.894882 174.414536 -178.324951 179.219925 175.928894 -177.870682 179.999939 174.375305 -177.443527 179.999969 173.437866 -177.352203 162.044983 174.953125 -179.938980 1.679910 3.299541 -2.268012 21.490059 -4.184691 71.719757 8.705625 2.162062 2.186074 176.314636 -175.108368 -179.437607 33.355068 46.128044 2.071539 179.999832 179.999771 -169.124832 179.999863 179.999863 -172.757141 0.000000 -0.000000 0.000000 14.999952 0.000035 34.225082 179.999939 179.999985 -151.997681 179.999969 -179.999985 -160.398392 0.000000 -0.000000 0.000000 0.000004 0.000002 38.080280 0.000011 -0.000001 38.080318 180.000000 179.999985 -154.638535 0.000000 -0.000000 0.000000 170.000122 -179.999939 -146.079941 0.000124 0.000009 33.920048 0.000069 0.000049 22.590761 0.000000 -0.000000 0.000000 159.999969 179.999985 -162.421661 179.999924 179.999985 -153.632492 179.999954 -179.999985 -162.439255 177.136871 -179.281311 175.986115 171.358719 -179.121964 106.524033 174.972443 179.463562 -176.072617 6.277000 -4.037897 -13.449190 139.192734 126.475868 162.384338 179.999908 -179.999893 166.035889 179.999924 -179.999954 170.699890 0.000000 -0.000000 0.000000 164.999863 -179.999878 151.220322 179.999847 -179.999985 156.453003 179.999893 179.999969 163.517075 0.000000 -0.000000 0.000000 179.999771 -179.999847 148.574188 179.999725 180.000000 148.574188 179.999847 179.999893 159.070419 0.000000 -0.000000 0.000000 9.999746 -0.000149 -28.404167 179.999725 -179.999985 151.595856 179.999832 179.999908 161.082825 0.000000 -0.000000 0.000000 19.999704 -0.000154 -24.729149 179.999527 -179.999969 142.906265 179.999725 179.999847 155.295563
2.741135 98.610863 68.917793 5.291867 1.695076 10.162078 177.161118 -172.312317 173.477127 8.570635 9.329273 -3.263400 1.207817 -4.608990 -0.308191 171.566895 -157.576447 177.564789 12.131630 30.294666 -2.220598 177.234100 176.769333 174.634033 179.902969 174.374146 -179.001343 179.902954 174.481155 -178.328751 179.261612 175.979202 -177.871506 179.999924 174.341736 -177.453812 179.999954 173.398697 -177.362808 161.991455 174.927399 -179.958755 1.920741 3.447750 -2.219428 21.250963 -4.219563 71.996803 8.334712 2.130443 1.982206 176.215820 -175.243881 -179.408340 33.433197 46.103512 2.202879 179.999847 179.999832 -169.087616 179.999878 179.999924 -172.732361 0.000000 -0.000000 0.000000 14.999990 0.000015 34.240768 179.999985 179.999985 -151.984802 179.999985 -179.999985 -160.389374 0.000000 -0.000000 0.000000 0.000070 -0.000042 38.086025 0.000076 0.000010 38.086006 0.000034 0.000036 25.365267 0.000000 -0.000000 0.000000 170.000198 -179.999893 -146.085281 0.000228 0.000021 33.914692 0.000113 0.000096 22.587202 0.000000 -0.000000 0.000000 159.999924 179.999969 -162.417511 179.999893 179.999985 -153.626221 179.999924 -179.999985 -162.435089 176.873840 -179.061859 175.770370 171.931564 -179.458801 106.570518 175.031616 179.501694 -176.103012 6.266896 -4.034046 -13.232204 139.125000 126.424438 162.250854 179.999939 -179.999939 166.009995 179.999954 -179.999969 170.682663 0.000000 0.000000 -0.000003 164.999771 -179.999847 151.196121 179.999771 -179.999985 156.433182 179.999847 179.999939 163.503220 0.000000 0.000000 -0.000003 179.999802 -179.999893 148.516937 179.999771 179.999985 148.516968 179.999878 179.999908 159.032288 0.000000 0.000000 -0.000003 9.999749 -0.000126 -28.460649 179.999725 179.999985 151.539337 179.999847 179.999908 161.045212 0.000000 0.000000 -0.000003 19.999727 -0.000130 -24.791336 179.999573 -179.999985 142.812988 179.999756 179.999832 155.233459
2.825341 98.530418 69.271523 4.533424 1.651667 9.696559 177.461655 -172.794388 173.824081 8.644871 8.942780 -3.218507 1.491551 -4.600367 -0.309775 171.976913 -159.799896 177.721786 11.486691 26.972124 -2.278809 177.475800 175.555450 174.544052 179.909622 174.439484 -178.997040 179.909622 174.545349 -178.322113 179.294922 176.027374 -177.859497 179.999924 174.294876 -177.464188 179.999954 173.344025 -177.373596 162.101547 174.890808 -179.966690 1.945030 3.493477 -2.219819 21.137363 -4.229692 72.322945 7.948754 2.131387 1.780286 176.119247 -175.426697 -179.348770 33.439190 45.965118 2.204186 179.999832 179.999832 -169.063477 179.999893 179.999908 -172.716263 0.000001 0.000003 0.000000 15.000034 -0.000019 34.248581 0.000037 0.000002 28.021578 0.000028 0.000012 19.615108 0.000001 0.000003 0.000000 0.000105 -0.000051 38.080036 0.000114 0.000022 38.080051 0.000051 0.000061 25.361298 0.000001 0.000003 0.000000 169.998856 179.999466 -146.234253 179.998749 -179.999817 -146.234253 179.999374 -179.999435 -157.512024 0.000001 0.000003 0.000000 159.999939 179.999969 -162.406387 179.999924 179.999985 -153.609589 179.999954 -179.999985 -162.423996 176.877701 -179.013397 175.659973 172.260880 -179.616806 106.492775 175.085968 179.498306 -176.130203 6.274443 -3.982210 -13.020402 139.043747 126.403923 162.128159 179.999969 -179.999954 165.990631 179.999969 -179.999969 170.669754 0.000000 -0.000000 0.000000 164.999771 -179.999863 151.126221 179.999802 -179.999985 156.376007 179.999863 179.999954 163.463196 0.000000 -0.000000 0.000000 179.999847 -179.999924 148.461624 179.999832 179.999985 148.461639 179.999908 179.999924 158.995422 0.000000 -0.000000 0.000000 9.998925 -0.000490 -28.400993 179.998825 179.999908 151.599014 179.999344 179.999588 161.084946 0.000000 -0.000000 0.000000 19.999758 -0.000111 -24.853914 179.999603 179.999985 142.719101 179.999802 179.999847 155.170944
2.922538 98.450615 69.624229 3.855207 1.592353 9.270218 177.662598 -173.242142 174.107285 8.755921 8.585505 -3.114457 1.777757 -4.598779 -0.314551 172.454330 -161.987473 177.881500 11.040374 23.976021 -2.496055 177.655258 175.345001 175.107361 179.904419 174.511322 -178.998230 179.904358 174.615585 -178.323807 179.274155 176.076752 -177.862823 179.999924 174.257111 -177.473389 179.999939 173.299988 -177.383118 162.189728 174.861389 -179.973495 1.615104 3.373117 -2.317531 21.277836 -4.175368 72.758217 7.551003 2.160782 1.588086 176.028900 -175.626099 -179.271011 33.382702 45.807903 2.158411 179.999863 179.999863 -169.033005 179.999908 179.999939 -172.695999 180.000000 180.000000 -180.000000 15.000023 -0.000004 34.238811 0.000018 -0.000003 28.013571 0.000010 0.000009 19.609495 180.000000 180.000000 -180.000000 179.999023 179.999588 -142.033615 179.998962 -179.999725 -142.033661 179.999588 -179.999435 -154.714401 180.000000 180.000000 -180.000000 170.001572 -179.999344 -145.826385 0.001674 0.000345 34.173626 0.000790 0.000811 22.759634 180.000000 180.000000 -180.000000 159.999954 179.999985 -162.397339 179.999939 179.999985 -153.595993 179.999954 -179.999985 -162.414948 176.521393 -178.744034 175.408051 172.997498 -179.974350 106.514694 175.156219 179.490875 -176.167221 6.267232 -3.852916 -12.813156 138.960480 126.395195 161.998016 0.000013 0.000019 -14.033477 0.000001 0.000010 -9.346312 0.000000 -0.000000 0.000003 164.999847 -179.999924 151.048111 179.999863 179.999985 156.312103 179.999924 179.999969 163.418457 0.000000 -0.000000 0.000003 179.999893 -179.999954 148.411819 179.999878 179.999985 148.411850 179.999954 179.999954 158.962280 0.000000 -0.000000 0.000003 9.999759 -0.000102 -28.766100 179.999741 179.999985 151.233932 179.999863 179.999893 160.841782 0.000000 -0.000000 0.000003 19.999821 -0.000070 -24.916628 179.999725 179.999985 142.625061 179.999847 179.999863 155.108292
3.030675 98.370865 69.981178 3.026404 1.457834 8.670612 178.004013 -173.772598 174.537827 8.842362 8.237779 -2.993155 2.077497 -4.594336 -0.295303 173.115341 -164.282959 178.223679 10.922123 21.269823 -2.686532 177.704941 176.178238 176.333450 179.929169 174.544098 -178.971878 179.929199 174.648285 -178.281647 179.385422 176.106995 -177.798187 179.999954 174.229431 -177.478989 179.999969 173.267670 -177.388931 162.253708 174.839600 -179.977722 1.494036 3.368629 -2.312515 21.122057 -4.232047 73.052284 7.146413 2.201532 1.407579 175.941986 -175.815643 -179.182175 32.756699 45.174656 1.518775 179.999985 -179.999985 -168.970337 179.999985 -180.000000 -172.654236 0.000000 -0.000000 0.000000 14.999990 0.000004 34.232433 179.999985 -179.999985 -151.991653 180.000000 -179.999985 -160.394150 0.000000 -0.000000 0.000000 0.001042 -0.000371 38.302097 0.001048 0.000352 38.302116 0.000405 0.000616 25.509195 0.000000 -0.000000 0.000000 170.000137 -179.999954 -146.201813 0.000142 0.000039 33.798203 0.000067 0.000072 22.509596 0.000000 -0.000000 0.000000 159.999954 179.999985 -162.389664 179.999924 179.999985 -153.584488 179.999969 -179.999985 -162.407272 176.538513 -178.733047 175.312805 173.309555 179.922379 106.403625 175.232391 179.474701 -176.211319 6.252357 -3.689634 -12.635683 138.836685 126.361816 161.872467 0.000009 0.000027 -14.031684 0.000015 0.000010 -9.345102 0.000000 -0.000000 0.000003 164.999832 -179.999908 151.003830 179.999847 179.999985 156.275848 179.999908 179.999954 163.393112 0.000000 -0.000000 0.000003 179.999924 -179.999969 148.378067 179.999924 179.999985 148.378052 179.999969 179.999969 158.939758 0.000000 -0.000000 0.000003 9.999837 -0.000066 -28.836868 179.999832 179.999985 151.163116 179.999908 179.999939 160.794647 0.000000 -0.000000 0.000003 19.999849 -0.000064 -24.963139 179.999756 179.999985 142.555283 179.999878 179.999893 155.061813
3.149525 98.293533 70.349922 2.248073 1.299116 8.057871 178.366150 -174.334274 174.974640 8.826367 7.900730 -2.882771 2.406608 -4.610545 -0.282011 173.775284 -166.576050 178.560959 11.310067 18.815397 -2.732388 177.632751 178.602280 177.487076 179.944901 174.579285 -178.940186 179.945023 174.683151 -178.229874 179.452530 176.136688 -177.724365 179.999908 174.205490 -177.489487 179.999924 173.239746 -177.399796 162.327347 174.821625 -179.983383 1.505257 3.433408 -2.259864 20.799517 -4.349045 73.250465 6.742532 2.229039 1.240829 175.835571 -175.847122 -179.113098 34.920898 46.672878 3.677446 179.999222 179.999298 -169.089294 179.999405 179.999634 -172.733475 0.000000 -0.000001 0.000000 15.000207 -0.000076 34.259899 0.000176 0.000044 28.030819 0.000091 0.000086 19.621584 0.000000 -0.000001 0.000000 0.000198 -0.000065 38.054104 0.000196 0.000071 38.054123 0.000073 0.000116 25.344046 0.000000 -0.000001 0.000000 170.000290 -179.999908 -146.207794 0.000285 0.000087 33.792233 0.000131 0.000151 22.505617 0.000000 -0.000001 0.000000 160.000168 -179.999954 -162.361603 0.000277 -0.000002 26.457588 0.000161 0.000080 17.620756 176.576828 -178.734314 175.204254 173.596909 179.828491 106.290451 175.325607 179.460159 -176.256134 6.228053 -3.507235 -12.491787 138.715088 126.314606 161.753479 0.000021 0.000015 -14.025172 0.000005 0.000004 -9.340782 0.000000 -0.000000 0.000000 164.999878 -179.999939 150.938217 179.999893 179.999985 156.222183 179.999939 179.999969 163.355545 0.000000 -0.000000 0.000000 179.999969 -179.999985 148.349777 179.999954 179.999985 148.349762 179.999985 179.999985 158.920944 0.000000 -0.000000 0.000000 9.999912 -0.000036 -28.890495 179.999908 179.999985 151.109512 179.999954 179.999969 160.758942 0.000000 -0.000000 0.000000 19.998972 -0.000375 -24.895683 179.998352 179.999847 142.656509 179.999191 179.999252 155.129242
3.273827 98.220703 70.727028 1.540385 1.126146 7.433279 178.819183 -174.949219 175.424225 8.861678 7.494206 -2.737300 2.529703 -4.587884 -0.335519 174.385651 -168.822388 178.853745 12.169587 16.510782 -2.562248 177.309357 -178.927948 178.100418 179.955322 174.618271 -178.903915 179.955490 174.721573 -178.170120 179.493408 176.167633 -177.642120 179.999908 174.188385 -177.497147 179.999924 173.219803 -177.407745 162.382889 174.808807 -179.987152 0.969700 3.216150 -2.333323 20.921307 -4.283637 73.612701 6.343419 2.262311 1.082150 175.841904 -176.279190 -178.927292 32.401203 44.752193 1.087305 180.000000 179.999985 -168.960175 179.999985 -179.999985 -172.647491 0.000000 -0.000000 0.000000 15.000014 -0.000002 34.178284 0.000009 -0.000004 27.964041 180.000000 179.999985 -160.425171 0.000000 -0.000000 0.000000 180.000000 180.000000 -142.016129 180.000000 180.000000 -142.016129 0.000003 -0.000004 25.297253 0.000000 -0.000000 0.000000 170.000046 -179.999985 -146.301529 0.000039 0.000017 33.698452 0.000019 0.000026 22.443184 0.000000 -0.000000 0.000000 160.001114 -179.999725 -162.342026 0.001723 0.000107 26.486961 0.000991 0.000572 17.640310 176.606903 -178.738724 175.092850 173.839630 179.733963 106.172447 175.428467 179.460052 -176.294556 6.191339 -3.304202 -12.382812 138.694412 126.282494 161.727066 0.000022 0.000030 -14.023022 0.000022 0.000021 -9.339331 0.000000 -0.000000 0.000003 164.999908 -179.999954 150.883453 179.999924 179.999985 156.177368 179.999954 179.999985 163.324173 0.000000 -0.000000 0.000003 179.999985 -179.999985 148.329483 179.999985 179.999985 148.329453 179.999985 179.999985 158.907425 0.000000 -0.000000 0.000003 9.999942 -0.000023 -28.924158 179.999954 179.999985 151.075821 179.999985 179.999985 160.736511 0.000000 -0.000000 0.000003 19.999929 -0.000026 -25.333218 179.999908 179.999985 142.000168 179.999954 179.999954 154.692123
3.401576 98.153183 71.108246 0.913159 0.952773 6.799867 179.137421 -175.597198 175.900116 9.213156 7.023694 -2.587947 2.394685 -4.544103 -0.402428 174.954285 -170.973694 179.068207 13.735792 13.877544 -2.129981 176.309280 -177.567261 178.406631 179.959854 174.664871 -178.863510 179.959991 174.767288 -178.103073 179.505798 176.202209 -177.552567 179.999985 174.193954 -177.503464 179.999985 173.226273 -177.414322 162.398895 174.814224 -179.988037 0.642018 3.099472 -2.328826 20.736584 -4.303904 73.867867 5.952582 2.300236 0.926989 175.769058 -176.281769 -178.844116 34.311375 46.166527 3.152072 179.999725 179.999741 -168.995361 179.999786 179.999863 -172.670929 0.000000 -0.000000 0.000000 15.000030 -0.000007 34.177940 0.000024 0.000010 27.963770 0.000013 0.000013 19.574640 0.000000 -0.000000 0.000000 0.000009 -0.000000 37.986004 0.000008 0.000001 37.986000 0.000003 0.000004 25.298679 0.000000 -0.000000 0.000000 170.000061 -179.999985 -146.311218 0.000049 0.000021 33.688786 0.000018 0.000029 22.436722 0.000000 -0.000000 0.000000 159.999969 180.000000 -162.655975 179.999969 -180.000000 -153.983978 179.999985 -179.999985 -162.673325 176.630188 -178.744217 174.982239 174.008270 179.640564 106.048225 175.546707 179.501968 -176.324326 6.146001 -3.085994 -12.301333 138.727661 126.258026 161.780228 0.000024 0.000044 -14.008013 0.000016 0.000017 -9.329347 180.000000 180.000000 -180.000000 164.999939 -179.999969 150.828354 179.999954 179.999985 156.132309 179.999969 179.999985 163.292618 180.000000 180.000000 -180.000000 179.999557 -179.999817 148.385834 179.999527 179.999924 148.385849 179.999756 179.999802 158.944977 180.000000 180.000000 -180.000000 9.999967 -0.000015 -28.947926 179.999985 179.999985 151.052078 179.999985 179.999985 160.720688 180.000000 180.000000 -180.000000 19.999968 -0.000015 -25.362183 179.999939 179.999985 141.956757 179.999985 179.999985 154.663208
3.530696 98.090294 71.489319 0.350821 0.774661 6.137632 179.519150 -176.308899 176.420761 9.583989 6.481065 -2.470182 2.113019 -4.487191 -0.465877 175.598618 -173.035446 179.168259 14.992137 10.994302 -1.622569 175.432770 -177.011841 178.490753 179.963226 174.712250 -178.814850 179.963303 174.813553 -178.022202 179.510788 176.236847 -177.445221 0.000006 5.826878 2.501287 0.000012 6.798021 2.590628 162.515793 174.796585 -179.979858 0.298197 2.964650 -2.323932 20.456306 -4.332151 74.118706 5.574668 2.338616 0.769570 175.698120 -176.227936 -178.776199 32.588223 44.800125 1.302930 179.999954 179.999969 -168.939484 179.999969 179.999985 -172.633713 0.000000 -0.000000 0.000000 15.000009 -0.000003 34.166885 180.000000 180.000000 -152.045319 0.000003 -0.000002 19.568298 0.000000 -0.000000 0.000000 179.999985 179.999985 -142.018082 179.999985 -179.999985 -142.018082 180.000000 -179.999985 -154.704025 0.000000 -0.000000 0.000000 170.000015 -179.999985 -146.327179 0.000011 0.000007 33.672836 0.000007 0.000007 22.426109 0.000000 -0.000000 0.000000 159.999115 179.999847 -162.705536 179.998672 -179.999832 -154.058319 179.999252 -179.999512 -162.722839 176.634781 -178.740341 174.873627 174.122986 179.550598 105.898956 175.658813 179.540237 -176.324387 6.116601 -2.893861 -12.252763 138.797607 126.283203 161.887741 0.000026 0.000041 -13.991824 0.000017 0.000024 -9.318552 0.000000 -0.000000 0.000000 164.999985 -179.999985 150.776993 179.999985 180.000000 156.090240 179.999985 179.999985 163.263168 0.000000 -0.000000 0.000000 0.000005 0.000001 -31.933210 0.000004 -0.000001 -31.933218 0.000000 -0.000002 -21.267521 0.000000 -0.000000 0.000000 9.999990 -0.000004 -28.967447 179.999985 -180.000000 151.032578 179.999985 179.999985 160.707672 0.000000 -0.000000 0.000000 19.999989 -0.000005 -25.384027 179.999985 -180.000000 141.923981 179.999985 179.999985 154.641357
3.660711 98.054276 71.867043 0.013994 0.634474 5.599961 179.809784 -176.999252 176.833420 9.792266 5.880924 -2.380118 1.878536 -4.412029 -0.535047 175.933060 -174.511108 179.264282 15.925857 8.420719 -1.267508 174.843369 -177.153900 178.475540 179.936188 174.784271 -178.780029 179.936295 174.883774 -177.962570 179.379349 176.279419 -177.378571 179.999969 174.126648 -177.488327 180.000000 173.147736 -177.398575 162.732681 174.757172 -179.964676 179.952576 177.187180 177.665909 20.107708 -4.364130 74.376564 5.215049 2.370789 0.607682 175.628387 -176.085770 -178.739349 32.483891 44.730934 1.231952 179.999954 179.999954 -168.918869 179.999969 179.999985 -172.619980 0.000000 -0.000000 0.000000 14.999993 0.000001 34.166759 179.999985 -180.000000 -152.045395 180.000000 -179.999985 -160.431763 0.000000 -0.000000 0.000000 179.999481 179.999908 -142.044159 179.999557 -179.999741 -142.044159 179.999863 -179.999680 -154.721420 0.000000 -0.000000 0.000000 170.000000 180.000000 -146.332626 180.000000 -180.000000 -146.332596 180.000000 -179.999985 -157.577515 0.000000 -0.000000 0.000000 159.999374 179.999893 -162.398697 179.999069 -179.999847 -153.598022 179.999481 -179.999634 -162.416290 176.628494 -178.726990 174.750992 174.205551 179.475220 105.721535 175.764160 179.593170 -176.296616 6.096039 -2.708606 -12.216689 138.882355 126.300537 162.042313 0.000025 0.000036 -13.957671 0.000017 0.000024 -9.295815 0.000000 -0.000000 0.000000 165.000000 -180.000000 150.746735 180.000000 -180.000000 156.065521 180.000000 180.000000 163.245865 0.000000 -0.000000 0.000000 0.000008 0.000004 -31.932247 0.000007 0.000000 -31.932247 0.000002 -0.000001 -21.266872 0.000000 -0.000000 0.000000 10.000001 -0.000003 -28.977757 180.000000 -180.000000 151.022263 180.000000 180.000000 160.700821 0.000000 -0.000000 0.000000 20.000004 0.000002 -25.395029 0.000004 -0.000002 -38.092537 0.000002 0.000000 -25.369629
3.804075 97.833405 72.226837 179.751434 179.511475 -174.926392 0.228882 -2.198363 -2.800435 9.802642 5.150768 -2.271397 1.648031 -4.321444 -0.595762 177.154953 -176.295792 179.027466 15.338153 5.438512 -0.922757 174.684845 -177.822952 178.429398 179.892670 174.880295 -178.761917 179.892776 174.977219 -177.929855 179.176025 176.333740 -177.351974 179.999542 174.011002 -177.447281 179.999664 173.012772 -177.355881 163.159988 174.657043 -179.925766 179.673874 177.278259 177.727722 19.323715 -4.581943 74.633987 4.719571 2.334625 0.368269 175.627838 -176.345520 -178.619400 32.260887 44.553020 1.056130 0.000002 -0.000000 11.118805 0.000007 0.000006 7.405120 0.000001 -0.000000 0.000000 14.999632 0.000062 34.148895 179.999725 -179.999863 -152.060013 179.999863 -179.999832 -160.442001 0.000001 -0.000000 0.000000 0.000198 -0.000032 38.256554 0.000173 0.000099 38.256554 0.000052 0.000123 25.478867 0.000001 -0.000000 0.000000 169.999939 179.999985 -146.332932 179.999939 -179.999985 -146.332916 179.999985 -179.999969 -157.577744 0.000001 -0.000000 0.000000 160.000565 -179.999908 -162.026184 0.000846 0.000129 26.960703 0.000468 0.000334 17.955835 176.686890 -178.786819 174.691040 174.236526 179.410568 105.543510 175.862549 179.683426 -176.255524 6.077556 -2.536095 -12.193015 139.086227 126.325333 162.333450 0.000064 0.000113 -13.913114 0.000051 0.000066 -9.266141 0.000000 -0.000000 0.000000 165.000015 179.999985 150.742447 0.000003 0.000000 -23.937994 0.000001 -0.000001 -16.756592 0.000000 -0.000000 0.000000 0.000006 0.000004 -31.922203 0.000009 -0.000001 -31.922220 0.000002 -0.000003 -21.260189 0.000000 -0.000000 0.000000 10.000001 -0.000004 -28.980623 180.000000 180.000000 151.019379 180.000000 180.000000 160.698898 0.000000 -0.000000 0.000000 20.000002 -0.000004 -25.393839 0.000003 0.000001 -38.090790 180.000000 -180.000000 154.631561
3.964563 97.609467 72.590485 179.509399 179.677750 -175.460480 0.718655 -1.363091 -2.425376 9.690546 4.427429 -2.214854 1.454197 -4.262086 -0.586696 178.467590 -178.000580 178.772644 14.164074 2.526693 -0.676883 174.885910 -178.834366 178.478867 179.856873 174.942764 -178.725632 179.857010 175.037872 -177.867355 179.006485 176.364807 -177.285675 179.999023 173.980560 -177.424271 179.999039 172.977280 -177.332123 163.322006 174.628830 -179.901260 179.411804 177.425919 177.712341 18.425627 -4.811209 74.903450 4.300493 2.687517 0.217891 175.499939 -175.933884 -178.650177 30.959976 43.241276 -0.412028 179.999435 179.999512 -168.842529 179.999573 179.999756 -172.569122 0.000000 -0.000000 0.000000 15.003222 -0.000431 34.306786 0.002382 0.001185 28.069204 0.001082 0.001520 19.648439 0.000000 -0.000000 0.000000 179.998795 179.999847 -141.926270 179.998947 -179.999374 -141.926254 179.999725 -179.999237 -154.642868 0.000000 -0.000000 0.000000 169.999557 179.999954 -146.265854 179.999619 -179.999802 -146.265839 179.999863 -179.999741 -157.533051 0.000000 -0.000000 0.000000 159.998810 179.999847 -162.516052 179.998230 -179.999680 -153.774078 179.999039 -179.999283 -162.533539 176.676529 -178.764664 174.555573 174.128830 179.430817 105.244514 175.984680 179.835632 -176.198761 6.269439 -2.490863 -11.992178 137.445679 126.162910 161.012253 0.000340 0.000856 -13.762892 0.000346 0.000489 -9.166082 0.000000 -0.000000 0.000000 165.000549 179.999313 150.701797 0.000683 0.000265 -23.971193 0.000512 -0.000024 -16.779850 0.000000 -0.000000 0.000000 0.000891 0.000760 -31.955153 0.001163 0.000175 -31.955132 0.000720 -0.000311 -21.282097 0.000000 -0.000000 0.000000 10.000877 0.000638 -29.040239 0.001072 0.000138 -29.040230 0.000667 -0.000264 -19.340807 0.000000 -0.000000 0.000000 20.001059 0.000702 -25.447697 0.001884 0.000269 -38.171547 0.001100 -0.000631 -25.422253
4.087616 97.394012 72.918686 179.382019 179.833221 -175.939651 1.317555 -0.711981 -2.085977 9.164536 3.878747 -2.126658 1.471312 -4.220039 -0.576368 0.535641 -0.758940 -1.125836 11.552001 0.755210 -0.542906 175.547684 -179.344772 178.247086 179.804672 175.030304 -178.715256 179.804810 175.122864 -177.847137 178.764648 176.409378 -177.278427 179.999924 174.062149 -177.392807 179.999878 173.072479 -177.299713 163.377228 174.691177 -179.854645 179.499542 177.254822 177.949295 16.724138 -5.523492 74.987801 3.653116 2.956077 -0.021510 175.510254 -176.163208 -178.578629 30.761898 43.100201 -0.558327 179.999664 179.999725 -168.810226 179.999741 179.999847 -172.547607 0.000001 -0.000000 0.000003 15.020617 -0.002791 34.787121 0.015244 0.007571 28.462166 0.006943 0.009685 19.923552 0.000001 -0.000000 0.000003 179.998428 179.999817 -141.898300 179.998657 -179.999176 -141.898285 179.999634 -179.999008 -154.624268 0.000001 -0.000000 0.000003 169.999344 179.999924 -146.258820 179.999405 -179.999695 -146.258835 179.999786 -179.999603 -157.528366 0.000001 -0.000000 0.000003 159.998825 179.999847 -162.478394 179.998245 -179.999680 -153.717621 179.999054 -179.999283 -162.495926 176.751434 -178.828445 174.498672 173.886078 179.513626 104.980255 176.087570 -179.917999 -176.172501 6.254344 -2.329938 -11.936933 138.070496 126.231140 161.837814 0.000360 0.000784 -13.660249 0.000364 0.000464 -9.097722 180.000000 -180.000000 179.999985 165.000443 179.999374 150.802826 0.000568 0.000266 -23.888573 0.000437 0.000008 -16.721987 180.000000 -180.000000 179.999985 0.000668 0.000647 -31.838285 0.000908 0.000202 -31.838303 0.000582 -0.000202 -21.204327 180.000000 -180.000000 179.999985 10.000659 0.000560 -28.944498 0.000859 0.000165 -28.944511 0.000553 -0.000176 -19.277042 180.000000 -180.000000 179.999985 20.000908 0.000693 -25.351145 0.001686 0.000350 -38.026711 0.001027 -0.000504 -25.325792
4.193483 97.044769 73.212898 179.308395 179.959824 -176.385284 1.900580 -0.130489 -1.785464 8.747069 3.367691 -1.953598 1.360938 -4.183357 -0.610676 3.725189 1.160725 -1.233933 7.841098 -1.611592 -0.131745 176.145493 -179.695724 177.887497 179.737701 175.168991 -178.738297 179.737808 175.257858 -177.882019 178.464600 176.486557 -177.346924 0.001003 5.829315 2.669351 0.001010 6.800790 2.764582 163.422104 174.771881 -179.784683 179.467804 177.156342 178.189453 15.799460 -5.838041 75.253990 3.035749 2.162763 -0.467337 175.569122 -176.667130 -178.482101 30.563925 42.982475 -0.758679 179.999313 179.999405 -168.809662 179.999466 179.999695 -172.547226 0.000000 0.000001 0.000000 15.003733 -0.000476 33.452961 0.002767 0.001355 27.370577 0.001289 0.001732 19.159439 0.000000 0.000001 0.000000 179.996765 179.999619 -141.896149 179.997238 -179.998291 -141.896149 179.999252 -179.997971 -154.622818 0.000000 0.000001 0.000000 169.999237 179.999908 -146.240402 179.999329 -179.999649 -146.240417 179.999756 -179.999557 -157.516098 0.000000 0.000001 0.000000 159.998825 179.999847 -162.439575 179.998230 -179.999664 -153.659378 179.999054 -179.999268 -162.457153 176.910660 -179.016388 174.573120 173.601059 179.616882 104.733124 176.161514 -179.659378 -176.165436 6.237784 -2.177046 -11.870872 138.392960 126.178795 162.305130 0.000311 0.000663 -13.571194 0.000308 0.000393 -9.038414 0.000001 -0.000000 0.000003 165.000336 179.999466 150.899857 0.000445 0.000246 -23.809187 0.000350 0.000030 -16.666443 0.000001 -0.000000 0.000003 0.000570 0.000636 -31.747847 0.000820 0.000239 -31.747816 0.000546 -0.000150 -21.144073 0.000001 -0.000000 0.000003 10.000566 0.000543 -28.865915 0.000765 0.000207 -28.865940 0.000513 -0.000128 -19.224716 0.000001 -0.000000 0.000003 20.000826 0.000723 -25.260456 0.001605 0.000446 -37.890705 0.001028 -0.000424 -25.235184
4.253623 97.002098 73.484047 179.281372 -179.966064 -176.793915 2.403422 0.134024 -1.437044 8.384455 3.135435 -1.820883 1.241268 -4.163733 -0.654756 5.966160 2.097860 -0.786142 5.267071 -2.906054 -0.042490 176.478607 -179.955322 177.448746 179.712509 175.217255 -178.704391 179.712723 175.304718 -177.824173 178.343094 176.509872 -177.280899 179.999893 174.609299 -177.370605 179.999847 173.710846 -177.276733 162.775131 175.135513 -179.775116 179.177231 177.388489 178.125549 14.617270 -6.249712 75.608391 2.477923 2.388254 -0.630247 175.512405 -176.231506 -178.659531 30.324247 42.883831 -0.954580 179.998932 179.999054 -168.794510 179.999207 179.999527 -172.537109 180.000000 180.000000 -180.000000 15.000926 -0.000115 33.212910 0.000684 0.000332 27.174192 0.000319 0.000429 19.021929 180.000000 180.000000 -180.000000 179.996307 179.999573 -141.796112 179.996841 -179.998032 -141.796127 179.999161 -179.997665 -154.556244 180.000000 180.000000 -180.000000 169.998535 179.999832 -146.234985 179.998688 -179.999329 -146.234985 179.999527 -179.999130 -157.512497 180.000000 180.000000 -180.000000 159.998672 179.999832 -162.402115 179.998032 -179.999619 -153.603210 179.998947 -179.999207 -162.419724 176.828842 -178.885025 174.406387 173.240265 179.799713 104.407158 176.200531 -179.395172 -176.165802 6.289400 -2.054738 -11.713855 138.718216 126.110130 162.747482 0.000262 0.000638 -13.493066 0.000271 0.000369 -8.986382 0.000000 0.000000 -0.000003 165.000244 179.999557 150.980942 0.000356 0.000225 -23.742847 0.000293 0.000043 -16.619989 0.000000 0.000000 -0.000003 0.000469 0.000601 -31.655437 0.000711 0.000264 -31.655426 0.000499 -0.000100 -21.082504 0.000000 0.000000 -0.000003 10.000458 0.000502 -28.784767 0.000639 0.000215 -28.784750 0.000446 -0.000077 -19.170628 0.000000 0.000000 -0.000003 20.000702 0.000696 -25.156126 0.001396 0.000499 -37.734180 0.000933 -0.000299 -25.130970
4.285980 96.965454 73.731819 179.293549 -179.948868 -177.166199 2.913091 0.318110 -1.103585 8.016722 2.903755 -1.673354 1.087946 -4.118047 -0.743386 8.075330 2.859437 -0.272019 2.901406 -4.035685 0.012079 176.729919 179.855194 176.942184 179.685303 175.318436 -178.696655 179.685440 175.403473 -177.810165 178.218964 176.572433 -177.269836 0.000597 5.238928 2.651131 0.000589 6.112064 2.745719 162.815994 175.256775 -179.724304 178.922318 177.551102 178.123840 13.310241 -6.650377 76.027824 1.778474 1.721137 -1.049558 175.596588 -176.631683 -178.728928 30.110640 42.865135 -1.065006 179.998444 179.998627 -168.762161 179.998810 179.999298 -172.515640 180.000000 -180.000000 179.999985 14.998693 0.000172 33.098450 179.999039 -179.999527 -152.919464 179.999557 -179.999390 -161.043594 180.000000 -180.000000 179.999985 0.000403 -0.000051 38.468201 0.000347 0.000214 38.468277 0.000093 0.000254 25.619846 180.000000 -180.000000 179.999985 169.997726 179.999725 -146.205368 179.997955 -179.998947 -146.205383 179.999252 -179.998657 -157.492752 180.000000 -180.000000 179.999985 159.998047 179.999756 -162.373245 179.997070 -179.999451 -153.559830 179.998413 -179.998795 -162.390854 176.752823 -178.847733 174.353958 173.139709 179.858459 104.241333 176.168808 -179.259064 -176.164948 6.163888 -1.818579 -11.713654 139.047363 126.073738 163.233551 0.000180 0.000503 -13.400097 0.000198 0.000295 -8.924457 180.000000 180.000000 -179.999985 165.000214 179.999557 151.046448 0.000318 0.000242 -23.689295 0.000273 0.000068 -16.582493 180.000000 180.000000 -179.999985 0.000375 0.000593 -31.568674 0.000634 0.000307 -31.568640 0.000468 -0.000047 -21.024734 180.000000 180.000000 -179.999985 10.000368 0.000500 -28.712788 0.000566 0.000256 -28.712790 0.000412 -0.000028 -19.122736 180.000000 180.000000 -179.999985 20.000553 0.000657 -25.052902 0.001164 0.000544 -37.579350 0.000840 -0.000184 -25.027857
4.296418 96.931274 73.954971 179.339874 -179.979721 -177.506943 3.355236 0.457052 -0.795243 7.589401 2.670692 -1.548134 1.029814 -4.074327 -0.865451 9.679215 3.388096 0.264712 1.051951 -4.955227 0.037271 176.976013 179.704086 176.414413 179.635635 175.495560 -178.730225 179.635834 175.576523 -177.864136 178.006012 176.683334 -177.353882 0.000378 4.996984 2.682204 0.000387 5.829805 2.777952 162.873795 175.450470 -179.645477 178.907761 177.499359 178.296738 11.822721 -7.077135 76.467583 1.163310 1.653561 -1.269570 175.552124 -176.077652 -179.109573 30.225161 43.164299 -0.685135 179.998398 179.998611 -168.672318 179.998779 179.999313 -172.455750 0.000000 -0.000000 0.000003 14.999555 0.000059 33.184284 179.999680 -179.999847 -152.849243 179.999847 -179.999802 -160.994461 0.000000 -0.000000 0.000003 179.998108 179.999756 -141.635559 179.998367 -179.999008 -141.635574 179.999573 -179.998810 -154.449280 0.000000 -0.000000 0.000003 169.999084 179.999878 -146.079285 179.999191 -179.999588 -146.079285 179.999710 -179.999466 -157.408768 0.000000 -0.000000 0.000003 160.000259 -179.999985 -162.224533 0.000355 0.000067 26.663219 0.000196 0.000147 17.757700 176.803055 -178.980392 174.474579 173.098236 179.937134 104.059715 176.095306 -179.185074 -176.156158 5.959767 -1.564709 -11.748755 139.618134 126.039131 163.908539 0.000137 0.000492 -13.326945 0.000164 0.000312 -8.875734 180.000000 -180.000000 179.999985 165.000046 179.999832 151.138809 0.000104 0.000103 -23.613686 0.000096 0.000037 -16.529587 180.000000 -180.000000 179.999985 0.000095 0.000209 -31.444464 0.000186 0.000129 -31.444466 0.000152 0.000008 -20.942011 180.000000 -180.000000 179.999985 10.000066 0.000122 -28.602415 0.000113 0.000075 -28.602371 0.000097 0.000008 -19.049185 180.000000 -180.000000 179.999985 20.000107 0.000171 -24.907806 0.000254 0.000165 -37.361675 0.000199 -0.000008 -24.882887
4.282204 96.905724 74.147247 179.421768 179.964111 -177.819717 3.739331 0.561933 -0.512928 7.128195 2.460025 -1.444681 1.030100 -4.044732 -0.993427 10.712556 3.646215 0.819271 179.793457 -174.486267 179.968781 177.175903 179.650803 175.963745 179.608307 175.638580 -178.742752 179.608475 175.716431 -177.884308 177.889725 176.776886 -177.385529 0.000682 4.775369 2.691822 0.000736 5.571258 2.787909 162.939514 175.630615 -179.584061 178.562393 177.805527 178.183609 10.650866 -7.201389 77.155289 0.580230 1.350523 -1.499823 175.746796 -176.711273 -179.288376 29.209267 42.287094 -1.611155 179.998657 179.998703 -168.576904 179.998947 179.999329 -172.392212 0.000000 -0.000000 0.000000 14.995846 0.000691 33.102551 179.996857 -179.998611 -152.916122 179.998489 -179.998123 -161.041275 0.000000 -0.000000 0.000000 179.994293 179.999130 -141.610397 179.995010 -179.997116 -141.610382 179.998596 -179.996429 -154.432510 0.000000 -0.000000 0.000000 169.995956 179.999390 -146.103561 179.996323 -179.998245 -146.103577 179.998627 -179.997650 -157.424973 0.000000 -0.000000 0.000000 159.996368 179.999451 -162.347260 179.994553 -179.999146 -153.520920 179.997025 -179.997864 -162.364914 176.713638 -178.991028 174.503815 173.111526 -179.962372 103.876564 175.982727 -179.162308 -176.150574 5.915053 -1.437978 -11.616597 139.771027 126.046524 164.267395 0.000050 0.000343 -13.220754 0.000082 0.000229 -8.805011 0.000000 -0.000000 0.000000 165.000046 179.999802 151.165878 0.000104 0.000129 -23.591549 0.000101 0.000054 -16.514090 0.000000 -0.000000 0.000000 0.000051 0.000162 -31.402044 0.000129 0.000116 -31.402058 0.000114 0.000020 -20.913773 0.000000 -0.000000 0.000000 10.000044 0.000099 -28.578341 0.000083 0.000076 -28.578335 0.000068 0.000017 -19.033165 0.000000 -0.000000 0.000000 20.000061 0.000127 -24.871635 0.000160 0.000133 -37.307457 0.000136 0.000009 -24.846769
4.241173 96.887016 74.302521 179.534607 179.900696 -178.108475 3.977124 0.638069 -0.253840 6.724698 2.247753 -1.373708 1.086634 -3.999016 -1.089233 11.225612 3.628435 1.405288 179.056259 -174.363235 179.759552 177.350616 179.721146 175.650970 179.590714 175.762772 -178.749619 179.590836 175.838013 -177.895508 177.816544 176.859970 -177.402267 0.001136 4.511516 2.679592 0.001258 5.263453 2.775253 162.971420 175.848129 -179.528870 178.382965 177.931061 178.193253 8.366974 -7.856377 77.764984 179.827271 178.038818 178.312836 175.679657 -175.980057 -179.857300 29.845699 43.131874 -0.543297 179.998489 179.998611 -168.445114 179.998825 179.999298 -172.304428 180.000000 180.000000 -180.000000 14.996150 0.000744 33.319649 179.997040 -179.998779 -152.738464 179.998550 -179.998291 -160.916931 180.000000 180.000000 -180.000000 179.995026 179.999115 -141.333328 179.995575 -179.997574 -141.333344 179.998718 -179.996887 -154.248001 180.000000 180.000000 -180.000000 169.992630 179.998703 -146.027649 179.993195 -179.996902 -146.027664 179.997406 -179.995743 -157.374420 180.000000 180.000000 -180.000000 159.996628 179.999390 -162.182297 179.994904 -179.999298 -153.273468 179.997177 -179.998032 -162.200119 176.565857 -178.954651 174.499542 173.167419 -179.827377 103.704895 175.850235 -179.171082 -176.154846 5.853503 -1.341722 -11.459258 139.977753 126.070160 164.660782 0.000014 0.000218 -13.125340 0.000032 0.000139 -8.741476 180.000000 -180.000000 179.999985 165.000000 -179.999847 151.245529 179.999939 -179.999893 156.473618 179.999924 -179.999954 163.531525 180.000000 -180.000000 179.999985 0.000025 0.000153 -31.368723 0.000102 0.000116 -31.368727 0.000100 0.000031 -20.891579 180.000000 -180.000000 179.999985 10.000013 0.000057 -28.554035 0.000041 0.000046 -28.554020 0.000040 0.000012 -19.016985 180.000000 -180.000000 179.999985 20.000019 0.000092 -24.843719 0.000089 0.000109 -37.265587 0.000092 0.000017 -24.818884
4.169892 96.875450 74.416580 179.674850 179.844986 -178.379868 4.112926 0.702871 -0.011546 6.426730 2.043334 -1.311729 1.113267 -3.946137 -1.160874 11.286590 3.364673 2.018341 178.784821 -174.623108 179.425705 177.487305 179.861069 175.489532 179.568512 175.920227 -178.788803 179.568726 175.992279 -177.960464 177.732178 176.967697 -177.489410 0.000936 4.302805 2.720558 0.001050 5.019908 2.817696 163.049088 176.013474 -179.448624 178.278015 177.846817 178.412338 6.931158 -8.201314 78.248718 179.232727 178.379440 178.080429 175.604462 -175.283279 179.560699 30.300369 43.644642 0.341535 179.998825 179.998901 -168.275513 179.999069 179.999451 -172.191467 0.000000 -0.000000 0.000003 14.996744 0.000746 33.571564 179.997452 -179.999039 -152.532364 179.998734 -179.998566 -160.772644 0.000000 -0.000000 0.000003 179.996063 179.999176 -141.031601 179.996429 -179.998154 -141.031570 179.998932 -179.997543 -154.047028 0.000000 -0.000000 0.000003 170.003067 -179.999359 -145.299271 0.002883 0.001205 34.700737 0.001124 0.001747 23.110691 0.000000 -0.000000 0.000003 159.993973 179.998718 -162.093277 179.990799 -179.998962 -153.139938 179.994873 -179.996597 -162.111191 176.442047 -179.055801 174.623932 173.237991 -179.647614 103.559830 175.715393 -179.179871 -176.176163 5.774048 -1.276671 -11.280025 140.213013 126.100769 165.040344 179.999985 179.999878 166.948639 0.000007 0.000071 -8.692210 0.000000 -0.000000 0.000000 165.000000 179.999786 151.167404 0.000077 0.000156 -23.590332 0.000095 0.000080 -16.513201 0.000000 -0.000000 0.000000 0.000008 0.000118 -31.331816 0.000068 0.000098 -31.331823 0.000070 0.000032 -20.867012 0.000000 -0.000000 0.000000 10.000001 0.000016 -28.537037 0.000011 0.000013 -28.537052 0.000015 0.000006 -19.005680 0.000000 -0.000000 0.000000 20.000017 0.000041 -24.819944 0.000044 0.000063 -37.229954 0.000045 0.000017 -24.795135
4.076630 96.872269 74.483826 179.831085 179.800919 -178.639328 4.196538 0.768530 0.212451 6.202206 1.837238 -1.252043 1.103125 -3.887383 -1.204417 10.931666 2.906547 2.628213 178.891571 -175.168594 179.023834 177.617477 -179.978210 175.475006 179.564972 176.020844 -178.805450 179.565186 176.091034 -177.988525 177.725616 177.039459 -177.523727 0.001103 3.914985 2.659127 0.001369 4.567553 2.754177 163.094528 176.339752 -179.392792 178.080154 177.737473 178.704132 6.056056 -8.441945 78.428795 178.752701 179.213608 177.913467 175.507568 -174.585236 179.021683 30.809406 44.197098 1.316175 179.999268 179.999298 -168.092255 179.999420 179.999634 -172.069443 0.000001 0.000000 -0.000003 14.997535 0.000688 33.845867 179.998016 -179.999329 -152.307907 179.998993 -179.998932 -160.615555 0.000001 0.000000 -0.000003 179.996902 179.999207 -140.734940 179.997101 -179.998642 -140.734940 179.999084 -179.998062 -153.849472 0.000001 0.000000 -0.000003 169.996613 179.999146 -145.742188 179.996719 -179.998795 -145.742172 179.998657 -179.998093 -157.184296 0.000001 0.000000 -0.000003 160.000412 -179.999893 -161.451141 0.000622 0.000041 27.823322 0.000354 0.000219 18.530325 176.226578 -179.054916 174.664551 173.308640 -179.404160 103.430771 175.582352 -179.173569 -176.220520 5.686114 -1.249891 -11.082084 140.479126 126.134674 165.398239 179.999985 179.999924 166.996902 0.000005 0.000048 -8.660063 0.000000 -0.000000 0.000000 164.999985 179.999847 151.226364 0.000046 0.000121 -23.542038 0.000065 0.000066 -16.479433 0.000000 -0.000000 0.000000 180.000000 179.999924 148.700760 0.000038 0.000072 -31.299240 0.000050 0.000027 -20.845291 0.000000 -0.000000 0.000000 10.000001 0.000046 -28.535307 0.000020 0.000033 -28.535299 0.000019 0.000012 -19.004515 0.000000 -0.000000 0.000000 19.999992 0.000036 -24.806118 0.000026 0.000045 -37.209175 0.000027 0.000011 -24.781313
3.968149 96.878654 74.504440 179.987915 179.770996 -178.889908 4.290293 0.850061 0.408932 6.054118 1.622918 -1.191727 1.004915 -3.830633 -1.185489 10.147990 2.301556 3.198515 179.361313 -175.949844 178.605774 177.773697 -179.785202 175.581924 179.572220 176.100723 -178.823730 179.572403 176.169586 -178.019745 177.768219 177.099960 -177.559341 0.001266 3.503994 2.584956 0.001657 4.088076 2.677436 163.119827 176.687057 -179.339706 177.938248 177.813461 178.727478 4.729975 -8.739579 79.127335 178.118423 179.675201 177.589447 175.418594 -174.153732 178.586807 31.299776 44.726475 2.212215 179.999466 179.999466 -167.938736 179.999573 179.999725 -171.967209 0.000000 -0.000001 -0.000003 14.997180 0.000879 34.095184 179.997696 -179.999298 -152.103912 179.998810 -179.998810 -160.472733 0.000000 -0.000001 -0.000003 179.997223 179.999207 -140.420944 179.997360 -179.998825 -140.420929 179.999146 -179.998276 -153.640335 0.000000 -0.000001 -0.000003 169.998566 179.999588 -145.348434 179.998581 -179.999512 -145.348434 179.999405 -179.999191 -156.922043 0.000000 -0.000001 -0.000003 159.997604 179.999298 -161.593277 179.996246 -179.999847 -152.389938 179.997849 -179.998734 -161.611694 176.046387 -179.005508 174.623581 173.298279 -179.180313 103.414925 175.450928 -179.133575 -176.291595 5.598422 -1.241296 -10.868984 140.732254 126.148186 165.716431 179.999985 179.999969 167.035034 0.000007 0.000016 -8.634671 0.000000 -0.000000 0.000000 164.999969 179.999863 151.275528 0.000033 0.000106 -23.501825 0.000048 0.000059 -16.451269 0.000000 -0.000000 0.000000 179.999985 179.999939 148.727448 0.000026 0.000059 -31.272541 0.000036 0.000026 -20.827520 0.000000 -0.000000 0.000000 10.000004 0.000036 -28.524311 0.000015 0.000037 -28.524313 0.000025 0.000018 -18.997200 0.000000 -0.000000 0.000000 20.000006 0.000032 -24.797272 0.000018 0.000053 -37.195908 0.000027 0.000022 -24.772516
3.858965 96.885262 74.481789 0.130555 0.248710 0.867339 4.378527 0.951396 0.573982 5.890779 1.367600 -1.105245 0.943215 -3.752184 -1.143554 9.159151 1.593107 3.702072 0.017769 -3.096504 -1.753115 177.940582 -179.558563 175.740295 179.591721 176.162476 -178.844635 179.591904 176.230530 -178.055756 177.867447 177.151459 -177.598007 0.001417 3.077210 2.498954 0.001888 3.590117 2.588398 163.121155 177.049194 -179.290268 177.826996 177.849731 178.771790 3.672197 -8.951900 79.724609 177.532074 -179.694870 177.311081 175.148499 -172.892197 178.078812 32.558521 45.801109 3.941852 179.999573 179.999573 -167.790527 179.999664 179.999786 -171.868500 0.000000 -0.000000 0.000000 14.999520 0.000210 34.506557 179.999588 -179.999924 -151.767365 179.999771 -179.999817 -160.237152 0.000000 -0.000000 0.000000 179.999435 179.999771 -140.057648 179.999420 -179.999802 -140.057678 179.999786 -179.999649 -153.398392 0.000000 -0.000000 0.000000 169.999634 179.999847 -145.168839 179.999619 -179.999908 -145.168823 179.999832 -179.999802 -156.802460 0.000000 -0.000000 0.000000 159.999741 179.999893 -161.264023 179.999573 179.999969 -151.895996 179.999725 -179.999878 -161.282730 175.878143 -178.955627 174.587494 173.238068 -178.925186 103.431984 175.315216 -179.061783 -176.385468 5.520832 -1.228855 -10.645604 140.968872 126.135361 165.980698 180.000000 179.999985 167.058563 179.999985 179.999985 171.380981 180.000000 180.000000 -180.000000 164.999985 179.999878 151.325592 0.000025 0.000101 -23.460899 0.000044 0.000059 -16.422623 180.000000 180.000000 -180.000000 179.999985 179.999939 148.752502 0.000020 0.000053 -31.247520 0.000030 0.000024 -20.810839 180.000000 180.000000 -180.000000 9.999993 0.000041 -28.509892 0.000014 0.000037 -28.509867 0.000022 0.000016 -18.987581 180.000000 180.000000 -180.000000 19.999994 0.000040 -24.784355 0.000020 0.000054 -37.176514 0.000035 0.000016 -24.759560
3.756203 96.894630 74.421318 0.249762 0.257889 0.635593 4.493360 1.075530 0.700370 5.696219 1.105821 -1.015181 0.904557 -3.688672 -1.062775 8.130612 0.821865 4.118430 0.761530 -2.045412 -1.990198 178.058289 -179.320099 175.882217 179.623627 176.209229 -178.869965 179.623779 176.276947 -178.099594 178.024475 177.196075 -177.643677 0.001547 2.642944 2.401968 0.002040 3.083443 2.487971 163.100906 177.419220 -179.245117 177.734482 177.930649 178.756836 2.891968 -8.989049 80.456444 176.991653 -178.892502 176.938889 175.211411 -172.983154 177.933197 32.512016 45.845108 4.360799 179.999985 179.999908 -167.568939 179.999985 179.999954 -171.720901 0.000000 -0.000000 0.000000 14.999764 0.000170 34.680393 179.999771 179.999985 -151.625137 179.999847 -179.999924 -160.137604 0.000000 -0.000000 0.000000 179.999756 179.999832 -139.862381 179.999710 -179.999969 -139.862396 179.999863 -179.999847 -153.268372 0.000000 -0.000000 0.000000 169.999847 179.999893 -145.046860 179.999817 -179.999985 -145.046860 179.999893 -179.999924 -156.721207 0.000000 -0.000000 0.000000 159.999878 179.999908 -161.171951 179.999786 179.999939 -151.757919 179.999847 -179.999969 -161.190765 175.730804 -178.906647 174.566101 173.114456 -178.654602 103.473465 175.166977 -178.953217 -176.498520 5.463069 -1.197152 -10.412711 141.152283 126.087502 166.180069 0.000002 0.000014 -12.919564 180.000000 179.999985 171.395584 0.000001 -0.000001 0.000003 164.999969 179.999893 151.389999 0.000018 0.000084 -23.408178 0.000036 0.000048 -16.385729 0.000001 -0.000001 0.000003 179.999985 179.999954 148.782135 0.000018 0.000045 -31.217871 0.000029 0.000020 -20.791073 0.000001 -0.000001 0.000003 9.999993 0.000040 -28.490545 0.000016 0.000039 -28.490515 0.000021 0.000019 -18.974689 0.000001 -0.000001 0.000003 20.000002 0.000033 -24.764990 0.000018 0.000049 -37.147484 0.000032 0.000016 -24.740211
3.666166 96.904358 74.330597 0.338703 0.254087 0.416942 4.502782 1.214044 0.792678 5.590478 0.844045 -0.912782 0.910824 -3.623955 -0.984294 7.202887 0.029837 4.438486 1.462041 -0.968345 -2.079358 178.131180 -179.089294 175.975616 179.668457 176.242752 -178.900131 179.668579 176.310562 -178.152008 178.241943 177.234985 -177.697128 0.001621 2.196383 2.290748 0.002049 2.562503 2.372806 163.053085 177.801422 -179.204697 177.680557 178.043915 178.676636 2.166329 -8.932778 81.316704 176.458786 -178.212448 176.502472 175.095291 -172.977768 177.896088 33.002373 46.407108 5.149878 0.000003 0.000050 12.516920 179.999985 179.999985 -171.663742 0.000000 -0.000000 0.000000 14.999927 0.000096 34.824585 179.999908 179.999969 -151.507156 179.999939 -179.999985 -160.055008 0.000000 -0.000000 0.000000 179.999939 179.999908 -139.719315 179.999893 179.999985 -139.719299 179.999939 -179.999969 -153.173065 0.000000 -0.000000 0.000000 169.999954 179.999939 -144.955902 179.999924 179.999985 -144.955917 179.999954 -179.999985 -156.660645 0.000000 -0.000000 0.000000 159.999954 179.999939 -161.098648 179.999908 179.999939 -151.647964 179.999939 179.999985 -161.117538 175.605820 -178.858490 174.564178 172.930618 -178.386444 103.526573 174.990585 -178.816956 -176.624969 5.429943 -1.134470 -10.170844 141.294067 126.019478 166.336136 180.000000 179.999985 167.103516 0.000001 0.000010 -8.589046 0.000000 -0.000001 0.000000 164.999985 179.999939 151.466446 0.000012 0.000054 -23.345629 0.000024 0.000030 -16.341944 0.000000 -0.000001 0.000000 179.999985 179.999969 148.818054 0.000012 0.000033 -31.181934 0.000018 0.000013 -20.767168 0.000000 -0.000001 0.000000 10.000002 -0.000020 -28.451012 180.000000 -179.999985 151.548996 179.999985 -179.999985 161.051620 0.000000 -0.000001 0.000000 20.000002 0.000024 -24.739296 0.000018 0.000038 -37.108944 0.000024 0.000018 -24.714565
3.594206 96.913681 74.219551 0.394145 0.234291 0.219071 4.356566 1.353722 0.857613 5.621581 0.605127 -0.810769 0.967259 -3.559419 -0.916896 6.522455 -0.729255 4.656702 2.022947 0.069575 -2.040023 178.121964 -178.862000 176.021530 179.725418 176.264938 -178.936539 179.725494 176.333221 -178.215302 178.516495 177.268967 -177.761719 0.001677 1.842142 2.217386 0.002119 2.149230 2.296874 162.925919 178.101440 -179.165298 177.706207 178.185822 178.495895 1.224823 -8.876042 82.299820 175.864960 -177.970825 176.054199 174.941284 -173.026443 177.969040 33.440098 46.880360 5.863684 0.000031 0.000020 12.601896 0.000017 0.000023 8.392859 0.000000 -0.000000 0.000000 14.999990 0.000029 34.944012 179.999985 179.999985 -151.409454 179.999985 180.000000 -159.986603 0.000000 -0.000000 0.000000 179.999985 179.999985 -139.611374 179.999985 179.999985 -139.611374 179.999985 -179.999985 -153.101181 0.000000 -0.000000 0.000000 170.000000 179.999985 -144.872131 179.999985 179.999985 -144.872147 179.999985 -179.999985 -156.604858 0.000000 -0.000000 0.000000 160.000000 179.999985 -161.024460 179.999985 179.999985 -151.536682 179.999985 179.999985 -161.043442 175.507004 -178.806137 174.578430 172.688538 -178.140518 103.588066 174.774933 -178.661850 -176.760498 5.421363 -1.032095 -9.919500 141.403870 125.936584 166.469681 0.000006 0.000011 -12.867216 180.000000 179.999985 171.430435 0.000000 -0.000000 0.000003 165.000000 179.999969 151.547623 0.000007 0.000025 -23.279217 0.000011 0.000016 -16.295444 0.000000 -0.000000 0.000003 180.000000 179.999985 148.858078 0.000007 0.000017 -31.141912 0.000008 0.000007 -20.740520 0.000000 -0.000000 0.000003 10.000001 0.000020 -28.476673 0.000007 0.000019 -28.476660 0.000010 0.000012 -18.965466 0.000000 -0.000000 0.000003 20.000008 0.000015 -24.703133 0.000006 0.000018 -37.054680 0.000014 0.000010 -24.678429
3.515767 96.922249 74.073143 0.460980 0.201580 0.013744 4.026967 1.487559 0.918390 5.793591 0.390443 -0.685901 1.051947 -3.496032 -0.868866 5.991457 -1.597180 4.860455 2.497387 1.221284 -1.931423 178.023148 -178.622650 176.019485 179.783554 176.280273 -178.973297 179.783646 176.349167 -178.279221 178.796036 177.300522 -177.826813 0.000334 1.484532 2.145084 0.000390 1.731912 2.221685 162.788071 178.402695 -179.128311 177.579178 178.157379 178.613495 1.145394 -8.689631 82.937386 175.451508 -177.003616 175.615540 175.078674 -172.974274 178.020569 34.321068 48.660522 8.416904 179.998703 -179.999939 -166.821243 179.999176 -179.999756 -171.222946 0.000000 -0.000000 0.000000 15.000287 0.000289 35.047352 0.000046 0.000316 28.675068 179.999924 179.999786 -159.927444 0.000000 -0.000000 0.000000 179.999954 -179.999939 -139.568344 180.000000 -179.999908 -139.568344 0.000035 -0.000046 26.927479 0.000000 -0.000000 0.000000 169.999634 -179.999619 -144.807465 179.999924 -179.999481 -144.807465 0.000158 -0.000312 23.438219 0.000000 -0.000000 0.000000 159.999619 -179.999557 -160.934311 179.999649 -179.999176 -151.401428 0.000053 -0.000611 19.046633 175.386047 -178.795410 174.663895 172.448959 -177.848785 103.599739 174.556076 -178.480713 -176.897507 5.424045 -0.901670 -9.669348 141.480148 125.832314 166.582230 0.000024 0.000348 -12.829170 0.000063 0.000208 -8.544233 0.000000 0.000000 -0.000003 164.999878 179.999207 151.641327 0.000207 0.000618 -23.202562 0.000305 0.000344 -16.241766 0.000000 0.000000 -0.000003 179.999954 179.999542 148.903503 0.000190 0.000425 -31.096498 0.000253 0.000176 -20.710285 0.000000 0.000000 -0.000003 9.999963 0.000392 -28.411543 0.000153 0.000356 -28.411535 0.000207 0.000159 -18.922089 0.000000 0.000000 -0.000003 19.999966 0.000558 -24.706371 0.000325 0.000793 -37.059628 0.000488 0.000295 -24.681707
3.499275 96.929695 73.969360 0.416580 0.151064 -0.137871 3.613387 1.599700 0.981495 6.148311 0.243885 -0.657774 1.149914 -3.445250 -0.816655 6.104345 -2.071548 4.857595 2.569593 1.892937 -1.728379 177.833954 -178.450119 176.033630 179.869110 176.283905 -179.021164 179.869156 176.353851 -178.362793 179.205292 177.326920 -177.910294 0.000505 1.145564 2.057772 0.000605 1.336470 2.131310 162.548584 178.690979 -179.099335 177.515228 178.087219 178.685440 1.865853 -8.193658 83.380371 175.206345 -176.000458 175.321121 174.506500 -173.352066 178.319580 33.601479 45.710217 4.401318 0.017049 -0.004408 12.024597 0.011722 -0.000438 8.008369 0.000000 -0.000000 0.000003 14.999999 -0.000011 35.089409 180.000000 -179.999985 -151.290497 0.000000 -0.000009 20.096657 0.000000 -0.000000 0.000003 179.999466 -179.999695 -139.543243 179.999802 -179.999420 -139.543243 0.000147 -0.000379 26.944185 0.000000 -0.000000 0.000003 169.998901 -179.999329 -144.789276 179.999466 -179.998810 -144.789261 0.000164 -0.000834 23.450361 0.000000 -0.000000 0.000003 159.999130 -179.999466 -160.940186 179.999054 -179.998810 -151.410309 179.999817 -179.999008 -160.959244 175.261444 -178.763168 174.778778 172.203354 -177.629456 103.583458 174.219513 -178.347870 -177.035004 5.466119 -0.715434 -9.393419 141.542587 125.724907 166.689621 0.000043 0.000350 -12.787007 0.000077 0.000237 -8.516133 0.000000 0.000000 -0.000003 164.999908 179.999451 151.731873 0.000161 0.000433 -23.128443 0.000221 0.000233 -16.189917 0.000000 0.000000 -0.000003 179.999969 179.999619 148.952515 0.000161 0.000340 -31.047447 0.000209 0.000138 -20.677610 0.000000 0.000000 -0.000003 9.999993 0.000171 -28.356848 0.000072 0.000161 -28.356819 0.000092 0.000072 -18.885658 0.000000 0.000000 -0.000003 19.999990 0.000433 -24.642780 0.000246 0.000590 -36.964127 0.000372 0.000216 -24.618141
3.518336 96.938461 73.909851 0.316065 0.100061 -0.248494 3.219013 1.708019 1.036682 6.582781 0.127571 -0.644027 1.204721 -3.412154 -0.792303 6.526253 -2.270292 4.750351 2.403636 2.250360 -1.520284 177.657761 -178.297394 176.088409 179.966736 176.287506 -179.075989 179.966736 176.358551 -178.458481 179.672302 177.354156 -178.006393 0.000542 0.823517 1.955974 0.000665 0.960768 2.025925 162.265350 178.967499 -179.080948 177.889969 178.010056 178.563583 2.711917 -7.470985 83.905716 175.112778 -174.910568 175.094009 174.469345 -172.595474 178.675110 37.216904 50.976589 11.496057 179.998428 179.999664 -166.986603 179.998932 -179.999985 -171.333069 0.000000 0.000000 -0.000003 14.997803 -0.000655 35.159729 179.998825 -179.998520 -151.232941 179.999786 -179.998688 -159.863083 0.000000 0.000000 -0.000003 179.998245 -179.999481 -139.558441 179.998993 -179.998459 -139.558411 0.000148 -0.001215 26.934069 0.000000 0.000000 -0.000003 169.995224 -179.998566 -144.787491 179.996918 -179.996094 -144.787476 179.999817 -179.996704 -156.548462 0.000000 0.000000 -0.000003 159.996170 -179.998795 -160.933411 179.995148 -179.996429 -151.400070 179.998291 -179.996368 -160.952484 175.135391 -178.718536 174.902573 171.962463 -177.445358 103.551384 173.830994 -178.251892 -177.178024 5.521735 -0.511741 -9.103220 141.573883 125.632858 166.809906 0.000029 0.000330 -12.726340 0.000063 0.000217 -8.475757 180.000000 180.000000 -180.000000 164.999969 179.999741 151.815826 0.000073 0.000189 -23.059790 0.000101 0.000101 -16.141840 180.000000 180.000000 -180.000000 179.999954 179.999466 148.973846 0.000237 0.000489 -31.026186 0.000305 0.000199 -20.663416 180.000000 180.000000 -180.000000 10.000000 -0.000031 -28.321699 179.999985 -179.999985 151.678314 179.999985 -179.999985 161.137726 180.000000 180.000000 -180.000000 19.999983 0.000201 -24.579725 0.000111 0.000283 -36.869629 0.000175 0.000101 -24.555170
3.573713 96.948082 73.911514 0.157094 0.052605 -0.326549 2.866820 1.820361 1.084289 7.005821 0.026397 -0.687613 1.287091 -3.396855 -0.744370 7.024194 -2.167042 4.580523 2.206819 2.276124 -1.313957 177.525208 -178.173080 176.156174 0.076119 3.709610 0.865720 0.076088 3.637509 1.439497 0.194937 2.619165 1.892325 0.000517 0.519297 1.836856 0.000647 0.605868 1.902594 161.945602 179.232224 -179.074768 177.822006 177.917389 178.654449 3.727232 -6.891910 84.238380 174.936813 -174.541229 174.809860 174.331894 -172.888763 179.133209 34.087906 46.692612 5.918919 179.998108 179.999268 -167.593307 179.998657 179.999802 -171.737152 0.000000 -0.000000 0.000000 14.995727 -0.001015 35.112816 179.997620 -179.997314 -151.271347 179.999435 -179.997543 -159.889954 0.000000 -0.000000 0.000000 179.984009 -179.996307 -139.287277 179.990204 -179.986832 -139.287277 0.000697 -0.010913 27.114674 0.000000 -0.000000 0.000000 169.993378 -179.998413 -144.952316 179.995483 -179.994904 -144.952316 179.999466 -179.995499 -156.658234 0.000000 -0.000000 0.000000 159.995468 -179.998840 -161.092606 179.994125 -179.996170 -151.638947 179.997772 -179.995926 -161.111496 174.997009 -178.655273 175.026398 171.749100 -177.283676 103.505142 173.396973 -178.219559 -177.328659 5.581861 -0.323298 -8.803366 141.632828 125.571182 166.964569 0.000003 0.000346 -12.666383 0.000054 0.000213 -8.435813 0.000000 -0.000000 0.000000 165.000000 179.999985 151.862473 0.000004 0.000017 -23.021618 0.000009 0.000010 -16.115133 0.000000 -0.000000 0.000000 180.000000 179.999954 149.076996 0.000022 0.000046 -30.923002 0.000029 0.000020 -20.594719 0.000000 -0.000000 0.000000 10.000021 -0.000179 -28.310289 179.999924 -179.999832 151.689713 179.999908 -179.999924 161.145355 0.000000 -0.000000 0.000000 20.000006 0.000036 -24.543356 0.000020 0.000053 -36.815018 0.000036 0.000020 -24.518808
3.663654 96.958298 73.976662 179.917831 179.993164 179.624603 2.627630 1.947035 1.112931 7.407499 -0.062248 -0.737432 1.359401 -3.411563 -0.702020 7.322372 -1.689313 4.355448 2.128926 1.953522 -1.132588 177.582611 -178.047134 176.269485 0.198755 3.708443 0.805552 0.198696 3.635293 1.333770 0.779820 2.593843 1.789689 0.000412 0.234781 1.696797 0.000533 0.273956 1.757559 161.606094 179.484833 -179.083038 178.331161 177.859314 178.442932 4.425542 -6.158535 84.816261 174.828369 -174.890915 174.444351 173.841705 -173.218430 179.902695 38.053524 50.766888 11.166368 179.992828 179.996964 -167.487762 179.994904 179.999054 -171.666840 0.000002 -0.000000 0.000003 14.995452 -0.000549 34.977951 179.997208 -179.997498 -151.381683 179.999115 -179.997528 -159.967163 0.000002 -0.000000 0.000003 179.990982 -179.998917 -139.958069 179.993774 -179.993393 -139.958038 179.999634 -179.993973 -153.332047 0.000002 -0.000000 0.000003 169.993088 -179.999130 -145.159012 179.994812 -179.995346 -145.159027 179.998932 -179.995483 -156.795914 0.000002 -0.000000 0.000003 159.995941 -179.999451 -161.257263 179.994507 -179.997269 -151.885880 179.997620 -179.996658 -161.276001 174.860184 -178.572723 175.142990 171.520691 -177.141373 103.454826 172.941986 -178.217285 -177.492691 5.632043 -0.173509 -8.500849 141.652725 125.541992 167.130966 0.000008 0.000226 -12.587527 0.000033 0.000158 -8.383305 0.000000 -0.000000 0.000000 165.000015 -179.999954 151.872452 179.999985 -179.999969 156.986542 179.999985 -179.999985 163.890579 0.000000 -0.000000 0.000000 180.000000 179.999985 149.086288 0.000007 0.000017 -30.913727 0.000010 0.000007 -20.588539 0.000000 -0.000000 0.000000 10.000042 -0.000374 -28.312946 179.999863 -179.999664 151.687088 179.999817 -179.999847 161.143600 0.000000 -0.000000 0.000000 20.000000 -0.000103 -24.525818 179.999969 -179.999863 143.211197 179.999924 -179.999954 155.498688
3.778850 96.969238 74.087616 179.658707 -179.977737 179.624344 2.568382 2.070758 1.095214 7.624834 -0.166372 -0.813924 1.453846 -3.427568 -0.638369 7.898084 -1.396538 4.198372 1.676854 1.770291 -1.079494 177.741180 -177.933838 176.389313 0.314906 3.707265 0.746283 0.314854 3.633273 1.229764 1.334362 2.572147 1.687589 0.000107 -0.030141 1.527478 0.000179 -0.035104 1.582169 161.321060 179.727722 -179.111618 178.760895 177.851669 178.314621 6.217598 -5.183672 85.273338 175.148788 -173.003815 174.276962 173.647186 -175.063492 -179.745056 36.844170 49.352695 9.266164 179.976349 179.988403 -167.613815 179.982971 179.995773 -171.750809 0.000000 -0.000000 0.000000 14.995299 -0.000295 34.824574 179.996979 -179.997620 -151.507126 179.998932 -179.997513 -160.055023 0.000000 -0.000000 0.000000 179.990311 -179.999374 -140.242172 179.992935 -179.993347 -140.242126 179.999207 -179.993591 -153.521301 0.000000 -0.000000 0.000000 169.992752 -179.999481 -145.384186 179.994308 -179.995483 -145.384155 179.998581 -179.995377 -156.945847 0.000000 -0.000000 0.000000 159.994080 -179.999542 -161.357727 179.991760 -179.996521 -152.036606 179.996231 -179.995407 -161.376373 174.785095 -178.466690 175.221695 171.308594 -176.999191 103.407669 172.478470 -178.279999 -177.677826 5.659613 -0.090472 -8.207715 142.258026 125.429337 167.339859 179.999802 179.996674 167.251175 0.000339 0.002196 -8.490736 0.000000 -0.000000 0.000000 165.000015 179.999985 151.859970 0.000000 0.000008 -23.023661 0.000003 0.000001 -16.116568 0.000000 -0.000000 0.000000 0.000021 -0.000127 -30.897249 179.999954 -179.999878 149.102722 179.999939 -179.999954 159.422409 0.000000 -0.000000 0.000000 10.000039 -0.000422 -28.354744 179.999847 -179.999603 151.645233 179.999786 -179.999832 161.115723 0.000000 -0.000000 0.000000 20.000002 -0.000233 -24.525372 179.999878 -179.999664 143.211914 179.999817 -179.999863 155.499161
3.916834 96.979752 74.230263 179.359238 -179.946457 179.641556 2.311881 2.162882 1.036539 8.156546 -0.198647 -0.846292 1.473182 -3.471150 -0.615893 7.702690 -0.610243 3.929920 1.928672 1.131021 -0.936841 178.039093 -177.837250 176.524948 0.457034 3.690420 0.674857 0.456935 3.616042 1.104562 2.013209 2.542154 1.563696 0.000211 -0.260162 1.368300 0.000300 -0.303423 1.417358 160.893372 179.940369 -179.138397 178.868500 177.791199 178.311722 8.185820 -4.303720 85.678459 175.173721 -173.357803 173.771408 173.664780 -174.898865 -178.806229 46.792156 56.166721 20.048727 179.999954 -179.999985 -168.184647 179.999985 -179.999985 -172.130951 0.000000 0.000000 -0.000003 14.995526 -0.000180 34.647888 179.997070 -179.997787 -151.651733 179.998932 -179.997665 -160.156235 0.000000 0.000000 -0.000003 179.998413 -179.999924 -140.732422 179.998810 -179.998932 -140.732407 179.999847 -179.998947 -153.847778 0.000000 0.000000 -0.000003 169.991653 -179.999588 -145.624252 179.993332 -179.994965 -145.624237 179.998215 -179.994736 -157.105759 0.000000 0.000000 -0.000003 159.992325 -179.999573 -161.546875 179.989258 -179.995789 -152.320328 179.994949 -179.994202 -161.565323 174.570465 -178.399048 175.350998 171.074463 -176.895065 103.389771 172.066269 -178.354599 -177.862823 5.587235 -0.083724 -7.967698 140.955521 125.641136 167.438736 179.999985 179.999985 167.878357 0.000001 -0.000009 -8.073014 0.000000 -0.000000 -0.000000 165.000015 -179.999893 151.871536 179.999985 -179.999924 156.985794 179.999969 -179.999954 163.890076 0.000000 -0.000000 -0.000000 0.000035 -0.000229 -30.905697 179.999924 -179.999786 149.094299 179.999878 -179.999908 159.416809 0.000000 -0.000000 -0.000000 10.000044 -0.000359 -28.418848 179.999863 -179.999664 151.581161 179.999832 -179.999847 161.073059 0.000000 -0.000000 -0.000000 20.000019 -0.000244 -24.557526 179.999878 -179.999649 143.163727 179.999802 -179.999863 155.467010
4.072626 96.990250 74.384720 179.027313 -179.911453 179.667587 2.110943 2.221745 0.954663 8.672158 -0.182312 -0.882194 1.484390 -3.525744 -0.576287 7.173761 0.169323 3.667232 2.447297 0.504272 -0.818606 178.429764 -177.755997 176.660568 0.598908 3.668431 0.606028 0.598762 3.593991 0.983808 2.690471 2.512422 1.444733 0.000161 -0.459610 1.196845 0.000244 -0.536087 1.239782 160.495270 -179.868607 -179.178864 178.890900 177.770706 178.372589 9.968683 -3.561573 85.999802 175.078751 -174.274719 173.240005 173.663086 -176.320511 -177.776855 38.709713 50.112190 10.057635 179.987183 179.993073 -168.213135 179.990707 179.997208 -172.149963 0.000000 -0.000000 0.000000 14.999159 0.000002 34.445755 179.999435 -179.999603 -151.817108 179.999786 -179.999573 -160.271973 0.000000 -0.000000 0.000000 179.987823 179.999985 -140.489288 179.990540 -179.992325 -140.489288 179.998352 -179.992050 -153.685867 0.000000 -0.000000 0.000000 169.995377 -179.999985 -145.910324 179.996185 -179.997391 -145.910355 179.998856 -179.997131 -157.296295 0.000000 -0.000000 0.000000 159.995850 -179.999969 -161.826080 179.994110 -179.998032 -152.739090 179.997101 -179.997055 -161.844208 174.380432 -178.339478 175.458435 170.924164 -176.687347 103.385361 171.559387 -178.606659 -178.148682 5.750226 -0.158578 -7.668393 140.910019 125.639664 167.486771 0.000029 -0.000258 -12.075882 179.999985 -179.999817 171.957458 0.000000 0.000000 0.000000 165.000031 -179.999863 151.856171 179.999985 -179.999893 156.973221 179.999954 -179.999939 163.881256 0.000000 0.000000 0.000000 0.000032 -0.000211 -30.946543 179.999924 -179.999802 149.053452 179.999893 -179.999908 159.389603 0.000000 0.000000 0.000000 10.000035 -0.000311 -28.485054 179.999878 -179.999710 151.514954 179.999847 -179.999863 161.028961 0.000000 0.000000 0.000000 20.000008 -0.000120 -24.609884 179.999939 -179.999832 143.085175 179.999908 -179.999939 155.414719
4.240192 97.000511 74.532448 178.679550 -179.876312 179.701721 1.988927 2.239376 0.852103 9.175735 -0.113274 -0.881784 1.445178 -3.592061 -0.554814 6.477381 0.868183 3.407585 3.083985 -0.043902 -0.736063 178.873276 -177.677856 176.798859 0.736323 3.636799 0.539887 0.736140 3.562712 0.867886 3.346440 2.480135 1.329833 0.000026 -0.625470 1.017703 0.000090 -0.729579 1.054214 160.138504 -179.702377 -179.232025 179.081543 177.737305 178.361313 12.382107 -2.655982 86.395561 175.162079 -174.527847 172.707535 173.790009 -175.587189 -176.759018 46.093651 54.854916 17.934046 179.999695 179.999847 -168.671661 179.999802 179.999939 -172.455322 0.000000 -0.000000 0.000003 15.000767 -0.000024 34.361900 0.000529 0.000335 28.114264 0.000216 0.000381 19.679981 0.000000 -0.000000 0.000003 179.993988 179.999817 -141.274857 179.995178 -179.996414 -141.274872 179.998993 -179.996124 -154.209061 0.000000 -0.000000 0.000003 169.995285 179.999863 -146.157684 179.996002 -179.997498 -146.157700 179.998718 -179.997131 -157.461029 0.000000 -0.000000 0.000003 159.995529 179.999878 -162.052261 179.993546 -179.998108 -153.078430 179.996719 -179.996948 -162.070221 174.222824 -178.288254 175.552734 170.795685 -176.498566 103.398285 171.088150 -178.888931 -178.445236 5.677769 -0.318593 -7.472836 141.168427 125.575142 167.532974 0.000014 -0.000258 -12.163683 179.999985 -179.999832 171.898987 0.000000 -0.000000 0.000000 165.000031 -179.999863 151.836411 179.999985 -179.999893 156.957062 179.999954 -179.999939 163.869919 0.000000 -0.000000 0.000000 0.000028 -0.000191 -30.981564 179.999939 -179.999817 149.018463 179.999893 -179.999924 159.366272 0.000000 -0.000000 0.000000 10.000027 -0.000228 -28.542034 179.999924 -179.999786 151.457977 179.999878 -179.999908 160.991013 0.000000 -0.000000 0.000000 20.000006 -0.000083 -24.632147 179.999969 -179.999878 143.051804 179.999939 -179.999954 155.392487
4.411526 97.011429 74.658089 178.315674 -179.844131 179.740341 2.004385 2.210871 0.738302 9.582399 -0.001919 -0.863541 1.381229 -3.660186 -0.536578 5.781011 1.387575 3.178190 3.779942 -0.447765 -0.677363 179.259735 -177.624390 176.911179 0.868180 3.591831 0.476383 0.867976 3.518580 0.756847 3.975928 2.442490 1.218423 179.999847 -179.243896 -179.163635 179.999863 -179.117996 -179.133636 159.833099 -179.563187 -179.295975 178.879807 177.606430 178.507843 14.536875 -2.137012 86.495926 175.060074 -175.134186 172.304428 174.118637 -176.299347 -175.815033 45.846500 54.363579 17.411884 0.000514 -0.000269 11.274049 0.000374 -0.000114 7.508520 0.000000 -0.000000 0.000003 15.000710 -0.000034 34.399338 0.000498 0.000307 28.144928 0.000206 0.000354 19.701448 0.000000 -0.000000 0.000003 179.995865 179.999832 -141.593781 179.996643 -179.997574 -141.593796 179.999252 -179.997345 -154.421448 0.000000 -0.000000 0.000003 169.996399 179.999847 -146.402527 179.996902 -179.998138 -146.402496 179.998978 -179.997818 -157.624069 0.000000 -0.000000 0.000003 159.996735 179.999863 -162.299393 179.995255 -179.998688 -153.449081 179.997543 -179.997803 -162.317078 174.093582 -178.249557 175.639572 170.722580 -176.328873 103.412476 170.653320 -179.236542 -178.746597 5.590964 -0.502750 -7.326362 141.417297 125.455032 167.496490 0.000028 -0.000210 -12.279398 179.999985 -179.999863 171.821899 180.000000 -180.000000 180.000000 165.000015 -179.999939 151.802094 179.999985 -179.999954 156.928986 179.999985 -179.999985 163.850296 180.000000 -180.000000 180.000000 0.000022 -0.000140 -31.024576 179.999954 -179.999863 148.975418 179.999924 -179.999954 159.337631 180.000000 -180.000000 180.000000 10.000012 -0.000134 -28.596315 179.999954 -179.999878 151.403641 179.999939 -179.999954 160.954849 180.000000 -180.000000 180.000000 19.999996 -0.000049 -24.651857 179.999985 -179.999939 143.022202 179.999969 -179.999985 155.372772
4.584531 97.022987 74.763504 178.050690 -179.818787 179.768570 2.005064 2.141132 0.631377 9.947865 0.177472 -0.853950 1.272995 -3.758567 -0.498494 4.671299 2.017784 2.896940 4.812532 -0.966395 -0.591210 179.624710 -177.577728 177.019150 0.981385 3.527471 0.419654 0.981215 3.455523 0.658103 4.516859 2.394424 1.116354 179.999588 -179.150162 -179.339951 179.999588 -179.008621 -179.316315 159.555313 -179.454376 -179.367722 178.807953 177.554459 178.608398 15.668204 -1.825568 86.559982 174.579422 -177.686264 171.770630 174.500412 -175.872299 -174.561249 45.077972 53.637508 16.491974 0.000500 -0.000271 11.320254 0.000349 -0.000103 7.539295 0.000000 -0.000000 0.000000 15.000352 -0.000018 34.452930 0.000242 0.000149 28.188755 0.000100 0.000171 19.732130 0.000000 -0.000000 0.000000 179.996674 179.999847 -141.854568 179.997284 -179.998062 -141.854568 179.999374 -179.997879 -154.595139 0.000000 -0.000000 0.000000 169.997437 179.999893 -146.642441 179.997787 -179.998672 -146.642426 179.999252 -179.998459 -157.783859 0.000000 -0.000000 0.000000 159.999115 179.999969 -162.569366 179.998688 -179.999649 -153.854065 179.999329 -179.999405 -162.586807 173.963333 -178.229141 175.729614 170.687332 -176.191132 103.418602 170.263657 -179.605270 -179.039337 5.502063 -0.682814 -7.219372 141.714890 125.352821 167.486816 0.000044 -0.000136 -12.407475 0.000003 -0.000092 -8.263386 0.000000 -0.000001 -0.000000 165.000015 -179.999969 151.781387 180.000000 -179.999969 156.912033 179.999985 -179.999985 163.838440 0.000000 -0.000001 -0.000000 0.000012 -0.000082 -31.066917 179.999969 -179.999924 148.933060 179.999969 -179.999969 159.309418 0.000000 -0.000001 -0.000000 10.000008 -0.000052 -28.640787 179.999985 -179.999954 151.359238 179.999985 -179.999985 160.925247 0.000000 -0.000001 -0.000000 20.000006 -0.000002 -24.670115 0.000001 -0.000003 -37.005154 180.000000 180.000000 155.354553
4.750993 97.035858 74.844330 177.762726 -179.803101 179.805008 2.310536 2.074356 0.533398 10.016053 0.320962 -0.836016 1.181237 -3.832264 -0.476320 4.085727 2.208541 2.757133 5.383127 -1.076770 -0.617735 179.929626 -177.530060 177.107010 1.071116 3.460378 0.377092 1.070945 3.389912 0.584268 4.945117 2.347610 1.038869 179.999481 -179.081665 -179.536621 179.999481 -178.928696 -179.520035 159.458130 -179.358353 -179.458389 179.015808 177.558624 178.588593 16.365622 -1.629180 86.624130 174.327881 -178.352127 171.654984 174.894791 -177.285370 -173.909744 43.872398 52.704895 15.188870 0.000168 -0.000091 11.424398 0.000110 -0.000038 7.608641 0.000000 -0.000000 0.000000 14.999927 0.000001 34.496468 179.999954 -179.999969 -151.775620 179.999985 -179.999969 -160.242920 0.000000 -0.000000 0.000000 179.998993 179.999969 -142.199417 179.999191 -179.999405 -142.199432 179.999817 -179.999344 -154.824814 0.000000 -0.000000 0.000000 169.998352 179.999954 -146.882278 179.998581 -179.999146 -146.882263 179.999527 -179.999008 -157.943604 0.000000 -0.000000 0.000000 159.998138 179.999939 -162.613831 179.997314 -179.999252 -153.920746 179.998596 -179.998764 -162.631241 173.979630 -178.185562 175.758408 170.713181 -176.067032 103.395042 169.905640 179.995377 -179.334412 5.448432 -0.846069 -7.123423 142.080673 125.280106 167.540436 0.000046 -0.000079 -12.540372 0.000024 -0.000070 -8.351891 0.000000 -0.000000 -0.000000 165.000015 -179.999985 151.764069 180.000000 -179.999985 156.897858 0.000000 0.000000 -16.171495 0.000000 -0.000000 -0.000000 179.999985 179.999924 148.877899 0.000030 0.000076 -31.122108 0.000043 0.000033 -20.727322 0.000000 -0.000000 -0.000000 10.000001 -0.000029 -28.663050 179.999985 -179.999985 151.336960 179.999985 -179.999985 160.910400 0.000000 -0.000000 -0.000000 20.000002 0.000009 -24.671877 0.000006 0.000015 -37.007809 0.000007 0.000008 -24.647207
4.909147 97.050407 74.907104 177.528015 -179.800217 179.841217 2.681340 2.019171 0.445092 9.952229 0.468037 -0.835507 1.103216 -3.932077 -0.446038 3.619529 2.306965 2.646238 5.821432 -1.117624 -0.665034 0.190175 -2.514740 -2.813943 1.145524 3.381254 0.342244 1.145362 3.312523 0.524193 5.300153 2.293378 0.973508 179.999359 -179.037704 -179.739990 179.999329 -178.877396 -179.730698 159.419540 -179.280029 -179.560776 179.035065 177.544739 178.621567 16.930252 -1.576126 86.557510 174.107956 -179.311768 171.507141 175.088776 -178.466614 -173.172211 42.364193 51.554699 13.479966 180.000000 -179.999985 -168.493362 180.000000 179.999985 -172.336594 0.000000 -0.000000 0.000000 14.999324 0.000029 34.508369 179.999542 -179.999710 -151.765869 179.999817 -179.999664 -160.236099 0.000000 -0.000000 0.000000 179.999100 179.999969 -142.325699 179.999283 -179.999481 -142.325684 179.999832 -179.999435 -154.908920 0.000000 -0.000000 0.000000 169.998825 179.999954 -147.098663 179.998978 -179.999390 -147.098663 179.999649 -179.999298 -158.087708 0.000000 -0.000000 0.000000 159.999237 179.999969 -162.887222 179.998886 -179.999710 -154.330856 179.999420 -179.999496 -162.904327 174.006332 -178.150436 175.778900 170.733002 -176.053543 103.351395 169.693878 179.700012 -179.544754 5.225980 -0.972831 -7.108070 142.515289 125.240547 167.643173 0.000017 -0.000031 -12.685794 0.000006 -0.000032 -8.448735 0.000000 -0.000000 0.000000 165.000015 179.999985 151.762070 0.000001 0.000004 -23.103762 180.000000 -180.000000 163.827362 0.000000 -0.000000 0.000000 0.000005 -0.000016 -31.059574 180.000000 -179.999985 148.940414 179.999985 -179.999985 159.314331 0.000000 -0.000000 0.000000 10.000005 -0.000021 -28.680023 180.000000 -179.999985 151.319992 179.999985 -179.999985 160.899109 0.000000 -0.000000 0.000000 20.000002 -0.000014 -24.661461 180.000000 -179.999985 143.007812 179.999985 -179.999985 155.363205
5.059045 97.066872 74.959793 177.355865 -179.811203 179.873413 3.077684 1.988494 0.370662 9.830352 0.581652 -0.846245 0.995394 -4.028486 -0.419074 3.261330 2.344718 2.552324 6.119518 -1.122379 -0.718055 0.418590 -2.555592 -2.732829 1.203614 3.290666 0.316447 1.203470 3.223858 0.480129 5.577113 2.231049 0.922984 179.999527 -179.034348 -179.888702 179.999512 -178.873459 -179.884735 159.369614 -179.245636 -179.643661 179.128738 177.567871 178.612900 17.077139 -1.635729 86.504280 173.909348 179.806885 171.419998 175.306717 179.637070 -172.541702 39.510094 49.095032 9.948250 179.999908 179.999969 -168.458008 179.999939 179.999985 -172.313034 0.000000 -0.000000 0.000000 14.999613 0.000010 34.392658 179.999725 -179.999832 -151.860565 179.999893 -179.999802 -160.302399 0.000000 -0.000000 0.000000 179.999649 179.999985 -142.482361 179.999725 -179.999786 -142.482346 179.999939 -179.999771 -155.013260 0.000000 -0.000000 0.000000 169.999603 179.999985 -147.312653 179.999664 -179.999802 -147.312653 179.999878 -179.999756 -158.230225 0.000000 -0.000000 0.000000 159.999756 179.999985 -163.033371 179.999664 -179.999893 -154.550049 179.999817 -179.999847 -163.050323 174.034790 -178.133667 175.783966 170.791122 -176.053040 103.280830 169.543976 179.435394 -179.742752 5.182454 -1.044987 -7.048777 142.744797 125.277893 167.718140 0.000028 -0.000016 -12.761252 0.000009 -0.000008 -8.498982 0.000000 -0.000000 0.000000 165.000000 179.999985 151.765991 0.000001 0.000000 -23.100559 0.000002 0.000004 -16.170372 0.000000 -0.000000 0.000000 0.000004 -0.000006 -31.082470 180.000000 -179.999985 148.917526 180.000000 -179.999985 159.299072 0.000000 -0.000000 0.000000 10.000004 -0.000011 -28.709976 180.000000 -179.999985 151.290009 180.000000 -179.999985 160.879166 0.000000 -0.000000 0.000000 20.000002 -0.000008 -24.675703 180.000000 -179.999985 142.986435 180.000000 -179.999985 155.348969
5.202385 97.084900 75.010506 177.259979 -179.836365 179.898178 3.342509 1.989039 0.309811 9.741920 0.635307 -0.860109 0.910118 -4.101262 -0.409924 3.009098 2.351120 2.459790 6.280526 -1.120340 -0.758251 0.601547 -2.595479 -2.651033 1.244081 3.189835 0.300324 1.243957 3.125067 0.453119 5.769841 2.160752 0.888550 179.999405 -179.036438 179.918564 179.999374 -178.875900 179.915649 159.409775 -179.206345 -179.754883 179.297913 177.645126 178.565842 16.804039 -1.788835 86.485168 173.742584 179.020782 171.393311 175.182800 178.749008 -172.080460 38.729202 48.464684 8.708843 0.000031 -0.000017 11.399873 0.000022 -0.000003 7.592315 0.000000 -0.000000 0.000000 14.999902 0.000016 34.173527 179.999924 -179.999969 -152.039841 179.999985 -179.999954 -160.427887 0.000000 -0.000000 0.000000 179.999939 179.999985 -142.672470 179.999939 -179.999969 -142.672485 179.999985 -179.999969 -155.139862 0.000000 -0.000000 0.000000 169.999863 179.999985 -147.521713 179.999847 -179.999939 -147.521744 179.999954 -179.999908 -158.369476 0.000000 -0.000000 0.000000 159.999969 179.999985 -163.167389 179.999954 -179.999985 -154.751083 179.999985 -179.999985 -163.184219 174.063889 -178.138641 175.774750 170.889511 -176.057220 103.183113 169.465637 179.215240 -179.924881 5.154552 -1.094505 -6.986758 142.975494 125.309929 167.785202 0.000011 -0.000006 -12.840219 0.000013 -0.000009 -8.551588 180.000000 180.000000 -180.000000 165.000015 -180.000000 151.775757 180.000000 180.000000 156.907425 180.000000 179.999985 163.835205 180.000000 180.000000 -180.000000 0.000001 -0.000002 -31.102913 0.000002 -0.000003 -31.102917 180.000000 -179.999985 159.285446 180.000000 180.000000 -180.000000 9.999997 -0.000001 -28.735624 0.000001 -0.000002 -28.735634 180.000000 -180.000000 160.862076 180.000000 180.000000 -180.000000 19.999994 0.000000 -24.693750 0.000000 0.000000 -37.040627 180.000000 -179.999985 155.330948
5.345029 97.104614 75.057701 177.127609 -179.874100 179.932236 3.708176 2.003095 0.246100 9.588790 0.680163 -0.885043 0.825408 -4.188439 -0.403698 2.943238 2.334816 2.348565 6.215310 -1.118425 -0.782681 0.859328 -2.634057 -2.559354 1.287875 3.081931 0.284133 1.287762 3.019332 0.426102 5.977935 2.085402 0.853748 0.000140 -0.943419 -0.252589 0.000146 -1.100649 -0.261614 159.440292 -179.184906 -179.857971 179.284546 177.590195 178.572556 16.701912 -1.960215 86.367577 173.734177 178.085159 171.293427 174.936707 177.999252 -171.536194 37.406567 47.257236 6.689594 0.002730 -0.000992 11.219861 0.001918 -0.000315 7.472437 0.000002 -0.000002 -0.000000 15.000842 0.000688 33.866341 0.000244 0.000840 27.708788 179.999878 179.999405 -160.603836 0.000002 -0.000002 -0.000000 0.000242 0.000180 37.095207 0.000080 0.000292 37.095200 179.999924 179.999817 -155.294617 0.000002 -0.000002 -0.000000 170.000046 179.999985 -147.935272 0.000011 0.000050 32.064747 180.000000 179.999985 -158.644897 0.000002 -0.000002 -0.000000 159.999802 -179.999863 -163.318298 179.999786 -179.999710 -154.977463 179.999954 -179.999771 -163.334991 174.088959 -178.154388 175.757584 171.013565 -176.060577 103.079010 169.394012 179.016647 179.885208 5.127113 -1.145769 -6.915112 143.255768 125.358574 167.874374 0.000213 0.000028 -12.933633 0.000136 -0.000027 -8.613803 0.000000 -0.000000 0.000000 165.000000 -180.000000 151.698090 0.000002 -0.000003 -23.156111 0.000005 -0.000005 -16.209259 0.000000 -0.000000 0.000000 0.000017 0.000000 -31.132242 0.000014 -0.000009 -31.132225 0.000007 -0.000010 -20.734072 0.000000 -0.000000 0.000000 9.999988 -0.000001 -28.767250 179.999985 179.999985 151.232758 180.000000 179.999985 160.841019 0.000000 -0.000000 0.000000 20.000002 0.000000 -24.712646 0.000009 -0.000001 -37.069004 0.000003 -0.000008 -24.687950
5.480834 97.125107 75.118500 177.191315 -179.930603 179.931259 3.996192 2.036310 0.211243 9.388979 0.656214 -0.900813 0.671221 -4.231528 -0.412067 2.799994 2.349586 2.228144 6.247157 -1.177585 -0.764035 0.902722 -2.661907 -2.478229 1.291784 2.962155 0.286851 1.291687 2.901780 0.432272 5.996543 1.999223 0.850740 179.999680 -179.092926 179.572449 179.999664 -178.941757 179.557175 159.547104 -179.178436 -179.971222 179.270432 177.601212 178.580063 16.050753 -2.360949 86.291992 173.691788 177.685913 171.409286 174.638702 177.960266 -171.653046 36.813366 46.741280 5.509353 0.002762 -0.000801 10.992056 0.001909 -0.000172 7.320700 0.000000 -0.000002 0.000000 15.000690 0.000485 33.723316 0.000248 0.000643 27.591795 179.999954 179.999512 -160.685745 0.000000 -0.000002 0.000000 179.999390 -179.999603 -142.995117 179.999741 -179.999313 -142.995132 0.000145 -0.000472 24.645226 0.000000 -0.000002 0.000000 169.999390 -179.999634 -147.980576 179.999695 -179.999359 -147.980591 0.000051 -0.000468 21.324917 0.000000 -0.000002 0.000000 159.999374 -179.999588 -163.320480 179.999237 -179.999146 -154.980728 179.999786 -179.999283 -163.337143 174.112457 -178.231766 175.729370 171.163773 -176.035751 102.929382 169.489166 178.906876 179.759109 5.128590 -1.144387 -6.860710 143.407150 125.330978 167.839706 0.000121 0.000084 -13.016948 0.000091 0.000045 -8.669285 180.000000 180.000000 -180.000000 165.000015 179.999985 151.697128 0.000006 0.000003 -23.156897 0.000007 -0.000001 -16.209812 180.000000 180.000000 -180.000000 180.000000 -180.000000 148.851852 180.000000 -179.999985 148.851822 180.000000 180.000000 159.255325 180.000000 180.000000 -180.000000 9.999977 -0.000034 -28.768814 179.999969 -179.999985 151.231201 179.999985 179.999985 160.839996 180.000000 180.000000 -180.000000 19.999987 0.000001 -24.723938 179.999985 -179.999985 142.914093 180.000000 179.999985 155.300781
5.611978 97.145050 75.186226 177.333038 -179.983521 179.916626 4.194530 2.079724 0.173200 9.170104 0.604919 -0.891772 0.547664 -4.257723 -0.433611 2.704396 2.399204 2.119006 6.316864 -1.272945 -0.740933 0.786623 -2.691356 -2.416260 1.279523 2.843528 0.296243 1.279445 2.785276 0.450094 5.938655 1.913080 0.859429 179.999725 -179.101364 179.300735 179.999725 -178.951584 179.275757 159.789124 -179.128326 179.867859 179.250580 177.616379 178.597046 15.321429 -2.795511 86.240631 173.719681 177.547775 171.578873 174.384521 178.004410 -171.974640 36.063076 45.521740 2.776413 179.998474 179.999466 -169.809769 179.998932 179.999847 -173.213318 0.000000 -0.000002 0.000000 15.000127 0.000076 33.628231 0.000043 0.000105 27.513987 179.999985 179.999924 -160.740204 0.000000 -0.000002 0.000000 179.998306 -179.998932 -142.994598 179.999283 -179.998123 -142.994568 0.000370 -0.001289 24.645592 0.000000 -0.000002 0.000000 169.997467 -179.998444 -148.021729 179.998672 -179.997330 -148.021713 0.000196 -0.001969 21.297531 0.000000 -0.000002 0.000000 159.998428 -179.999039 -163.311783 179.998154 -179.997910 -154.967636 179.999481 -179.998215 -163.328461 174.166885 -178.238129 175.706467 171.308289 -176.093033 102.735825 169.663239 178.814484 179.671127 5.150596 -1.106225 -6.820911 143.545776 125.258331 167.776840 0.000045 0.000088 -13.101419 0.000060 0.000042 -8.725518 0.000000 -0.000000 0.000000 165.000000 -179.999985 151.685974 179.999985 -179.999985 156.833969 179.999985 -179.999985 163.783783 0.000000 -0.000000 0.000000 179.999985 -179.999985 148.847076 179.999985 -179.999985 148.847076 179.999985 -179.999985 159.252136 0.000000 -0.000000 0.000000 9.999978 -0.000078 -28.754082 179.999954 -179.999939 151.245911 179.999954 -179.999985 160.849792 0.000000 -0.000000 0.000000 20.000002 -0.000041 -24.730480 179.999985 -179.999954 142.904236 179.999969 -179.999985 155.294235
5.738472 97.163696 75.254883 177.540039 179.978073 179.888992 4.387167 2.098877 0.175080 8.959375 0.628135 -0.919280 0.355973 -4.316278 -0.429952 2.712799 2.457403 2.028798 6.283640 -1.373501 -0.712425 0.603786 -2.712504 -2.363001 1.253889 2.733429 0.310668 1.253823 2.677104 0.476593 5.817619 1.832617 0.877635 179.999680 -179.131790 179.118820 179.999664 -178.987091 179.087326 159.957642 -179.115967 179.752182 179.222366 177.592667 178.620804 14.699905 -3.168874 86.222740 173.924438 177.772018 171.775131 174.486526 178.633972 -172.556366 36.806709 47.683296 7.713524 0.023579 -0.004310 11.915236 0.015975 0.000249 7.935539 0.000000 -0.000000 0.000000 15.000205 0.000145 33.628052 0.000079 0.000192 27.513893 179.999985 179.999847 -160.740280 0.000000 -0.000000 0.000000 179.998596 -179.999161 -142.897964 179.999405 -179.998474 -142.897934 0.000293 -0.001059 24.709969 0.000000 -0.000000 0.000000 169.997574 -179.998566 -147.899277 179.998718 -179.997498 -147.899261 0.000167 -0.001870 21.379084 0.000000 -0.000000 0.000000 159.998199 -179.998932 -163.251068 179.997894 -179.997681 -154.876602 179.999390 -179.998016 -163.267807 174.224274 -178.216064 175.696487 171.481400 -176.182251 102.510536 169.908295 178.708282 179.617310 5.185336 -1.021494 -6.793314 143.633957 125.152397 167.651932 0.000032 0.000083 -13.188388 0.000025 0.000053 -8.783463 0.000000 -0.000000 0.000000 165.000000 -179.999969 151.688293 179.999985 -179.999985 156.835876 179.999985 -179.999985 163.785110 0.000000 -0.000000 0.000000 180.000000 -179.999954 148.850464 179.999985 -179.999954 148.850464 179.999985 -179.999985 159.254425 0.000000 -0.000000 0.000000 10.000010 -0.000126 -28.728653 179.999954 -179.999893 151.271378 179.999939 -179.999954 160.866730 0.000000 -0.000000 0.000000 20.000000 -0.000065 -24.717846 179.999985 -179.999908 142.923141 179.999954 -179.999969 155.306854
5.859086 97.180161 75.321068 177.799500 179.963074 179.854324 4.395092 2.143509 0.157013 8.825832 0.616174 -0.906457 0.221408 -4.339828 -0.459460 2.780077 2.510042 1.963127 6.228499 -1.451817 -0.693183 0.331051 -2.724989 -2.319210 1.218438 2.635938 0.328322 1.218386 2.581300 0.508550 5.650384 1.761166 0.902593 179.999695 -179.156067 178.952530 179.999680 -179.015411 178.915115 160.123169 -179.102295 179.647400 179.217911 177.725708 178.657455 13.737636 -3.723872 86.196716 173.880341 177.889526 172.053177 174.186249 178.259476 -173.101242 35.981735 45.695019 2.971925 0.001331 -0.000319 10.291677 0.000906 -0.000044 6.854261 0.000000 -0.000000 0.000000 14.999172 -0.000556 33.563259 179.999695 -179.999237 -152.539154 0.000045 -0.000573 19.222580 0.000000 -0.000000 0.000000 179.997055 -179.998199 -142.834122 179.998749 -179.996780 -142.834106 0.000633 -0.002216 24.752466 0.000000 -0.000000 0.000000 169.995743 -179.997452 -147.761490 179.997772 -179.995544 -147.761505 0.000329 -0.003288 21.470856 0.000000 -0.000000 0.000000 159.996307 -179.997757 -163.169601 179.995682 -179.995163 -154.754410 179.998795 -179.995850 -163.186447 174.266861 -178.273163 175.671265 171.614151 -176.202560 102.313301 170.225479 178.635468 179.603745 5.236487 -0.902729 -6.781612 143.699692 125.048920 167.545639 180.000000 179.999924 166.743896 0.000007 0.000064 -8.828560 180.000000 -180.000000 180.000000 165.000000 -179.999954 151.696426 179.999985 -179.999969 156.842560 179.999985 -179.999985 163.789795 180.000000 -180.000000 180.000000 0.000008 -0.000069 -31.133604 179.999985 -179.999939 148.866394 179.999969 -179.999985 159.265030 180.000000 -180.000000 180.000000 9.999995 0.000050 -28.654072 0.000017 0.000046 -28.654037 0.000026 0.000022 -19.083614 180.000000 -180.000000 180.000000 20.000002 -0.000070 -24.698921 179.999985 -179.999893 142.951614 179.999954 -179.999954 155.325775
5.969852 97.194000 75.377098 178.098495 179.973114 179.817551 4.512639 2.206556 0.140927 8.542581 0.604868 -0.883584 0.087541 -4.360785 -0.485570 2.838377 2.525334 1.946336 6.217185 -1.462580 -0.712817 179.984497 -177.259949 177.722794 1.176427 2.553214 0.347731 1.176380 2.499987 0.543360 5.452331 1.700591 0.931881 179.999817 -179.164963 178.785355 179.999817 -179.025787 178.741959 160.293518 -179.076324 179.546677 179.187958 177.677979 178.670807 13.154787 -4.185977 86.189186 174.144928 178.438004 172.325058 174.311432 178.832886 -173.764572 35.449451 45.368031 2.179009 0.000782 -0.000118 10.186903 0.000519 0.000010 6.784469 0.000002 0.000002 0.000003 14.998708 -0.000856 33.594212 179.999527 -179.998825 -152.513809 0.000076 -0.000879 19.240332 0.000002 0.000002 0.000003 179.996887 -179.998062 -142.680618 179.998703 -179.996567 -142.680573 0.000703 -0.002342 24.854725 0.000002 0.000002 0.000003 169.995972 -179.997543 -147.525742 179.997940 -179.995758 -147.525772 0.000372 -0.003120 21.627850 0.000002 0.000002 0.000003 159.997101 -179.998184 -162.940079 179.996643 -179.996124 -154.410080 179.999100 -179.996704 -162.957092 174.310120 -178.268600 175.670273 171.680298 -176.287659 102.091995 170.611954 178.606995 179.630402 5.295723 -0.744047 -6.786181 143.720901 124.956223 167.419479 179.999985 179.999893 166.685181 0.000007 0.000064 -8.867673 0.000000 -0.000000 0.000000 165.000015 -179.999954 151.711349 179.999985 -179.999969 156.854782 179.999985 -179.999985 163.798325 0.000000 -0.000000 0.000000 0.000013 -0.000078 -31.116316 179.999985 -179.999924 148.883682 179.999969 -179.999969 159.276535 0.000000 -0.000000 0.000000 10.000051 -0.000247 -28.716568 179.999939 -179.999756 151.283447 179.999878 -179.999878 160.874756 0.000000 -0.000000 0.000000 20.000013 -0.000066 -24.678188 179.999985 -179.999893 142.982681 179.999954 -179.999954 155.346466
6.073579 97.205322 75.422203 178.429642 -179.993744 179.781738 4.494968 2.296100 0.121058 8.348055 0.592943 -0.864084 179.967926 -175.610886 179.497177 3.123146 2.488555 1.973690 5.981030 -1.401961 -0.759059 179.602753 -177.243179 177.770630 1.129707 2.485361 0.367655 1.129663 2.433300 0.578904 5.232248 1.651286 0.963117 179.999832 -179.175827 178.680603 179.999817 -179.038452 178.633469 160.395981 -179.064835 179.481827 179.168655 177.678040 178.702606 12.676732 -4.561320 86.164627 174.484512 179.128036 172.616806 174.531342 179.561829 -174.438065 35.208138 45.324608 1.796735 0.000376 -0.000047 10.106566 0.000247 0.000016 6.730962 0.000000 -0.000000 0.000000 14.998837 -0.000798 33.676910 179.999573 -179.998932 -152.446167 0.000078 -0.000806 19.287674 0.000000 -0.000000 0.000000 179.997070 -179.998138 -142.498199 179.998810 -179.996735 -142.498199 0.000702 -0.002202 24.976191 0.000000 -0.000000 0.000000 169.996597 -179.997864 -147.279572 179.998291 -179.996338 -147.279572 0.000366 -0.002661 21.791779 0.000000 -0.000000 0.000000 159.998428 -179.998993 -162.723801 179.998199 -179.997864 -154.085754 179.999557 -179.998184 -162.741119 174.344574 -178.240005 175.677704 171.674255 -176.394318 101.873100 171.064545 178.610870 179.695602 5.365086 -0.565124 -6.806007 143.760712 124.866089 167.337830 179.999985 179.999863 166.639694 0.000016 0.000087 -8.897973 0.000000 0.000000 0.000000 165.000015 -179.999863 151.714081 179.999969 -179.999908 156.857010 179.999954 -179.999939 163.799896 0.000000 0.000000 0.000000 0.000029 -0.000134 -31.103981 179.999969 -179.999863 148.896027 179.999939 -179.999939 159.284744 0.000000 0.000000 0.000000 10.000062 -0.000267 -28.655666 179.999939 -179.999725 151.344345 179.999878 -179.999863 160.915329 0.000000 0.000000 0.000000 19.999969 0.000117 -24.633886 0.000033 0.000175 -36.950829 0.000091 0.000079 -24.609247
6.171309 97.213936 75.458626 178.741135 -179.951187 179.748947 4.356932 2.412990 0.099625 8.253657 0.543423 -0.838437 179.889313 -175.598877 179.471283 3.506143 2.398286 2.023282 5.695927 -1.274663 -0.821668 179.187790 -177.226013 177.829865 1.086407 2.429449 0.386562 1.086359 2.378340 0.612454 5.028308 1.610713 0.993799 179.999847 -179.172165 178.590607 179.999832 -179.034180 178.540268 160.480820 -179.044617 179.429840 179.157791 177.676300 178.736649 12.151099 -4.905572 86.136276 174.903259 179.745758 172.906982 174.914749 -179.424850 -175.106354 34.926014 45.449368 1.656886 0.001083 0.000015 10.130987 0.000718 0.000137 6.747237 0.000000 -0.000000 0.000000 14.999396 -0.000419 33.774395 179.999786 -179.999451 -152.366394 0.000048 -0.000421 19.343531 0.000000 -0.000000 0.000000 179.998810 -179.999237 -142.253616 179.999527 -179.998672 -142.253616 0.000293 -0.000890 25.139099 0.000000 -0.000000 0.000000 169.997696 -179.998535 -147.043304 179.998871 -179.997498 -147.043320 0.000275 -0.001803 21.949163 0.000000 -0.000000 0.000000 159.995453 -179.997040 -162.791779 179.994827 -179.993698 -154.187698 179.998779 -179.994705 -162.809006 174.352188 -178.267349 175.687225 171.582214 -176.427856 101.682693 171.592224 178.652771 179.795425 5.443488 -0.425932 -6.840110 144.037445 124.863342 167.492569 179.999908 179.999893 166.589127 179.999954 179.999908 171.068390 0.000000 -0.000000 0.000000 165.000031 -179.999878 151.749939 179.999985 -179.999908 156.886337 179.999969 -179.999954 163.820435 0.000000 -0.000000 0.000000 0.000020 -0.000064 -31.059954 179.999985 -179.999939 148.940033 179.999985 -179.999969 159.314072 0.000000 -0.000000 0.000000 10.000054 -0.000177 -28.573767 179.999969 -179.999817 151.426239 179.999924 -179.999908 160.969864 0.000000 -0.000000 0.000000 20.000023 -0.000083 -24.691811 179.999985 -179.999863 142.962296 179.999954 -179.999939 155.332886
6.265229 97.219864 75.491318 179.163300 -179.873810 179.731476 4.170602 2.612284 0.039291 8.080527 0.457079 -0.801989 179.825760 -175.569824 179.459961 3.806637 2.309818 2.087761 5.486276 -1.101443 -0.913201 178.667755 -177.202271 177.901764 1.027101 2.392621 0.404656 1.027052 2.342223 0.644787 4.749526 1.586339 1.022269 179.999847 -179.155655 178.515961 179.999847 -179.014923 178.462952 160.543045 -179.016983 179.390656 179.155472 177.671951 178.770294 11.709938 -5.210409 86.074120 175.389923 -179.650040 173.215637 174.810455 -179.183578 -175.654282 35.069454 45.075603 0.438076 179.998001 179.999527 -170.468018 179.998642 179.999924 -173.651703 0.000000 -0.000000 0.000000 14.998889 -0.000806 33.823109 179.999619 -179.998932 -152.326538 0.000103 -0.000780 19.371395 0.000000 -0.000000 0.000000 179.996857 -179.997849 -142.202103 179.998840 -179.996353 -142.202133 0.000879 -0.002388 25.173388 0.000000 -0.000000 0.000000 169.997147 -179.998062 -146.819733 179.998672 -179.996826 -146.819748 0.000429 -0.002258 22.098034 0.000000 -0.000000 0.000000 159.997635 -179.998352 -162.213928 179.997375 -179.996552 -153.320877 179.999481 -179.997162 -162.231689 174.357224 -178.300568 175.685135 171.354950 -176.442596 101.526360 172.193604 178.754868 179.930435 5.530299 -0.278539 -6.898340 143.970306 124.739922 167.227936 179.999908 179.999908 166.506485 179.999969 179.999939 171.013321 0.000000 -0.000000 0.000000 165.000031 -179.999908 151.780914 179.999985 -179.999908 156.911636 179.999969 -179.999954 163.838135 0.000000 -0.000000 0.000000 0.000023 -0.000059 -31.041916 179.999985 -179.999939 148.958054 179.999985 -179.999969 159.326080 0.000000 -0.000000 0.000000 10.000074 -0.000185 -28.527281 179.999985 -179.999817 151.472702 179.999939 -179.999893 161.000824 0.000000 -0.000000 0.000000 20.000059 -0.000130 -24.675421 179.999985 -179.999802 142.986862 179.999908 -179.999893 155.349258
6.354595 97.223190 75.520584 179.583603 -179.786865 179.728210 3.871175 2.831890 -0.015246 8.010674 0.365684 -0.792187 179.771912 -175.527939 179.467606 4.148957 2.201299 2.167297 5.199646 -0.885691 -1.028812 178.183563 -177.169815 177.978561 0.969148 2.367667 0.420321 0.969096 2.317787 0.672871 4.477275 1.571320 1.046647 179.999878 -179.127243 178.457535 179.999878 -178.981781 178.402435 160.577377 -178.982742 179.364639 179.151962 177.650223 178.795334 11.358270 -5.503839 85.974167 175.928543 -179.093384 173.544052 175.489655 -177.557541 -176.294388 34.705479 46.936378 3.758385 0.005213 0.001210 10.992743 0.003273 0.001442 7.321163 0.000000 -0.000000 0.000000 14.999693 -0.000236 33.942860 179.999893 -179.999695 -152.228592 0.000034 -0.000222 19.440001 0.000000 -0.000000 0.000000 179.999191 -179.999420 -141.878189 179.999725 -179.999039 -141.878174 0.000248 -0.000621 25.389122 0.000000 -0.000000 0.000000 169.998886 -179.999207 -146.551407 179.999512 -179.998718 -146.551422 0.000202 -0.000885 22.276775 0.000000 -0.000000 0.000000 159.999100 -179.999329 -161.983688 179.999023 -179.998611 -152.975525 179.999847 -179.998886 -162.001694 174.367554 -178.263382 175.689911 171.011612 -176.505157 101.370445 172.864044 178.900223 -179.902710 5.620771 -0.112232 -6.980062 143.834457 124.646515 166.913208 179.999893 179.999924 166.426071 179.999939 179.999939 170.959778 0.000000 0.000000 0.000000 165.000031 -179.999924 151.813370 180.000000 -179.999939 156.938232 179.999985 -179.999969 163.856750 0.000000 0.000000 0.000000 179.999969 179.999924 148.992157 0.000008 0.000092 -31.007830 0.000037 0.000050 -20.651228 0.000000 0.000000 0.000000 10.000090 -0.000182 -28.476110 179.999985 -179.999802 151.523895 179.999939 -179.999878 161.034897 0.000000 0.000000 0.000000 20.000053 -0.000123 -24.639441 0.000004 -0.000206 -36.959171 179.999924 -179.999878 155.385208
6.440555 97.224655 75.548286 179.998413 -179.692230 179.740738 3.530963 3.067855 -0.082492 7.978163 0.270500 -0.789041 179.725342 -175.476700 179.476868 4.501486 2.093550 2.246139 4.878295 -0.653639 -1.156511 177.726578 -177.128601 178.047989 0.912944 2.353168 0.432659 0.912890 2.303652 0.695227 4.213475 1.564706 1.064846 179.999908 -179.089401 178.415756 179.999908 -178.937637 178.359177 160.581909 -178.943909 179.351364 179.167252 177.716827 178.866821 11.083008 -5.679427 85.800278 176.496460 -178.594635 173.894043 175.503677 -176.936462 -176.768585 35.118980 46.260616 1.728054 179.999954 -179.999985 -170.074722 179.999985 -179.999985 -173.389771 0.000000 -0.000000 0.000000 14.999780 -0.000209 33.999252 179.999954 -179.999756 -152.182465 0.000043 -0.000171 19.472286 0.000000 -0.000000 0.000000 179.999527 -179.999588 -141.731552 179.999878 -179.999374 -141.731583 0.000198 -0.000375 25.486786 0.000000 -0.000000 0.000000 169.999390 -179.999466 -146.348801 179.999786 -179.999207 -146.348831 0.000168 -0.000515 22.411686 0.000000 -0.000000 0.000000 159.999496 -179.999557 -161.811661 179.999512 -179.999130 -152.717484 179.999985 -179.999329 -161.829849 174.368164 -178.265152 175.673538 170.629593 -176.505142 101.257912 173.581635 179.001740 -179.716492 5.720534 0.069865 -7.086776 143.703613 124.525055 166.596329 179.999908 179.999939 166.346649 179.999954 179.999954 170.906860 0.000000 -0.000000 0.000000 165.000031 -179.999939 151.838699 0.000001 -0.000061 -23.041056 179.999985 -179.999969 163.871262 0.000000 -0.000000 0.000000 0.000062 -0.000106 -31.058195 180.000000 -179.999863 148.941788 179.999969 -179.999939 159.315247 0.000000 -0.000000 0.000000 10.000102 -0.000177 -28.417488 0.000005 -0.000206 -28.417454 179.999939 -179.999878 161.073959 0.000000 -0.000000 0.000000 20.000078 -0.000129 -24.600582 0.000016 -0.000220 -36.900864 179.999924 -179.999878 155.424011
6.521475 97.224556 75.570953 0.403985 -0.410632 -0.229828 3.184340 3.295137 -0.157931 7.956187 0.195771 -0.792161 179.682755 -175.419495 179.487579 4.876130 1.998186 2.319058 4.472054 -0.425769 -1.288738 177.342133 -177.087936 178.106888 0.858721 2.348401 0.441048 0.858663 2.299102 0.710825 3.959262 1.565962 1.075398 179.999954 -179.044830 178.390808 179.999939 -178.885635 178.333328 160.556595 -178.902664 179.350235 179.162460 177.716232 178.905930 10.884082 -5.913731 85.612396 177.114151 -178.159866 174.258194 175.737411 -176.153793 -177.193573 35.087029 46.551918 1.850394 179.999985 -179.999985 -170.056152 180.000000 -179.999985 -173.377396 0.000000 -0.000001 -0.000003 14.999913 -0.000101 34.054897 179.999985 -179.999878 -152.136917 0.000026 -0.000076 19.504164 0.000000 -0.000001 -0.000003 179.999863 -179.999847 -141.614014 179.999985 -179.999817 -141.614044 0.000069 -0.000107 25.565058 0.000000 -0.000001 -0.000003 169.999786 -179.999756 -146.201889 179.999954 -179.999695 -146.201904 0.000090 -0.000195 22.509541 0.000000 -0.000001 -0.000003 159.999863 -179.999847 -161.684464 179.999878 -179.999725 -152.526733 0.000016 -0.000203 18.297211 174.369522 -178.256058 175.647842 170.166794 -176.498093 101.171661 174.342880 179.104019 -179.508438 5.828317 0.273838 -7.213428 143.475143 124.547813 166.441467 179.999069 179.999237 166.372009 179.999512 179.999344 170.923767 180.000000 180.000000 -180.000000 165.000031 -179.999954 151.862701 0.000004 -0.000053 -23.021433 179.999985 -179.999969 163.885010 180.000000 180.000000 -180.000000 0.000070 -0.000109 -31.017969 0.000007 -0.000128 -31.017958 179.999969 -179.999924 159.342026 180.000000 180.000000 -180.000000 10.000113 -0.000176 -28.349773 0.000017 -0.000207 -28.349756 179.999954 -179.999863 161.119034 180.000000 180.000000 -180.000000 20.000072 -0.000129 -24.551058 0.000029 -0.000222 -36.826599 179.999939 -179.999863 155.473495
6.598619 97.223358 75.588287 0.811428 -0.524035 -0.184678 2.853333 3.498896 -0.236708 7.882076 0.183851 -0.814105 179.673187 -175.332779 179.511642 5.203396 1.916899 2.382736 4.111786 -0.192577 -1.444703 176.954651 -177.044327 178.183456 0.804366 2.352336 0.445828 0.804303 2.303138 0.720311 3.704720 1.574373 1.078568 179.999985 -178.996765 178.382080 179.999985 -178.829559 178.324295 160.503876 -178.861542 179.359955 179.164734 177.737045 178.964127 10.844159 -6.109773 85.369026 177.481735 -177.768402 174.589081 176.126114 -175.524796 -177.480530 35.112083 46.986732 2.177642 180.000000 179.999557 -169.986328 179.999954 179.999725 -173.330902 0.000000 -0.000001 0.000000 14.999934 -0.000075 34.090527 179.999985 -179.999924 -152.107727 0.000022 -0.000052 19.524576 0.000000 -0.000001 0.000000 179.999939 -179.999924 -141.562576 180.000000 -179.999908 -141.562576 0.000041 -0.000051 25.599318 0.000000 -0.000001 0.000000 169.999908 -179.999893 -146.114258 179.999985 -179.999847 -146.114258 0.000045 -0.000082 22.567923 0.000000 -0.000001 0.000000 159.999954 -179.999939 -161.626984 179.999969 -179.999878 -152.440475 0.000007 -0.000082 18.354620 174.357224 -178.266525 175.617035 169.663681 -176.460678 101.107864 175.130157 179.194092 -179.279984 5.942316 0.528853 -7.355957 143.943527 123.993340 165.577682 179.999969 179.999985 165.804489 179.999985 179.999985 170.545792 180.000000 180.000000 -180.000000 165.000031 -179.999939 151.888092 0.000007 -0.000061 -23.000631 179.999985 -179.999969 163.899567 180.000000 180.000000 -180.000000 0.000062 -0.000089 -30.965307 0.000009 -0.000108 -30.965288 179.999969 -179.999939 159.377106 180.000000 180.000000 -180.000000 10.000090 -0.000131 -28.263216 0.000017 -0.000159 -28.263199 179.999969 -179.999893 161.176697 180.000000 180.000000 -180.000000 20.000071 -0.000104 -24.489561 0.000025 -0.000184 -36.734348 179.999954 -179.999893 155.534943
6.672567 97.221458 75.601234 1.125381 -0.625002 -0.130975 2.565030 3.663319 -0.319330 7.836269 0.171505 -0.821889 179.686172 -175.273193 179.517212 5.553888 1.836419 2.430603 3.760207 0.023924 -1.594350 176.630341 -177.003906 178.234619 0.763818 2.356432 0.446591 0.763754 2.307322 0.722706 3.515142 1.582177 1.074949 0.000006 -1.052594 -1.612063 0.000003 -1.228033 -1.669639 160.429489 -178.822037 179.378860 179.154358 177.738083 179.007950 10.874689 -6.316175 85.124573 178.002502 -177.393829 174.929459 176.619598 -174.711853 -177.785019 36.273056 47.902714 3.029484 0.000010 -0.000109 9.759102 0.000024 -0.000058 6.499554 0.000000 -0.000000 0.000000 14.999999 -0.000003 34.126278 0.000000 -0.000004 27.921499 0.000002 -0.000001 19.545046 0.000000 -0.000000 0.000000 0.000005 0.000013 38.473125 180.000000 179.999985 -141.526855 180.000000 179.999985 -154.376877 0.000000 -0.000000 0.000000 170.000000 -179.999985 -146.063583 0.000001 -0.000009 33.936413 0.000005 -0.000003 22.601654 0.000000 -0.000000 0.000000 160.000015 179.999985 -161.595337 180.000000 179.999985 -152.393021 180.000000 179.999985 -161.613754 174.349823 -178.257706 175.586029 169.121170 -176.431931 101.052872 175.939041 179.286957 -179.033600 6.061310 0.798699 -7.502274 143.937408 124.017082 165.472076 179.999985 179.999985 165.750854 180.000000 179.999985 170.510071 0.000000 -0.000000 0.000000 165.000031 -179.999954 151.929565 0.000007 -0.000049 -22.966721 179.999985 -179.999969 163.923294 0.000000 -0.000000 0.000000 0.000044 -0.000063 -30.904701 0.000006 -0.000074 -30.904680 179.999985 -179.999954 159.417465 0.000000 -0.000000 0.000000 10.000055 -0.000084 -28.171654 0.000011 -0.000101 -28.171656 179.999985 -179.999939 161.237671 0.000000 -0.000000 0.000000 20.000051 -0.000067 -24.418159 0.000014 -0.000123 -36.627228 179.999969 -179.999924 155.606277
6.748921 97.218880 75.618851 1.425166 -0.727805 -0.072860 2.259213 3.852625 -0.425332 7.913757 0.173863 -0.831139 179.605438 -175.175842 179.535263 5.895435 1.784591 2.447215 3.431472 0.205537 -1.717245 176.307022 -176.968338 178.275558 0.724355 2.363869 0.445168 0.724294 2.314808 0.721396 3.330840 1.592681 1.066867 0.000027 -1.101137 -1.593327 0.000028 -1.284671 -1.650234 160.339828 -178.785645 179.405365 179.153915 177.762299 179.063614 10.928145 -6.549245 84.822571 178.576813 -177.062637 175.311539 176.642334 -174.565170 -177.998520 36.504051 48.366879 3.673985 180.000000 -179.999908 -170.107819 0.000009 -0.000059 6.588195 0.000000 -0.000000 0.000000 15.000009 0.000019 34.132244 180.000000 179.999985 -152.073639 179.999985 179.999985 -160.451538 0.000000 -0.000000 0.000000 0.000006 0.000023 38.463997 179.999985 179.999985 -141.535995 179.999985 179.999985 -154.382980 0.000000 -0.000000 0.000000 170.000000 179.999985 -146.054108 179.999985 179.999985 -146.054092 179.999985 179.999985 -157.392029 0.000000 -0.000000 0.000000 160.000015 179.999954 -161.597656 180.000000 179.999924 -152.396500 179.999985 179.999969 -161.616074 174.338593 -178.265472 175.556107 168.587967 -176.378342 101.010086 176.744156 179.349304 -178.782059 6.188570 1.053969 -7.643380 143.956604 124.090614 165.420975 0.000010 0.000001 -14.294791 0.000004 -0.000003 -9.520332 0.000000 -0.000000 0.000000 165.000015 -179.999985 151.981567 0.000004 -0.000024 -22.924158 180.000000 -179.999985 163.953094 0.000000 -0.000000 0.000000 0.000019 -0.000026 -30.837450 0.000003 -0.000032 -30.837446 179.999985 -179.999985 159.462265 0.000000 -0.000000 0.000000 10.000023 -0.000034 -28.080948 0.000003 -0.000041 -28.080952 179.999985 -179.999985 161.298096 0.000000 -0.000000 0.000000 20.000023 -0.000028 -24.343523 0.000006 -0.000050 -36.515289 179.999985 -179.999985 155.680801
6.827361 97.215714 75.637932 1.723331 -0.835971 -0.007801 1.905734 4.019694 -0.533682 8.034693 0.239738 -0.853528 179.529465 -175.044861 179.557587 6.209146 1.752510 2.453053 3.206349 0.386754 -1.852589 175.907883 -176.927429 178.336975 0.685096 2.368409 0.443143 0.685040 2.319468 0.719112 3.147634 1.601212 1.057252 179.999985 -178.853622 178.426682 179.999985 -178.662552 178.370499 160.244339 -178.751846 179.431671 179.148239 177.765884 179.106766 11.018770 -6.784014 84.518471 178.995728 -176.762848 175.660309 177.148483 -174.285599 -178.139740 36.347023 48.829926 4.358691 0.000344 -0.000711 10.217578 0.000317 -0.000419 6.804911 0.000000 -0.000000 0.000000 14.999900 0.000536 34.177948 179.999695 179.999695 -152.036240 179.999710 179.999908 -160.425339 0.000000 -0.000000 0.000000 179.999847 179.999405 -141.552032 179.999512 179.999619 -141.552048 179.999588 -179.999985 -154.393692 0.000000 -0.000000 0.000000 169.999878 179.999557 -146.078720 179.999649 179.999710 -146.078751 179.999710 179.999969 -157.408432 0.000000 -0.000000 0.000000 159.999847 179.999466 -161.658752 179.999527 179.999329 -152.488159 179.999512 179.999756 -161.677094 174.322021 -178.298584 175.520767 167.978058 -176.279663 100.963799 177.733612 179.348526 -178.467560 6.349159 1.367955 -7.813651 143.632568 124.142334 165.149399 0.000278 -0.000320 -14.287304 0.000127 -0.000252 -9.515344 180.000000 -180.000000 180.000000 165.000534 -179.999237 152.029129 0.000093 -0.000756 -22.885279 179.999863 -179.999481 163.980347 180.000000 -180.000000 180.000000 0.000568 -0.000837 -30.779987 0.000061 -0.001008 -30.780001 179.999710 -179.999405 159.500534 180.000000 -180.000000 180.000000 10.000731 -0.001141 -28.014029 0.000114 -0.001348 -28.014017 179.999649 -179.999176 161.342621 180.000000 -180.000000 180.000000 20.000433 -0.000762 -24.278477 0.000138 -0.001310 -36.417732 179.999573 -179.999237 155.745789
6.916052 97.211906 75.678192 1.984749 -0.932189 0.048598 1.627262 4.246955 -0.669334 8.160221 0.086641 -0.802973 179.414047 -175.056076 179.537750 6.369221 1.790554 2.390812 3.073987 0.460948 -1.888388 175.614670 -176.907730 178.346191 0.650298 2.367388 0.439960 0.650246 2.318651 0.714792 2.985508 1.605381 1.045574 0.000050 -1.187776 -1.518543 0.000053 -1.385746 -1.572779 160.103424 -178.728409 179.478271 179.120895 177.712280 179.116013 11.152245 -7.052235 84.230888 179.772141 -176.480484 176.058929 176.792480 -174.569214 -178.277649 36.299683 49.062634 4.612411 0.000271 -0.000469 10.323256 0.000234 -0.000269 6.875291 0.000000 -0.000000 0.000000 14.999764 0.000566 34.141014 179.999588 179.999725 -152.066437 179.999649 179.999969 -160.446518 0.000000 -0.000000 0.000000 179.999710 179.999420 -141.600067 179.999420 179.999725 -141.600037 179.999588 -179.999893 -154.425644 0.000000 -0.000000 0.000000 169.999680 179.999405 -146.095047 179.999405 179.999695 -146.095032 179.999557 -179.999954 -157.419296 0.000000 -0.000000 0.000000 159.999741 179.999542 -161.705215 179.999405 179.999466 -152.557770 179.999481 179.999863 -161.723495 174.317078 -178.302856 175.498993 167.465042 -176.212936 100.906929 178.671967 179.318222 -178.152145 6.521381 1.706284 -7.943829 143.474380 124.366928 165.192001 0.000185 -0.000335 -14.225965 0.000070 -0.000246 -9.474491 0.000000 -0.000000 0.000000 165.000351 -179.999481 152.092728 0.000052 -0.000502 -22.833218 179.999908 -179.999664 164.016739 0.000000 -0.000000 0.000000 0.000283 -0.000441 -30.701864 0.000024 -0.000521 -30.701864 179.999847 -179.999695 159.552551 0.000000 -0.000000 0.000000 10.000368 -0.000610 -27.908205 0.000040 -0.000713 -27.908218 179.999802 -179.999573 161.413116 0.000000 -0.000000 0.000000 20.000263 -0.000524 -24.216431 0.000070 -0.000893 -36.324669 179.999680 -179.999496 155.807770
7.012395 97.207184 75.737450 2.225765 -1.017267 0.095000 1.407926 4.506298 -0.801094 8.450700 0.148512 -0.835717 179.083862 -174.811523 179.607010 6.500706 1.847323 2.299913 3.007806 0.488304 -1.884895 175.307053 -176.905472 178.367828 0.617975 2.361268 0.437244 0.617926 2.312820 0.711224 2.834975 1.605466 1.035028 179.999985 -178.799088 178.506592 179.999985 -178.598923 178.453262 160.020981 -178.721695 179.498199 179.136551 177.743835 179.153168 11.251614 -7.259319 83.900032 0.262708 -3.668302 -3.542766 176.566345 -174.856705 -178.334839 36.212418 49.208256 4.774741 0.000131 -0.000202 10.417012 0.000108 -0.000130 6.937737 180.000000 -180.000000 -179.999985 14.999691 0.000496 34.074501 179.999573 179.999802 -152.120895 179.999664 -179.999985 -160.484604 180.000000 -180.000000 -179.999985 179.999496 179.999329 -141.646057 179.999191 179.999786 -141.646057 179.999481 -179.999771 -154.456284 180.000000 -180.000000 -179.999985 169.999496 179.999359 -146.149078 179.999237 179.999756 -146.149109 179.999481 -179.999847 -157.455292 180.000000 -180.000000 -179.999985 159.999710 179.999634 -161.765060 179.999405 179.999619 -152.647614 179.999527 179.999954 -161.783264 174.291870 -178.348068 175.485092 167.046265 -176.111938 100.854584 179.557343 179.246368 -177.846466 6.705281 2.042768 -8.044940 143.287704 124.597649 165.227005 0.000017 -0.000344 -14.156100 179.999954 -179.999771 170.572037 180.000000 180.000000 -180.000000 165.000137 -179.999786 152.151398 0.000014 -0.000201 -22.785206 179.999969 -179.999863 164.050354 180.000000 180.000000 -180.000000 0.000128 -0.000224 -30.655146 180.000000 -179.999741 149.344879 179.999908 -179.999847 159.583664 180.000000 180.000000 -180.000000 10.000138 -0.000248 -27.838478 0.000000 -0.000278 -27.838505 179.999924 -179.999832 161.459564 180.000000 180.000000 -180.000000 20.000153 -0.000330 -24.165289 0.000012 -0.000548 -36.247940 179.999802 -179.999710 155.858856
7.104462 97.203133 75.793854 2.449970 -1.091476 0.133309 1.266577 4.633543 -0.856850 8.551649 0.337969 -0.895612 178.885056 -174.563660 179.666290 6.454124 1.931233 2.193331 3.166258 0.467474 -1.860111 174.972519 -176.919952 178.380585 0.589037 2.345659 0.433989 0.588989 2.297656 0.706741 2.700480 1.598397 1.023432 0.000004 -1.215820 -1.430035 0.000006 -1.418456 -1.481110 159.875244 -178.721481 179.542145 179.110672 177.680267 179.165161 11.393120 -7.446954 83.666351 0.559451 -3.695572 -3.257426 176.565521 -175.052261 -178.315765 36.104904 49.349831 4.872816 179.999969 179.999924 -169.511368 179.999954 179.999969 -173.014572 0.000000 0.000000 0.000000 14.999695 0.000294 33.978657 179.999664 179.999939 -152.199295 179.999771 -179.999924 -160.539505 0.000000 0.000000 0.000000 179.999649 179.999710 -141.793030 179.999542 179.999985 -141.793030 179.999756 -179.999817 -154.554169 0.000000 0.000000 0.000000 169.999786 179.999832 -146.307037 179.999725 179.999985 -146.307037 179.999847 -179.999908 -157.560486 0.000000 0.000000 0.000000 159.999741 179.999786 -161.835876 179.999512 179.999817 -152.753815 179.999664 -179.999969 -161.854019 174.268326 -178.375061 175.481491 166.696823 -176.028320 100.779625 0.487421 0.889999 2.489863 6.917146 2.407058 -8.132011 143.161407 125.113586 165.518661 179.999985 -179.999878 165.968155 179.999985 -179.999939 170.654800 0.000001 -0.000001 0.000003 165.000046 -179.999908 152.176392 180.000000 -179.999924 157.235229 179.999985 -179.999954 164.064667 0.000001 -0.000001 0.000003 0.000034 -0.000087 -30.627556 179.999985 -179.999908 149.372467 179.999969 -179.999954 159.602036 0.000001 -0.000001 0.000003 10.000035 -0.000125 -27.811050 179.999985 -179.999863 152.188934 179.999969 -179.999939 161.477844 0.000001 -0.000001 0.000003 20.000032 -0.000154 -24.127319 179.999985 -179.999771 143.809021 179.999893 -179.999878 155.896805
7.187387 97.199944 75.836945 2.660920 -1.149727 0.161089 1.289060 4.611427 -0.831806 8.465844 0.710657 -0.996687 178.720444 -174.270523 179.734665 6.346685 2.018891 2.075904 3.385096 0.405195 -1.813196 174.657089 -176.953064 178.377243 0.560951 2.334231 0.429461 0.560907 2.286614 0.700055 2.570051 1.594358 1.009394 0.000038 -1.232512 -1.354625 0.000040 -1.437924 -1.403005 159.726334 -178.722534 179.593582 179.129807 177.710037 179.194977 11.441576 -7.564119 83.478699 0.823581 -3.624340 -3.000276 176.396942 -175.302261 -178.322632 36.616890 49.658623 5.159558 179.999939 -179.999908 -169.651566 179.999985 -179.999939 -173.107941 0.000000 -0.000000 0.000000 14.999659 0.000319 33.910435 179.999619 179.999939 -152.255112 179.999741 -179.999908 -160.578568 0.000000 -0.000000 0.000000 179.999527 179.999603 -141.852386 179.999390 179.999985 -141.852386 179.999680 -179.999756 -154.593689 0.000000 -0.000000 0.000000 169.999557 179.999649 -146.320602 179.999451 179.999954 -146.320618 179.999680 -179.999832 -157.569534 0.000000 -0.000000 0.000000 159.999573 179.999664 -161.870636 179.999237 179.999725 -152.805923 179.999466 -179.999939 -161.888733 174.246994 -178.385941 175.489746 166.469025 -175.993271 100.724426 1.092056 0.880281 2.717664 7.081525 2.661579 -8.149875 143.135406 125.355019 165.615067 179.999939 -179.999863 165.990631 179.999939 -179.999924 170.669769 0.000000 -0.000000 0.000000 165.000015 -179.999939 152.190720 179.999985 -179.999954 157.246979 179.999985 -179.999985 164.072891 0.000000 -0.000000 0.000000 180.000000 -180.000000 149.393509 0.000002 -0.000000 -30.606497 0.000005 0.000002 -20.383907 0.000000 -0.000000 0.000000 10.000001 -0.000000 -27.781263 0.000000 -0.000002 -27.781227 180.000000 -179.999985 161.497696 0.000000 -0.000000 0.000000 20.000002 -0.000025 -24.093906 179.999985 -179.999969 143.859131 179.999985 -179.999985 155.930191
7.259874 97.197304 75.868073 2.857997 -1.191448 0.178912 1.157630 4.610604 -0.817067 8.500482 1.055410 -1.093787 178.599182 -173.959152 179.792648 6.196544 2.112668 1.954080 3.674834 0.306451 -1.749424 174.328903 -176.994232 178.350815 0.535912 2.317138 0.424882 0.535871 2.269987 0.693225 2.453955 1.585862 0.995490 0.000065 -1.242548 -1.272364 0.000070 -1.449640 -1.317807 159.564529 -178.730576 179.647202 179.134720 177.697815 179.216385 11.466009 -7.719504 83.333000 1.058116 -3.484098 -2.778379 176.439011 -175.707947 -178.273743 34.824509 48.791756 3.997966 179.998978 179.998840 -169.281403 179.999207 179.999374 -172.861404 180.000000 180.000000 -180.000000 14.999874 0.000118 33.814438 179.999847 179.999985 -152.333649 179.999908 -179.999969 -160.633545 180.000000 180.000000 -180.000000 179.999756 179.999817 -141.962936 179.999710 -179.999985 -141.962952 179.999847 -179.999863 -154.667328 180.000000 180.000000 -180.000000 169.999939 179.999969 -146.443817 179.999939 179.999985 -146.443817 179.999969 -179.999985 -157.651596 180.000000 180.000000 -180.000000 159.999771 179.999832 -161.964096 179.999603 179.999863 -152.946167 179.999725 -179.999954 -161.982147 174.227081 -178.390518 175.499298 166.313446 -175.973221 100.671402 1.627338 0.860149 2.920850 7.240580 2.842218 -8.135819 143.182159 125.684456 165.830322 179.999908 -179.999847 166.024200 179.999908 -179.999924 170.692108 0.000000 -0.000000 0.000000 165.000031 -179.999588 152.144150 179.999863 -179.999695 157.208862 179.999832 -179.999832 164.046204 0.000000 -0.000000 0.000000 180.000000 -179.999985 149.392227 180.000000 -179.999985 149.392227 179.999985 -179.999985 159.615219 0.000000 -0.000000 0.000000 9.999998 0.000001 -27.780783 180.000000 -179.999985 152.219238 180.000000 180.000000 161.498001 0.000000 -0.000000 0.000000 19.999989 -0.000018 -24.087742 179.999985 -179.999985 143.868362 179.999985 -179.999985 155.936340
7.323535 97.194168 75.888306 3.043620 -1.214867 0.192246 1.210177 4.355869 -0.671787 8.454528 1.808918 -1.306666 178.374710 -173.487274 179.881668 6.064004 2.211778 1.832882 3.836463 0.172702 -1.681353 174.125061 -177.040512 178.312836 0.513197 2.293846 0.419884 0.513158 2.247275 0.685660 2.348876 1.572675 0.980836 0.000102 -1.242592 -1.195110 0.000109 -1.449696 -1.237793 159.409103 -178.746017 179.694794 179.157379 177.718781 179.240280 11.478848 -7.842050 83.238045 1.254053 -3.320094 -2.607968 176.345016 -175.908707 -178.249710 35.878334 49.417599 4.640084 0.000042 -0.000033 10.460706 0.000021 -0.000027 6.966839 180.000000 -180.000000 179.999985 14.999837 0.000131 33.779335 179.999832 179.999985 -152.362396 179.999893 -179.999954 -160.653656 180.000000 -180.000000 179.999985 179.999771 179.999847 -142.027573 179.999725 -179.999985 -142.027588 179.999863 -179.999878 -154.710342 180.000000 -180.000000 179.999985 169.999786 179.999847 -146.435364 179.999725 179.999985 -146.435349 179.999847 -179.999893 -157.645950 180.000000 -180.000000 179.999985 159.999771 179.999847 -162.019211 179.999588 179.999863 -153.028824 179.999725 -179.999954 -162.037201 174.212769 -178.393005 175.512863 166.228882 -175.958206 100.619720 2.092252 0.830850 3.092480 7.388580 2.964236 -8.089597 143.172379 125.917229 165.995026 179.999847 -179.999847 166.073898 179.999878 -179.999924 170.725189 0.000001 -0.000000 0.000003 165.000000 -179.999908 152.284286 179.999954 -179.999939 157.323456 179.999954 -179.999985 164.126434 0.000001 -0.000000 0.000003 0.000002 0.000005 -30.602816 0.000005 0.000007 -30.602837 0.000005 0.000000 -20.381489 0.000001 -0.000000 0.000003 10.000010 0.000048 -27.770954 0.000037 0.000037 -27.771019 0.000032 0.000007 -18.495481 0.000001 -0.000000 0.000003 20.000004 0.000028 -24.076880 0.000034 0.000029 -36.115368 0.000032 0.000003 -24.052824
7.375727 97.190681 75.892197 3.213231 -1.224910 0.203393 1.267528 3.992294 -0.497412 8.360214 2.539271 -1.494275 178.211029 -173.128265 179.914230 6.032817 2.311424 1.725095 3.847307 0.025409 -1.620371 173.984512 -177.080658 178.269608 0.494148 2.266385 0.413755 0.494113 2.220465 0.676128 2.261119 1.556198 0.964153 0.000081 -1.257422 -1.079764 0.000086 -1.467002 -1.118329 159.183136 -178.757217 179.769943 179.168350 177.710846 179.258087 11.424448 -7.929039 83.191307 1.484006 -3.072992 -2.478337 176.365860 -176.223221 -178.201050 35.712646 49.402458 4.507023 0.000032 -0.000061 10.470584 0.000047 -0.000018 6.973409 180.000000 -180.000000 180.000000 14.999867 0.000098 33.730820 179.999863 179.999985 -152.402054 179.999924 -179.999969 -160.681442 180.000000 -180.000000 180.000000 179.999832 179.999878 -142.086365 179.999802 -179.999985 -142.086411 179.999893 -179.999908 -154.749527 180.000000 -180.000000 180.000000 169.999863 179.999893 -146.494324 179.999817 180.000000 -146.494263 179.999893 -179.999939 -157.685211 180.000000 -180.000000 180.000000 159.999832 179.999878 -162.081421 179.999710 179.999908 -153.122116 179.999802 -179.999969 -162.099335 174.198425 -178.396408 175.528366 166.210938 -175.943314 100.576340 2.490265 0.794983 3.230733 7.512572 3.002877 -8.021544 143.153748 126.145699 166.183624 179.999878 -179.999878 166.140015 179.999893 -179.999954 170.769241 0.000000 -0.000000 0.000000 164.999969 -179.999954 152.324646 179.999969 -179.999985 157.356537 179.999985 -179.999985 164.149582 0.000000 -0.000000 0.000000 0.000011 0.000018 -30.600889 0.000022 0.000010 -30.600866 0.000017 -0.000000 -20.380186 0.000000 -0.000000 0.000000 10.000038 0.000044 -27.783882 0.000056 0.000028 -27.783842 0.000035 -0.000001 -18.504066 0.000000 -0.000000 0.000000 20.000042 0.000038 -24.080584 0.000069 0.000041 -36.120884 0.000049 -0.000010 -24.056498
7.421150 97.185944 75.890900 3.363931 -1.222554 0.214075 1.303936 3.592045 -0.321064 8.305145 3.302697 -1.683664 178.042572 -172.763840 179.936325 5.873507 2.405802 1.631956 3.992883 -0.118875 -1.586017 173.856537 -177.117767 178.231644 0.478641 2.234776 0.407236 0.478606 2.189566 0.665865 2.190018 1.536358 0.947033 0.000026 -1.247740 -1.016279 0.000025 -1.455704 -1.052578 159.043198 -178.777618 179.806168 179.173676 177.705933 179.278839 11.431954 -8.023304 83.185982 1.669932 -2.856690 -2.406013 176.419174 -176.537170 -178.149231 35.432602 49.311230 4.277552 0.000008 -0.000023 10.496397 0.000008 -0.000012 6.990600 180.000000 -180.000000 180.000000 14.999934 0.000050 33.682396 179.999939 179.999985 -152.441635 179.999969 -179.999985 -160.709167 180.000000 -180.000000 180.000000 179.999939 179.999954 -142.148422 179.999924 -179.999985 -142.148422 179.999969 -179.999969 -154.790833 180.000000 -180.000000 180.000000 169.999893 179.999939 -146.541443 179.999878 179.999985 -146.541443 179.999939 -179.999954 -157.716614 180.000000 -180.000000 180.000000 159.999954 179.999969 -162.145981 179.999924 179.999985 -153.218964 179.999954 -179.999985 -162.163834 174.191849 -178.399689 175.539871 166.252670 -175.930954 100.545372 2.820467 0.764059 3.333022 7.605036 2.993850 -7.931561 143.055649 126.302452 166.297775 179.999893 -179.999954 166.217041 179.999924 -179.999985 170.820557 0.000000 -0.000000 0.000000 165.000000 -179.999985 152.357437 180.000000 -179.999985 157.383362 0.000001 0.000002 -15.831627 0.000000 -0.000000 0.000000 0.000030 0.000021 -30.607342 0.000037 0.000001 -30.607334 0.000024 -0.000010 -20.384470 0.000000 -0.000000 0.000000 10.000056 0.000035 -27.804667 0.000065 0.000006 -27.804647 0.000041 -0.000018 -18.517904 0.000000 -0.000000 0.000000 20.000042 0.000028 -24.099844 0.000075 0.000014 -36.149769 0.000045 -0.000024 -24.075750
7.463120 97.179939 75.890320 3.489937 -1.213283 0.228201 1.261645 3.245105 -0.190092 8.351730 3.995440 -1.845976 177.871994 -172.413376 179.953293 5.628864 2.492551 1.551490 4.085914 -0.260423 -1.576108 173.887848 -177.155380 178.203491 0.467814 2.201360 0.399566 0.467781 2.156886 0.653565 2.140924 1.514814 0.928037 0.000058 -1.249147 -0.929224 0.000061 -1.457350 -0.962413 158.850266 -178.794891 179.860260 179.176086 177.695465 179.293579 11.488936 -8.093065 83.209442 1.767461 -2.771624 -2.387610 176.461136 -176.749741 -178.115112 35.267590 49.228710 4.122327 0.000035 -0.000015 10.506527 0.000009 -0.000013 6.997341 0.000000 -0.000000 0.000000 14.999965 0.000027 33.647232 179.999969 180.000000 -152.470428 179.999985 -179.999985 -160.729324 0.000000 -0.000000 0.000000 179.999969 179.999985 -142.183456 179.999969 -179.999985 -142.183441 179.999985 -179.999985 -154.814194 0.000000 -0.000000 0.000000 169.999969 179.999985 -146.598038 179.999954 180.000000 -146.598038 179.999985 -179.999985 -157.754303 0.000000 -0.000000 0.000000 159.999985 179.999985 -162.169952 179.999954 179.999985 -153.254913 179.999969 -179.999985 -162.187790 174.183182 -178.408371 175.552399 166.353180 -175.912399 100.523262 3.087443 0.737235 3.404497 7.659647 2.937508 -7.831926 142.947586 126.400192 166.369415 179.999939 -179.999954 166.286957 179.999954 -179.999985 170.867096 0.000001 -0.000000 0.000000 165.000031 179.999985 152.368118 0.000026 -0.000001 -22.607916 0.000017 -0.000010 -15.825531 0.000001 -0.000000 0.000000 0.000030 0.000012 -30.627003 0.000029 -0.000009 -30.626982 0.000016 -0.000014 -20.397575 0.000001 -0.000000 0.000000 10.000061 0.000023 -27.835846 0.000062 -0.000009 -27.835878 0.000035 -0.000024 -18.538675 0.000001 -0.000000 0.000000 20.000038 0.000017 -24.124994 0.000078 -0.000007 -36.187469 0.000039 -0.000035 -24.100866
7.499907 97.172920 75.887558 3.591778 -1.203452 0.247322 1.213487 2.788003 -0.018283 8.340047 4.800269 -2.033794 177.785568 -172.070862 179.959808 5.224436 2.575125 1.473757 4.301103 -0.388398 -1.584885 173.979904 -177.189072 178.185791 0.460899 2.169246 0.390210 0.460865 2.125468 0.638339 2.110241 1.493936 0.905980 0.000077 -1.251202 -0.849455 0.000082 -1.459749 -0.879794 158.666336 -178.810303 179.910110 179.174942 177.685425 179.308975 11.602297 -8.134832 83.255981 1.899851 -2.694973 -2.392483 176.433105 -176.833847 -178.106369 35.140732 49.186058 4.021652 0.000034 -0.000025 10.519868 0.000012 -0.000020 7.006228 180.000000 -180.000000 180.000000 14.999952 0.000032 33.619617 179.999969 179.999985 -152.493042 179.999985 -179.999985 -160.745117 180.000000 -180.000000 180.000000 179.999969 179.999985 -142.209396 179.999954 -179.999985 -142.209381 179.999985 -179.999985 -154.831467 180.000000 -180.000000 180.000000 169.999954 179.999969 -146.623474 179.999939 -180.000000 -146.623535 179.999969 -179.999985 -157.771255 180.000000 -180.000000 180.000000 159.999969 179.999985 -162.188339 179.999939 179.999985 -153.282486 179.999954 -179.999985 -162.206146 174.209213 -178.394012 175.551392 166.471802 -175.922867 100.517990 3.286160 0.728934 3.450772 7.680387 2.859696 -7.729937 142.830521 126.458344 166.406281 179.999939 -179.999985 166.350021 179.999969 -179.999985 170.909103 0.000000 -0.000000 0.000000 165.000046 179.999985 152.347458 0.000034 -0.000014 -22.624796 0.000017 -0.000020 -15.837368 0.000000 -0.000000 0.000000 0.000041 0.000004 -30.645201 0.000037 -0.000017 -30.645195 0.000019 -0.000020 -20.409700 0.000000 -0.000000 0.000000 10.000055 0.000007 -27.877163 0.000055 -0.000025 -27.877151 0.000029 -0.000032 -18.566175 0.000000 -0.000000 0.000000 20.000051 0.000003 -24.154959 0.000058 -0.000022 -36.232494 0.000024 -0.000039 -24.130825
7.532558 97.165306 75.883209 3.668110 -1.196704 0.269101 1.083060 2.460347 0.079207 8.390748 5.376164 -2.154235 177.753738 -171.830185 179.944199 4.874062 2.649234 1.401091 4.524275 -0.493465 -1.603412 174.033691 -177.211441 178.178604 0.458266 2.139689 0.379880 0.458234 2.096547 0.621363 2.099594 1.474513 0.882460 0.000084 -1.254944 -0.779123 0.000089 -1.464115 -0.806951 158.494461 -178.822525 179.954773 179.169907 177.673431 179.327713 11.746485 -8.148107 83.311775 2.021886 -2.667020 -2.414175 176.502213 -177.020142 -178.088547 34.800800 49.025970 3.788265 0.000010 -0.000004 10.581491 0.000007 -0.000002 7.047271 0.000000 -0.000000 0.000000 14.999990 0.000006 33.577557 179.999985 -180.000000 -152.527435 180.000000 180.000000 -160.769226 0.000000 -0.000000 0.000000 179.999985 179.999985 -142.246155 179.999985 180.000000 -142.246170 180.000000 -179.999985 -154.855942 0.000000 -0.000000 0.000000 170.000000 179.999985 -146.670746 179.999985 -180.000000 -146.670746 179.999985 -179.999985 -157.802704 0.000000 -0.000000 0.000000 160.000000 179.999985 -162.224197 179.999985 179.999985 -153.336273 179.999985 -179.999985 -162.241959 174.242844 -178.380417 175.546509 166.642990 -175.940048 100.526695 3.412547 0.757367 3.474669 7.671158 2.755205 -7.634352 142.703110 126.499313 166.432007 179.999969 -179.999985 166.415161 179.999985 179.999985 170.952515 0.000000 0.000001 0.000000 165.000046 -179.999985 152.307800 0.000030 -0.000020 -22.657263 0.000013 -0.000020 -15.860073 0.000000 0.000001 0.000000 0.000044 -0.000004 -30.673969 0.000037 -0.000027 -30.673939 0.000012 -0.000027 -20.428858 0.000000 0.000001 0.000000 10.000083 -0.000009 -27.913336 0.000071 -0.000046 -27.913357 0.000027 -0.000049 -18.590284 0.000000 0.000001 0.000000 20.000034 -0.000005 -24.190821 0.000058 -0.000024 -36.286232 0.000015 -0.000039 -24.166620
7.563258 97.157028 75.878929 3.722882 -1.194974 0.293522 0.992654 2.176069 0.160153 8.377290 5.928209 -2.270386 177.763779 -171.573334 179.929230 4.443679 2.714022 1.325139 4.826879 -0.573002 -1.625818 174.108612 -177.226639 178.179535 0.459260 2.114020 0.368803 0.459227 2.071425 0.603025 2.105868 1.457562 0.857901 0.000083 -1.260526 -0.721222 0.000089 -1.470624 -0.746980 158.338226 -178.830765 179.992599 179.161591 177.656204 179.346909 11.956530 -8.183459 83.371681 2.087775 -2.714421 -2.452517 176.463226 -177.011749 -178.103058 34.671478 48.970436 3.706690 0.000010 -0.000008 10.607428 0.000005 -0.000000 7.064542 0.000000 -0.000000 0.000003 15.000004 -0.000001 33.558113 180.000000 180.000000 -152.543381 180.000000 -179.999985 -160.780365 0.000000 -0.000000 0.000003 180.000000 180.000000 -142.263168 180.000000 180.000000 -142.263214 180.000000 -179.999985 -154.867279 0.000000 -0.000000 0.000003 170.000000 179.999985 -146.691208 180.000000 -180.000000 -146.691223 180.000000 -180.000000 -157.816360 0.000000 -0.000000 0.000003 160.000000 179.999985 -162.239731 179.999985 -180.000000 -153.359604 180.000000 179.999985 -162.257477 174.283920 -178.366409 175.540192 166.838882 -175.966721 100.547119 3.468931 0.799920 3.475874 7.641733 2.640097 -7.543537 142.577347 126.533875 166.430267 179.999985 179.999985 166.466843 179.999985 179.999985 170.986923 0.000001 0.000001 0.000000 165.000031 -179.999985 152.261536 0.000019 -0.000018 -22.695114 0.000010 -0.000016 -15.886560 0.000001 0.000001 0.000000 0.000035 -0.000006 -30.719124 0.000030 -0.000024 -30.719101 0.000004 -0.000023 -20.458929 0.000001 0.000001 0.000000 10.000051 -0.000011 -28.003712 0.000036 -0.000030 -28.003695 0.000009 -0.000031 -18.650475 0.000001 0.000001 0.000000 20.000051 -0.000008 -24.230543 0.000051 -0.000034 -36.345772 0.000011 -0.000041 -24.206278
7.594807 97.148148 75.876442 3.762669 -1.199306 0.319048 0.920954 1.953265 0.213479 8.360592 6.378545 -2.363271 177.778061 -171.355560 179.922012 4.127871 2.770217 1.248657 5.007350 -0.632944 -1.640576 174.204117 -177.232285 178.184937 0.463183 2.093155 0.357384 0.463152 2.051009 0.584015 2.125758 1.443776 0.833101 0.000035 -1.276228 -0.657420 0.000039 -1.488939 -0.680900 158.161240 -178.832123 -179.962692 179.147598 177.647583 179.365845 12.146993 -8.169485 83.424164 2.163971 -2.770385 -2.477101 176.432297 -177.022110 -178.128403 34.590088 48.965000 3.692856 0.000014 0.000006 10.637232 0.000001 -0.000004 7.084396 0.000000 -0.000000 0.000000 15.000008 -0.000001 33.542553 180.000000 -179.999985 -152.556122 180.000000 -179.999985 -160.789261 0.000000 -0.000000 0.000000 180.000000 180.000000 -142.275742 180.000000 -180.000000 -142.275742 180.000000 -180.000000 -154.875626 0.000000 -0.000000 0.000000 170.000000 180.000000 -146.703857 180.000000 180.000000 -146.703842 0.000001 -0.000001 22.175257 0.000000 -0.000000 0.000000 160.000015 -180.000000 -162.251190 0.000000 -0.000000 26.623219 180.000000 -180.000000 -162.268936 174.325699 -178.354004 175.532562 167.051682 -176.001984 100.579552 3.459525 0.850011 3.455251 7.596384 2.513530 -7.460910 142.493866 126.562080 166.449722 179.999985 -179.999985 166.510620 179.999985 179.999985 171.016068 0.000000 -0.000002 0.000000 165.000015 -179.999985 152.218292 0.000009 -0.000010 -22.730516 0.000003 -0.000010 -15.911345 0.000000 -0.000002 0.000000 0.000019 -0.000005 -30.768070 0.000011 -0.000015 -30.768070 0.000003 -0.000014 -20.491528 0.000000 -0.000002 0.000000 10.000027 -0.000007 -28.067219 0.000018 -0.000024 -28.067207 0.000003 -0.000020 -18.692770 0.000000 -0.000002 0.000000 20.000034 -0.000014 -24.279913 0.000039 -0.000041 -36.419899 0.000012 -0.000039 -24.255634
7.630471 97.138817 75.876915 3.794065 -1.209567 0.344387 0.875046 1.802907 0.230995 8.369164 6.714815 -2.425263 177.755585 -171.175110 179.929703 3.875706 2.820505 1.173378 5.210171 -0.673483 -1.651665 174.221191 -177.231430 178.196030 0.469136 2.078032 0.346291 0.469106 2.036213 0.565465 2.154978 1.433859 0.809415 0.000027 -1.287131 -0.627321 0.000031 -1.501653 -0.649724 158.031693 -178.830246 -179.939514 179.139084 177.628967 179.383453 12.310006 -8.164062 83.470436 2.267891 -2.772073 -2.482778 176.342911 -176.977264 -178.173874 34.505920 48.932453 3.678028 180.000000 -179.999985 -169.327438 0.000007 0.000005 7.107927 0.000000 -0.000000 -0.000000 14.999999 -0.000000 33.534782 0.000000 -0.000000 27.437551 180.000000 180.000000 -160.793716 0.000000 -0.000000 -0.000000 180.000000 -180.000000 -142.283020 0.000000 -0.000000 37.716995 0.000001 -0.000000 25.119513 0.000000 -0.000000 -0.000000 170.000000 180.000000 -146.714752 0.000000 -0.000000 33.285236 180.000000 180.000000 -157.832031 0.000000 -0.000000 -0.000000 160.000000 -180.000000 -162.261261 180.000000 -180.000000 -153.391891 0.000000 -0.000000 17.720995 174.367661 -178.338913 175.522842 167.269150 -176.048187 100.623505 3.391322 0.905126 3.411482 7.541940 2.373204 -7.386231 142.431030 126.572418 166.476044 180.000000 179.999985 166.551254 180.000000 -179.999985 171.043137 180.000000 -180.000000 179.999985 165.000015 -179.999985 152.180939 0.000002 -0.000005 -22.761051 0.000001 -0.000004 -15.932734 180.000000 -180.000000 179.999985 0.000007 -0.000003 -30.808968 0.000004 -0.000009 -30.808975 180.000000 -179.999985 159.481232 180.000000 -180.000000 179.999985 10.000010 -0.000004 -28.126226 0.000006 -0.000011 -28.126226 180.000000 -179.999985 161.267944 180.000000 -180.000000 179.999985 20.000011 -0.000005 -24.365236 0.000011 -0.000012 -36.547848 0.000000 -0.000009 -24.340883
7.668867 97.128609 75.877701 3.818238 -1.224728 0.374168 0.891677 1.688347 0.213355 8.361880 7.043792 -2.465593 177.692581 -170.964218 179.949738 3.723897 2.871753 1.085171 5.328448 -0.709802 -1.650663 174.228302 -177.230164 178.214676 0.476447 2.065520 0.334353 0.476422 2.023979 0.545459 2.190567 1.425793 0.784154 0.000010 -1.305507 -0.602067 0.000010 -1.523086 -0.623568 157.893570 -178.821381 -179.916550 179.146973 177.605240 179.394394 12.458296 -8.166028 83.521706 2.324288 -2.829783 -2.497132 176.282333 -176.936508 -178.218491 34.454002 48.929401 3.711248 0.000085 -0.000011 10.712543 0.000039 0.000001 7.134537 180.000000 -180.000000 179.999985 15.000016 0.000004 33.522587 0.000006 0.000007 27.427547 0.000001 0.000003 19.199284 180.000000 -180.000000 179.999985 0.000029 0.000006 37.704441 0.000022 0.000022 37.704449 0.000003 0.000019 25.111168 180.000000 -180.000000 179.999985 170.000015 -180.000000 -146.722580 0.000011 0.000006 33.277397 180.000000 179.999985 -157.837250 180.000000 -180.000000 179.999985 159.999969 -179.999985 -162.285736 179.999954 -179.999985 -153.428558 179.999985 -179.999969 -162.303452 174.387650 -178.339539 175.519730 167.516052 -176.080948 100.673599 3.297278 0.962473 3.354542 7.487009 2.221634 -7.311207 142.361816 126.584877 166.505661 179.999893 179.999985 166.596191 179.999954 179.999969 171.073090 0.000000 -0.000000 0.000000 165.000015 -179.999985 152.149597 0.000015 -0.000027 -22.786678 0.000003 -0.000018 -15.950664 0.000000 -0.000000 0.000000 0.000337 -0.000198 -30.826088 0.000188 -0.000342 -30.826099 179.999985 -179.999741 159.469818 0.000000 -0.000000 0.000000 10.000276 -0.000163 -28.180372 0.000167 -0.000272 -28.180365 0.000013 -0.000213 -18.768122 0.000000 -0.000000 0.000000 20.000231 -0.000158 -24.419256 0.000237 -0.000351 -36.628883 179.999985 -179.999725 155.605148
7.717478 97.119469 75.885612 3.850062 -1.245370 0.390920 0.856946 1.665385 0.184629 8.439816 7.153746 -2.483426 177.606552 -170.883163 -179.997162 3.485948 2.909588 1.041360 5.533734 -0.725384 -1.674989 174.227417 -177.228485 178.227570 0.484893 2.061942 0.326580 0.484869 2.020487 0.532317 2.230883 1.423488 0.768283 0.000006 -1.316415 -0.588496 0.000004 -1.535816 -0.609515 157.776031 -178.815903 -179.903091 179.078094 177.591797 179.410934 12.593654 -8.157860 83.550858 2.350926 -2.858874 -2.479976 176.237045 -177.032532 -178.273788 34.367809 48.868290 3.685776 0.000050 -0.000018 10.748466 0.000049 -0.000005 7.158502 0.000000 -0.000000 0.000000 15.000043 0.000015 33.518158 0.000014 0.000030 27.423927 0.000002 0.000022 19.196772 0.000000 -0.000000 0.000000 0.000019 0.000009 37.715317 0.000011 0.000019 37.715336 180.000000 179.999985 -154.881622 0.000000 -0.000000 0.000000 170.000031 179.999985 -146.725464 0.000019 0.000029 33.274532 180.000000 179.999985 -157.839172 0.000000 -0.000000 0.000000 159.999969 -179.999985 -162.304596 179.999985 -179.999985 -153.456879 180.000000 -179.999985 -162.322281 174.393600 -178.334488 175.513321 167.737198 -176.121994 100.729591 3.140796 0.988418 3.267099 7.413864 2.062582 -7.250512 142.334488 126.568306 166.533676 179.999924 179.999985 166.625717 179.999954 179.999969 171.092712 0.000000 -0.000000 0.000000 165.000015 -179.999985 152.142181 0.000005 -0.000009 -22.792755 0.000002 -0.000007 -15.954927 0.000000 -0.000000 0.000000 0.000164 -0.000108 -30.901804 0.000085 -0.000174 -30.901812 179.999985 -179.999863 159.419403 0.000000 -0.000000 0.000000 10.000192 -0.000123 -28.233240 0.000102 -0.000209 -28.233223 179.999985 -179.999847 161.196686 0.000000 -0.000000 0.000000 20.000156 -0.000113 -24.467941 0.000152 -0.000273 -36.701923 179.999985 -179.999802 155.556534
7.771293 97.111359 75.898705 3.881909 -1.264647 0.399961 0.837702 1.728175 0.059126 8.510803 7.145551 -2.402610 177.525620 -170.820297 -179.947708 3.227806 2.938838 1.021587 5.739139 -0.731212 -1.705397 174.248703 -177.225845 178.235672 0.494410 2.061145 0.321169 0.494385 2.019711 0.523071 2.275904 1.422785 0.757732 0.000004 -1.339567 -0.583942 0.000005 -1.562819 -0.604796 157.619003 -178.798813 -179.889633 179.128815 177.568054 179.407166 12.559565 -8.160427 83.595345 2.369141 -2.856850 -2.447296 176.160782 -177.085083 -178.329910 34.364094 48.849689 3.755935 0.000056 -0.000007 10.788603 0.000037 0.000010 7.185203 0.000000 -0.000000 0.000000 15.000041 0.000019 33.532852 0.000012 0.000024 27.435959 180.000000 179.999985 -160.794846 0.000000 -0.000000 0.000000 0.000019 0.000012 37.723412 0.000010 0.000020 37.723400 180.000000 179.999985 -154.876221 0.000000 -0.000000 0.000000 170.000031 179.999985 -146.713333 0.000016 0.000031 33.286625 180.000000 179.999985 -157.831116 0.000000 -0.000000 0.000000 159.999985 -179.999985 -162.313263 179.999985 -179.999985 -153.469864 180.000000 -179.999985 -162.330948 174.392715 -178.324326 175.506088 167.946045 -176.166229 100.783012 2.961572 1.005688 3.169644 7.331800 1.920132 -7.193122 142.254364 126.484520 166.490738 179.999954 179.999985 166.655365 179.999985 179.999985 171.112473 0.000001 -0.000000 0.000000 165.000015 -179.999985 152.142670 0.000013 -0.000024 -22.792358 0.000002 -0.000015 -15.954640 0.000001 -0.000000 0.000000 0.000120 -0.000091 -30.936028 0.000058 -0.000139 -30.936024 179.999985 -179.999893 159.396606 0.000001 -0.000000 0.000000 10.000143 -0.000113 -28.273880 0.000067 -0.000161 -28.273903 180.000000 -179.999878 161.169586 0.000001 -0.000000 0.000000 20.000124 -0.000110 -24.505951 0.000108 -0.000212 -36.758904 179.999985 -179.999847 155.518555
7.824448 97.104836 75.912216 3.916755 -1.279417 0.398950 0.833928 1.764061 -0.028703 8.578717 7.114318 -2.332092 177.433075 -170.816177 -179.912277 3.079402 2.967572 1.021422 5.849466 -0.742114 -1.730557 174.252609 -177.219818 178.233765 0.503797 2.060698 0.318473 0.503772 2.019254 0.518346 2.320037 1.421993 0.753038 0.000000 -1.362426 -0.584272 0.000004 -1.589498 -0.605137 157.454559 -178.780869 -179.878799 179.112320 177.540863 179.411896 12.549956 -8.174885 83.622643 2.360021 -2.827229 -2.405174 176.079956 -177.167465 -178.377548 34.382107 48.851124 3.828535 0.000037 -0.000007 10.816870 0.000030 0.000008 7.204032 180.000000 -180.000000 -179.999985 15.000032 0.000015 33.547390 0.000008 0.000026 27.447830 180.000000 179.999985 -160.786499 180.000000 -180.000000 -179.999985 0.000010 0.000007 37.734154 0.000005 0.000014 37.734158 0.000001 0.000008 25.130934 180.000000 -180.000000 -179.999985 170.000015 179.999985 -146.694870 0.000007 0.000010 33.305145 0.000000 0.000010 22.181234 180.000000 -180.000000 -179.999985 160.000000 -179.999985 -162.321823 179.999985 -179.999985 -153.482742 180.000000 -179.999985 -162.339508 174.388809 -178.310547 175.501083 168.141464 -176.211731 100.825714 2.768384 1.020602 3.070713 7.242733 1.784094 -7.145247 142.328629 126.270020 166.387497 179.999588 179.999710 166.604736 179.999786 179.999725 171.078751 0.000000 -0.000000 0.000003 165.000015 -179.999985 152.133118 0.000003 -0.000002 -22.800192 180.000000 -180.000000 164.039871 0.000000 -0.000000 0.000003 0.000073 -0.000057 -30.969301 0.000032 -0.000090 -30.969294 179.999985 -179.999939 159.374451 0.000000 -0.000000 0.000003 10.000088 -0.000071 -28.313183 0.000044 -0.000103 -28.313194 179.999985 -179.999924 161.143417 0.000000 -0.000000 0.000003 20.000065 -0.000068 -24.542387 0.000058 -0.000141 -36.813625 179.999985 -179.999893 155.482117
7.875673 97.099953 75.929253 3.959475 -1.291514 0.385207 0.805787 1.850402 -0.134160 8.565378 6.997269 -2.230036 177.445114 -170.839355 -179.904984 2.975463 2.998765 1.039374 5.907174 -0.758330 -1.784121 174.256561 -177.214172 178.254425 0.512016 2.060513 0.318820 0.511989 2.019052 0.518721 2.358381 1.421082 0.754785 0.000003 -1.383373 -0.587639 0.000001 -1.613942 -0.608625 157.288162 -178.763794 -179.870178 179.131226 177.510437 179.413712 12.489234 -8.177437 83.642418 2.347216 -2.781377 -2.353696 175.997330 -177.257034 -178.408554 34.365204 48.745152 3.662624 0.000401 -0.000043 10.760027 0.000261 0.000018 7.166172 0.000000 -0.000000 -0.000000 15.000016 0.000014 33.561882 0.000009 0.000021 27.459724 0.000000 0.000010 19.221798 0.000000 -0.000000 -0.000000 0.000000 -0.000001 37.743309 180.000000 -180.000000 -142.256714 0.000001 -0.000001 25.137039 0.000000 -0.000000 -0.000000 169.999985 -179.999985 -146.681046 179.999985 -179.999985 -146.681061 0.000002 -0.000015 22.190399 0.000000 -0.000000 -0.000000 159.999985 -179.999985 -162.323563 179.999985 -179.999985 -153.485367 180.000000 -179.999985 -162.341248 174.386047 -178.296295 175.499268 168.302216 -176.258728 100.856903 2.570299 1.006127 2.974659 7.151525 1.670924 -7.106181 141.983124 126.565140 166.527832 0.000019 -0.000015 -13.213334 0.000015 -0.000014 -8.800075 0.000000 -0.000000 0.000000 165.000000 179.999985 152.130356 180.000000 179.999985 157.197556 180.000000 179.999985 164.038284 0.000000 -0.000000 0.000000 0.000035 -0.000032 -30.995594 0.000013 -0.000044 -30.995586 179.999985 -179.999985 159.356949 0.000000 -0.000000 0.000000 10.000045 -0.000038 -28.346399 0.000015 -0.000054 -28.346394 180.000000 -179.999969 161.121307 0.000000 -0.000000 0.000000 20.000038 -0.000048 -24.570807 0.000036 -0.000098 -36.856216 179.999985 -179.999939 155.453751
7.921274 97.096924 75.946281 3.998222 -1.290120 0.369762 0.768180 1.902578 -0.197782 8.551826 6.886936 -2.169729 177.471466 -170.889359 -179.896286 2.956997 3.018349 1.066188 5.868738 -0.780706 -1.855169 174.274246 -177.214188 178.292862 0.520171 2.056153 0.320314 0.520145 2.014745 0.521037 2.396372 1.417043 0.758872 180.000000 -178.603149 179.406128 0.000000 -1.629663 -0.615077 157.136551 -178.751999 -179.865875 179.123001 177.485092 179.416153 12.441639 -8.174998 83.648537 2.326365 -2.750757 -2.302339 175.903702 -177.394165 -178.418808 34.459297 48.936111 4.260911 0.000018 0.000010 10.984659 0.000031 0.000010 7.315784 0.000000 -0.000000 0.000000 15.000004 0.000007 33.574818 0.000002 0.000008 27.470316 180.000000 179.999985 -160.770767 0.000000 -0.000000 0.000000 179.999939 -179.999954 -142.235886 179.999985 -179.999924 -142.235855 0.000021 -0.000051 25.150917 0.000000 -0.000000 0.000000 169.999985 -179.999985 -146.686249 179.999985 -179.999969 -146.686234 0.000007 -0.000027 22.186972 0.000000 -0.000000 0.000000 159.999969 -179.999985 -162.325699 179.999985 -179.999954 -153.488571 179.999985 -179.999969 -162.343384 174.386307 -178.282501 175.494965 168.440735 -176.309021 100.876923 2.365542 0.993532 2.885567 7.084473 1.589739 -7.064265 141.907043 126.501480 166.421951 0.000015 -0.000024 -13.220329 0.000011 -0.000013 -8.804737 0.000000 0.000000 -0.000003 164.999954 179.999954 152.120544 179.999985 179.999939 157.189529 0.000006 0.000046 -15.967328 0.000000 0.000000 -0.000003 179.999985 179.999985 148.980927 180.000000 179.999985 148.980927 0.000003 0.000008 -20.658695 0.000000 0.000000 -0.000003 9.999994 0.000004 -28.373693 180.000000 179.999985 151.626312 0.000001 0.000005 -18.896879 0.000000 0.000000 -0.000003 19.999981 0.000017 -24.608515 179.999985 179.999969 143.087234 0.000006 0.000019 -24.583908
7.966165 97.095184 75.969696 4.041695 -1.286606 0.349673 0.717893 2.052745 -0.304980 8.489594 6.646287 -2.068716 177.561401 -170.968796 -179.909241 3.105574 3.044994 1.082941 5.657170 -0.816080 -1.912066 174.292511 -177.214935 178.349380 0.525694 2.051464 0.323269 0.525667 2.010100 0.525854 2.421923 1.412789 0.765787 180.000000 -178.581711 179.394135 0.000001 -1.654665 -0.627504 156.973022 -178.732559 -179.861954 179.158096 177.453751 179.412720 12.358156 -8.168086 83.651779 2.249629 -2.587267 -2.245534 175.853073 -177.410721 -178.403824 34.448013 48.908760 4.311572 0.000033 0.000009 11.019909 0.000020 0.000019 7.339249 0.000000 -0.000000 0.000003 15.000043 0.000043 33.566761 0.000013 0.000053 27.463709 179.999985 179.999969 -160.775406 0.000000 -0.000000 0.000003 0.000012 0.000014 37.704391 0.000006 0.000016 37.704418 180.000000 179.999985 -154.888870 0.000000 -0.000000 0.000003 169.999985 -179.999985 -146.702316 180.000000 -179.999969 -146.702286 0.000004 -0.000023 22.176260 0.000000 -0.000000 0.000003 159.999969 -179.999969 -162.340012 179.999969 -179.999939 -153.510040 0.000000 -0.000043 17.642326 174.393341 -178.267395 175.491562 168.580658 -176.358353 100.887459 2.176024 0.993326 2.807434 6.954285 1.482793 -7.066741 141.918716 126.367737 166.350098 0.000020 -0.000023 -13.239453 180.000000 -179.999985 171.182510 0.000000 -0.000000 0.000000 164.999985 179.999985 152.148071 179.999985 179.999969 157.212067 0.000002 0.000019 -15.951550 0.000000 -0.000000 0.000000 180.000000 179.999985 148.985535 180.000000 179.999985 148.985519 0.000002 0.000005 -20.655636 0.000000 -0.000000 0.000000 10.000000 0.000001 -28.371355 180.000000 179.999985 151.628662 180.000000 180.000000 161.104691 0.000000 -0.000000 0.000000 20.000002 0.000010 -24.599695 180.000000 179.999985 143.100464 0.000007 0.000008 -24.575092
8.008523 97.094414 75.996819 4.086933 -1.281139 0.327136 0.643261 2.186210 -0.340700 8.458025 6.437672 -2.032178 177.637024 -171.045013 -179.923370 3.324616 3.067623 1.094615 5.377982 -0.844435 -1.960710 174.304276 -177.211929 178.416489 0.532687 2.043954 0.327387 0.532659 2.002680 0.532592 2.454254 1.406222 0.775284 0.000000 -1.425483 -0.619375 180.000000 -178.336929 179.358505 156.827271 -178.723984 -179.863876 179.075150 177.441650 179.421173 12.398069 -8.132451 83.639160 2.144751 -2.431602 -2.202032 175.806030 -177.423462 -178.368118 34.404762 48.869503 4.330360 0.000016 0.000005 11.055293 0.000020 0.000012 7.362827 0.000000 -0.000000 0.000000 14.999985 -0.000018 33.620655 180.000000 -179.999985 -152.492203 0.000005 -0.000016 19.255461 0.000000 -0.000000 0.000000 179.999985 -179.999985 -142.275391 180.000000 -179.999985 -142.275360 0.000008 -0.000016 25.124596 0.000000 -0.000000 0.000000 169.999985 -179.999985 -146.716309 179.999985 -179.999969 -146.716309 0.000007 -0.000024 22.166933 0.000000 -0.000000 0.000000 159.999969 -179.999985 -162.361176 179.999985 -179.999954 -153.541748 180.000000 -179.999969 -162.378815 174.381180 -178.262207 175.489441 168.697403 -176.429001 100.884857 1.921911 0.975940 2.714342 6.883831 1.410411 -7.055110 141.894882 126.197502 166.217361 0.000013 -0.000026 -13.266652 0.000010 -0.000015 -8.835594 0.000000 -0.000000 0.000000 165.000015 179.999985 152.169510 0.000000 0.000004 -22.770416 180.000000 180.000000 164.060699 0.000000 -0.000000 0.000000 180.000000 -180.000000 148.991043 180.000000 179.999985 148.991013 0.000001 0.000000 -20.651968 0.000000 -0.000000 0.000000 10.000000 0.000002 -28.369055 180.000000 180.000000 151.630981 0.000001 0.000004 -18.893785 0.000000 -0.000000 0.000000 19.999992 -0.000000 -24.594927 180.000000 179.999985 143.107605 0.000007 0.000008 -24.570349
8.049731 97.094200 76.029449 4.133897 -1.275125 0.303708 0.540219 2.371592 -0.398629 8.404444 6.153301 -1.988067 177.763809 -171.140015 -179.938599 3.529815 3.071738 1.108995 5.084382 -0.841139 -2.008818 174.341949 -177.196350 178.491043 0.538214 2.035080 0.332835 0.538188 1.993922 0.541593 2.479624 1.398612 0.787427 180.000000 -178.570740 179.363342 180.000000 -178.332520 179.340607 156.701599 -178.717178 -179.869492 179.081360 177.410004 179.405792 12.278040 -8.099747 83.657318 2.041009 -2.202870 -2.169444 175.761200 -177.438843 -178.318130 34.370213 48.836426 4.361080 0.000024 0.000022 11.091743 0.000015 0.000013 7.387100 0.000000 -0.000000 0.000000 14.999984 -0.000012 33.606876 0.000001 -0.000018 27.496553 0.000003 -0.000009 19.247599 0.000000 -0.000000 0.000000 179.999985 -179.999985 -142.289062 180.000000 -179.999969 -142.289062 0.000009 -0.000016 25.115479 0.000000 -0.000000 0.000000 169.999969 -179.999969 -146.731155 179.999985 -179.999954 -146.731171 0.000018 -0.000031 22.157049 0.000000 -0.000000 0.000000 159.999985 -179.999985 -162.382187 179.999985 -179.999954 -153.573288 180.000000 -179.999969 -162.399811 174.367691 -178.258331 175.484177 168.791351 -176.505005 100.874855 1.674197 0.948297 2.625858 6.827868 1.368626 -7.048977 141.913666 126.086723 166.131912 0.000003 -0.000008 -13.299968 0.000006 -0.000013 -8.857776 0.000001 -0.000000 0.000003 165.000015 179.999985 152.169418 180.000000 179.999985 157.229492 0.000001 0.000002 -15.939336 0.000001 -0.000000 0.000003 0.000001 0.000004 -31.008038 180.000000 179.999985 148.991943 0.000002 0.000001 -20.651356 0.000001 -0.000000 0.000003 9.999993 0.000001 -28.367439 0.000001 0.000009 -28.367479 180.000000 180.000000 161.107269 0.000001 -0.000000 0.000003 19.999977 0.000010 -24.589979 0.000001 0.000018 -36.884995 0.000004 0.000004 -24.565426
8.090008 97.093979 76.065536 4.177435 -1.267857 0.280902 0.408044 2.550421 -0.431554 8.409712 5.881404 -1.969443 177.860916 -171.229340 -179.951920 3.697370 3.051194 1.115660 4.817461 -0.805615 -2.021252 174.394257 -177.171936 178.546280 0.543119 2.025697 0.339109 0.543092 1.984659 0.551988 2.502021 1.390552 0.801260 180.000000 -178.568130 179.338303 179.999985 -178.329498 179.314667 156.595947 -178.709366 -179.880264 179.048370 177.385056 179.392227 12.194241 -8.083870 83.668968 1.893435 -1.958487 -2.143742 175.713501 -177.450195 -178.262207 34.327271 48.786785 4.380141 0.000000 0.000002 11.128961 180.000000 179.999985 -172.588120 0.000000 -0.000000 0.000000 14.999993 -0.000019 33.594978 180.000000 -179.999985 -152.513199 0.000002 -0.000011 19.240757 0.000000 -0.000000 0.000000 179.999985 -179.999985 -142.309280 0.000000 -0.000012 37.690704 0.000007 -0.000007 25.102009 0.000000 -0.000000 0.000000 169.999985 -179.999969 -146.761246 180.000000 -179.999969 -146.761246 0.000009 -0.000024 22.136995 0.000000 -0.000000 0.000000 159.999985 -179.999985 -162.402588 179.999985 -179.999969 -153.603867 0.000006 -0.000029 17.579838 174.354202 -178.250519 175.477921 168.862778 -176.587723 100.853882 1.434400 0.918566 2.544879 6.786580 1.340961 -7.050234 141.955063 126.009422 166.092651 179.999985 -179.999985 166.673767 0.000002 -0.000008 -8.875261 0.000000 0.000000 0.000000 165.000000 179.999985 152.170364 0.000001 0.000005 -22.769665 0.000002 0.000005 -15.938764 0.000000 0.000000 0.000000 180.000000 179.999985 148.990234 0.000000 0.000009 -31.009756 0.000003 0.000005 -20.652475 0.000000 0.000000 0.000000 10.000000 0.000012 -28.367460 0.000002 0.000013 -28.367432 0.000002 0.000007 -18.892721 0.000000 0.000000 0.000000 20.000004 0.000013 -24.585323 0.000006 0.000024 -36.877964 0.000012 0.000008 -24.560728
8.131730 97.093887 76.103088 4.215832 -1.259598 0.258637 0.296394 2.753711 -0.475392 8.308626 5.561502 -1.950455 178.049515 -171.335709 -179.967361 3.824669 3.009551 1.091226 4.590691 -0.745066 -1.984493 174.451645 -177.143600 178.591202 0.547400 2.016449 0.345615 0.547373 1.975529 0.562788 2.521483 1.382596 0.815525 179.999985 -178.565414 179.309616 179.999985 -178.326324 179.284973 156.513916 -178.700516 -179.893539 179.039551 177.356369 179.374451 12.087664 -8.040140 83.703186 1.756209 -1.713321 -2.142856 175.685989 -177.441269 -178.206573 34.262711 48.711765 4.378560 180.000000 -180.000000 -168.830185 0.000000 -0.000000 7.439098 0.000000 -0.000000 0.000000 14.999990 -0.000013 33.581882 0.000002 -0.000014 27.476093 0.000003 -0.000007 19.233253 0.000000 -0.000000 0.000000 179.999985 -179.999969 -142.311096 0.000006 -0.000046 37.688934 0.000015 -0.000021 25.100821 0.000000 -0.000000 0.000000 169.999985 -179.999969 -146.791885 180.000000 -179.999969 -146.791885 0.000017 -0.000022 22.116617 0.000000 -0.000000 0.000000 160.000000 -179.999985 -162.424240 179.999985 -179.999969 -153.636307 0.000003 -0.000023 17.558201 174.341858 -178.237213 175.475662 168.909943 -176.674194 100.819466 1.207647 0.880525 2.473984 6.744664 1.320619 -7.063202 142.004181 125.910179 166.057358 0.000001 0.000004 -13.350560 180.000000 -179.999985 171.108536 0.000000 0.000001 0.000000 165.000000 179.999985 152.177597 0.000001 0.000005 -22.763769 0.000003 0.000005 -15.934621 0.000000 0.000001 0.000000 0.000000 0.000003 -30.998325 180.000000 180.000000 149.001678 0.000001 0.000002 -20.644873 0.000000 0.000001 0.000000 10.000002 0.000001 -28.348440 180.000000 179.999985 151.651581 0.000002 0.000000 -18.880037 0.000000 0.000001 0.000000 20.000002 0.000004 -24.564651 0.000005 0.000005 -36.846970 0.000001 0.000004 -24.540094
8.175426 97.093788 76.139015 4.245509 -1.252271 0.237887 0.172245 2.915776 -0.519348 8.228399 5.290671 -1.930297 178.236847 -171.435150 -179.981659 3.841423 2.958673 1.043895 4.475756 -0.671040 -1.922104 174.515884 -177.116684 178.633591 0.552006 2.008640 0.352352 0.551977 1.967813 0.573958 2.542422 1.375589 0.830376 179.999985 -178.562988 179.278641 179.999985 -178.323502 179.252884 156.455353 -178.691299 -179.908737 179.037048 177.330200 179.353439 11.970534 -8.016572 83.737328 1.624679 -1.568319 -2.149452 175.547272 -177.581635 -178.141693 34.274147 48.640862 4.353308 179.999985 -179.999985 -168.835159 180.000000 -179.999985 -172.564224 0.000000 -0.000000 0.000000 15.000000 -0.000010 33.569874 180.000000 -179.999985 -152.533752 0.000003 -0.000006 19.226374 0.000000 -0.000000 0.000000 179.999985 -179.999985 -142.345474 0.000001 -0.000024 37.654507 0.000014 -0.000013 25.077902 0.000000 -0.000000 0.000000 169.999985 -179.999969 -146.817764 0.000001 -0.000039 33.182240 0.000013 -0.000020 22.099363 0.000000 -0.000000 0.000000 160.000000 -179.999985 -162.441742 180.000000 -179.999985 -153.662643 0.000004 -0.000018 17.540686 174.328781 -178.222809 175.471207 168.923798 -176.761322 100.778221 0.988111 0.824920 2.409424 6.760974 1.353821 -7.051116 142.002823 125.873245 166.047913 180.000000 180.000000 166.651382 0.000002 -0.000003 -8.890183 0.000000 -0.000000 0.000000 165.000000 -180.000000 152.189926 180.000000 179.999985 157.246307 0.000001 0.000001 -15.927571 0.000000 -0.000000 0.000000 180.000000 179.999985 149.006226 180.000000 -180.000000 149.006226 0.000003 0.000000 -20.641851 0.000000 -0.000000 0.000000 9.999997 0.000003 -28.347555 0.000002 -0.000001 -28.347527 0.000001 0.000004 -18.879471 0.000000 -0.000000 0.000000 19.999994 0.000005 -24.556421 180.000000 180.000000 143.165375 0.000001 0.000002 -24.531855
8.221844 97.093620 76.173538 4.265391 -1.248765 0.219207 0.040522 3.081644 -0.570483 8.131557 4.998243 -1.908862 178.458267 -171.555603 -179.997711 3.822073 2.913251 0.983018 4.434919 -0.598980 -1.853222 174.551941 -177.093140 178.683044 0.554341 2.004783 0.359042 0.554310 1.963984 0.585079 2.552697 1.371604 0.844982 180.000000 -178.559036 179.247879 180.000000 -178.318878 179.221008 156.439621 -178.680847 -179.924240 179.067841 177.308533 179.327362 11.844769 -7.975390 83.787773 1.510894 -1.442165 -2.172387 175.401764 -177.725754 -178.078003 34.278931 48.575249 4.375085 179.999985 -179.999985 -168.814575 180.000000 179.999985 -172.550507 0.000000 -0.000000 0.000000 15.000006 -0.000004 33.558266 180.000000 -179.999985 -152.543259 0.000002 -0.000001 19.219717 0.000000 -0.000000 0.000000 179.999985 -179.999985 -142.370300 0.000002 -0.000015 37.629711 0.000009 -0.000008 25.061382 0.000000 -0.000000 0.000000 170.000000 -179.999985 -146.856552 0.000001 -0.000015 33.143456 0.000005 -0.000011 22.073524 0.000000 -0.000000 0.000000 160.000000 179.999985 -162.465057 0.000001 0.000012 26.302412 0.000001 0.000005 17.517405 174.331955 -178.206116 175.464218 168.935257 -176.825546 100.733330 0.832519 0.794484 2.369417 6.744859 1.363130 -7.059391 142.020050 125.853615 166.059357 180.000000 180.000000 166.652283 0.000002 -0.000007 -8.889589 0.000000 -0.000000 0.000000 165.000015 -179.999985 152.201035 180.000000 -179.999985 157.255386 180.000000 -179.999985 164.078781 0.000000 -0.000000 0.000000 180.000000 180.000000 149.008835 0.000001 0.000003 -30.991146 0.000001 0.000001 -20.640097 0.000000 -0.000000 0.000000 9.999999 -0.000000 -28.342987 0.000001 0.000002 -28.342968 180.000000 -180.000000 161.123581 0.000000 -0.000000 0.000000 19.999998 0.000000 -24.546373 0.000000 0.000000 -36.819561 180.000000 -180.000000 155.478165
8.271186 97.093262 76.207237 4.275181 -1.249843 0.203277 179.952316 176.789185 179.390137 8.006190 4.773679 -1.892462 178.672180 -171.652359 179.985672 3.782594 2.884612 0.910580 4.427637 -0.543718 -1.778604 174.584961 -177.078323 178.735748 0.556947 2.004724 0.364889 0.556914 1.963877 0.594761 2.564264 1.370411 0.857925 180.000000 -178.554535 179.219513 180.000000 -178.313614 179.191650 156.449585 -178.670486 -179.938812 179.052353 177.306442 179.317001 11.838999 -7.926433 83.812126 1.380131 -1.391883 -2.195642 175.246719 -177.868347 -178.015625 34.453613 48.455910 4.039917 0.000011 0.000026 10.962521 0.000007 0.000024 7.301043 180.000000 180.000000 -179.999985 15.000000 -0.000000 33.550079 180.000000 -179.999985 -152.549911 0.000000 0.000001 19.215048 180.000000 180.000000 -179.999985 180.000000 -179.999985 -142.395187 0.000001 -0.000003 37.604820 0.000001 -0.000001 25.044813 180.000000 180.000000 -179.999985 170.000000 -179.999985 -146.881104 0.000000 -0.000005 33.118954 0.000003 -0.000004 22.057203 180.000000 180.000000 -179.999985 160.000000 -179.999985 -162.453049 180.000000 -179.999985 -153.679550 0.000002 -0.000011 17.529423 174.334900 -178.194672 175.454865 168.954056 -176.876724 100.687431 0.688558 0.775037 2.335572 6.726762 1.371673 -7.066213 142.029007 125.841438 166.062424 0.000007 0.000001 -13.348349 0.000004 -0.000005 -8.890009 0.000000 -0.000000 0.000000 165.000015 179.999985 152.171280 180.000000 180.000000 157.231018 0.000000 0.000002 -15.938272 0.000000 -0.000000 0.000000 0.000002 0.000000 -30.982540 180.000000 180.000000 149.017441 180.000000 -180.000000 159.365601 0.000000 -0.000000 0.000000 9.999998 -0.000001 -28.343145 180.000000 -179.999985 151.656845 180.000000 180.000000 161.123459 0.000000 -0.000000 0.000000 19.999994 -0.000002 -24.547449 0.000000 0.000000 -36.821190 180.000000 180.000000 155.477081
8.324025 97.092682 76.239662 4.277414 -1.255880 0.188439 179.827393 176.652527 179.335220 7.947166 4.547425 -1.866899 178.862732 -171.750458 179.970871 3.736039 2.880554 0.840735 4.440576 -0.509852 -1.710852 174.612823 -177.066269 178.789688 0.559498 2.009198 0.369867 0.559464 1.968224 0.602966 2.575593 1.372573 0.869139 180.000000 -178.549026 179.198395 180.000000 -178.307190 179.169785 156.484039 -178.661057 -179.949554 179.047684 177.286560 179.288452 11.826552 -7.906984 83.851944 1.248582 -1.353059 -2.220353 175.154663 -177.978836 -177.963058 34.357769 48.458721 4.279835 180.000000 -179.999985 -168.875809 0.000003 -0.000007 7.408715 0.000000 -0.000000 0.000000 15.000004 -0.000000 33.548073 180.000000 -179.999985 -152.551590 0.000001 0.000001 19.213884 0.000000 -0.000000 0.000000 180.000000 -179.999985 -142.408615 0.000001 -0.000004 37.591393 0.000001 -0.000001 25.035868 0.000000 -0.000000 0.000000 170.000000 -179.999985 -146.897537 0.000002 -0.000005 33.102478 0.000000 -0.000000 22.046246 0.000000 -0.000000 0.000000 160.000015 -179.999985 -162.478546 0.000002 -0.000000 26.282202 0.000001 0.000003 17.503952 174.333008 -178.189850 175.443741 168.985291 -176.912216 100.645012 0.553646 0.770562 2.304248 6.707016 1.379871 -7.071992 142.029663 125.822906 166.063461 180.000000 180.000000 166.654877 180.000000 180.000000 171.112152 0.000000 -0.000000 0.000000 165.000015 180.000000 152.179565 0.000000 0.000000 -22.762180 0.000001 -0.000002 -15.933530 0.000000 -0.000000 0.000000 180.000000 180.000000 149.018372 180.000000 -180.000000 149.018356 0.000001 0.000001 -20.633772 0.000000 -0.000000 0.000000 10.000001 0.000001 -28.348255 180.000000 180.000000 151.651733 0.000000 -0.000002 -18.879938 0.000000 -0.000000 0.000000 20.000000 0.000000 -24.550566 180.000000 180.000000 143.174118 180.000000 -180.000000 155.473969
8.377877 97.091881 76.271774 4.275927 -1.264875 0.175979 179.740524 176.526031 179.284012 7.940473 4.365750 -1.836480 178.963974 -171.822754 179.952026 3.680027 2.883104 0.784662 4.503361 -0.473303 -1.668248 174.604034 -177.052582 178.854675 0.562413 2.015154 0.374694 0.562378 1.974022 0.610902 2.588613 1.375776 0.880123 0.000001 -1.453721 -0.818667 180.000000 -178.303986 179.152084 156.514664 -178.654739 -179.958817 179.032379 177.271271 179.259613 11.859216 -7.861735 83.900986 1.136686 -1.352779 -2.263644 175.006546 -178.115021 -177.896118 34.411659 48.412380 4.223952 179.999985 -179.999985 -168.919022 180.000000 -179.999985 -172.620041 0.000000 -0.000000 0.000000 14.999976 -0.000044 33.539272 0.000001 -0.000039 27.441225 0.000021 -0.000022 19.208874 0.000000 -0.000000 0.000000 179.999985 -179.999969 -142.423920 0.000006 -0.000041 37.576080 0.000019 -0.000018 25.025639 0.000000 -0.000000 0.000000 169.999969 -179.999939 -146.915833 0.000011 -0.000066 33.084133 0.000023 -0.000032 22.034039 0.000000 -0.000000 0.000000 160.000015 180.000000 -162.482269 180.000000 -179.999985 -153.723419 0.000004 -0.000006 17.500217 174.329376 -178.192169 175.430496 169.031921 -176.937195 100.600304 0.419633 0.791406 2.276474 6.688429 1.371832 -7.079708 142.028214 125.816414 166.051773 0.000010 -0.000001 -13.349220 179.999985 -179.999985 171.109406 0.000000 -0.000000 0.000003 165.000000 179.999985 152.178207 0.000005 0.000014 -22.763292 0.000007 0.000009 -15.934292 0.000000 -0.000000 0.000003 180.000000 180.000000 149.016052 0.000003 0.000003 -30.983955 180.000000 179.999985 159.364685 0.000000 -0.000000 0.000003 10.000004 -0.000001 -28.352261 0.000001 0.000002 -28.352251 180.000000 179.999985 161.117416 0.000000 -0.000000 0.000003 19.999998 0.000004 -24.553858 0.000011 0.000011 -36.830822 0.000003 0.000004 -24.529312
8.434079 97.090271 76.305092 4.265127 -1.278138 0.164863 179.527679 176.454086 179.244431 8.122348 4.239443 -1.828831 179.007843 -171.895355 179.951447 3.651690 2.938781 0.743434 4.502628 -0.499263 -1.636768 174.642700 -177.047348 178.902985 0.564900 2.027898 0.377352 0.564863 1.986486 0.615184 2.599735 1.384172 0.886607 180.000000 -178.533478 179.168655 180.000000 -178.289062 179.138947 156.605179 -178.641556 -179.963730 179.029892 177.270020 179.238831 11.883368 -7.813526 83.926231 1.023392 -1.390771 -2.278178 174.951126 -178.242889 -177.874924 34.416573 48.423489 4.198676 0.000007 0.000015 11.064149 179.999985 -179.999985 -172.631287 0.000000 -0.000000 0.000000 14.999976 -0.000045 33.529556 0.000001 -0.000040 27.433264 0.000015 -0.000026 19.203304 0.000000 -0.000000 0.000000 179.999985 -179.999985 -142.435593 0.000004 -0.000033 37.564404 0.000019 -0.000016 25.017891 0.000000 -0.000000 0.000000 169.999985 -179.999969 -146.932922 0.000002 -0.000049 33.067036 0.000023 -0.000026 22.022661 0.000000 -0.000000 0.000000 160.000000 -179.999985 -162.479935 179.999985 -179.999985 -153.719925 0.000009 -0.000019 17.502541 174.319443 -178.194351 175.419434 169.098648 -176.945923 100.565170 0.298285 0.809376 2.242236 6.666273 1.390395 -7.083930 142.013855 125.785744 166.035263 180.000000 179.999985 166.654221 0.000012 -0.000001 -8.888286 0.000000 -0.000001 0.000000 165.000015 179.999985 152.188950 0.000006 0.000010 -22.754488 0.000007 0.000008 -15.928131 0.000000 -0.000001 0.000000 0.000001 0.000004 -30.983032 0.000002 0.000001 -30.983040 0.000003 0.000001 -20.634674 0.000000 -0.000001 0.000000 10.000002 0.000008 -28.358179 0.000008 0.000002 -28.358168 0.000007 -0.000001 -18.886555 0.000000 -0.000001 0.000000 20.000000 0.000020 -24.556078 0.000026 0.000019 -36.834133 0.000021 -0.000001 -24.531540
8.492872 97.087967 76.339706 4.251073 -1.292238 0.153596 179.168777 176.324463 179.150894 8.465474 4.051673 -1.788872 179.039291 -171.962067 179.956497 3.641603 3.016969 0.704576 4.478275 -0.553145 -1.603535 174.689316 -177.042786 178.938858 0.567293 2.043705 0.378982 0.567259 2.001964 0.617735 2.610482 1.394905 0.890969 0.000001 -1.483998 -0.841116 0.000001 -1.731331 -0.871157 156.700928 -178.625381 -179.965607 179.033142 177.258453 179.207901 11.906556 -7.813074 83.968338 0.880384 -1.419041 -2.295428 174.951874 -178.328430 -177.877502 34.285900 48.492561 4.298737 179.999969 -179.999985 -168.841049 179.999985 -179.999985 -172.568130 0.000000 0.000001 0.000000 14.999987 -0.000035 33.511635 180.000000 -179.999969 -152.581421 0.000012 -0.000013 19.193010 0.000000 0.000001 0.000000 179.999985 -179.999985 -142.445450 0.000004 -0.000032 37.554493 0.000011 -0.000014 25.011307 0.000000 0.000001 0.000000 169.999985 -179.999969 -146.950943 0.000003 -0.000037 33.049026 0.000017 -0.000020 22.010677 0.000000 0.000001 0.000000 159.999985 -179.999985 -162.484177 179.999985 -179.999954 -153.726242 0.000007 -0.000032 17.498316 174.288116 -178.202042 175.404831 169.172180 -176.940750 100.546730 0.183357 0.827318 2.203732 6.649690 1.408062 -7.089456 141.996414 125.758812 166.009247 0.000000 0.000000 -13.346267 179.999985 -179.999985 171.111389 0.000000 -0.000000 0.000000 165.000015 179.999985 152.201172 0.000006 0.000010 -22.744490 0.000007 0.000004 -15.921150 0.000000 -0.000000 0.000000 0.000004 0.000010 -30.984583 0.000008 0.000005 -30.984600 0.000005 0.000002 -20.635752 0.000000 -0.000000 0.000000 9.999990 -0.000014 -28.332626 179.999985 -179.999985 151.667404 179.999985 -179.999985 161.130493 0.000000 -0.000000 0.000000 20.000002 0.000018 -24.544298 0.000024 0.000015 -36.816452 0.000018 -0.000001 -24.519793
8.550751 97.085442 76.375298 4.228693 -1.309459 0.141240 178.982544 176.275818 179.120026 8.653906 3.970440 -1.783393 179.058945 -172.010376 179.965973 3.657380 3.114130 0.669520 4.441529 -0.628377 -1.565623 174.733368 -177.042221 178.960648 0.569524 2.060297 0.380126 0.569487 2.018219 0.619472 2.620509 1.406283 0.894291 0.000000 -1.502782 -0.849076 0.000000 -1.753247 -0.879401 156.802887 -178.608582 -179.966202 179.042831 177.285461 179.212875 11.950163 -7.688354 83.985588 0.812781 -1.461048 -2.312637 174.815109 -178.520218 -177.893387 34.609386 48.143017 3.849431 0.000418 0.000190 10.855881 0.000247 0.000169 7.230008 0.000000 -0.000000 0.000000 15.000016 -0.000005 33.496918 180.000000 -179.999985 -152.593445 0.000002 -0.000005 19.184572 0.000000 -0.000000 0.000000 179.999985 -179.999985 -142.454865 0.000001 -0.000016 37.545139 0.000007 -0.000007 25.005070 0.000000 -0.000000 0.000000 170.000000 -179.999985 -146.960739 180.000000 -179.999985 -146.960754 0.000008 -0.000014 22.004129 0.000000 -0.000000 0.000000 159.999985 -179.999969 -162.483444 179.999985 -179.999954 -153.725159 0.000013 -0.000040 17.499048 174.257568 -178.212738 175.392899 169.247437 -176.931915 100.535156 0.074630 0.843466 2.158136 6.634248 1.434714 -7.089428 141.985214 125.722229 165.996597 0.000000 -0.000003 -13.341409 180.000000 -179.999985 171.114624 0.000000 0.000001 0.000000 165.000015 179.999985 152.211060 0.000008 0.000009 -22.736404 0.000007 0.000001 -15.915483 0.000000 0.000001 0.000000 0.000008 0.000012 -30.976936 0.000009 0.000005 -30.976974 0.000007 -0.000001 -20.630646 0.000000 0.000001 0.000000 10.000015 0.000020 -28.377213 0.000020 0.000010 -28.377226 0.000014 -0.000001 -18.899231 0.000000 0.000001 0.000000 20.000015 0.000014 -24.532890 0.000033 0.000015 -36.799377 0.000021 -0.000002 -24.508381
8.608371 97.082657 76.412338 4.203835 -1.330852 0.126853 178.718628 176.195038 179.061951 8.923265 3.833466 -1.768180 179.079544 -172.087952 179.978104 3.688409 3.217513 0.642338 4.394025 -0.708817 -1.523843 174.775650 -177.044388 178.971191 0.571011 2.078667 0.381476 0.570974 2.036225 0.621558 2.627001 1.418976 0.898032 0.000003 -1.522080 -0.858403 180.000000 -178.224243 179.110931 156.902893 -178.591064 -179.967407 179.060226 177.313034 179.218613 11.953434 -7.606996 83.979904 0.709220 -1.411052 -2.305510 174.856918 -178.513626 -177.902161 34.442902 48.427601 4.212534 0.000026 0.000004 11.058988 0.000007 0.000008 7.365303 0.000000 0.000000 0.000003 15.000026 0.000019 33.481968 0.000008 0.000024 27.394316 180.000000 179.999985 -160.823975 0.000000 0.000000 0.000003 0.000007 0.000011 37.530857 0.000003 0.000010 37.530884 180.000000 179.999985 -155.004456 0.000000 0.000000 0.000003 170.000000 179.999985 -146.977936 0.000003 0.000004 33.022099 0.000002 -0.000000 21.992701 0.000000 0.000000 0.000003 160.000000 -179.999985 -162.509842 179.999985 -179.999969 -153.764755 180.000000 -179.999985 -162.527328 174.227951 -178.223572 175.379349 169.297165 -176.922226 100.532219 179.978470 179.170547 -177.889893 6.616667 1.474119 -7.085530 142.000366 125.684486 165.989792 0.000005 0.000001 -13.345737 0.000000 -0.000002 -8.888274 0.000000 -0.000000 0.000000 165.000015 179.999985 152.226868 0.000007 0.000003 -22.723476 0.000006 -0.000000 -15.906429 0.000000 -0.000000 0.000000 0.000008 0.000008 -30.966681 0.000012 0.000005 -30.966702 0.000005 -0.000003 -20.623804 0.000000 -0.000000 0.000000 10.000020 0.000011 -28.354509 0.000020 0.000005 -28.354481 0.000012 -0.000001 -18.884089 0.000000 -0.000000 0.000000 20.000000 0.000007 -24.501299 0.000000 0.000000 -36.751965 0.000004 -0.000003 -24.476803
8.663428 97.079727 76.451706 4.171461 -1.352708 0.111901 178.420776 176.102310 178.999527 9.174968 3.706893 -1.739476 179.160416 -172.141357 179.971741 3.735644 3.317459 0.642007 4.332439 -0.787836 -1.504873 174.823944 -177.048126 178.977386 0.572652 2.095784 0.382411 0.572617 2.053005 0.622958 2.634289 1.430820 0.900855 0.000002 -1.540618 -0.869342 0.000004 -1.797388 -0.900392 157.007660 -178.573761 -179.969925 179.084122 177.336639 179.226517 11.951241 -7.522339 83.962479 0.612468 -1.301139 -2.293580 174.841553 -178.579208 -177.921188 34.564415 48.510742 4.378939 0.000006 0.000006 11.074257 0.000008 -0.000004 7.375472 0.000001 -0.000000 0.000000 15.000016 0.000012 33.495365 0.000004 0.000015 27.405289 180.000000 179.999985 -160.816299 0.000001 -0.000000 0.000000 0.000002 0.000004 37.536266 0.000005 0.000003 37.536297 180.000000 179.999985 -155.000854 0.000001 -0.000000 0.000000 170.000000 179.999985 -146.978836 180.000000 179.999985 -146.978867 180.000000 179.999985 -158.007904 0.000001 -0.000000 0.000000 159.999908 -179.999908 -162.493469 179.999908 -179.999832 -153.740189 179.999985 -179.999863 -162.510971 174.201920 -178.235062 175.368027 169.316284 -176.915649 100.533218 179.892654 179.192276 -177.935226 6.605108 1.503433 -7.081169 142.003922 125.654045 165.982651 180.000000 -179.999985 166.653946 0.000007 0.000004 -8.888472 0.000000 -0.000000 0.000000 165.000015 179.999985 152.240601 0.000006 -0.000000 -22.712240 0.000004 0.000001 -15.898561 0.000000 -0.000000 0.000000 0.000004 0.000005 -30.950552 0.000007 0.000001 -30.950544 0.000003 -0.000002 -20.613070 0.000000 -0.000000 0.000000 10.000018 0.000012 -28.336433 0.000017 0.000001 -28.336432 0.000013 -0.000006 -18.872053 0.000000 -0.000000 0.000000 20.000021 0.000015 -24.513845 0.000039 0.000008 -36.770771 0.000018 -0.000012 -24.489344
8.713649 97.076584 76.492546 4.137309 -1.370960 0.099140 178.241547 175.999985 178.936874 9.320961 3.572600 -1.704408 179.228241 -172.191986 179.962646 3.787225 3.402554 0.674790 4.298182 -0.859648 -1.520978 174.843048 -177.060410 178.983475 0.573583 2.110765 0.382647 0.573548 2.067693 0.623224 2.638360 1.441324 0.902007 0.000002 -1.554519 -0.873012 0.000004 -1.813605 -0.904192 157.074356 -178.561844 -179.969009 179.114288 177.358063 179.235336 11.948309 -7.445683 83.937668 0.514459 -1.130911 -2.288568 174.822052 -178.619873 -177.922241 34.634140 48.538445 4.455784 0.000013 -0.000006 11.077302 180.000000 -180.000000 -172.622543 0.000000 -0.000000 0.000000 15.000023 0.000010 33.501400 0.000008 0.000018 27.410229 180.000000 179.999985 -160.812851 0.000000 -0.000000 0.000000 0.000004 -0.000000 37.538979 180.000000 179.999985 -142.461060 180.000000 179.999985 -154.999023 0.000000 -0.000000 0.000000 170.000000 -180.000000 -146.972565 180.000000 -179.999985 -146.972549 180.000000 -180.000000 -158.003723 0.000000 -0.000000 0.000000 159.999985 -179.999985 -162.575150 179.999985 -179.999985 -153.862762 0.000001 -0.000019 17.407419 174.177933 -178.246933 175.355896 169.308167 -176.911728 100.536415 179.817688 179.220154 -177.970352 6.597086 1.521498 -7.077783 142.004059 125.623611 165.964615 179.999985 179.999985 166.649780 180.000000 -179.999985 171.108749 0.000000 0.000000 -0.000003 165.000015 179.999985 152.251877 0.000004 -0.000000 -22.702991 0.000005 -0.000000 -15.892092 0.000000 0.000000 -0.000003 0.000009 0.000006 -30.943298 0.000007 -0.000001 -30.943316 0.000005 -0.000003 -20.608261 0.000000 0.000000 -0.000003 10.000010 0.000006 -28.310106 0.000012 -0.000000 -28.310137 0.000008 -0.000006 -18.854551 0.000000 0.000000 -0.000003 20.000004 0.000009 -24.479277 0.000027 -0.000000 -36.718906 0.000012 -0.000008 -24.454802
8.756976 97.073677 76.533279 4.103066 -1.386389 0.088424 178.107483 175.897598 178.888153 9.424750 3.441454 -1.677862 179.294312 -172.240662 179.949646 3.834770 3.470330 0.727831 4.285376 -0.921252 -1.558714 174.846909 -177.081680 178.991028 0.573681 2.123292 0.382371 0.573644 2.079984 0.622678 2.638631 1.450263 0.901869 0.000002 -1.563616 -0.878021 0.000000 -1.824224 -0.909380 157.136581 -178.553421 -179.970367 179.149841 177.375717 179.244476 11.948215 -7.331113 83.899567 0.460420 -0.941274 -2.285373 174.805573 -178.684006 -177.906387 34.719318 48.577187 4.551859 0.000022 -0.000000 11.081093 0.000010 0.000001 7.380005 0.000000 -0.000000 0.000000 15.000014 0.000006 33.511585 0.000008 0.000009 27.418566 180.000000 179.999985 -160.807007 0.000000 -0.000000 0.000000 0.000034 0.000021 37.530682 0.000013 0.000039 37.530685 180.000000 179.999985 -155.004562 0.000000 -0.000000 0.000000 170.000000 -179.999985 -146.974106 0.000002 -0.000000 33.025902 180.000000 -180.000000 -158.004761 0.000000 -0.000000 0.000000 160.000000 -179.999985 -162.583633 179.999985 -179.999985 -153.875458 180.000000 -179.999985 -162.601059 174.167358 -178.254166 175.348724 169.272095 -176.916550 100.529335 179.752701 179.248337 -177.991302 6.592448 1.530161 -7.074318 142.031235 125.602531 165.977921 179.999985 179.999985 166.647171 0.000000 -0.000003 -8.892997 0.000001 0.000001 -0.000003 165.000015 179.999985 152.258545 0.000007 0.000001 -22.697536 0.000004 -0.000003 -15.888282 0.000001 0.000001 -0.000003 0.000008 0.000005 -30.930382 0.000007 -0.000001 -30.930391 0.000002 -0.000003 -20.599651 0.000001 0.000001 -0.000003 10.000011 0.000001 -28.289244 0.000009 -0.000001 -28.289265 0.000008 -0.000004 -18.840635 0.000001 0.000001 -0.000003 20.000002 0.000001 -24.457987 0.000023 0.000001 -36.687050 0.000013 -0.000010 -24.433573
8.793985 97.070847 76.575676 4.073599 -1.396298 0.081519 177.893677 175.758606 178.805954 9.625594 3.275844 -1.634427 179.336182 -172.275482 179.937393 3.866771 3.519459 0.799825 4.282401 -0.971729 -1.625090 174.850021 -177.105560 179.003922 0.572948 2.133039 0.381251 0.572912 2.089556 0.620763 2.635166 1.457455 0.899705 0.000002 -1.568563 -0.882742 0.000001 -1.829996 -0.914270 157.185898 -178.548386 -179.972610 179.185715 177.391571 179.254059 11.955185 -7.239280 83.862900 0.390047 -0.743443 -2.295543 174.805099 -178.733185 -177.873459 34.768482 48.583134 4.631846 179.999985 179.999985 -168.901459 179.999985 -179.999985 -172.608368 0.000000 -0.000000 0.000000 15.000014 0.000009 33.516495 0.000006 0.000013 27.422581 180.000000 179.999985 -160.804184 0.000000 -0.000000 0.000000 179.999985 -179.999985 -142.432648 179.999985 -179.999969 -142.432648 0.000009 -0.000023 25.019863 0.000000 -0.000000 0.000000 170.000015 179.999985 -146.979141 0.000009 0.000013 33.020889 180.000000 179.999985 -158.008102 0.000000 -0.000000 0.000000 160.000015 179.999985 -162.594177 0.000007 0.000005 26.108727 0.000002 0.000005 17.388420 174.155426 -178.260132 175.337692 169.223663 -176.924133 100.523514 179.697800 179.271133 -178.000748 6.590968 1.527827 -7.069910 142.064468 125.586685 165.991898 180.000000 179.999985 166.641205 0.000005 -0.000003 -8.896945 0.000000 -0.000000 0.000000 165.000000 -180.000000 152.281830 0.000004 0.000001 -22.678467 0.000001 0.000001 -15.874943 0.000000 -0.000000 0.000000 0.000006 0.000003 -30.920324 0.000007 -0.000001 -30.920349 0.000003 -0.000003 -20.592926 0.000000 -0.000000 0.000000 10.000001 0.000006 -28.269176 0.000000 0.000000 -28.269196 0.000001 -0.000003 -18.827271 0.000000 -0.000000 0.000000 20.000010 0.000003 -24.428328 0.000015 -0.000001 -36.642483 0.000005 -0.000008 -24.403894
8.822875 97.068314 76.617455 4.043314 -1.402174 0.079618 177.806915 175.671570 178.764328 9.692116 3.159124 -1.614344 179.385773 -172.308929 179.929886 3.885512 3.553649 0.887930 4.280466 -1.010878 -1.719549 174.866989 -177.132309 179.020248 0.572029 2.139609 0.378696 0.571993 2.096019 0.616484 2.631044 1.462614 0.894301 180.000000 -178.431320 179.114502 0.000000 -1.830134 -0.917131 157.225189 -178.547638 -179.975128 179.223099 177.402939 179.265579 11.969565 -7.147646 83.825363 0.325007 -0.555790 -2.311213 174.730316 -178.889847 -177.849747 34.808357 48.483578 4.589169 180.000000 -179.999985 -168.922287 0.000012 0.000003 7.377766 0.000000 -0.000000 0.000000 15.000008 0.000003 33.528713 0.000003 0.000007 27.432570 0.000003 -0.000000 19.202801 0.000000 -0.000000 0.000000 180.000000 180.000000 -142.455841 180.000000 -179.999985 -142.455826 0.000001 -0.000004 25.004421 0.000000 -0.000000 0.000000 170.000000 -179.999985 -146.966080 180.000000 180.000000 -146.966064 180.000000 -180.000000 -157.999420 0.000000 -0.000000 0.000000 160.000000 -179.999985 -162.588806 180.000000 -179.999985 -153.883194 0.000002 -0.000009 17.393797 174.144775 -178.265549 175.327316 169.172501 -176.935471 100.513184 179.650421 179.283127 -177.997055 6.594764 1.517447 -7.063900 142.065399 125.580322 165.985092 180.000000 -179.999985 166.638367 0.000004 -0.000008 -8.898853 0.000000 -0.000000 0.000000 165.000000 -180.000000 152.290543 0.000001 0.000002 -22.671358 180.000000 180.000000 164.130051 0.000000 -0.000000 0.000000 0.000000 -0.000001 -30.902321 0.000001 -0.000001 -30.902309 0.000002 -0.000001 -20.580938 0.000000 -0.000000 0.000000 10.000003 -0.000002 -28.257549 0.000002 0.000004 -28.257551 180.000000 -179.999985 161.180450 0.000000 -0.000000 0.000000 20.000010 -0.000003 -24.400892 0.000003 0.000001 -36.601318 180.000000 -179.999985 155.623520
8.844796 97.066078 76.658943 4.018717 -1.404514 0.080929 177.695923 175.559708 178.708145 9.778892 3.012280 -1.587631 179.433441 -172.340195 179.924408 3.882839 3.574237 0.962869 4.268976 -1.037928 -1.805903 174.908066 -177.155243 179.034988 0.570208 2.143576 0.375458 0.570172 2.099943 0.611108 2.622828 1.466129 0.887217 180.000000 -178.435547 179.112396 0.000001 -1.825200 -0.919309 157.254623 -178.550491 -179.978455 179.260406 177.411041 179.277512 11.985741 -7.059155 83.791855 0.262843 -0.388803 -2.331505 174.754562 -178.926056 -177.805939 34.822124 48.457554 4.585379 179.999985 179.999969 -168.925476 179.999985 179.999954 -172.624374 0.000000 -0.000000 0.000003 15.000014 0.000012 33.528584 0.000001 0.000016 27.432467 180.000000 179.999985 -160.797272 0.000000 -0.000000 0.000003 0.000002 0.000002 37.537052 0.000002 0.000006 37.537090 180.000000 179.999985 -155.000305 0.000000 -0.000000 0.000003 170.000000 179.999985 -146.973724 0.000003 0.000009 33.026276 180.000000 179.999985 -158.004517 0.000000 -0.000000 0.000003 160.000015 179.999985 -162.597824 0.000004 0.000010 26.103252 180.000000 179.999985 -162.615234 174.131210 -178.271439 175.316315 169.123917 -176.947113 100.502098 179.610596 179.291687 -177.987427 6.597380 1.504121 -7.053407 142.098343 125.595688 166.012238 0.000002 0.000014 -13.365902 0.000008 0.000002 -8.901691 0.000000 -0.000000 0.000000 165.000015 -180.000000 152.293243 180.000000 180.000000 157.330841 180.000000 180.000000 164.131592 0.000000 -0.000000 0.000000 180.000000 180.000000 149.103577 0.000001 0.000000 -30.896429 180.000000 180.000000 159.422974 0.000000 -0.000000 0.000000 9.999998 -0.000002 -28.247608 180.000000 -180.000000 151.752380 0.000001 0.000004 -18.812918 0.000000 -0.000000 0.000000 19.999998 0.000000 -24.399818 180.000000 -180.000000 143.400238 0.000002 0.000000 -24.375429
8.860562 97.064224 76.698532 3.997457 -1.405838 0.083023 177.596252 175.457535 178.658356 9.853868 2.874248 -1.564342 179.477356 -172.370178 179.920242 3.860950 3.584197 1.014114 4.254609 -1.050256 -1.869259 174.967285 -177.172073 179.046982 0.567441 2.145834 0.371700 0.567406 2.102194 0.604901 2.610285 1.468606 0.878827 180.000000 -178.445908 179.106781 180.000000 -178.186890 179.074890 157.281113 -178.557419 -179.985703 179.332901 177.437592 179.309906 11.969605 -6.950012 83.750603 0.202269 -0.251789 -2.354453 174.739578 -178.956085 -177.765228 34.603909 48.266567 4.532042 180.000000 179.999985 -168.822006 0.000007 -0.000002 7.444542 0.000000 -0.000000 0.000003 15.000006 -0.000002 33.553089 180.000000 179.999985 -152.547501 180.000000 180.000000 -160.783234 0.000000 -0.000000 0.000003 0.000002 0.000006 37.541866 0.000003 0.000003 37.541889 180.000000 179.999985 -154.997116 0.000000 -0.000000 0.000003 170.000000 -180.000000 -146.961395 0.000002 0.000007 33.038605 180.000000 179.999985 -157.996307 0.000000 -0.000000 0.000003 160.000015 180.000000 -162.588486 0.000003 0.000006 26.117290 0.000002 0.000001 17.394108 174.118317 -178.279099 175.306351 169.083893 -176.956436 100.490448 179.576324 179.300186 -177.975342 6.602595 1.497197 -7.037033 141.958282 125.538742 165.920334 0.000002 -0.000003 -13.337226 0.000003 0.000005 -8.882584 0.000000 -0.000000 0.000000 165.000015 180.000000 152.287994 0.000004 -0.000000 -22.673429 0.000003 0.000000 -15.871398 0.000000 -0.000000 0.000000 0.000005 0.000002 -30.898132 0.000001 -0.000000 -30.898149 0.000000 -0.000001 -20.578165 0.000000 -0.000000 0.000000 10.000005 -0.000001 -28.259329 0.000000 -0.000002 -28.259319 0.000002 0.000000 -18.820713 0.000000 -0.000000 0.000000 19.999998 0.000004 -24.400261 0.000001 -0.000003 -36.600380 0.000000 0.000000 -24.375856
8.870797 97.062531 76.736000 3.976022 -1.406080 0.085511 177.517349 175.364838 178.617264 9.908144 2.743473 -1.546287 179.520996 -172.401535 179.916214 3.826309 3.582460 1.047376 4.208019 -1.045422 -1.916942 175.069687 -177.177887 179.059891 0.564241 2.146450 0.367457 0.564207 2.102838 0.597909 2.595793 1.470024 0.869277 180.000000 -178.454834 179.106888 180.000000 -178.197311 179.074997 157.308762 -178.564514 -179.989288 179.248901 177.351364 179.252533 12.097629 -6.974958 83.775398 0.142337 -0.146068 -2.376865 174.725769 -178.963837 -177.727066 34.551231 48.141190 4.436905 0.000009 0.000006 11.176101 0.000001 -0.000007 7.443291 0.000000 0.000001 0.000000 15.000002 0.000006 33.557854 180.000000 179.999985 -152.543594 180.000000 -180.000000 -160.780502 0.000000 0.000001 0.000000 0.000000 0.000006 37.548912 0.000001 0.000002 37.548927 180.000000 180.000000 -154.992432 0.000000 0.000001 0.000000 170.000000 179.999985 -146.953476 180.000000 179.999985 -146.953461 180.000000 180.000000 -157.991013 0.000000 0.000001 0.000000 160.000015 179.999985 -162.583755 179.999985 179.999985 -153.875671 180.000000 179.999985 -162.601196 174.108307 -178.288498 175.297867 169.051315 -176.964951 100.481567 179.544388 179.311523 -177.964813 6.607046 1.495254 -7.018212 141.949738 125.554779 165.948120 180.000000 179.999985 166.678101 0.000002 -0.000002 -8.872376 0.000000 -0.000001 0.000000 165.000015 180.000000 152.304916 0.000003 0.000002 -22.659597 0.000001 -0.000001 -15.861728 0.000000 -0.000001 0.000000 0.000003 -0.000000 -30.887564 0.000000 -0.000001 -30.887590 0.000002 0.000000 -20.571131 0.000000 -0.000001 0.000000 10.000001 0.000003 -28.254236 0.000000 0.000000 -28.254227 0.000000 0.000000 -18.817318 0.000000 -0.000001 0.000000 19.999992 0.000005 -24.400158 0.000001 -0.000003 -36.600235 180.000000 -179.999985 155.624237
8.876049 97.060989 76.770714 3.954628 -1.405168 0.087351 177.468948 175.283493 178.590118 9.931397 2.625497 -1.537433 179.564545 -172.433487 179.915161 3.784764 3.569887 1.061317 4.159869 -1.029844 -1.941418 175.181366 -177.184113 179.069565 0.560697 2.144981 0.363034 0.560663 2.101439 0.590639 2.579746 1.470013 0.859221 180.000000 -178.469696 179.102371 180.000000 -178.214645 179.070312 157.331970 -178.575287 -179.997299 179.154144 177.262985 179.189789 12.225243 -7.006283 83.812370 0.086927 -0.070681 -2.399081 174.679291 -178.902313 -177.690201 34.486526 47.956192 4.282901 180.000000 -179.999985 -168.839096 0.000006 0.000006 7.433154 0.000000 -0.000000 0.000000 15.000008 -0.000003 33.576839 0.000002 -0.000001 27.471958 0.000000 -0.000000 19.230352 0.000000 -0.000000 0.000000 0.000000 -0.000001 37.564148 0.000001 -0.000002 37.564148 180.000000 -180.000000 -154.982285 0.000000 -0.000000 0.000000 170.000000 -179.999985 -146.935089 180.000000 -180.000000 -146.935089 0.000002 -0.000001 22.021233 0.000000 -0.000000 0.000000 160.000015 -179.999985 -162.558777 180.000000 179.999985 -153.838165 0.000003 -0.000001 17.423777 174.099655 -178.302734 175.291931 169.030212 -176.971634 100.474243 179.511993 179.326828 -177.957825 6.608572 1.510489 -6.998770 141.997238 125.578331 166.029083 0.000007 -0.000003 -13.307343 180.000000 -179.999985 171.137299 0.000000 0.000000 -0.000003 165.000015 -180.000000 152.319427 0.000002 -0.000000 -22.647734 0.000001 -0.000001 -15.853407 0.000000 0.000000 -0.000003 0.000002 0.000001 -30.872963 0.000000 -0.000001 -30.872978 0.000002 -0.000001 -20.561394 0.000000 0.000000 -0.000003 9.999999 0.000003 -28.249981 0.000000 0.000000 -28.249964 0.000002 0.000000 -18.814480 0.000000 0.000000 -0.000003 19.999998 0.000003 -24.389288 0.000001 0.000002 -36.583931 180.000000 -180.000000 155.635101
8.879381 97.059639 76.802811 3.933807 -1.401260 0.086366 177.415283 175.171494 178.557144 9.962097 2.471409 -1.523224 179.604797 -172.468079 179.910812 3.733597 3.538992 1.035537 4.123840 -0.999998 -1.919643 175.288879 -177.187225 179.077118 0.557123 2.141434 0.358627 0.557090 2.098003 0.583411 2.563593 1.468523 0.849126 180.000000 -178.485870 179.097107 180.000000 -178.233521 179.064850 157.354721 -178.586914 179.993851 179.060532 177.172180 179.130127 12.350636 -7.056089 83.854416 0.000907 -0.059571 -2.427163 174.684937 -178.886719 -177.655441 34.517040 47.985374 4.275722 180.000000 -180.000000 -168.861328 0.000002 -0.000000 7.418356 0.000000 0.000001 0.000000 15.000002 -0.000002 33.559010 0.000000 -0.000001 27.457373 180.000000 -180.000000 -160.779846 0.000000 0.000001 0.000000 180.000000 -180.000000 -142.441071 180.000000 180.000000 -142.441086 180.000000 180.000000 -154.985733 0.000000 0.000001 0.000000 170.000000 180.000000 -146.941116 0.000002 -0.000000 33.058891 0.000000 0.000002 22.017221 0.000000 0.000001 0.000000 160.000000 180.000000 -162.561111 0.000000 0.000002 26.158335 0.000000 -0.000000 17.421453 174.092407 -178.321472 175.289093 169.018524 -176.975815 100.471725 179.477570 179.346573 -177.957870 6.608821 1.530147 -6.975554 142.050446 125.592781 166.114990 179.999985 179.999985 166.708496 0.000004 -0.000003 -8.852135 0.000001 0.000000 0.000000 165.000000 180.000000 152.351166 0.000001 -0.000001 -22.621763 0.000001 -0.000001 -15.835230 0.000001 0.000000 0.000000 0.000001 0.000002 -30.844038 0.000001 -0.000001 -30.844042 0.000001 -0.000000 -20.542130 0.000001 0.000000 0.000000 10.000002 -0.000001 -28.239367 0.000004 -0.000001 -28.239344 0.000000 0.000000 -18.807411 0.000001 0.000000 0.000000 20.000006 0.000003 -24.373207 0.000003 0.000001 -36.559803 0.000002 -0.000001 -24.348833
8.879236 97.058556 76.831833 3.912485 -1.396224 0.085179 177.411621 175.090973 178.547943 9.944904 2.356344 -1.516364 179.645081 -172.498169 179.899384 3.677008 3.494678 0.988779 4.072612 -0.959338 -1.871538 175.417099 -177.189651 179.076187 0.551983 2.135300 0.352547 0.551952 2.092045 0.573450 2.540350 1.465595 0.835126 180.000000 -178.501633 179.097153 180.000000 -178.251892 179.064896 157.389557 -178.599426 179.987839 178.835388 176.996216 178.999451 12.578272 -7.191955 83.955933 179.946091 -179.986450 177.548950 174.638382 -178.873871 -177.623352 34.531048 47.937481 4.175800 0.000023 -0.000042 11.091213 0.000036 -0.000031 7.386755 0.000000 0.000000 -0.000003 15.000045 -0.000034 33.546215 0.000038 -0.000006 27.446857 0.000024 0.000004 19.212814 0.000000 0.000000 -0.000003 0.000030 -0.000026 37.539589 0.000038 -0.000001 37.539597 0.000019 0.000016 25.001328 0.000000 0.000000 -0.000003 170.000031 -179.999969 -146.941208 0.000048 -0.000006 33.058788 0.000028 0.000012 22.017134 0.000000 0.000000 -0.000003 160.000031 -179.999985 -162.543350 0.000059 -0.000031 26.184921 0.000047 0.000001 17.439188 174.095001 -178.347672 175.292847 169.010284 -176.987030 100.464134 179.427719 179.368729 -177.960663 6.616763 1.546830 -6.944745 142.108582 125.617012 166.197830 180.000000 -179.999985 166.718933 0.000001 0.000004 -8.845191 0.000000 0.000000 -0.000003 165.000015 179.999985 152.371719 0.000021 -0.000000 -22.604977 0.000016 -0.000005 -15.823460 0.000000 0.000000 -0.000003 0.000022 0.000014 -30.808548 0.000029 0.000002 -30.808552 0.000013 -0.000009 -20.518486 0.000000 0.000000 -0.000003 10.000017 0.000013 -28.210665 0.000023 0.000000 -28.210632 0.000013 -0.000005 -18.788260 0.000000 0.000000 -0.000003 20.000002 0.000017 -24.343353 0.000038 0.000011 -36.515060 0.000023 -0.000009 -24.318993
8.882668 97.057381 76.859787 3.884248 -1.391048 0.077241 177.417587 174.990387 178.544662 9.953887 2.224133 -1.516664 179.653809 -172.527847 179.886932 3.664705 3.464582 0.911690 4.070750 -0.935208 -1.784285 175.460388 -177.196564 179.082870 0.549459 2.128014 0.347172 0.549427 2.084943 0.564604 2.529246 1.461472 0.822944 180.000000 -178.523972 179.088211 180.000000 -178.277969 179.055649 157.411926 -178.615143 179.974915 178.846024 176.985687 179.011536 12.522996 -7.159737 83.980759 179.871429 -179.979584 177.522049 174.642746 -178.887177 -177.604935 34.529194 47.932358 4.100533 0.000000 0.000003 11.055193 0.000012 0.000006 7.362764 0.000001 -0.000000 0.000003 15.000010 -0.000003 33.507271 0.000005 0.000006 27.415035 0.000005 0.000001 19.190517 0.000001 -0.000000 0.000003 0.000013 -0.000004 37.505013 0.000010 0.000003 37.505005 0.000003 0.000005 24.978334 0.000001 -0.000000 0.000003 170.000015 -179.999985 -146.973801 0.000021 0.000004 33.026199 0.000009 0.000010 21.995436 0.000001 -0.000000 0.000003 160.000031 -179.999985 -162.574478 0.000044 -0.000005 26.138285 0.000024 0.000010 17.408106 174.095901 -178.371780 175.300735 169.021606 -177.001312 100.458702 179.371140 179.368286 -177.963364 6.624949 1.558941 -6.906672 142.120224 125.632370 166.203125 0.000001 -0.000012 -13.286356 180.000000 -180.000000 171.151276 0.000000 -0.000001 0.000000 165.000015 179.999985 152.417404 0.000010 0.000000 -22.567579 0.000006 -0.000003 -15.797288 0.000000 -0.000001 0.000000 0.000010 0.000008 -30.764791 0.000015 0.000002 -30.764771 0.000008 -0.000003 -20.489346 0.000000 -0.000001 0.000000 10.000008 0.000004 -28.174721 0.000006 0.000003 -28.174717 0.000005 -0.000001 -18.764362 0.000000 -0.000001 0.000000 20.000017 0.000006 -24.299860 0.000014 0.000008 -36.449821 0.000007 -0.000002 -24.275560
8.890609 97.056252 76.887093 3.854497 -1.385981 0.066242 177.406387 174.869019 178.535034 9.933509 2.022314 -1.514380 179.713425 -172.605530 179.869659 3.666556 3.440238 0.817598 4.073250 -0.913419 -1.678670 175.486115 -177.197647 179.095474 0.547728 2.121312 0.342312 0.547698 2.078408 0.556593 2.521795 1.457607 0.811996 180.000000 -178.538895 179.084641 179.999985 -178.295364 179.051941 157.447250 -178.626190 179.967148 178.843369 176.977859 179.030899 12.464668 -7.146325 84.001427 179.771896 -179.951340 177.494354 174.723343 -178.948532 -177.627731 34.432907 47.822624 3.983862 0.000015 -0.000003 11.058702 180.000000 -179.999985 -172.634903 0.000000 -0.000000 -0.000000 14.999990 -0.000003 33.495365 180.000000 -179.999985 -152.594681 180.000000 180.000000 -160.816299 0.000000 -0.000000 -0.000000 179.999985 179.999985 -142.509445 179.999985 -179.999985 -142.509460 0.000004 -0.000006 24.968704 0.000000 -0.000000 -0.000000 170.000092 -179.999985 -146.961609 0.000089 0.000024 33.038383 0.000038 0.000043 22.003544 0.000000 -0.000000 -0.000000 160.000031 -179.999985 -162.591858 0.000049 -0.000001 26.112225 0.000025 0.000014 17.390717 174.096085 -178.395264 175.306458 169.041946 -177.008133 100.460373 179.317551 179.351654 -177.965012 6.641363 1.549739 -6.862386 142.089401 125.633636 166.148987 180.000000 179.999985 166.700714 0.000004 -0.000003 -8.857327 0.000000 -0.000001 0.000000 165.000015 179.999985 152.425827 0.000017 0.000002 -22.560707 0.000011 -0.000003 -15.792499 0.000000 -0.000001 0.000000 0.000009 0.000004 -30.735718 0.000011 0.000003 -30.735714 0.000006 -0.000004 -20.469982 0.000000 -0.000001 0.000000 10.000004 -0.000001 -28.152361 0.000006 -0.000002 -28.152325 0.000003 0.000001 -18.749468 0.000000 -0.000001 0.000000 20.000002 -0.000000 -24.265324 180.000000 180.000000 143.602005 0.000001 0.000002 -24.241055
8.901439 97.055153 76.914551 3.820541 -1.383072 0.051101 177.388107 174.767487 178.536163 9.946361 1.861097 -1.523558 179.750336 -172.664215 179.860840 3.706269 3.444552 0.746053 4.051486 -0.913781 -1.592700 175.502075 -177.192657 179.111008 0.546652 2.114587 0.338266 0.546623 2.071837 0.549921 2.517308 1.453534 0.802885 180.000000 -178.552658 179.081238 0.000001 -1.688565 -0.951575 157.492020 -178.636383 179.959656 178.835312 176.966522 179.045807 12.349051 -7.123301 84.028549 179.732574 -179.983658 177.480515 174.740387 -178.930267 -177.672058 34.471348 47.858459 4.006553 0.000010 -0.000006 11.046824 0.000009 0.000010 7.357163 0.000001 -0.000001 -0.000000 14.999985 0.000005 33.487534 179.999985 -179.999985 -152.601120 179.999985 -179.999985 -160.820786 0.000001 -0.000001 -0.000000 179.999985 179.999985 -142.515518 179.999985 -179.999985 -142.515549 179.999985 -179.999985 -155.035355 0.000001 -0.000001 -0.000000 169.999969 179.999985 -147.053925 179.999969 -179.999985 -147.053925 179.999985 -179.999985 -158.057922 0.000001 -0.000001 -0.000000 160.000015 179.999985 -162.618408 180.000000 -180.000000 -153.927597 180.000000 179.999985 -162.635773 174.112030 -178.414597 175.318207 169.055481 -177.019699 100.452087 179.257935 179.315292 -177.963669 6.663958 1.530944 -6.810287 142.120041 125.615662 166.190918 0.000009 -0.000016 -13.289667 179.999985 179.999985 171.149078 0.000000 -0.000000 0.000003 165.000046 179.999985 152.432495 0.000033 0.000001 -22.555235 0.000022 -0.000006 -15.788662 0.000000 -0.000000 0.000003 0.000009 0.000006 -30.717560 0.000008 -0.000000 -30.717604 0.000005 -0.000002 -20.457911 0.000000 -0.000000 0.000003 9.999998 0.000000 -28.139421 0.000001 0.000002 -28.139441 0.000000 0.000000 -18.740866 0.000000 -0.000000 0.000003 19.999975 -0.000003 -24.254881 180.000000 -180.000000 143.617584 0.000002 -0.000001 -24.230650
8.915230 97.053719 76.943634 3.784047 -1.380961 0.036115 177.365692 174.670181 178.533722 10.002730 1.728354 -1.534645 179.748825 -172.697525 179.864136 3.752807 3.464862 0.691578 4.026811 -0.923947 -1.525913 175.516937 -177.183609 179.130051 0.548191 2.110578 0.337177 0.548162 2.067905 0.548092 2.524676 1.450692 0.800586 180.000000 -178.562973 179.071960 180.000000 -178.323486 179.038818 157.531296 -178.642502 179.950104 178.821762 176.963577 179.055359 12.263946 -7.119110 84.037605 179.682648 -179.986237 177.472366 174.754318 -178.888306 -177.725464 34.401031 47.813217 3.908900 0.000005 -0.000000 11.036743 180.000000 -179.999985 -172.649521 180.000000 180.000000 -179.999985 14.999958 0.000009 33.495682 179.999985 -179.999985 -152.594406 179.999985 -179.999985 -160.816101 180.000000 180.000000 -179.999985 179.999969 179.999985 -142.500885 179.999969 -179.999985 -142.500854 179.999985 -179.999985 -155.025589 180.000000 180.000000 -179.999985 169.999954 179.999985 -147.034836 179.999969 -179.999985 -147.034866 179.999985 -179.999985 -158.045212 180.000000 180.000000 -179.999985 160.000000 -179.999985 -162.620728 179.999985 -179.999985 -153.931061 179.999985 -179.999985 -162.638092 174.111420 -178.429382 175.317368 169.076569 -177.012878 100.457962 179.225296 179.278122 -177.960617 6.671609 1.524120 -6.773970 142.178177 125.589951 166.243759 179.999985 179.999985 166.713821 0.000004 -0.000008 -8.848598 0.000001 0.000001 0.000000 165.000015 179.999985 152.547379 0.000003 0.000000 -22.461220 0.000002 -0.000001 -15.722844 0.000001 0.000001 0.000000 0.000001 0.000002 -30.685310 180.000000 180.000000 149.314651 180.000000 180.000000 159.563568 0.000001 0.000001 0.000000 9.999994 0.000003 -28.129295 180.000000 -179.999985 151.870728 180.000000 179.999985 161.265900 0.000001 0.000001 0.000000 19.999992 -0.000002 -24.253258 180.000000 -180.000000 143.620132 180.000000 -180.000000 155.771011
8.931097 97.052299 76.971725 3.746228 -1.377743 0.019616 177.341263 174.598282 178.520355 9.988457 1.585545 -1.527367 179.823608 -172.757935 179.866653 3.801410 3.494441 0.663156 4.034091 -0.935623 -1.490159 175.499512 -177.165771 179.152817 0.550651 2.107081 0.336760 0.550621 2.064472 0.547359 2.536255 1.448043 0.799874 180.000000 -178.571487 179.062729 180.000000 -178.333405 179.029251 157.576614 -178.647217 179.941040 178.814346 176.962723 179.067459 12.163655 -7.115047 84.036850 179.599564 -179.933487 177.458206 174.816483 -178.907440 -177.779816 34.751690 48.033405 4.330043 179.999985 -179.999985 -168.945160 0.000005 0.000001 7.362508 180.000000 180.000000 -180.000000 14.999967 0.000003 33.512859 179.999985 -179.999985 -152.580383 179.999985 -179.999985 -160.806290 180.000000 180.000000 -180.000000 179.999969 179.999985 -142.478943 179.999969 -179.999985 -142.478928 179.999985 -179.999985 -155.010986 180.000000 180.000000 -180.000000 169.999969 179.999985 -147.010010 179.999969 -179.999985 -147.010025 179.999985 -179.999985 -158.028671 180.000000 180.000000 -180.000000 159.999985 179.999985 -162.614517 179.999985 -179.999985 -153.921799 179.999985 -179.999985 -162.631912 174.106796 -178.443802 175.315353 169.091446 -176.998825 100.473000 179.197205 179.248093 -177.963654 6.685248 1.519422 -6.740756 142.196991 125.590416 166.250320 180.000000 179.999985 166.708252 0.000000 0.000000 -8.852300 0.000000 0.000001 0.000000 165.000015 -180.000000 152.566360 180.000000 -180.000000 157.554276 180.000000 180.000000 164.287994 0.000000 0.000001 0.000000 180.000000 -179.999985 149.323547 180.000000 180.000000 149.323532 180.000000 180.000000 159.569458 0.000000 0.000001 0.000000 9.999993 -0.000004 -28.137751 179.999985 -179.999985 151.862244 180.000000 -180.000000 161.260254 0.000000 0.000001 0.000000 19.999996 -0.000003 -24.265596 179.999985 -180.000000 143.601593 179.999985 -180.000000 155.758667
8.948236 97.051033 76.997780 3.708929 -1.372291 0.002148 177.314819 174.560913 178.499573 9.983482 1.489918 -1.504408 179.893524 -172.800507 179.871368 3.840894 3.527269 0.647934 3.950779 -0.951350 -1.463548 175.580872 -177.142899 179.168793 0.553208 2.102104 0.337204 0.553177 2.059578 0.548067 2.548220 1.444189 0.800980 180.000000 -178.579391 179.052628 180.000000 -178.342636 179.018799 157.630600 -178.651276 179.931503 178.790329 176.962891 179.075378 12.078950 -7.111165 84.031349 179.546600 -179.932098 177.453018 174.851990 -178.862061 -177.835892 34.627548 47.942242 4.172839 0.000002 -0.000000 11.046877 180.000000 -179.999985 -172.642792 0.000001 0.000001 0.000003 14.999980 0.000002 33.546383 179.999985 -179.999985 -152.552948 180.000000 -179.999985 -160.787048 0.000001 0.000001 0.000003 179.999985 180.000000 -142.444489 179.999985 -179.999985 -142.444489 180.000000 -179.999985 -154.988037 0.000001 0.000001 0.000003 170.000000 -179.999985 -146.970551 179.999985 -179.999985 -146.970535 179.999985 -179.999985 -158.002380 0.000001 0.000001 0.000003 160.000000 -179.999985 -162.596725 180.000000 180.000000 -153.895065 180.000000 -179.999985 -162.614120 174.106613 -178.459915 175.313095 169.099503 -176.985916 100.488754 179.168839 179.222809 -177.968796 6.698510 1.515335 -6.712333 142.202728 125.602272 166.280518 0.000000 -0.000003 -13.281218 0.000002 0.000002 -8.845288 0.000001 -0.000000 0.000000 165.000000 -179.999985 152.565323 180.000000 -180.000000 157.553467 180.000000 180.000000 164.287430 0.000001 -0.000000 0.000000 180.000000 -179.999985 149.305481 180.000000 -180.000000 149.305496 180.000000 180.000000 159.557449 0.000001 -0.000000 0.000000 9.999993 0.000000 -28.164473 180.000000 -179.999985 151.835556 180.000000 180.000000 161.242477 0.000001 -0.000000 0.000000 20.000002 -0.000007 -24.288118 180.000000 180.000000 143.567810 180.000000 179.999985 155.736160
8.965384 97.050003 77.021255 3.668670 -1.365766 -0.015000 177.316345 174.549561 178.487747 9.969939 1.432015 -1.478564 179.946426 -172.829193 179.874146 3.871584 3.561423 0.642501 3.875876 -0.969995 -1.450236 175.665665 -177.119278 179.184692 0.556861 2.096411 0.338072 0.556832 2.053982 0.549460 2.565275 1.439662 0.803115 180.000000 -178.587158 179.041977 180.000000 -178.351669 179.007767 157.688965 -178.655121 179.921600 178.780853 176.961853 179.081360 11.977777 -7.109616 84.021347 179.496353 -179.934784 177.448547 174.901321 -178.866791 -177.860886 34.633663 47.923065 4.194501 0.000011 0.000011 11.058578 180.000000 179.999985 -172.634964 0.000001 -0.000000 0.000000 14.999995 -0.000003 33.568649 179.999985 -179.999985 -152.534775 180.000000 -179.999985 -160.774353 0.000001 -0.000000 0.000000 179.999985 -180.000000 -142.411377 179.999985 -179.999985 -142.411392 180.000000 -179.999985 -154.966003 0.000001 -0.000000 0.000000 170.000000 179.999985 -146.947845 179.999985 -179.999985 -146.947876 180.000000 -179.999985 -157.987289 0.000001 -0.000000 0.000000 160.000000 179.999985 -162.590714 0.000002 -0.000000 26.113947 180.000000 179.999985 -162.608124 174.109283 -178.469650 175.313095 169.097473 -176.985153 100.502457 179.135681 179.207397 -177.975601 6.712474 1.509737 -6.691755 142.227905 125.606781 166.311829 180.000000 179.999985 166.722000 0.000003 0.000000 -8.843154 180.000000 -180.000000 180.000000 165.000000 -179.999985 152.542267 180.000000 -180.000000 157.534576 180.000000 -180.000000 164.274185 180.000000 -180.000000 180.000000 0.000000 -0.000001 -30.710661 180.000000 180.000000 149.289337 0.000000 0.000000 -20.453302 180.000000 -180.000000 180.000000 9.999999 -0.000005 -28.188274 180.000000 -179.999985 151.811707 0.000002 -0.000001 -18.773388 180.000000 -180.000000 180.000000 20.000002 -0.000006 -24.299904 180.000000 179.999985 143.550110 180.000000 -179.999985 155.724380
8.982009 97.049294 77.041451 3.631050 -1.358657 -0.029249 177.302658 174.546494 178.467331 9.961596 1.370785 -1.449136 0.006446 -7.129703 -0.121256 3.882582 3.592750 0.641523 3.815034 -0.988352 -1.445269 175.754379 -177.099915 179.202469 0.560383 2.090569 0.338846 0.560352 2.048236 0.550701 2.581728 1.435059 0.805022 0.000000 -1.405602 -0.967763 180.000000 -178.360138 178.997681 157.747818 -178.658752 179.912354 178.766830 176.961334 179.084534 11.888243 -7.112308 84.009041 179.447083 -179.951630 177.444229 174.952667 -178.850983 -177.873627 34.647896 47.924614 4.208610 180.000000 -180.000000 -168.940811 0.000000 -0.000000 7.365430 0.000000 0.000001 0.000000 14.999991 -0.000003 33.589878 180.000000 -179.999985 -152.517380 180.000000 -179.999985 -160.762146 0.000000 0.000001 0.000000 179.999985 -180.000000 -142.384949 180.000000 -179.999985 -142.384918 180.000000 -179.999985 -154.948395 0.000000 0.000001 0.000000 170.000000 -179.999985 -146.925735 180.000000 -179.999985 -146.925766 180.000000 -179.999985 -157.972565 0.000000 0.000001 0.000000 160.000000 -179.999985 -162.595551 179.999985 -179.999985 -153.893311 180.000000 -179.999985 -162.612946 174.103073 -178.478516 175.307251 169.100266 -176.989975 100.521461 179.096802 179.201447 -177.981628 6.729423 1.502465 -6.677653 142.258865 125.621933 166.340240 180.000000 180.000000 166.719330 0.000009 -0.000004 -8.844928 0.000000 -0.000000 0.000000 165.000015 179.999985 152.506683 180.000000 180.000000 157.505447 0.000000 -0.000001 -15.746183 0.000000 -0.000000 0.000000 0.000001 -0.000001 -30.714457 180.000000 -180.000000 149.285522 180.000000 180.000000 159.544159 0.000000 -0.000000 0.000000 10.000002 0.000001 -28.203276 180.000000 180.000000 151.796707 180.000000 -180.000000 161.216599 0.000000 -0.000000 0.000000 19.999992 0.000001 -24.314613 180.000000 -180.000000 143.528076 180.000000 -179.999985 155.709702
8.997936 97.049057 77.057060 3.594825 -1.350611 -0.041359 177.283386 174.551453 178.445862 9.931724 1.295782 -1.421199 0.092666 -7.065116 -0.117570 3.871725 3.617022 0.643128 3.766361 -1.004207 -1.448796 175.851318 -177.086395 179.225815 0.564045 2.084312 0.339402 0.564016 2.042077 0.551578 2.598866 1.430174 0.806457 180.000000 -178.602203 179.020752 180.000000 -178.369247 178.985779 157.829987 -178.662537 179.901428 178.756851 176.959778 179.088043 11.807212 -7.120594 83.995789 179.397247 -179.971039 177.436081 175.010101 -178.836624 -177.872726 34.690422 47.940392 4.271831 179.999985 179.999985 -168.930542 179.999985 -179.999985 -172.627747 0.000000 -0.000000 0.000000 14.999993 -0.000002 33.608448 179.999985 -179.999985 -152.502197 180.000000 -179.999985 -160.751541 0.000000 -0.000000 0.000000 179.999985 -179.999985 -142.361298 179.999985 -179.999985 -142.361298 0.000001 -0.000005 25.067379 0.000000 -0.000000 0.000000 170.000000 -179.999985 -146.915436 180.000000 -179.999985 -146.915421 180.000000 -179.999985 -157.965668 0.000000 -0.000000 0.000000 160.000015 179.999985 -162.565598 0.000011 0.000008 26.151615 0.000005 0.000008 17.416983 174.103424 -178.480484 175.304688 169.094635 -177.006851 100.539429 179.051590 179.202805 -177.992310 6.747251 1.492632 -6.664940 142.251755 125.632454 166.339127 0.000000 0.000000 -13.279608 179.999985 180.000000 171.155777 0.000000 -0.000000 0.000000 165.000015 179.999985 152.490997 0.000000 0.000001 -22.507376 180.000000 -180.000000 164.244843 0.000000 -0.000000 0.000000 180.000000 180.000000 149.270126 0.000001 -0.000000 -30.729860 0.000002 0.000002 -20.466089 0.000000 -0.000000 0.000000 10.000001 0.000002 -28.212200 180.000000 -180.000000 151.787796 0.000000 -0.000002 -18.789316 0.000000 -0.000000 0.000000 20.000000 -0.000000 -24.324829 180.000000 180.000000 143.512741 0.000000 0.000000 -24.300516
9.012759 97.049377 77.068748 3.559180 -1.342742 -0.049676 177.254257 174.549698 178.426132 9.956476 1.237311 -1.404605 0.131774 -7.019622 -0.111282 3.838625 3.631673 0.646040 3.710057 -1.012573 -1.453397 175.976837 -177.076324 179.247284 0.567757 2.078407 0.339601 0.567726 2.036271 0.551857 2.616263 1.425594 0.807137 180.000000 -178.608948 179.009262 0.000001 -1.622904 -1.026125 157.916763 -178.665482 179.890732 178.749023 176.958221 179.091324 11.742436 -7.139563 83.978836 179.341049 -179.986252 177.427826 175.074524 -178.815826 -177.859894 34.697556 47.932674 4.295125 0.000002 0.000005 11.079449 0.000003 -0.000002 7.378928 0.000000 -0.000000 0.000000 15.000002 -0.000000 33.626957 180.000000 -179.999985 -152.487061 0.000000 -0.000004 19.259068 0.000000 -0.000000 0.000000 180.000000 -180.000000 -142.340302 180.000000 -179.999985 -142.340302 0.000002 -0.000005 25.081360 0.000000 -0.000000 0.000000 170.000000 180.000000 -146.902237 180.000000 -179.999985 -146.902237 0.000001 -0.000004 22.043119 0.000000 -0.000000 0.000000 160.000015 180.000000 -162.591049 0.000004 0.000001 26.113434 0.000002 0.000003 17.391542 174.100922 -178.485199 175.301041 169.094391 -177.019730 100.557907 179.007080 179.205307 -178.002762 6.763540 1.483863 -6.656677 142.251923 125.641769 166.331818 180.000000 179.999985 166.715118 0.000000 0.000000 -8.847729 0.000000 -0.000000 0.000000 165.000000 180.000000 152.496902 0.000001 0.000000 -22.502512 180.000000 180.000000 164.248230 0.000000 -0.000000 0.000000 0.000001 -0.000001 -30.726805 180.000000 180.000000 149.273178 0.000001 -0.000000 -20.464062 0.000000 -0.000000 0.000000 10.000002 0.000001 -28.196106 0.000002 -0.000001 -28.196104 180.000000 180.000000 161.221390 0.000000 -0.000000 0.000000 20.000006 -0.000002 -24.321754 0.000002 -0.000001 -36.482613 0.000001 0.000002 -24.297434
9.026113 97.050095 77.076942 3.526211 -1.335760 -0.051925 177.243515 174.545395 178.415237 9.962258 1.178385 -1.401369 0.167058 -6.970618 -0.103892 3.785161 3.638951 0.642399 3.741251 -1.011867 -1.454913 176.032852 -177.068878 179.264862 0.571246 2.073541 0.338820 0.571215 2.031496 0.550502 2.632711 1.421924 0.805706 180.000000 -178.614426 178.999115 180.000000 -178.383484 178.963364 158.006241 -178.667740 179.881165 178.742828 176.957611 179.092667 11.698511 -7.168838 83.960182 179.277115 -179.980545 177.419571 175.149628 -178.800812 -177.837631 34.723515 48.016224 4.409189 180.000000 -179.999985 -168.890015 0.000002 -0.000000 7.399264 0.000000 -0.000000 0.000000 15.000006 -0.000003 33.648491 180.000000 -179.999985 -152.469437 180.000000 -180.000000 -160.728607 0.000000 -0.000000 0.000000 180.000000 -179.999985 -142.314453 180.000000 -179.999985 -142.314453 0.000001 -0.000003 25.098568 0.000000 -0.000000 0.000000 170.000000 -180.000000 -146.886703 180.000000 -179.999985 -146.886734 0.000003 -0.000002 22.053455 0.000000 -0.000000 0.000000 160.000015 179.999985 -162.601944 0.000003 -0.000004 26.097084 180.000000 180.000000 -162.619339 174.097290 -178.491867 175.297531 169.096466 -177.029343 100.579781 178.959930 179.208740 -178.016602 6.782126 1.475596 -6.645226 142.247894 125.643829 166.324860 0.000005 -0.000003 -13.286806 0.000001 0.000012 -8.848989 0.000000 0.000001 0.000000 165.000000 -180.000000 152.504166 180.000000 -180.000000 157.503418 0.000000 0.000000 -15.747602 0.000000 0.000001 0.000000 0.000001 0.000002 -30.720743 180.000000 -180.000000 149.279266 0.000000 -0.000001 -20.460007 0.000000 0.000001 0.000000 10.000001 0.000004 -28.189203 180.000000 180.000000 151.810791 180.000000 180.000000 161.225983 0.000000 0.000001 0.000000 20.000002 0.000004 -24.321863 180.000000 179.999985 143.517197 0.000005 0.000003 -24.297541
9.038792 97.051064 77.083061 3.496761 -1.327877 -0.050379 177.193909 174.532181 178.386093 9.988414 1.112518 -1.387458 0.218223 -6.926288 -0.098307 3.716354 3.642915 0.630633 3.787015 -1.007390 -1.445893 176.086151 -177.059708 179.275665 0.574087 2.068620 0.337286 0.574055 2.026662 0.547906 2.646213 1.418391 0.802562 180.000000 -178.618500 178.990341 0.000001 -1.611748 -1.045723 158.098831 -178.669235 179.872726 178.739548 176.957230 179.096115 11.675209 -7.200249 83.938835 179.218719 -179.973328 177.419159 175.206894 -178.794601 -177.819061 34.703136 47.957943 4.339690 180.000000 179.999985 -168.905258 0.000000 0.000003 7.389081 0.000000 -0.000000 0.000000 15.000006 -0.000002 33.659412 0.000002 -0.000000 27.539518 0.000001 -0.000000 19.277660 0.000000 -0.000000 0.000000 180.000000 -179.999985 -142.292358 180.000000 -179.999985 -142.292374 0.000001 -0.000002 25.113274 0.000000 -0.000000 0.000000 170.000000 180.000000 -146.869125 0.000002 -0.000005 33.130890 180.000000 -180.000000 -157.934814 0.000000 -0.000000 0.000000 160.000000 -180.000000 -162.605606 180.000000 -179.999985 -153.908417 0.000003 -0.000002 17.377005 174.093506 -178.502747 175.296753 169.102859 -177.032166 100.602524 178.913727 179.209137 -178.032623 6.800557 1.467186 -6.631270 142.239868 125.643967 166.284317 180.000000 179.999985 166.696594 0.000004 -0.000003 -8.860071 0.000000 -0.000000 0.000000 165.000015 -180.000000 152.494629 180.000000 -180.000000 157.495605 180.000000 -180.000000 164.246918 0.000000 -0.000000 0.000000 0.000000 0.000002 -30.721613 180.000000 -180.000000 149.278381 0.000001 0.000001 -20.460585 0.000000 -0.000000 0.000000 10.000002 0.000002 -28.179365 0.000001 0.000002 -28.179361 0.000000 0.000000 -18.767454 0.000000 -0.000000 0.000000 20.000004 0.000003 -24.288137 0.000004 0.000003 -36.432213 180.000000 179.999985 155.736145
9.051351 97.052017 77.089462 3.467532 -1.318158 -0.046038 177.147766 174.517410 178.357361 10.007350 1.048488 -1.375102 0.272230 -6.888790 -0.094657 3.644066 3.645544 0.611984 3.843546 -1.000082 -1.429915 176.131317 -177.048004 179.282425 0.577211 2.063309 0.335082 0.577180 2.021460 0.544194 2.661115 1.414669 0.797993 0.000001 -1.379335 -1.017236 180.000000 -178.390778 178.946442 158.191544 -178.669464 179.865601 178.733063 176.957367 179.100174 11.671870 -7.228332 83.919205 179.165375 -179.935364 177.411331 175.288528 -178.788727 -177.789886 34.669949 47.952724 4.314616 0.000003 -0.000000 11.097581 179.999985 179.999985 -172.609009 180.000000 180.000000 -180.000000 15.000000 -0.000002 33.667316 0.000000 -0.000001 27.545977 180.000000 -180.000000 -160.717819 180.000000 180.000000 -180.000000 0.000002 -0.000003 37.722610 180.000000 -180.000000 -142.277420 0.000005 -0.000002 25.123257 180.000000 180.000000 -180.000000 170.000000 -180.000000 -146.849518 180.000000 -180.000000 -146.849533 0.000003 -0.000001 22.078228 180.000000 180.000000 -180.000000 160.000015 -179.999985 -162.585495 179.999985 -180.000000 -153.878235 0.000001 -0.000005 17.397089 174.089722 -178.515106 175.299271 169.111404 -177.032822 100.625893 178.867874 179.203430 -178.049591 6.819426 1.462487 -6.616351 142.217529 125.642036 166.249435 180.000000 179.999985 166.689835 180.000000 -179.999985 171.135437 0.000001 0.000001 0.000000 165.000015 179.999985 152.486526 0.000000 0.000000 -22.511032 180.000000 -180.000000 164.242279 0.000001 0.000001 0.000000 0.000001 0.000002 -30.719681 180.000000 180.000000 149.280304 0.000003 0.000000 -20.459301 0.000001 0.000001 0.000000 10.000002 0.000000 -28.169432 180.000000 180.000000 151.830566 180.000000 -180.000000 161.239166 0.000001 0.000001 0.000000 20.000000 0.000005 -24.273344 0.000001 -0.000002 -36.410027 0.000000 -0.000002 -24.249092
9.064254 97.053070 77.095123 3.447224 -1.312257 -0.038555 177.132675 174.505234 178.334015 9.995309 1.003983 -1.364529 0.317838 -6.862688 -0.090501 3.552772 3.651924 0.581733 3.913662 -0.991565 -1.399701 176.173126 -177.034393 179.281677 0.578911 2.059615 0.331975 0.578880 2.017859 0.538995 2.669437 1.412363 0.791352 0.000003 -1.378343 -1.022079 180.000000 -178.391937 178.941422 158.271759 -178.669357 179.860687 178.731186 176.958908 179.107758 11.675954 -7.259367 83.894722 179.093109 -179.887115 177.401016 175.384293 -178.779663 -177.755310 34.640751 47.957344 4.277803 180.000000 179.999985 -168.909012 179.999985 -179.999985 -172.613403 0.000001 -0.000000 0.000003 15.000002 -0.000005 33.655937 0.000002 -0.000001 27.536667 180.000000 -179.999985 -160.724335 0.000001 -0.000000 0.000003 0.000021 0.000025 37.762157 180.000000 179.999969 -142.237869 179.999985 179.999985 -154.850403 0.000001 -0.000000 0.000003 169.999985 -179.999969 -146.846405 0.000004 -0.000046 33.153603 0.000016 -0.000026 22.080297 0.000001 -0.000000 0.000003 160.000000 -179.999969 -162.576035 179.999985 -179.999924 -153.863998 0.000018 -0.000055 17.406555 174.086609 -178.529663 175.304932 169.121231 -177.030792 100.648766 178.816757 179.196121 -178.067810 6.837175 1.457775 -6.598559 142.229996 125.622612 166.216553 179.999985 179.999985 166.670670 0.000002 -0.000008 -8.877333 0.000000 -0.000000 0.000000 165.000015 -179.999985 152.492859 0.000000 0.000000 -22.505840 0.000000 -0.000002 -15.754074 0.000000 -0.000000 0.000000 0.000000 -0.000001 -30.689426 0.000002 -0.000000 -30.689426 0.000002 -0.000001 -20.439146 0.000000 -0.000000 0.000000 10.000001 -0.000001 -28.155216 0.000001 0.000004 -28.155203 180.000000 -180.000000 161.248642 0.000000 -0.000000 0.000000 20.000000 0.000001 -24.267862 180.000000 -180.000000 143.598190 180.000000 179.999985 155.756393
9.076830 97.053398 77.105385 3.410074 -1.293331 -0.030386 177.065613 174.486588 178.292068 10.066639 0.933515 -1.347342 0.348095 -6.835474 -0.083682 3.500616 3.660355 0.557253 3.994240 -0.997248 -1.384673 176.181976 -177.022720 179.291702 0.584230 2.051363 0.329257 0.584200 2.009755 0.534393 2.694683 1.406436 0.785828 180.000000 -178.619766 178.973587 0.000000 -1.610272 -1.063061 158.342026 -178.667068 179.857193 178.728043 176.966019 179.105331 11.693108 -7.252389 83.883026 179.095779 -179.824738 177.409653 175.450150 -178.767578 -177.734253 34.608093 47.950336 4.243403 179.999985 -179.999985 -168.910736 180.000000 -179.999985 -172.614563 0.000000 -0.000000 0.000000 14.999993 -0.000008 33.652832 180.000000 -179.999985 -152.465881 0.000004 -0.000004 19.273907 0.000000 -0.000000 0.000000 179.999969 -179.999939 -142.302383 0.000008 -0.000083 37.697590 0.000042 -0.000041 25.106604 0.000000 -0.000000 0.000000 169.999985 -179.999954 -146.824936 0.000007 -0.000061 33.175030 0.000022 -0.000030 22.094561 0.000000 -0.000000 0.000000 160.000000 -179.999985 -162.523315 0.000001 -0.000012 26.215036 0.000002 -0.000011 17.459208 174.083160 -178.536606 175.315033 169.130753 -177.042587 100.664581 178.767227 179.174561 -178.079117 6.857916 1.454763 -6.583603 142.230530 125.621178 166.210922 180.000000 -180.000000 166.667847 0.000004 0.000012 -8.879222 0.000001 -0.000000 -0.000000 165.000015 -180.000000 152.513077 0.000001 -0.000002 -22.489277 180.000000 -180.000000 164.257507 0.000001 -0.000000 -0.000000 180.000000 -179.999985 149.315262 0.000001 -0.000001 -30.684673 180.000000 -180.000000 159.563965 0.000001 -0.000000 -0.000000 10.000003 0.000001 -28.164452 0.000003 -0.000005 -28.164442 180.000000 180.000000 161.242477 0.000001 -0.000000 -0.000000 20.000002 -0.000001 -24.274240 0.000002 0.000004 -36.411335 180.000000 -180.000000 155.750046
9.088575 97.053360 77.118675 3.371411 -1.274764 -0.023350 177.013992 174.472900 178.260986 10.134521 0.874631 -1.341259 0.366968 -6.813888 -0.076062 3.471261 3.669106 0.550502 4.062817 -1.003556 -1.390784 176.181076 -177.012146 179.308105 0.590493 2.042697 0.326665 0.590461 2.001257 0.529982 2.724322 1.400117 0.780668 180.000000 -178.616776 178.971008 0.000002 -1.613764 -1.065743 158.405334 -178.664276 179.855194 178.725677 176.968750 179.103867 11.703255 -7.238633 83.879501 179.128357 -179.730362 177.408768 175.547256 -178.749786 -177.704346 34.451672 47.997177 4.214758 180.000000 179.999985 -168.865646 0.000008 0.000017 7.415487 0.000000 -0.000000 0.000000 14.999995 -0.000026 33.651722 180.000000 -179.999985 -152.466782 0.000011 -0.000015 19.273239 0.000000 -0.000000 0.000000 179.999985 -179.999954 -142.256500 0.000013 -0.000048 37.743549 0.000027 -0.000021 25.137188 0.000000 -0.000000 0.000000 170.000000 -179.999969 -146.790253 0.000008 -0.000032 33.209740 0.000017 -0.000017 22.117699 0.000000 -0.000000 0.000000 160.000015 179.999985 -162.503540 0.000003 0.000034 26.244698 179.999985 179.999985 -162.521042 174.080734 -178.540039 175.327438 169.136978 -177.064957 100.679115 178.716232 179.150116 -178.087921 6.885107 1.457619 -6.573037 142.206757 125.627724 166.192307 180.000000 179.999985 166.668549 180.000000 179.999985 171.121246 180.000000 180.000000 -180.000000 165.000015 179.999985 152.520065 180.000000 179.999985 157.516418 180.000000 -180.000000 164.261490 180.000000 180.000000 -180.000000 180.000000 179.999985 149.325592 0.000002 0.000002 -30.674400 0.000002 0.000001 -20.429138 180.000000 180.000000 -180.000000 10.000001 0.000000 -28.154358 180.000000 180.000000 151.845642 0.000000 0.000000 -18.750801 180.000000 180.000000 -180.000000 20.000010 -0.000002 -24.267380 179.999985 -179.999985 143.598953 0.000000 -0.000002 -24.243118
9.097643 97.053131 77.132812 3.333331 -1.256213 -0.019140 176.962418 174.471024 178.235275 10.207881 0.839643 -1.329952 0.381503 -6.801330 -0.072281 3.464175 3.680052 0.564507 4.112426 -1.017805 -1.414717 176.177429 -177.007004 179.327637 0.597137 2.034038 0.324646 0.597107 1.992752 0.526517 2.755685 1.393684 0.776788 0.000000 -1.386435 -1.031178 0.000001 -1.617497 -1.068006 158.462158 -178.661377 179.853622 178.722916 176.974823 179.098694 11.714004 -7.222077 83.877068 179.190475 -179.661621 177.433167 175.605972 -178.735153 -177.676697 34.595181 47.966190 4.268044 180.000000 -179.999985 -168.895706 0.000001 -0.000009 7.395445 0.000000 -0.000000 -0.000000 14.999991 -0.000021 33.666653 0.000004 -0.000016 27.545425 0.000004 -0.000007 19.281792 0.000000 -0.000000 -0.000000 179.999985 -179.999969 -142.225967 0.000013 -0.000036 37.774021 0.000021 -0.000014 25.157505 0.000000 -0.000000 -0.000000 170.000000 -179.999985 -146.770142 0.000008 -0.000027 33.229847 0.000015 -0.000012 22.131075 0.000000 -0.000000 -0.000000 160.000015 179.999969 -162.516953 179.999985 179.999969 -153.775467 179.999985 179.999985 -162.534454 174.077576 -178.543015 175.342239 169.142685 -177.087112 100.693344 178.668671 179.121628 -178.093643 6.921333 1.457560 -6.560598 142.401535 125.571815 166.309769 0.000011 0.000010 -13.354441 180.000000 -179.999985 171.105927 0.000000 0.000000 -0.000003 165.000015 180.000000 152.517014 0.000002 0.000003 -22.486071 0.000002 0.000002 -15.740241 0.000000 0.000000 -0.000003 180.000000 179.999985 149.328278 180.000000 179.999985 149.328293 0.000003 0.000004 -20.427370 0.000000 0.000000 -0.000003 9.999997 0.000005 -28.156040 180.000000 179.999985 151.843964 0.000000 -0.000002 -18.751911 0.000000 0.000000 -0.000003 19.999985 0.000003 -24.262274 0.000010 0.000002 -36.393410 180.000000 179.999985 155.761978
9.103484 97.052750 77.147224 3.293864 -1.237157 -0.018401 176.866577 174.459000 178.201324 10.324510 0.790329 -1.311771 0.397599 -6.786322 -0.074353 3.485548 3.684622 0.591689 4.136353 -1.032074 -1.450452 176.172333 -177.007431 179.350937 0.604105 2.025024 0.323521 0.604074 1.983892 0.524536 2.788464 1.386819 0.774855 0.000001 -1.388973 -1.033116 180.000000 -178.379532 178.929993 158.516403 -178.659042 179.852051 178.722626 176.972244 179.094757 11.719082 -7.214884 83.871880 179.265228 -179.607727 177.460968 175.668182 -178.714844 -177.645386 34.606377 47.997082 4.330640 0.000001 0.000010 11.125152 0.000011 0.000006 7.409361 0.000000 0.000000 -0.000003 15.000012 0.000012 33.691334 180.000000 179.999985 -152.434372 180.000000 179.999985 -160.704071 0.000000 0.000000 -0.000003 180.000000 -179.999985 -142.199219 0.000011 -0.000020 37.800808 0.000014 -0.000007 25.175322 0.000000 0.000000 -0.000003 170.000000 -179.999969 -146.758347 0.000014 -0.000025 33.241676 0.000020 -0.000013 22.138941 0.000000 0.000000 -0.000003 160.000000 -179.999985 -162.550125 0.000007 -0.000023 26.174816 0.000006 -0.000015 17.432417 174.074768 -178.547440 175.354660 169.144836 -177.106369 100.711357 178.631332 179.096466 -178.098160 6.948577 1.456488 -6.557146 142.476059 125.579376 166.365326 0.000001 -0.000010 -13.362617 0.000003 0.000000 -8.899508 0.000000 -0.000000 0.000000 165.000015 -179.999985 152.499985 180.000000 -179.999985 157.499969 180.000000 -179.999985 164.249985 0.000000 -0.000000 0.000000 180.000000 179.999985 149.317627 0.000003 0.000016 -30.682402 0.000012 0.000007 -20.434477 0.000000 -0.000000 0.000000 9.999996 0.000022 -28.144630 0.000009 0.000027 -28.144650 0.000013 0.000013 -18.744333 0.000000 -0.000000 0.000000 19.999996 0.000035 -24.248983 0.000014 0.000044 -36.373459 0.000025 0.000023 -24.224733
9.105660 97.052299 77.161636 3.253161 -1.215853 -0.019778 176.807571 174.470932 178.188614 10.382086 0.780750 -1.299021 0.438095 -6.785343 -0.082373 3.532879 3.681649 0.624819 4.135215 -1.038450 -1.488264 176.167282 -177.005569 179.371948 0.611125 2.015931 0.323115 0.611094 1.974950 0.523754 2.821418 1.379778 0.774470 180.000000 -178.608322 178.965393 0.000001 -1.623616 -1.071550 158.569183 -178.656693 179.850815 178.722763 176.973190 179.087219 11.724214 -7.210990 83.872543 179.346344 -179.569519 177.485382 175.724655 -178.696014 -177.600662 34.561440 48.042362 4.307417 0.000005 -0.000000 11.124790 0.000001 -0.000004 7.409104 0.000000 0.000000 0.000000 15.000004 -0.000023 33.670578 0.000005 -0.000016 27.548620 0.000010 -0.000010 19.284042 0.000000 0.000000 0.000000 180.000000 -179.999985 -142.182541 0.000006 -0.000014 37.817406 0.000006 -0.000004 25.186417 0.000000 0.000000 0.000000 170.000000 -179.999985 -146.737183 0.000015 -0.000026 33.262810 0.000017 -0.000009 22.153028 0.000000 0.000000 0.000000 160.000000 179.999924 -162.496414 179.999969 179.999893 -153.744614 179.999954 179.999954 -162.513901 174.074539 -178.552765 175.361816 169.144257 -177.118484 100.735947 178.603882 179.072937 -178.102722 7.056149 1.478137 -6.544795 142.325562 125.580772 166.247269 0.000008 -0.000013 -13.351803 0.000000 -0.000002 -8.892298 0.000000 -0.000000 0.000000 165.000000 -179.999985 152.513962 180.000000 -179.999985 157.511444 180.000000 -179.999985 164.257996 0.000000 -0.000000 0.000000 0.000000 0.000012 -30.698547 0.000004 0.000009 -30.698551 0.000003 0.000004 -20.445242 0.000000 -0.000000 0.000000 10.000001 0.000012 -28.178593 180.000000 179.999985 151.821411 0.000005 0.000003 -18.766935 0.000000 -0.000000 0.000000 19.999987 0.000018 -24.281477 0.000007 0.000028 -36.422237 0.000015 0.000010 -24.257204
9.103086 97.051849 77.174828 3.227257 -1.202612 -0.023185 176.751175 174.482742 178.202225 10.420142 0.779675 -1.306451 0.483059 -6.778728 -0.092392 3.583877 3.677957 0.658141 4.112553 -1.034889 -1.516656 176.166351 -177.005753 179.403442 0.615814 2.008961 0.322939 0.615783 1.968106 0.523400 2.843432 1.374427 0.774383 180.000000 -178.607697 178.964722 0.000002 -1.624357 -1.072255 158.621017 -178.656174 179.849411 178.725784 176.968674 179.086365 11.725639 -7.214943 83.869316 179.408264 -179.550888 177.500290 175.806458 -178.674469 -177.548630 34.529747 48.091358 4.302138 0.000005 0.000018 11.127002 180.000000 179.999985 -172.589417 0.000000 -0.000000 0.000000 15.000021 0.000049 33.721519 179.999985 179.999969 -152.409698 179.999985 179.999985 -160.686768 0.000000 -0.000000 0.000000 180.000000 -179.999985 -142.168503 0.000004 -0.000005 37.831486 0.000003 -0.000000 25.195776 0.000000 -0.000000 0.000000 170.000000 -179.999969 -146.721924 0.000021 -0.000031 33.278076 0.000015 -0.000010 22.163191 0.000000 -0.000000 0.000000 160.000015 -179.999954 -162.604523 0.000025 -0.000057 26.093218 0.000032 -0.000027 17.378086 174.076767 -178.559753 175.370346 169.138306 -177.129227 100.761093 178.579681 179.057648 -178.106857 7.186415 1.506381 -6.539000 142.225708 125.605103 166.231918 180.000000 -179.999985 166.683197 180.000000 -179.999985 171.131012 0.000000 0.000000 -0.000003 165.000015 -179.999985 152.522064 0.000000 -0.000004 -22.481953 180.000000 180.000000 164.262619 0.000000 0.000000 -0.000003 180.000000 179.999985 149.289398 0.000002 0.000003 -30.710590 0.000002 -0.000000 -20.453243 0.000000 0.000000 -0.000003 9.999995 0.000012 -28.179970 0.000005 0.000014 -28.179951 0.000006 0.000004 -18.767845 0.000000 0.000000 -0.000003 19.999996 0.000027 -24.293404 0.000011 0.000038 -36.440098 0.000022 0.000013 -24.269115
9.096625 97.051414 77.186264 3.203449 -1.189740 -0.027470 176.720398 174.504654 178.248810 10.434443 0.806842 -1.343488 0.521629 -6.783217 -0.099684 3.646663 3.669494 0.670222 4.072798 -1.024307 -1.514756 176.169144 -177.002365 179.432083 0.620183 2.002760 0.323097 0.620152 1.962010 0.523604 2.863902 1.369595 0.775002 0.000003 -1.391435 -1.035598 180.000000 -178.376663 178.927414 158.670929 -178.656937 179.847794 178.729233 176.964920 179.084320 11.735622 -7.216635 83.861038 179.484818 -179.538788 177.521515 175.873215 -178.650894 -177.495087 34.535717 48.145123 4.215250 179.999985 -179.999985 -168.928970 180.000000 -179.999985 -172.626694 0.000000 0.000001 0.000000 15.000002 0.000018 33.667538 179.999985 179.999985 -152.453857 179.999985 179.999985 -160.717682 0.000000 0.000001 0.000000 0.000002 -0.000001 37.839684 180.000000 180.000000 -142.160339 0.000000 -0.000000 25.201237 0.000000 0.000001 0.000000 170.000000 179.999985 -146.674927 180.000000 -180.000000 -146.674927 0.000003 -0.000001 22.194500 0.000000 0.000001 0.000000 160.000015 -179.999985 -162.561493 0.000014 -0.000024 26.157787 0.000012 -0.000014 17.421078 174.079987 -178.565857 175.377838 169.130035 -177.136108 100.782448 178.562805 179.047073 -178.108826 7.317883 1.534015 -6.529247 142.126205 125.636169 166.217545 179.999985 179.999985 166.717453 180.000000 -179.999985 171.153824 0.000000 0.000000 -0.000003 165.000015 -179.999985 152.520691 180.000000 -179.999985 157.516922 180.000000 -179.999985 164.261841 0.000000 0.000000 -0.000003 0.000001 -0.000003 -30.715923 180.000000 -179.999985 149.284088 180.000000 -179.999985 159.543182 0.000000 0.000000 -0.000003 10.000001 0.000010 -28.190189 0.000002 0.000007 -28.190193 0.000003 0.000004 -18.774668 0.000000 0.000000 -0.000003 20.000000 0.000005 -24.325081 0.000006 0.000009 -36.487610 0.000003 0.000004 -24.300756
9.087959 97.050812 77.197716 3.184921 -1.178930 -0.032955 176.712616 174.521164 178.298264 10.425841 0.829318 -1.382764 0.555744 -6.785851 -0.105551 3.703394 3.659093 0.667931 4.038545 -1.006599 -1.493295 176.165878 -176.994446 179.454636 0.623768 1.996710 0.323678 0.623737 1.956062 0.524530 2.880668 1.364865 0.776444 180.000000 -178.611267 178.964645 0.000000 -1.620195 -1.072339 158.721298 -178.659286 179.845917 178.729446 176.960114 179.084641 11.745681 -7.214054 83.851028 179.559006 -179.535507 177.540375 175.929642 -178.632019 -177.456940 34.263721 48.132271 4.199414 179.999985 179.999893 -168.816147 179.999985 179.999954 -172.551559 0.000000 -0.000001 0.000000 15.000002 0.000006 33.644230 180.000000 179.999985 -152.472916 180.000000 179.999985 -160.731033 0.000000 -0.000001 0.000000 180.000000 179.999985 -142.151886 180.000000 179.999985 -142.151871 180.000000 180.000000 -154.793167 0.000000 -0.000001 0.000000 170.000000 179.999985 -146.666229 180.000000 179.999985 -146.666229 179.999985 179.999985 -157.799698 0.000000 -0.000001 0.000000 160.000000 179.999985 -162.520615 179.999985 179.999985 -153.780945 179.999985 179.999985 -162.538101 174.082550 -178.572433 175.383148 169.127594 -177.151260 100.813034 178.549774 179.039124 -178.107819 7.442178 1.567012 -6.537187 142.013641 125.660316 166.225540 0.000006 -0.000010 -13.229821 180.000000 179.999985 171.188934 0.000000 -0.000000 0.000000 165.000000 -179.999985 152.531921 180.000000 -179.999985 157.526138 180.000000 -179.999985 164.268311 0.000000 -0.000000 0.000000 0.000001 0.000003 -30.709688 180.000000 180.000000 149.290314 0.000003 0.000001 -20.452644 0.000000 -0.000000 0.000000 10.000004 0.000004 -28.202822 180.000000 180.000000 151.797211 0.000001 0.000002 -18.783052 0.000000 -0.000000 0.000000 20.000002 0.000018 -24.327034 0.000003 0.000013 -36.490562 0.000009 0.000009 -24.302713
9.078269 97.050011 77.209763 3.171685 -1.170322 -0.037713 176.718063 174.533707 178.338669 10.398155 0.848327 -1.409422 0.590134 -6.790036 -0.113273 3.745840 3.653247 0.657122 4.022388 -0.987131 -1.455404 176.154541 -176.980545 179.466415 0.626553 1.991809 0.324554 0.626522 1.951239 0.525960 2.893650 1.360979 0.778472 0.000000 -1.385382 -1.034769 0.000001 -1.616278 -1.071725 158.768173 -178.662247 179.844116 178.729919 176.955582 179.081741 11.752008 -7.211327 83.845390 179.637589 -179.534485 177.560730 175.967392 -178.621323 -177.425018 34.396851 48.190132 4.086279 0.000012 0.000014 11.058662 0.000004 0.000010 7.365059 0.000000 -0.000000 0.000000 15.000000 0.000011 33.631546 180.000000 179.999985 -152.483261 180.000000 179.999985 -160.738281 0.000000 -0.000000 0.000000 0.000001 0.000001 37.830414 180.000000 179.999985 -142.169601 0.000002 -0.000000 25.195045 0.000000 -0.000000 0.000000 170.000000 179.999985 -146.688309 180.000000 179.999985 -146.688278 180.000000 179.999985 -157.814423 0.000000 -0.000000 0.000000 160.000000 179.999985 -162.548538 180.000000 179.999985 -153.822830 180.000000 179.999985 -162.565994 174.085159 -178.579025 175.387634 169.132187 -177.165634 100.840981 178.539749 179.026764 -178.103882 7.562071 1.599587 -6.545781 141.912094 125.691528 166.244171 0.000007 -0.000003 -13.178070 180.000000 -179.999985 171.223404 180.000000 180.000000 -180.000000 165.000000 -179.999985 152.536835 180.000000 -180.000000 157.530136 180.000000 -179.999985 164.271103 180.000000 180.000000 -180.000000 0.000001 -0.000001 -30.712795 180.000000 -180.000000 149.287216 0.000002 -0.000001 -20.454725 180.000000 180.000000 -180.000000 10.000001 0.000001 -28.206884 0.000001 0.000002 -28.206890 180.000000 180.000000 161.214218 180.000000 180.000000 -180.000000 20.000002 0.000005 -24.345098 0.000007 0.000008 -36.517658 0.000006 0.000003 -24.320774
9.069350 97.048912 77.222382 3.162729 -1.164442 -0.043252 176.730606 174.540543 178.360214 10.372337 0.855228 -1.420812 0.611707 -6.790770 -0.115693 3.771237 3.656009 0.642777 4.034789 -0.977372 -1.414145 176.127106 -176.969482 179.476562 0.628537 1.988082 0.325697 0.628505 1.947569 0.527846 2.902850 1.357965 0.781030 0.000001 -1.381338 -1.034462 0.000000 -1.611558 -1.071408 158.815231 -178.665680 179.841949 178.732391 176.951889 179.078201 11.758568 -7.207448 83.837181 179.719879 -179.528625 177.589920 175.960464 -178.616119 -177.416687 34.409199 48.216076 4.042178 0.000004 0.000001 11.026450 180.000000 -179.999985 -172.656372 180.000000 180.000000 -180.000000 15.000004 0.000009 33.610939 180.000000 179.999985 -152.500168 180.000000 179.999985 -160.750107 180.000000 180.000000 -180.000000 0.000001 0.000005 37.816208 0.000002 -0.000000 37.816181 180.000000 180.000000 -154.814423 180.000000 180.000000 -180.000000 170.000000 179.999985 -146.703171 0.000000 0.000001 33.296825 180.000000 180.000000 -157.824326 180.000000 180.000000 -180.000000 160.000000 179.999985 -162.565735 180.000000 179.999985 -153.848633 180.000000 179.999985 -162.583176 174.088623 -178.585220 175.391266 169.144440 -177.179718 100.868881 178.533722 179.011414 -178.099976 7.610064 1.612567 -6.567575 141.893326 125.697678 166.256683 179.999985 179.999985 166.835983 180.000000 -179.999985 171.232758 0.000000 -0.000000 0.000000 165.000000 -179.999985 152.552292 0.000001 -0.000002 -22.457209 180.000000 -180.000000 164.279953 0.000000 -0.000000 0.000000 180.000000 -179.999985 149.288254 0.000000 0.000000 -30.711737 180.000000 180.000000 159.545975 0.000000 -0.000000 0.000000 10.000002 -0.000003 -28.211926 0.000003 0.000002 -28.211927 180.000000 180.000000 161.210846 0.000000 -0.000000 0.000000 20.000004 0.000001 -24.367174 0.000001 0.000002 -36.550751 0.000001 0.000002 -24.342794
9.062364 97.047424 77.236969 3.157879 -1.161844 -0.048479 176.747314 174.539413 178.354889 10.323487 0.863214 -1.394956 0.648301 -6.802388 -0.129144 3.782404 3.670457 0.628941 4.074112 -0.979751 -1.381556 176.082886 -176.959686 179.480820 0.629863 1.986205 0.327121 0.629833 1.945711 0.530201 2.908929 1.356270 0.784187 0.000000 -1.377022 -1.033748 0.000001 -1.606522 -1.070668 158.858871 -178.669418 179.840012 178.732346 176.948746 179.074280 11.766751 -7.205613 83.826874 179.809540 -179.519440 177.625565 175.960098 -178.614807 -177.415970 34.386929 48.207500 4.006671 0.000006 0.000011 11.019899 180.000000 179.999985 -172.660751 0.000000 -0.000000 0.000000 15.000004 0.000003 33.580719 0.000000 -0.000000 27.475126 180.000000 180.000000 -160.767426 0.000000 -0.000000 0.000000 180.000000 179.999985 -142.191193 180.000000 179.999985 -142.191208 180.000000 180.000000 -154.819336 0.000000 -0.000000 0.000000 170.000000 179.999985 -146.705353 0.000002 0.000001 33.294647 180.000000 180.000000 -157.825775 0.000000 -0.000000 0.000000 160.000015 179.999985 -162.578491 180.000000 179.999985 -153.867722 180.000000 179.999985 -162.595901 174.089951 -178.590759 175.394455 169.167130 -177.189301 100.897766 178.535004 178.990280 -178.096573 7.635071 1.622673 -6.590126 141.860397 125.703033 166.237946 179.999985 -179.999985 166.841141 0.000002 0.000002 -8.763803 0.000000 -0.000000 0.000000 165.000000 -179.999985 152.556259 180.000000 -179.999985 157.546051 180.000000 -180.000000 164.282227 0.000000 -0.000000 0.000000 180.000000 -180.000000 149.292145 180.000000 -180.000000 149.292130 0.000002 0.000001 -20.451445 0.000000 -0.000000 0.000000 9.999999 0.000002 -28.210297 180.000000 -179.999985 151.789703 0.000002 0.000000 -18.788052 0.000000 -0.000000 0.000000 20.000002 -0.000000 -24.373587 0.000003 0.000003 -36.560375 0.000001 0.000002 -24.349216
9.057508 97.045540 77.253113 3.157144 -1.161052 -0.051870 176.762268 174.529114 178.324371 10.290199 0.856547 -1.346453 0.668230 -6.809130 -0.143974 3.776971 3.694753 0.622635 4.135154 -0.991285 -1.368142 176.027664 -176.953201 179.489777 0.630534 1.985570 0.328552 0.630503 1.945070 0.532575 2.911925 1.355511 0.787332 0.000001 -1.373291 -1.033809 0.000001 -1.602170 -1.070731 158.898483 -178.672516 179.837906 178.730728 176.947479 179.069260 11.773385 -7.207876 83.816849 179.882233 -179.508179 177.659653 175.962357 -178.617310 -177.422165 34.389481 48.212048 3.973942 0.000009 0.000009 11.001548 180.000000 180.000000 -172.672974 0.000000 -0.000000 0.000000 15.000000 0.000001 33.570656 0.000001 0.000004 27.466890 0.000000 0.000001 19.226828 0.000000 -0.000000 0.000000 0.000000 0.000000 37.798115 180.000000 180.000000 -142.201920 180.000000 180.000000 -154.826462 0.000000 -0.000000 0.000000 170.000000 180.000000 -146.709961 0.000002 0.000001 33.290054 180.000000 -180.000000 -157.828842 0.000000 -0.000000 0.000000 160.000015 179.999985 -162.592285 180.000000 179.999985 -153.888412 180.000000 -180.000000 -162.609680 174.090088 -178.597565 175.396484 169.197067 -177.193283 100.929413 178.542969 178.962204 -178.092560 7.649622 1.632071 -6.617267 141.863495 125.698265 166.238266 0.000005 0.000004 -13.159372 180.000000 -180.000000 171.235855 0.000000 -0.000000 0.000000 165.000015 -180.000000 152.578033 0.000000 -0.000003 -22.436138 0.000001 0.000001 -15.705286 0.000000 -0.000000 0.000000 0.000000 -0.000000 -30.708763 0.000001 0.000001 -30.708763 0.000002 0.000000 -20.452030 0.000000 -0.000000 0.000000 9.999999 0.000001 -28.213114 180.000000 180.000000 151.786880 0.000000 0.000000 -18.789932 0.000000 -0.000000 0.000000 20.000000 0.000004 -24.383783 0.000003 0.000001 -36.575665 180.000000 179.999985 155.640594
9.054169 97.043594 77.268860 3.158062 -1.163368 -0.052572 176.783997 174.520538 178.295197 10.249242 0.849272 -1.308440 0.685448 -6.810218 -0.149963 3.768731 3.726795 0.621352 4.197748 -1.008092 -1.367749 175.972977 -176.948364 179.502457 0.630764 1.987000 0.329537 0.630732 1.946464 0.534200 2.912876 1.356339 0.789541 180.000000 -178.630173 178.965973 0.000001 -1.598139 -1.070957 158.936188 -178.675339 179.835861 178.730576 176.948654 179.063446 11.780603 -7.213920 83.808151 179.955383 -179.496094 177.694092 175.960480 -178.617340 -177.427505 34.420460 48.213329 3.953259 0.000001 -0.000004 10.977450 179.999985 179.999985 -172.689026 0.000000 -0.000000 0.000000 15.000009 -0.000003 33.569733 180.000000 180.000000 -152.533890 0.000002 -0.000004 19.226288 0.000000 -0.000000 0.000000 0.000001 -0.000000 37.783394 180.000000 -180.000000 -142.216644 180.000000 180.000000 -154.836273 0.000000 -0.000000 0.000000 170.000000 -180.000000 -146.717758 0.000000 0.000001 33.282223 180.000000 -180.000000 -157.834045 0.000000 -0.000000 0.000000 160.000000 179.999985 -162.613556 180.000000 180.000000 -153.920334 0.000000 -0.000000 17.369049 174.092514 -178.604172 175.398270 169.224884 -177.188461 100.955208 178.557587 178.932922 -178.090622 7.657957 1.638573 -6.635068 141.861969 125.696014 166.227158 180.000000 180.000000 166.836136 180.000000 179.999985 171.232864 0.000000 -0.000000 0.000000 165.000015 -180.000000 152.579712 0.000000 0.000001 -22.434782 180.000000 -180.000000 164.295639 0.000000 -0.000000 0.000000 180.000000 180.000000 149.291794 180.000000 -180.000000 149.291794 0.000003 0.000000 -20.451662 0.000000 -0.000000 0.000000 10.000001 0.000000 -28.212538 0.000000 -0.000002 -28.212538 180.000000 180.000000 161.210434 0.000000 -0.000000 0.000000 20.000002 -0.000000 -24.384008 0.000001 0.000002 -36.576019 0.000000 0.000000 -24.359627
9.051619 97.041512 77.284119 3.161036 -1.170671 -0.051770 176.799454 174.507309 178.274597 10.220548 0.842863 -1.285168 0.694834 -6.807922 -0.152080 3.763273 3.764472 0.624435 4.248699 -1.026122 -1.375640 175.924454 -176.943832 179.514709 0.630617 1.991236 0.330376 0.630586 1.950614 0.535570 2.912045 1.359216 0.791502 0.000001 -1.366714 -1.034455 180.000000 -178.405502 178.928589 158.969482 -178.677841 179.833878 178.727356 176.953232 179.058258 11.793086 -7.220803 83.796623 0.033117 -0.516383 -2.267861 175.952042 -178.614700 -177.440262 34.310192 48.209496 3.938080 0.000006 0.000005 11.018557 179.999985 -179.999985 -172.661636 0.000000 -0.000000 0.000000 15.000000 0.000001 33.567001 0.000000 0.000001 27.463900 0.000002 0.000001 19.224741 0.000000 -0.000000 0.000000 0.000000 -0.000001 37.788521 0.000002 -0.000002 37.788517 0.000002 -0.000001 25.167141 0.000000 -0.000000 0.000000 170.000000 180.000000 -146.720718 180.000000 -180.000000 -146.720703 0.000002 0.000001 22.164011 0.000000 -0.000000 0.000000 160.000015 180.000000 -162.619446 180.000000 -180.000000 -153.929169 0.000002 0.000001 17.363188 174.094711 -178.609970 175.400955 169.251633 -177.179901 100.980034 178.579224 178.906281 -178.087769 7.662104 1.647241 -6.652437 141.871002 125.696449 166.221603 180.000000 -179.999985 166.829056 0.000005 -0.000005 -8.771854 0.000000 -0.000000 0.000000 165.000015 180.000000 152.585968 0.000000 0.000001 -22.429665 180.000000 -180.000000 164.299210 0.000000 -0.000000 0.000000 0.000001 -0.000000 -30.712496 0.000001 0.000000 -30.712500 180.000000 -180.000000 159.545471 0.000000 -0.000000 0.000000 10.000001 0.000001 -28.219646 0.000000 0.000000 -28.219654 0.000000 0.000000 -18.794291 0.000000 -0.000000 0.000000 19.999998 -0.000001 -24.395350 0.000003 0.000003 -36.593021 180.000000 180.000000 155.629044
9.048425 97.039566 77.298233 3.164407 -1.177638 -0.048335 176.837982 174.504639 178.258423 10.239717 0.839064 -1.279071 0.631419 -6.791413 -0.141942 3.752696 3.802163 0.632196 4.297581 -1.042902 -1.389827 175.883087 -176.939117 179.524384 0.630395 1.995640 0.330657 0.630364 1.954922 0.536009 2.910922 1.362310 0.792252 0.000001 -1.362416 -1.034147 0.000002 -1.589482 -1.071081 159.003830 -178.681458 179.831955 178.733398 176.953018 179.058029 11.793251 -7.232608 83.783859 0.090717 -0.527746 -2.239907 175.978027 -178.611145 -177.445007 34.395332 48.209515 3.952409 179.999985 180.000000 -169.011353 0.000005 0.000005 7.318446 0.000000 -0.000000 0.000000 15.000004 -0.000010 33.571171 0.000004 0.000001 27.467291 0.000004 0.000001 19.227112 0.000000 -0.000000 0.000000 180.000000 -179.999985 -142.204559 0.000000 0.000000 37.795422 0.000007 -0.000002 25.171766 0.000000 -0.000000 0.000000 170.000000 -180.000000 -146.723618 180.000000 179.999985 -146.723618 0.000006 0.000002 22.162066 0.000000 -0.000000 0.000000 160.000015 179.999985 -162.625137 180.000000 179.999985 -153.937683 180.000000 180.000000 -162.642532 174.097321 -178.615494 175.404572 169.277954 -177.167496 101.005562 178.606506 178.873825 -178.084686 7.664718 1.654176 -6.668719 141.888458 125.693352 166.208527 0.000010 -0.000009 -13.185181 0.000000 -0.000002 -8.781320 0.000001 0.000000 0.000003 165.000015 179.999985 152.578903 0.000002 -0.000001 -22.435471 180.000000 -180.000000 164.295181 0.000001 0.000000 0.000003 0.000002 0.000005 -30.718353 0.000001 0.000002 -30.718359 0.000001 -0.000001 -20.458412 0.000001 0.000000 0.000003 10.000004 0.000006 -28.226023 0.000005 0.000007 -28.226019 0.000003 0.000001 -18.798529 0.000001 0.000000 0.000003 20.000002 0.000000 -24.413244 0.000007 0.000006 -36.619896 0.000002 -0.000001 -24.388830
9.043800 97.037979 77.306480 3.171244 -1.195881 -0.042369 176.887665 174.512543 178.253296 10.003209 0.850664 -1.273096 0.810531 -6.776298 -0.139551 3.769809 3.843000 0.641862 4.302721 -1.050268 -1.397451 175.854965 -176.931427 179.521652 0.629973 2.005461 0.330542 0.629940 1.964571 0.535755 2.908824 1.369350 0.792338 0.000002 -1.365110 -1.036526 180.000000 -178.407364 178.926453 159.018234 -178.678833 179.831085 178.729660 176.964630 179.053909 11.799277 -7.231826 83.780724 0.178831 -0.529657 -2.209493 175.963608 -178.605164 -177.451965 34.403500 48.211514 3.956975 180.000000 179.999985 -169.012970 179.999985 -179.999985 -172.682648 0.000000 -0.000000 0.000000 14.999997 -0.000002 33.581081 180.000000 -179.999985 -152.524551 180.000000 180.000000 -160.767197 0.000000 -0.000000 0.000000 0.000003 -0.000008 37.796852 180.000000 -180.000000 -142.203140 0.000005 -0.000001 25.172697 0.000000 -0.000000 0.000000 170.000000 179.999985 -146.721710 180.000000 -179.999985 -146.721695 180.000000 180.000000 -157.836655 0.000000 -0.000000 0.000000 160.000015 -179.999985 -162.633026 0.000001 -0.000009 26.050455 0.000003 0.000006 17.349621 174.098633 -178.622513 175.406998 169.291351 -177.159698 101.027870 178.635025 178.862549 -178.077438 7.658154 1.667678 -6.687499 141.886871 125.694221 166.207733 179.999985 179.999985 166.815018 0.000006 -0.000006 -8.781188 180.000000 -180.000000 -179.999985 165.000015 180.000000 152.585281 180.000000 180.000000 157.569748 0.000000 -0.000001 -15.701160 180.000000 -180.000000 -179.999985 180.000000 180.000000 149.279114 180.000000 180.000000 149.279114 0.000002 0.000002 -20.460115 180.000000 -180.000000 -179.999985 10.000001 0.000013 -28.214323 0.000007 0.000014 -28.214346 0.000010 0.000002 -18.790731 180.000000 -180.000000 -179.999985 19.999998 0.000011 -24.417778 0.000002 0.000010 -36.626652 0.000004 -0.000001 -24.393349
9.040102 97.036224 77.313499 3.180664 -1.219081 -0.033643 176.915115 174.515747 178.240326 9.862302 0.865110 -1.263431 0.913456 -6.761878 -0.136756 3.800149 3.886365 0.645998 4.288534 -1.056923 -1.399610 175.830109 -176.924240 179.513519 0.629406 2.018312 0.330359 0.629376 1.977178 0.535366 2.906017 1.378570 0.792377 0.000000 -1.360020 -1.036090 0.000001 -1.586689 -1.073095 159.031418 -178.683060 179.829468 178.737427 176.963898 179.054291 11.794632 -7.241963 83.767815 0.272609 -0.534234 -2.176861 175.947205 -178.603699 -177.465454 34.407196 48.216946 3.982784 0.000006 0.000008 10.997366 0.000003 -0.000007 7.324275 0.000000 0.000000 0.000003 15.000009 0.000005 33.583580 0.000003 0.000004 27.477468 0.000002 0.000001 19.234221 0.000000 0.000000 0.000003 180.000000 179.999985 -142.187805 179.999985 179.999985 -142.187805 179.999985 180.000000 -154.817078 0.000000 0.000000 0.000003 170.000000 -180.000000 -146.724594 0.000003 -0.000001 33.275414 180.000000 -180.000000 -157.838593 0.000000 0.000000 0.000003 160.000000 -179.999985 -162.632751 0.000004 -0.000004 26.050861 180.000000 -179.999985 -162.650116 174.097061 -178.623779 175.408356 169.298279 -177.158264 101.046356 178.661285 178.863190 -178.068329 7.649261 1.682776 -6.709258 141.878326 125.710709 166.212585 0.000004 0.000007 -13.181224 180.000000 179.999985 171.221313 0.000000 -0.000000 0.000000 165.000015 179.999985 152.589493 0.000003 0.000002 -22.426771 0.000004 0.000002 -15.698729 0.000000 -0.000000 0.000000 0.000005 0.000008 -30.718414 0.000002 0.000002 -30.718431 0.000004 0.000002 -20.458458 0.000000 -0.000000 0.000000 10.000001 0.000007 -28.254011 0.000011 0.000005 -28.253983 0.000004 -0.000001 -18.817163 0.000000 -0.000000 0.000000 20.000004 0.000008 -24.433197 0.000002 0.000004 -36.649803 0.000001 0.000002 -24.408770
9.039414 97.034431 77.319145 3.191671 -1.244436 -0.023460 176.947647 174.520782 178.210999 9.809746 0.874739 -1.254753 0.919280 -6.745578 -0.111981 3.842829 3.931615 0.644287 4.261996 -1.063551 -1.397631 175.804550 -176.918381 179.505493 0.628836 2.031660 0.329559 0.628805 1.990278 0.533946 2.903250 1.388251 0.791103 0.000002 -1.352682 -1.034198 180.000000 -178.421860 178.928864 159.040436 -178.689377 179.828110 178.751938 176.956329 179.061142 11.783388 -7.255861 83.750587 0.351972 -0.537591 -2.149673 175.944000 -178.605179 -177.471573 34.466965 48.241325 4.000096 179.999985 -179.999985 -169.024384 180.000000 179.999985 -172.690262 0.000000 -0.000000 0.000000 15.000016 -0.000000 33.584400 180.000000 180.000000 -152.521896 180.000000 179.999985 -160.765320 0.000000 -0.000000 0.000000 180.000000 -179.999985 -142.216644 0.000006 -0.000005 37.783356 0.000007 0.000000 25.163715 0.000000 -0.000000 0.000000 170.000000 -179.999985 -146.721588 180.000000 180.000000 -146.721573 0.000000 -0.000000 22.163433 0.000000 -0.000000 0.000000 160.000015 180.000000 -162.629883 0.000001 -0.000004 26.055151 0.000005 0.000001 17.352770 174.098267 -178.634796 175.411591 169.294235 -177.153732 101.063683 178.681931 178.876129 -178.058899 7.634562 1.699116 -6.732380 141.863571 125.721542 166.213867 0.000002 -0.000002 -13.175431 179.999985 -179.999985 171.225128 0.000000 0.000001 0.000000 165.000015 179.999985 152.577759 0.000003 0.000001 -22.436382 0.000005 -0.000000 -15.705453 0.000000 0.000001 0.000000 0.000000 0.000001 -30.741886 0.000003 0.000001 -30.741858 0.000002 0.000000 -20.474075 0.000000 0.000001 0.000000 10.000003 0.000008 -28.274593 0.000000 -0.000002 -28.274593 0.000007 -0.000001 -18.830875 0.000000 0.000001 0.000000 20.000013 0.000006 -24.423382 0.000013 0.000010 -36.635040 0.000012 -0.000001 -24.398924
9.042745 97.032173 77.328476 3.203760 -1.274295 -0.013395 176.932602 174.493668 178.172089 9.812540 0.865383 -1.233101 0.917365 -6.740466 -0.098012 3.894569 3.982120 0.639580 4.229162 -1.073387 -1.394983 175.773270 -176.911896 179.499741 0.627976 2.047461 0.329142 0.627944 2.005787 0.533154 2.899059 1.399632 0.790713 0.000001 -1.344441 -1.032015 180.000000 -178.431473 178.931122 159.046417 -178.696487 179.826691 178.756622 176.957245 179.057953 11.789290 -7.267083 83.739349 0.476600 -0.541845 -2.105760 175.893585 -178.607101 -177.491760 34.247334 48.195816 3.925381 179.999985 179.999969 -168.957993 180.000000 179.999985 -172.645996 0.000001 -0.000000 0.000000 15.000008 0.000008 33.586033 180.000000 180.000000 -152.520508 180.000000 180.000000 -160.764374 0.000001 -0.000000 0.000000 180.000000 179.999985 -142.196075 180.000000 179.999985 -142.196075 180.000000 -180.000000 -154.822586 0.000001 -0.000000 0.000000 170.000000 179.999985 -146.719620 180.000000 180.000000 -146.719650 180.000000 -180.000000 -157.835297 0.000001 -0.000000 0.000000 160.000015 -179.999985 -162.640793 0.000007 -0.000021 26.038826 0.000012 -0.000012 17.341854 174.101883 -178.642761 175.412155 169.285965 -177.156296 101.080635 178.694138 178.899109 -178.049774 7.618756 1.716624 -6.757328 141.762482 125.753426 166.103226 179.999985 179.999985 166.811127 180.000000 179.999985 171.216248 180.000000 180.000000 -180.000000 165.000015 179.999985 152.562241 0.000006 -0.000001 -22.449095 0.000002 -0.000001 -15.714361 180.000000 180.000000 -180.000000 0.000006 0.000006 -30.737795 0.000007 0.000001 -30.737770 0.000002 -0.000002 -20.471373 180.000000 180.000000 -180.000000 10.000006 0.000007 -28.293425 0.000006 0.000005 -28.293419 0.000005 -0.000001 -18.843418 180.000000 180.000000 -180.000000 20.000002 0.000003 -24.475487 0.000005 0.000002 -36.713211 0.000004 -0.000003 -24.451021
9.049765 97.029457 77.342484 3.214853 -1.304792 -0.003050 176.883652 174.442856 178.119446 9.798512 0.836585 -1.197541 0.965412 -6.745751 -0.084341 3.953552 4.033793 0.631833 4.193024 -1.085872 -1.393102 175.739182 -176.906418 179.496201 0.627485 2.062784 0.328481 0.627451 2.020825 0.531950 2.896616 1.410684 0.789821 180.000000 -178.665695 178.972260 180.000000 -178.443329 178.935562 159.049271 -178.705551 179.825974 178.763092 176.954239 179.057724 11.798280 -7.281245 83.725082 0.564911 -0.549339 -2.074472 175.873322 -178.605637 -177.496552 34.362469 48.235565 3.960243 0.000006 0.000005 11.002185 180.000000 -179.999985 -172.672531 0.000001 -0.000000 0.000003 15.000004 0.000002 33.575211 180.000000 179.999985 -152.529373 180.000000 -179.999985 -160.770569 0.000001 -0.000000 0.000003 180.000000 179.999985 -142.204071 180.000000 179.999985 -142.204086 0.000000 -0.000000 25.172079 0.000001 -0.000000 0.000003 170.000000 180.000000 -146.724792 180.000000 -180.000000 -146.724792 180.000000 -179.999985 -157.838699 0.000001 -0.000000 0.000003 160.000015 -180.000000 -162.607864 0.000002 0.000001 26.088205 0.000000 -0.000000 17.374744 174.105804 -178.652618 175.410294 169.278336 -177.159744 101.098244 178.702408 178.922165 -178.042053 7.602351 1.732567 -6.781411 141.664688 125.782494 166.058960 0.000001 -0.000010 -13.170002 0.000006 -0.000013 -8.771229 0.000000 -0.000000 0.000000 165.000015 179.999985 152.552979 0.000009 0.000001 -22.456640 0.000007 -0.000004 -15.719643 0.000000 -0.000000 0.000000 0.000007 0.000002 -30.761793 0.000006 -0.000002 -30.761789 0.000007 -0.000004 -20.487326 0.000000 -0.000000 0.000000 10.000010 -0.000000 -28.326824 0.000007 0.000002 -28.326830 0.000007 -0.000002 -18.865679 0.000000 -0.000000 0.000000 20.000010 -0.000001 -24.489569 0.000008 0.000004 -36.734352 0.000002 -0.000003 -24.465103
9.059932 97.026596 77.359268 3.225364 -1.336460 0.008567 176.793350 174.378189 178.054001 10.010980 0.792146 -1.167938 0.828014 -6.743973 -0.057936 4.014138 4.087298 0.622722 4.157578 -1.101929 -1.394059 175.703323 -176.903137 179.495056 0.627038 2.079061 0.327721 0.627004 2.036796 0.530573 2.894381 1.422430 0.788758 180.000000 -178.683029 178.979980 0.000000 -1.536455 -1.056448 159.059509 -178.721161 179.824844 178.777725 176.943039 179.059341 11.805967 -7.308684 83.704361 0.646305 -0.560538 -2.039534 175.852478 -178.603867 -177.506958 34.342911 48.243507 3.949395 180.000000 -179.999985 -168.996185 0.000004 0.000003 7.328535 0.000000 0.000001 0.000000 15.000000 0.000009 33.570320 180.000000 180.000000 -152.533371 180.000000 179.999985 -160.773361 0.000000 0.000001 0.000000 180.000000 180.000000 -142.211090 180.000000 179.999985 -142.211105 0.000001 -0.000001 25.167387 0.000000 0.000001 0.000000 170.000000 179.999985 -146.724594 180.000000 179.999985 -146.724579 180.000000 -180.000000 -157.838577 0.000000 0.000001 0.000000 160.000000 -179.999985 -162.607803 179.999985 179.999985 -153.911697 180.000000 -179.999985 -162.625198 174.113113 -178.661087 175.407211 169.269150 -177.163330 101.115303 178.707413 178.945007 -178.037064 7.583086 1.741812 -6.805892 141.570221 125.819405 165.968384 0.000004 -0.000020 -13.177233 0.000001 0.000004 -8.776042 0.000000 -0.000000 0.000000 165.000015 179.999985 152.494278 0.000009 -0.000002 -22.504690 0.000005 -0.000002 -15.753277 0.000000 -0.000000 0.000000 0.000018 0.000007 -30.762096 0.000021 -0.000002 -30.762070 0.000008 -0.000009 -20.487555 0.000000 -0.000000 0.000000 10.000009 0.000003 -28.364428 0.000009 -0.000001 -28.364395 0.000001 -0.000007 -18.890696 0.000000 -0.000000 0.000000 20.000006 -0.000000 -24.517439 0.000004 -0.000002 -36.776165 0.000001 -0.000003 -24.492916
9.071175 97.023804 77.378609 3.233785 -1.368086 0.018357 176.720108 174.311630 177.996872 10.140632 0.755541 -1.134231 0.759500 -6.753471 -0.041388 4.075516 4.140157 0.616552 4.126120 -1.119071 -1.397480 175.664505 -176.900986 179.497009 0.626985 2.095412 0.326820 0.626953 2.052835 0.528950 2.894006 1.434204 0.787440 0.000001 -1.304413 -1.012336 180.000000 -178.478180 178.951508 159.063507 -178.732880 179.825302 178.781616 176.942734 179.057983 11.826316 -7.330286 83.693085 0.719932 -0.571758 -2.008365 175.831070 -178.601700 -177.515320 34.326382 48.244736 3.937576 179.999985 179.999985 -168.995148 0.000000 0.000003 7.329251 0.000000 0.000000 0.000003 15.000004 -0.000001 33.562569 180.000000 -180.000000 -152.539719 180.000000 -180.000000 -160.777802 0.000000 0.000000 0.000003 180.000000 179.999985 -142.214081 180.000000 180.000000 -142.214066 180.000000 -180.000000 -154.834549 0.000000 0.000000 0.000003 170.000000 -180.000000 -146.733246 180.000000 179.999985 -146.733231 0.000002 0.000001 22.155678 0.000000 0.000000 0.000003 160.000015 179.999985 -162.614304 180.000000 180.000000 -153.921463 0.000002 0.000003 17.368307 174.120712 -178.671890 175.405304 169.265793 -177.162354 101.132744 178.713196 178.962326 -178.036209 7.564266 1.747762 -6.827313 141.383621 125.879456 165.821213 0.000008 -0.000008 -13.173463 180.000000 -179.999985 171.226471 0.000000 0.000000 0.000000 165.000015 179.999985 152.457001 0.000013 -0.000000 -22.535175 0.000007 -0.000007 -15.774626 0.000000 0.000000 0.000000 0.000012 0.000002 -30.863146 0.000007 -0.000003 -30.863199 0.000005 -0.000004 -20.554888 0.000000 0.000000 0.000000 10.000009 0.000001 -28.401062 180.000000 -179.999985 151.598938 0.000005 -0.000001 -18.915115 0.000000 0.000000 0.000000 20.000006 -0.000003 -24.537060 0.000008 0.000004 -36.805584 0.000004 -0.000001 -24.512506
9.081187 97.021347 77.398338 3.241716 -1.399345 0.027822 176.627090 174.254959 177.947693 10.204170 0.733782 -1.097941 0.778902 -6.764856 -0.038028 4.135152 4.192393 0.610779 4.097122 -1.138572 -1.401141 175.624969 -176.899994 179.499039 0.626889 2.111193 0.326049 0.626857 2.068320 0.527549 2.893428 1.445550 0.786373 180.000000 -178.709610 178.996902 180.000000 -178.494553 178.961060 159.070831 -178.746140 179.826126 178.791916 176.937485 179.061478 11.843699 -7.352119 83.678116 0.790966 -0.582931 -1.979444 175.810638 -178.593384 -177.527451 34.317783 48.243439 3.935794 180.000000 179.999985 -168.992065 0.000007 0.000008 7.331294 0.000000 -0.000000 0.000000 15.000000 0.000004 33.560284 180.000000 180.000000 -152.541595 180.000000 180.000000 -160.779099 0.000000 -0.000000 0.000000 180.000000 179.999985 -142.220062 180.000000 180.000000 -142.220062 180.000000 -180.000000 -154.838547 0.000000 -0.000000 0.000000 170.000000 -180.000000 -146.738998 180.000000 180.000000 -146.738998 180.000000 -180.000000 -157.848175 0.000000 -0.000000 0.000000 160.000015 179.999985 -162.617722 180.000000 180.000000 -153.926559 180.000000 179.999985 -162.635117 174.129257 -178.675537 175.400787 169.269669 -177.168701 101.146515 178.719254 178.973190 -178.037170 7.546239 1.747818 -6.845960 141.306290 125.888893 165.768890 0.000066 -0.000068 -13.164909 0.000038 -0.000050 -8.767821 0.000000 -0.000000 0.000000 165.000015 179.999985 152.404205 0.000013 -0.000002 -22.578358 0.000009 -0.000006 -15.804844 0.000000 -0.000000 0.000000 0.000009 0.000004 -30.902422 0.000009 -0.000004 -30.902395 0.000006 -0.000004 -20.581007 0.000000 -0.000000 0.000000 10.000000 0.000003 -28.420958 0.000004 -0.000001 -28.420944 0.000002 -0.000001 -18.928366 0.000000 -0.000000 0.000000 19.999998 0.000006 -24.556250 180.000000 -179.999985 143.165604 0.000000 -0.000002 -24.531706
9.088669 97.019562 77.415176 3.247270 -1.426542 0.035792 176.552368 174.230865 177.933563 10.263786 0.749127 -1.091587 0.786389 -6.779171 -0.032933 4.193132 4.235774 0.604742 4.072382 -1.156014 -1.402363 175.587006 -176.901703 179.499802 0.627489 2.125449 0.325329 0.627455 2.082303 0.526225 2.896110 1.455753 0.785444 180.000000 -178.724747 179.007843 180.000000 -178.512207 178.972397 159.079865 -178.760666 179.827560 178.795914 176.934769 179.066223 11.865996 -7.371295 83.663757 0.856675 -0.592493 -1.951430 175.788239 -178.610031 -177.539673 34.300583 48.255783 3.934308 179.999985 -179.999985 -168.987534 180.000000 -179.999985 -172.665695 0.000000 -0.000000 0.000000 15.000000 0.000000 33.549847 180.000000 -179.999985 -152.550125 180.000000 179.999985 -160.785080 0.000000 -0.000000 0.000000 0.000001 -0.000002 37.765877 0.000001 0.000001 37.765873 180.000000 180.000000 -154.847931 0.000000 -0.000000 0.000000 170.000000 -180.000000 -146.746826 180.000000 179.999985 -146.746826 180.000000 -180.000000 -157.853378 0.000000 -0.000000 0.000000 160.000015 180.000000 -162.630905 0.000004 0.000001 26.053688 180.000000 -180.000000 -162.648270 174.135712 -178.678360 175.399033 169.279800 -177.171921 101.155243 178.730637 178.977203 -178.041000 7.526504 1.742248 -6.865744 141.130890 126.048065 165.438385 0.000016 -0.000017 -13.274863 0.000004 -0.000001 -8.841060 180.000000 180.000000 -180.000000 165.000015 179.999985 152.322906 0.000009 -0.000001 -22.644880 0.000006 -0.000003 -15.851413 180.000000 180.000000 -180.000000 0.000010 0.000003 -30.946968 0.000011 -0.000002 -30.946955 0.000007 -0.000004 -20.610676 180.000000 180.000000 -180.000000 10.000007 0.000000 -28.443224 0.000009 -0.000001 -28.443218 0.000000 -0.000002 -18.943186 180.000000 180.000000 -180.000000 20.000008 -0.000002 -24.553574 0.000003 0.000001 -36.830349 0.000002 0.000000 -24.529005
9.093720 97.018448 77.428589 3.252581 -1.461294 0.043225 176.495483 174.205261 177.922211 10.313809 0.770193 -1.087613 0.787520 -6.790009 -0.031203 4.249806 4.281264 0.598387 4.049030 -1.169664 -1.400597 175.548965 -176.904694 179.500763 0.628223 2.142772 0.324984 0.628190 2.099296 0.525503 2.899342 1.468057 0.785467 180.000000 -178.739731 179.018448 180.000000 -178.529694 178.983383 159.090530 -178.775009 179.828796 178.796021 176.934998 179.068024 11.888626 -7.387209 83.652191 0.918798 -0.595001 -1.923029 175.757370 -178.618851 -177.556824 34.340405 48.309559 3.978923 180.000000 180.000000 -168.992233 180.000000 -179.999985 -172.668839 0.000000 -0.000000 0.000000 15.000004 -0.000001 33.549713 180.000000 180.000000 -152.550247 0.000003 -0.000001 19.214828 0.000000 -0.000000 0.000000 180.000000 180.000000 -142.229874 180.000000 -180.000000 -142.229874 180.000000 -180.000000 -154.845093 0.000000 -0.000000 0.000000 170.000000 180.000000 -146.749435 0.000000 -0.000000 33.250561 180.000000 -180.000000 -157.855133 0.000000 -0.000000 0.000000 160.000015 179.999985 -162.634125 180.000000 -180.000000 -153.951187 180.000000 -180.000000 -162.651505 174.143402 -178.680374 175.395020 169.292877 -177.172806 101.162384 178.745865 178.976593 -178.045731 7.507967 1.734428 -6.882826 141.014969 126.087112 165.281647 0.000003 0.000002 -13.305565 0.000000 -0.000005 -8.861514 0.000000 0.000001 0.000000 165.000015 179.999985 152.279572 0.000009 0.000001 -22.680351 0.000005 -0.000005 -15.876252 0.000000 0.000001 0.000000 0.000009 0.000004 -30.993458 0.000008 -0.000002 -30.993465 0.000005 -0.000003 -20.641636 0.000000 0.000001 0.000000 10.000004 -0.000001 -28.461777 0.000003 0.000001 -28.461763 0.000004 -0.000001 -18.955524 0.000000 0.000001 0.000000 20.000008 0.000003 -24.568310 0.000004 -0.000002 -36.852463 0.000004 -0.000001 -24.543741
9.095819 97.017998 77.438972 3.256579 -1.494027 0.050076 176.483398 174.201920 177.954803 10.324623 0.823050 -1.116869 0.784786 -6.806616 -0.030063 4.306038 4.318177 0.592331 4.028707 -1.177207 -1.395823 175.509567 -176.909042 179.498322 0.629291 2.158751 0.324706 0.629256 2.114967 0.524892 2.904138 1.479355 0.785623 180.000000 -178.756042 179.029922 180.000000 -178.548721 178.995285 159.103699 -178.790604 179.830078 178.792313 176.937424 179.069534 11.915563 -7.398144 83.644188 0.959886 -0.607379 -1.907357 175.739838 -178.627045 -177.566620 34.297001 48.313389 3.962075 0.000002 -0.000000 11.017540 0.000006 0.000006 7.337679 0.000000 -0.000000 0.000000 15.000006 -0.000003 33.547974 180.000000 180.000000 -152.551682 0.000002 -0.000002 19.213835 0.000000 -0.000000 0.000000 180.000000 -180.000000 -142.235031 180.000000 180.000000 -142.235016 180.000000 -180.000000 -154.848526 0.000000 -0.000000 0.000000 170.000000 -180.000000 -146.755920 180.000000 -180.000000 -146.755936 0.000000 0.000001 22.140553 0.000000 -0.000000 0.000000 160.000015 -179.999985 -162.635498 180.000000 179.999985 -153.953232 0.000002 -0.000000 17.347149 174.150345 -178.679413 175.389709 169.312607 -177.175919 101.168320 178.764008 178.970459 -178.050491 7.489831 1.729880 -6.895644 140.937424 126.110153 165.172821 0.000001 0.000004 -13.327557 0.000002 -0.000003 -8.876162 0.000000 -0.000000 0.000000 165.000015 179.999985 152.207367 0.000003 -0.000001 -22.739437 0.000002 -0.000001 -15.917603 0.000000 -0.000000 0.000000 0.000003 0.000002 -31.057802 0.000004 -0.000000 -31.057789 0.000001 -0.000003 -20.684492 0.000000 -0.000000 0.000000 10.000003 0.000001 -28.492048 0.000000 0.000000 -28.492060 180.000000 180.000000 161.024277 0.000000 -0.000000 0.000000 19.999998 -0.000000 -24.595774 0.000003 0.000001 -36.893654 180.000000 -180.000000 155.428818
9.094904 97.018066 77.447433 3.261355 -1.533180 0.058931 176.468475 174.199478 177.995300 10.340691 0.885653 -1.152372 0.778675 -6.823703 -0.032268 4.373888 4.352588 0.582495 4.004309 -1.174626 -1.388373 175.462662 -176.913101 179.500046 0.630773 2.177236 0.324877 0.630737 2.133098 0.524998 2.910788 1.492334 0.786903 180.000000 -178.777542 179.043549 180.000000 -178.573807 179.009399 159.124451 -178.810837 179.830856 178.782715 176.943054 179.065948 11.941640 -7.404319 83.637619 1.015262 -0.599510 -1.883658 175.676682 -178.641693 -177.587006 34.264626 48.311726 3.935987 0.000002 0.000005 11.018869 0.000005 0.000005 7.338558 0.000000 -0.000000 0.000000 15.000002 0.000000 33.536808 0.000002 -0.000001 27.439205 180.000000 -180.000000 -160.792572 0.000000 -0.000000 0.000000 0.000002 -0.000001 37.760006 180.000000 -180.000000 -142.240021 0.000000 0.000000 25.148151 0.000000 -0.000000 0.000000 170.000000 180.000000 -146.761383 180.000000 -179.999985 -146.761414 180.000000 180.000000 -157.863083 0.000000 -0.000000 0.000000 160.000015 180.000000 -162.639420 0.000000 -0.000000 26.040876 0.000002 -0.000000 17.343227 174.158005 -178.679611 175.383423 169.343903 -177.178787 101.167404 178.787872 178.960266 -178.054672 7.463445 1.721112 -6.935305 140.912994 126.098366 165.135498 0.000005 0.000002 -13.332815 180.000000 179.999985 171.120346 180.000000 180.000000 -180.000000 165.000000 -180.000000 152.176254 180.000000 180.000000 157.235138 180.000000 -180.000000 164.064590 180.000000 180.000000 -180.000000 180.000000 -180.000000 148.909302 180.000000 180.000000 148.909286 180.000000 -180.000000 159.293610 180.000000 180.000000 -180.000000 10.000002 -0.000004 -28.506302 0.000001 0.000004 -28.506317 0.000000 0.000000 -18.985203 180.000000 180.000000 -180.000000 20.000002 0.000000 -24.613863 0.000002 -0.000001 -36.920780 180.000000 180.000000 155.410767
